time,mean_auc,sem_auc,sub-101,sub-102,sub-104,sub-105,sub-106,sub-107
-0.1,0.4869633647641863,0.008433638991487233,0.504362922705314,0.4902646502835538,0.4419817265280403,0.4911940768746062,0.4954631379962193,0.4985136741973841
-0.0998,0.4870690355922382,0.008625078306145957,0.5033061594202899,0.488815374921235,0.44086326402016385,0.4941241335853812,0.4965028355387523,0.49880244606760665
-0.0996,0.48777417497523096,0.008348101537640857,0.5019021739130434,0.4865469439193446,0.44339949590422184,0.49593572778827977,0.49903906742281035,0.4998216409036861
-0.0994,0.4882179947721578,0.008684467075915484,0.5050724637681159,0.4854284814114681,0.44261184625078764,0.49593572778827977,0.5001575299306869,0.500101919483608
-0.0992,0.48796721289723405,0.008852581889075391,0.5065368357487923,0.4843257718966604,0.4422180214240705,0.49228103339634527,0.5015752993068683,0.5008663156106675
-0.099,0.4876148562274097,0.008924515448544756,0.5057820048309178,0.48216761184625084,0.44185570258349083,0.4930529300567108,0.5026780088216761,0.5001528792254119
-0.0988,0.4880179599053962,0.009360708065609045,0.5047252415458937,0.48142722117202263,0.44034341524889725,0.49406112161310656,0.5073724007561436,0.5001783590963138
-0.0986,0.48874479265656195,0.009464474053186345,0.505042270531401,0.4818210459987397,0.44065847511027095,0.49595148078134843,0.5095305608065532,0.4994649227110582
-0.0984,0.48953041054390706,0.009576559682159749,0.5072010869565217,0.4810333963453055,0.4417769376181475,0.49810964083175796,0.5120510396975425,0.49701036181416686
-0.0982,0.4901250255458763,0.00935986391742743,0.5071557971014492,0.4798834278512917,0.4442974165091367,0.49776307498424704,0.5131537492123502,0.4984966876167828
-0.098,0.49050535347479984,0.00928157135189296,0.506808574879227,0.477236925015753,0.44684940138626333,0.4992123503465658,0.5156427221172022,0.49728214710378804
-0.0978,0.48977514820413975,0.009497573746585568,0.5079408212560386,0.4767958412098299,0.44569943289224956,0.4991808443604285,0.5164146187775678,0.4926193307287243
-0.0976,0.49143949675795123,0.00978823882084594,0.5061896135265701,0.47597668557025835,0.44747952110901074,0.5025047258979206,0.5218966603654694,0.494589774078478
-0.0974,0.49193406852459526,0.009613996263666843,0.5083182367149759,0.4736925015752994,0.4514650283553875,0.5018273471959672,0.5233931947069943,0.49290810259894685
-0.0972,0.49239392826714967,0.00916080313234906,0.5086201690821257,0.4732514177693761,0.4546943919344676,0.5022054190296157,0.5219281663516069,0.4936640054357058
-0.097,0.49197187274960963,0.009449334916907052,0.5064462560386473,0.4683364839319471,0.456112161310649,0.5058916194076873,0.523062381852552,0.4919823339561747
-0.0968,0.49249198758658913,0.00947272465525691,0.5060537439613526,0.46576874606175167,0.45902646502835537,0.5084751102709515,0.5234247006931317,0.49220315950399185
-0.0966,0.49204788799140564,0.009899500063773879,0.5052838164251208,0.4619565217391305,0.4597511027095148,0.5092470069313169,0.5253150598613737,0.49073382028197726
-0.0964,0.49139007740245905,0.009516783224343173,0.5035024154589371,0.4596880907372401,0.4629804662885948,0.510381222432262,0.5220226843100189,0.48976558518770175
-0.0962,0.4917001116731204,0.009832870694094166,0.5049818840579711,0.4569785759294266,0.4655166981726528,0.5107592942659106,0.5238972904851922,0.48806692712756916
-0.096,0.4926533992186815,0.009974617415039473,0.5075181159420291,0.4554820415879017,0.4702425960932577,0.5126496534341525,0.524653434152489,0.4853745541022592
-0.0958,0.4920664831564727,0.010197331703298226,0.5071557971014493,0.4517013232514178,0.4731726528040328,0.5130277252678009,0.5239287964713296,0.4834126040428061
-0.0956,0.4925384918891129,0.010336382665310626,0.5072010869565217,0.45022054190296157,0.47608695652173916,0.5141461877756774,0.5244013862633901,0.4831747919143877
-0.0954,0.49312728089190094,0.010888008725910283,0.5075332125603864,0.4468651543793321,0.47863894139886576,0.5163673597983617,0.5259294265910522,0.4834295906234075
-0.0952,0.494266510443762,0.01088177424978015,0.5064613526570049,0.4475740390674228,0.48120667926906113,0.518241965973535,0.5273944549464398,0.48472057074910824
-0.095,0.49480186647175217,0.010938026610161945,0.5071859903381644,0.446817895400126,0.4829237555135476,0.5211405166981727,0.5252835538752363,0.48545948700526587
-0.0948,0.49457397470323167,0.010947901500992943,0.5047101449275362,0.44569943289224956,0.48434152488972904,0.5219124133585381,0.5245904221802142,0.48618990997112277
-0.0946,0.4932535533044382,0.01105252970312802,0.5032306763285025,0.44188720856962826,0.48798046628859487,0.5215658475110272,0.5206206679269061,0.48423645320197045
-0.0944,0.49352879915792797,0.010917838729097587,0.5010869565217392,0.4440768746061751,0.48834278512917456,0.524495904221802,0.519927536231884,0.4832427382367929
-0.0942,0.493598340815403,0.01104087999427278,0.4985960144927536,0.4466288594833018,0.48613736609955893,0.5292690611216131,0.5196439823566478,0.48131476133854256
-0.094,0.49331272107500074,0.011699604506336878,0.49467089371980677,0.44363579080025206,0.48796471329552615,0.5310176433522369,0.5222747321991179,0.4803125530830644
-0.0938,0.49281170926563433,0.011772748457081327,0.49430857487922697,0.441351606805293,0.48982356647763076,0.5306553245116572,0.5201638311279142,0.4805673517920842
-0.0936,0.49224354823462835,0.011758178070233985,0.49139492753623193,0.44169817265280403,0.48911468178953993,0.5324669187145558,0.5179899180844361,0.4807966706302021
-0.0934,0.49183937863993804,0.012073929857455826,0.4860356280193237,0.44242281033396347,0.48807498424700696,0.5354442344045369,0.5187460617517329,0.4803125530830644
-0.0932,0.4902173260979931,0.012497363051687123,0.48386171497584546,0.4368620037807184,0.48993383742911145,0.5358065532451166,0.5140516698172652,0.4807881773399014
-0.093,0.4892978193651087,0.012581912399484932,0.48061594202898555,0.43612161310649017,0.4924385633270322,0.5354284814114683,0.5126023944549464,0.4785799218617293
-0.0928,0.4880135331762381,0.0124645602442724,0.47557367149758456,0.43612161310649017,0.49505356017643354,0.5360901071203529,0.5057025834908633,0.479539663665704
-0.0926,0.48805103450481985,0.012853494975905292,0.4733997584541062,0.43684625078764966,0.4961090107120352,0.5401228733459357,0.503528670447385,0.47829964328180735
-0.0924,0.4873274572399136,0.013236682957728367,0.4701539855072463,0.4350031505986137,0.49612476370510394,0.5411783238815375,0.5024574669187145,0.4790470528282656
-0.0922,0.48601080311085504,0.013402003111728449,0.4665458937198067,0.43656269691241345,0.4935727788279774,0.5444234404536863,0.4966603654694392,0.47829964328180735
-0.092,0.4854068284604574,0.013616458767505973,0.4651721014492754,0.43690926275992437,0.4947069943289225,0.5458569628229364,0.4941713925645873,0.4756242568370987
-0.0918,0.48315038208552724,0.013605317706174314,0.46085446859903384,0.4358380592312539,0.4961562696912414,0.5435727788279773,0.48834278512917456,0.4741379310344828
-0.0916,0.4816031013119008,0.013745843158600347,0.45902777777777776,0.436578449905482,0.49584120982986757,0.5446754883427851,0.48106490233144295,0.47243077968404956
-0.0914,0.48003879547310185,0.013495084489146578,0.45721618357487925,0.4388468809073724,0.4925330812854442,0.5439823566477631,0.47670132325141773,0.4709529471717343
-0.0912,0.4776463640792405,0.013373422813302204,0.4528532608695651,0.43809073724007563,0.4962350346565847,0.5391934467548835,0.4690453686200378,0.4704603363342959
-0.091,0.475915632613181,0.013902539824777654,0.45141908212560383,0.43445179584120985,0.49625078764965347,0.539555765595463,0.4643667296786389,0.46944963478851703
-0.0908,0.47392120343382477,0.014052393817462858,0.4467089371980676,0.4360113421550095,0.49259609325771897,0.5399338374291116,0.4600504095778197,0.46822660098522173
-0.0906,0.472960543537755,0.014364902079247835,0.44275362318840583,0.4364051669817265,0.4929741650913674,0.5402961562696913,0.45858538122243225,0.4667487684729064
-0.0904,0.47167161435538985,0.01428359553957176,0.43878321256038644,0.4390044108380593,0.4937775677378702,0.5376969124133586,0.4535601764335223,0.46720740614914213
-0.0902,0.4709244807420068,0.014569571314797814,0.4384359903381642,0.4386893509766856,0.4934467548834278,0.538768115942029,0.4507403906742281,0.46546628163750636
-0.09,0.4699324044465298,0.014513154698145564,0.4351600241545894,0.4387838689350977,0.49343100189035916,0.536531190926276,0.44998424700693135,0.4657040937659249
-0.0898,0.46741318939555115,0.015587863569171901,0.4261624396135265,0.43660995589161944,0.49316320100819155,0.5379804662885949,0.4463453056080655,0.46421776796330894
-0.0896,0.4660341043536382,0.015681251616599903,0.42250905797101446,0.43557025834908636,0.4946439823566478,0.534987397605545,0.44478575929426595,0.4637081705452693
-0.0894,0.464124360166779,0.015824902294653255,0.42219202898550723,0.43566477630749845,0.4924700693131695,0.5346250787649655,0.43831127914303714,0.4614829284864957
-0.0892,0.46371810326259855,0.01555085180979688,0.42362620772946863,0.4363894139886578,0.49434467548834277,0.5317107750472589,0.4357908002520479,0.46044674706981487
-0.089,0.463721895841839,0.0152421238126694,0.42358091787439617,0.44087901701323257,0.49620352867044737,0.5287649653434152,0.4332545683679899,0.4596483777815526
-0.0888,0.4632574398224545,0.01502139081960626,0.4224486714975845,0.44390359168241966,0.49735349716446126,0.5254568367989918,0.4310649023314429,0.45931713945982666
-0.0886,0.4622774097181021,0.015203431128876187,0.4230827294685991,0.44319470699432895,0.4973850031505986,0.5247794580970384,0.42666981726528047,0.45855274333276713
-0.0884,0.4606942999201061,0.01529721641112041,0.41945954106280203,0.44732199117832383,0.49595148078134843,0.52296786389414,0.42337744171392566,0.4550874808900969
-0.0882,0.4597460902567028,0.015289279493606202,0.418070652173913,0.44436042848141144,0.5007403906742282,0.5182419659735349,0.423708254568368,0.4533548496687617
-0.088,0.45837961159707136,0.015587355760757005,0.4141304347826087,0.44513232514177686,0.49966918714555764,0.5182577189666037,0.42295211090107115,0.4501358926448106
-0.0878,0.4579902830541965,0.01565432648140485,0.41440217391304346,0.4492911153119092,0.5000945179584122,0.5178481411468179,0.42181789540012604,0.44448785459487006
-0.0876,0.45628081398857584,0.015628863582624313,0.41118659420289855,0.4496849401386263,0.49862948960302467,0.515611216131065,0.42252678008821676,0.44004586376762356
-0.0874,0.45640545430965423,0.015795532931960864,0.41115640096618356,0.4527410207939509,0.5015122873345936,0.5141619407687461,0.4225267800882168,0.43633429590623407
-0.0872,0.45690642930688335,0.015767436779646204,0.4154287439613526,0.45315059861373663,0.5011499684940138,0.5159735349716446,0.4214398235664776,0.4342959062340751
-0.087,0.45706680027602986,0.015727347796177897,0.41541364734299524,0.4580812854442343,0.4992753623188406,0.5163358538122242,0.42321991178323887,0.4300747409546458
-0.0868,0.4563065100494838,0.015938475651437373,0.4110960144927536,0.46069628229363585,0.500740390674228,0.513421550094518,0.42506301197227475,0.42682181076949216
-0.0866,0.456716831154816,0.015814601074376638,0.414945652173913,0.4666666666666667,0.5004410838059231,0.5116099558916194,0.4247164461247637,0.4219211822660099
-0.0864,0.4567324242260013,0.01662110294361028,0.4120772946859904,0.4692501575299307,0.5022999369880277,0.5134845620667926,0.4258034026465028,0.41747919143876333
-0.0862,0.45688619236882116,0.01664292466882191,0.4120169082125604,0.47180214240705737,0.5034026465028355,0.511672967863894,0.42474795211090105,0.4176745371156786
-0.086,0.457469297752334,0.016588853776372266,0.4120923913043478,0.474054820415879,0.504473850031506,0.5102551984877127,0.42728418399495904,0.41665534227959916
-0.0858,0.45598282012984964,0.016017811580363462,0.41025060386473433,0.4774102079395085,0.5001575299306869,0.5043950850661625,0.4272999369880278,0.416383556989978
-0.0856,0.4543715060097447,0.0158780422299189,0.40848429951690823,0.478528670447385,0.4968651543793321,0.5011027095148077,0.42835538752362956,0.4128928146764056
-0.0854,0.4553061764627669,0.015076591886137563,0.41138285024154586,0.4792533081285444,0.4939193446754883,0.49930686830497795,0.43605860113421546,0.4119160862918295
-0.0852,0.4548111105475379,0.014882968749487776,0.41251509661835756,0.4829237555135476,0.49172967863894146,0.49494328922495273,0.4382955261499685,0.4084593171394598
-0.085,0.45435531716171734,0.014399499246437759,0.41538345410628014,0.48405797101449277,0.4888468809073724,0.4908947700063012,0.44124133585381226,0.4057074910820452
-0.0848,0.45197621718756764,0.013764267881356037,0.41147342995169084,0.4818683049779458,0.48374291115311907,0.4861846250787649,0.44124133585381226,0.407346696110073
-0.0846,0.45358533904363946,0.013810041901853318,0.41290760869565213,0.4856332703213611,0.4811436672967863,0.4876339004410838,0.4478575929426591,0.4063359945642942
-0.0844,0.4533718930192159,0.013712959570172696,0.41157910628019323,0.4870982986767486,0.47747321991178326,0.4869092627599243,0.4503938248267171,0.4067776456599287
-0.0842,0.45489002558598507,0.013529027511050165,0.4141455314009662,0.49384057971014494,0.4719754253308128,0.48627914303717706,0.4544108380592312,0.4086886359775777
-0.084,0.45553748534902966,0.012905176072271478,0.417481884057971,0.494281663516068,0.4712350346565848,0.482703213610586,0.45735664776307505,0.410166468489893
-0.0838,0.45651662490070494,0.012529629034140774,0.4222222222222222,0.49544738500315055,0.47347195967233774,0.47982041587901697,0.45775047258979207,0.4103872940377101
-0.0836,0.455432333997651,0.012536548743296412,0.41834239130434775,0.49625078764965347,0.46945494643982355,0.47655954631379965,0.4606647763074984,0.41132155597078307
-0.0834,0.4576707915950226,0.012171749442901645,0.4194595410628019,0.49779458097038437,0.4668399495904222,0.47767800882167605,0.4675803402646503,0.4166723288602004
-0.0832,0.45800782571919935,0.012077357969264114,0.4223278985507246,0.49899180844360425,0.46172022684310016,0.47770951480781354,0.47088846880907365,0.41640903686087993
-0.083,0.4578641115637774,0.012185584858994543,0.4259359903381643,0.5008979206049149,0.4562224322621297,0.4762759924385634,0.4734562066792691,0.4143961270596229
-0.0828,0.45822056424817026,0.012411848399491167,0.4249698067632851,0.5016225582860743,0.4529458097038438,0.47629174543163205,0.47788279773156894,0.41561066757261766
-0.0826,0.45920204342392235,0.012659376008430524,0.42608695652173917,0.5042218021424071,0.4493226212980466,0.47851291745431634,0.47974165091367366,0.4173263122133514
-0.0824,0.45956578385223157,0.012514267329169155,0.43087258454106286,0.5030875866414619,0.44346250787649655,0.47783553875236295,0.48410522999369887,0.4180312553083064
-0.0822,0.4618160210547018,0.012783627876797122,0.4345410628019323,0.5078292375551354,0.44379332073093886,0.47819785759294264,0.48705103969754243,0.4194836079497197
-0.082,0.46271662212580206,0.012921063996468746,0.43644323671497587,0.5081285444234405,0.4420289855072464,0.4815217391304348,0.4882010081915563,0.41997621878715813
-0.0818,0.4640366961042455,0.012915140916780872,0.4415458937198068,0.5085696282293636,0.4394454946439823,0.4815689981096408,0.49183994959042215,0.42125021233225757
-0.0816,0.4652377128304199,0.012892783780785722,0.44483695652173916,0.509987397605545,0.4386735979836168,0.48089161940768754,0.4940453686200378,0.42299133684389323
-0.0814,0.4652668599409036,0.01273807356352144,0.44779589371980677,0.508049779458097,0.43752362948960305,0.48128544423440456,0.4944391934467549,0.42250721929675555
-0.0812,0.46711014482243307,0.013085298634794289,0.4518266908212561,0.509247006931317,0.4349243856332704,0.4849558916194077,0.49774732199117827,0.4239595719381688
-0.081,0.468349790896953,0.013022742864015252,0.45510265700483093,0.5084436042848142,0.4334751102709514,0.4864209199747952,0.5002678008821676,0.42638865296415834
-0.0808,0.4710070095393035,0.01334360353624648,0.45803140096618356,0.5114209199747952,0.43316005040957783,0.49050094517958415,0.503575929426591,0.42935281127908953
-0.0806,0.4712271831164865,0.01319145432952139,0.4609752415458937,0.5083805923125395,0.4316635160680529,0.4919187145557656,0.5043163201008192,0.4301087141158485
-0.0804,0.4729950256021296,0.013803792114076644,0.4675422705314009,0.5109483301827347,0.4287334593572779,0.4933679899180845,0.5072778827977317,0.4301002208255479
-0.0802,0.4743425634416912,0.014123720033280015,0.4711654589371981,0.510192186515438,0.4283711405166981,0.4981726528040328,0.5087586641461878,0.42939527773059283
-0.08,0.4755252968002981,0.013960244345099057,0.4755283816425121,0.5072306238185255,0.43021424070573405,0.5029143037177064,0.5080812854442345,0.42918294547307634
-0.0798,0.47684050237826997,0.013746052847523442,0.47986111111111107,0.5057025834908633,0.4305923125393825,0.5083963453056081,0.5048361688720856,0.43165449295056907
-0.0796,0.478438830863744,0.014276392423308741,0.4817783816425121,0.5086641461877757,0.42978890989287966,0.5145715185885319,0.5034026465028356,0.4324273823679293
-0.0794,0.4796530350316204,0.014683125051321105,0.4847373188405797,0.5087114051669818,0.42974165091367367,0.5174228103339635,0.5056080655324511,0.43169695940207237
-0.0792,0.4801427460909902,0.015114954256324347,0.48836050724637675,0.5075929426591052,0.4271424070573409,0.5181159420289855,0.5081600504095778,0.43148462714455577
-0.079,0.4812548306592046,0.015305744933132411,0.4905797101449275,0.5057340894770006,0.42862318840579716,0.5243226212980466,0.5067422810333964,0.4315270935960592
-0.0788,0.4822280309321494,0.015116340477858512,0.4902626811594203,0.5035601764335224,0.4303875236294896,0.5264650283553876,0.5089319470699433,0.43376082894513335
-0.0786,0.4841039636450366,0.0156493154698274,0.49246678743961353,0.5068998109640831,0.43473534971644606,0.5300724637681159,0.5107908002520479,0.42965856972991334
-0.0784,0.4853256561931964,0.016033497274332568,0.49424818840579715,0.5088374291115312,0.4350661625708884,0.5344202898550725,0.5096723377441714,0.42970952947171737
-0.0782,0.4864492954798451,0.016096784200922958,0.4982035024154589,0.5089161940768746,0.4362161310649023,0.5365626969124133,0.5085696282293636,0.4302276201800577
-0.078,0.4875688261157551,0.01602446896039641,0.5003774154589372,0.5086483931947069,0.44024889729048516,0.5387681159420289,0.5078134845620668,0.4295566502463054
-0.0778,0.4888422277120286,0.016670151347821866,0.49966787439613525,0.509388783868935,0.4428166351606805,0.545274102079395,0.5085066162570888,0.42739935450993716
-0.0776,0.4906185766816206,0.016730474807496138,0.5014945652173912,0.510192186515438,0.44760554505356015,0.5492596093257719,0.5077347195967233,0.42742483438083917
-0.0774,0.48990390172869464,0.01718232030007971,0.4990187198067633,0.5072148708254569,0.44689666036546943,0.553323881537492,0.5069628229363579,0.4260064549006285
-0.0772,0.48977040642552655,0.017700044832877095,0.4983242753623188,0.5068210459987398,0.4432892249527411,0.5572936357908003,0.50586011342155,0.42703414302700865
-0.077,0.49059363115347443,0.01805029982824686,0.49936594202898554,0.5042533081285444,0.445132325141777,0.5616257088846881,0.5066005040957782,0.4265839986410736
-0.0768,0.49239492290098735,0.018183910045648486,0.49613526570048305,0.5106962822936357,0.4477000630119723,0.5638153749212351,0.5084278512917455,0.4275947001868524
-0.0766,0.4913715797774764,0.018597347072675376,0.4940368357487923,0.5092312539382482,0.44588846880907373,0.5648708254568368,0.5087901701323252,0.4254119245795822
-0.0764,0.4912896835691587,0.01876922784137694,0.4940368357487923,0.5081127914303717,0.445872715816005,0.5663358538122243,0.5084436042848142,0.4249363003227451
-0.0762,0.493190307228528,0.019487183152269914,0.4943236714975846,0.5058601134215501,0.4462980466288595,0.5743698802772526,0.5113579080025205,0.4269322235434007
-0.076,0.4927700855909352,0.020179899677466816,0.49504830917874393,0.5040170132325141,0.44410838059231245,0.5794580970384373,0.5077189666036547,0.4262697468999491
-0.0758,0.49272508380337804,0.0204718013610611,0.4942632850241546,0.5036546943919344,0.4441241335853812,0.5812539382482672,0.5077189666036547,0.4253354849668762
-0.0756,0.4916972081599487,0.02125219645235328,0.4892663043478261,0.4980623818525519,0.4423282923755513,0.5863421550094517,0.5095620667926906,0.4246220485816205
-0.0754,0.49093271850664705,0.021216582472546295,0.48888888888888893,0.4947227473219912,0.44157214870825456,0.5878386893509766,0.5059388783868934,0.42663495838287757
-0.0752,0.4897702316003953,0.02123260522418448,0.48238224637681154,0.4894454946439823,0.4444864524259609,0.5903906742281033,0.5038122243226213,0.4281042976048921
-0.075,0.48993114674249455,0.02160047592930336,0.4830314009661835,0.4902173913043478,0.44157214870825456,0.5925803402646502,0.5030875866414618,0.42909801257006963
-0.0748,0.48914392199886586,0.021185632307150648,0.4825785024154589,0.48616887208569626,0.4405166981726528,0.5903749212350347,0.5034341524889729,0.43179038559537963
-0.0746,0.488942073581525,0.02118951904059775,0.4822010869565217,0.48060806553245117,0.442690611216131,0.5907687460617518,0.5055765595463138,0.4318073721759809
-0.0744,0.48818011928285987,0.021270111823524875,0.4814160628019323,0.477236925015753,0.44117832388153744,0.5908632640201638,0.5055765595463138,0.4328095804314591
-0.0742,0.4868298064288279,0.021255633130852474,0.480600845410628,0.47203843730308764,0.44117832388153744,0.5901228733459357,0.5044580970384374,0.43258026159334123
-0.074,0.485939154334835,0.02114684692895419,0.47869867149758455,0.4697700063011972,0.4419029615626969,0.5883427851291746,0.5055293005671077,0.4313912009512485
-0.0738,0.48499501320233,0.020820283381087584,0.477536231884058,0.46780088216761184,0.4451953371140517,0.5865469439193447,0.502977315689981,0.42991336843893324
-0.0736,0.4847038906885471,0.02115203728702192,0.47462258454106276,0.4655954631379962,0.44807813484562065,0.5890831758034027,0.501890359168242,0.4289536266349584
-0.0734,0.48473223187152886,0.021125484894457314,0.47489432367149753,0.4595148078134845,0.4502678008821676,0.5890831758034027,0.5037177063642091,0.4309155766944114
-0.0732,0.48372514139012207,0.02119787533557548,0.4723128019323671,0.4569470699432892,0.44848771266540643,0.5898865784499054,0.5011342155009452,0.43358246984881943
-0.073,0.48543036986852117,0.020995512986512466,0.4736865942028986,0.45313484562066797,0.4535601764335223,0.590012602394455,0.5051827347195967,0.43700526583998645
-0.0728,0.4863441193021085,0.02061946697280745,0.4775664251207729,0.44862948960302457,0.4583333333333333,0.5885948330182735,0.5054977945809704,0.4394428401562765
-0.0726,0.485934268801203,0.02063196770057033,0.4778985507246377,0.44366729678638944,0.4597983616887208,0.587822936357908,0.5054977945809703,0.4409206726685918
-0.0724,0.4861604998053078,0.01990479363193303,0.47632850241545893,0.44431316950220545,0.46269691241335853,0.584546313799622,0.5054820415879017,0.44359605911330047
-0.0722,0.4863340773562375,0.019683560591095137,0.47764190821256036,0.44278512917454316,0.46411468178954,0.5841682419659735,0.5032608695652174,0.4460336334295906
-0.072,0.48621953389262274,0.019347157464822042,0.47619263285024155,0.4430686830497795,0.46699747952110904,0.5841682419659735,0.4981726528040328,0.44871751316459996
-0.0718,0.48676842091748324,0.018982208920058852,0.4790006038647343,0.4423282923755513,0.46918714555765595,0.5820100819155639,0.4988657844990548,0.44921861729233903
-0.0716,0.4881437243624743,0.01860688517948611,0.48038949275362314,0.4423282923755513,0.4758034026465028,0.5816320100819155,0.497069943289225,0.45163920502802785
-0.0714,0.487512675026418,0.017785730671310056,0.4789100241545894,0.4419029615626968,0.4761499684940138,0.5761499684940139,0.49814114681789545,0.45382198063529816
-0.0712,0.48797798971073236,0.01738343161858667,0.4810084541062801,0.44005986137366093,0.4834120982986768,0.5739130434782609,0.4944549464398236,0.4550195345676915
-0.071,0.4881517860346498,0.016316419281654372,0.47986111111111107,0.4415091367359798,0.48998109640831755,0.5687303087586641,0.4896817895400126,0.45914727365381347
-0.0708,0.4882037814406795,0.01520092271600787,0.4815066425120773,0.4437303087586641,0.490012602394455,0.5628859483301828,0.4895872715816004,0.461499915067097
-0.0706,0.4899242351847981,0.01503283396020272,0.48180857487922707,0.4477473219911783,0.49399810964083174,0.5646975425330812,0.4873818525519849,0.4639120095124851
-0.0704,0.48991056015417,0.014180759140926168,0.48106884057971017,0.45029930686830494,0.4961877756773787,0.5599558916194076,0.4873345935727788,0.4646169526074401
-0.0702,0.4915295484805906,0.013268341255872998,0.4810537439613526,0.4554820415879017,0.5024574669187146,0.5563011972274732,0.48664146187775675,0.4672413793103448
-0.07,0.49460169431671797,0.012772944936029438,0.48467693236714976,0.45879017013232515,0.5116414618777567,0.5548046628859483,0.48522369250157527,0.4724732461355529
-0.0698,0.49635502116909347,0.012028649725660891,0.48428442028985497,0.462822936357908,0.5130907372400756,0.5533396345305609,0.4851291745431632,0.4794632240529982
-0.0696,0.4968445595774969,0.011998600499182686,0.48278985507246375,0.46315374921235036,0.5196439823566478,0.5507876496534342,0.48212035286704474,0.48257176830304066
-0.0694,0.49625904581427543,0.011563274394521813,0.47987620772946854,0.4661468178954002,0.5225897920604915,0.5459829867674859,0.4772526780088217,0.4857057924239851
-0.0692,0.4971705776743241,0.011560020269996864,0.48061594202898555,0.47096723377441707,0.5266540642722116,0.5452110901071203,0.47392879647132957,0.4856463393918804
-0.069,0.49638664032328444,0.011151265546125954,0.4802083333333333,0.47180214240705726,0.5292848141146818,0.5390044108380592,0.47166036546943924,0.4863597757771362
-0.0688,0.49488772673957265,0.011023433142358032,0.4772493961352657,0.47295211090107114,0.530466288594833,0.5334751102709514,0.46688720856962823,0.4882962459656871
-0.0686,0.4953248854722945,0.011601096090397533,0.4753321256038647,0.4755828607435412,0.5355545053560177,0.5323724007561437,0.4631379962192817,0.4899694241549176
-0.0684,0.4962092475595035,0.011698286626035795,0.474320652173913,0.47936357908002514,0.5395557655954631,0.5290642722117201,0.46160995589161935,0.49334126040428056
-0.0682,0.49563264930191075,0.011332667636202696,0.4714221014492754,0.48041902961562705,0.5417769376181475,0.5217548834278513,0.4641304347826087,0.4942925089179548
-0.068,0.4953201297567286,0.011784288578584592,0.4674365942028985,0.4841682419659735,0.5476055450535602,0.5158790170132325,0.46482356647763073,0.49200781382707665
-0.0678,0.49615292469258215,0.012258832222904565,0.46487016908212564,0.4893982356647763,0.5523944549464399,0.5129332073093888,0.4658317580340265,0.49148972311873623
-0.0676,0.49777840862370865,0.012882740046072667,0.4612469806763285,0.4960302457466918,0.5586168872085697,0.5089319470699433,0.46989603024574667,0.49194836079497206
-0.0674,0.4979820607242665,0.013111965025910268,0.4597977053140097,0.49974795211090106,0.5612003780718336,0.504521109010712,0.47315689981096404,0.48946832002717855
-0.0672,0.4972332586904354,0.014793612399652893,0.4529287439613527,0.5060333963453056,0.5681474480151228,0.49828292375551353,0.47052614996849407,0.4874808900968235
-0.067,0.4971171699532839,0.01568751438206262,0.4471769323671498,0.5119722747321991,0.5703371140516698,0.4935097668557026,0.4705103969754253,0.48919653473755725
-0.0668,0.4981916740681919,0.016170541547511783,0.4457427536231885,0.5146030245746692,0.5739918084436042,0.49132010081915556,0.47629174543163205,0.48720061151690175
-0.0666,0.49885897458819795,0.016630587662488833,0.4442783816425121,0.5135475740390675,0.5773629489603026,0.4905954631379962,0.47775677378701953,0.48961270596228984
-0.0664,0.5001046660109475,0.01669720619284728,0.44506340579710146,0.5150913673597983,0.578875236294896,0.48868935097668553,0.48034026465028357,0.4925683709869203
-0.0662,0.5014579127421249,0.01726225417226239,0.44399154589371986,0.5151701323251417,0.583207309388784,0.4893824826717076,0.48248267170762443,0.49451333446577206
-0.066,0.500750688762702,0.017472693727626304,0.4414704106280193,0.5158475110270953,0.5824354127284185,0.48684625078764954,0.4817265280403277,0.49617801936470185
-0.0658,0.4983515429725644,0.018863589012513008,0.43422403381642516,0.5129174543163201,0.5864524259609325,0.4791587901701323,0.4795053560176433,0.4978511975539324
-0.0656,0.4989708539197357,0.019027442622076954,0.43245772946859906,0.5136735979836169,0.5865154379332073,0.476937618147448,0.4834593572778828,0.5007813827076608
-0.0654,0.49829032306937954,0.019863788003203445,0.4281551932367149,0.5140831758034026,0.5886893509766855,0.4725425330812854,0.4845305608065532,0.5017411245116358
-0.0652,0.496754651981528,0.020252572325487675,0.4245320048309179,0.5129647132955262,0.5883112791430372,0.4699747952110901,0.48374291115311907,0.5010022082554781
-0.065,0.4955680276673793,0.02030532511908977,0.4206068840579711,0.5152331442974165,0.5842312539382484,0.46553245116572156,0.4880592312539382,0.49974520129098005
-0.0648,0.4939524157442172,0.02037273919497137,0.418100845410628,0.5096408317580339,0.5830812854442344,0.4629804662885948,0.49065847511027094,0.4992525904535416
-0.0646,0.4913830908082108,0.02132489093411843,0.4116092995169082,0.5074196597353497,0.5830970384373032,0.45570258349086323,0.49100504095778197,0.4994649227110582
-0.0644,0.4902221266719631,0.021669421892045772,0.408756038647343,0.5052299936988028,0.5824039067422809,0.45204788909892885,0.49420289855072463,0.498692033293698
-0.0642,0.4899337665178976,0.022561287936052395,0.4050724637681159,0.5043950850661626,0.5846250787649654,0.4476843100189035,0.4981568998109641,0.4996687616782742
-0.064,0.489603493488079,0.022347130033750412,0.40655193236714976,0.49844045368620044,0.5838846880907373,0.44659735349716445,0.5017643352236926,0.5003821980635298
-0.0638,0.487759414794905,0.022744043621736567,0.4001358695652174,0.49692816635160675,0.579521109010712,0.44371455576559543,0.5068683049779459,0.4993884830983523
-0.0636,0.48746155257534013,0.02288638004192833,0.3980525362318841,0.4917454316320101,0.5781033396345305,0.4440768746061751,0.510192186515438,0.5025989468320027
-0.0634,0.486142917187708,0.023134410650041477,0.39451992753623183,0.48768115942028983,0.5755356017643353,0.44267485822306235,0.5109168241965973,0.5055291319857312
-0.0632,0.4846742935631611,0.02353769747912835,0.3902475845410628,0.4814587271581601,0.5715500945179584,0.4404851921865155,0.5141461877756773,0.5101579751995924
-0.063,0.48426977704985114,0.024191025391781276,0.38710748792270533,0.4799779458097039,0.5700850661625708,0.436877756773787,0.5182104599873976,0.5133599456429421
-0.0628,0.4833809851859368,0.023750355941082813,0.3882548309178744,0.47367674858223063,0.5631379962192817,0.43649968494013863,0.5221802142407058,0.5165364362153898
-0.0626,0.4836241186471981,0.02398136045925356,0.3904438405797101,0.4680844360428481,0.5613264020163831,0.43396345305608064,0.5272369250157529,0.5206896551724138
-0.0624,0.4838136706772444,0.02446542143903068,0.3879981884057971,0.46661940768746063,0.5573881537492124,0.4329867674858224,0.5298361688720856,0.5280533378630882
-0.0622,0.48346854286306656,0.024956790073301684,0.38440519323671496,0.4640044108380592,0.5522526780088216,0.43334908632640207,0.5338374291115311,0.532962459656871
-0.062,0.4835993065049779,0.024830271614617885,0.3881038647342995,0.45584436042848137,0.5471172022684311,0.4347983616887209,0.5378859483301828,0.537846101579752
-0.0618,0.4846428015139761,0.02519908253891399,0.38961352657004833,0.4536231884057971,0.5435255198487713,0.4344833018273472,0.5440768746061752,0.5425343978257177
-0.0616,0.48460847264458246,0.025403176605158142,0.3896437198067633,0.45108695652173914,0.5399338374291116,0.43486137366099553,0.5466603654694391,0.5454645829794462
-0.0614,0.4846609435422635,0.026669051608538497,0.38543176328502415,0.4481884057971014,0.540359168241966,0.43304977945809703,0.5510554505356018,0.5498810939357908
-0.0612,0.4860069992519744,0.027217153477245057,0.3872584541062802,0.4460302457466918,0.5429269061121613,0.4322621298046629,0.5525362318840579,0.5550280278579922
-0.061,0.48587949483142584,0.02746873691225373,0.3880132850241546,0.44374606175173287,0.5379017013232514,0.4315374921235035,0.5536231884057972,0.5604552403601155
-0.0608,0.4863786979774373,0.027563676012592495,0.3895380434782608,0.4433207309388784,0.5327347195967234,0.43193131695022047,0.555119722747322,0.5656276541532189
-0.0606,0.48878658271989045,0.027387473339374177,0.3964824879227053,0.44458097038437305,0.5251260239445494,0.4333333333333333,0.5631695022054191,0.5700271785289621
-0.0604,0.49082501150842917,0.027378249370411657,0.40229468599033813,0.44612476370510395,0.5230466288594833,0.43256143667296787,0.5664618777567737,0.5744606760659079
-0.0602,0.4918164330458816,0.02734258984532847,0.4055253623188405,0.44503780718336483,0.5212350346565847,0.43402646502835546,0.567895400126024,0.5771785289621199
-0.06,0.4944726401442255,0.027117465771877534,0.4109450483091788,0.44617202268431005,0.5194706994328923,0.4384530560806553,0.5675330812854442,0.5842619330728723
-0.0598,0.4948037762058857,0.02671874924582617,0.4149456521739131,0.44689666036546943,0.5150913673597983,0.4392407057340895,0.5654221802142407,0.5872260913878036
-0.0596,0.4953000460136474,0.027263714795839233,0.42000301932367146,0.4446912413358538,0.5114524259609325,0.4353182104599874,0.5686672967863894,0.5916680822150502
-0.0594,0.49722575094707944,0.026852064891889994,0.42219202898550723,0.45066162570888474,0.5066950220541904,0.44021739130434784,0.5657372400756143,0.5978511975539323
-0.0592,0.49684823484476315,0.02787665671712577,0.4194444444444444,0.452583490863264,0.49977945809703844,0.43700378071833645,0.5704946439823567,0.6017835909631392
-0.059,0.4969773850521492,0.027956663623860425,0.418780193236715,0.4522684310018903,0.4968966603654694,0.4403276622558286,0.5683679899180845,0.6052233735349074
-0.0588,0.49715085376477175,0.02787499403632925,0.4205615942028985,0.4534026465028355,0.49576244486452425,0.4396187775677379,0.566603654694392,0.6069560047562426
-0.0586,0.49575599755600414,0.027960779269015537,0.41917270531400963,0.45482041587901706,0.4931789540012603,0.4370982986767486,0.5608380592312538,0.6094275522337353
-0.0584,0.49663494593624985,0.028037457919110807,0.418100845410628,0.45822306238185256,0.4931474480151229,0.4386105860113422,0.5598456206679269,0.6118821131306269
-0.0582,0.4965146748497553,0.028381054190281682,0.42062198067632856,0.4571203528670448,0.4869092627599243,0.4386105860113421,0.5602236925015753,0.6156021742823171
-0.058,0.4982283543058674,0.02816433693032153,0.4267512077294686,0.4582230623818525,0.4861373660995588,0.4393194706994329,0.5613579080025204,0.6175811109223714
-0.0578,0.4999153752894679,0.02745262049097459,0.43648852657004833,0.463768115942029,0.48034026465028357,0.439366729678639,0.5614209199747953,0.6181076949210125
-0.0576,0.5014176476601303,0.027280880529226455,0.440006038647343,0.468588531821046,0.4810333963453056,0.43865784499054816,0.559640831758034,0.6205792423985051
-0.0574,0.5030677340845474,0.02677878436971511,0.44364432367149764,0.4723534971644613,0.48067107750472593,0.44228103339634534,0.5571361058601134,0.622320366910141
-0.0572,0.5031901644137892,0.027311079393461713,0.44337258454106276,0.47307813484562067,0.48101764335223696,0.4401228733459357,0.5550252047889099,0.6265245456089689
-0.057,0.5050473595631209,0.02766788264651409,0.44480676328502416,0.4745589161940769,0.48057655954631373,0.4430686830497795,0.5557971014492754,0.6314761338542552
-0.0568,0.5048396521438955,0.027773187391337693,0.44480676328502416,0.47569313169502203,0.4820730938878386,0.4401701323251418,0.5543005671077503,0.6319942245625956
-0.0566,0.5047723132496245,0.02768208532811657,0.4466183574879228,0.47640201638311275,0.48246691871455577,0.43942974165091364,0.5502362948960302,0.6334805503652114
-0.0564,0.5058418142773524,0.027247078696794002,0.4487620772946861,0.47454316320100814,0.4886105860113421,0.4412570888468809,0.5488815374921235,0.6329964328180736
-0.0562,0.5055609342714772,0.027177152445427222,0.4501358695652174,0.4745274102079395,0.48823251417769375,0.4405954631379962,0.5463768115942029,0.6334975369458128
-0.056,0.5061786846144644,0.026403709121050962,0.4529891304347825,0.4730623818525519,0.4907687460617517,0.44324196597353505,0.5471644612476372,0.629845422116528
-0.0558,0.506023575160761,0.025878120677625273,0.4544233091787439,0.4723377441713925,0.48930371770636427,0.44580970384373025,0.5468336483931946,0.6274333276711398
-0.0556,0.5060176749426625,0.02566883314794713,0.4562198067632851,0.4704788909892879,0.4910838059231254,0.44591997479521106,0.5456836798991809,0.6267198912858841
-0.0554,0.5053453707594158,0.025866428310131744,0.4569293478260869,0.4667926906112161,0.4932419659735349,0.4448172652804033,0.5420762444864525,0.6282147103788007
-0.0552,0.5060459358673808,0.025422224409658085,0.4632699275362319,0.4664303717706364,0.4954316320100819,0.4448172652804033,0.537822936357908,0.6285034822490233
-0.055,0.506200923846607,0.025094830309747945,0.4620621980676328,0.4667926906112161,0.49540012602394456,0.4503308128544424,0.5330970384373032,0.6295226770851028
-0.0548,0.5050697318652851,0.024868031359017568,0.46343599033816424,0.46264965343415254,0.4951165721487083,0.45108695652173914,0.5302457466918715,0.6278834720570748
-0.0546,0.5046062153451546,0.024346935436269118,0.4648097826086956,0.4630592312539383,0.4980623818525519,0.4514650283553875,0.5240390674228104,0.6262018005775437
-0.0544,0.5040028090994244,0.023904980165793784,0.46651570048309177,0.46346880907372395,0.49692816635160675,0.45259924385633266,0.5197385003150599,0.6247664345167318
-0.0542,0.5040411916893817,0.022805595440486198,0.46724033816425115,0.4637996219281663,0.49946439823566474,0.4563327032136105,0.5182577189666036,0.6191523696279939
-0.054,0.5045371438275412,0.022416579779286034,0.46905193236714976,0.46342155009451796,0.5020006301197226,0.4567422810333963,0.5190453686200378,0.616961100730423
-0.0538,0.5043613167781604,0.021851250396995498,0.4693387681159421,0.46450850661625703,0.5034341524889728,0.4607120352867044,0.5124448645242596,0.6157295736368269
-0.0536,0.504380125717495,0.02153890186175945,0.46964070048309176,0.46450850661625703,0.5038437303087586,0.4632955261499685,0.510239445494644,0.6147528452522508
-0.0534,0.5029389841836,0.02080316066559904,0.46782910628019325,0.46450850661625703,0.500945179584121,0.464413988657845,0.510586011342155,0.6093511126210294
-0.0532,0.5025856204295939,0.02036671596595746,0.4699275362318841,0.46074354127284184,0.5020321361058601,0.46843100189035913,0.5072621298046629,0.6071173772719551
-0.053,0.502315069861044,0.019911843733023855,0.469278381642512,0.4588531821045999,0.5071833648393195,0.4677063642091997,0.5083805923125394,0.6024885340580941
-0.0528,0.5024949765165547,0.018880564937082876,0.47181461352657,0.459940138626339,0.5101291745431633,0.46882482671707626,0.5076244486452426,0.5966366570409376
-0.0526,0.5018582859481411,0.018314755907609406,0.47250905797101445,0.4587744171392565,0.511184625078765,0.4692028985507246,0.5071991178323881,0.5922795991166978
-0.0524,0.5033833726081856,0.01756212927736057,0.4782457729468598,0.46063327032136103,0.5137523629489603,0.4728733459357278,0.5042060491493384,0.590589434346866
-0.0522,0.502996751494853,0.016302628050462026,0.4803442028985508,0.46203528670447386,0.5144927536231885,0.47397605545053556,0.5041272841839949,0.5830049261083744
-0.052,0.5004242997756969,0.01579238813115302,0.47095410628019324,0.4615942028985507,0.5130749842470069,0.47684310018903586,0.502977315689981,0.5771020893494139
-0.0518,0.49777279008070985,0.015613775566996467,0.4666364734299517,0.4571833648393195,0.5145872715816006,0.4775834908632639,0.4989287964713295,0.571717343298794
-0.0516,0.4964062498754966,0.015057239810095862,0.4597977053140097,0.46090107120352874,0.5156742281033397,0.4790485192186516,0.49669187145557653,0.5663241039578734
-0.0514,0.49477622417031525,0.01416297480723598,0.45626509661835746,0.46389413988657846,0.5145715185885318,0.4786231884057971,0.49626654064272213,0.5590368608799048
-0.0512,0.4951607344671647,0.013730101828962421,0.4573218599033816,0.46203528670447386,0.5197385003150599,0.4818998109640832,0.49584120982986757,0.5541277390861219
-0.051,0.4934011830373515,0.012881262642721684,0.45662741545893726,0.46389413988657846,0.5179111531190926,0.4815847511027095,0.49213925645872714,0.5482503821980635
-0.0508,0.49285872843634576,0.012359320941441322,0.45552536231884055,0.46501260239445497,0.5211877756773786,0.48339634530560804,0.48988657844990546,0.5421437064718873
-0.0506,0.4919120030769581,0.012061692952294024,0.4533514492753623,0.4654064272211721,0.5226528040327663,0.48267170762444866,0.4905797101449275,0.5368099201630712
-0.0504,0.49206570920963094,0.010701918398929595,0.45665760869565214,0.46918714555765606,0.5244643982356647,0.48374291115311896,0.49125708884688085,0.5270851027688126
-0.0502,0.4923675701638364,0.009627321077608561,0.4620471014492753,0.46928166351606804,0.5229836168872085,0.48561751732829245,0.49188720856962814,0.5223883132325463
-0.05,0.4928610809939144,0.009363727559263915,0.4649456521739131,0.4682262129804663,0.5259136735979837,0.48451480781348455,0.4962822936357908,0.5172838457618482
-0.0498,0.4931268369163447,0.009141084451040931,0.46822161835748793,0.47008506616257095,0.528087586641462,0.48086011342155005,0.4966603654694392,0.514846271445558
-0.0496,0.49325561506284893,0.008833256913490663,0.46964070048309187,0.47522054190296154,0.5320415879017014,0.479820415879017,0.4940453686200378,0.5087650755902836
-0.0494,0.49275380895869025,0.00916704442658727,0.474350845410628,0.4721802142407058,0.5364366729678639,0.4772211720226844,0.49291115311909267,0.503422795991167
-0.0492,0.4924798258674201,0.00931314014413985,0.48051026570048305,0.4725110270951481,0.5389729048519218,0.4745746691871456,0.48735034656584747,0.5009597418039748
-0.049,0.4931917094160197,0.008243607685390935,0.4876962560386474,0.4784499054820415,0.5367832388153749,0.47711090107120346,0.48694076874606174,0.49216918634278917
-0.0488,0.4932521789536861,0.008218830422045596,0.4935839371980677,0.4772526780088217,0.5367989918084436,0.48076559546313796,0.48397920604914935,0.4871326651944964
-0.0486,0.4919853741443931,0.007890315754791375,0.4957125603864734,0.47618147448015125,0.5330182734719596,0.4792533081285445,0.4835696282293636,0.48417700016986576
-0.0484,0.49328523524924556,0.007923315165817577,0.5029438405797102,0.48065532451165716,0.5326244486452426,0.4787964713295526,0.4846250787649654,0.4800662476643451
-0.0482,0.4931405717272072,0.00821211760483794,0.5105223429951691,0.4784183994959042,0.5300409577819786,0.4790957781978576,0.4838846880907372,0.4768812638015968
-0.048,0.4937112192406034,0.008750320245161623,0.515594806763285,0.47969439193446756,0.5299936988027725,0.48049779458097036,0.4857120352867045,0.4707745880754204
-0.0478,0.49409038449320836,0.008730441841326828,0.51887077294686,0.48125393824826723,0.5277567737870197,0.48078134845620674,0.48609010712035283,0.46978936640054353
-0.0476,0.49490370038247217,0.008500819659846968,0.523173309178744,0.48252993068683053,0.523314429741651,0.4832230623818526,0.4879017013232515,0.46927976898250384
-0.0474,0.49486797419422884,0.009681792163340985,0.5304045893719807,0.4825456836798992,0.5228733459357279,0.4813169502205419,0.48791745431632005,0.4641498216409037
-0.0472,0.49443068462139794,0.009882098569611131,0.532548309178744,0.4830970384373031,0.5206836798991807,0.4804505356017644,0.4868777567737871,0.46292678783760827
-0.047,0.49441316094781557,0.01051131282054429,0.5365489130434783,0.4816792690611216,0.5213453056080656,0.4770636420919975,0.4861846250787649,0.4636572108034652
-0.0468,0.49419446396286754,0.010888036513205726,0.5404438405797102,0.48057655954631373,0.517643352236925,0.47994643982356655,0.4858380592312539,0.46071853235943605
-0.0466,0.4928343720510524,0.011848298065360693,0.5454257246376811,0.48029300567107747,0.5143352236925016,0.4770321361058601,0.48360113421550094,0.45631900798369285
-0.0464,0.4934352352675308,0.012510890840779169,0.5526268115942029,0.4793005671077505,0.5092312539382482,0.47649653434152484,0.4861531190926276,0.45680312553083063
-0.0462,0.4929918942885414,0.013424739280446293,0.5580163043478261,0.4797101449275362,0.5081442974165091,0.47351921865154384,0.48251417769376176,0.45604722269407166
-0.046,0.4927623599665565,0.01382235889021569,0.5598882850241547,0.4819943289224953,0.5070258349086327,0.472763074984247,0.48108065532451166,0.45382198063529805
-0.0458,0.49340801333332407,0.014858685143229404,0.5677989130434782,0.4790800252047888,0.5044423440453686,0.4719911783238816,0.4826086956521739,0.45452692373025305
-0.0456,0.49201667046301817,0.01564488121376169,0.57175422705314,0.47649653434152484,0.5018588531821045,0.4697857592942659,0.4778985507246377,0.45430609818243584
-0.0454,0.49158468954969464,0.015237219863540262,0.5709842995169081,0.47846565847511036,0.49595148078134843,0.4672022684310019,0.47840264650283554,0.45850178359096316
-0.0452,0.4921298565603803,0.015458715734557366,0.5738526570048309,0.47887523629489603,0.49223377441713917,0.4693604284814115,0.47874921235034656,0.4597078308136572
-0.045,0.4926073955500712,0.01534270872648365,0.5734752415458937,0.48276622558286075,0.4915091367359798,0.4682892249527411,0.4799306868304978,0.45967385765245455
-0.0448,0.49270810725738245,0.015523685810441029,0.5759661835748793,0.48057655954631384,0.4874291115311909,0.4715500945179584,0.478182104599874,0.4625445897740784
-0.0446,0.4931050825600681,0.015259713551593713,0.5749245169082126,0.4821045998739759,0.48843730308758665,0.473015122873346,0.47644927536231885,0.46369967725496863
-0.0444,0.493263240824318,0.015049122492497475,0.573792270531401,0.4850819155639572,0.48731884057971014,0.47120352867044746,0.4780245746691872,0.46415831493120435
-0.0442,0.49376668017205666,0.014145660661797333,0.5694897342995169,0.4873818525519848,0.4883742911153119,0.47080970384373033,0.47731568998109636,0.4692288092406998
-0.044,0.4951646972444681,0.013643746321786127,0.5680102657004831,0.48930371770636427,0.4905166981726528,0.47047889098928797,0.4795683679899181,0.47311024290810255
-0.0438,0.4954244495366129,0.013566127261428442,0.5673309178743962,0.49188720856962825,0.4896502835538752,0.46687145557655957,0.4810806553245116,0.47572617632070663
-0.0436,0.4961969805698874,0.01341042508321106,0.5673611111111112,0.4934152488972905,0.48933522369250165,0.4683364839319471,0.48185255198487714,0.4768812638015968
-0.0434,0.49831146473864524,0.013903977532180388,0.571286231884058,0.4945967233774417,0.4948172652804034,0.46616257088846885,0.48369565217391297,0.4793103448275862
-0.0432,0.4985627924961212,0.013992513551619989,0.5719957729468599,0.4960775047258979,0.49478575929426594,0.4672180214240706,0.48303402646502835,0.4782656701206047
-0.043,0.500624000360009,0.014067408152221754,0.5744867149758454,0.49680214240705733,0.49883427851291745,0.46981726528040324,0.48240390674228106,0.4813996942415491
-0.0428,0.5020717425089006,0.013675694299056773,0.573701690821256,0.49755828607435415,0.5005986137366099,0.47057340894769994,0.48648393194706985,0.4835145235264142
-0.0426,0.5030123268939827,0.012739828859378417,0.5692783816425121,0.5005671077504725,0.501591052299937,0.47244801512287343,0.48827977315689974,0.4859096313912009
-0.0424,0.50284032260199,0.01233468059932134,0.5663798309178744,0.49962192816635154,0.5041587901701323,0.4721014492753623,0.48572778827977314,0.48905214880244613
-0.0422,0.5040006649829163,0.011643524980880221,0.5652022946859903,0.4973850031505987,0.5041115311909261,0.4780245746691871,0.48823251417769375,0.49104807202310174
-0.042,0.5024057975630412,0.011846377261695594,0.5640851449275364,0.49256458727158153,0.5062854442344045,0.48029300567107747,0.4791902961562696,0.4920163071173772
-0.0418,0.503456380218484,0.011673039723978892,0.5639794685990338,0.49220226843100184,0.5073408947700063,0.4792060491493384,0.48212035286704474,0.4958892474944793
-0.0416,0.5022293289307014,0.011453710107096846,0.5596920289855072,0.4899968494013863,0.511326402016383,0.4758979206049149,0.4810491493383743,0.4954136232376423
-0.0414,0.5019438807077269,0.010892038095492192,0.5542874396135267,0.4944549464398236,0.5146975425330813,0.4748424700693132,0.47919029615626973,0.4941905894343469
-0.0412,0.5012668098637612,0.010404354451296702,0.5506491545893719,0.49245431632010084,0.515752993068683,0.4770951480781348,0.47841839949590426,0.493230847630372
-0.041,0.5009959382064103,0.010175053908841523,0.5477204106280193,0.4925330812854442,0.5179899180844361,0.475945179584121,0.47882797731568993,0.4929590623407508
-0.0408,0.5010833882902674,0.009411477148566895,0.5419685990338164,0.49437618147448015,0.5194864524259609,0.4778197857592943,0.4774102079395085,0.4954391031085442
-0.0406,0.500646617710962,0.008928956692994244,0.5394172705314009,0.4935727788279773,0.5202110901071204,0.48185255198487714,0.47922180214240706,0.4896042126719891
-0.0404,0.4993591255584697,0.00834282896328559,0.5328502415458937,0.4935255198487713,0.5216603654694392,0.4819313169502205,0.47994643982356644,0.48624086971292685
-0.0402,0.49724290588606607,0.007648339202073264,0.5241847826086956,0.4945967233774417,0.5209829867674858,0.4823408947700063,0.47629174543163205,0.48506030236113473
-0.04,0.49528134879292346,0.007062794908342083,0.5198822463768116,0.4907844990548204,0.5184467548834278,0.4827504725897921,0.4784499054820416,0.4813742143706472
-0.0398,0.49407091139305165,0.006737032659122172,0.5151117149758454,0.484436042848141,0.5191713925645873,0.48572778827977314,0.4810333963453056,0.47894513334465766
-0.0396,0.4931559184488215,0.006665891153335773,0.5115036231884058,0.4824826717076244,0.5202583490863264,0.4821045998739761,0.4836326402016383,0.47895362663495833
-0.0394,0.4897476642180623,0.006480151066448195,0.5028532608695653,0.47569313169502203,0.5184467548834278,0.48026149968494014,0.48618462507876503,0.4750467130966537
-0.0392,0.4865824896147628,0.006634974205113954,0.491304347826087,0.4707939508506616,0.5192186515437933,0.4817737870195337,0.4847038437303087,0.47170035671819266
-0.039,0.4845435781431053,0.006437655735674496,0.4865942028985507,0.4674070573408947,0.5155482041587901,0.4844517958412099,0.48396345305608063,0.4692967555631052
-0.0388,0.480815334606649,0.005861197988759827,0.47830615942028987,0.4651228733459357,0.5097038437303087,0.48010396975425335,0.48287649653434156,0.46877866485476466
-0.0386,0.47970959558861964,0.006071121125803909,0.4750905797101449,0.46578449905482044,0.5089634530560806,0.47874921235034656,0.48501890359168237,0.46465092576864286
-0.0384,0.47706820083196905,0.00679522473717229,0.4686443236714976,0.45716761184625077,0.5071361058601134,0.47811909262759916,0.4876339004410838,0.4637081705452693
-0.0382,0.4754011047473574,0.0071824721964496,0.4632850241545894,0.4555135475740391,0.505671077504726,0.4778197857592943,0.48906742281033394,0.4610497706811619
-0.038,0.473839390884387,0.00693535961031927,0.45972222222222225,0.45649023314429743,0.5020478890989288,0.4789697542533081,0.487177063642092,0.458629182945473
-0.0378,0.47317152357639986,0.008117249291660444,0.45615942028985507,0.4526937618147449,0.5060176433522369,0.4743226212980466,0.49190296156269697,0.4579327331408187
-0.0376,0.4712528298405829,0.008346875596162208,0.45268719806763286,0.4518273471959673,0.5027410207939509,0.4722589792060491,0.4937303087586641,0.45427212502123326
-0.0374,0.4687205763617977,0.008213619923298424,0.45095108695652175,0.4506301197227474,0.4969124133585382,0.4667926906112161,0.4952110901071204,0.45182605741464243
-0.0372,0.4671773009382187,0.008561358154741417,0.44923007246376817,0.44940138626339,0.49365154379332077,0.4668399495904222,0.49700693131695023,0.44693392220146083
-0.037,0.4669856720049401,0.009737259071057965,0.4500150966183575,0.4466761184625079,0.49517958412098306,0.46430371770636414,0.5032136105860113,0.44252590453541696
-0.0368,0.46752502624725806,0.010918278007149871,0.44830917874396137,0.445132325141777,0.4991808443604285,0.4658002520478891,0.5076244486452426,0.43910310854425
-0.0366,0.4653676452353237,0.011554123821279304,0.44448973429951694,0.4443289224952741,0.49735349716446126,0.4657687460617518,0.5079395085066162,0.43232546288432144
-0.0364,0.4639822686256881,0.01258651366606552,0.44100241545893726,0.44434467548834283,0.4933207309388784,0.4654536862003781,0.5137996219281663,0.4259724817394258
-0.0362,0.4621930984031734,0.012866046875902442,0.43531099033816434,0.4464555765595463,0.49261184625078763,0.46513862633900444,0.5116099558916194,0.42203159503991844
-0.036,0.4598959282532706,0.013624550280330007,0.43044987922705313,0.4465028355387523,0.4897448015122873,0.46260239445494644,0.5134373030875867,0.4166383556989978
-0.0358,0.4604327180405953,0.014729656679814471,0.4301479468599034,0.45121298046628866,0.49050094517958415,0.46042848141146814,0.519281663516068,0.4110242908102599
-0.0356,0.45996027064702344,0.015009591836193268,0.433756038647343,0.4508349086326403,0.48938248267170764,0.4542848141146818,0.5222117202268431,0.40929165958892477
-0.0354,0.4571783194209695,0.015906403545898732,0.43054045893719806,0.45081915563957153,0.48577504725897924,0.4505671077504726,0.523660995589162,0.4017071513504332
-0.0352,0.457240326520392,0.01652523168147215,0.4302385265700483,0.451543793320731,0.4851134215500945,0.4505198487712665,0.5269691241335853,0.3990572447766265
-0.035,0.4569539162388832,0.016382164601061604,0.42634359903381647,0.4553245116572149,0.4862633900441084,0.4476055450535602,0.5251417769376181,0.4010446747069814
-0.0348,0.4549822403050576,0.01654910084043302,0.423173309178744,0.45600189035916827,0.4844045368620038,0.4454631379962192,0.5229993698802773,0.3978511975539324
-0.0346,0.454163466222078,0.0175990191998913,0.42107487922705317,0.45663201008191556,0.4847195967233774,0.44183994959042217,0.5270163831127914,0.39369797859690847
-0.0344,0.4525288332020005,0.018473322118498215,0.419338768115942,0.4562381852551985,0.483994959042218,0.43453056080655317,0.5302772526780088,0.39079327331408187
-0.0342,0.4542724112490708,0.018775690784612442,0.4197312801932367,0.4610270951480781,0.48586956521739133,0.43413673597983615,0.532844990548204,0.39202480040767795
-0.034,0.4536366920119103,0.01860464020390237,0.421256038647343,0.4621140516698173,0.48585381222432267,0.4311909262759924,0.5303402646502835,0.3910650586037031
-0.0338,0.4538675171186806,0.018991491286563165,0.4194746376811594,0.4643352236925016,0.4869092627599244,0.42964713295526147,0.5317737870195336,0.3910650586037031
-0.0336,0.4535758531264222,0.019020402977031246,0.42267512077294683,0.4635633270321361,0.4865469439193447,0.42707939508506615,0.5317737870195336,0.3898165449295057
-0.0334,0.45359432068475297,0.018961880266971237,0.4230525362318841,0.46172022684310016,0.4850819155639572,0.43037177063642085,0.5324826717076244,0.3888568031255309
-0.0332,0.4542420404741645,0.017921767575238466,0.4259208937198068,0.46537492123503466,0.4872400756143668,0.4325771896660366,0.5244801512287334,0.389859011381009
-0.033,0.45535255940230907,0.01794862818073008,0.4287892512077295,0.46981726528040324,0.48358538122243216,0.43109640831758034,0.5274732199117832,0.3913538304739256
-0.0328,0.4569587577689107,0.01750153554061565,0.4291968599033817,0.47166036546943924,0.4882640201638312,0.4343100189035917,0.524495904221802,0.39382537795141837
-0.0326,0.4590475757018388,0.016717399319771994,0.4328049516908212,0.47545683679899187,0.4919187145557656,0.4376023944549464,0.5197385003150599,0.39676405639544754
-0.0324,0.4600286843962303,0.016620745580698808,0.4353562801932367,0.4758664146187776,0.4944864524259609,0.44122558286074354,0.51794265910523,0.395294717173433
-0.0322,0.46224179682799066,0.015917134024671147,0.4428894927536232,0.4766383112791431,0.49667611846250787,0.44262759924385636,0.5161310649023314,0.3984881943264821
-0.032,0.4645421658615434,0.015738590699808687,0.4467844202898551,0.47819785759294275,0.4992281033396345,0.4429269061121614,0.5179584120982986,0.40215729573636827
-0.0318,0.4660800253854118,0.015142330958351298,0.4489583333333333,0.4793635790800252,0.5043320730938878,0.4450693131695022,0.5131852551984878,0.40557159843723456
-0.0316,0.4686719952117893,0.014705851618517918,0.4518115942028985,0.48344360428481414,0.5036231884057971,0.44977945809703834,0.5146345305608065,0.4087395957193817
-0.0314,0.4691371801709507,0.014173946919530207,0.4554045893719807,0.4871455576559546,0.5040012602394455,0.45080340264650276,0.5084908632640202,0.4089774078478003
-0.0312,0.47059880958238187,0.014173257025520278,0.4636473429951691,0.48561751732829234,0.5091367359798361,0.4537334593572779,0.5044423440453686,0.40701545778834725
-0.031,0.4712152944129242,0.013750325136321184,0.46906702898550723,0.4856490233144298,0.5069943289224952,0.4563484562066793,0.5022684310018903,0.4069644980465433
-0.0308,0.4733429891029772,0.013712974036153193,0.47546799516908206,0.48640516698172653,0.5099716446124762,0.4595778197857593,0.5008979206049149,0.4077373874639035
-0.0306,0.47494165235404834,0.013134989665456218,0.4826841787439613,0.4874606175173283,0.5103182104599873,0.46354757403906743,0.49544738500315066,0.410191948360795
-0.0304,0.47560419444542856,0.012784313136917927,0.48766606280193237,0.48716131064902335,0.5088531821045998,0.4660207939508506,0.49251732829237554,0.41140648887378967
-0.0302,0.4762341508828413,0.012572980128780373,0.4934178743961352,0.48528670447385,0.5073251417769375,0.46668241965973534,0.49180844360428483,0.412884321386105
-0.03,0.47793440875645093,0.012726952566951047,0.49987922705314014,0.48711405166981725,0.5072936357908003,0.46918714555765606,0.4907214870825457,0.413410905384746
-0.0298,0.4785699234734802,0.012395243050438341,0.5059933574879227,0.4856017643352237,0.5054977945809703,0.4709514807813484,0.48705103969754254,0.4163241039578732
-0.0296,0.4814049163061254,0.012624550147071275,0.5174365942028984,0.4856332703213611,0.5058601134215501,0.47498424700693126,0.4845305608065532,0.4199847120774588
-0.0294,0.4833613510489407,0.012796817965402245,0.5238375603864734,0.48752362948960304,0.5062381852551985,0.4778985507246377,0.48201008191556394,0.42266009852216746
-0.0292,0.48430614747836565,0.013183804343084752,0.5274154589371981,0.4879332073093887,0.5062696912413358,0.4778197857592943,0.48423125393824823,0.422167487684729
-0.029,0.48656452668560535,0.013504712894100141,0.5334993961352656,0.48935097668557026,0.5081127914303718,0.48108065532451166,0.48279773156899813,0.4245456089689146
-0.0288,0.4861552583219111,0.01347508195624416,0.53743961352657,0.48525519848771276,0.5073566477630749,0.47733144297416513,0.4813169502205419,0.4282316969594021
-0.0286,0.48877431599043053,0.01413276093856785,0.5452898550724636,0.492296786389414,0.5069628229363579,0.4787334593572778,0.4794580970384373,0.42990487514863257
-0.0284,0.48741659720712566,0.014093010707512496,0.5452445652173912,0.49319470699432894,0.5022211720226843,0.47804032766225574,0.4761657214870826,0.4296330898590114
-0.0282,0.48768869858682784,0.014686146197556604,0.5498641304347827,0.4924700693131695,0.5051354757403906,0.4768273471959672,0.47027410207939513,0.4315610667572618
-0.028,0.4874266605044078,0.01480348593042304,0.5494716183574879,0.4950535601764335,0.504773156899811,0.4761184625078765,0.46810018903591677,0.4310429760489214
-0.0278,0.4886971968676725,0.0145744585369533,0.5508605072463768,0.49941713925645875,0.5004095778197859,0.4797258979206049,0.46806868304977944,0.4337013759130287
-0.0276,0.4888425217259769,0.014563650982893375,0.5519323671497585,0.5008979206049149,0.49899180844360436,0.4782608695652174,0.4673597983616887,0.4356123662306778
-0.0274,0.48843001770366096,0.014580938742212921,0.5507548309178744,0.5030718336483931,0.49935412728418405,0.47567737870195337,0.4658632640201638,0.43585867164939696
-0.0272,0.4892601678890927,0.014559261942976515,0.5496980676328502,0.5061436672967864,0.5007561436672968,0.47895400126023946,0.4636578449905482,0.4363512824868354
-0.027,0.4892511842038929,0.01445894365291362,0.5504528985507247,0.5038909892879648,0.5025519848771267,0.478182104599874,0.4606805293005671,0.4397485986071004
-0.0268,0.4902297773155378,0.01463096702748077,0.5529287439613526,0.5064902331442974,0.5007088846880908,0.47926906112161305,0.4610270951480782,0.44095464582979443
-0.0266,0.4911784575462024,0.014425406343240355,0.5503774154589371,0.5127441713925645,0.5010869565217391,0.4795998739760554,0.4606175173282924,0.4426448105996263
-0.0264,0.4904260602617945,0.014135262415246127,0.548913043478261,0.5127441713925647,0.49669187145557653,0.48108065532451166,0.4595305608065533,0.4435960591133005
-0.0262,0.4913705015590894,0.014571722704094188,0.5503321256038648,0.5167926906112161,0.4970699432892249,0.48282923755513546,0.45735664776307505,0.44384236453201975
-0.026,0.4925291194372709,0.014419945927972107,0.5503321256038648,0.516351606805293,0.49886578449905483,0.48798046628859487,0.45513547574039065,0.4465092576864277
-0.0258,0.49355880805521896,0.014157458654620918,0.5492149758454106,0.5171550094517958,0.497069943289225,0.49494328922495273,0.4532923755513547,0.44967725496857486
-0.0256,0.49434224514399716,0.014514402221779786,0.5492451690821257,0.5220069313169502,0.49451795841209834,0.49859798361688723,0.45179584120982985,0.44988958722609135
-0.0254,0.49522962909697793,0.014858702838400727,0.550679347826087,0.5237870195337114,0.49447069943289235,0.5015595463137996,0.44883427851291746,0.45204688296245965
-0.0252,0.49280578466716046,0.015671969079002732,0.5492451690821255,0.5238027725267801,0.48900441083805923,0.5044265910523,0.4430056710775047,0.4473500934261933
-0.025,0.4922057081080245,0.015884083516688227,0.5459842995169083,0.5248897290485192,0.48312854442344044,0.5113106490233145,0.4408002520478891,0.4471207745880754
-0.0248,0.49112993688256773,0.015699991652175428,0.5416817632850242,0.5240705734089477,0.48164776307498425,0.5131379962192817,0.438169502205419,0.44807202310174965
-0.0246,0.49196666346986423,0.01592395513736748,0.5405797101449276,0.5266540642722116,0.48308128544423445,0.5160838059231254,0.43783868935097664,0.4475624256837099
-0.0244,0.4910679490718873,0.016032145138730323,0.5373641304347826,0.5246376811594202,0.4794423440453686,0.5215658475110271,0.4370667926906112,0.4463308985901138
-0.0242,0.49060326985685543,0.016322583770545684,0.5341334541062801,0.5267958412098298,0.4761184625078766,0.5247952110901071,0.43520793950850667,0.4465687107185324
-0.024,0.4888323010712106,0.015697474859582,0.5255434782608696,0.5263705103969754,0.4771739130434782,0.523314429741651,0.43407372400756133,0.4465177509767283
-0.0238,0.48942652411033,0.015882688878824974,0.5226449275362319,0.5263705103969754,0.4786389413988658,0.5284026465028355,0.43185255198487715,0.4486495668421947
-0.0236,0.48872764171283517,0.016038799707530308,0.5198218599033817,0.5252047889098929,0.47608695652173916,0.5316950220541903,0.43068683049779455,0.4488703923900119
-0.0234,0.4891332796490846,0.016206512110333176,0.5162590579710145,0.526591052299937,0.47572463768115947,0.5361058601134215,0.4325141776937619,0.4476048921352132
-0.0232,0.48905600445104186,0.016803355456250002,0.510492149758454,0.5284656584751103,0.47273156899810964,0.5431001890359168,0.432451165721487,0.44709529471717346
-0.023,0.4874691086334643,0.01697550327255406,0.5029438405797102,0.5258506616257089,0.4705103969754253,0.5471487082545684,0.4305608065532451,0.44780023781212835
-0.0228,0.48734134701110454,0.01753143569054151,0.49897342995169075,0.5272684310018905,0.46791115311909265,0.5518746061751733,0.4312224322621298,0.44679802955665027
-0.0226,0.48706688066065484,0.017275215327356496,0.4957427536231885,0.5254410838059231,0.462822936357908,0.5540642722117202,0.43557025834908636,0.44875997961610337
-0.0224,0.48787829664598226,0.018113737618489792,0.4903683574879227,0.5269061121613107,0.46137366099558913,0.5617989918084436,0.4344360428481412,0.45238661457448615
-0.0222,0.48684381707985275,0.018427614939682913,0.48721316425120775,0.52619722747322,0.4573724007561437,0.5629174543163201,0.43155324511657217,0.4558094105656531
-0.022,0.48561730613700677,0.018445542816073343,0.4836201690821255,0.5213768115942029,0.4544423440453686,0.564760554505356,0.43078134845620664,0.45872260913878043
-0.0218,0.4845439405410334,0.018731352657926158,0.4771437198067633,0.5213610586011342,0.45184310018903584,0.566603654694392,0.4326086956521739,0.45770341430270084
-0.0216,0.48266919087099786,0.018962968090547063,0.4696256038647343,0.5175960932577189,0.45080340264650276,0.5680686830497794,0.430765595463138,0.45915576694411414
-0.0214,0.4816164823471632,0.019019460070461798,0.4668176328502415,0.5179584120982986,0.44494328922495274,0.5666666666666667,0.43149023314429735,0.46182266009852213
-0.0212,0.48225225762945495,0.018658052953662393,0.4646890096618358,0.5187460617517328,0.4434782608695652,0.5655639571518589,0.4357908002520479,0.46524545608968915
-0.021,0.4823799499758699,0.018963397360184316,0.46044685990338163,0.5217706364209199,0.44201323251417773,0.5659577819785759,0.43690926275992437,0.4671819262782401
-0.0208,0.4816257149277506,0.01883383241007734,0.4611413043478261,0.5180056710775048,0.43695652173913047,0.5652961562696912,0.43799621928166355,0.4703584168506879
-0.0206,0.4825151592640295,0.01922020827655737,0.4618055555555555,0.5209357277882798,0.43514492753623185,0.5667296786389413,0.43835853812224324,0.472116527942925
-0.0204,0.4816775371439182,0.019300048347039033,0.4589221014492753,0.5202425960932577,0.4293320730938879,0.5652646502835539,0.44125708884688086,0.4750467130966536
-0.0202,0.48199092304722796,0.019816299866323217,0.4567179951690822,0.5187460617517328,0.42531505986137363,0.5685412728418399,0.4441556395715186,0.47846950908782065
-0.02,0.4821152999784881,0.01974371468847489,0.458167270531401,0.5161468178954002,0.42125078764965346,0.5682262129804663,0.4477473219911783,0.48115338882283
-0.0198,0.4799985470411197,0.02009651434550634,0.4552838164251208,0.5135790800252047,0.41466603654694395,0.566398865784499,0.4474322621298047,0.48263122133514524
-0.0196,0.4802178322212076,0.020520478244182773,0.45387983091787437,0.5124448645242596,0.41283868935097673,0.568241965973535,0.44711720226843105,0.4867844402921692
-0.0194,0.4809860654514251,0.020900650597282616,0.454981884057971,0.5136105860113421,0.4103182104599874,0.568982356647763,0.44708569628229367,0.4909376592491932
-0.0192,0.4816445884602141,0.021801721900724644,0.45244565217391297,0.5166509136735981,0.40597038437303085,0.5715028355387524,0.4489287964713295,0.4943689485306608
-0.019,0.4809340297954768,0.02258447459958964,0.44962258454106274,0.5166509136735981,0.4016225582860744,0.5718966603654694,0.44632955261499685,0.4994819092916596
-0.0188,0.4810663524806336,0.02294365926726737,0.44960748792270533,0.5137366099558915,0.39938563327032134,0.5737240075614366,0.4470226843100189,0.5029216918634278
-0.0186,0.48216514569322877,0.023738452999250412,0.45070954106280203,0.5122715816005041,0.39469124133585376,0.5777725267800882,0.4507088846880907,0.5068370986920334
-0.0184,0.4823843769837673,0.024551530021473342,0.45178140096618363,0.5111688720856963,0.3881852551984878,0.578528670447385,0.4521739130434782,0.5124681501613726
-0.0182,0.48333767326315186,0.025256859774418012,0.45356280193236714,0.5131537492123504,0.3823408947700063,0.5793793320730939,0.4561909262759924,0.515398335315101
-0.018,0.48371694950964583,0.025565414355374023,0.4506340579710145,0.5128071833648393,0.38018273471959674,0.5790327662255829,0.46058601134215504,0.5190589434346866
-0.0178,0.4841852596538527,0.026313950815872247,0.4484601449275362,0.5131695022054191,0.37692186515437925,0.5819313169502205,0.4638626339004411,0.5207660947851198
-0.0176,0.48479261185963024,0.026393082882101036,0.45090579710144923,0.5091367359798361,0.37772526780088217,0.585633270321361,0.46457151858853185,0.5207830813657212
-0.0174,0.48586683940965436,0.026673097161137378,0.4530495169082126,0.5073724007561436,0.37592942659105233,0.5871455576559546,0.46819470699432897,0.5235094275522337
-0.0172,0.48711408273992984,0.02693741620692693,0.45446859903381637,0.5077819785759294,0.37446439823566474,0.5889729048519219,0.47295211090107125,0.5240445048411754
-0.017,0.48758166173303,0.027212063133941148,0.4548007246376812,0.5051984877126654,0.373708254568368,0.5904379332073093,0.4743698802772526,0.5269746899949042
-0.0168,0.4883146777710892,0.027955805278359433,0.4544233091787439,0.5055608065532451,0.371865154379332,0.5937460617517328,0.4735979836168872,0.5306947511465943
-0.0166,0.4892446947314461,0.028231839432588668,0.456868961352657,0.5052142407057341,0.37151858853182107,0.595226843100189,0.47247952110901076,0.5341600135892645
-0.0164,0.4888492575479948,0.029058252771385535,0.45724637681159425,0.5011499684940138,0.3693446754883428,0.600693131695022,0.46997479521109015,0.5346865975879055
-0.0162,0.48974222233987225,0.02888915919830942,0.45756340579710136,0.5008034026465028,0.3693289224952741,0.5992596093257718,0.4750787649653434,0.5364192288092406
-0.016,0.492189557763151,0.029323417297494835,0.45928442028985506,0.5049306868304978,0.3697385003150599,0.6036074354127284,0.4776622558286074,0.5379140479021574
-0.0158,0.4934071344691044,0.029536898983639273,0.45923913043478254,0.5057025834908633,0.36937618147448015,0.6043005671077505,0.4809546313799623,0.5408697129267878
-0.0156,0.4945303515404253,0.029105304970030083,0.4599184782608695,0.5050252047889099,0.37153434152488973,0.6020478890989288,0.4850346565847511,0.5436215389842025
-0.0154,0.4953489953965213,0.02882792117738007,0.46201690821256036,0.5042690611216131,0.3751732829237555,0.6045683679899181,0.4836168872085696,0.5424494649227111
-0.0152,0.4959092199835151,0.029277815299481917,0.46091485507246377,0.5024417139256458,0.37408632640201633,0.6067422810333964,0.48657844990548205,0.544691693562086
-0.015,0.4956273636476662,0.029324730766919323,0.4590881642512077,0.5001732829237555,0.3748267170762445,0.6067265280403276,0.4864996849401386,0.546449804654323
-0.0148,0.4955066869029432,0.028295381376858438,0.4601902173913044,0.5013232514177693,0.3781505986137367,0.6007876496534341,0.48612161310649016,0.5464667912349244
-0.0146,0.49650381077235234,0.027776703119836484,0.4590730676328502,0.5017485822306238,0.38322306238185255,0.6000157529930686,0.4864996849401386,0.54846271445558
-0.0144,0.49750474868390865,0.026941089151809355,0.46049214975845415,0.5033238815374921,0.38757088846880905,0.5977788279773157,0.48834278512917456,0.5475199592322066
-0.0142,0.49877697493052814,0.02666637015829017,0.458665458937198,0.5040012602394455,0.39228103339634524,0.5992596093257718,0.4901701323251418,0.5482843553592661
-0.014,0.4990320727079643,0.02620370182898851,0.4546497584541063,0.5069785759294265,0.397416509136736,0.5981568998109641,0.4886893509766856,0.5483013419398675
-0.0138,0.49982828931313833,0.02630686300116063,0.4542270531400966,0.5084120982986768,0.39771581600504097,0.5992281033396345,0.4908475110270952,0.5485391540682861
-0.0136,0.49850784866276787,0.025895877932897285,0.4513586956521739,0.5061594202898549,0.4002678008821676,0.5970069313169503,0.4886578449905482,0.5475963988449125
-0.0134,0.4986831903159697,0.025673196720958823,0.4516606280193237,0.5061751732829237,0.40100819155639567,0.595872715816005,0.489760554505356,0.5476218787158145
-0.0132,0.5002051940849737,0.02516941311087694,0.4509057971014493,0.5087586641461878,0.4057340894770006,0.5954473850031505,0.4927378701953371,0.5476473585867165
-0.013,0.5015446300210239,0.024677787528843042,0.45232487922705317,0.5109798361688721,0.4097668557025835,0.5947857592942659,0.49276937618147443,0.5486410735518941
-0.0128,0.5006211042241308,0.023970686472064698,0.4497886473429952,0.5090107120352867,0.41450850661625716,0.5921707624448646,0.49128859483301823,0.5469594020723628
-0.0126,0.5009054717014841,0.023603812015427893,0.4497735507246377,0.5079395085066162,0.41739130434782606,0.5918084436042849,0.49204473850031505,0.5464752845252251
-0.0124,0.4996737032012895,0.022633888103950516,0.4476147342995169,0.5071676118462507,0.4213925645872716,0.5852236925015752,0.4906269691241336,0.5460166468489893
-0.0122,0.4999172863987142,0.022086339766281805,0.4443991545893719,0.509798361688721,0.4250315059861373,0.5818840579710145,0.49358853182104595,0.5448021063359947
-0.012,0.4999988214355555,0.020780436193767397,0.4443387681159421,0.5116887208569628,0.43049779458097037,0.5734719596723378,0.49467548834278513,0.545320197044335
-0.0118,0.4994513373043256,0.019849277126772896,0.4446557971014493,0.510192186515438,0.435239445494644,0.5683207309388785,0.4924700693131695,0.5458297944623747
-0.0116,0.4992915721837922,0.019238493903752076,0.4398852657004831,0.5120825456836798,0.4407214870825456,0.5628071833648394,0.4946439823566477,0.5456089689145576
-0.0114,0.4988641683886348,0.018786906275939555,0.43621678743961356,0.5143509766855703,0.4440138626339004,0.5594833018273472,0.4971802142407057,0.5419398675046714
-0.0112,0.4993560475546537,0.018426556793692046,0.43660929951690824,0.5139729048519219,0.44549464398235666,0.5561594202898551,0.5004568367989919,0.5434431798878886
-0.011,0.49967211124825367,0.01746187203260082,0.43956823671497586,0.516698172652804,0.4473377441713926,0.5510554505356018,0.50263074984247,0.5407423135722779
-0.0108,0.49988984403766795,0.01701210875828148,0.4428140096618357,0.5174858223062382,0.4466603654694391,0.5477945809703844,0.5033238815374921,0.5412604042806183
-0.0106,0.501394939273004,0.016612625575441606,0.4445954106280193,0.5230466288594833,0.44815689981096407,0.54234404536862,0.5077347195967233,0.5424919313742144
-0.0104,0.5005921374949766,0.015864223649602303,0.44675422705314005,0.518982356647763,0.44896030245746693,0.5386735979836168,0.5091682419659735,0.5410140988618991
-0.0102,0.5011794147472443,0.016007305354639883,0.4441727053140096,0.5241808443604284,0.45116572148708256,0.5368147448015123,0.5094990548204159,0.5412434177000169
-0.01,0.5002156840759912,0.01570840437019128,0.4452596618357488,0.5237397605545053,0.4497164461247637,0.5339319470699432,0.5091524889729049,0.5394937998980806
-0.0098,0.4997328380248966,0.015101264295356805,0.4441727053140097,0.5212192816635162,0.4537649653434152,0.5298361688720857,0.5106490233144297,0.5387548836419229
-0.0096,0.49995929997359423,0.014206644171655633,0.4491847826086956,0.5205734089477001,0.454521109010712,0.527284183994959,0.5121298046628858,0.5360625106166128
-0.0094,0.49900522361510874,0.013387790666942036,0.4498943236714975,0.5173597983616888,0.45784499054820416,0.5236767485822307,0.5106962822936357,0.5345591982333957
-0.0092,0.49715549594063174,0.012950344852885699,0.4524003623188405,0.5162885948330183,0.4542060491493384,0.5189666036546944,0.5092470069313169,0.5318243587565823
-0.009,0.4972903737894801,0.013103152085419997,0.45200785024154594,0.5189823566477632,0.4538122243226213,0.5164303717706364,0.5099716446124763,0.532537795141838
-0.0088,0.49723468419909417,0.013055824199983987,0.4502717391304348,0.5205734089477001,0.4556395715185886,0.5131852551984877,0.5121770636420919,0.5315610667572617
-0.0086,0.49722939802453664,0.01331007472384011,0.44923007246376817,0.5206679269061121,0.45455261499684935,0.5131852551984877,0.5146975425330813,0.5310429760489214
-0.0084,0.49722459066791663,0.013301831267377034,0.4502264492753624,0.519628229363579,0.453481411468179,0.5106490233144297,0.5193131695022054,0.5300492610837437
-0.0082,0.4967398986210174,0.013393677324070454,0.44956219806763287,0.5193131695022054,0.4527725267800882,0.5091997479521109,0.5193131695022053,0.5302785799218618
-0.008,0.4977222513463646,0.012882410451791242,0.44888285024154584,0.5215816005040957,0.4593572778827976,0.5085223692501575,0.5189508506616257,0.529038559537965
-0.0078,0.49755536067087586,0.012097254947855032,0.45116243961352664,0.518683049779458,0.4622715816005041,0.5074511657214871,0.5181947069943289,0.5275692203159503
-0.0076,0.49793847682650066,0.011058667884172486,0.4554800724637681,0.5153591682419659,0.4659577819785759,0.5063799621928167,0.5188720856962823,0.5255817903855953
-0.0074,0.4988334239361602,0.010822749452476011,0.456219806763285,0.5149653434152489,0.46928166351606804,0.506411468178954,0.5188248267170762,0.5272974350263292
-0.0072,0.4994807325297275,0.010546746323992268,0.4580012077294686,0.5153276622558286,0.4711090107120353,0.5057183364839319,0.5184625078764964,0.5282656701206048
-0.007,0.49994029599125617,0.009957937457275641,0.46096014492753623,0.5138626339004411,0.4729206049149338,0.5060806553245116,0.5188090737240076,0.5270086631561066
-0.0068,0.5000767856765259,0.00987274203417549,0.45988828502415463,0.5131379962192816,0.47399180844360433,0.510491493383743,0.5184310018903592,0.5245201290980126
-0.0066,0.5015261484514103,0.010189819327588083,0.4598882850241545,0.5168714555765594,0.47399180844360433,0.5145400126023945,0.519880277252678,0.5239850518090708
-0.0064,0.5012112249305966,0.010323662865498554,0.45845410628019323,0.5149968494013863,0.47397605545053567,0.5163673597983618,0.5202268431001891,0.5232461355529132
-0.0062,0.4999110758511418,0.010496127033611302,0.45664251207729467,0.5131379962192817,0.47181789540012603,0.5178481411468179,0.520179584120983,0.5198403261423475
-0.006,0.49967324173950356,0.009874835690539728,0.4599184782608695,0.5093730308758665,0.4725110270951481,0.5174858223062382,0.520872715816005,0.5178783760828944
-0.0058,0.499258057789898,0.010314831194643301,0.4570350241545894,0.5078764965343415,0.4721802142407057,0.5175330812854442,0.5223062381852552,0.5186172923390521
-0.0056,0.49970118603524566,0.010135511337257274,0.45671799516908224,0.5078764965343415,0.47511027095148073,0.5192974165091367,0.5208254568367989,0.5183794802106336
-0.0054,0.5000380843763407,0.010095003768541685,0.4545893719806764,0.5096880907372401,0.47914303717706364,0.5185885318210459,0.5200693131695022,0.5181501613725157
-0.0052,0.5015586445558128,0.010819972797166462,0.4513435990338165,0.5099401386263389,0.48240390674228106,0.5233459357277883,0.5236925015752993,0.5186257856293528
-0.005,0.5018700383111435,0.011065350772282457,0.4495471014492754,0.5105702583490863,0.484640831758034,0.5273314429741651,0.5229678638941399,0.5161627314421607
-0.0048,0.5025440873079202,0.01125139778472104,0.4484601449275362,0.5079395085066162,0.48864209199747954,0.5310018903591682,0.5225740390674227,0.5166468489892985
-0.0046,0.5031321649500741,0.011540458143203399,0.44672403381642517,0.5057025834908633,0.4922652804032766,0.5316792690611216,0.5243226212980467,0.5180992016307118
-0.0044,0.5041754862860626,0.01167706123852458,0.44784118357487923,0.5033553875236295,0.4937145557655954,0.5331285444234405,0.5279458097038437,0.5190674367249872
-0.0042,0.504528334428577,0.012611434906774095,0.44243659420289855,0.5003308128544423,0.5005828607435413,0.5379332073093888,0.5275834908632641,0.5183030405979276
-0.004,0.5062997325466868,0.012752350964095731,0.44426328502415463,0.4977000630119723,0.5056395715185885,0.5405166981726527,0.5308916194076876,0.5187871581450654
-0.0038,0.5073490695544877,0.013650210838245675,0.44100241545893715,0.4961877756773787,0.5103497164461247,0.5448487712665406,0.5322306238185255,0.5194751146594191
-0.0036,0.5074206545178482,0.014659954563526348,0.4366696859903382,0.4931474480151229,0.5121455576559546,0.5470384373030874,0.5351134215500946,0.520409376592492
-0.0034,0.5086673750823297,0.015534205471435964,0.4338013285024155,0.4931789540012603,0.5165091367359798,0.55,0.5398550724637681,0.5186597587905555
-0.0032,0.5100120746708224,0.016697912581441546,0.4295591787439614,0.4923755513547574,0.5231411468178955,0.5550409577819787,0.5413043478260869,0.5186512655002548
-0.003,0.5103202211719869,0.017003055962179905,0.4298913043478261,0.48930371770636427,0.5256616257088846,0.5565374921235036,0.5431159420289855,0.517411245116358
-0.0028,0.5111042343400477,0.017885145224077373,0.42667572463768116,0.48846880907372403,0.525992438563327,0.5612633900441083,0.5433994959042219,0.5208255478172245
-0.0026,0.5102779547622075,0.018529842669589763,0.4238073671497585,0.4861531190926275,0.5208412098298677,0.5638468809073724,0.5444864524259609,0.5225326991676574
-0.0024,0.5101641012334852,0.019127316448762553,0.423082729468599,0.48122243226212974,0.5211720226843101,0.5663831127914304,0.5463453056080655,0.5227790045863767
-0.0022,0.5108102136277177,0.01955437776138513,0.42238828502415454,0.47969439193446756,0.5240705734089477,0.5685727788279773,0.5471014492753623,0.5230338032953966
-0.002,0.5110733995389564,0.02099527028238626,0.41410024154589375,0.4815217391304348,0.5247952110901071,0.5718809073724007,0.5503780718336484,0.5237642262612536
-0.0018,0.5117626067182551,0.022025571855035866,0.4097373188405797,0.48024574669187137,0.5303087586641462,0.5759136735979837,0.5496376811594204,0.5247324613555291
-0.0016,0.5115699261025468,0.0231717674573278,0.4046799516908212,0.47644927536231874,0.5321045998739761,0.5766225582860743,0.5543635790800252,0.5251995923220655
-0.0014,0.5117176774771809,0.024343038049478925,0.39965277777777775,0.4752362948960303,0.5321045998739761,0.5809546313799621,0.5569628229363579,0.5253949379989808
-0.0012,0.5107269744174996,0.02529455023453446,0.39533514492753624,0.4703528670447385,0.5343572778827977,0.5823881537492124,0.5577819785759294,0.5241464243247834
-0.001,0.5105591008152132,0.025476200620242643,0.39533514492753624,0.4669502205419029,0.5384373030875866,0.5819785759294265,0.556710775047259,0.5239425853575675
-0.0008,0.5110156319303819,0.026316198892604586,0.39349335748792275,0.4635948330182734,0.536925015752993,0.5863894139886578,0.5585381222432262,0.5271530490912181
-0.0006,0.5104276636654306,0.027168145421874876,0.3891606280193237,0.4605072463768116,0.538768115942029,0.5867832388153749,0.5599558916194076,0.5273908612196365
-0.0004,0.5101032848143644,0.02713975597701377,0.38949275362318836,0.45929426591052297,0.5380434782608695,0.5871928166351605,0.5584751102709514,0.5281212841854934
-0.0002,0.5098518669126801,0.02733673012863754,0.3894625603864735,0.45628544423440454,0.5402331442974165,0.5872400756143668,0.5577347195967234,0.5281552573466961
0.0,0.509083251029497,0.027655373477764165,0.38727355072463776,0.45592312539382485,0.5380434782608695,0.5898078134845621,0.5555765595463138,0.5278749787667742
0.0002,0.5080538482863172,0.027561445181564226,0.3865791062801932,0.4555135475740391,0.5405482041587902,0.5879804662885949,0.5544896030245747,0.5232121623917105
0.0004,0.5073470503502383,0.028340541763436,0.3822312801932367,0.4540485192186515,0.5368462507876496,0.590154379332073,0.5563327032136105,0.5244691693562086
0.0006,0.5085893851230366,0.029318042776115792,0.37900060386473433,0.45211090107120355,0.5390674228103338,0.5912728418399495,0.5614366729678639,0.5286478681841345
0.0008,0.5073671258054786,0.02964722520918438,0.3767964975845411,0.44880277252678014,0.5401701323251418,0.5909262759924386,0.5588846880907372,0.5286223883132325
0.001,0.507962293305407,0.02950423080784134,0.37826086956521743,0.4502362948960303,0.5390674228103339,0.5924700693131695,0.5596093257718967,0.528129777475794
0.0012,0.5071790409091222,0.029980292165218445,0.3764643719806763,0.4464555765595463,0.5375551354757404,0.5928323881537492,0.5603969754253308,0.5293697978596908
0.0014,0.5047914581066776,0.030370385602277835,0.37392814009661834,0.44050094517958416,0.5346093257718967,0.5917296786389414,0.5585853812224322,0.5293952777305929
0.0016,0.5053191294477638,0.031023479578318938,0.3708182367149758,0.44009136735979837,0.5338689350976684,0.5927851291745432,0.5600976685570258,0.5342534397825719
0.0018,0.5055389138123223,0.030423355095640002,0.37338466183574875,0.4426275992438563,0.5298361688720857,0.5917139256458727,0.5601606805293005,0.5355104467470697
0.002,0.5050603759519601,0.030474707140100685,0.3726600241545893,0.4422810333963453,0.5283711405166983,0.5924543163201008,0.5576244486452426,0.5369712926787837
0.0022,0.5040552408993083,0.03070229786518806,0.37051630434782606,0.4419029615626969,0.5261814744801512,0.5931789540012602,0.5572621298046629,0.5352896211992526
0.0024,0.5036821413243011,0.03054816956741507,0.36979166666666663,0.4441398865784499,0.5213925645872716,0.5920604914933837,0.5569470699432891,0.5377611686767454
0.0026,0.5030905091088888,0.03054654245464936,0.3677083333333333,0.4460459987397605,0.5177063642091998,0.5891461877756774,0.5584593572778827,0.5394768133174792
0.0028,0.5019877665913778,0.030308941179455543,0.3662590579710145,0.4479521109010712,0.5139886578449906,0.5862476370510397,0.5562696912413359,0.5412094445388144
0.003,0.5009605071842366,0.030701077831728592,0.3640700483091788,0.4457781978575929,0.5114051669817266,0.5862476370510397,0.5570100819155639,0.5412519109903176
0.0032,0.5008892416186602,0.030121602995406626,0.366893115942029,0.448015122873346,0.5077504725897921,0.5855072463768115,0.5574039067422809,0.5397655851877017
0.0034,0.5004915131630657,0.03063480176768045,0.3640398550724637,0.44798361688720856,0.5055293005671077,0.5873503465658475,0.55705734089477,0.540988618990997
0.0036,0.49972262567655396,0.030193000073884764,0.3647493961352657,0.44941713925645865,0.5014492753623188,0.5836956521739131,0.5548676748582231,0.5441566162731443
0.0038,0.49859649832799385,0.030075750835372585,0.3639945652173914,0.45018903591682424,0.4970541902961562,0.5811751732829238,0.5559861373660995,0.5431798878885681
0.004,0.4971756180382061,0.02982361992376066,0.36287741545893715,0.45173282923755503,0.49339949590422183,0.5790170132325142,0.5523629489603025,0.5436640054357058
0.0042,0.49640713957337385,0.029355454376512047,0.364356884057971,0.4540170132325142,0.4883112791430372,0.5772999369880276,0.5498424700693132,0.54461525394938
0.0044,0.49564641611201604,0.029468786360181905,0.3629076086956521,0.4536704473850032,0.48643667296786386,0.5754568367989918,0.5495431632010083,0.5458637676235774
0.0046,0.49427853177136355,0.029554558867944464,0.3604619565217391,0.45332388153749203,0.4849243856332703,0.5732986767485823,0.5485034656584752,0.5451588245286224
0.0048,0.49148237550167223,0.029063287463219147,0.3604619565217392,0.4510712035286705,0.47985192186515435,0.5667139256458726,0.5456364209199748,0.5451588245286223
0.005,0.49003833080767506,0.02869677228728623,0.36157910628019324,0.45029930686830494,0.4757876496534341,0.5641776937618148,0.5441871455576559,0.5441990827246476
0.0052,0.4889486872229267,0.029154931985885018,0.35878623188405795,0.4495589161940769,0.47180214240705737,0.5623345935727788,0.5474952741020794,0.5437149651775097
0.0054,0.48893940231372857,0.029106639969684815,0.35878623188405795,0.45363894139886585,0.46704473850031514,0.5605072463768116,0.5489760554505356,0.5446832002717853
0.0056,0.48761082350518775,0.02891497421437686,0.35880132850241553,0.45141776937618144,0.4662728418399496,0.5601291745431631,0.5460932577189667,0.5429505690504502
0.0058,0.4865426011649705,0.028769884106153144,0.3570652173913043,0.45400126023944554,0.4640831758034027,0.5568525519848772,0.5457466918714555,0.5415067096993376
0.006,0.4847919942853946,0.029083127123684,0.3531702898550725,0.45541902961562697,0.4597353497164461,0.5547258979206049,0.543982356647763,0.5417190419568542
0.0062,0.4840261138543196,0.029165436611878072,0.35141908212560385,0.4561436672967865,0.45855387523629487,0.5532608695652174,0.5440453686200378,0.5407338202819773
0.0064,0.48228817709535443,0.02879614110860525,0.35252113526570045,0.4572306238185256,0.4519061121613106,0.548156899810964,0.54294265910523,0.5409716324103958
0.0066,0.4818403514280674,0.029126311122095006,0.3518417874396135,0.4567895400126024,0.44823566477630755,0.5474322621298047,0.5455419029615627,0.5412009512485138
0.0068,0.48166051135402405,0.028570056617455698,0.3547252415458937,0.4582860743541273,0.446424070573409,0.5451953371140517,0.5441398865784499,0.541192457958213
0.007,0.482038404534525,0.02793227285249971,0.35656702898550724,0.4623818525519849,0.44749527410207934,0.5433994959042217,0.5419502205419029,0.540436555121454
0.0072,0.48115643538488134,0.02761526572112776,0.356929347826087,0.46383112791430375,0.4456679269061121,0.5379489603024574,0.5430844360428482,0.5394768133174792
0.0074,0.480757695441028,0.02813179450306452,0.3537137681159421,0.4668241965973535,0.44280088216761193,0.536137366099559,0.5453213610586011,0.5397485986071003
0.0076,0.47916472738619387,0.028060408411661675,0.35265700483091783,0.4657214870825458,0.44061121613106496,0.5357750472589792,0.5446282293635791,0.5355953796500765
0.0078,0.4789894549903542,0.02823406430647449,0.3508907004830918,0.4671550094517959,0.44056395715185886,0.5339634530560806,0.5450378071833649,0.5363258026159333
0.008,0.47780417200567155,0.02849413097465034,0.3487469806763285,0.46934467548834274,0.43620037807183365,0.5325299306868304,0.5444076874606175,0.5355953796500764
0.0082,0.4764482244603585,0.028300178051245347,0.34769021739130435,0.4701165721487083,0.43473534971644606,0.5310964083175803,0.5411625708884688,0.5338882282996433
0.0084,0.47623081380037124,0.028482998337998944,0.34805253623188404,0.4701008191556396,0.43149023314429746,0.5318210459987398,0.5415563957151859,0.5343638525564804
0.0086,0.47464129911793823,0.028730750524078065,0.34444444444444444,0.4712192816635161,0.42969439193446757,0.5284971644612476,0.5423125393824827,0.5316799728214711
0.0088,0.472967172565552,0.02862128795649955,0.3434329710144927,0.4723062381852553,0.42640201638311276,0.5255828607435412,0.5408790170132324,0.5291999320536775
0.009,0.4717913036949078,0.028661913743798614,0.3427536231884058,0.47299936988027724,0.4231253938248267,0.5248267170762444,0.541257088846881,0.5257856293528114
0.0092,0.4707448791385107,0.028292519421854345,0.3416968599033816,0.4748109640831758,0.42424385633270323,0.5197385003150599,0.5384057971014492,0.5255732970952947
0.0094,0.46846089360575416,0.02856293825405801,0.33952294685990336,0.47370825456836796,0.41877756773787017,0.5164461247637051,0.5376969124133585,0.5246135552913198
0.0096,0.4691145323445283,0.02805767571055229,0.343131038647343,0.475204788909893,0.41879332073093894,0.5168241965973535,0.5380907372400756,0.5226431119415661
0.0098,0.46754336207351455,0.02797335735074426,0.34021739130434786,0.47558286074354134,0.41958097038437303,0.5138941398865784,0.5362633900441084,0.5197214200781382
0.01,0.46692399008249136,0.027794433173072865,0.34094202898550724,0.47334593572778827,0.41921865154379334,0.512775677378702,0.536279143037177,0.5189825038219806
0.0102,0.46584750147563697,0.02780596408724937,0.3398248792270532,0.4737240075614366,0.4173755513547574,0.5109483301827347,0.5344675488342785,0.5187446916935621
0.0104,0.4648897419336963,0.028105167355904757,0.33694142512077296,0.4723062381852552,0.41739130434782606,0.5094675488342786,0.5351921865154379,0.5180397485986071
0.0106,0.46449640857966945,0.027815396965224486,0.3380283816425121,0.4720384373030876,0.41707624448645236,0.5091367359798362,0.5341367359798361,0.5165619160862919
0.0108,0.46309409701190435,0.027816172189377927,0.33553743961352656,0.47211720226843107,0.4171077504725898,0.5062381852551985,0.5327347195967234,0.5148292848649567
0.011,0.4615693380374852,0.027162707016680006,0.3373188405797102,0.46850976685570256,0.41748582230623815,0.5022526780088216,0.5316950220541903,0.512153898420248
0.0112,0.4604176868515839,0.02709070071225626,0.3365942028985508,0.4689035916824197,0.4156427221172022,0.5008034026465028,0.5306080655324512,0.5099541362323764
0.0114,0.45933749307805466,0.02721010024837657,0.3358846618357488,0.4693289224952741,0.4120667926906112,0.49930686830497795,0.5294580970384373,0.5099796161032785
0.0116,0.4589573504176852,0.02701038154174671,0.33662439613526574,0.4671550094517959,0.4120667926906112,0.5000157529930687,0.52763074984247,0.5102514013928997
0.0118,0.4585673137661317,0.026607711435597613,0.3366243961352657,0.4693761814744802,0.41390989287964713,0.49632955261499684,0.5251417769376181,0.5100220825547817
0.012,0.4593304724962249,0.026385666001777535,0.3383605072463768,0.4698015122873345,0.41537492123503467,0.49596723377441715,0.5254883427851291,0.5109903176490572
0.0122,0.45799727267740914,0.026182455818326556,0.33762077294685994,0.46573724007561434,0.41611531190926276,0.4951953371140517,0.5240233144297417,0.5092916595889247
0.0124,0.45793880036077245,0.02643718881179709,0.336171497584541,0.4654536862003781,0.4165091367359798,0.4948487712665406,0.5258506616257088,0.5087990487514864
0.0126,0.4575899168724044,0.026006480735614013,0.3365187198067633,0.4643824826717077,0.4197700063011972,0.49267485822306234,0.5243541272841841,0.5078393069475116
0.0128,0.45675859081700554,0.026231862297252755,0.3347071256038647,0.4640831758034027,0.41794265910523,0.4930056710775047,0.5232199117832389,0.5075930015287923
0.013,0.45550514712242407,0.026043180509028135,0.3336352657004831,0.46342155009451796,0.41756458727158163,0.4926275992438563,0.5198960302457467,0.5058858501783592
0.0132,0.45652106456335506,0.025595662119900903,0.3350694444444445,0.4630907372400756,0.4230466288594833,0.49374606175173286,0.5195022054190296,0.5046713096653643
0.0134,0.45678303231062173,0.025259027175959785,0.3368961352657005,0.4624606175173282,0.42454316320100816,0.49374606175173275,0.5205891619407688,0.5024630541871922
0.0136,0.4567344330983231,0.02486137927757424,0.3390247584541063,0.4625078764965343,0.4241650913673598,0.4933994959042217,0.5190926275992439,0.502216748768473
0.0138,0.456750958477295,0.02428482112896794,0.34224033816425126,0.46110586011342153,0.42454316320100816,0.4940926275992439,0.5180056710775047,0.5005180907083404
0.014,0.4579251716008265,0.02384580344438021,0.3458484299516908,0.4619407687460617,0.425992438563327,0.4937145557655954,0.5190611216131065,0.5009937149651775
0.0142,0.45842229960895303,0.023466526237266028,0.3476298309178744,0.4604757403906742,0.42892249527410203,0.49625078764965347,0.5186988027725268,0.4985561406488873
0.0144,0.458812288986364,0.0230405383343374,0.3505283816425121,0.45986137366099555,0.4289697542533082,0.49804662885948325,0.5169029615626969,0.4985646339391881
0.0146,0.4592356704841399,0.022274558216406275,0.3551781400966184,0.45694706994328926,0.4311909262759924,0.4991335853812224,0.5161153119092627,0.4968489892984542
0.0148,0.46012415556785763,0.021954776327969286,0.35625,0.4592470069313169,0.4344833018273472,0.4980308758664146,0.5161310649023315,0.4966026838797351
0.015,0.460370548975203,0.021694547906444435,0.35840881642512074,0.4593257718966603,0.43412098298676743,0.49799936988027727,0.5172180214240706,0.49515033123832175
0.0152,0.46091844430227713,0.02157746145345882,0.35990338164251207,0.45719911783238826,0.43557025834908636,0.5012759924385634,0.5168872085696281,0.49467470698148464
0.0154,0.46223840723108384,0.021628077247696265,0.36065821256038644,0.4576244486452426,0.43772841839949594,0.5045526149968494,0.5164933837429112,0.4963733650416171
0.0156,0.4633997457324561,0.021019863284159616,0.36426630434782614,0.4580970384373031,0.441005040957782,0.5037964713295526,0.5161468178954001,0.4970868014268728
0.0158,0.4629447268881206,0.020850551284681728,0.3638888888888889,0.4570100819155639,0.44243856332703213,0.5048519218651544,0.5129017013232515,0.49657720400883304
0.016,0.4638907744842209,0.02095778374505644,0.3653230676328502,0.45518273471959675,0.4434940138626338,0.5062539382482671,0.5158002520478892,0.4972906403940886
0.0162,0.4642248686919064,0.020350316769792376,0.3689160628019324,0.45560806553245115,0.44417139256458726,0.5062381852551985,0.5158002520478892,0.49461525394937994
0.0164,0.463674341287746,0.020049520277916545,0.3711352657004831,0.45270951480781346,0.4431001890359168,0.5069785759294266,0.51471329552615,0.49340920672668587
0.0166,0.4640366815354846,0.019742861229903354,0.3725845410628019,0.4516540642722117,0.44524259609325767,0.504773156899811,0.5136263390044108,0.4963393918804145
0.0168,0.4646408601857004,0.01965684598000841,0.37326388888888895,0.4528985507246377,0.44669187145557654,0.5055293005671078,0.5150756143667297,0.49438593511126216
0.017,0.4665281155760557,0.01946647054578552,0.3746829710144927,0.45597038437303083,0.45066162570888463,0.5072936357908002,0.51471329552615,0.495846781042976
0.0172,0.4673688359364379,0.019171909225506135,0.37865338164251205,0.4575141776937618,0.44771581600504096,0.5097826086956523,0.5154221802142407,0.4951248513674198
0.0174,0.4692328510498147,0.018873559299637244,0.3837107487922705,0.45790800252047886,0.44771581600504096,0.5127441713925645,0.5172337744171392,0.4960845931713946
0.0176,0.46998063280581576,0.01842446125931146,0.38585446859903383,0.458396345305608,0.4505986137366099,0.5119880277252677,0.5164776307498424,0.49656871071853237
0.0178,0.4707582603410165,0.018644846491970284,0.3869414251207729,0.4576874606175173,0.4491335853812225,0.5141776937618148,0.5168557025834908,0.49975369458128077
0.018,0.47371230880924453,0.01856064400079349,0.39018719806763286,0.4614524259609326,0.4523787019533712,0.5178008821676119,0.5204631379962192,0.49999150670969933
0.0182,0.47381269346273885,0.01847000420257756,0.38990036231884057,0.46224007561436664,0.45379647132955264,0.5152646502835538,0.5219124133585382,0.49976218787158144
0.0184,0.4744085723047189,0.018419119234321317,0.3920893719806763,0.46148393194706994,0.45302457466918716,0.5185570258349086,0.5215343415248898,0.49976218787158155
0.0186,0.475679191676472,0.018201362583049083,0.393161231884058,0.4645400126023945,0.4548834278512917,0.5193289224952741,0.5197069943289225,0.5024545608968914
0.0188,0.4766417244945386,0.018314462093936584,0.39465579710144927,0.4626969124133586,0.4559861373660995,0.5214870825456837,0.5211090107120353,0.5039154068286054
0.019,0.477629882332221,0.017659111216207758,0.3982487922705314,0.4649968494013863,0.45776622558286073,0.5225740390674228,0.5185412728418399,0.5036521148292848
0.0192,0.478504740235514,0.01713512791307642,0.4011020531400966,0.46810018903591677,0.45883742911153125,0.5217863894139887,0.5192659105229993,0.5019364701885511
0.0194,0.4796098839226837,0.016589611307211823,0.404362922705314,0.4696124763705104,0.46063327032136103,0.5199432892249527,0.519234404536862,0.5038729403771021
0.0196,0.48135785045591484,0.015982332090796497,0.40935990338164246,0.47156584751102704,0.46244486452425965,0.5214083175803402,0.5192659105229993,0.50410225921522
0.0198,0.4824390694874119,0.0159298601734143,0.4103864734299517,0.47304662885948334,0.4646030245746692,0.5228890989287963,0.5210932577189666,0.502615933412604
0.02,0.4841506891362866,0.015982827143543172,0.4111111111111111,0.4768273471959673,0.46671392564587266,0.5265752993068682,0.5210775047258979,0.5025989468320027
0.0202,0.4853899658072371,0.015740530438759264,0.41476449275362326,0.4787019533711406,0.46521739130434786,0.5276622558286075,0.5221802142407057,0.5038134873449975
0.0204,0.4873137726020798,0.014597046873388392,0.4247735507246377,0.47835538752362944,0.4659105229993699,0.5287492123503466,0.5225267800882168,0.5035671819262783
0.0206,0.4878956680537138,0.014592618951150155,0.4251056763285024,0.4824039067422811,0.46553245116572145,0.5287649653434153,0.5247006931316951,0.5008663156106675
0.0208,0.48983594631939636,0.014533444986948963,0.42895531400966186,0.48021424070573404,0.46843100189035913,0.5331442974165091,0.5261814744801512,0.502089349413963
0.021,0.49183473651982584,0.01457071264389659,0.4317783816425121,0.47985192186515435,0.4731253938248267,0.5396660365469439,0.5262129804662885,0.5003737047732292
0.0212,0.49454445636808336,0.013966552606498091,0.43748490338164253,0.48056080655324507,0.4789382482671708,0.5407844990548204,0.5284026465028355,0.5010956344487856
0.0214,0.49676538979014223,0.013850024183112377,0.4414704106280194,0.4816635160680529,0.4810333963453056,0.5448487712665406,0.5287649653434152,0.5028112790895193
0.0216,0.4974240211169254,0.013819261479073837,0.44504830917874394,0.4787964713295526,0.4802457466918715,0.546313799621928,0.529867674858223,0.5042721250212333
0.0218,0.4992068783273935,0.013568022926471282,0.4489432367149758,0.4809861373660995,0.482703213610586,0.5491808443604285,0.5306080655324512,0.50281977237982
0.022,0.5001966573113815,0.01332859205131422,0.4514492753623188,0.4824984247006931,0.4834908632640202,0.5495116572148708,0.5316477630749843,0.5025819602514014
0.0222,0.5018128843744579,0.013331432771234096,0.45140398550724636,0.48468809073724,0.4878544423440453,0.5513232514177694,0.53205734089477,0.5035501953456769
0.0224,0.5029353186722005,0.013674828616607513,0.45395531400966177,0.4824196597353497,0.48851606805293,0.5542375551354758,0.5356805293005671,0.5028027857992187
0.0226,0.5041523402042999,0.013442440356341007,0.45928442028985506,0.4813799621928167,0.49029615626969125,0.556411468178954,0.5364209199747952,0.5011211143196874
0.0228,0.5058295216065786,0.013838531618925294,0.46176026570048306,0.47835538752362944,0.49390359168241965,0.5607592942659105,0.5378544423440453,0.5023441481229829
0.023,0.5070536269199412,0.014087936279356039,0.46462862318840575,0.47870195337114047,0.493840579710145,0.564461247637051,0.5392879647132954,0.5014013928996094
0.0232,0.5085510710657201,0.014116205231542715,0.4686141304347826,0.4801827347195967,0.4937775677378702,0.5677693761814745,0.5400283553875236,0.5009342619330729
0.0234,0.5099239892663435,0.014111635481525704,0.4707427536231884,0.48128544423440456,0.49560491493383746,0.5695967233774417,0.541099558916194,0.5012145405129947
0.0236,0.5115322172434522,0.01400021965977906,0.4721920289855072,0.4823724007561436,0.49993698802772524,0.5710459987397605,0.541446124763705,0.5021997621878717
0.0238,0.5132831594275206,0.0137153100351709,0.47397342995169084,0.4864524259609325,0.5007088846880908,0.572117202268431,0.541792690611216,0.5046543230847631
0.024,0.5140368963875431,0.014390132541710347,0.475030193236715,0.4827032136105861,0.5025047258979207,0.5764965343415249,0.5428323881537491,0.5046543230847631
0.0242,0.5156722962930733,0.014715318664254438,0.47647946859903384,0.4815689981096408,0.5057340894770006,0.5794423440453687,0.5446597353497165,0.5061491421776797
0.0244,0.5176296474369666,0.01481016873182047,0.47833635265700486,0.48267170762444866,0.5079237555135475,0.5816162570888468,0.5468809073724008,0.5083489043655511
0.0246,0.5188332896619858,0.015051467126050409,0.47836654589371985,0.4845148078134846,0.5075614366729679,0.5841682419659735,0.5482986767485822,0.510090028877187
0.0248,0.5199772215973414,0.01525713897016913,0.479423309178744,0.48484562066792697,0.5093730308758665,0.5863421550094519,0.5497637051039698,0.5101155087480891
0.025,0.5211386161624275,0.015552004751563722,0.4826841787439614,0.48443604284814124,0.5079395085066163,0.5903906742281034,0.5497794580970383,0.511601834550705
0.0252,0.5220047850448601,0.01573987534227985,0.4848580917874396,0.4833648393194707,0.5087271581600505,0.5926118462507877,0.5501260239445495,0.5123407508068627
0.0254,0.52167497213888,0.015870541501208348,0.4823671497584542,0.4833648393194707,0.5094675488342786,0.5929584120982987,0.549007561436673,0.512884321386105
0.0256,0.5222974352344544,0.01571723499070694,0.48526570048309187,0.48405797101449277,0.5087586641461879,0.5948015122873346,0.5460459987397606,0.5148547647358587
0.0258,0.5223645987275335,0.015763833188252484,0.48709239130434784,0.48174228103339634,0.5076874606175173,0.5947857592942658,0.5460459987397605,0.516833701375913
0.026,0.5223882622976309,0.016347483963780197,0.488209541062802,0.4772684310018903,0.5077189666036547,0.5969754253308128,0.5470856962822935,0.5170715135043316
0.0262,0.5224124464593577,0.016634127681651664,0.4922101449275361,0.4735349716446125,0.5062539382482673,0.5984719596723378,0.5466603654694392,0.5173432987939528
0.0264,0.522558607460477,0.016761557790580535,0.491893115942029,0.4723377441713925,0.5066320100819156,0.5984877126654065,0.5474007561436672,0.518600305758451
0.0266,0.5226005940162519,0.01699221702782179,0.491274154589372,0.4704473850031506,0.5091839949590422,0.5988657844990548,0.5484719596723376,0.517360285374554
0.0268,0.5218093337444282,0.01709279253738347,0.4905948067632851,0.46891934467548835,0.5085066162570888,0.5992123503465658,0.5455576559546313,0.5180652284695091
0.027,0.5222023246396601,0.017036390181107672,0.49100241545893725,0.46810018903591677,0.5132797731568999,0.5995746691871455,0.5436672967863894,0.5175896042126721
0.0272,0.5228388717875422,0.018018025809458205,0.48852657004830913,0.46614681789540013,0.5173597983616888,0.6054505356017643,0.5429111531190925,0.5166383556989979
0.0274,0.5227070361152508,0.0183103763317198,0.4885416666666667,0.4634845620667927,0.519580970384373,0.6065689981096408,0.540705734089477,0.5173602853745543
0.0276,0.5218884626128905,0.018242549990809202,0.48743961352657,0.4619407687460617,0.519187145557656,0.6051039697542533,0.5380907372400756,0.5195685408527264
0.0278,0.5213552477467746,0.01881817954811967,0.4881642512077294,0.45672652804032765,0.5195494643982357,0.6065374921235034,0.5358695652173913,0.5212841854934602
0.028,0.5214849718778614,0.019023638821013326,0.49035326086956516,0.4566477630749842,0.5155482041587902,0.6090894770006301,0.5332860743541273,0.5239850518090708
0.0282,0.520875808853147,0.01976932066291285,0.48719806763285023,0.45286704473850037,0.5155482041587902,0.6109168241965973,0.5332703213610586,0.5254543910310854
0.0284,0.520171354424909,0.02045524768365168,0.4875754830917874,0.4498109640831758,0.5130119722747322,0.6142407057340895,0.5314272211720226,0.524961780193647
0.0286,0.5193262038046741,0.02053120136119146,0.48721316425120775,0.44823566477630744,0.5112161310649024,0.61351606805293,0.5295998739760555,0.5261763207066418
0.0288,0.5180297681054049,0.02087678063180639,0.4879227053140097,0.4448487712665406,0.5101291745431632,0.6142249527410207,0.5255986137366099,0.5254543910310854
0.029,0.5185544176178849,0.020367617764077747,0.4908514492753623,0.447069943289225,0.507955261499685,0.6124291115311908,0.5248739760554505,0.5281467640563955
0.0292,0.5171970687956277,0.020496418484276892,0.49015700483091784,0.44514807813484564,0.5043793320730939,0.6113736609955891,0.5237397605545053,0.5283845761848139
0.0294,0.5170669015437844,0.02057681351347086,0.49017210144927537,0.4462665406427221,0.5040170132325141,0.6128701953371142,0.5197227473219911,0.5293528112790895
0.0296,0.5168848284354765,0.02102850351210086,0.4890700483091788,0.4436672967863894,0.5040012602394455,0.6136105860113422,0.5178954001260239,0.533064379140479
0.0298,0.5163166481528934,0.02088341917838559,0.4894776570048308,0.44287964713295525,0.5044108380592311,0.6118147448015124,0.515012602394455,0.5343043995243757
0.03,0.515629301222256,0.020738663337754242,0.488088768115942,0.4420919974795211,0.501496534341525,0.6089004410838059,0.5171865154379331,0.5360115508748089
0.0302,0.5144185240394843,0.020768845484762877,0.48734903381642514,0.4413201008191557,0.49970069313169496,0.6074984247006932,0.5123976055450535,0.5382452862238831
0.0304,0.5139025728391663,0.020734128453851836,0.4869716183574879,0.44242281033396347,0.4968021424070573,0.6075141776937618,0.5116887208569627,0.5380159673857652
0.0306,0.5136727531627264,0.020757793123489257,0.4902324879227053,0.4413043478260869,0.4953528670447385,0.6067895400126023,0.5083963453056081,0.5399609308646169
0.0308,0.5127108305044368,0.020834423022363963,0.4909571256038648,0.43865784499054816,0.4949905482041587,0.6045998739760554,0.505119722747322,0.5419398675046713
0.031,0.5126484336720766,0.020583938747930727,0.49420289855072463,0.44010712035286703,0.491698172652804,0.6034814114681788,0.5039855072463768,0.5424154917615084
0.0312,0.511679255715096,0.020861213754897936,0.49379528985507254,0.4393982356647763,0.4880907372400756,0.6034656584751104,0.5014492753623189,0.5438763376932223
0.0314,0.5107756069112407,0.02080572698135206,0.4970561594202899,0.4389571518588532,0.4840422180214241,0.6002205419029615,0.497069943289225,0.54730762697469
0.0316,0.5087662806349377,0.020813923944597627,0.49637681159420294,0.4392564587271582,0.47670132325141773,0.5969596723377443,0.4945179584120982,0.5487854594870052
0.0318,0.508666265942491,0.021356865584086587,0.4967391304347826,0.43851606805293003,0.4741965973534971,0.5995904221802142,0.49343100189035916,0.5495243757431629
0.032,0.5069896254612098,0.021388838899151424,0.49675422705314015,0.4370352867044739,0.4690611216131065,0.5967076244486453,0.49308443604284813,0.549295056905045
0.0322,0.5066391015749593,0.021415878902903866,0.49679951690821256,0.4392564587271582,0.4635633270321361,0.5963610586011343,0.494533711405167,0.5493205367759469
0.0324,0.5058655766325685,0.021162167883387293,0.49752415458937194,0.44149338374291114,0.46137366099558913,0.594880277252678,0.49160365469439193,0.5483183285204689
0.0326,0.5045825086262526,0.021802131990158652,0.49711654589371984,0.437775677378702,0.45808128544423443,0.594533711405167,0.48946124763705107,0.5505265839986411
0.0328,0.5037647888644324,0.021737600228665478,0.4974486714975844,0.4374133585381223,0.45406427221172024,0.5912570888468809,0.4909105229993699,0.5514948190929166
0.033,0.5026239068174142,0.021506038423994994,0.49636171497584536,0.4389413988657845,0.4511814744801512,0.5883427851291746,0.48942974165091363,0.5514863258026159
0.0332,0.5013509027030237,0.021719499575760488,0.49136473429951694,0.44076874606175176,0.4460459987397606,0.5883585381222433,0.49054820415879014,0.5510191948360795
0.0334,0.5006566022737543,0.022268017598259873,0.492481884057971,0.44264335223692497,0.438421550094518,0.5887366099558916,0.4894139886578451,0.5522422286393749
0.0336,0.4981326150244409,0.022168884790984642,0.4892512077294686,0.4426591052299937,0.4344202898550725,0.5843572778827978,0.48613736609955893,0.5519704433497538
0.0338,0.49697683480268506,0.02271389709066647,0.4860054347826086,0.4422810333963453,0.43078134845620664,0.5854284814114682,0.4846723377441714,0.55269237302531
0.034,0.49600419027965487,0.02296135311604037,0.48491847826086953,0.44298991808443605,0.4278670447385003,0.5854284814114681,0.4821203528670447,0.5527008663156107
0.0342,0.4952501866964414,0.023271811197674526,0.4823520531400966,0.4463453056080655,0.4227788279773157,0.5854599873976055,0.48137996219281665,0.5531849838627485
0.0344,0.49435459086810324,0.0239671560487266,0.47874396135265707,0.44557340894770003,0.41770636420919977,0.5858065532451165,0.48317580340264643,0.5551214540512994
0.0346,0.49316967015127045,0.02435392560943857,0.47586050724637685,0.4436672967863894,0.4151543793320731,0.5861531190926275,0.48355387523629484,0.554628843213861
0.0348,0.4915128638487091,0.024232032502275888,0.4740640096618357,0.4440768746061751,0.4122558286074354,0.5829080025204789,0.4821203528670447,0.5536521148292849
0.035,0.4910445338954473,0.024411251241829423,0.4722222222222222,0.44335223692501574,0.41159420289855075,0.5833018273471959,0.4821361058601134,0.5536606081195856
0.0352,0.4906170904635971,0.024758018964244052,0.4696859903381642,0.44484877126654065,0.40867989918084435,0.5832860743541273,0.48208884688090736,0.5551129607609988
0.0354,0.4898307128822668,0.024807794576863027,0.4703955314009661,0.445478890989288,0.4050409577819786,0.5810964083175802,0.48208884688090736,0.554883641922881
0.0356,0.48833943559636017,0.0244616361099338,0.4689160628019324,0.44621928166351604,0.4028985507246377,0.5763705103969754,0.48174228103339634,0.5538899269577033
0.0358,0.4869187537687749,0.02456947134470257,0.4674365942028985,0.4461877756773787,0.3996219281663516,0.5741650913673598,0.4806868304977945,0.5534143027008663
0.036,0.48709991318906476,0.024644275503543898,0.4670742753623188,0.4480151228733459,0.3988657844990548,0.5748897290485192,0.48034026465028357,0.5534143027008663
0.0362,0.4858966821598898,0.024366138901689212,0.46668176328502414,0.44870825456836805,0.397416509136736,0.5719911783238815,0.47887523629489603,0.5517071513504332
0.0364,0.4842091768579014,0.0244699825392297,0.46625905797101447,0.4467863894139887,0.3944864524259609,0.5687303087586641,0.4770478890989288,0.5519449634788517
0.0366,0.4842280688057247,0.024971842447922225,0.4655193236714975,0.44528985507246377,0.3926591052299937,0.5720384373030877,0.47885948330182726,0.5510022082554783
0.0368,0.4839181637399037,0.024585443290641197,0.4669535024154589,0.4445652173913044,0.39262759924385626,0.5680529300567108,0.4803245116572148,0.5509852216748768
0.037,0.4830662168484426,0.024712423262055177,0.46518719806763287,0.4449590422180214,0.3911783238815375,0.56734404536862,0.4784971644612477,0.5512315270935961
0.0372,0.48230777586965673,0.024586985642020966,0.4680404589371981,0.4441871455576559,0.38861058601134213,0.5633112791430371,0.47846565847511024,0.5512315270935961
0.0374,0.4819713827523781,0.02444539538199897,0.4680555555555556,0.4430529300567108,0.3882640201638311,0.5625551354757403,0.4806395715185885,0.5492610837438423
0.0376,0.4809127668933078,0.024410839825318817,0.471286231884058,0.4393509766855702,0.38676748582230625,0.5596093257718966,0.4799149338374291,0.5485476473585867
0.0378,0.480042652087993,0.02450399191889479,0.4719957729468599,0.43865784499054816,0.3845620667926906,0.5599873976055451,0.4792060491493384,0.545846781042976
0.038,0.48149140795505607,0.024346562163295178,0.4759208937198068,0.4416194076874606,0.3849558916194077,0.5603812224322622,0.4799779458097039,0.5460930864616953
0.0382,0.481661183616861,0.024621836712325495,0.4776871980676328,0.4401228733459357,0.38421550094517964,0.5618620037807184,0.4799779458097039,0.5461015797519959
0.0384,0.48127276645776135,0.024776596075463238,0.4773097826086956,0.4401701323251417,0.3823724007561437,0.5611531190926276,0.48030875866414624,0.5463224052998132
0.0386,0.4819512858528138,0.02446236252904962,0.47732487922705313,0.4402646502835538,0.38528670447385005,0.5619092627599243,0.481364209199748,0.5455580091727535
0.0388,0.4818333017087158,0.02434066809724352,0.47835144927536233,0.43950850661625707,0.3856017643352237,0.5630592312539383,0.48208884688090736,0.5423900118906065
0.039,0.48188460173515013,0.02429351718616581,0.47762681159420295,0.4405797101449275,0.38413673597983616,0.5612161310649023,0.4853497164461248,0.542398505180907
0.0392,0.48146286011494394,0.02380995655543124,0.47551328502415463,0.44169817265280403,0.3863106490233144,0.5605229993698804,0.48427851291745433,0.5404535417020554
0.0394,0.4818839519944283,0.02346949417740577,0.4773097826086957,0.4417454316320101,0.3880907372400756,0.5601606805293006,0.48498739760554505,0.5390096823509427
0.0396,0.4814195465568898,0.023323630264116917,0.47475845410628015,0.4414303717706364,0.38911468178954,0.5601606805293006,0.4850031505986137,0.5380499405469679
0.0398,0.48016742220855496,0.0235253502536761,0.47512077294685984,0.4418714555765595,0.38429426591052307,0.558002520478891,0.4853812224322621,0.5363342959062342
0.04,0.4795467039265106,0.02373964710591381,0.47546799516908217,0.44217076244486453,0.3813957151858854,0.5569155639571518,0.48498739760554505,0.5363427891965348
0.0402,0.48006462534733557,0.023694114612061203,0.4773097826086957,0.4417769376181474,0.3810333963453056,0.5551512287334593,0.4882640201638312,0.5368523866145745
0.0404,0.48125791403339285,0.02301916438019399,0.47801932367149763,0.4436672967863894,0.38541272841839946,0.5548204158790171,0.489760554505356,0.5358671649396977
0.0406,0.48089340014138954,0.02312493070571051,0.47904589371980677,0.4428954001260239,0.38467233774417137,0.5555608065532451,0.4882955261499685,0.5348904365551215
0.0408,0.4816360056946789,0.023034924092658133,0.48120471014492755,0.4435885318210461,0.38539697542533086,0.5574196597353497,0.48974480151228733,0.5324613555291321
0.041,0.4809993277438527,0.02280829604387312,0.4815217391304348,0.4432577189666036,0.38574354127284183,0.5566792690611215,0.4883112791430372,0.5304824188890775
0.0412,0.48047092521449475,0.022737830821309077,0.48227657004830915,0.44401386263390047,0.3856962822936358,0.5566950220541903,0.48391619407687464,0.5302276201800578
0.0414,0.4805002158198404,0.022447055917490487,0.48405797101449266,0.4454316320100819,0.3853182104599874,0.5548834278512917,0.4850189035916824,0.5282911499915067
0.0416,0.4807457065586516,0.022151321857108892,0.4836805555555556,0.4450850661625709,0.3882167611846251,0.5552614996849401,0.48394770006301197,0.528282656701206
0.0418,0.48115620737633974,0.022180573881397953,0.4847373188405797,0.44510081915563965,0.38894139886578455,0.5567422810333964,0.4836168872085696,0.5277985391540682
0.042,0.4823715274667049,0.022365668809933275,0.4861865942028986,0.44763705103969753,0.3881537492123503,0.5578764965343416,0.4850819155639572,0.5292933582469848
0.0422,0.48319081283142973,0.0224081648101626,0.4875905797101449,0.44878701953371136,0.38848456206679266,0.5585853812224323,0.4854442344045369,0.5302531000509598
0.0424,0.48368202079381994,0.02256737726658888,0.48762077294685985,0.44844045368620034,0.3888783868935098,0.5604284814114682,0.48621613106490236,0.5305078987599796
0.0426,0.4841910938107967,0.022327621476742467,0.48973429951690833,0.4479993698802772,0.39072148708254567,0.5601134215500945,0.4865626969124134,0.5300152879225412
0.0428,0.4846252862211477,0.022196318986977954,0.48762077294685985,0.44691241335853815,0.39365154379332074,0.5612476370510396,0.48731884057971014,0.531000509597418
0.043,0.4854400044651468,0.02199646294720153,0.49050422705314006,0.4476055450535602,0.3965658475110271,0.5630907372400756,0.4843572778827977,0.5305163920502803
0.0432,0.485193692988499,0.022442314786430308,0.4923460144927537,0.44688090737240077,0.39442344045368616,0.5649180844360429,0.4825614366729679,0.5300322745031426
0.0434,0.48509931960273994,0.022221133048151757,0.4922856280193237,0.4483144297416509,0.3955576559546313,0.5642091997479521,0.47967863894139884,0.5305503652114829
0.0436,0.48561777263467804,0.022089400332828617,0.49267814009661837,0.4516698172652804,0.39591997479521107,0.5656584751102709,0.47895400126023946,0.5288262272804484
0.0438,0.48610656675407443,0.022104254250819175,0.4926781400966183,0.4527725267800882,0.39593572778827973,0.5667769376181474,0.4803717706364209,0.5281042976048921
0.044,0.48695501299899185,0.021784563547735246,0.4951841787439613,0.45724637681159414,0.397763074984247,0.5678954001260239,0.47747321991178326,0.526167827416341
0.0442,0.48802461736457636,0.021846544240784395,0.49661835748792277,0.4595148078134845,0.39773156899810963,0.5690138626339005,0.47859168241965977,0.5266774248343808
0.0444,0.48728105530895105,0.021925986898644036,0.4984299516908212,0.4576559546313799,0.3973850031505986,0.56794265910523,0.4753150598613736,0.5269577034143026
0.0446,0.48776757904305024,0.021674471655396817,0.4981582125603864,0.4587586641461877,0.3988972904851922,0.567596093257719,0.4760081915563957,0.5271870222524206
0.0448,0.4887683113566845,0.02128113303533579,0.49776570048309177,0.4620982986767486,0.40184310018903585,0.5686988027725268,0.47597668557025835,0.5262272804484457
0.045,0.48884706918630827,0.02145448549020864,0.4995772946859903,0.46135790800252047,0.4018588531821046,0.5701638311279142,0.4748739760554505,0.5252505520638696
0.0452,0.4888480598248863,0.021265945481637585,0.4985809178743962,0.46283868935097666,0.40335538752362954,0.5715973534971646,0.47414933837429113,0.5225666723288602
0.0454,0.4905186637475092,0.021118024393406137,0.5025211352657005,0.46542218021424075,0.40554505356017645,0.5726685570258349,0.4741335853812224,0.52282147103788
0.0456,0.49053251029556505,0.021220072843266265,0.5057669082125604,0.4668399495904222,0.40447385003150593,0.5722747321991177,0.4719439193446755,0.5218957023951079
0.0458,0.4912081243749333,0.021584813033466994,0.5072010869565218,0.4656742281033396,0.404174543163201,0.5751575299306868,0.47340894770006303,0.5216324103957873
0.046,0.49201132913529433,0.021868662757311363,0.5082729468599034,0.46756458727158157,0.4034656584751103,0.5781033396345305,0.4744643982356648,0.5201970443349755
0.0462,0.4922238780102168,0.021649011290613123,0.5072010869565218,0.46609955891619403,0.40678954001260237,0.5795368620037806,0.4744959042218021,0.5192203159503992
0.0464,0.49262196159794147,0.02148901556290358,0.5085899758454107,0.4667926906112161,0.4097668557025835,0.5810333963453056,0.4722904851921865,0.5172583658909462
0.0466,0.4925264107441116,0.02157138570949571,0.5089522946859903,0.4686515437933207,0.41014492753623183,0.5831915563957152,0.47084120982986766,0.5133769322235434
0.0468,0.4924380393162037,0.021043933953289757,0.5100392512077294,0.4708569628229363,0.4127441713925646,0.581364209199748,0.46866729678638946,0.5109563444878547
0.047,0.4926650894414588,0.021017793310606034,0.5100392512077294,0.47195967233774416,0.4142249527410208,0.5820730938878386,0.46652488972904854,0.5111686767453711
0.0472,0.49303529797222106,0.02113025169682469,0.5125452898550724,0.47454316320100814,0.41316950220541904,0.5817107750472589,0.4650913673597983,0.5111516901647698
0.0474,0.49288421471824595,0.0212359562558415,0.5132699275362318,0.473015122873346,0.415012602394455,0.5835381222432262,0.46327977315689983,0.5091897401053168
0.0476,0.4926152176367434,0.02116371796786083,0.5078955314009661,0.4745116572148708,0.4143194706994329,0.5846250787649654,0.4658632640201638,0.5084763037200613
0.0478,0.49363697427050374,0.020973098794696103,0.5089221014492754,0.4774889729048518,0.4161468178954001,0.5849716446124763,0.46581600504095777,0.5084763037200611
0.048,0.49421290846018767,0.021362807818548605,0.5110960144927537,0.4774417139256458,0.4161783238815374,0.5878859483301827,0.46542218021424075,0.5072532699167658
0.0482,0.49617965283127335,0.021412308811862173,0.5114583333333333,0.4792848141146818,0.41986452425960935,0.5923125393824826,0.46764335223692494,0.5065143536606082
0.0484,0.4949637318724327,0.02172854581472433,0.5078502415458938,0.4774417139256458,0.4173125393824827,0.5930214240705733,0.4676591052299937,0.5064973670800068
0.0486,0.4954618983135928,0.021192587985628328,0.5067632850241546,0.47901701323251417,0.4209199747952111,0.592643352236925,0.4691556395715185,0.5042721250212333
0.0488,0.495566063449053,0.021384037152027423,0.5089221014492754,0.4766855702583491,0.42021109010712027,0.5933679899180844,0.4706679269061123,0.5035417020553763
0.049,0.4956440626624825,0.021643025432166108,0.5096467391304348,0.4755513547574039,0.4206206679269061,0.5955103969754253,0.47068367989918086,0.5018515372855444
0.0492,0.49389440574416626,0.02166367981209684,0.5085446859903382,0.47443289224952745,0.41913988657844986,0.5939981096408318,0.46810018903591677,0.49915067096993376
0.0494,0.49512422658313393,0.021192397720645823,0.509933574879227,0.47700063011972277,0.42136105860113415,0.593241965973535,0.4717391304347826,0.4974689994904026
0.0496,0.49496978775699835,0.021342447742104,0.5088466183574878,0.47848141146817885,0.4195179584120983,0.5932262129804663,0.47104599873976055,0.49870052658399866
0.0498,0.4965711023738981,0.021555178994515464,0.508816425120773,0.4844045368620037,0.42060491493383745,0.5964870825456836,0.4706679269061122,0.49844572787497876
0.05,0.4969936845409962,0.021480197121156168,0.5098580917874396,0.4865626969124134,0.41954946439823565,0.5953843730308759,0.47143982356647757,0.4991676575505351
0.0502,0.49690446487299894,0.02180439498225501,0.5108393719806763,0.4879489603024575,0.41887208569628226,0.5968336483931947,0.46923440453686205,0.49769831832852046
0.0504,0.49698180109631046,0.021529136731706398,0.5097826086956522,0.4894139886578449,0.4189193446754883,0.5953686200378071,0.47069943289224947,0.49770681161882113
0.0506,0.49670361475026864,0.02157300054733333,0.5097675120772946,0.4885790800252049,0.41748582230623815,0.5945967233774417,0.4711090107120352,0.4986835400033973
0.0508,0.496547998976375,0.021252470876137946,0.5075935990338165,0.4903276622558286,0.4196912413358538,0.5938405797101449,0.4696439823566477,0.49819092916595886
0.051,0.496665270719213,0.020389885175152795,0.5093297101449276,0.488421550094518,0.42444864524259607,0.5905482041587902,0.4700378071833648,0.497205707491082
0.0512,0.4968329953633521,0.02059296476798151,0.5082427536231885,0.4883585381222432,0.4236925015752993,0.5923597983616887,0.4725740390674228,0.4957703414302701
0.0514,0.49785047896466555,0.02073535907213167,0.5104166666666666,0.486830497794581,0.42589792060491494,0.5948802772526779,0.47329867674858217,0.49577883472057066
0.0516,0.49807891877132043,0.020630458395239862,0.5107789855072463,0.48604284814114684,0.42736294896030247,0.5944549464398237,0.471124763705104,0.4987090198742993
0.0518,0.4986897040015486,0.020420064036905158,0.5097222222222222,0.4871455576559546,0.42733144297416514,0.5936515437933207,0.47336168872085693,0.5009257686427722
0.052,0.4981008534531788,0.020058845306422365,0.5061292270531401,0.48788594833018273,0.4280560806553245,0.5924543163201007,0.47558286074354134,0.4984966876167828
0.0522,0.49785495865424306,0.01997299435445539,0.5057820048309178,0.4864524259609325,0.4281348456206679,0.5917139256458727,0.47559861373661,0.49944793613045696
0.0524,0.49678732450916563,0.019591719757951823,0.5025513285024155,0.48530245746691864,0.42744171392564584,0.5887838689350977,0.47742596093257716,0.4992186172923391
0.0526,0.49722704717656757,0.019707085891947536,0.504362922705314,0.4863894139886577,0.4248897290485192,0.5880434782608696,0.47926906112161305,0.5004076779344319
0.0528,0.49673974392084547,0.01927733517485882,0.5068538647342995,0.4822621298046629,0.4259609325771896,0.5847668557025835,0.47969439193446756,0.5009002887718703
0.053,0.49697852083944105,0.019161546629947925,0.5086503623188405,0.4806868304977946,0.427788279773157,0.5847511027095148,0.4793320730938878,0.5006624766434516
0.0532,0.4977054074801561,0.019152679744391776,0.5119263285024155,0.4795998739760554,0.42893824826717075,0.5854284814114681,0.4818683049779458,0.4984712077458807
0.0534,0.4969078170817081,0.018844268324669358,0.513300120772947,0.4784814114681789,0.42744171392564584,0.5810333963453056,0.4807655954631381,0.5004246645150332
0.0536,0.4962159849238774,0.01876561509431355,0.5128925120772946,0.47518903591682415,0.4275047258979206,0.579521109010712,0.48005671077504725,0.5021318158654664
0.0538,0.4951464498156552,0.018494318989109925,0.5121678743961353,0.47222747321991176,0.4267485822306238,0.5762129804662885,0.4811436672967863,0.5023781212841855
0.054,0.49540755007125553,0.018414337933697372,0.5128623188405796,0.471471329552615,0.42712665406427225,0.5758349086326402,0.4830182734719597,0.5021318158654664
0.0542,0.49534683485299186,0.0182627296919579,0.5117300724637681,0.46999054820415875,0.42676433522369245,0.5744328922495274,0.48632640201638305,0.5028367589604212
0.0544,0.4962825310657122,0.017626032519255375,0.5117300724637681,0.47073093887838685,0.4289697542533082,0.5714555765595463,0.4900441083805923,0.5047647358586718
0.0546,0.49619751571169507,0.017253713134313845,0.5081521739130436,0.4706521739130435,0.4300882167611846,0.5703213610586011,0.4944549464398236,0.5035162221844742
0.0548,0.4960016428091611,0.01714682545793889,0.5071256038647343,0.4683994959042218,0.43081285444234396,0.5691713925645872,0.4948015122873346,0.5056989977917445
0.055,0.4967297399206503,0.016787912638419576,0.5092542270531402,0.4676275992438563,0.43336483931947073,0.5677063642091996,0.49625078764965347,0.5061746220485815
0.0552,0.4956925244006825,0.016379721047955566,0.5081521739130435,0.4661153119092628,0.434436042848141,0.5647605545053561,0.4947542533081285,0.5059368099201631
0.0554,0.49519298254956196,0.016727020011902103,0.5052536231884057,0.46279143037177056,0.4336798991808443,0.5658160050409577,0.49621928166351614,0.507397655851877
0.0556,0.49549764979275907,0.01632757073013635,0.5046195652173913,0.4653906742281033,0.43402646502835535,0.5636420919974795,0.49621928166351603,0.5090878206217088
0.0558,0.4955012477192307,0.016276206352975487,0.5046497584541063,0.462822936357908,0.4332860743541273,0.5603339634530562,0.49914933837429104,0.5127654153218957
0.056,0.49598025832101916,0.015900628581307585,0.5013888888888889,0.46201953371140514,0.4369407687460617,0.5599243856332704,0.5020951480781349,0.5135128248683539
0.0562,0.4958544674394794,0.015786872252346363,0.5006340579710146,0.46129489603024576,0.43648393194706997,0.5573408947700063,0.5039067422810334,0.5154662816375064
0.0564,0.49579874428891196,0.015572929502587212,0.5002566425120774,0.4598298676748581,0.4372558286074354,0.5544265910522999,0.5060964083175803,0.5169271275692203
0.0566,0.4958772486704102,0.015546490175115663,0.4991847826086957,0.45942028985507244,0.4376181474480151,0.5537019533711405,0.5072306238185255,0.5181076949210125
0.0568,0.495681260332745,0.015651263140358015,0.4966485507246377,0.4579395085066162,0.4379332073093888,0.5532766225582861,0.508695652173913,0.5195940207236284
0.057,0.49573232781648247,0.01538578308217113,0.49444444444444446,0.458648393194707,0.43942974165091364,0.5521581600504095,0.509388783868935,0.5203244436894853
0.0572,0.4951108910380843,0.015264566472192603,0.49018719806763283,0.45904221802142403,0.4408790170132325,0.5528040327662256,0.507199117832388,0.5205537625276031
0.0574,0.4939498867634137,0.015263602518023235,0.4847977053140097,0.4590737240075614,0.4411468178954001,0.5527882797731569,0.5053560176433523,0.5205367759470019
0.0576,0.49373498507076635,0.015211211018256142,0.483725845410628,0.46160995589161946,0.4403906742281034,0.5534971644612476,0.5031505986137367,0.5200356718192628
0.0578,0.4939045281712919,0.015002907292773841,0.48230676328502414,0.46271266540642725,0.4419029615626969,0.5523471959672338,0.5017013232514178,0.5224562595549516
0.058,0.4930228190294325,0.015159767223837257,0.481219806763285,0.4630592312539383,0.44113106490233145,0.5534341524889729,0.4965816005040957,0.5227110582639715
0.0582,0.4932239571825127,0.014960880842964437,0.4772795893719806,0.4683207309388783,0.44180844360428484,0.5530560806553245,0.4947069943289225,0.5241719041956855
0.0584,0.49344646159420114,0.015131228344422978,0.47622282608695654,0.46909262759924386,0.44180844360428484,0.5537334593572779,0.49395085066162564,0.525870562255818
0.0586,0.49266658617723574,0.015524718318491755,0.4733393719806763,0.469880277252678,0.43818525519848767,0.5530245746691872,0.4947227473219912,0.5268472906403942
0.0588,0.4930351950245993,0.0156935330072391,0.47299214975845405,0.4695179584120982,0.44040642722117196,0.5573881537492124,0.49324196597353503,0.524664515033124
0.059,0.49295136267626877,0.016031198241471017,0.47192028985507245,0.4710302457466919,0.43890989287964716,0.5595463137996219,0.49215500945179586,0.5241464243247834
0.0592,0.4927067399494371,0.016387447834386483,0.4704710144927537,0.46991178323881544,0.4388941398865785,0.5614051669817266,0.49068998109640827,0.5248683540003397
0.0594,0.49143713314373366,0.016183052089624013,0.46653079710144923,0.47222747321991176,0.43856332703213613,0.5584908632640201,0.48771266540642716,0.5250976728384577
0.0596,0.4918684603768236,0.016253906437844603,0.46293780193236717,0.47556710775047256,0.43928796471329556,0.5588059231253938,0.4887838689350977,0.5258280958043146
0.0598,0.4917513172813477,0.016239842613782307,0.46330012077294686,0.4763547574039067,0.43856332703213613,0.5584278512917453,0.4880592312539383,0.5258026159334126
0.06,0.4918330287785892,0.016256940122609278,0.4626358695652174,0.48084436042848144,0.4363421550094517,0.5569628229363579,0.4876969124133586,0.5265160523186683
0.0602,0.49153679874339623,0.016800936617071202,0.4619112318840579,0.48344360428481414,0.4334120982986767,0.5595463137996219,0.4851134215500945,0.525794122643112
0.0604,0.49127302406095685,0.016996080534756285,0.4590277777777777,0.48459357277882803,0.4348298676748582,0.5607277882797732,0.4822148708254567,0.526244267029047
0.0606,0.4907195566845572,0.017481715017966453,0.4554045893719807,0.48533396345305596,0.4344045368620038,0.5618777567737869,0.4795998739760554,0.5276966196704603
0.0608,0.489774349059288,0.017921150852883518,0.449290458937198,0.4871455576559546,0.43475110270951484,0.5622558286074353,0.4770478890989288,0.5281552573466961
0.061,0.4902373867986463,0.01788545670258052,0.4496527777777778,0.49157214870825455,0.4340107120352867,0.5622400756143667,0.47701638311279143,0.5269322235434007
0.0612,0.4902789505816152,0.017957651886309777,0.44784118357487923,0.49084751102709523,0.4358538122243226,0.5622400756143667,0.4762602394454946,0.5286308816035332
0.0614,0.4895660787358456,0.01833011283608621,0.44681461352657,0.493494013862634,0.4336798991808443,0.5633270321361058,0.4729363579080025,0.5271445558009173
0.0616,0.4882199564446674,0.01851838264236044,0.4457276570048309,0.4927063642091998,0.43114366729678644,0.5615154379332072,0.47036862003780716,0.5278579921861729
0.0618,0.48732395107433674,0.01894477144193817,0.44503321256038647,0.49347826086956526,0.4270951480781348,0.5604599873976055,0.46854127284184,0.5293358246984883
0.062,0.48687962662965417,0.019116618403455687,0.44359903381642507,0.49163516068052926,0.4278197857592942,0.5619250157529931,0.46743856332703215,0.5288602004416512
0.0622,0.4852428804331028,0.019576593185067288,0.4414100241545894,0.49132010081915567,0.42378701953371145,0.5615626969124135,0.4652646502835539,0.5281127908951928
0.0624,0.4845029482288615,0.0196685102658074,0.4377868357487923,0.4917139256458727,0.42378701953371134,0.5600819155639571,0.4652804032766225,0.5283675896042127
0.0626,0.4834631758913504,0.02033761638777516,0.4341485507246377,0.4902331442974165,0.420478890989288,0.5597195967233775,0.4649180844360428,0.5312807881773399
0.0628,0.482970471007357,0.02079615670011859,0.433106884057971,0.4902804032766226,0.4171707624448645,0.5600819155639571,0.46493383742911154,0.5322490232716155
0.063,0.48192406568395435,0.021311125380150814,0.42883454106280194,0.4914303717706364,0.4149968494013862,0.5597353497164461,0.46383112791430375,0.5327161542381519
0.0632,0.4812934402170776,0.02178281690406115,0.4295591787439614,0.4910995589161941,0.41058601134215494,0.561184625078765,0.4630907372400756,0.5322405299813148
0.0634,0.48104103611805743,0.02194894640801066,0.4259208937198068,0.494486452425961,0.41132640201638315,0.5611531190926276,0.4623503465658475,0.5310090028877187
0.0636,0.480568651923919,0.02204679986352536,0.4262832125603865,0.49374606175173275,0.40953056080655326,0.5608223062381852,0.46200378071833653,0.53102598946832
0.0638,0.4810844535900287,0.022300998554980418,0.4277626811594203,0.4948487712665406,0.408349086326402,0.5622873345935727,0.46124763705103966,0.5320112111431968
0.064,0.4813341491817155,0.022553965228915607,0.4288194444444445,0.49560491493383746,0.4054347826086957,0.5622715816005041,0.4626654064272212,0.5332087650755903
0.0642,0.4805159083265356,0.02241592862413884,0.4273097826086956,0.49713295526149964,0.4053875236294896,0.5615469439193447,0.4619407687460617,0.5297774757941226
0.0644,0.4802704978645705,0.02264966784587033,0.4266002415458937,0.4997637051039697,0.40351291745431633,0.5618935097668556,0.461578449905482,0.5282741634109054
0.0646,0.47972801076259186,0.022555768614364126,0.4262681159420289,0.5009136735979836,0.4024259609325772,0.5593100189035916,0.461184625078765,0.5282656701206048
0.0648,0.4778641721281978,0.022458169371540104,0.4259359903381643,0.49908632640201633,0.39985822306238183,0.5571361058601134,0.45935727788279773,0.5258111092237132
0.065,0.4769733204756288,0.022474045093229967,0.4259208937198068,0.49940138626339003,0.39801512287334595,0.5553245116572147,0.45787649653434154,0.5253015118056734
0.0652,0.4761274162007547,0.022328726344770015,0.4230676328502415,0.49910207939508505,0.39796786389413985,0.5527567737870196,0.45934152488972907,0.5245286223883132
0.0654,0.4757957287189262,0.02202592889458137,0.42338466183574874,0.4968966603654693,0.3997794580970384,0.5513074984247007,0.45789224952741014,0.52551384406319
0.0656,0.4760584220796838,0.02213820265920409,0.4237620772946859,0.4953686200378072,0.3997479521109011,0.5531190926275993,0.4586011342155009,0.5257516561916087
0.0658,0.4753880354166817,0.021949546294633415,0.41983695652173914,0.4983774417139256,0.40195337114051666,0.5527725267800883,0.4585538752362949,0.5208340411075251
0.066,0.475744378723872,0.021926169452930425,0.4198671497584541,0.4991335853812224,0.4034499054820416,0.5538437303087587,0.45781348456206683,0.520358416850688
0.0662,0.4751000029110763,0.022364324952721358,0.41736111111111107,0.49987397605545053,0.4005513547574039,0.553434152488973,0.45855387523629487,0.5208255478172245
0.0664,0.4745197808600281,0.02227818577814448,0.41696859903381644,0.49914933837429115,0.4005356017643352,0.552236925015753,0.4574196597353497,0.5208085612366231
0.0666,0.4736736446185179,0.021920724221066282,0.4166062801932367,0.4994801512287335,0.3994486452425961,0.5489130434782609,0.45923125393824826,0.5183624936300323
0.0668,0.4728883456086442,0.021971112492445773,0.4148097826086956,0.4998424700693131,0.3980151228733459,0.5471014492753623,0.45997164461247636,0.517589604212672
0.067,0.473124216115182,0.021459187896439615,0.41556461352657,0.5013232514177693,0.40056710775047255,0.5441556395715186,0.4595620667926906,0.5175726176320706
0.0672,0.4727514084728714,0.021779469832624618,0.4144474637681159,0.5006143667296786,0.3998267170762445,0.5459672337744171,0.4580970384373031,0.5175556310514693
0.0674,0.47228733726203465,0.021928142490092336,0.413737922705314,0.5010081915563958,0.39798361688720857,0.545226843100189,0.45847511027095145,0.5172923390521489
0.0676,0.4716947468904347,0.022080250374203265,0.4108997584541062,0.5025204788909893,0.399054820415879,0.5445022054190296,0.45590737240075613,0.5172838457618482
0.0678,0.4710491210073375,0.021801170267617128,0.41299818840579705,0.5010239445494644,0.39905482041587903,0.5434152488972905,0.4529773156899811,0.5168252080856124
0.068,0.470436763558798,0.02115671795180403,0.4155193236714975,0.498408947700063,0.40014177693761815,0.5419344675488343,0.45223692501575297,0.5143791404790217
0.0682,0.46830139193078674,0.021022712695657978,0.41157910628019323,0.4950693131695022,0.3990390674228103,0.5385948330182735,0.45259924385633277,0.5129267878376083
0.0684,0.4669813196061949,0.02100094586165893,0.41011473429951684,0.4939350976685571,0.3976055450535601,0.5371140516698173,0.45189035916824205,0.5112281297774758
0.0686,0.4665364074866853,0.020760974385261373,0.41120169082125607,0.4935727788279774,0.39833018273471954,0.5349243856332703,0.4489760554505356,0.5122133514523526
0.0688,0.46655174214819,0.020647808955599475,0.40975241545893726,0.4936042848141146,0.40050409577819784,0.53528670447385,0.4489603024574668,0.5112026499065738
0.069,0.4665442900411483,0.020650473451407497,0.4111714975845411,0.492895400126024,0.3993856332703213,0.5356490233144298,0.44894454946439827,0.5112196364871752
0.0692,0.46558802740222777,0.020713007475451028,0.40868055555555555,0.49399810964083174,0.3986137366099559,0.533049779458097,0.4482041587901701,0.5109818243587566
0.0694,0.4659583804870607,0.021205965542600423,0.40760869565217395,0.4943604284814115,0.3974952741020794,0.5348613736609955,0.4482514177693762,0.5131730932563275
0.0696,0.46442262694819864,0.020852077179661224,0.40548007246376805,0.49133585381222433,0.39818840579710146,0.5319470699432893,0.4478890989287965,0.5116952607440123
0.0698,0.463907072096225,0.021092780793152115,0.40330615942028986,0.4913043478260869,0.3970856962822936,0.5315532451165721,0.4482514177693762,0.5119415661627313
0.07,0.46208627491482596,0.020737161640322008,0.40006038647343,0.4864996849401386,0.39814114681789536,0.5282451165721488,0.44859798361688713,0.5109733310684559
0.0702,0.4616363382823949,0.020670702401514772,0.39867149758454107,0.4831600504095778,0.39814114681789536,0.5267958412098299,0.45081915563957153,0.5122303380329539
0.0704,0.4614626930907895,0.02077508100116971,0.3965126811594203,0.48123818525519857,0.397763074984247,0.5267958412098299,0.4544738500315059,0.5119925259045355
0.0706,0.46139814298069787,0.021110166512328995,0.3965579710144927,0.47933207309388787,0.3962822936357908,0.529725897920605,0.4544896030245747,0.5120010191948362
0.0708,0.4612201494599372,0.020852661413447028,0.3972977053140096,0.4792848141146818,0.3959042218021424,0.528575929426591,0.45593887838689345,0.5103193477153048
0.071,0.46155304906639166,0.020853840660917635,0.39947161835748796,0.48046628859483304,0.3943761814744801,0.527835538752363,0.4555923125393825,0.511576354679803
0.0712,0.46104932324924136,0.02092330332971359,0.3991847826086957,0.4797258979206049,0.39218651543793326,0.5260239445494644,0.45708884688090734,0.5120859520978428
0.0714,0.4618758567769374,0.02088975412599957,0.3995471014492753,0.4812066792690611,0.39294265910522996,0.5260554505356018,0.4589161940768746,0.5125870562255818
0.0716,0.4614497673478888,0.020919584280758262,0.3988224637681159,0.4804347826086957,0.3918399495904222,0.525346565847511,0.46038122243226204,0.5118736198403261
0.0718,0.46279830953998974,0.020992446050090572,0.4013586956521739,0.4833648393194707,0.39113106490233146,0.5275519848771266,0.46224007561436675,0.5111431968744691
0.072,0.46325795762669336,0.02086750340860275,0.4009661835748791,0.4815059861373661,0.3922180214240706,0.5260869565217392,0.46589477000630125,0.5128758280958042
0.0722,0.4632470334159864,0.02095907484062174,0.403125,0.48078134845620674,0.3892879647132955,0.5242281033396345,0.4669502205419029,0.5151095634448786
0.0724,0.4646334963460239,0.02114251349285426,0.4038798309178744,0.4818683049779458,0.3899968494013863,0.5267800882167611,0.4691556395715185,0.5161202649906574
0.0726,0.46534936970961466,0.021408781668263068,0.4031400966183575,0.48366414618777565,0.3892407057340895,0.5267958412098299,0.4721329552614996,0.5171224732461356
0.0728,0.4652850938973292,0.021066859550661763,0.4063405797101449,0.4829395085066162,0.38886263390044107,0.524259609325772,0.4706994328922495,0.5186087990487515
0.073,0.4652307439825576,0.02129885245869255,0.4045591787439614,0.4833648393194707,0.3888468809073724,0.5253150598613737,0.4707151858853182,0.5185833191778496
0.0732,0.46467833046275225,0.021403733814802567,0.4041968599033816,0.48264020163831123,0.3873818525519849,0.5256616257088846,0.47077819785759284,0.5174112451163582
0.0734,0.4640918387900359,0.02137992875087793,0.40597826086956523,0.47999369880277254,0.3841524889729048,0.5248897290485192,0.47407057340894776,0.5154662816375064
0.0736,0.4642286263916006,0.021986714593582316,0.40418176328502414,0.48034026465028357,0.3826874606175173,0.5281978575929427,0.47370825456836807,0.516256157635468
0.0738,0.46452847473838094,0.022243294061385765,0.4031400966183575,0.48030875866414613,0.38268746061751735,0.5300409577819785,0.47444864524259617,0.5165449295056905
0.074,0.4647375998801544,0.022439264370292044,0.40418176328502414,0.47958412098298686,0.3819470699432892,0.5314429741650913,0.47298361688720847,0.5182860540173262
0.0742,0.46519071170341625,0.022824177747408785,0.4049214975845411,0.47881222432262127,0.38084436042848135,0.5340264650283554,0.47227473219911775,0.5202649906573807
0.0744,0.4655165412611511,0.023077550651331484,0.4057367149758454,0.4787807183364839,0.3794108380592312,0.5347668557025835,0.4726528040327662,0.5217513164599966
0.0746,0.4659093892004165,0.023533547300731344,0.40606884057971016,0.48026149968494014,0.37649653434152486,0.5348141146817895,0.4741020793950851,0.5237132665194496
0.0748,0.4667557239041291,0.023509620161276723,0.40788043478260877,0.4791587901701323,0.37723692501575296,0.5358695652173913,0.47518903591682415,0.5251995923220655
0.075,0.4669673778222975,0.023265246092335726,0.4096920289855072,0.47917454316320096,0.377977315689981,0.5362476370510397,0.4744643982356648,0.5242483438083914
0.0752,0.4670211818545167,0.023612053413673638,0.4103864734299517,0.47922180214240695,0.3754253308128544,0.5373660995589162,0.4751732829237555,0.5245541022592153
0.0754,0.4679599494184812,0.023369143146876478,0.4125754830917875,0.4798834278512918,0.3769218651543793,0.5380907372400756,0.47592942659105236,0.5243587565823
0.0756,0.4690380322268663,0.02287644082598336,0.4147493961352657,0.4817737870195337,0.3798676748582231,0.5365626969124133,0.4759136735979836,0.5253609648377783
0.0758,0.47071029743421766,0.022603597231797192,0.4168780193236715,0.4821203528670447,0.38349086326402015,0.5398708254568368,0.47701638311279143,0.5248853405809412
0.076,0.4724854095085737,0.022549502991012983,0.41831219806763287,0.48284499054820423,0.3864366729678639,0.5431632010081916,0.4784971644612477,0.5256582299983015
0.0762,0.4745372302589454,0.02171073722431786,0.42267512077294683,0.48323881537492125,0.3915248897290485,0.5427378701953371,0.48137996219281665,0.525666723288602
0.0764,0.4746460043074057,0.0214696136409617,0.42264492753623184,0.48361688720856966,0.39298991808443606,0.5420289855072463,0.4813957151858853,0.5251995923220656
0.0766,0.4763891519256376,0.02168578559275363,0.42444142512077293,0.4859010712035287,0.3937775677378702,0.5459987397605545,0.4824984247006931,0.5257176830304061
0.0768,0.47617665803663817,0.02177822508131244,0.42549818840579706,0.48632640201638305,0.3915879017013232,0.5452425960932576,0.4829080025204789,0.5254968574825888
0.077,0.47796707069200467,0.02147556871699036,0.4276268115942029,0.48705103969754254,0.39522684310018896,0.5477945809703844,0.4850819155639572,0.5250212332257517
0.0772,0.4794894779450723,0.021788122078085833,0.4272493961352657,0.4885633270321361,0.39672337744171393,0.551386263390044,0.4865154379332073,0.526499065738067
0.0774,0.4792586665894285,0.02173783611529069,0.42619263285024156,0.4885633270321361,0.39746376811594203,0.5514177693761815,0.48613736609955893,0.5257771360625106
0.0776,0.4795707804763822,0.02155611436677311,0.4247735507246377,0.4889256458727158,0.4003938248267171,0.5524732199117832,0.4864996849401386,0.5243587565823
0.0778,0.48065950767863486,0.02166085704015624,0.426207729468599,0.49040642722117206,0.40184310018903585,0.5564902331442974,0.48538122243226206,0.523628333616443
0.078,0.4805593072159038,0.021282912263699827,0.42830615942028993,0.49039067422810334,0.4029615626969124,0.5568210459987397,0.4839319470699433,0.5209444538814336
0.0782,0.4810401577555681,0.021488216676868423,0.4297252415458937,0.493289224952741,0.40148078134845616,0.5575456836798991,0.48248267170762443,0.5217173432987939
0.0784,0.4813268087932842,0.021200739981878144,0.4293327294685991,0.4911153119092628,0.40549779458097035,0.5586641461877756,0.48139571518588536,0.5219551554272124
0.0786,0.48223700207409204,0.020842394863510905,0.42967995169082124,0.4903591682419659,0.4095463137996219,0.5597353497164461,0.48287649653434156,0.5212247324613555
0.0788,0.4831462943402171,0.021098878083619606,0.4293176328502416,0.49109955891619406,0.41178323881537493,0.5637523629489604,0.481411468178954,0.521513504331578
0.079,0.4829109565225835,0.021094914870714857,0.42750603864734293,0.4903119092627598,0.4125393824826717,0.5633585381222432,0.4824826717076244,0.5212671989128588
0.0792,0.4833560533531693,0.020884780793817413,0.4303442028985508,0.4891304347826087,0.41402016383112794,0.5652173913043478,0.48137996219281665,0.5200441651095635
0.0794,0.4843857134282386,0.021115122663678435,0.4317632850241546,0.49065847511027094,0.4140201638311279,0.5684467548834278,0.4821203528670447,0.5193052488534058
0.0796,0.484891791542801,0.020889060102436078,0.4353411835748792,0.4913988657844991,0.41403591682419655,0.5692186515437934,0.481758034026465,0.5175980975029726
0.0798,0.4858811191925218,0.021037482313967494,0.43531099033816434,0.49209199747952115,0.4162885948330183,0.5721172022684311,0.4813957151858853,0.5180822150501104
0.08,0.4869647801081611,0.020699445354258036,0.4395833333333333,0.48985507246376814,0.419580970384373,0.5746376811594203,0.48101764335223696,0.517113979955835
0.0802,0.48783623299098644,0.020696930672755555,0.44103260869565214,0.4894927536231883,0.42145557655954624,0.5771896660365469,0.4817265280403277,0.5161202649906574
0.0804,0.4894502166321233,0.020773780111037466,0.442451690821256,0.48946124763705107,0.42476370510396977,0.5812066792690611,0.4832073093887838,0.5156106675726176
0.0806,0.490020816815629,0.02056521891611871,0.44458031400966186,0.49018588531821045,0.4262287334593573,0.5819313169502205,0.48284499054820423,0.5143536606081195
0.0808,0.4903509122700911,0.020633864593919464,0.44533514492753623,0.48870510396975425,0.4266225582860743,0.5830340264650283,0.48355387523629484,0.5148547647358587
0.081,0.4906704364718119,0.020156970401403948,0.447554347826087,0.4898078134845621,0.42728418399495904,0.5808443604284814,0.4839319470699433,0.5145999660268388
0.0812,0.4919245640433574,0.02014516956963303,0.44865640096618353,0.49013862633900446,0.4291115311909263,0.5826402016383112,0.48613736609955893,0.5148632580261594
0.0814,0.492367008411741,0.02017394607383449,0.44903381642512075,0.48859483301827344,0.43130119722747323,0.5841052299936988,0.48509766855702585,0.5160693052488534
0.0816,0.49314116722531026,0.01972884165675903,0.4519172705314009,0.4878229363579079,0.4356805293005671,0.5852079395085066,0.4843572778827977,0.5138610497706811
0.0818,0.4944030750912531,0.01969512537111234,0.4544535024154589,0.48708254568367987,0.4379017013232514,0.5874291115311909,0.4854442344045369,0.5141073551894004
0.082,0.49612732362594203,0.019518776691459204,0.45626509661835746,0.4914933837429111,0.44117832388153755,0.5888941398865785,0.48434152488972904,0.5145914727365382
0.0822,0.4976274888966419,0.019617078780113508,0.45738224637681163,0.4948015122873346,0.44195022054190297,0.5903749212350347,0.4847195967233775,0.5165364362153898
0.0824,0.4979899572714297,0.01964382069250519,0.45664251207729467,0.49447069943289224,0.44339949590422173,0.5914461247637051,0.4862003780718337,0.5157805333786308
0.0826,0.4990420781018548,0.01915366227706749,0.4591787439613526,0.4958884688090738,0.4459987397605545,0.5903749212350347,0.4865469439193447,0.5162646509257687
0.0828,0.49920837948583,0.018935459376191243,0.45846920289855075,0.4966446124763705,0.4481568998109641,0.5896187775677378,0.48612161310649016,0.5162391710548667
0.083,0.5010250190884961,0.018735817724035573,0.46317934782608694,0.4988815374921235,0.44925960932577186,0.5910680529300567,0.4875393824826717,0.5162221844742654
0.0832,0.5018671956559975,0.018625952847381725,0.4663647342995169,0.49850346565847514,0.44925960932577186,0.5914303717706364,0.4882167611846251,0.5174282316969594
0.0834,0.5029787392660492,0.01802246017615133,0.4699275362318841,0.4966603654694392,0.4529458097038438,0.5899495904221802,0.4885318210459987,0.5198573127229489
0.0836,0.5038204441699154,0.017664422832221024,0.4727807971014493,0.49593572778827977,0.45590737240075613,0.5896502835538753,0.48782293635790797,0.5208255478172245
0.0838,0.5035701883684892,0.01771022015034981,0.47204106280193237,0.4947700063011973,0.4559388783868935,0.5889413988657844,0.4867044738500315,0.5230253100050961
0.084,0.5041160804723527,0.017711357008816334,0.4717089371980676,0.4919187145557656,0.45997164461247636,0.5904064272211721,0.48668872085696274,0.5240020383896722
0.0842,0.5049325215466623,0.017315808033018517,0.47350543478260876,0.4911940768746062,0.46364209199747963,0.5896502835538752,0.48664146187775675,0.524961780193647
0.0844,0.5062261684617521,0.017201899123198947,0.47383756038647346,0.4919659735349716,0.4680529300567107,0.5904379332073093,0.4859010712035287,0.5271615423815186
0.0846,0.5064625238255732,0.0172697487611826,0.475618961352657,0.49128859483301834,0.46775362318840574,0.5912098298676749,0.485538752362949,0.5273653813487347
0.0848,0.5072162057996726,0.017189214665827384,0.4766908212560386,0.49133585381222433,0.4696124763705104,0.5915563957151859,0.48553875236294897,0.5285629352811279
0.085,0.5074633792303712,0.01698879202092111,0.47703804347826095,0.4921077504725898,0.4721959672337744,0.5900756143667296,0.4826086956521739,0.5307542041786988
0.0852,0.507769283387387,0.016894565854811954,0.4785024154589371,0.4928481411468179,0.4736925015752993,0.5904221802142406,0.4811436672967864,0.5300067946322405
0.0854,0.5084822085652279,0.01642475367705357,0.48058574879227056,0.4942974165091368,0.47700063011972277,0.5885948330182734,0.47969439193446756,0.5307202310174963
0.0856,0.5106468713003152,0.01630626465858509,0.48490338164251207,0.49580970384373035,0.4788437303087587,0.5893194706994328,0.4804032766225583,0.5346016646848989
0.0858,0.5108689436293133,0.01605915247904514,0.4866847826086957,0.49399810964083174,0.4810806553245116,0.5878071833648393,0.47963137996219274,0.5360115508748089
0.086,0.5105585058745882,0.015329133612718928,0.488088768115942,0.4963453056080656,0.48287649653434156,0.582703213610586,0.47707939508506614,0.5362578562935282
0.0862,0.511376438890363,0.0155355035955966,0.4880585748792271,0.49935412728418405,0.48473534971644605,0.5830655324511658,0.4740863264020163,0.5389587226091388
0.0864,0.5126267727677117,0.01555097229984581,0.4922856280193237,0.5011972274732199,0.485491493383743,0.5830970384373031,0.4722589792060491,0.5414302700866316
0.0866,0.5132388762663954,0.015691828750873684,0.493719806763285,0.5020163831127915,0.4848141146817896,0.584593572778828,0.4726212980466289,0.5416680822150501
0.0868,0.5131961080148332,0.015521830643439712,0.49334239130434787,0.50059861373661,0.48520793950850666,0.5841997479521108,0.4744486452425961,0.5413793103448276
0.087,0.5141152035518735,0.015541008839024494,0.4929649758454106,0.49987397605545053,0.4870510396975426,0.584940138626339,0.47630749842470077,0.5435535926617973
0.0872,0.5143533515608453,0.015410648862953088,0.491923309178744,0.502488972904852,0.48851606805293013,0.5830812854442344,0.47485822306238185,0.5452522507219296
0.0874,0.5154144758297775,0.015506705958027481,0.4922403381642512,0.5051039697542533,0.492895400126024,0.5842155009451796,0.4723377441713926,0.545693901817564
0.0876,0.5161580048826994,0.015371199251990094,0.4915157004830918,0.5059073724007562,0.49473850031505984,0.5838374291115311,0.4738027725267801,0.5471462544589775
0.0878,0.5164951352090131,0.014828637655917026,0.491862922705314,0.5078134845620669,0.4954788909892879,0.5812854442344045,0.4756301197227472,0.5468999490402583
0.088,0.5171039430830144,0.014874241887669549,0.4929649758454106,0.5101291745431632,0.495872715816005,0.5813011972274732,0.47449590422180216,0.547859690844233
0.0882,0.5177464651882252,0.015115922697054253,0.4922856280193237,0.512822936357908,0.4954788909892879,0.5819943289224954,0.47411783238815375,0.5497791744521828
0.0884,0.5176245224293269,0.014996065369038235,0.49301026570048306,0.5124606175173283,0.4955103969754253,0.5816162570888468,0.47411783238815375,0.5490317649057245
0.0886,0.518827752901024,0.01457074193271339,0.4954861111111112,0.5128544423440453,0.4988815374921235,0.5794108380592313,0.4748897290485193,0.5514438593511126
0.0888,0.5192182150198609,0.014476839498046122,0.49548611111111107,0.5147448015122873,0.49851921865154375,0.5776465028355388,0.47525204788909897,0.5536606081195854
0.089,0.5188835386749641,0.014254820845947279,0.493719806763285,0.515847511027095,0.49888153749212344,0.5750945179584122,0.4756301197227473,0.5541277390861219
0.0892,0.5192059896181106,0.014115325351680766,0.49513888888888885,0.515107120352867,0.4992438563327032,0.5747794580970385,0.47635475740390676,0.5546118566332596
0.0894,0.5196426695514775,0.014146363872333695,0.4965126811594203,0.5143982356647763,0.5014177693761815,0.5751890359168242,0.4752678008821675,0.5550704943094955
0.0896,0.5188991608279235,0.013938255679182745,0.49539553140096615,0.5126339004410838,0.5017643352236926,0.5733616887208569,0.47566162570888465,0.554577883472057
0.0898,0.5186368770091585,0.01381647896495008,0.499350845410628,0.5097195967233774,0.49924385633270313,0.5726843100189036,0.4760239445494644,0.5547987090198743
0.09,0.519735436080953,0.013518950980513839,0.5011775362318841,0.5115469439193447,0.5018115942028986,0.5723534971644613,0.4767328292375551,0.5547902157295737
0.0902,0.5196754739970154,0.013375466374943834,0.5029589371980676,0.5093887838689352,0.5036389413988658,0.5712350346565847,0.47602394454946434,0.554807202310175
0.0904,0.5202994400535389,0.013032385302056207,0.503683574879227,0.5101764335223692,0.5051354757403906,0.5690768746061752,0.47747321991178326,0.5562510616612876
0.0906,0.5209612163744226,0.012863928541981267,0.5036986714975845,0.5110113421550094,0.5047574039067422,0.5688090737240076,0.4800252047889099,0.5574656021742823
0.0908,0.5202559142635733,0.01273593866828171,0.5015247584541063,0.5095620667926906,0.5051039697542532,0.5673597983616887,0.48076559546313796,0.5572192967555631
0.091,0.5194999751164077,0.012309824114466761,0.5011322463768116,0.5091524889729049,0.5043950850661625,0.5651858853182105,0.4818683049779458,0.5552658399864107
0.0912,0.5197175638534818,0.012297683984661304,0.5014794685990338,0.509987397605545,0.5040170132325141,0.563027725267801,0.48185255198487714,0.5579412264311194
0.0914,0.5200280290732944,0.012348659634666326,0.4978713768115942,0.5114996849401386,0.5028985507246376,0.5630592312539382,0.48520793950850666,0.5596313912009513
0.0916,0.520305860287206,0.01218756728193251,0.49681461352656997,0.5097038437303087,0.5061751732829237,0.5630434782608696,0.4867044738500315,0.5593935790725327
0.0918,0.52048329861553,0.011976115276315957,0.4964824879227052,0.5097826086956522,0.5065374921235035,0.5634057971014493,0.4885633270321361,0.558128078817734
0.092,0.5192032019303049,0.011623862903502265,0.49900362318840585,0.5064744801512288,0.5043793320730938,0.5608065532451165,0.48818525519848766,0.5563699677254969
0.0922,0.5186967121181681,0.011048106826290673,0.5004528985507247,0.5054190296156269,0.5010554505356017,0.5593257718966604,0.49224952741020794,0.5536775947001868
0.0924,0.5193325132674435,0.011222653716575673,0.5004981884057971,0.5044265910523,0.5024732199117832,0.5611846250787649,0.49302142407057337,0.5543910310854425
0.0926,0.5185526576595332,0.010958988531503101,0.5001811594202898,0.502977315689981,0.5031821045998741,0.5586326402016384,0.492690611216131,0.5536521148292849
0.0928,0.5177385270903613,0.010951944810856854,0.4994867149758454,0.5011657214870826,0.5006458727158161,0.5582703213610587,0.494187145557656,0.5526753864447087
0.093,0.5175636576768553,0.010672034261678155,0.4984148550724637,0.499007561436673,0.5006616257088846,0.5582703213610587,0.4985349716446124,0.5504926108374385
0.0932,0.5164149128844291,0.010690974477951285,0.49666364734299506,0.49678638941398867,0.4995274102079395,0.5568525519848772,0.49889729048519216,0.5497621878715815
0.0934,0.5166822690477362,0.010522897569356381,0.49491243961352654,0.4963925645872716,0.5016855702583491,0.5568525519848772,0.5014650283553875,0.5487854594870053
0.0936,0.5162080861505184,0.010451832996814184,0.4974033816425121,0.4923282923755513,0.500945179584121,0.5557025834908632,0.5025677378701954,0.5483013419398676
0.0938,0.5157686977098183,0.010342093709081956,0.49670893719806763,0.49051669817265287,0.5027725267800882,0.5542375551354758,0.5025677378701954,0.5478087311024291
0.094,0.5153343629009786,0.010876498754737065,0.4952143719806763,0.48572778827977314,0.5031978575929426,0.5553087586641462,0.5040012602394455,0.5485561406488874
0.0942,0.5143975853665764,0.010732756948674836,0.49451992753623186,0.4838846880907372,0.5013232514177695,0.5531190926275993,0.5062224322621298,0.5473161202649907
0.0944,0.5136742736470702,0.010876285855924223,0.4942028985507247,0.480513547574039,0.5005356017643352,0.5531190926275993,0.5080655324511657,0.5456089689145575
0.0946,0.5137603340495277,0.011167944540926783,0.4956974637681159,0.47717391304347834,0.5009136735979836,0.5542533081285443,0.5091524889729049,0.5453711567861388
0.0948,0.513062901299493,0.011131119850091558,0.4956974637681159,0.47490548204158783,0.5009294265910523,0.5528040327662256,0.5098928796471329,0.5441481229828435
0.095,0.5129634402013791,0.011278735575676062,0.497493961352657,0.47084120982986766,0.5020478890989288,0.5521109010712035,0.5120982986767485,0.5431883811788687
0.0952,0.512913917991178,0.011095874593445649,0.5007397342995169,0.4696754883427851,0.5009136735979836,0.5495116572148707,0.5132167611846251,0.5434261933072874
0.0954,0.512960931234039,0.011556877974540868,0.5021890096618357,0.4666666666666667,0.5005198487712665,0.550645872715816,0.5135790800252048,0.5441651095634448
0.0956,0.5125405023446726,0.011704163652528805,0.5021739130434782,0.4652016383112792,0.49862948960302456,0.5499212350346566,0.515406427221172,0.543910310854425
0.0958,0.5118286568346618,0.011921876124497842,0.501856884057971,0.4617832388153749,0.49938563327032137,0.5488657844990549,0.5161468178954001,0.5429335824698487
0.096,0.5107542198029517,0.012189664677104072,0.5011473429951692,0.45949905482041586,0.4975897920604915,0.5477630749842469,0.5150913673597983,0.5434346865975879
0.0962,0.5120527752569362,0.012124520019304983,0.5040609903381642,0.45871140516698167,0.5015752993068683,0.5474007561436672,0.5168872085696282,0.5436809920163072
0.0964,0.5125411048484171,0.01215965721302037,0.5088013285024153,0.4579395085066162,0.49938563327032137,0.5463137996219282,0.5191083805923126,0.5436979785969085
0.0966,0.5127229074497698,0.012649477425480065,0.510552536231884,0.4543320730938879,0.5004725897920606,0.547069943289225,0.5201953371140516,0.5437149651775097
0.0968,0.5118176639426532,0.012912108641698622,0.5119867149758454,0.45097668557025833,0.5000945179584121,0.5463453056080656,0.5194864524259609,0.5420163071173772
0.097,0.5111493645519759,0.013278676018822363,0.5127113526570047,0.44762129804662887,0.4993226212980467,0.5456049149338374,0.5206049149338374,0.5410310854425003
0.0972,0.510227301577609,0.013744113416063106,0.513798309178744,0.4431632010081916,0.49894454946439826,0.5445494643982357,0.5213295526149968,0.5395787328010871
0.0974,0.5090487252774222,0.014550115793452586,0.5170893719806763,0.43831127914303714,0.49522684310018905,0.5467706364209199,0.518793320730939,0.5381009002887718
0.0976,0.5097364207062005,0.014872850302408177,0.5188707729468598,0.43758664146187787,0.49554190296156264,0.548960302457467,0.5184152488972905,0.5390436555121454
0.0978,0.5101493573501023,0.015162460104370843,0.5203049516908214,0.4357435412728419,0.49733774417139254,0.5489918084436043,0.5184467548834278,0.5400713436385255
0.098,0.5091371736744725,0.015455121191704614,0.5192330917874396,0.43314429741650917,0.49733774417139254,0.5489918084436043,0.5162570888468808,0.5398590113810091
0.0982,0.5077014089610736,0.01605569913159478,0.5185537439613527,0.42903276622558284,0.49513232514177696,0.5490390674228104,0.5140989287964712,0.5403516222184473
0.0984,0.5071633400216731,0.016181506896597482,0.5207276570048308,0.4282136105860114,0.49369880277252687,0.5486452425960933,0.5115469439193447,0.5401477832512315
0.0986,0.507259396117902,0.016657226521144094,0.5228562801932367,0.4277410207939508,0.48927221172022684,0.5519691241335855,0.5115784499054821,0.540139289960931
0.0988,0.5065485571345952,0.01696603325884856,0.5232185990338165,0.4262287334593573,0.4870825456836799,0.5516068052930058,0.5097668557025835,0.5413878036351283
0.099,0.5077811353531427,0.017318074168172465,0.5275211352657004,0.4250315059861373,0.490012602394455,0.5512287334593573,0.5082860743541273,0.5446067606590793
0.0992,0.5082136807687873,0.017816506867313935,0.5307367149758454,0.42276307498424703,0.4911153119092627,0.551244486452426,0.5068367989918083,0.5465856972991338
0.0994,0.5079843816839765,0.01854437089572173,0.5321708937198067,0.4205103969754253,0.4885318210459987,0.5538594833018273,0.5042690611216131,0.5485646339391881
0.0996,0.5087634247675609,0.018468200112339888,0.533257850241546,0.42232199117832386,0.48890989287964715,0.5527725267800883,0.5035601764335225,0.5517581110922372
0.0998,0.5078694500855282,0.019067094260012605,0.5343599033816425,0.4197227473219912,0.48594833018273464,0.5524417139256459,0.5010239445494644,0.5537200611516901
0.1,0.5084416526840755,0.01931303149714964,0.5368508454106281,0.42151858853182106,0.48482986767485825,0.5542533081285445,0.4970226843100189,0.5561746220485817
0.1002,0.5079553345293156,0.020021289718248236,0.5372282608695652,0.41962822936357913,0.4815374921235035,0.5571833648393195,0.4945022054190297,0.557652454560897
0.1004,0.5074664870778479,0.020303633922200366,0.5372584541062801,0.41992753623188406,0.48078134845620674,0.5582703213610586,0.48941398865784497,0.5591472736538134
0.1006,0.5074294370835334,0.020625457870405133,0.5390700483091787,0.4191713925645873,0.48041902961562694,0.558994959042218,0.48725582860743544,0.559665364362154
0.1008,0.5067299670297939,0.020897317794563657,0.5437349033816425,0.4183994959042218,0.47854442344045367,0.5560806553245116,0.48396345305608063,0.5596568710718534
0.101,0.5068245190687003,0.02145906627633424,0.5452143719806763,0.41576874606175174,0.4803560176433523,0.5583018273471959,0.481411468178954,0.5598946832002718
0.1012,0.5074760611137697,0.021514638997647006,0.5463013285024154,0.41720226843100183,0.48034026465028345,0.5594202898550724,0.4806868304977946,0.5609053847460507
0.1014,0.5075018246295274,0.022305373342293988,0.5495621980676328,0.4141304347826087,0.4807025834908633,0.5604914933837428,0.47774102079395087,0.5623832172583658
0.1016,0.5084572467215559,0.02274220348959973,0.5556612318840579,0.41450850661625704,0.48034026465028357,0.5601291745431631,0.4762602394454946,0.5638440631900798
0.1018,0.5082304637398048,0.022964579835722327,0.5542119565217392,0.41521739130434787,0.47922180214240695,0.5615626969124132,0.47334593572778827,0.5658229998301342
0.102,0.5078542989272302,0.02322624965412028,0.5563858695652174,0.4151543793320731,0.4777725267800882,0.5626496534341524,0.47080970384373033,0.5643536606081196
0.1022,0.5079845205889356,0.023857516865486973,0.5610809178743962,0.4132482671707624,0.47629174543163205,0.5629804662885949,0.4697227473219911,0.5645829794462375
0.1024,0.507725779208989,0.024057745655487742,0.5632246376811595,0.412822936357908,0.47849716446124757,0.5607750472589792,0.4657214870825457,0.5653134024120944
0.1026,0.5095148669804933,0.024478540466476132,0.5678743961352657,0.4142407057340895,0.4792533081285444,0.5618620037807183,0.46534341524889733,0.5685153728554442
0.1028,0.5092016322094955,0.02501255668121302,0.5696708937198067,0.4134530560806554,0.47958412098298686,0.56291745431632,0.4606017643352237,0.5689825038219807
0.103,0.5086481038078269,0.02569949657170446,0.5725090579710145,0.41228733459357275,0.478481411468179,0.5618620037807183,0.45581285444234404,0.570935960591133
0.1032,0.5090787609336619,0.026027787085271117,0.5753623188405796,0.4118777567737871,0.47851291745431634,0.5629332073093888,0.4550882167611846,0.5706981484627145
0.1034,0.5096106228933497,0.026539178240014026,0.5778230676328502,0.4100504095778198,0.4814272211720227,0.5640201638311279,0.45291430371770636,0.5714285714285714
0.1036,0.5098074401823623,0.02702389288587504,0.5792874396135266,0.40970384373030877,0.48065532451165727,0.565107120352867,0.4507088846880907,0.5733820281977239
0.1038,0.5080234071205098,0.026736780528995703,0.5745923913043478,0.4074354127284184,0.4809861373660995,0.5614209199747953,0.4503150598613736,0.5733905214880244
0.104,0.5086535130921308,0.02706504240514814,0.578155193236715,0.40630119722747315,0.48205734089477004,0.5606647763074984,0.4506301197227474,0.5741124511635809
0.1042,0.5089587262364629,0.027309669550318893,0.5795893719806763,0.40811279143037177,0.4861058601134216,0.5617517328292375,0.44436042848141144,0.5738321725836588
0.1044,0.509011605616928,0.027684995646339278,0.5806612318840579,0.4076874606175173,0.48675173282923756,0.5621140516698172,0.44180844360428473,0.5750467130966538
0.1046,0.5082956921149143,0.028049833628600914,0.5817632850241546,0.4076874606175173,0.48566477630749844,0.5620982986767487,0.43775992438563327,0.5748004076779344
0.1048,0.508344270440367,0.027940046058433147,0.5828351449275362,0.410239445494644,0.4867359798361689,0.5602709514807813,0.4351921865154379,0.5747919143876338
0.105,0.5080531402148037,0.028160884954453305,0.584284420289855,0.4106332703213611,0.4860113421550095,0.5591524889729049,0.43298676748582227,0.5752505520638695
0.1052,0.5070348221245271,0.028270989804245802,0.5846014492753623,0.41172022684310017,0.4834593572778828,0.5569785759294266,0.42997794580970383,0.5754713776116868
0.1054,0.5071704250665534,0.0287740801640131,0.5868055555555556,0.4135318210459988,0.48418399495904224,0.558097038437303,0.42444864524259607,0.5759554951588246
0.1056,0.5073301280840269,0.028483821030316835,0.5867753623188406,0.41611531190926276,0.4849558916194077,0.5577347195967233,0.4236925015752993,0.5747069814846272
0.1058,0.5071063526780256,0.02858316828962016,0.5864281400966185,0.41679269061121615,0.4860743541272843,0.5570100819155639,0.421124763705104,0.5752080856123662
0.106,0.5076075090414623,0.02859603979881095,0.5846618357487923,0.41934467548834287,0.4856962822936358,0.5591367359798362,0.4196439823566477,0.5771615423815186
0.1062,0.5068328835443955,0.028533173529001737,0.5839221014492754,0.4215500945179584,0.4842470069313169,0.5583805923125393,0.41672967863894145,0.5761678274163411
0.1064,0.5060234493007892,0.02877871178372801,0.5853864734299516,0.4233931947069943,0.4835381222432263,0.5569313169502206,0.4119722747321991,0.5749193137421437
0.1066,0.5060803345516147,0.028596602201064292,0.5839673913043478,0.4256143667296787,0.48284499054820423,0.5568998109640831,0.41153119092627594,0.5756242568370986
0.1068,0.5062283998421649,0.028453248537244777,0.5846920289855073,0.4282451165721487,0.4843257718966604,0.5565532451165721,0.40968809073724,0.5738661457448615
0.107,0.5064291477048296,0.028387621491732153,0.5828804347826086,0.43271896660365466,0.4843257718966603,0.5583648393194707,0.4064272211720226,0.5738576524545609
0.1072,0.5063823329241712,0.028260796220394024,0.5843297101449275,0.43490863264020174,0.4839792060491493,0.5572778827977315,0.4056395715185886,0.5721589943944284
0.1074,0.5059251739957524,0.02821622601489969,0.5814462560386473,0.4364209199747952,0.4850819155639571,0.5587114051669817,0.40272526780088225,0.5711652794292509
0.1076,0.5058475986515023,0.02791647011993884,0.5814764492753624,0.4379332073093888,0.48550724637681164,0.5568998109640831,0.4030718336483933,0.5701970443349753
0.1078,0.5042130733733584,0.02775802668552254,0.5793478260869565,0.4390044108380593,0.4818367989918085,0.5561594202898552,0.40121298046628856,0.5677170035671819
0.108,0.5041469571028842,0.02774790676632293,0.5815519323671497,0.44050094517958416,0.4821991178323882,0.5540012602394454,0.4001260239445495,0.5665024630541872
0.1082,0.5037810353556951,0.02745124870412451,0.5794082125603864,0.44231253938248266,0.4810649023314431,0.5540012602394455,0.40011027095148083,0.5657890266689316
0.1084,0.5035097008242803,0.02729421349743472,0.5797856280193237,0.44711720226843105,0.4774259609325773,0.5518746061751733,0.39902331442974165,0.5658314931204348
0.1086,0.5026513881090141,0.027153810047170896,0.57800422705314,0.4516540642722117,0.47632325141776927,0.5504253308128544,0.39536862003780715,0.5641328350603023
0.1088,0.502372086936857,0.027124146786200145,0.579423309178744,0.45311909262759925,0.47558286074354134,0.5482829237555136,0.39465973534971643,0.5631645999660269
0.109,0.5019076331288023,0.026867746508284638,0.5780344202898551,0.4545998739760554,0.4745274102079395,0.5479521109010712,0.3946282293635791,0.561703754034313
0.1092,0.501223813287753,0.026626620201673747,0.5780646135265701,0.45910522999369885,0.4709042218021423,0.5453843730308758,0.393887838689351,0.5599966026838799
0.1094,0.5010546197631592,0.026580992950491336,0.5766455314009662,0.4606017643352237,0.4690611216131065,0.5439350976685571,0.393887838689351,0.5621963648717513
0.1096,0.5004991074270223,0.02682917098666027,0.5762983091787439,0.4603024574669187,0.46617832388153746,0.5462035286704474,0.39280088216761183,0.5612111431968746
0.1098,0.49988833810350247,0.026640956670692953,0.5727657004830917,0.45990863264020165,0.4636105860113421,0.5469124133585381,0.3939193446754884,0.5622133514523527
0.11,0.49999874647333414,0.0266475374671677,0.5709993961352657,0.46477630749842475,0.46140516698172646,0.5469124133585381,0.3924543163201008,0.5634448785459487
0.1102,0.4999778315489931,0.02609827539764341,0.5677536231884057,0.4681789540012602,0.45811279143037176,0.5479993698802772,0.3953371140516698,0.5624851367419739
0.1104,0.5002380709283337,0.025736390134875258,0.5662892512077295,0.47156584751102704,0.4570100819155639,0.5472747321991178,0.39678638941398864,0.5625021233225752
0.1106,0.5012591239132402,0.025488442426760547,0.5666817632850243,0.47496849401386265,0.4551512287334593,0.5487555135475739,0.3997164461247637,0.562281297774758
0.1108,0.501011129744705,0.02549844687202114,0.5674365942028985,0.4779458097038437,0.4529773156899811,0.5491178323881537,0.39899180844360427,0.5595974180397485
0.111,0.5005887856207543,0.02551465608957851,0.5670289855072463,0.4797258979206049,0.4511499684940138,0.5494959042218021,0.3982671707624449,0.5578647868184134
0.1112,0.49975452678458376,0.025573455156635824,0.5666666666666667,0.47788279773156905,0.4493383742911153,0.550252047889099,0.3982041587901701,0.5561831153388823
0.1114,0.49939627593600694,0.02540586993762531,0.563798309178744,0.4779300567107751,0.44713295526149965,0.5523944549464399,0.3996691871455576,0.5554526923730254
0.1116,0.4988464730675462,0.02540222295696087,0.5634510869565218,0.4789855072463768,0.44417139256458726,0.5516855702583492,0.4000630119722747,0.5547222694071683
0.1118,0.4984098195214761,0.025326433909274408,0.5616545893719807,0.4811751732829238,0.439413988657845,0.5520951480781349,0.401890359168242,0.5542296585697299
0.112,0.4976689439899644,0.025497107065173965,0.5609903381642511,0.4826559546313799,0.43360113421550095,0.5517643352236925,0.40299306868304985,0.5540088330219126
0.1122,0.49719140500027353,0.025707997650442006,0.5613677536231885,0.4830655324511657,0.4314272211720227,0.5510239445494645,0.4022211720226843,0.5540428061831154
0.1124,0.49748101741738776,0.025571922021546633,0.559933574879227,0.4856805293005671,0.4303560176433522,0.5510554505356018,0.40330812854442344,0.5545524036011551
0.1126,0.49796539554837055,0.025795180088187656,0.5602807971014492,0.4886735979836169,0.42890674228103337,0.5507246376811594,0.40293005671077503,0.5562765415321895
0.1128,0.4978417640396562,0.02607358286208659,0.560673309178744,0.491351606805293,0.42563011972274734,0.5525519848771266,0.40252047889098924,0.5543230847630373
0.113,0.49826113251276954,0.02563658257911618,0.5592240338164252,0.4921235034656585,0.42600819155639574,0.5529143037177063,0.405466288594833,0.5538304739255988
0.1132,0.4989803630466245,0.026008975523029155,0.5609903381642513,0.49327347195967236,0.42347195967233775,0.5532923755513547,0.40656899810964087,0.5562850348224903
0.1134,0.49984548526393024,0.025819431846739183,0.5610356280193237,0.49513232514177685,0.4205261499684941,0.5551669817265281,0.4116572148708254,0.5555546118566334
0.1136,0.49876499026640264,0.02599134968682069,0.5610205314009662,0.4933207309388784,0.4179269061121613,0.5559073724007562,0.41126339004410833,0.5531510107015458
0.1138,0.4993818461543662,0.026488669573239525,0.5624547101449275,0.4940768746061751,0.4142564587271581,0.5588374291115311,0.4127756773787019,0.5538899269577034
0.114,0.49955944994218937,0.026425517580157373,0.5613979468599034,0.49596723377441715,0.41280718336483935,0.5595463137996219,0.4142407057340895,0.5533973161202649
0.1142,0.4994104605759458,0.026122478407096486,0.5603109903381642,0.49558916194076874,0.4142091997479521,0.5580970384373031,0.41458727158160047,0.5536691014098862
0.1144,0.4999639070654995,0.026545478990092256,0.563149154589372,0.49708569628229365,0.41088531821046,0.5606647763074984,0.4160365469439194,0.551961950059453
0.1146,0.5002622497196881,0.026501087068958852,0.5624245169082125,0.497463768115942,0.40867989918084435,0.562476370510397,0.41929741650913666,0.5512315270935961
0.1148,0.5007961703902398,0.02664231590930148,0.5634812801932367,0.5004883427851292,0.40540327662255826,0.5598928796471329,0.4218336483931947,0.553677594700187
0.115,0.5018482912206648,0.02678655881443211,0.5645682367149758,0.5001260239445495,0.4057813484562066,0.5631537492123503,0.4232986767485822,0.5541617122473246
0.1152,0.5025970366704691,0.02665412919504456,0.5649607487922704,0.5024102079395085,0.40724637681159426,0.5646345305608065,0.42362948960302454,0.5527008663156107
0.1154,0.5025004742726327,0.0271052680655336,0.5678140096618358,0.5024102079395085,0.40396975425330817,0.5638783868935098,0.42399180844360423,0.5529386784440293
0.1156,0.5036471542962663,0.02754492328989716,0.5684631642512077,0.5072306238185256,0.4024889729048519,0.5671392564587272,0.4236137366099559,0.5529471717343298
0.1158,0.5033434990988063,0.027665952838935953,0.5691878019323673,0.5061436672967864,0.400645872715816,0.5678638941398866,0.4247164461247637,0.5515033123832171
0.116,0.5038011566356347,0.02766155717940157,0.56881038647343,0.5039855072463768,0.40066162570888475,0.5704631379962193,0.4268903591682419,0.5519959232206558
0.1162,0.5054549542846553,0.027973667535826984,0.5730978260869566,0.5065847511027094,0.4010396975425331,0.5719281663516067,0.42759924385633263,0.5524800407677934
0.1164,0.506826387679533,0.028274644909326324,0.5770531400966183,0.5076874606175175,0.4003150598613736,0.5741178323881537,0.42978890989287966,0.5519959232206556
0.1166,0.5082717522772549,0.028016675291486427,0.5778230676328502,0.5092155009451795,0.4010081915563958,0.5752205419029616,0.43412098298676743,0.5522422286393749
0.1168,0.5085308916593974,0.027980667944085116,0.5771588164251208,0.5066320100819155,0.4002835538752364,0.5781348456206679,0.4374133585381223,0.5515627654153219
0.117,0.5091293960002222,0.027981189407503698,0.5782608695652173,0.5051512287334593,0.4002835538752363,0.5795526149968494,0.4399653434152489,0.5515627654153219
0.1172,0.5096039268938506,0.027775293650859224,0.5782910628019323,0.5063169502205419,0.4017485822306238,0.5802930056710776,0.4406427221172022,0.5503312383217258
0.1174,0.5105990239587257,0.02774479748751139,0.5786533816425121,0.5041272841839949,0.4035759294265911,0.5854284814114681,0.4432104599873976,0.5485986071003905
0.1176,0.511642003932293,0.027568748089751734,0.5779287439613527,0.5049306868304978,0.406112161310649,0.5886893509766855,0.4442974165091368,0.5478936640054357
0.1178,0.5130762376435946,0.02758140218001537,0.58118961352657,0.5049621928166352,0.40649023314429744,0.5894612476370511,0.4479678638941399,0.5483862748428742
0.118,0.5154755142366764,0.027455824303625795,0.5837107487922705,0.5075299306868304,0.40905797101449276,0.5916509136735979,0.45126023944549465,0.5496432818073723
0.1182,0.5156179750512585,0.027293936081419588,0.581929347826087,0.5079237555135476,0.40942028985507245,0.5935097668557026,0.4527252678008821,0.5481994224562596
0.1184,0.5169479892172378,0.027273810144753777,0.5826690821256039,0.5079395085066162,0.4101291745431633,0.5964083175803403,0.45631695022054186,0.5482249023271615
0.1186,0.5182156956172743,0.02728980761906033,0.5797856280193237,0.5097826086956522,0.41124763705103967,0.6022526780088217,0.4584593572778828,0.5477662646509257
0.1188,0.518765477078576,0.02713525678688258,0.5797705314009662,0.5116257088846881,0.41271266540642726,0.6037334593572778,0.45918399495904216,0.5455665024630543
0.119,0.5195600659592029,0.026944750076524516,0.5798007246376812,0.5116099558916194,0.41490233144297417,0.6059388783868935,0.46101134215500944,0.5440971632410396
0.1192,0.5216150449159062,0.02663915791799671,0.5815519323671496,0.5153434152488973,0.4167454316320101,0.607750472589792,0.46614681789540013,0.5421521997621879
0.1194,0.5226916027801227,0.02667719724409513,0.5808423913043479,0.5157057340894771,0.4174700693131695,0.610680529300567,0.46830497794580966,0.5431459147273653
0.1196,0.5231348404212556,0.026352338464504226,0.579423309178744,0.5138311279143037,0.4196754883427851,0.6121140516698172,0.4708569628229363,0.5429081025989468
0.1198,0.5236330629261295,0.02620863586098106,0.5798007246376811,0.5142249527410208,0.42043163201008193,0.6128386893509766,0.47304662885948334,0.5414557499575336
0.12,0.5235321862796322,0.02608544086948372,0.5783363526570048,0.512429111531191,0.4215343415248897,0.6142879647132955,0.47411783238815375,0.5404875148632581
0.1202,0.5245611822867927,0.026167165276769377,0.5808423913043479,0.5135160680529302,0.42263705103969756,0.6157214870825457,0.47517328292375555,0.5394768133174791
0.1204,0.5258525593926461,0.025699951875013442,0.5794384057971014,0.5160680529300568,0.42559861373661,0.6164146187775678,0.47736294896030246,0.5402327161542381
0.1206,0.5266997747816734,0.02510741849522804,0.5787288647342995,0.5182734719596723,0.4292533081285444,0.6157214870825457,0.4784814114681789,0.5397401053167996
0.1208,0.5270737027877151,0.024963762690327514,0.5791666666666667,0.5145085066162571,0.43177378701953373,0.6178796471329553,0.48108065532451166,0.5380329539663666
0.121,0.5278988345181542,0.02496414552273391,0.5781400966183575,0.5126339004410838,0.433994959042218,0.6215500945179584,0.4832703213610586,0.5378036351282487
0.1212,0.5289904681324648,0.0249242227753067,0.5806159420289855,0.5096408317580341,0.43695652173913047,0.623660995589162,0.48621613106490236,0.5368523866145745
0.1214,0.5287993883336942,0.025062647172986785,0.5788496376811595,0.5077977315689981,0.43695652173913047,0.6258664146187776,0.4869407687460618,0.5363852556480381
0.1216,0.5303848476974596,0.025133451579893815,0.5795591787439613,0.5085853812224321,0.436231884057971,0.6279930686830497,0.49283238815374925,0.5371071853235944
0.1218,0.5313723013288102,0.0252919404618306,0.582427536231884,0.507403906742281,0.43588531821045995,0.6287177063642092,0.49647132955261497,0.5373280108714116
0.122,0.531169419439991,0.02518539347570797,0.5842391304347826,0.5054977945809704,0.4362633900441084,0.6272211720226843,0.4979363579080025,0.5358586716493969
0.1222,0.5327941958384994,0.024812604015811653,0.581778381642512,0.505466288594833,0.438468809073724,0.6286704473850031,0.5030403276622557,0.5393409206726686
0.1224,0.5334815850631418,0.024907402301770385,0.5828653381642511,0.5054820415879018,0.43886263390044106,0.6294108380592313,0.5034499054820416,0.5408187531849838
0.1226,0.5339195788423047,0.025125843291570322,0.5825332125603865,0.5032766225582861,0.441099558916194,0.6326874606175173,0.5023629489603025,0.5415576694411415
0.1228,0.5335772926426473,0.025399400797552624,0.581808574879227,0.500346565847511,0.4407529930686831,0.6348456206679269,0.5038594833018274,0.5398505180907083
0.123,0.5331201826422228,0.02575520116244224,0.581838768115942,0.4965973534971645,0.4418714555765596,0.637381852551985,0.5023787019533711,0.538652964158315
0.1232,0.5334823920870173,0.02592982484128683,0.5811292270531402,0.49473850031505984,0.44224952741020795,0.6395400126023943,0.5045841209829868,0.538652964158315
0.1234,0.5342860085449529,0.026198982280936523,0.5807971014492754,0.4936042848141146,0.4430214240705734,0.6421077504725898,0.5045683679899181,0.5416171224732462
0.1236,0.53508708749267,0.02664154457544622,0.580812198067633,0.4954631379962192,0.442643352236925,0.6461090107120352,0.5038437303087587,0.5416510956344489
0.1238,0.5358423845551462,0.026568436878347926,0.5782910628019324,0.49513232514177685,0.4459357277882797,0.6486925015752992,0.5031348456206679,0.5438678444029217
0.124,0.5369491625822699,0.026583079367323886,0.5778985507246377,0.49363579080025205,0.4495904221802142,0.6512287334593572,0.503528670447385,0.5458128078817734
0.1242,0.5383260316673306,0.026528550695992352,0.5782759661835749,0.4946912413358538,0.45252047889098934,0.6534026465028355,0.5042848141146818,0.5467810429760489
0.1244,0.5383516918452319,0.026627872115150816,0.5793478260869565,0.49286389413988657,0.4528985507246378,0.6534026465028355,0.5043320730938878,0.5472651605231867
0.1246,0.5386538298103036,0.02690477308970095,0.5793478260869565,0.4906269691241336,0.45441083805923127,0.6559073724007561,0.5043478260869565,0.547282147103788
0.1248,0.5397813528981922,0.026607758671307873,0.5800724637681159,0.49100504095778197,0.45663201008191556,0.6551669817265281,0.5058286074354127,0.5499830134193988
0.125,0.5401118309498721,0.02672892669174965,0.5796950483091787,0.48914618777567737,0.45775047258979207,0.6562381852551985,0.506159420289855,0.5516816714795312
0.1252,0.5398373162289064,0.0270888452914413,0.5772644927536231,0.48657844990548205,0.4573724007561436,0.6584593572778829,0.506206679269061,0.5531425174112451
0.1254,0.5392771339545,0.027956515181401936,0.5786835748792271,0.4817895400126024,0.4548361688720857,0.6613736609955891,0.5065847511027094,0.5523951078647867
0.1256,0.5400929670246146,0.02799966629629024,0.5815821256038647,0.4825614366729679,0.45489918084436043,0.661027095148078,0.5066320100819155,0.5538559537965007
0.1258,0.5419959622143903,0.027521991290560616,0.5844806763285024,0.48259294265910524,0.4603969754253308,0.6603182104599874,0.5088531821045998,0.555333786308816
0.126,0.5426503194309357,0.02769654069094883,0.584465579710145,0.48588531821046,0.45894770006301194,0.6625393824826716,0.5092312539382482,0.554832682181077
0.1262,0.5433625821761366,0.027227054021720657,0.5815972222222222,0.48550724637681164,0.46294896030245747,0.6625078764965343,0.5110743541272842,0.5565398335315102
0.1264,0.544842216216087,0.027954528207080828,0.5862318840579709,0.48251417769376187,0.464760554505356,0.6662098298676749,0.510333963453056,0.5590028877187022
0.1266,0.5450182741728954,0.028219281745053632,0.5862167874396136,0.48360113421550094,0.4640516698172653,0.6683679899180844,0.5096250787649653,0.5582469848819434
0.1268,0.545307025156272,0.028169007786006756,0.5872433574879227,0.48287649653434156,0.4647920604914934,0.6675645872715816,0.509640831758034,0.5597248173942586
0.127,0.5462498744262004,0.0283113893960858,0.5890096618357489,0.4842785129174544,0.4651543793320731,0.6686672967863894,0.5089319470699433,0.5614574486155937
0.1272,0.5479040964461309,0.028372054198640497,0.5908363526570048,0.48725582860743544,0.46624133585381217,0.670478890989288,0.5089634530560806,0.5636487175131647
0.1274,0.5484355549031724,0.028595286773698735,0.5919384057971016,0.4880119722747322,0.4651543793320731,0.6715816005040958,0.5093100189035916,0.56461695260744
0.1276,0.5496364886208581,0.028835269595938424,0.5930102657004831,0.4905797101449275,0.46408317580340264,0.6737397605545054,0.5100819155639572,0.5663241039578732
0.1278,0.5484490518009658,0.029121752298542334,0.5940972222222222,0.4864524259609325,0.46299621928166357,0.672621298046629,0.5086956521739131,0.5658314931204348
0.128,0.5500193535025222,0.029207809892798302,0.5958484299516907,0.4871455576559546,0.46335853812224315,0.673708254568368,0.5113106490233145,0.568744691693562
0.1282,0.5514503399596578,0.029327063002844052,0.5987016908212561,0.4878544423440453,0.4655639571518589,0.6751732829237556,0.5109483301827347,0.5704603363342959
0.1284,0.5520675784448392,0.02935329887584075,0.6008152173913044,0.4878544423440454,0.46561121613106493,0.6744171392564587,0.5113106490233144,0.572396806522847
0.1286,0.5526511565883606,0.02941984848737992,0.6025966183574879,0.4885790800252048,0.4674228103339635,0.6755198487712665,0.5098928796471329,0.5718957023951079
0.1288,0.552060057080435,0.029021303828755778,0.6011624396135267,0.4874606175173282,0.47104599873976055,0.6736767485822306,0.5073566477630749,0.5716578902666895
0.129,0.5526544313076144,0.028657331255082623,0.6004378019323672,0.48711405166981725,0.4757876496534341,0.6733301827347197,0.5066477630749843,0.5726091387803635
0.1292,0.5530281822771951,0.028778878646489533,0.6029438405797102,0.4863106490233144,0.4779773156899811,0.6733616887208569,0.5044738500315059,0.5731017496178019
0.1294,0.5525531175982891,0.028843370907582072,0.6036835748792271,0.4866099558916194,0.4772526780088217,0.6718966603654695,0.5015595463137996,0.5743162901307967
0.1296,0.5530050326647378,0.028595104680701842,0.6051177536231884,0.48843730308758654,0.4754725897920604,0.6693446754883428,0.5033711405166982,0.5762867334805504
0.1298,0.5524741481128145,0.028735751488545066,0.6029891304347826,0.4895242596093257,0.47440138626339,0.6704631379962193,0.5011972274732199,0.5762697468999489
0.13,0.5526181805882296,0.02881812358543375,0.6047252415458937,0.4906269691241335,0.4743698802772527,0.6704631379962193,0.4997637051039698,0.5757601494819093
0.1302,0.5520726298467874,0.028745850306250438,0.6040006038647343,0.49136735979836166,0.47331442974165094,0.6690138626339004,0.49828292375551353,0.5764565992865636
0.1304,0.5517492894287549,0.028500725894727165,0.6036382850241546,0.4935570258349086,0.47148708254568367,0.6664933837429111,0.49792060491493384,0.5773993545099372
0.1306,0.5513335777518003,0.02819728894389422,0.601856884057971,0.49385633270321366,0.47143982356647757,0.6650913673597983,0.49862948960302456,0.5771275692203159
0.1308,0.5514614608672199,0.02783961912185078,0.601147342995169,0.4971802142407057,0.4710775047258979,0.6632640201638311,0.49826717076244476,0.577832512315271
0.131,0.5521912263991573,0.02774026290189535,0.602913647342995,0.4982986767485822,0.4729206049149338,0.6629174543163201,0.4975425330812854,0.5785544419908273
0.1312,0.552337440732348,0.027661955878651716,0.6029287439613527,0.49981096408317577,0.4732829237555135,0.6625236294896031,0.49643982356647764,0.579038559537965
0.1314,0.5530631520234088,0.02762684421981255,0.6050875603864735,0.5027252678008821,0.47219596723377444,0.6617832388153749,0.496817895400126,0.579768982503822
0.1316,0.5523979366015631,0.027055848242255844,0.6047252415458937,0.501591052299937,0.4762129804662886,0.6581600504095778,0.49465973534971647,0.579038559537965
0.1318,0.5520751035815116,0.026638855865833314,0.6051026570048309,0.5023314429741651,0.47619722747321996,0.6541587901701323,0.49462822936357903,0.5800322745031424
0.132,0.5513964528074543,0.02625713349786713,0.6025815217391305,0.5064272211720227,0.4750787649653433,0.6516068052930055,0.4924228103339634,0.5802615933412605
0.1322,0.5514509313510054,0.026220030845176025,0.6029438405797102,0.5038437303087586,0.4769061121613107,0.6512602394454946,0.4927851291745432,0.5809665364362154
0.1324,0.550936135115226,0.025764798574008763,0.6033061594202899,0.5056710775047258,0.4779773156899811,0.6465185885318211,0.4902173913043478,0.5819262782401903
0.1326,0.5511710485433671,0.02540725933881537,0.6044233091787439,0.5097353497164461,0.47947385003150594,0.6436200378071834,0.4876181474480152,0.5821555970783081
0.1328,0.5498899414476741,0.025139249799098932,0.6011775362318841,0.5097511027095148,0.47914303717706364,0.6417611846250788,0.48609010712035283,0.5814166808221506
0.133,0.5490581508643598,0.024940118755878822,0.5997584541062801,0.5116257088846881,0.47616572148708247,0.6388311279143037,0.4860586011342155,0.5819092916595889
0.1332,0.5492210543821697,0.024348105500888104,0.599350845410628,0.5152804032766225,0.47796156269691237,0.6355229993698803,0.4853182104599874,0.5818923050789876
0.1334,0.548899601733634,0.0236211539077582,0.5950634057971014,0.5189981096408317,0.47867044738500314,0.6326244486452426,0.4856647763074985,0.5823764226261254
0.1336,0.547271395005152,0.022951048087563077,0.5900513285024155,0.5193604284814115,0.4786231884057971,0.6286546943919344,0.4853182104599874,0.5816205197893664
0.1338,0.5473689007302589,0.022435751109915324,0.5885869565217392,0.5212035286704474,0.4797101449275362,0.6264492753623189,0.48640516698172653,0.5818583319177849
0.134,0.5472314177119336,0.02197686717550361,0.5875,0.5193289224952741,0.4830655324511657,0.6246534341524891,0.48673597983616884,0.5821046373365041
0.1342,0.5475731349680281,0.022039708225800297,0.5863979468599034,0.5201008191556395,0.48232514177693764,0.6268431001890359,0.48818525519848766,0.5815865466281637
0.1344,0.5470084542541978,0.021554213238679752,0.5860356280193236,0.5205419029615628,0.4830182734719596,0.6221014492753623,0.4878071833648393,0.5825462884321386
0.1346,0.5464570994967938,0.021066283842928506,0.5838617149758454,0.5227945809703843,0.4829552614996849,0.6188248267170762,0.48775992438563326,0.5825462884321386
0.1348,0.5466614909619688,0.01996434017613313,0.5806612318840579,0.5231884057971015,0.48736609955891624,0.6159262759924384,0.4910365469439194,0.5817903855953797
0.135,0.5461237210909847,0.01964520537986211,0.5809933574879227,0.524306868304978,0.48771266540642716,0.6133585381222432,0.49029615626969125,0.5800747409546458
0.1352,0.5459526794150044,0.018896258113920164,0.5806612318840579,0.5258349086326403,0.4905954631379962,0.6089949590422179,0.4903276622558286,0.5793018515372855
0.1354,0.5446066874064573,0.018944254879275268,0.5785326086956522,0.5266068052930057,0.4891461877756774,0.6060806553245117,0.48700378071833644,0.5802700866315611
0.1356,0.5449400366933274,0.018778613045814633,0.5788798309178744,0.5288279773156901,0.49097353497164464,0.6042533081285444,0.4854757403906742,0.581229828435536
0.1358,0.5443675817430281,0.018407304381764262,0.5785024154589372,0.5303087586641462,0.4890831758034026,0.6002047889098929,0.48689350976685575,0.5812128418549346
0.136,0.5443714171923343,0.01781989753672124,0.5785024154589371,0.5325929426591052,0.4890201638311279,0.5958412098298677,0.48906742281033394,0.5812043485646339
0.1362,0.5438693801250002,0.01725889921016351,0.5763737922705314,0.5318367989918084,0.49120982986767486,0.5914303717706364,0.4894454946439824,0.5829199932053678
0.1364,0.5441022633851561,0.016989371354102577,0.5745471014492753,0.5348141146817895,0.49124133585381224,0.58851606805293,0.490154379332073,0.5853405809410566
0.1366,0.5442695229253189,0.01688855771793721,0.5742300724637681,0.5347826086956522,0.49089477000630116,0.5870510396975426,0.4916194076874606,0.587039239001189
0.1368,0.5446898347071198,0.017054337827032084,0.5731884057971014,0.5366887208569628,0.4893824826717076,0.5878071833648393,0.49235979836168864,0.5887124171904196
0.137,0.5439535450275981,0.016332336775639583,0.5703200483091787,0.5382797731568998,0.4911940768746061,0.5849401386263391,0.4927378701953371,0.5862493630032275
0.1372,0.5443262707392109,0.01606176431700947,0.5699728260869567,0.5375551354757404,0.4925803402646503,0.583097038437303,0.49454946439823566,0.5882028197723799
0.1374,0.5442903004127264,0.015617285363359367,0.5699275362318841,0.5397448015122872,0.4939981096408318,0.5787019533711406,0.49491178323881535,0.5884576184813997
0.1376,0.5436646048919033,0.015015448983999213,0.5663496376811594,0.5409420289855071,0.4950220541902962,0.5743383742911152,0.49637681159420294,0.5889587226091388
0.1378,0.543192733577614,0.015053163399161152,0.5659873188405797,0.5432104599873975,0.4939193446754883,0.5699747952110901,0.4956364209199748,0.5904280618311535
0.138,0.5434483524484099,0.014894160071033896,0.5641757246376812,0.5443604284814114,0.49576244486452425,0.5648235664776309,0.49672337744171385,0.5948445727874979
0.1382,0.5431676840798029,0.015004668175988568,0.5649003623188407,0.5428796471329551,0.49502205419029616,0.5630434782608695,0.4971014492753624,0.5960591133004927
0.1384,0.5425399298481158,0.01481966037778055,0.5645380434782608,0.5440138626339003,0.4928166351606805,0.5601134215500945,0.4989130434782608,0.5948445727874979
0.1386,0.5425888847128576,0.015085293008349845,0.5663194444444445,0.5439981096408317,0.49280088216761175,0.5571991178323883,0.49818840579710144,0.5970273483947681
0.1388,0.5433251942014345,0.015190172935798772,0.5681310386473429,0.5473377441713925,0.4920289855072464,0.5553402646502835,0.4993383742911153,0.5977747579412265
0.139,0.5439498864475095,0.01521411826290183,0.568840579710145,0.5484562066792691,0.49458097038437304,0.5543005671077504,0.4982514177693762,0.599269577034143
0.1392,0.5438137095817825,0.015065457473922026,0.5692179951690821,0.5488185255198488,0.4934625078764965,0.5506458727158161,0.5012129804662886,0.5995243757431629
0.1394,0.5437065638153472,0.014993210389160178,0.5670742753623188,0.5495746691871456,0.4934625078764965,0.5484562066792691,0.5026780088216761,0.6009937149651774
0.1396,0.5435555838992286,0.014553856804595042,0.564915458937198,0.5525992438563326,0.49669187145557664,0.5447857592942659,0.5023156899810964,0.600025479870902
0.1398,0.5439874789980905,0.01467973173310311,0.5649305555555555,0.5552299936988028,0.49669187145557653,0.5433522369250158,0.5027095148078135,0.601010701545779
0.14,0.5439166185518471,0.014675249527538353,0.5635416666666667,0.5567422810333963,0.4962980466288595,0.5396975425330812,0.5049779458097039,0.6022422286393749
0.1402,0.5446516290235454,0.014730420937605645,0.5657004830917874,0.5571833648393195,0.49669187145557653,0.5360586011342154,0.5083175803402646,0.6039578732801087
0.1404,0.544381407682977,0.015262084117563721,0.5685084541062803,0.5567895400126024,0.4934152488972904,0.5349401386263389,0.507955261499685,0.604679802955665
0.1406,0.544512963538429,0.015507472149286688,0.5709993961352657,0.55825456836799,0.49229678638941393,0.5327189666036547,0.5083490863264021,0.6044589774078477
0.1408,0.5444962474090351,0.015761042524374335,0.5695803140096618,0.5601291745431631,0.48974480151228733,0.5312381852551985,0.510586011342155,0.6056989977917445
0.141,0.5437878354623704,0.01627467752089368,0.5684933574879227,0.5609798361688721,0.48752362948960304,0.5264807813484562,0.5113421550094518,0.6079072532699168
0.1412,0.5429943603300679,0.016795978455558,0.569897342995169,0.5591524889729048,0.48534971644612473,0.5243383742911154,0.5098771266540643,0.6093511126210294
0.1414,0.5418898949822464,0.017356759316964322,0.56881038647343,0.5609798361688721,0.4817265280403277,0.522511027095148,0.5076717076244487,0.609639884491252
0.1416,0.5416616821806725,0.01774185015535279,0.569897342995169,0.5635633270321361,0.48029300567107747,0.5184940138626338,0.5080655324511657,0.6096568710718533
0.1418,0.541708742697676,0.017905857643931176,0.5706219806763284,0.5639729048519219,0.4810333963453056,0.5148393194706993,0.5091682419659735,0.610616612875828
0.142,0.541293209673869,0.01835890181929979,0.5717089371980676,0.5647132955261499,0.4792060491493383,0.5148550724637682,0.5061751732829237,0.6111007304229659
0.1422,0.5409443201275722,0.018574947233020476,0.5713617149758454,0.5661940768746062,0.47887523629489603,0.513768115942029,0.5043320730938878,0.6111347035841684
0.1424,0.540770099934475,0.01866127132317683,0.5713919082125605,0.5676748582230624,0.4762759924385633,0.5148865784499055,0.5047258979206048,0.6096653643621538
0.1426,0.5404202192292874,0.01911272224400013,0.5721014492753623,0.5687933207309389,0.4722904851921864,0.513421550094518,0.5062066792690612,0.6097078308136572
0.1428,0.5398379120800788,0.019406279873904482,0.5717240338164251,0.5721802142407058,0.47006931316950223,0.5115784499054821,0.505466288594833,0.6080091727535246
0.143,0.5396368431657782,0.019772146958899315,0.572493961352657,0.5718178954001261,0.46751732829237547,0.5104599873976056,0.5065374921235034,0.6089943944284015
0.1432,0.5394888581520738,0.020050208402044065,0.572493961352657,0.5729363579080025,0.4656742281033396,0.5097353497164461,0.5068525519848771,0.6092406998471207
0.1434,0.5385334151731991,0.02040117237171907,0.5743055555555555,0.5729678638941398,0.46271266540642725,0.5075929426591052,0.5060964083175803,0.6075250552063869
0.1436,0.5375355480554087,0.02082427472876323,0.5735356280193237,0.5740863264020163,0.45942028985507244,0.5050567107750472,0.506064902331443,0.6070494309495499
0.1438,0.5370146124805925,0.021054024768032583,0.5717693236714977,0.5770951480781348,0.45831758034026465,0.5032136105860113,0.5053560176433523,0.6063359945642942
0.144,0.5364237455153638,0.02140553294487935,0.5729015700483091,0.5778197857592942,0.45574984247006933,0.5032451165721488,0.5034499054820415,0.6053762527603194
0.1442,0.5354647199592476,0.021404856423812305,0.5725392512077294,0.5771266540642721,0.4550567107750473,0.5036389413988658,0.5005198487712665,0.6039069135383047
0.1444,0.534470851576098,0.021399394705014334,0.5725392512077294,0.5748739760554505,0.45179584120982985,0.5055293005671077,0.5001417769376182,0.6019449634788517
0.1446,0.5346401825190424,0.021024674090473965,0.5714673913043479,0.5733931947069943,0.4515122873345935,0.5081127914303718,0.5023787019533711,0.6009767283845762
0.1448,0.5348719927453576,0.021093954680854805,0.5729015700483092,0.5715500945179584,0.4482199117832388,0.510633270321361,0.5056553245116572,0.6002717852896212
0.145,0.5347132176873416,0.0210251455271486,0.5740338164251207,0.5696439823566478,0.4482199117832388,0.5128386893509767,0.5037807183364839,0.5997621878715814
0.1452,0.5343944790465897,0.021315976811049468,0.574381038647343,0.5700693131695022,0.446817895400126,0.5135633270321363,0.501543793320731,0.5999915067096994
0.1454,0.5344467295360137,0.021873523335484275,0.5772192028985507,0.5697542533081286,0.44462822936357904,0.5124606175173283,0.5011657214870825,0.6014523526414133
0.1456,0.5339776882407004,0.021989023994992335,0.5782759661835749,0.5675173282923756,0.4428166351606805,0.51351606805293,0.5007718966603655,0.6009682350942754
0.1458,0.5340699429681176,0.022279291269277787,0.5782608695652174,0.5675330812854442,0.43990233144297414,0.5171392564587272,0.5003780718336485,0.6012060472226941
0.146,0.5333063460974053,0.022363245582429636,0.5764945652173913,0.566398865784499,0.43809073724007563,0.5193761814744802,0.4985349716446124,0.6009427552233736
0.1462,0.5328091274247577,0.022225558037061995,0.5740036231884058,0.566005040957782,0.43701953371140523,0.5223219911783239,0.49781033396345303,0.5996942415491762
0.1464,0.5327091809118821,0.022698604843566086,0.5750452898550724,0.566698172652804,0.43407372400756145,0.5259609325771897,0.4952583490863264,0.599218617292339
0.1466,0.532480407380256,0.02296615191799647,0.5728864734299517,0.5659577819785759,0.43117517328292376,0.5300094517958411,0.4948960302457467,0.5999575335484967
0.1468,0.53121175822901,0.022880121912831355,0.5714673913043479,0.5636735979836169,0.42939508506616253,0.5314587271581599,0.4937303087586642,0.5975454391031085
0.147,0.5310867386369997,0.023146426802813758,0.5736413043478261,0.561783238815375,0.42726843100189027,0.5318525519848771,0.4944549464398236,0.5975199592322065
0.1472,0.5315482244874148,0.023433431430445843,0.5747131642512079,0.5632640201638311,0.42613421550094516,0.5351606805293005,0.49298991808443604,0.5970273483947681
0.1474,0.5315452438564398,0.023720603423451732,0.5740036231884058,0.5621455576559546,0.4243226212980466,0.5391934467548835,0.49183994959042215,0.5977662646509259
0.1476,0.5319598401312182,0.024105968288439132,0.57506038647343,0.5613894139886579,0.42252678008821676,0.5431789540012602,0.4911153119092628,0.5984881943264821
0.1478,0.5317784476479188,0.024364562968675927,0.5736413043478261,0.561783238815375,0.4188563327032136,0.5472432262129805,0.49261184625078763,0.5965347375573298
0.148,0.5314331808172863,0.024538219843459084,0.5725694444444444,0.561027095148078,0.4177851291745432,0.5512759924385634,0.4903749212350347,0.5955665024630541
0.1482,0.5319639900539189,0.024778465420177344,0.5743810386473431,0.5613894139886578,0.41709199747952114,0.5527567737870196,0.49034341524889735,0.5958213011720741
0.1484,0.5311490530183494,0.025199548442504948,0.5718900966183573,0.5614051669817266,0.41457151858853186,0.5549621928166352,0.48775992438563326,0.5963054187192118
0.1486,0.5316798891997565,0.02568635509203747,0.572644927536232,0.5602709514807813,0.4109483301827347,0.5604284814114682,0.4899653434152489,0.5958213011720741
0.1488,0.5322759939690266,0.02609499709192422,0.5711805555555555,0.5602709514807814,0.40915248897290485,0.5659420289855073,0.4903119092627599,0.5967980295566503
0.149,0.5325935627977402,0.02579028751549083,0.5701086956521739,0.5584278512917454,0.40986137366099556,0.5681001890359167,0.4932419659735349,0.5958213011720741
0.1492,0.5336742711049701,0.026350465488630802,0.5697463768115941,0.5595463137996219,0.408049779458097,0.5742911153119092,0.49358853182104595,0.5968235094275522
0.1494,0.5330904258179446,0.02660946080046064,0.5694142512077294,0.5595148078134846,0.4066005040957782,0.5764965343415248,0.4913831127914303,0.5951333446577204
0.1496,0.533503812142262,0.027279757365052157,0.5715579710144928,0.5595305608065532,0.4043950850661626,0.5801354757403907,0.48954001260239444,0.5958637676235774
0.1498,0.5341113897364339,0.027629642736088766,0.5730525362318841,0.558396345305608,0.4029458097038437,0.5837744171392564,0.4906269691241336,0.595872260913878
0.15,0.5340056864631569,0.02793420714220306,0.5698520531400966,0.5591209829867675,0.4014807813484563,0.5867202268431002,0.49024889729048515,0.5966111771700356
0.1502,0.5350352371424412,0.028437026938583077,0.5701992753623188,0.558349086326402,0.4010869565217391,0.5951795841209829,0.4895242596093258,0.595872260913878
0.1504,0.5349309895559705,0.028658796913219556,0.5669987922705314,0.5587586641461877,0.40070888468809074,0.5988185255198488,0.48843730308758665,0.5958637676235774
0.1506,0.5344814542520213,0.02898039220477848,0.568100845410628,0.5587429111531191,0.39924385633270326,0.5999212350346566,0.4862476370510397,0.5946322405299813
0.1508,0.5350535601281187,0.02956736340421802,0.5702747584541064,0.5591524889729048,0.3977473219911783,0.6039697542533082,0.48478260869565215,0.5943944284015628
0.151,0.5358373743322468,0.030280984279951715,0.5699124396135267,0.5620667926906112,0.39554190296156266,0.6090737240075614,0.48402646502835533,0.5944029216918635
0.1512,0.5351135573889242,0.03101047103770097,0.56881038647343,0.5601606805293006,0.3911625708884688,0.6120037807183365,0.4836483931947069,0.5948955325293019
0.1514,0.5358674108804513,0.03159144220005382,0.5734752415458937,0.5597983616887208,0.3893509766855702,0.6137838689350976,0.48292375551354755,0.595872260913878
0.1516,0.5364132689038207,0.031764842066802315,0.5734752415458938,0.5609168241965975,0.390800252047889,0.6163043478260869,0.4803717706364209,0.5966111771700356
0.1518,0.5369528094553184,0.032130602537950845,0.5731280193236714,0.5605860113421549,0.3897132955261499,0.6195652173913043,0.48112791430371765,0.5975963988449126
0.152,0.5380374818406342,0.03248002994896938,0.5731582125603865,0.5628386893509767,0.39045368620037807,0.6228418399495904,0.4796628859483302,0.5992695770341431
0.1522,0.5389250169816747,0.032730337195937,0.5738677536231884,0.5643194706994329,0.389413988657845,0.6242596093257718,0.48144297416509135,0.6002463054187193
0.1524,0.5400791430544217,0.03307061974995516,0.57493961352657,0.5677221172022684,0.39017013232514175,0.6268115942028987,0.4795998739760554,0.6012315270935961
0.1526,0.5406728207870494,0.03312493757282664,0.5745621980676329,0.5669344675488344,0.39013862633900437,0.6293635790800252,0.4817895400126023,0.6012485136741974
0.1528,0.5408487083228036,0.033545003870848855,0.5777626811594203,0.5672810333963453,0.38903591682419664,0.6304505356017642,0.4795683679899181,0.6009937149651774
0.153,0.5407535823601965,0.033831430186945885,0.5759661835748793,0.567643352236925,0.38831127914303715,0.6326086956521738,0.47849716446124757,0.6014948190929166
0.1532,0.5413676340961678,0.03408058684084391,0.575618961352657,0.5687460617517328,0.3875393824826717,0.635192186515438,0.47963137996219285,0.6014778325123152
0.1534,0.5411521656341222,0.03444312593831736,0.576298309178744,0.5676118462507876,0.38898865784499054,0.6388626339004411,0.4741493383742911,0.6010022082554782
0.1536,0.5422953653219973,0.03489283996752174,0.575588768115942,0.5694706994328922,0.38971329552614997,0.6439981096408317,0.4730308758664147,0.6019704433497537
0.1538,0.5433413533916271,0.03466572645022334,0.5751811594202898,0.5683522369250158,0.3937303087586641,0.6472747321991178,0.47304662885948323,0.6024630541871921
0.154,0.5434302443333734,0.03476551273446169,0.5740489130434783,0.5690926275992438,0.39447069943289226,0.6484247006931316,0.4715973534971645,0.6029471717343299
0.1542,0.5445257688846433,0.03516616479205974,0.5772795893719807,0.5694234404536862,0.39374606175173277,0.6499054820415878,0.47164461247637046,0.6051554272125022
0.1544,0.5452985274990596,0.035232827575631835,0.5765700483091788,0.5698015122873347,0.39333648393194703,0.6510081915563959,0.4742123503465658,0.6068625785629354
0.1546,0.5459834066785709,0.03539884917323033,0.5790609903381643,0.570526149968494,0.3944234404536862,0.6521266540642721,0.472416509136736,0.6073466961100731
0.1548,0.5465979311559683,0.03542415174178993,0.5794384057971014,0.5697857592942659,0.39557340894770004,0.652835538752363,0.472416509136736,0.6095379650076439
0.155,0.54667038578516,0.03555593279493081,0.5780042270531401,0.5697542533081286,0.3966131064902332,0.6543005671077504,0.4705891619407687,0.6107609988109395
0.1552,0.5467758163587347,0.03592658647650892,0.5791062801932367,0.5683049779458097,0.39662885948330184,0.6554032766225582,0.4680214240705734,0.6131900798369287
0.1554,0.5475913696120098,0.03622409535226584,0.578713768115942,0.5720226843100189,0.395478890989288,0.6557655954631378,0.46841524889729047,0.615152029896382
0.1556,0.5481308068256512,0.035805960291637816,0.5783514492753623,0.5727788279773157,0.3991020793950851,0.6554190296156269,0.4679899180844361,0.6151435366060812
0.1558,0.5489220461920464,0.03531954823187197,0.578713768115942,0.5724322621298047,0.4023787019533712,0.6547101449275362,0.4694234404536862,0.6158739595719381
0.156,0.5495436814140644,0.035234659184437245,0.5787288647342995,0.5716603654694392,0.4045526149968494,0.6565217391304348,0.46942344045368617,0.6163750636996773
0.1562,0.549674737564733,0.03512119592313269,0.5791213768115941,0.572069943289225,0.40493068683049777,0.655765595463138,0.4697857592942659,0.6163750636996772
0.1564,0.5510796944403978,0.03483153538918806,0.581280193236715,0.5765280403276621,0.4078449905482041,0.6546471329552614,0.4697857592942659,0.6163920502802785
0.1566,0.5509071360523422,0.035069633740247776,0.5823369565217391,0.5750315059861373,0.40600189035916817,0.6550252047889099,0.47017958412098293,0.6168676745371158
0.1568,0.5518587496398394,0.03538385292167314,0.5852053140096618,0.5764965343415249,0.40597038437303096,0.6564902331442973,0.46939193446754884,0.6175980975029727
0.157,0.5519365707204346,0.0356122641382851,0.5880736714975846,0.5761184625078765,0.4059546313799622,0.6564744801512287,0.46717076244486455,0.6178274163410906
0.1572,0.5521556019506667,0.03586909584920215,0.5870018115942028,0.5764965343415249,0.4055923125393825,0.6575929426591053,0.4664776307498425,0.6197723798199423
0.1574,0.5516864853400624,0.0360698567598872,0.5862922705314009,0.5764807813484563,0.40560806553245116,0.6583333333333333,0.4638783868935098,0.6195260744012231
0.1576,0.5508229419564747,0.035993282195335194,0.5866545893719808,0.5742123503465659,0.4060018903591683,0.6572621298046629,0.4620195337114052,0.6187871581450655
0.1578,0.5513885522278663,0.03612076874826848,0.5866394927536233,0.5764177693761815,0.40382797731569003,0.6561751732829236,0.46455576559546313,0.620715135043316
0.158,0.5520591681816097,0.03608811182664441,0.5887983091787439,0.5761184625078765,0.4049149338374291,0.6569313169502206,0.46490233144297416,0.6206896551724138
0.1582,0.5523180541342094,0.03608062319773134,0.5909420289855072,0.576086956521739,0.4056238185255198,0.6566005040957782,0.4641776937618148,0.6204773229148972
0.1584,0.5533695389378739,0.036027676468336,0.5927083333333332,0.5794896030245746,0.40705734089477,0.6566005040957782,0.4641304347826088,0.620231017496178
0.1586,0.5536162605139924,0.03585785444956224,0.5905797101449275,0.5806553245116571,0.40814429741650915,0.6569785759294267,0.46487082545683683,0.6204688296245966
0.1588,0.5542940487579382,0.03557714786710701,0.5902022946859904,0.580671077504726,0.41105860113421555,0.6576874606175173,0.46521739130434786,0.6209274673008324
0.159,0.5548835760475525,0.03548281644900686,0.5916515700483093,0.5798361688720857,0.41436672967863897,0.6591367359798361,0.4633742911153119,0.6209359605911331
0.1592,0.5560571883026086,0.03566148819981139,0.5927385265700483,0.5806395715185884,0.41471329552614994,0.6609168241965973,0.4644454946439823,0.6228894173602855
0.1594,0.5562825095396247,0.035912514735568384,0.5916817632850242,0.5829080025204789,0.4147448015122873,0.6627126654064273,0.46299621928166346,0.6226516052318668
0.1596,0.55502477906147,0.0356895042017437,0.5909722222222221,0.582151858853182,0.4147290485192186,0.6594202898550725,0.46120037807183367,0.6216748768472906
0.1598,0.5557143693954646,0.03618882534774784,0.5917270531400967,0.5870037807183366,0.4158632640201638,0.6601449275362319,0.45641146817895395,0.6231357227790045
0.16,0.5559777339598507,0.03588527015845284,0.5913798309178744,0.5856332703213611,0.4187618147448015,0.6594202898550725,0.45604914933837437,0.6246220485816205
0.1602,0.5560010413200268,0.03601817127799315,0.5892210144927537,0.5886263390044107,0.42017958412098294,0.6608853182104599,0.4534656584751103,0.623628333616443
0.1604,0.5558601181229488,0.0361252890292276,0.5892059178743961,0.5894297416509137,0.4227315689981096,0.6619880277252678,0.44941713925645876,0.6223883132325463
0.1606,0.55521978941531,0.03604923830431208,0.5892059178743961,0.5894297416509137,0.42419659735349713,0.6601764335223692,0.44643982356647766,0.6218702225242059
0.1608,0.55517873851219,0.03586163487848344,0.588118961352657,0.5894770006301198,0.42414933837429114,0.6597983616887209,0.4479048519218651,0.6216239171054867
0.161,0.5553984668130346,0.03633147904338428,0.5877717391304349,0.5943289224952741,0.4237712665406427,0.6598141146817895,0.4445967233774417,0.6221080346526244
0.1612,0.5560819507735304,0.03611012666918848,0.5898701690821256,0.5943446754883428,0.42772526780088216,0.6583175803402647,0.442690611216131,0.6235434007134364
0.1614,0.5559171248854168,0.03561701773915932,0.5906099033816425,0.5928323881537493,0.43062381852551984,0.657608695652174,0.44272211720226845,0.6211058263971462
0.1616,0.5550751604940789,0.03583813794439628,0.5927687198067633,0.5917296786389414,0.4298361688720857,0.6550567107750472,0.43946124763705097,0.6215984372345846
0.1618,0.5549125912215532,0.035460795691971976,0.593100845410628,0.5913988657844991,0.43240390674228096,0.6531978575929427,0.43875236294896025,0.6206217088500086
0.162,0.5547922767446801,0.03542693155601394,0.5923762077294686,0.592548834278513,0.4335381222432262,0.6521109010712035,0.4373030875866415,0.6208765075590283
0.1622,0.5540157040881168,0.03593065277714903,0.5938103864734299,0.5936515437933207,0.4313484562066792,0.6495904221802142,0.4335853812224323,0.6221080346526244
0.1624,0.554351515068184,0.03577953014506735,0.5938103864734299,0.5951480781348456,0.4338846880907372,0.6489130434782608,0.43248267170762433,0.6218702225242059
0.1626,0.5545752844162567,0.035709934875126095,0.5938254830917874,0.5959042218021423,0.43572778827977315,0.6482199117832389,0.43141146817895404,0.6223628333616442
0.1628,0.5546503161923595,0.03540585668629206,0.5952596618357487,0.5944391934467548,0.4386105860113421,0.6474795211090107,0.4307183364839319,0.6213945982673688
0.163,0.5545237996973289,0.03544242822236529,0.5981280193236714,0.5978260869565217,0.4412098298676749,0.6427063642091998,0.42637051039697543,0.6209019874299304
0.1632,0.5532434501400391,0.03522102560627938,0.5999245169082126,0.5948172652804032,0.4433679899180844,0.6393824826717076,0.42306238185255207,0.6189060642092745
0.1634,0.5523727476598973,0.03552455568006874,0.5984450483091788,0.597069943289225,0.4419187145557656,0.6386735979836169,0.42046313799621926,0.617666043825378
0.1636,0.5519780267986351,0.03534796998092279,0.5983997584541063,0.5970541902961563,0.44267485822306235,0.6379332073093888,0.4200850661625709,0.6157210803465263
0.1638,0.5515003916068072,0.035617053703238775,0.598762077294686,0.5996376811594203,0.4419502205419029,0.6353969754253308,0.4175173282923755,0.6157380669271275
0.164,0.5510887006477129,0.03490956906997248,0.5977355072463768,0.600393824826717,0.4448645242596093,0.6306868304977946,0.4183364839319471,0.6145150331238322
0.1642,0.5510777412601379,0.03458222877444081,0.5966787439613527,0.6007561436672968,0.44705419029615634,0.6273944549464399,0.4183522369250158,0.616230677764566
0.1644,0.5521240432271013,0.034044969229734434,0.5966938405797101,0.6030718336483932,0.4518115942028986,0.6252362948960302,0.4194706994328922,0.6164599966026839
0.1646,0.5518931015888263,0.033812609651570416,0.5984903381642511,0.6023787019533712,0.45322936357908006,0.622715816005041,0.4190611216131065,0.6154832682181077
0.1648,0.551314821717137,0.03398102807248925,0.5967089371980676,0.6046628859483302,0.4536231884057971,0.6201638311279143,0.41652488972904855,0.6162051978936641
0.165,0.5508057827992373,0.03399568251067187,0.5966938405797102,0.6065374921235035,0.4543635790800252,0.6172810333963453,0.41471329552615,0.6152454560896892
0.1652,0.5509140362560683,0.034249898577412105,0.5981280193236715,0.6095148078134847,0.4551039697542533,0.615453686200378,0.4125393824826718,0.6147443519619501
0.1654,0.5509164770624194,0.034025504792365616,0.598082729468599,0.6110428481411467,0.4572621298046629,0.6136263390044109,0.41219281663516066,0.6132919993205368
0.1656,0.5503915064983036,0.03354599660968658,0.5977355072463768,0.6095620667926906,0.4612791430371771,0.6110901071203528,0.4111058601134216,0.611576354679803
0.1658,0.5503235574442557,0.033530112961063854,0.5991394927536232,0.6114209199747952,0.46201953371140514,0.6092942659105229,0.41044423440453687,0.6096228979106506
0.166,0.5512809206378523,0.033734688713570916,0.6016455314009662,0.6133270321361058,0.4634530560806554,0.6096565847511027,0.4097511027095148,0.6098522167487685
0.1662,0.551078627501651,0.03366959351598898,0.6002415458937198,0.6148393194706994,0.4630592312539383,0.6092627599243856,0.41017643352236927,0.6088924749447936
0.1664,0.5516482442194636,0.03356225349196168,0.6027928743961353,0.614508506616257,0.46411468178954,0.6096093257718966,0.4109483301827347,0.6079157465602173
0.1666,0.5527310915329857,0.03324284847364519,0.6049064009661835,0.6170919974795211,0.46630434782608693,0.6074354127284184,0.4132167611846251,0.6074316290130797
0.1668,0.5517755391583259,0.0331138370793578,0.6049214975845411,0.6174543163201008,0.4652331442974165,0.6041115311909262,0.4132167611846251,0.6057159843723459
0.167,0.5520517975964482,0.032955026823378135,0.6070501207729468,0.6182262129804663,0.46734404536862006,0.6004883427851291,0.4132482671707624,0.6059537965007644
0.1672,0.5520412895431404,0.03279900942334481,0.6059933574879226,0.6186200378071833,0.46986452425960934,0.5983301827347196,0.4124921235034657,0.606947511465942
0.1674,0.5519736081900745,0.03249053430895261,0.606400966183575,0.6196912413358537,0.47169187145557656,0.594328922495274,0.4132482671707624,0.6064803804994054
0.1676,0.551324589959845,0.03249733622464535,0.6082125603864734,0.6196912413358537,0.4724480151228733,0.5917611846250788,0.41178323881537493,0.6040512994734161
0.1678,0.5513580925537861,0.03254767148377691,0.6103411835748792,0.6192816635160681,0.4728260869565217,0.5899810964083175,0.41142091997479524,0.6042976048921351
0.168,0.5505965335256743,0.03246494723392029,0.609903381642512,0.6188563327032137,0.4735664776307498,0.5870982986767486,0.4103497164461247,0.6038049940546968
0.1682,0.5498826303825908,0.032457487223988064,0.6088466183574879,0.6195652173913043,0.47504725897920597,0.5842312539382484,0.4085223692501575,0.6030830643791405
0.1684,0.5498196524908104,0.03233266100352088,0.6092391304347826,0.6199432892249528,0.4765122873345936,0.5813484562066793,0.40855387523629483,0.603320876507559
0.1686,0.549618535224576,0.03236666711062148,0.6099788647342995,0.6199117832388152,0.4739603024574669,0.5821045998739761,0.409640831758034,0.6021148292848648
0.1688,0.5499005509619955,0.03227065244486632,0.6092995169082126,0.6225425330812854,0.4750787649653434,0.5799464398235664,0.4104127284183995,0.6021233225751657
0.169,0.5504016177572847,0.03222196262499721,0.6118206521739131,0.6233459357277884,0.47726843100189037,0.5788909892879647,0.41041272841839954,0.6006709699337522
0.1692,0.5511018816040862,0.03212600420591937,0.61544384057971,0.6233301827347196,0.4761499684940138,0.5763705103969754,0.4134057971014493,0.601910990317649
0.1694,0.5518816404895468,0.03170224497466149,0.616893115942029,0.6244013862633901,0.479820415879017,0.5749369880277253,0.4152804032766225,0.5999575335484967
0.1696,0.5516166624906355,0.031380215393603694,0.6183121980676328,0.6236609955891619,0.47978890989287964,0.5738185255198488,0.41709199747952114,0.5970273483947681
0.1698,0.5509131453317391,0.03162655785812481,0.620108695652174,0.6196124763705104,0.4823566477630751,0.572715816005041,0.4126811594202898,0.5980040767793443
0.17,0.5500640916586875,0.03115794402359664,0.6208635265700483,0.613673597983617,0.4838216761184625,0.5709042218021424,0.41307498424700684,0.5980465432308477
0.1702,0.5500145089806957,0.031241445375160423,0.6226902173913044,0.6122085696282293,0.4823724007561436,0.5712822936357907,0.4134530560806553,0.5980805163920503
0.1704,0.5504535412114746,0.031291572107100034,0.6248188405797102,0.6155797101449274,0.4831285444234405,0.5672810333963454,0.4145715185885318,0.5973416001358927
0.1706,0.5508447476750665,0.031154257671667664,0.6262681159420289,0.612177063642092,0.48347511027095147,0.5694549464398235,0.41537492123503467,0.5983183285204687
0.1708,0.5507502841265167,0.031012761856176584,0.62518115942029,0.6121928166351607,0.4842470069313169,0.5676118462507876,0.415752993068683,0.5995158824528622
0.171,0.5518710230590363,0.030939309206735793,0.6269776570048309,0.6136893509766856,0.4838689350976685,0.5690926275992438,0.4183364839319471,0.5992610837438423
0.1712,0.5527215483441854,0.030767649567615327,0.627324879227053,0.6136893509766856,0.4856962822936358,0.570179584120983,0.41943919344675484,0.6
0.1714,0.5516486692593471,0.03094811797739985,0.6280495169082126,0.6125551354757404,0.48349086326402013,0.5686988027725268,0.41832073093887845,0.5987769661967046
0.1716,0.5518904278867086,0.030647138929703208,0.626237922705314,0.6125551354757405,0.4835223692501575,0.5690611216131065,0.4201953371140516,0.5997706811618821
0.1718,0.5526420318983675,0.030661430271690958,0.6284118357487923,0.6125393824826717,0.48205734089477004,0.5701638311279144,0.422416509136736,0.6002632919993205
0.172,0.5525156528216878,0.030290400942306457,0.6269776570048309,0.6106647763074985,0.4813484562066792,0.5705103969754253,0.42459042218021426,0.6010022082554782
0.1722,0.5534287316091246,0.030106078890056356,0.6269625603864735,0.6117674858223062,0.48133270321361066,0.5719596723377443,0.4270636420919975,0.6014863258026159
0.1724,0.5531729840538014,0.02976919227375078,0.6272493961352658,0.6077032136105861,0.48282923755513546,0.5723062381852552,0.42748897290485194,0.601460845931714
0.1726,0.5539906290206436,0.029923679748116754,0.6272644927536232,0.6080812854442345,0.4817265280403277,0.5752678008821676,0.42819785759294265,0.6034058094105658
0.1728,0.5548995645007867,0.029967559683578848,0.628713768115942,0.6066320100819156,0.4821361058601134,0.5781505986137366,0.42890674228103337,0.604858162051979
0.173,0.5555949594268036,0.030023853051984246,0.6287288647342995,0.6103654694391935,0.4824984247006931,0.5777252678008822,0.4296313799621928,0.6046203499235604
0.1732,0.5561905787813121,0.030418648270508507,0.6319444444444444,0.6103812224322621,0.4810491493383743,0.5780718336483932,0.42961562696912414,0.6060811958552744
0.1734,0.556039038135141,0.03004429895184235,0.6298007246376811,0.609294265910523,0.4795998739760554,0.5795368620037806,0.43216761184625074,0.6058348904365551
0.1736,0.5561476818823876,0.030080022770159934,0.628743961352657,0.6107908002520479,0.47849716446124757,0.5791587901701323,0.43289224952741023,0.6068031255308306
0.1738,0.5572365398875846,0.03001196184906443,0.6298007246376811,0.6112318840579711,0.4762759924385634,0.580214240705734,0.43689350976685565,0.6090028877187021
0.174,0.5575682416408524,0.02984953193238154,0.6294836956521739,0.6112003780718337,0.47807183364839323,0.5794580970384373,0.437224322621298,0.6099711228129777
0.1742,0.5576825805843361,0.029265546147811385,0.6280646135265701,0.609735349716446,0.4795211090107121,0.5798046628859483,0.4397290485192187,0.6092406998471208
0.1744,0.5584805958925895,0.029512699238077564,0.6294987922705314,0.6116099558916195,0.4784499054820416,0.5808916194076874,0.44045368620037806,0.6099796161032784
0.1746,0.5590610504863344,0.029012864563790246,0.627385265700483,0.6131537492123503,0.47775677378701953,0.5819785759294266,0.4448172652804033,0.6092746730083234
0.1748,0.559004828727357,0.029113938299739076,0.6266455314009661,0.6116887208569628,0.47700063011972277,0.583049779458097,0.4444076874606175,0.6112366230677765
0.175,0.5594730294757787,0.02894379426141972,0.6262983091787439,0.609845620667927,0.47922180214240695,0.5841524889729048,0.44437618147448016,0.6129437744182096
0.1752,0.5601790561223279,0.02904290245210895,0.6295289855072463,0.6098141146817896,0.48030875866414613,0.5830340264650283,0.44472274732199113,0.6136657040937659
0.1754,0.5597073893281698,0.02911672826535957,0.628774154589372,0.6094045368620038,0.4813957151858853,0.5830182734719597,0.44247006931316946,0.6131815865466281
0.1756,0.5608290523363827,0.028930249401684396,0.6280344202898551,0.6109010712035287,0.4843100189035917,0.5841209829867675,0.44319470699432895,0.6144131136402242
0.1758,0.5621367013730826,0.02908814514329821,0.628774154589372,0.6120510396975425,0.4839634530560807,0.5880907372400757,0.44431316950220545,0.615627654153219
0.176,0.561289034649788,0.02915836796353513,0.6287590579710145,0.6105702583490864,0.48251417769376176,0.5850976685570258,0.44395085066162576,0.6168421946662137
0.1762,0.5620496217705859,0.02882933164095033,0.6294685990338165,0.6112948960302458,0.4817895400126024,0.5854442344045369,0.4479678638941399,0.6163325972481738
0.1764,0.5617676741941552,0.02843324652766402,0.6280344202898551,0.6094833018273472,0.4810806553245118,0.5846723377441714,0.45053560176433527,0.6167997282147104
0.1766,0.5624346872412892,0.027866093537965146,0.6266002415458937,0.6116729678638941,0.48401071203528667,0.5831758034026465,0.4530875866414618,0.6160608119585527
0.1768,0.5637796270470937,0.027784153355554776,0.6276570048309178,0.613122243226213,0.48545998739760554,0.5842627599243857,0.45488342785129177,0.6172923390521488
0.177,0.564266814291624,0.02768453571315749,0.6280193236714976,0.6134688090737239,0.4883270321361059,0.5828134845620668,0.45447385003150603,0.618498386274843
0.1772,0.5656221598906707,0.02767038124609968,0.6290609903381643,0.6145715185885319,0.4894454946439824,0.5850346565847511,0.45590737240075613,0.6197129267878376
0.1774,0.5663221840590557,0.027466629436049845,0.6297554347826086,0.6149495904221801,0.4912570888468809,0.5839004410838059,0.4573724007561436,0.6206981484627144
0.1776,0.5671475889909273,0.02722488185616941,0.6290609903381643,0.6156742281033396,0.49306868304977947,0.5845778197857593,0.45883742911153125,0.6216663835569899
0.1778,0.5670231240710408,0.027056762801101236,0.6258152173913043,0.6171707624448646,0.4938248267170763,0.5845778197857593,0.45883742911153125,0.6219126889757092
0.178,0.5676209043964785,0.02713102075023233,0.6261624396135266,0.6168084436042849,0.4941713925645873,0.5852709514807815,0.45919974795211094,0.6241124511635807
0.1782,0.5672918561646214,0.02666474456624339,0.6232789855072464,0.6153276622558287,0.4967076244486452,0.584546313799622,0.4595148078134845,0.6243757431629013
0.1784,0.5681838418948827,0.02649813122623075,0.6221618357487924,0.6160522999369882,0.4985192186515438,0.5859798361688721,0.4605702583490864,0.6258196025140139
0.1786,0.567695300647551,0.026214076798672437,0.6217995169082126,0.6134215500945179,0.4973850031505987,0.5840579710144927,0.4627284183994959,0.6267793443179888
0.1788,0.5670790939799965,0.025747931562227568,0.6192934782608696,0.6115626969124134,0.5006458727158161,0.5818683049779458,0.4623503465658475,0.6267538644470868
0.179,0.5680525592408635,0.025287530474601347,0.6196407004830917,0.6111688720856964,0.5024102079395084,0.5822148708254569,0.46564272211720226,0.6272379819942245
0.1792,0.5677876295938856,0.024939498552922712,0.6196407004830917,0.6111531190926276,0.5031190926275992,0.578875236294896,0.46743856332703204,0.6264990657380669
0.1794,0.5683141861274391,0.02488447847572709,0.6174969806763284,0.6141304347826086,0.5020006301197227,0.5788909892879647,0.4696439823566478,0.6277220995413623
0.1796,0.5695576885566939,0.024348892066575385,0.6178291062801933,0.6145400126023943,0.5067265280403277,0.5773629489603025,0.4721802142407057,0.6287073212162391
0.1798,0.569497165742704,0.02442845671971113,0.617451690821256,0.6160365469439194,0.5085381222432263,0.5744171392564587,0.47109325771896665,0.6294462374723968
0.18,0.5703070364730772,0.02409684216652366,0.6160024154589372,0.614902331442974,0.5103182104599875,0.5776780088216761,0.47252678008821675,0.6304144725666723
0.1802,0.5699257294825374,0.023909178086961975,0.6127415458937199,0.61531190926276,0.512870195337114,0.5754883427851292,0.47180214240705726,0.6313402412094444
0.1804,0.5696481308113226,0.023978711315517747,0.6138285024154589,0.6141776937618146,0.5125078764965343,0.5754568367989917,0.4710617517328292,0.6308561236623067
0.1806,0.5703592237444853,0.02357807742289494,0.6116847826086956,0.6141619407687461,0.5161625708884688,0.5761499684940139,0.4721802142407057,0.6318158654662817
0.1808,0.570351592984296,0.023181755956850472,0.612409420289855,0.6115626969124135,0.518037177063642,0.5757561436672967,0.47326717076244484,0.631076949210124
0.181,0.5710742824281679,0.02314213478969461,0.6131038647342997,0.6130434782608696,0.5198645242596094,0.575393824826717,0.47370825456836796,0.6313317479191438
0.1812,0.57080635234116,0.02302971340638291,0.6101902173913043,0.6108380592312539,0.5198487712665407,0.5772054190296155,0.47370825456836796,0.6330473925598776
0.1814,0.5709391659786941,0.022524686726112526,0.6058876811594203,0.611578449905482,0.5213137996219281,0.5789540012602394,0.47556710775047256,0.632333956174622
0.1816,0.5723791294870401,0.022086362328069112,0.6047705314009663,0.6119722747321992,0.5235192186515437,0.5807813484562067,0.4791902961562696,0.6340411075250552
0.1818,0.5727609202384897,0.02152509544086304,0.6033363526570048,0.6090107120352867,0.5268431001890359,0.5840737240075614,0.4802457466918715,0.6330558858501784
0.182,0.5727378855594334,0.020992889164509972,0.6008152173913044,0.6078922495274102,0.5290642722117201,0.5840422180214241,0.4820415879017014,0.6325717683030405
0.1822,0.572780139277295,0.020190682127268923,0.598641304347826,0.6060176433522368,0.5334436042848141,0.5821676118462509,0.48457781978575926,0.6318328520468829
0.1824,0.5730103014125301,0.02011767692441798,0.5978713768115942,0.6067580340264651,0.5334120982986768,0.582844990548204,0.48533396345305607,0.6318413453371836
0.1826,0.573015162119804,0.01961399411950396,0.5971014492753624,0.6053560176433523,0.5326874606175174,0.584294265910523,0.48827977315689974,0.630372006115169
0.1828,0.5735563914211179,0.019737119424598406,0.5970863526570049,0.6071991178323881,0.5312539382482672,0.5831915563957152,0.4900441083805923,0.6325632750127399
0.183,0.5730792751670676,0.01961851657731035,0.5985054347826086,0.604221802142407,0.5287177063642091,0.5821203528670447,0.4918714555765595,0.6330388992695771
0.1832,0.5723698368846443,0.019417453870689896,0.5952596618357489,0.6015752993068684,0.5279930686830497,0.5813799621928166,0.49327347195967236,0.6347375573297096
0.1834,0.5715154761501892,0.019077434827298696,0.5941878019323672,0.5971802142407057,0.5272526780088216,0.582104599873976,0.49436042848141143,0.6340071343638527
0.1836,0.5716010440021654,0.018514970755351946,0.5916666666666667,0.5957309388783868,0.5298519218651543,0.5828607435412729,0.49621928166351614,0.6332767113979956
0.1838,0.5716266700995721,0.018507015170154042,0.5912590579710145,0.5960932577189666,0.5302457466918714,0.5824196597353498,0.49621928166351614,0.6335230168167147
0.184,0.5715915545914186,0.0181226220249542,0.589417270531401,0.5945809703843729,0.5295053560176434,0.5816792690611216,0.49985822306238176,0.6345082384915917
0.1842,0.571585223925899,0.017573263047036762,0.5858393719806763,0.5916036546943919,0.533947700063012,0.5823881537492124,0.5009609325771895,0.6347715304909123
0.1844,0.5724546466407393,0.017238160753204553,0.5865187198067632,0.5897290485192187,0.5361688720856963,0.5827662255828607,0.5035759294265911,0.6359690844233057
0.1846,0.5725179527012927,0.01699562852187632,0.5858242753623188,0.5886578449905482,0.5332073093887838,0.5816635160680529,0.5083333333333333,0.6374214370647189
0.1848,0.5722511358422963,0.016759164144057974,0.5854921497584542,0.5875551354757403,0.5317895400126024,0.5820258349086327,0.5102079395085066,0.636436215389842
0.185,0.5719956768933838,0.016388909103594626,0.584375,0.584940138626339,0.5357750472589793,0.5801827347195967,0.510239445494644,0.636461695260744
0.1852,0.5718523480668223,0.015964385759802857,0.5821859903381643,0.5819155639571518,0.536090107120353,0.5798046628859483,0.5139256458727158,0.6371921182266009
0.1854,0.5722269197742399,0.015748783128696698,0.5814160628019325,0.580765595463138,0.5367674858223063,0.5797574039067424,0.5164776307498424,0.6381773399014778
0.1856,0.5726524001213024,0.01527473164643546,0.5803140096618357,0.5795998739760555,0.5346250787649653,0.5819470699432892,0.5220069313169502,0.6374214370647189
0.1858,0.5732509308494239,0.01500992936336754,0.5824426328502416,0.5777567737870195,0.5361058601134214,0.5819313169502205,0.5238815374921235,0.6373874639035163
0.186,0.5733579743557935,0.014582620392825048,0.5827898550724637,0.5762759924385633,0.5375866414618777,0.5801039697542534,0.5264965343415249,0.6368948530660778
0.1862,0.5735322555927422,0.014564651754576927,0.5848882850241546,0.5762602394454948,0.5376181474480151,0.5800882167611846,0.5261657214870825,0.6361729233905214
0.1864,0.5737292916733252,0.014836745212541113,0.5841485507246377,0.5747321991178322,0.5357908002520478,0.5822778827977316,0.5272999369880276,0.6381263801596739
0.1866,0.5744073405011162,0.014438815691987954,0.5848429951690821,0.5754883427851292,0.5383900441083806,0.581505986137366,0.5288122243226212,0.6374044504841175
0.1868,0.5747843656696378,0.014121572888734913,0.5870621980676328,0.5732671707624448,0.5373188405797101,0.5829552614996849,0.5321676118462508,0.6359351112621029
0.187,0.5750829672538199,0.014056441965906216,0.5906551932367149,0.5740233144297416,0.5369565217391304,0.5822306238185255,0.5321833648393195,0.634448785459487
0.1872,0.5743417288969804,0.014181563666593205,0.5888285024154589,0.5732986767485823,0.5369722747321991,0.5818840579710145,0.5303717706364208,0.6346950908782063
0.1874,0.5745772300185311,0.013747603339761175,0.5913043478260869,0.5755040957781977,0.5384530560806553,0.5796786389413988,0.5307498424700693,0.6317733990147784
0.1876,0.5739147423555958,0.013531880524237068,0.5912892512077296,0.5725267800882168,0.5392407057340896,0.5799936988027726,0.5303717706364208,0.6300662476643452
0.1878,0.5736444110989293,0.013341308918725949,0.5923611111111111,0.5713610586011343,0.5381695022054189,0.580419029615627,0.5314429741650912,0.6281127908951928
0.188,0.5733818612144511,0.013335208396193973,0.591274154589372,0.5668557025834908,0.5381695022054189,0.5836956521739131,0.5321833648393193,0.6281127908951929
0.1882,0.5742560220471319,0.013160411637763788,0.5926781400966183,0.5679741650913674,0.5403749212350346,0.5840894770006301,0.5325614366729678,0.627857992186173
0.1884,0.5745168551592281,0.012943372280056358,0.595546497584541,0.5683207309388785,0.540752993068683,0.5841052299936987,0.5329552614996849,0.6254204178698828
0.1886,0.5748258152625099,0.012676618318129591,0.596225845410628,0.5686357908002521,0.5407844990548204,0.5852079395085067,0.5344045368620038,0.6236962799388484
0.1888,0.5744282501108326,0.012598930647523003,0.5976600241545894,0.5671077504725898,0.5411625708884688,0.5851921865154379,0.5336956521739131,0.6217513164599966
0.189,0.5748749944564377,0.012770131237791664,0.598731884057971,0.5675015752993068,0.5393194706994329,0.5866572148708256,0.5348298676748582,0.6222099541362324
0.1892,0.5742804146313364,0.012571470155029485,0.5976449275362319,0.5652488972904852,0.5411783238815374,0.5862948960302458,0.5340737240075615,0.6212417190419568
0.1894,0.5736437905700597,0.01262901077547315,0.6001962560386473,0.5648550724637681,0.5404851921865154,0.5866414618777568,0.5318998109640832,0.6177849498895872
0.1896,0.5742554916624706,0.012632011708919179,0.6023701690821257,0.5648550724637681,0.5422810333963454,0.5852079395085065,0.5322778827977316,0.6185408527263462
0.1898,0.5748094587250709,0.01248736909461265,0.6024003623188406,0.5637208569628229,0.5430214240705734,0.5870352867044738,0.5341209829867675,0.6185578393069475
0.19,0.5753881679478078,0.012367961481763142,0.6052838164251207,0.5632797731568997,0.5433837429111531,0.5881852551984877,0.5356175173282922,0.6165789026668932
0.1902,0.5746219054584105,0.012529023193459884,0.60631038647343,0.5591839949590423,0.5433837429111531,0.5885633270321361,0.5349086326402016,0.6153813487344998
0.1904,0.5747560653869657,0.012506141640171768,0.6070954106280192,0.5606805293005671,0.5438090737240076,0.5893037177063642,0.5337271581600505,0.6139205028027859
0.1906,0.5746336658119323,0.012449278727941517,0.6060235507246376,0.5617202268431002,0.5456679269061122,0.5907844990548204,0.531112161310649,0.6124936300322745
0.1908,0.5750039705448315,0.012423992498024837,0.6052838164251207,0.5628544423440454,0.5453056080655325,0.5926118462507876,0.5314744801512287,0.6124936300322745
0.191,0.5755658756681309,0.012593206403786604,0.6081068840579709,0.5617359798361689,0.545730938878387,0.592596093257719,0.5322306238185256,0.6129947341600136
0.1912,0.5746938879222367,0.012733667508810708,0.6092089371980676,0.5617832388153748,0.5442974165091368,0.5900756143667297,0.5307971014492754,0.6120010191948362
0.1914,0.5748464197272988,0.012988795469131197,0.6102958937198067,0.560633270321361,0.5442974165091367,0.5915406427221171,0.5300724637681159,0.6122388313232546
0.1916,0.575334762512428,0.013208913434109699,0.6135567632850242,0.5598141146817897,0.5465343415248898,0.5908632640201639,0.5290012602394455,0.6122388313232546
0.1918,0.5753267562907404,0.013276578876099857,0.6139643719806763,0.5620352867044739,0.5450693131695021,0.5913201008191556,0.5282923755513547,0.6112790895192799
0.192,0.5745887311075727,0.013443408044598244,0.6146890096618358,0.5628071833648394,0.5447227473219912,0.5895085066162571,0.5257403906742282,0.610064549006285
0.1922,0.5748054304255085,0.01346507625130563,0.6157759661835749,0.5642722117202268,0.5469596723377441,0.588815374921235,0.5239130434782608,0.6090963139120095
0.1924,0.5739473645243786,0.014019935510177469,0.6147493961352657,0.5642722117202268,0.545478890989288,0.5913831127914303,0.5191713925645873,0.608629182945473
0.1926,0.5739537639269475,0.01427281824405836,0.6169233091787439,0.5660838059231255,0.5455419029615627,0.5917454316320101,0.5169817265280403,0.6064464073382029
0.1928,0.5750848283758634,0.014457214339276585,0.6172554347826086,0.5686357908002521,0.5496219281663516,0.5928638941398866,0.5144454946439823,0.6076864277220995
0.193,0.5753490263514217,0.014697368026998767,0.6187349033816425,0.5697700063011972,0.5529615626969124,0.5921707624448646,0.5114839319470699,0.6069729913368439
0.1932,0.5758538004689678,0.015168002846484802,0.6198218599033816,0.5709042218021423,0.5511657214870824,0.5936515437933207,0.510381222432262,0.6091982333956174
0.1934,0.5744436475815363,0.015156414967675147,0.6194595410628019,0.5708884688090736,0.5486452425960933,0.5900283553875235,0.5096565847511028,0.6079836928826227
0.1936,0.5743912739452006,0.01553979204345603,0.6198369565217391,0.5712507876496534,0.5497479521109011,0.5918872085696283,0.5063799621928167,0.6072447766264651
0.1938,0.5738824950350851,0.01605275067838789,0.6219957729468598,0.5716603654694392,0.5468494013862635,0.5907687460617517,0.504521109010712,0.607499575335485
0.194,0.5735611446466148,0.016032213036384,0.6209541062801931,0.5727315689981097,0.5457624448645243,0.5907687460617518,0.5041430371770635,0.6070069644980466
0.1942,0.5727944247650215,0.016033730836798696,0.6183876811594202,0.5734877126654064,0.5450535601764335,0.5896345305608065,0.502678008821676,0.6075250552063869
0.1944,0.5721178123910428,0.016275270385225794,0.6187349033816425,0.5723534971644613,0.5450378071833648,0.5892722117202268,0.5004883427851292,0.606820112111432
0.1946,0.5707225988945629,0.016511177118818197,0.617663043478261,0.5723377441713925,0.5435885318210459,0.5870982986767486,0.49755828607435415,0.6060896891455749
0.1948,0.5697885853737299,0.016909624560728025,0.6183876811594203,0.5719281663516067,0.5428954001260239,0.5845305608065532,0.49462822936357903,0.6063614744351963
0.195,0.569494727965317,0.016969321503669244,0.6187499999999999,0.5726528040327663,0.5443761814744802,0.5826874606175172,0.4931001890359168,0.6054017326312213
0.1952,0.5695543558225528,0.01753756889558334,0.6209239130434783,0.5745274102079394,0.5435885318210459,0.5834593572778828,0.49013862633900446,0.6046882962459657
0.1954,0.568673035893318,0.017914516745558533,0.6213013285024154,0.5749212350346566,0.5410365469439193,0.5823724007561437,0.48796471329552615,0.6044419908272464
0.1956,0.5678284108262676,0.01800568593910298,0.6177083333333333,0.5756616257088847,0.5421392564587271,0.582356647763075,0.48468809073724,0.6044165109563446
0.1958,0.567426483575726,0.018252485560098147,0.617013888888889,0.5760239445494644,0.5425173282923754,0.5834908632640202,0.48207309388783876,0.6034397825717683
0.196,0.567439188854622,0.018605946640322592,0.616274154589372,0.5771581600504095,0.541792690611216,0.5835066162570888,0.4802299936988027,0.6056735179208426
0.1962,0.5664893662770064,0.019187873743931164,0.6173460144927537,0.577142407057341,0.5399338374291115,0.5827819785759294,0.47655954631379965,0.6051724137931035
0.1964,0.5662510066121839,0.019092214836185582,0.6158816425120774,0.577930056710775,0.540359168241966,0.5827504725897921,0.47613421550094515,0.6044504841175471
0.1966,0.5642748536646754,0.019259096164197714,0.6133605072463768,0.5778985507246377,0.5356647763074984,0.5801984877126654,0.4743226212980467,0.6042041786988279
0.1968,0.5638701227824546,0.01973063278562142,0.6129981884057971,0.577930056710775,0.5349086326402016,0.5809388783868934,0.47129804662885955,0.6051469339222015
0.197,0.563095497285388,0.01998112788133445,0.613707729468599,0.5768588531821045,0.5338059231253938,0.580608065532451,0.4694391934467549,0.604153218957024
0.1972,0.5615284032198876,0.020327907317551956,0.6112167874396135,0.576890359168242,0.5315847511027095,0.5802457466918713,0.46578449905482044,0.6034482758620691
0.1974,0.5614265145090707,0.020616872733271056,0.6108544685990338,0.5772841839949591,0.5304505356017643,0.5817265280403277,0.4643194706994329,0.6039239001189061
0.1976,0.5606049592979444,0.021354737696879168,0.6104619565217393,0.5780088216761184,0.5297258979206049,0.5813327032136106,0.45919974795211094,0.6049006285034821
0.1978,0.5609140496838573,0.021095236144372198,0.6097373188405797,0.579867674858223,0.5297258979206048,0.58205734089477,0.4606647763074984,0.6034312892814676
0.198,0.5604628530951796,0.021339283782409922,0.6072161835748793,0.5798834278512917,0.5315374921235034,0.5839004410838059,0.45730938878386895,0.6029301851537286
0.1982,0.5598353385419093,0.020976697918423905,0.601449275362319,0.5821361058601133,0.5333805923125394,0.5831600504095779,0.4569155639571519,0.6019704433497537
0.1984,0.5582585142908723,0.021444696988295476,0.5971165458937199,0.5828449905482042,0.5315374921235034,0.5835538752362949,0.452536231884058,0.601961950059453
0.1986,0.5586278888901496,0.021361583952407028,0.5964070048309178,0.5851134215500945,0.5308286074354127,0.584341524889729,0.4536074354127284,0.6014693392220146
0.1988,0.5577047995800236,0.021512873468863044,0.5949728260869566,0.5851449275362319,0.5285916824196597,0.5858223062381853,0.452189666036547,0.5995073891625616
0.199,0.556601042842611,0.021529403958862922,0.5942028985507246,0.5825771896660366,0.5282136105860114,0.5851134215500945,0.45075614366729677,0.5987429930355019
0.1992,0.5558050378932878,0.02164451581350481,0.5935084541062802,0.5837271581600504,0.5263705103969756,0.5840107120352866,0.4496849401386263,0.5975284525225073
0.1994,0.5550332704377625,0.021234258529151544,0.5899003623188406,0.5862633900441084,0.527095148078135,0.5806868304977946,0.45044108380592307,0.5958128078817734
0.1996,0.5536687421895832,0.021176133919190068,0.5866696859903382,0.5851449275362319,0.5248582230623817,0.5810491493383744,0.449700693131695,0.594589774078478
0.1998,0.5526294206660264,0.020948678660895295,0.5838164251207729,0.584388783868935,0.5212035286704474,0.581112161310649,0.4511499684940139,0.5941056565313402
0.2,0.5529804860307524,0.02097900140402242,0.5827294685990337,0.5844045368620038,0.5226685570258349,0.5829237555135475,0.4507876496534341,0.5943689485306607
0.2002,0.5516408725379284,0.021634313566265294,0.5809027777777777,0.5847668557025835,0.5223377441713926,0.583648393194707,0.44528985507246377,0.5928996093086462
0.2004,0.5507305627256157,0.02190281836625009,0.5773097826086956,0.5840264650283553,0.5222904851921865,0.5854599873976054,0.442643352236925,0.5926533038899269
0.2006,0.5499494982450351,0.02193706664401272,0.5748490338164252,0.5832230623818525,0.5200535601764336,0.585129174543163,0.4425488342785129,0.5938933242738236
0.2008,0.5497242451690078,0.022140436558029056,0.5727053140096618,0.5832230623818525,0.5204473850031506,0.5862318840579711,0.44113106490233145,0.5946067606590794
0.201,0.5490900640696643,0.021571035739614695,0.5698369565217392,0.5821361058601134,0.5200850661625709,0.5851291745431633,0.44371455576559543,0.5936385255648038
0.2012,0.5484870602116245,0.021698868857405358,0.5690972222222224,0.5802614996849401,0.5207939508506616,0.5855072463768116,0.44188720856962826,0.5933752335654833
0.2014,0.5483617608027749,0.021772667246892922,0.5690670289855072,0.580214240705734,0.5203843730308758,0.5851449275362319,0.4415091367359798,0.5938508578223204
0.2016,0.5477471670680152,0.021265860023005234,0.5672554347826086,0.579820415879017,0.519628229363579,0.5851449275362319,0.4437303087586641,0.5909036860879906
0.2018,0.5477283922277575,0.02139639380178476,0.5672403381642512,0.579820415879017,0.5196439823566478,0.5862633900441084,0.44297416509136733,0.5904280618311535
0.202,0.5476735024883622,0.021234599515106638,0.5661533816425122,0.5798361688720857,0.5200063011972275,0.5866414618777569,0.44371455576559543,0.5896891455749959
0.2022,0.5460918021808211,0.021345228759947082,0.5647342995169081,0.5779615626969126,0.5185255198487713,0.5866257088846882,0.4414776307498425,0.5872260913878037
0.2024,0.5456068913609341,0.02119888251728713,0.5636322463768115,0.5764807813484562,0.5189035916824196,0.5873345935727788,0.4415248897290486,0.5857652454560898
0.2026,0.5449702002164597,0.020733357219850413,0.5628925120772947,0.5749842470069313,0.5200378071833648,0.5855072463768116,0.442596093257719,0.5838032953966367
0.2028,0.5442793246167127,0.02056748070717471,0.5629076086956523,0.5727473219911783,0.5189193446754883,0.5855229993698802,0.44298991808443605,0.5825887548836419
0.203,0.5442592090230497,0.020681414027559318,0.5629076086956523,0.5723377441713925,0.5211090107120352,0.588468809073724,0.44154064272211724,0.5791914387633769
0.2032,0.5444271716917534,0.020017342242261163,0.5618357487922705,0.5715816005040958,0.5218021424070574,0.5876969124133585,0.44521109010712046,0.5784355359266181
0.2034,0.543518570438312,0.019629439086370194,0.5571557971014494,0.5704946439823566,0.5232356647763075,0.5866099558916194,0.4459357277882797,0.5776796330898589
0.2036,0.5443980927422584,0.019619808508982997,0.5571256038647343,0.5715973534971645,0.5224795211090107,0.5880592312539383,0.4477315689981096,0.5793952777305929
0.2038,0.544391126049978,0.019594739029643204,0.5553140096618356,0.5716446124763704,0.5227945809703843,0.5895242596093258,0.4481411468178954,0.5789281467640566
0.204,0.5442827489259225,0.01959262925647438,0.554981884057971,0.5731253938248266,0.5224480151228733,0.5895400126023944,0.44812539382482675,0.5774757941226432
0.2042,0.5456027728985807,0.019956076644786023,0.555691425120773,0.5742596093257719,0.5228418399495904,0.5953686200378071,0.44847195967233766,0.5769831832852047
0.2044,0.5461504016024638,0.020452923802831556,0.5560386473429952,0.572810333963453,0.524306868304978,0.6001417769376182,0.4466131064902331,0.5769916765755053
0.2046,0.5455848187961599,0.020576078277677875,0.5574728260869566,0.5698015122873346,0.5224952741020794,0.6008506616257089,0.44588846880907373,0.577000169865806
0.2048,0.5459071251666533,0.020330090138820898,0.5571407004830918,0.5695179584120983,0.5213925645872716,0.6019376181474481,0.44848771266540643,0.5769661967046035
0.205,0.5461374175845194,0.019937700050133057,0.5564160628019323,0.5691871455576558,0.5228733459357278,0.6007876496534341,0.45033081285444226,0.5772294887039239
0.2052,0.5465885108353405,0.019786283337515757,0.5578351449275363,0.5687933207309388,0.5228575929426591,0.6015122873345936,0.45179584120982985,0.5767368778664854
0.2054,0.5480122216644171,0.019923743545249003,0.5617602657004831,0.570274102079395,0.521424070573409,0.6040642722117202,0.453575929426591,0.5769746899949041
0.2056,0.5491556665683246,0.019549095172216306,0.5629227053140096,0.5747321991178324,0.5217863894139887,0.6040485192186515,0.4569155639571519,0.5745286223883133
0.2058,0.5484723051972621,0.0196977749790428,0.5625905797101449,0.5720856962822936,0.5195967233774417,0.6066162570888468,0.4568683049779458,0.5730762697469
0.206,0.5487472442891378,0.019643596403729813,0.5661835748792271,0.5694706994328922,0.5203528670447384,0.6062696912413358,0.45688405797101445,0.5733225751656191
0.2062,0.5483975944727952,0.01973362622773221,0.5672705314009662,0.5686988027725268,0.5200063011972273,0.6055293005671076,0.45581285444234404,0.5730677764565993
0.2064,0.5484034474167512,0.01991727527600427,0.5676479468599034,0.5668557025834909,0.5177851291745431,0.608049779458097,0.45652173913043487,0.5735603872940378
0.2066,0.548432075031979,0.01990234543973828,0.5661986714975845,0.5679584120982987,0.518887838689351,0.6080655324511657,0.45615942028985507,0.5733225751656191
0.2068,0.5490948898044791,0.020326602115471933,0.5697614734299516,0.56794265910523,0.5148865784499055,0.6116572148708255,0.4572621298046629,0.5730592831662987
0.207,0.548749138636876,0.020300358487386466,0.5679649758454105,0.5694391934467549,0.5126969124133586,0.6101921865154379,0.4576559546313799,0.5745456089689145
0.2072,0.5482149727502922,0.020511167040001485,0.5668478260869565,0.5697700063011972,0.5119407687460618,0.6093730308758664,0.45584436042848137,0.5755138440631902
0.2074,0.5479199669369998,0.020920570439810708,0.568659420289855,0.5675173282923756,0.5097195967233774,0.6104599873976057,0.45442659105229993,0.5767368778664855
0.2076,0.5479317811429057,0.021169291082288415,0.5726298309178743,0.5682577189666036,0.507545683679899,0.6097353497164463,0.4536704473850032,0.5757516561916087
0.2078,0.5484654286120249,0.02147213213817432,0.5737167874396135,0.5693919344675489,0.5064902331442973,0.6108695652173914,0.4533238815374922,0.577000169865806
0.208,0.5484887975177828,0.021651241448986416,0.5748188405797101,0.5719754253308128,0.5024574669187145,0.6094360428481411,0.45406427221172024,0.5781807372175981
0.2082,0.5495182811138695,0.022121610375567084,0.5758605072463768,0.57236925015753,0.5024574669187145,0.613815374921235,0.4536704473850032,0.578936640054357
0.2084,0.5495904757352766,0.022246794414355408,0.5766002415458937,0.5698015122873346,0.5024732199117832,0.6159892879647132,0.4537334593572779,0.5789451333446577
0.2086,0.5503003647944893,0.022784814684631758,0.583016304347826,0.5686988027725268,0.5017485822306238,0.6185097668557026,0.45259924385633266,0.5772294887039239
0.2088,0.5499681369491416,0.022801619110026643,0.5816576086956522,0.5679584120982987,0.5014177693761814,0.6196282293635791,0.4526307498424701,0.5765160523186683
0.209,0.5486894849312393,0.02287600933842891,0.5827143719806763,0.5635160680529301,0.4981411468178954,0.618840579710145,0.45264650283553876,0.5762782401902496
0.2092,0.5493893579115644,0.02335408798868186,0.5870320048309178,0.5612633900441083,0.49590422180214244,0.6206836798991808,0.45300882167611844,0.5784440292169186
0.2094,0.5503271117759401,0.023846509918000365,0.592013888888889,0.5616257088846881,0.4929741650913673,0.6228575929426591,0.4540642722117202,0.5784270426363173
0.2096,0.5496370640497497,0.02456828713269126,0.5934631642512077,0.5616414618777568,0.48787019533711395,0.6239287964713295,0.45223692501575297,0.5786818413453372
0.2098,0.5502381268062216,0.025228421729415744,0.5952596618357487,0.5627284183994959,0.4860428481411468,0.6264807813484562,0.4507403906742281,0.5801766604382539
0.21,0.5501326082440207,0.025238671490074055,0.596346618357488,0.5631379962192817,0.4841997479521109,0.625,0.4514335223692501,0.580677764565993
0.2102,0.5500449135016093,0.025548650475294553,0.5970561594202899,0.5642249527410208,0.4812696912413359,0.6253938248267171,0.45141776937618144,0.5809070834041108
0.2104,0.5498822150242434,0.02597961744556829,0.6009963768115942,0.5619722747321991,0.47937933207309397,0.625,0.45029930686830494,0.5816459996602684
0.2106,0.5497548519243924,0.026536593877328426,0.6020682367149759,0.5631064902331444,0.4742596093257719,0.6253938248267171,0.4503308128544424,0.5833701375913029
0.2108,0.5495308841141172,0.027128993553826166,0.6027777777777777,0.5631379962192816,0.47169187145557656,0.6272211720226843,0.44851921865154376,0.5838372685578392
0.211,0.5499227738971951,0.027213113352268902,0.6041666666666667,0.5620195337114052,0.4716761184625079,0.6283396345305607,0.44925960932577186,0.5840750806862579
0.2112,0.5508467098121415,0.02759419722409761,0.6063103864734299,0.5638468809073723,0.47021109010712037,0.6308916194076876,0.45,0.583820281977238
0.2114,0.5512082623247466,0.027789217108854534,0.6074124396135266,0.5638626339004411,0.4709514807813484,0.6316005040957782,0.44889729048519217,0.584525225072193
0.2116,0.5515122325159141,0.027745744781615903,0.6055857487922706,0.564209199747952,0.4706049149338375,0.6326874606175173,0.45,0.585986071003907
0.2118,0.551674165761679,0.028322552095939972,0.6059329710144927,0.5653119092627599,0.47025834908632647,0.635239445494644,0.4470699432892249,0.5862323764226262
0.212,0.5523383064958323,0.028053737426248417,0.6066425120772946,0.5675330812854442,0.4717391304347826,0.6352551984877126,0.44859798361688713,0.5842619330728724
0.2122,0.5524617109994656,0.028091565020731308,0.6073369565217391,0.5656427221172022,0.4724480151228733,0.6370982986767486,0.4489760554505356,0.5832682181076949
0.2124,0.5531769604335703,0.02822083212364004,0.6094957729468599,0.5659735349716446,0.4720856962822936,0.6381852551984877,0.4500787649653434,0.583242738236793
0.2126,0.5534941873238021,0.02836456965826495,0.6091334541062803,0.5688720856962823,0.4731726528040327,0.6385475740390674,0.4482514177693762,0.5829879395277731
0.2128,0.5536661640949593,0.02812558665625572,0.608756038647343,0.5710459987397606,0.4735192186515437,0.6367202268431003,0.4489760554505356,0.5829794462374724
0.213,0.5544750508021613,0.028244374022808844,0.6094504830917874,0.5721014492753623,0.47321991178323886,0.6374291115311909,0.4497164461247637,0.5849329030066248
0.2132,0.5550737387762712,0.028159183208870522,0.6115489130434781,0.5754410838059231,0.4750472589792061,0.6363106490233144,0.44936988027725266,0.5827246475284525
0.2134,0.5556809733541703,0.02821708901540817,0.611911231884058,0.5784341524889729,0.4761972274732199,0.6370510396975424,0.4490075614366729,0.5814846271445557
0.2136,0.5555926293913501,0.02794691824891628,0.6115187198067632,0.5780403276622559,0.4779773156899811,0.6359798361688721,0.4490390674228103,0.5810005095974181
0.2138,0.5546768701191455,0.027846215709625897,0.6097373188405797,0.5747006931316949,0.47794580970384376,0.6356332703213612,0.4483301827347196,0.5817139459826737
0.214,0.5545337249072865,0.02771533905996763,0.607925724637681,0.5754253308128544,0.4782923755513548,0.6353024574669188,0.4483301827347196,0.5819262782401903
0.2142,0.5546980297020405,0.027213611662575063,0.6082427536231884,0.5765752993068683,0.4808758664146187,0.6330970384373031,0.4494328922495274,0.5799643281807373
0.2144,0.5550308463000063,0.02755441765723069,0.6085597826086956,0.5784183994959042,0.4816320100819156,0.6334908632640202,0.44689666036546943,0.5811873619840326
0.2146,0.5552740666721029,0.027304385233740635,0.6078049516908213,0.5802457466918713,0.48421550094517957,0.6324039067422811,0.44653434152488974,0.5804399524375744
0.2148,0.5554362588478612,0.026952634444480848,0.6084842995169082,0.5780088216761184,0.48645242596093263,0.6320258349086326,0.44771581600504096,0.5799303550195345
0.215,0.5555151733474127,0.02688134464648426,0.6059329710144927,0.5805923125393825,0.48827977315689974,0.6324354127284184,0.446676118462508,0.5791744521827755
0.2152,0.5553022820136956,0.026625078015384024,0.6041515700483092,0.5824669187145558,0.49228103339634527,0.6302457466918715,0.44447069943289225,0.5781977237981993
0.2154,0.5545936298683016,0.026861714804927085,0.6027324879227052,0.5835853812224323,0.49343100189035916,0.6295053560176432,0.4408317580340265,0.5774757941226432
0.2156,0.5546416953139051,0.0262392253307922,0.6019927536231883,0.5835381222432261,0.49415563957151853,0.6280088216761184,0.4441398865784499,0.5760149481909291
0.2158,0.5553813807040103,0.026148026372611488,0.6034118357487923,0.5858380592312539,0.49524259609325777,0.6279930686830497,0.4452741020793951,0.5745286223883133
0.216,0.55410329655188,0.026608820742652202,0.6015549516908212,0.5862003780718337,0.4956364209199748,0.6269061121613106,0.43977630749842467,0.5745456089689146
0.2162,0.5545435585421753,0.026107340725404927,0.6011775362318842,0.5858223062381853,0.49779458097038437,0.627678008821676,0.4427063642091997,0.5720825547817224
0.2164,0.5543605108320759,0.02591754052950822,0.5990036231884058,0.5876654064272212,0.4988815374921235,0.627678008821676,0.4430686830497795,0.5698658060132494
0.2166,0.5547303570949884,0.025642194509330918,0.599350845410628,0.5869092627599244,0.5003623188405797,0.6276465028355387,0.4445022054190296,0.5696110073042296
0.2168,0.5553685187737691,0.025142991079318798,0.5968146135265701,0.588421550094518,0.5032923755513548,0.6269533711405166,0.4463453056080655,0.57038389672159
0.217,0.5549578541504336,0.02458475937244607,0.5932367149758455,0.5865626969124133,0.5073093887838689,0.6262759924385634,0.44669187145557665,0.5696704603363343
0.2172,0.5556383157434276,0.024410312077817506,0.5917572463768115,0.5883900441083807,0.5123976055450536,0.6270321361058601,0.4462980466288595,0.5679548156956005
0.2174,0.5552845979350822,0.0240387281672103,0.5906400966183576,0.5880277252678009,0.5123660995589162,0.6248109640831758,0.4474322621298047,0.5684304399524376
0.2176,0.5553375515344646,0.023885040389295488,0.5892059178743961,0.5880277252678009,0.5137996219281664,0.6244013862633901,0.4474637681159421,0.569126889757092
0.2178,0.5548241565756292,0.023768892885595957,0.5877566425120773,0.586972274732199,0.5171077504725898,0.6233459357277884,0.44562066792690613,0.5681416680822151
0.218,0.555839069664021,0.023014974818049948,0.5870169082125604,0.5880907372400757,0.5221802142407058,0.6218966603654694,0.4488972904851923,0.5669526074401222
0.2182,0.5562812199441258,0.023209017381115683,0.5855525362318841,0.5881379962192816,0.52763074984247,0.6233459357277882,0.4463137996219281,0.5667063020214032
0.2184,0.5563757104374504,0.022538029959462275,0.5841334541062803,0.5862633900441083,0.5323724007561437,0.6222274732199118,0.44848771266540643,0.5647698318328521
0.2186,0.5560868714840302,0.022290757196048807,0.5848278985507247,0.5854914933837428,0.5334751102709514,0.6196754883427851,0.44851921865154376,0.5645320197044335
0.2188,0.5559442193987131,0.02194321867875707,0.5841183574879227,0.5836956521739131,0.5375236294896031,0.618588531821046,0.44889729048519217,0.5628418549346017
0.219,0.5551571233396116,0.021879770401221903,0.5826539855072463,0.5836168872085696,0.5378859483301828,0.6174858223062383,0.44815689981096407,0.5611431968744691
0.2192,0.5548116580467767,0.021692313533554445,0.5804951690821256,0.5829237555135476,0.5393667296786389,0.6167769376181474,0.4481726528040328,0.5611347035841685
0.2194,0.5560657103030313,0.021315136872040997,0.5791062801932367,0.5866414618777568,0.5415406427221172,0.616351606805293,0.45111846250787646,0.5616358077119076
0.2196,0.5555389014548912,0.020702143039363206,0.5755434782608695,0.5870195337114051,0.5437303087586642,0.6141461877756773,0.45332388153749215,0.5594700186852386
0.2198,0.5543600926120077,0.020440174730102078,0.5722826086956522,0.5866099558916196,0.5433679899180843,0.6119407687460617,0.4532451165721487,0.5587141158484796
0.22,0.5530301059668639,0.020353807393558975,0.570108695652174,0.5873188405797103,0.543683049779458,0.6093730308758664,0.4521424070573409,0.5555546118566334
0.2202,0.5533086001708933,0.019643188503131667,0.5701086956521739,0.586578449905482,0.5462350346565847,0.6075299306868305,0.45578134845620666,0.5536181416680822
0.2204,0.5532312639475817,0.019649362690429776,0.5697161835748792,0.586578449905482,0.5469439193446755,0.6071361058601135,0.4554032766225583,0.5536096483777816
0.2206,0.5524188567847808,0.01934537301920398,0.5690066425120772,0.5854757403906742,0.5469124133585381,0.6053245116572149,0.456112161310649,0.5516816714795312
0.2208,0.5522286378622699,0.019255920479260683,0.566862922705314,0.5861688720856962,0.5498582230623819,0.6038122243226214,0.455718336483932,0.5509512485136742
0.221,0.5516179147536843,0.01930326740943585,0.5679045893719806,0.5861216131064902,0.55059861373661,0.6019691241335854,0.4545998739760554,0.5485136741973841
0.2212,0.5520613920732335,0.018718396819088125,0.5654287439613526,0.5857750472589791,0.553528670447385,0.6012129804662886,0.4578922495274102,0.5485306607779854
0.2214,0.551652039660425,0.018540977081796556,0.5643719806763285,0.5838689350976686,0.5535129174543163,0.6023156899810964,0.4590107120352867,0.546832002717853
0.2216,0.5509123669436551,0.018215175610666715,0.5611714975845411,0.5816320100819155,0.5549621928166351,0.6019691241335854,0.46011342155009444,0.5456259554951588
0.2218,0.550919778912274,0.017787690231514462,0.5604770531400967,0.5823251417769377,0.5560649023314429,0.598708254568368,0.46157844990548214,0.5463648717513164
0.222,0.5511726684260557,0.018040068447045702,0.5590730676328501,0.5816005040957782,0.5582545683679898,0.6005198487712666,0.4604757403906742,0.5471122812977748
0.2222,0.5501840993925291,0.018064498462979826,0.5558423913043478,0.5815847511027096,0.5575299306868304,0.5994171392564589,0.4593887838689351,0.5473416001358926
0.2224,0.5499296024835683,0.018032786990326125,0.5554951690821257,0.5804820415879017,0.5589792060491494,0.5993856332703213,0.45938878386893506,0.545846781042976
0.2226,0.5494102039501952,0.01805847529071989,0.5523097826086956,0.5801197227473219,0.5626496534341525,0.597904851921865,0.45863264020163824,0.5448445727874979
0.2228,0.5488434722186989,0.018109430999513804,0.5509057971014493,0.5786231884057971,0.5648235664776308,0.596817895400126,0.4575299306868305,0.54436045524036
0.223,0.547872419723035,0.018128187913049033,0.5487469806763285,0.5793635790800252,0.5659420289855072,0.5939035916824196,0.4563957151858854,0.5428826227280448
0.2232,0.5476646760491509,0.01819733415444123,0.5458635265700483,0.5782766225582862,0.5680686830497794,0.595778197857593,0.45708884688090745,0.5409121793782911
0.2234,0.5475609952506612,0.017995849142776625,0.5451539855072464,0.5801039697542534,0.5680529300567108,0.5942974165091368,0.4585696282293636,0.5391880414472565
0.2236,0.5471212577357594,0.018621002147912374,0.5437198067632851,0.580812854442344,0.5709672337744172,0.593887838689351,0.45489918084436043,0.5384406319007984
0.2238,0.545824677463837,0.01881249729011876,0.5397795893719807,0.5804347826086957,0.5705891619407687,0.5935412728418399,0.4534026465028355,0.5372006115169017
0.224,0.5455986184974728,0.01902987226105477,0.5379981884057972,0.5789224952741021,0.5742596093257718,0.5931632010081915,0.4522684310018903,0.5369797859690844
0.2242,0.5454843395014671,0.018998967099793523,0.5361865942028985,0.5796471329552615,0.5757403906742281,0.5927378701953372,0.45335538752362947,0.5352386614574487
0.2244,0.5452185006077136,0.01925759333308465,0.5337409420289855,0.5796313799621928,0.5757246376811593,0.5949747952110901,0.4529773156899811,0.5342619330728724
0.2246,0.545520514905561,0.019608156726088715,0.5319444444444443,0.5818683049779458,0.5783081285444235,0.5957151858853182,0.45296156269691235,0.5323254628843215
0.2248,0.545661921343236,0.020484365198750947,0.5276871980676329,0.5841052299936988,0.5838059231253938,0.596817895400126,0.45072463768115945,0.5308306437914048
0.225,0.5449456186285978,0.02032513038971837,0.524788647342995,0.5810491493383744,0.5856175173282925,0.5956836798991808,0.4514492753623188,0.5310854425004246
0.2252,0.5445476021426533,0.020450098613280142,0.524411231884058,0.5817580340264651,0.584892879647133,0.5956679269061121,0.45069313169502206,0.5298624086971293
0.2254,0.5447981789771329,0.020748325772682,0.5223128019323672,0.5828449905482043,0.5896187775677377,0.5945809703843731,0.45105545053560175,0.5283760828945133
0.2256,0.5448122904945281,0.020965640670363404,0.5223429951690821,0.5835223692501577,0.5918241965973535,0.5935097668557024,0.4502835538752363,0.5273908612196364
0.2258,0.5445665809641466,0.0212340477011611,0.5223882850241546,0.5819785759294266,0.5925645872715817,0.5946124763705104,0.448456206679269,0.5273993545099371
0.226,0.5441012234097665,0.020868273525826493,0.5216938405797101,0.5785916824196597,0.5936357908002521,0.5942659105229994,0.45100819155639565,0.5254119245795821
0.2262,0.544431735021628,0.02077861515105078,0.5195954106280193,0.5793793320730938,0.5951008191556395,0.5942974165091368,0.45354442344045365,0.5246730083234245
0.2264,0.5445512496475103,0.020615079633126115,0.5178592995169081,0.5804820415879017,0.595478890989288,0.5935570258349087,0.45574984247006933,0.524180397485986
0.2266,0.5444165955517875,0.02063616348048166,0.5142814009661836,0.5815847511027095,0.5951165721487082,0.5950220541902962,0.458301827347196,0.522192967555631
0.2268,0.5448741013802432,0.021228543622795307,0.5136020531400967,0.5838216761184626,0.5969754253308128,0.5968336483931946,0.45682104599873974,0.5211907593001529
0.227,0.5454907313409166,0.021091658538926073,0.5143417874396136,0.5841682419659735,0.5987870195337115,0.5960775047258979,0.4586168872085696,0.5209529471717343
0.2272,0.5455477408350273,0.021385047254339016,0.5132548309178743,0.5852867044738499,0.5980623818525519,0.5979363579080026,0.4575299306868305,0.5212162391710548
0.2274,0.5451777159189675,0.021432431583422718,0.5111262077294686,0.5867517328292375,0.5973692501575298,0.597211720226843,0.4578922495274102,0.5207151350433159
0.2276,0.544473295571224,0.021261554794833402,0.5097222222222222,0.5866887208569628,0.5948487712665407,0.5968336483931946,0.4582860743541273,0.5204603363342959
0.2278,0.5432189151276138,0.021231973620211276,0.5075332125603864,0.5833018273471959,0.5941083805923126,0.5968651543793321,0.4575456836798992,0.5199592322065568
0.228,0.5426984984905753,0.021473485240407195,0.5057367149758454,0.5821518588531821,0.5933994959042217,0.5987397605545054,0.45645872715816005,0.519704433497537
0.2282,0.5417752728398896,0.021752316546261637,0.5057367149758454,0.58145872715816,0.5930686830497794,0.5983616887208569,0.45354442344045365,0.5184813996942415
0.2284,0.5414310103617963,0.022122468629439486,0.5053894927536232,0.5825456836798992,0.5934467548834279,0.5983459357277883,0.45137051039697534,0.517487684729064
0.2286,0.5405541597530462,0.02197893156939546,0.506838768115942,0.581064902331443,0.5912728418399495,0.5987397605545054,0.451386263390044,0.5140224222863937
0.2288,0.5402380334174908,0.0214282232594517,0.5064915458937198,0.5799306868304978,0.5883742911153119,0.5983931947069944,0.4539697542533081,0.5142687277051129
0.229,0.5401567792938625,0.02195532718901616,0.505782004830918,0.5799149338374291,0.5897763074984247,0.6001890359168243,0.4517485822306238,0.5135298114489553
0.2292,0.5404903743170774,0.022206824377645703,0.5050422705314009,0.581364209199748,0.589760554505356,0.6016540642722118,0.45137051039697534,0.5137506369967725
0.2294,0.5420562925126107,0.022774915896341848,0.5064764492753623,0.58205734089477,0.5938090737240075,0.6049936988027725,0.45029930686830494,0.5147018855104467
0.2296,0.542189632223642,0.023094387568231924,0.5064915458937198,0.5828134845620667,0.5930844360428481,0.6068683049779457,0.448456206679269,0.5154238151860031
0.2298,0.5432094736042355,0.02341286281125803,0.5050573671497585,0.5853812224322621,0.5948960302457466,0.6087429111531191,0.44954316320100823,0.5156361474435196
0.23,0.543514325558509,0.023545153650591528,0.5076237922705313,0.587224322621298,0.5937933207309388,0.608396345305608,0.44695967233774414,0.517088500084933
0.2302,0.5429009840682154,0.02406767899809596,0.5051479468599034,0.5894297416509137,0.5923125393824826,0.6091682419659735,0.44402961562696913,0.5173178189230507
0.2304,0.5435326760092741,0.023968060171963436,0.5069444444444444,0.5920289855072464,0.5900913673597984,0.6098141146817896,0.4447700063011973,0.5175471377611687
0.2306,0.5444857524192974,0.024106914633254598,0.5069142512077296,0.5938720856962822,0.5908160050409578,0.6112633900441085,0.44554190296156265,0.5185068795651435
0.2308,0.544446082408006,0.023916056200870523,0.5065368357487923,0.5927851291745432,0.589366729678639,0.6116414618777568,0.44591997479521106,0.5204263631730932
0.231,0.5446961468829494,0.023784218762249378,0.5072765700483093,0.5901858853182105,0.5908160050409578,0.6127126654064272,0.4470226843100189,0.5201630711737727
0.2312,0.5451968167538336,0.023654344586322082,0.5105223429951691,0.5895085066162571,0.5915248897290486,0.6123660995589162,0.4466288594833019,0.5206302021403092
0.2314,0.5456155502779773,0.023531506023590013,0.5086956521739131,0.5913673597983616,0.5910838059231255,0.6123503465658475,0.4488185255198488,0.5213776116867674
0.2316,0.545895412180187,0.023356158945774034,0.5083484299516908,0.5924543163201008,0.589256458727158,0.6130749842470069,0.45061436672967864,0.5216239171054867
0.2318,0.5449054336562056,0.023298889691097308,0.5094353864734299,0.5902173913043478,0.5895872715816004,0.61088531821046,0.4484562066792691,0.5208510276881264
0.232,0.5453376289012749,0.023505569302272347,0.5090881642512077,0.5924070573408948,0.5884845620667927,0.6120037807183365,0.4477473219911783,0.5222948870392389
0.2322,0.545309001286047,0.023413807414367705,0.5101751207729468,0.5905482041587902,0.5899810964083176,0.6112476370510397,0.44736925015752993,0.5225326991676575
0.2324,0.5460946334448313,0.023718700747848938,0.5108846618357489,0.5950220541902962,0.5899968494013862,0.6116257088846881,0.44700693131695013,0.5220315950399185
0.2326,0.547664758147092,0.023219056609622805,0.5123188405797101,0.5976528040327662,0.5892407057340895,0.6116257088846881,0.4513862633900441,0.5237642262612536
0.2328,0.5475596018527408,0.02335522796231274,0.5130283816425122,0.6013547574039068,0.5874133585381223,0.6094675488342784,0.4495904221802142,0.5245031425174111
0.233,0.5480687512442167,0.0230883599569783,0.513058574879227,0.6021109010712035,0.5863106490233143,0.6087586641461877,0.4507403906742281,0.5274333276711398
0.2332,0.5475977336704676,0.022861862633168365,0.5115942028985507,0.6013074984247007,0.5847983616887208,0.6083490863264018,0.4518746061751733,0.5276626465092578
0.2334,0.5478169342439628,0.023171145919690942,0.5101751207729468,0.6024102079395085,0.5847826086956522,0.6105229993698802,0.4518746061751733,0.5271360625106165
0.2336,0.5487796841997482,0.022686730717216344,0.5127113526570047,0.6005356017643353,0.5858538122243225,0.6105072463768116,0.4540485192186515,0.5290215729573637
0.2338,0.5486518967104047,0.02234368381850704,0.5123641304347826,0.6005828607435413,0.5840264650283554,0.609042218021424,0.455166981726528,0.5307287243077969
0.234,0.5501874990612069,0.022569052002886142,0.5141304347826087,0.6039382482671709,0.5851134215500945,0.6097511027095148,0.4548046628859483,0.5333871241719043
0.2342,0.550091818426476,0.022634375719092298,0.5144927536231884,0.6050567107750473,0.5840107120352866,0.6093257718966603,0.4540485192186516,0.5336164430100221
0.2344,0.550383529135399,0.022659252688012242,0.5155495169082125,0.606553245116572,0.5814272211720226,0.6096723377441714,0.4533081285444235,0.5357907253269917
0.2346,0.5503657586476806,0.022954479100726295,0.5158967391304347,0.6091367359798362,0.5806868304977947,0.6093257718966603,0.4518588531821046,0.5352896211992525
0.2348,0.5509265824307152,0.022724892824529858,0.5148701690821256,0.6113579080025205,0.5803245116572149,0.6071361058601135,0.4537019533711405,0.5381688466111771
0.235,0.5510283199534725,0.02256840189142438,0.5166817632850241,0.6102236925015753,0.5803087586641461,0.6067422810333963,0.4533396345305608,0.5388737897061321
0.2352,0.5511337906654702,0.022505652941333547,0.5166968599033817,0.6125078764965343,0.5799306868304978,0.6037964713295526,0.45332388153749215,0.5405469678953627
0.2354,0.5510658828276361,0.02227479248513898,0.5166817632850241,0.6144139886578449,0.5806395715185886,0.6000472589792061,0.4548046628859483,0.539808051639205
0.2356,0.5491424031423581,0.02192929130567827,0.5142059178743962,0.6126023944549465,0.5776937618147449,0.5970856962822937,0.45518273471959675,0.5380839137081705
0.2358,0.5476723084817744,0.021478306727622947,0.5106280193236715,0.610381222432262,0.575850661625709,0.5933679899180844,0.4562696912413358,0.5395362663495838
0.236,0.547341898033605,0.021316613521372416,0.5127868357487922,0.6118935097668556,0.5740233144297416,0.5904221802142408,0.45590737240075613,0.5390181756412434
0.2362,0.5475191136865946,0.021181822313781906,0.5113828502415458,0.6127284183994959,0.5729363579080026,0.5896975425330813,0.4573724007561436,0.5409971122812978
0.2364,0.5471216441609934,0.021050399334858555,0.5113979468599034,0.6120352867044738,0.5732671707624448,0.587523629489603,0.45704158790170135,0.5414642432478342
0.2366,0.5454930212751125,0.020514811372434636,0.509963768115942,0.6090737240075613,0.5721644612476371,0.5824039067422812,0.45740390674228104,0.541948360794972
0.2368,0.5445142088144191,0.020443340817925145,0.5092391304347826,0.6094833018273472,0.5692659105229994,0.5806238185255198,0.4570258349086326,0.5414472566672329
0.237,0.5438026436415607,0.020693466065821935,0.508167270531401,0.610239445494644,0.5681632010081916,0.5787649653434153,0.4548361688720857,0.5426448105996263
0.2372,0.5431218681326503,0.02001525287089191,0.5071557971014492,0.6065374921235035,0.5655482041587901,0.5765280403276623,0.4566477630749842,0.5463139120095125
0.2374,0.54310878899036,0.019660553804684563,0.5064613526570048,0.6046471329552615,0.566257088846881,0.5746691871455577,0.45811279143037176,0.5485051809070833
0.2376,0.5426431928353546,0.0197344586459353,0.5046799516908212,0.6072148708254568,0.5647920604914933,0.5720856962822938,0.4588531821045998,0.5482333956174621
0.2378,0.5418543662341624,0.019991055463125282,0.505042270531401,0.6086326402016382,0.564413988657845,0.5698645242596093,0.4566635160680529,0.5465092576864278
0.238,0.5415075343209382,0.020136627108996333,0.502536231884058,0.6103969754253308,0.5636893509766855,0.5687460617517328,0.45738815374921227,0.5462884321386104
0.2382,0.5413313109046307,0.02042802436011793,0.5025513285024155,0.6130277252678009,0.5629174543163201,0.5669344675488343,0.4562854442344045,0.5462714455580091
0.2384,0.5418914239216748,0.019961444463399588,0.5022342995169082,0.6144927536231883,0.5621928166351607,0.5650913673597984,0.4610743541272842,0.5462629522677085
0.2386,0.541090249329299,0.01945063391829992,0.501207729468599,0.6115154379332074,0.5610743541272842,0.5643194706994329,0.46291745431632014,0.5455070494309495
0.2388,0.5414155583139869,0.0188942381920857,0.5015700483091787,0.6118935097668556,0.5599873976055452,0.562476370510397,0.467296786389414,0.545269237302531
0.239,0.5415796102180936,0.018688279229551436,0.5016304347826088,0.6133742911153119,0.5588846880907372,0.560932577189666,0.46989603024574667,0.5447596398844913
0.2392,0.5415060418405776,0.01831103149087781,0.5009057971014493,0.613720856962823,0.5585223692501574,0.5587586641461878,0.4735664776307498,0.5435620859520978
0.2394,0.5409030247888894,0.017949984029580732,0.5009208937198067,0.6114996849401386,0.5592312539382484,0.5561909262759924,0.4742596093257719,0.5433157805333787
0.2396,0.5403955861118667,0.017843902063053963,0.500588768115942,0.611531190926276,0.5566635160680529,0.5551354757403907,0.4746376811594203,0.5438168846611177
0.2398,0.5390853868730302,0.017508346652089984,0.4991847826086956,0.6089161940768746,0.5552142407057341,0.5521739130434782,0.4749684940138626,0.5440546967895363
0.24,0.5389066072152401,0.01732116078370735,0.5024456521739131,0.6070573408947699,0.5556080655324512,0.5507561436672967,0.4727788279773157,0.5447936130456938
0.2402,0.5373215299283797,0.016708540876813473,0.5032004830917874,0.6033396345305608,0.553434152488973,0.5482356647763076,0.4731253938248267,0.5425938508578223
0.2404,0.5378059207326978,0.01650429810713989,0.5035778985507247,0.6021739130434783,0.5570888468809074,0.5478418399495905,0.4745274102079395,0.5416256157635467
0.2406,0.537001034934301,0.01632045014321245,0.5032457729468599,0.6014335223692502,0.5552614996849401,0.5467391304347826,0.47488972904851917,0.540436555121454
0.2408,0.5378568112171397,0.015683447069814692,0.5046799516908212,0.5999684940138627,0.553087586641462,0.549653434152489,0.4785759294265911,0.5411754713776118
0.241,0.5370094320224648,0.01554785483297747,0.5035929951690821,0.5995589161940769,0.5527252678008822,0.5463768115942028,0.47933207309388787,0.5404705282826566
0.2412,0.5364768999369393,0.015366659500352943,0.5011624396135266,0.5966131064902331,0.5527252678008822,0.5481726528040328,0.479725897920605,0.540462034992356
0.2414,0.5363138848677622,0.014826126399377592,0.5011624396135266,0.5936672967863894,0.5556395715185886,0.5481726528040328,0.4827032136105861,0.53653813487345
0.2416,0.5364324352981109,0.01385999824827296,0.505480072463768,0.5914933837429113,0.5552772526780088,0.5459987397605545,0.4867202268431002,0.5336249363003227
0.2418,0.537544902463543,0.013837742098383387,0.5083786231884058,0.5922022684310018,0.5574984247006932,0.545620667926906,0.4867044738500315,0.5348649566842194
0.242,0.5381085227611201,0.013517686519364611,0.508725845410628,0.5903434152488973,0.5604599873976055,0.546723377441714,0.4892407057340895,0.5331578053337862
0.2422,0.5381390172589986,0.013125908671389462,0.508725845410628,0.5896030245746692,0.5612161310649023,0.5445494643982357,0.4925330812854442,0.5322065568201121
0.2424,0.5375314743027989,0.012781315181361752,0.5069897342995169,0.5870510396975426,0.5612003780718335,0.5438405797101449,0.4943761814744801,0.531730932563275
0.2426,0.5368717154765648,0.012346425994053835,0.5062650966183575,0.5841052299936987,0.5593730308758664,0.5449905482041587,0.495478890989288,0.5310174961780194
0.2428,0.5371519534163334,0.011706829745985227,0.5091183574879228,0.5819155639571518,0.5590107120352867,0.5457151858853182,0.49806238185255197,0.529089519279769
0.243,0.5368409956460396,0.011876748566374674,0.5090730676328502,0.5815374921235035,0.5619092627599244,0.5439193446754883,0.4977000630119722,0.5269067436724988
0.2432,0.5373431157218623,0.011489804186852848,0.5108846618357489,0.5807498424700693,0.5623030875866415,0.5442974165091368,0.5005986137366099,0.5252250721929677
0.2434,0.5371539159993907,0.011553690599210267,0.508725845410628,0.579221802142407,0.5634530560806553,0.5461562696912413,0.501339004410838,0.5240275182605741
0.2436,0.5374463655712004,0.010985613758144771,0.5090730676328502,0.576984877126654,0.5634845620667926,0.5462035286704474,0.5053717706364209,0.5235603872940378
0.2438,0.5372024267213328,0.010847473842975833,0.5101902173913043,0.5735979836168872,0.5646187775677379,0.5480308758664145,0.5039382482671708,0.5228384576184815
0.244,0.5371615412777119,0.010701355318483768,0.5105525362318841,0.5702741020793951,0.5675015752993069,0.5473377441713925,0.5039382482671707,0.5233650416171225
0.2442,0.5380268553418134,0.010810265952466055,0.5119867149758454,0.5676748582230624,0.5726528040327661,0.5481253938248267,0.5043478260869565,0.5233735349074231
0.2444,0.5389973938798371,0.010750038523120294,0.5126660628019324,0.5673597983616887,0.5734404536862003,0.5517800882167612,0.507309388783869,0.5214285714285714
0.2446,0.5384209396745846,0.01055432149396662,0.5133907004830919,0.563264020163831,0.5749054820415879,0.5510554505356018,0.5076874606175173,0.5202225242058773
0.2448,0.5375716381096058,0.010501863455321425,0.512998188405797,0.5591839949590423,0.5756143667296787,0.5517958412098298,0.5087744171392564,0.5170630202140309
0.245,0.5371182684341416,0.010307138284356449,0.5115942028985507,0.5569943289224952,0.5734404536862003,0.5540327662255828,0.5088374291115312,0.5178104297604892
0.2452,0.5376074044920199,0.010426475131691648,0.5123339371980677,0.5554347826086956,0.574558916194077,0.5569943289224952,0.5099558916194077,0.5163665704093766
0.2454,0.5378057803039652,0.01079654967880233,0.5108695652173914,0.5532136105860113,0.577536231884058,0.5588216761184626,0.5121928166351607,0.5142007813827076
0.2456,0.5369899400981312,0.011148035262998303,0.5105072463768117,0.5510239445494645,0.5782608695652174,0.5599873976055451,0.5103969754253308,0.5117632070664175
0.2458,0.5356874475108356,0.011063826828324172,0.5104921497584541,0.5487555135475739,0.575740390674228,0.5603969754253308,0.5086326402016382,0.5101070154577882
0.246,0.535925028750409,0.011235378589285465,0.5086654589371981,0.5461877756773788,0.5761342155009451,0.5637366099558916,0.5089949590422179,0.5118311533888228
0.2462,0.5358985621246931,0.011203733474116039,0.5085899758454107,0.5420919974795211,0.5765122873345936,0.5655324511657215,0.5115469439193447,0.5111177170035672
0.2464,0.5354636589297685,0.011478724857156173,0.5071708937198067,0.5398235664776309,0.5772211720226843,0.5666351606805293,0.5129962192816635,0.5089349413962968
0.2466,0.5360008197187668,0.011466686255139578,0.5093599033816425,0.538720856962823,0.5779773156899811,0.5677378701953371,0.5130277252678009,0.5091812468150161
0.2468,0.5350960407395657,0.011928767820633427,0.508227657004831,0.5357277882797732,0.5783396345305608,0.5695967233774416,0.5119407687460618,0.506743672498726
0.247,0.5353653385247538,0.012244223077546239,0.506808574879227,0.5342312539382482,0.579773156899811,0.5714555765595464,0.5127126654064271,0.5072108034652625
0.2472,0.533835615505204,0.012944289469938369,0.5031853864734299,0.5308916194076875,0.5808601134215501,0.5725425330812854,0.5105229993698803,0.5050110412773908
0.2474,0.533724989421593,0.013117021299257113,0.5035628019323671,0.5290642722117203,0.5826717076244486,0.5721802142407058,0.5091209829867674,0.5057499575335485
0.2476,0.534143147944245,0.013764723348017666,0.49993961352657007,0.5283396345305608,0.5826717076244486,0.5776465028355388,0.5109955891619408,0.5052658399864107
0.2478,0.533567288549539,0.014042540541183382,0.5003170289855072,0.5250315059861375,0.5837744171392565,0.5780245746691872,0.5106805293005671,0.503575675216579
0.248,0.5316672948775844,0.014557990417793298,0.49565217391304345,0.5198487712665406,0.5837744171392565,0.5780403276622559,0.5110743541272842,0.5016137251571259
0.2482,0.5310057175206333,0.014709666805468952,0.4942330917874396,0.515800252047889,0.5863106490233144,0.5755198487712666,0.5103654694391935,0.5038049940546968
0.2484,0.5300493047900267,0.014999763316662553,0.4916666666666667,0.5127914303717706,0.5870667926906112,0.5748267170762444,0.5089161940768745,0.5050280278579923
0.2486,0.5299056136956152,0.015180445320452547,0.4902173913043478,0.5121140516698173,0.5878071833648393,0.5748267170762444,0.5089477000630119,0.5055206386954306
0.2488,0.5289175784473664,0.015536529426843446,0.48802838164251205,0.5091682419659735,0.5885475740390674,0.5744959042218022,0.5074984247006932,0.5057669441141498
0.249,0.5292980229077947,0.015985795679052697,0.48875301932367143,0.5072463768115941,0.5896975425330812,0.5777725267800882,0.5067895400126023,0.5055291319857314
0.2492,0.5301932641243154,0.01636245756204831,0.48905495169082125,0.5057813484562066,0.5940611216131064,0.5774417139256458,0.5078134845620668,0.5070069644980466
0.2494,0.5298460210152474,0.016935629501552307,0.48799818840579706,0.5025047258979206,0.5973692501575298,0.5770636420919976,0.5073881537492124,0.5067521657890267
0.2496,0.5309369295177975,0.017228588476880947,0.4883454106280193,0.501843100189036,0.6009924385633271,0.5770478890989288,0.5096723377441714,0.5077204008833023
0.2498,0.5296842043009872,0.018138560347663278,0.4811141304347826,0.5010869565217391,0.6024574669187145,0.5785129174543163,0.5074511657214871,0.5074825887548836
0.25,0.5288884395503933,0.01857462417134466,0.4760416666666667,0.5011184625078765,0.6028197857592942,0.5785129174543163,0.5056395715185885,0.5091982333956175
0.2502,0.5290078310293641,0.019114176367555795,0.47570954106280194,0.49894454946439826,0.6072306238185254,0.5774259609325771,0.5053087586641462,0.5094275522337354
0.2504,0.5298178512939455,0.0192912299810876,0.4771437198067633,0.49779458097038437,0.6072463768115941,0.5810806553245117,0.5060018903591683,0.5096398844912519
0.2506,0.5297397152196431,0.019699889496063903,0.47320350241545894,0.49853497164461247,0.6080025204788909,0.5821833648393194,0.5071203528670447,0.5093935790725327
0.2508,0.5294731182300082,0.019674917079042842,0.47287137681159425,0.49703843730308767,0.6080182734719596,0.581064902331443,0.5074669187145557,0.5103788007474095
0.251,0.5302159639634444,0.02033968452614611,0.46785929951690813,0.49779458097038437,0.6113264020163831,0.5817422810333963,0.5100031505986137,0.5125700696449804
0.2512,0.5305631520865898,0.020484196818822492,0.46893115942028984,0.49447069943289235,0.6116887208569628,0.5831915563957153,0.5110743541272842,0.5140224222863938
0.2514,0.529871230342029,0.02077360741150464,0.46820652173913035,0.4929584120982987,0.6135003150598612,0.5816792690611216,0.5088689350976686,0.514013928996093
0.2516,0.530479738590136,0.020934855995966024,0.46671195652173914,0.49410838059231255,0.6157372400756144,0.5802457466918713,0.5088846880907372,0.5171904195685408
0.2518,0.530735889629523,0.02183592019692519,0.46317934782608694,0.4933679899180844,0.6175488342785129,0.5849873976055451,0.5066635160680529,0.5186682520808561
0.252,0.5310792763838564,0.02166947312223896,0.4617451690821256,0.49554190296156264,0.6149810964083176,0.5867832388153749,0.5070573408947701,0.5203669101409887
0.2522,0.5325291949086557,0.021435190291506714,0.4632397342995169,0.49812539382482673,0.6164303717706364,0.5860586011342155,0.5092470069313169,0.5220740614914218
0.2524,0.5328755622939644,0.021488439285735128,0.4639643719806764,0.4974480151228734,0.6171235034656586,0.5864209199747952,0.5092627599243856,0.5230338032953967
0.2526,0.5326892612717701,0.021636239830156098,0.46177536231884064,0.4971014492753623,0.6174858223062383,0.5856647763074985,0.5110743541272842,0.5230338032953966
0.2528,0.5334267867687369,0.02172406088181156,0.46391908212560384,0.49823566477630743,0.6204158790170132,0.5852709514807813,0.5099401386263389,0.5227790045863767
0.253,0.5331064489648991,0.021719734760152768,0.464975845410628,0.4959829867674858,0.6200693131695022,0.5852551984877128,0.5088374291115312,0.5235179208425345
0.2532,0.5331933845150555,0.021690262291331412,0.4628321256038648,0.49677063642091995,0.6197227473219912,0.5841682419659735,0.5106962822936357,0.5249702734839478
0.2534,0.5340197877415377,0.022059260914903414,0.46071859903381646,0.4989760554505356,0.6226528040327662,0.5838374291115311,0.5110270951480781,0.5269067436724988
0.2536,0.5350756148164286,0.021770675705235644,0.4614281400966183,0.5011814744801513,0.6223377441713925,0.5835223692501575,0.5128859483301828,0.5290980125700696
0.2538,0.535114800472167,0.021818471040509834,0.4582880434782609,0.5030403276622558,0.6205419029615626,0.5842627599243856,0.5132325141776938,0.5313232546288431
0.254,0.5357822785489469,0.022059470533742263,0.45759359903381636,0.5041902961562698,0.6223534971644613,0.584247006931317,0.5120982986767485,0.5342109733310684
0.2542,0.535360679847542,0.02233131630455457,0.45866545893719807,0.5049149338374291,0.6248897290485192,0.5835066162570888,0.5069785759294266,0.5332087650755902
0.2544,0.5351061229725206,0.022718030671761938,0.4547705314009661,0.505671077504726,0.6249054820415879,0.5835066162570888,0.5059073724007561,0.5358756582299983
0.2546,0.5348140224749123,0.022896045850326865,0.4515398550724637,0.506017643352237,0.623109640831758,0.5849716446124764,0.5066477630749843,0.5365975879055546
0.2548,0.5352651767510024,0.023269748559783983,0.4515700483091788,0.5052930056710775,0.6256616257088847,0.5864524259609325,0.507010081915564,0.535603872940377
0.255,0.5350324924547792,0.023267214466753054,0.4505434782608696,0.5083333333333334,0.625299306868305,0.5853339634530561,0.5040957781978574,0.5365890946152538
0.2552,0.5347818309951246,0.02319823180924137,0.4501962560386473,0.5101764335223693,0.6238657844990548,0.5864051669817265,0.5029615626969124,0.5350857822320367
0.2554,0.5354878917221679,0.02296350257728316,0.4520078502415458,0.5112633900441084,0.6228260869565216,0.5878386893509766,0.5029458097038437,0.5360455240360116
0.2556,0.5351793136957913,0.02330535061659128,0.4488073671497584,0.5116099558916194,0.6232041587901701,0.5878386893509767,0.5033238815374921,0.5362918294547308
0.2558,0.5352329934847252,0.023206409230574456,0.450618961352657,0.5112633900441084,0.6250315059861373,0.5852079395085066,0.502236925015753,0.5370392390011891
0.256,0.5361029769110353,0.02273877866053132,0.45175120772946864,0.5120667926906112,0.6224952741020794,0.585979836168872,0.505119722747322,0.539205028027858
0.2562,0.5361991363451208,0.02224026726148152,0.4549818840579711,0.513563327032136,0.6206994328922495,0.5852551984877126,0.5025047258979207,0.5401902497027349
0.2564,0.537147044208465,0.022073875711305528,0.458167270531401,0.5143509766855703,0.6199747952110901,0.5878386893509767,0.5006616257088847,0.5418889077628674
0.2566,0.5368415897318648,0.021919991140380294,0.458137077294686,0.5143509766855703,0.618494013862634,0.5874606175173284,0.5002678008821676,0.5423390521488024
0.2568,0.5378180427594264,0.021508264564633787,0.4613677536231885,0.5180529300567107,0.6174070573408947,0.5881852551984877,0.49883427851291745,0.5430609818243587
0.257,0.5387027336100517,0.020942337465039713,0.46428140096618353,0.5195652173913043,0.6166194076874605,0.5870510396975426,0.5006616257088846,0.5440377102089349
0.2572,0.5392210024698093,0.020704553157442813,0.4660175120772947,0.5224952741020794,0.6151858853182105,0.5885318210459987,0.49955891619407683,0.5435366060811958
0.2574,0.5393979213028776,0.020433635634146304,0.4674365942028985,0.5221014492753623,0.6141304347826086,0.5892249527410208,0.5009766855702583,0.5425174112451163
0.2576,0.5396027305421384,0.020073873898245696,0.4688556763285024,0.5224795211090106,0.6119092627599244,0.5895872715816004,0.5013074984247007,0.5434771530490912
0.2578,0.5387376352696073,0.02007680022184448,0.4692028985507246,0.5217391304347826,0.6115154379332072,0.588122243226213,0.4983774417139256,0.5434686597587907
0.258,0.5383466124207178,0.019236415911707324,0.4739281400966184,0.522463768115942,0.6074826717076245,0.5873818525519848,0.4968494013862633,0.541973840665874
0.2582,0.5397163916665866,0.0188434784335528,0.47679649758454107,0.5243383742911153,0.6071203528670447,0.588169502205419,0.49867674858223054,0.5431968744691693
0.2584,0.5405900747777036,0.019071827583639824,0.47572463768115936,0.5265752993068683,0.6074826717076245,0.5906742281033396,0.49938563327032137,0.5436979785969085
0.2586,0.5402638626041684,0.018910256180078775,0.4757850241545894,0.5287964713295525,0.6064272211720227,0.5896187775677378,0.4982514177693762,0.542704263631731
0.2588,0.5410745689198783,0.018405169284271827,0.4786533816425121,0.5290957781978575,0.6049149338374291,0.5899810964083175,0.5000787649653434,0.5437234584678104
0.259,0.5411347844519413,0.017830358928751157,0.48048007246376806,0.5306395715185885,0.6019533711405167,0.5902961562696912,0.501890359168242,0.5415491761508409
0.2592,0.5409368534146042,0.017863349721673027,0.4822916666666666,0.5317422810333963,0.5998109640831757,0.5932104599873976,0.49894454946439826,0.5396211992525906
0.2594,0.5409309245978794,0.017506591999879896,0.48404287439613525,0.5339634530560806,0.5968494013862633,0.593194706994329,0.497463768115942,0.5400713436385256
0.2596,0.540936039255009,0.017231479207605836,0.4854770531400966,0.5346880907372402,0.593935097668557,0.5939666036546944,0.4967391304347826,0.5408102598946832
0.2598,0.5402848413225861,0.017158674998410714,0.4865338164251208,0.5350661625708886,0.5928166351606805,0.5925173282923756,0.4934467548834278,0.5413283506030236
0.26,0.5402926436002031,0.016717191261100106,0.4904891304347826,0.5354284814114681,0.5902646502835538,0.5921235034656585,0.49160365469439193,0.5418464413113641
0.2602,0.5400781794906965,0.016522979763202616,0.4915307971014493,0.533947700063012,0.5866414618777568,0.5946912413358538,0.4923125393824826,0.541345337183625
0.2604,0.53986823470746,0.016137587670414285,0.49441425120772947,0.534341524889729,0.5851921865154379,0.5939508506616257,0.4919187145557656,0.5393918804144726
0.2606,0.5400772636470965,0.015858185090824307,0.4979770531400966,0.5347353497164461,0.5848298676748582,0.5921235034656586,0.4896817895400126,0.541116018345507
0.2608,0.5398824231568327,0.01517932962533888,0.5022342995169082,0.5358695652173913,0.5822463768115942,0.5892249527410207,0.48859483301827356,0.5411245116358078
0.261,0.5401715771039601,0.015143269228542115,0.5051479468599034,0.5366099558916194,0.581159420289855,0.5899810964083175,0.4867517328292375,0.5413793103448276
0.2612,0.5409424826054345,0.01529597184479479,0.5083786231884058,0.5369880277252678,0.5826086956521739,0.5910365469439193,0.48525519848771265,0.5413878036351283
0.2614,0.5411738546911309,0.01521029938885225,0.5105072463768116,0.5381222432262129,0.5825614366729679,0.5903119092627599,0.48415248897290486,0.5413878036351283
0.2616,0.5416611793725944,0.015658635857183807,0.5115338164251207,0.5407687460617516,0.5825456836798992,0.592139256458727,0.48084436042848144,0.5421352131815865
0.2618,0.5415108679284617,0.01631260920293088,0.5125905797101449,0.542643352236925,0.5832703213610586,0.5936200378071834,0.4760712035286704,0.5408697129267879
0.262,0.5402881919331914,0.016481081373252972,0.514387077294686,0.542690611216131,0.5810333963453056,0.5925488342785129,0.47166036546943924,0.539408866995074
0.2622,0.5404929126820958,0.016723810826453245,0.5190368357487923,0.5437775677378702,0.5799464398235665,0.5932577189666037,0.46800567107750474,0.5389332427382368
0.2624,0.5404366486105309,0.01722723081766114,0.5212409420289854,0.5441713925645872,0.5787649653434153,0.5950693131695022,0.4639729048519219,0.5394003737047732
0.2626,0.5404987716839803,0.017232190432891516,0.5237318840579711,0.5449117832388154,0.5761499684940139,0.5965500945179583,0.46321676118462507,0.5384321386104978
0.2628,0.5400411773465852,0.01756032601687578,0.5248490338164251,0.5453056080655324,0.5743068683049779,0.5965343415248897,0.4595620667926906,0.5396891455749958
0.263,0.5402049565695722,0.017760090272396594,0.5227053140096618,0.5471644612476371,0.5761027095148078,0.5957781978575929,0.4588216761184625,0.5406573806692714
0.2632,0.5397383483688297,0.017657559637293506,0.5251811594202899,0.5468336483931947,0.5749842470069313,0.5939193446754883,0.4573724007561436,0.540139289960931
0.2634,0.5397381636763363,0.01757126594006555,0.5276721014492753,0.5476685570258348,0.5738815374921236,0.5935255198487713,0.45699432892249525,0.5386869373195176
0.2636,0.5407758519563127,0.017480489312253763,0.5286684782608695,0.5510712035286705,0.5731253938248266,0.5942659105229995,0.45808128544423443,0.5394428401562765
0.2638,0.541238945201907,0.0177818186352819,0.53112922705314,0.5522211720226842,0.5724165091367359,0.5956994328922495,0.4562696912413358,0.5396976388652963
0.264,0.5410729918143425,0.01780568686183234,0.5321859903381642,0.5525834908632641,0.5720541902961562,0.5956836798991809,0.4559231253938248,0.5380074740954647
0.2642,0.5404323228220734,0.017941642022489893,0.5314613526570049,0.5540957781978577,0.5702583490863263,0.5949117832388154,0.4540800252047889,0.5377866485476475
0.2644,0.5408505775468623,0.01791153696946102,0.5314764492753623,0.5567422810333963,0.5691083805923125,0.595620667926906,0.4548361688720857,0.537319517581111
0.2646,0.5412732828608721,0.017925851044089107,0.5322010869565217,0.5567265280403276,0.5701953371140517,0.5959672337744172,0.4552299936988028,0.537319517581111
0.2648,0.5414679177717964,0.017977227255956036,0.5329106280193237,0.5581915563957152,0.5676275992438563,0.5985034656584751,0.45597038437303083,0.5356038729403771
0.265,0.5404605398175176,0.018361549645707558,0.5332578502415458,0.5585696282293636,0.568336483931947,0.5958254568367989,0.45165406427221166,0.5351197553932393
0.2652,0.5408430974172549,0.017850932146765287,0.5335597826086957,0.5585381222432262,0.5672337744171393,0.5950693131695022,0.45455261499684935,0.5361049770681161
0.2654,0.5407728994036513,0.017894173908033658,0.5302385265700483,0.5619407687460617,0.5661468178954001,0.5950063011972275,0.4549621928166351,0.5363427891965348
0.2656,0.5402466710574533,0.017520069161144045,0.5319746376811594,0.5600976685570258,0.5639729048519218,0.594234404536862,0.4560806553245117,0.5351197553932394
0.2658,0.5406028642729575,0.017484536690192357,0.5359148550724637,0.5616887208569629,0.5621455576559546,0.5927851291745432,0.45497794580970374,0.5361049770681162
0.266,0.5408526016569188,0.01757891613970557,0.5398852657004831,0.5625078764965343,0.5614366729678639,0.5916509136735979,0.45351291745431627,0.5361219636487174
0.2662,0.5403811877348254,0.017488695130655457,0.5380434782608695,0.5635790800252048,0.5610901071203529,0.5901543793320732,0.45354442344045365,0.5358756582299982
0.2664,0.539333838545257,0.01757429350961166,0.5390700483091788,0.5627914303717706,0.5596093257718966,0.5882955261499685,0.4513547574039067,0.5348819432648207
0.2666,0.5398012729842867,0.01700240286467024,0.5418931159420289,0.5616572148708254,0.5596408317580339,0.5860743541272841,0.4539382482671708,0.535603872940377
0.2668,0.540292214323486,0.016909837596034552,0.541862922705314,0.5642722117202268,0.5578449905482041,0.5863894139886578,0.4550409577819786,0.5363427891965348
0.267,0.5404478092105337,0.016542697230883658,0.5421648550724638,0.5661310649023313,0.5563642091997479,0.5845305608065534,0.4569155639571519,0.5365806013249532
0.2672,0.5420062962044536,0.016094749602720868,0.5446105072463767,0.5713137996219282,0.5549464398235664,0.5837586641461877,0.46129489603024576,0.5361134703584168
0.2674,0.5405635840503512,0.01576855318319019,0.5438707729468598,0.5705419029615627,0.553528670447385,0.5793635790800253,0.46094833018273473,0.53512824868354
0.2676,0.5413128764790817,0.015510145446241892,0.5449124396135266,0.5735034656584752,0.5524732199117832,0.5793478260869566,0.4639729048519219,0.533667402751826
0.2678,0.540566584508964,0.015069281728629168,0.543780193236715,0.5738972904851922,0.5517485822306238,0.5767643352236925,0.4662255828607435,0.5309835230168167
0.268,0.540754560009535,0.0150668691876927,0.5448520531400967,0.5746219281663516,0.5514020163831127,0.5767485822306238,0.4666666666666667,0.5302361134703585
0.2682,0.5406275311549682,0.01487021084226908,0.5462107487922705,0.5743068683049779,0.5499684940138627,0.5752678008821676,0.467044738500315,0.5309665364362155
0.2684,0.540794728592071,0.014799968497854307,0.5447161835748793,0.5750630119722747,0.5511027095148078,0.5749212350346566,0.4677693761814745,0.5311958552743332
0.2686,0.5401910562620453,0.014671043815362331,0.5443840579710144,0.5758034026465029,0.5492911153119092,0.572668557025835,0.4677693761814745,0.5312298284355359
0.2688,0.5404742539273603,0.014561172160763152,0.5425573671497584,0.5787177063642093,0.5478575929426591,0.5733774417139256,0.47033711405166984,0.5299983013419399
0.269,0.5406164211739767,0.014616597958997694,0.5410477053140097,0.5798519218651544,0.5504095778197857,0.5722589792060491,0.4703528670447385,0.5297774757941227
0.2692,0.5405545229500264,0.014517010753078772,0.5377717391304347,0.5809861373660996,0.5529930686830499,0.5704158790170132,0.47140831758034024,0.5297519959232208
0.2694,0.5401653471747326,0.014031817456792505,0.5373943236714976,0.5787492123503466,0.5515122873345936,0.5704473850031506,0.47362948960302453,0.5292593850857823
0.2696,0.5397244821603798,0.013733940061026092,0.534465579710145,0.5775992438563327,0.5526149968494014,0.5693131695022055,0.4750945179584122,0.5292593850857823
0.2698,0.5392208849905917,0.013798555852264607,0.5315670289855072,0.5779773156899811,0.5530088216761184,0.5689193446754883,0.4750945179584122,0.5287582809580431
0.27,0.5377355969892007,0.01345477262430642,0.529393115942029,0.5757718966603654,0.5519061121613106,0.566351606805293,0.47547258979206053,0.5275182605741464
0.2702,0.5377762845280971,0.012989738408067223,0.5269474637681159,0.5742753623188406,0.5533711405166982,0.5659892879647133,0.47882797731569005,0.5272464752845252
0.2704,0.5367100312934309,0.012451623629657784,0.5257699275362319,0.5720541902961562,0.5534026465028357,0.5616414618777568,0.47989918084436034,0.5274927807032445
0.2706,0.5363272411509971,0.012417106375359699,0.5239885265700484,0.5720384373030876,0.5531033396345306,0.5612791430371771,0.4803245116572148,0.5272294887039239
0.2708,0.5356203464924686,0.01215864525922909,0.5207729468599034,0.5694234404536862,0.5542218021424071,0.5613264020163831,0.4821833648393195,0.525794122643112
0.271,0.5360952748308149,0.011934317374379388,0.5218297101449275,0.5716603654694392,0.5542533081285445,0.5591839949590421,0.4843257718966603,0.5253184983862749
0.2712,0.535940384670412,0.01181061973021286,0.5211050724637681,0.571676118462508,0.5531663516068054,0.5580812854442344,0.48434152488972904,0.5272719551554272
0.2714,0.5349744880480918,0.011749940973807169,0.5193236714975844,0.5686988027725268,0.5520163831127916,0.5588216761184625,0.48323881537492125,0.5277475794122644
0.2716,0.5337256735958785,0.011485493775630042,0.517481884057971,0.5664303717706364,0.5527567737870195,0.5551984877126654,0.4832230623818525,0.5272634618651265
0.2718,0.5341356538219372,0.011440463875216791,0.5149305555555556,0.566052299936988,0.5560964083175802,0.5552457466918714,0.4857435412728419,0.5267453711567862
0.272,0.5324966301229518,0.011389617035187791,0.5141757246376811,0.5619565217391305,0.5560964083175804,0.554521109010712,0.48394770006301197,0.524282316969594
0.2722,0.5329519430555658,0.011528791939190805,0.512409420289855,0.5601134215500945,0.5608223062381852,0.55382797731569,0.484294265910523,0.526244267029047
0.2724,0.5323101856058953,0.011917863366788767,0.5091787439613527,0.5574826717076244,0.5637523629489603,0.554568367989918,0.48314429741650916,0.5257346696110072
0.2726,0.5331892082050583,0.012141888724492456,0.508137077294686,0.5596723377441715,0.5637523629489603,0.5564429741650914,0.4834593572778827,0.5276711397995584
0.2728,0.5329974313356755,0.012395030126026748,0.504921497584541,0.5556238185255198,0.5696439823566478,0.5549779458097038,0.48415248897290486,0.5286648547647358
0.273,0.5323834136801986,0.01191250968049199,0.5034873188405797,0.5537807183364839,0.5682262129804663,0.5531821045998739,0.4867044738500315,0.5289196534737557
0.2732,0.531729082330637,0.011701500007286857,0.5031400966183576,0.5537649653434153,0.5675488342785129,0.5514177693761815,0.48779143037177064,0.5267113979955835
0.2734,0.5326309818611376,0.011958250779826941,0.5013435990338164,0.5545053560176434,0.5708727158160051,0.5521109010712035,0.490012602394455,0.5269407168337014
0.2736,0.5322649710475312,0.012082540257059902,0.5006340579710146,0.5537177063642093,0.572022684310019,0.5507403906742281,0.4892879647132955,0.5271870222524206
0.2738,0.5299115527327719,0.012111020164092122,0.4973731884057971,0.5507561436672967,0.5720541902961563,0.5456521739130434,0.48815374921235033,0.5254798709019874
0.274,0.5297170140239844,0.012706922689195262,0.4945048309178744,0.5529615626969123,0.5738815374921236,0.5434625078764965,0.48627914303717706,0.5272125021233226
0.2742,0.5299059344870948,0.01295029535670359,0.49237620772946855,0.5522054190296156,0.5768746061751733,0.5420132325141778,0.48775992438563326,0.5282062170885
0.2744,0.5302125785290406,0.013076598298044721,0.4923913043478261,0.5517800882167612,0.57763074984247,0.5409262759924386,0.48668872085696274,0.531858331917785
0.2746,0.5299325049709801,0.013521739350400687,0.48914553140096617,0.552142407057341,0.5794896030245746,0.5395400126023944,0.48668872085696274,0.532588754883642
0.2748,0.5287597898468426,0.014043660930429497,0.48621678743961344,0.5521424070573409,0.5795053560176433,0.5384373030875866,0.48339634530560804,0.5328605401732631
0.275,0.5279701507213244,0.013773579811027028,0.48445048309178745,0.5483774417139256,0.5791430371770636,0.5366414618777569,0.48561751732829245,0.5335909631391201
0.2752,0.5277821823564729,0.013644626044721529,0.48301630434782605,0.5465185885318211,0.5788122243226214,0.5355702583490863,0.4874606175173283,0.5353151010701545
0.2754,0.5275767513618908,0.01360119565901891,0.4811896135265701,0.5457466918714555,0.5784499054820416,0.5352236925015752,0.48927221172022684,0.5355783930694751
0.2756,0.5274768740877949,0.013536695553422717,0.4797856280193237,0.5460459987397606,0.5773787019533712,0.5333805923125393,0.4907214870825457,0.5375488364192288
0.2758,0.5270295822057856,0.013907574588391007,0.4765247584541063,0.5459987397605545,0.5770478890989288,0.5348456206679268,0.4899653434152489,0.537795141837948
0.276,0.5264908502762671,0.014241113912408449,0.47546799516908206,0.5452425960932578,0.5774259609325771,0.5341367359798361,0.4873818525519848,0.5392899609308646
0.2762,0.5275702595666186,0.014540845607647623,0.4750905797101449,0.5475110270951481,0.5788909892879647,0.5349086326402016,0.48775992438563326,0.5412604042806184
0.2764,0.5278481121876891,0.014793262018445628,0.4733091787439614,0.5456994328922495,0.580718336483932,0.5341682419659735,0.4892407057340895,0.5439527773059284
0.2766,0.5292272104232503,0.014991981869594183,0.4725845410628019,0.5468494013862634,0.5836326402016383,0.53528670447385,0.49256458727158153,0.5444453881433667
0.2768,0.5293478470295504,0.01549405047946772,0.4711201690821256,0.5482671707624449,0.5854757403906742,0.5349243856332703,0.4911153119092627,0.5451843043995244
0.277,0.5297701081450125,0.01574642962723913,0.46967089371980675,0.5482514177693762,0.5873188405797101,0.5335223692501574,0.4929741650913674,0.546882962459657
0.2772,0.5294077893044328,0.016058675721673552,0.4685839371980677,0.5486294896030246,0.5887681159420289,0.5313484562066793,0.4922337744171393,0.546882962459657
0.2774,0.530125933034738,0.015792084004744574,0.47003321256038644,0.5471487082545684,0.5891619407687461,0.5310018903591682,0.49478575929426594,0.5486240869712928
0.2776,0.5305309701210947,0.01582626835253776,0.47072765700483093,0.545274102079395,0.5917139256458728,0.5324354127284183,0.49588846880907367,0.5471462544589775
0.2778,0.5296163323089949,0.016228740148625423,0.46746678743961356,0.5448487712665406,0.5928008821676118,0.5298991808443605,0.49626654064272213,0.5464158314931205
0.278,0.5305105263029107,0.01617825353061627,0.46953502415458936,0.5441083805923126,0.5954001260239445,0.5284499054820416,0.4984404536862003,0.5471292678783761
0.2782,0.5309489637231432,0.016107466132806426,0.47309782608695655,0.5430056710775049,0.5972117202268431,0.5292060491493384,0.4962980466288595,0.5468744691693562
0.2784,0.5315086737764361,0.016136815462668493,0.47342995169082125,0.5422810333963453,0.5983144297416509,0.5292218021424071,0.49771581600504095,0.5480890096823509
0.2786,0.5312259675838111,0.016034622652862134,0.47453200483091784,0.5415879017013232,0.5982986767485822,0.5277410207939509,0.4973534971644612,0.5478427042636317
0.2788,0.5297321818880426,0.01626216291021034,0.47204106280193237,0.5393667296786389,0.597558286074354,0.5270636420919974,0.4952425960932577,0.5471207745880755
0.279,0.5290848463497005,0.016293284261063044,0.46986714975845406,0.537476370510397,0.5964870825456836,0.5281505986137367,0.4956364209199748,0.5468914557499576
0.2792,0.5293089906389586,0.016509501979367583,0.46844806763285024,0.5352236925015752,0.5986767485822305,0.531112161310649,0.497463768115942,0.5449295056905046
0.2794,0.5284846714142631,0.016837831280099413,0.46554951690821256,0.5334120982986768,0.599007561436673,0.53145872715816,0.49708569628229365,0.5443944284015628
0.2796,0.5284139742719368,0.01699371582779106,0.4644625603864734,0.5308443604284814,0.601591052299937,0.5300252047889099,0.5011027095148078,0.5424579582130117
0.2798,0.5285102007892202,0.016689577216737465,0.46482487922705307,0.5282766225582861,0.600504095778198,0.5314744801512287,0.5040327662255828,0.541948360794972
0.28,0.5279419864261427,0.01612380292938865,0.46628925120772946,0.5260554505356018,0.5972432262129803,0.5300252047889099,0.5050882167611845,0.5429505690504501
0.2802,0.5278057474387732,0.015814635698774476,0.4659571256038647,0.524259609325772,0.5950850661625708,0.5300567107750471,0.508049779458097,0.5434261933072873
0.2804,0.5273209872308854,0.01588382045248255,0.46631944444444445,0.520526149968494,0.5962035286704473,0.5282136105860114,0.5094833018273471,0.5431798878885681
0.2806,0.5269632141038724,0.01563628903101691,0.46592693236714977,0.5227788279773157,0.5939981096408318,0.5289697542533082,0.5084120982986768,0.5416935620859521
0.2808,0.5273238843330589,0.01571192090940736,0.46378321256038646,0.5238657844990547,0.5936357908002521,0.5318998109640832,0.5110270951480781,0.5397316120264991
0.281,0.5263164580082641,0.015202792052026919,0.46348128019323676,0.5224322621298046,0.5895715185885319,0.530812854442344,0.5128544423440454,0.5387463903516222
0.2812,0.5258828263093829,0.01505734789744553,0.4624245169082125,0.5209357277882798,0.5869880277252678,0.5330182734719597,0.5132010081915563,0.5387294037710209
0.2814,0.525150996528966,0.014736194168788918,0.4638435990338164,0.5175488342785128,0.5847668557025835,0.532703213610586,0.51208254568368,0.5399609308646169
0.2816,0.5242626126275228,0.014538496224455395,0.4630887681159421,0.5172180214240705,0.5828922495274103,0.5326874606175174,0.5124291115311909,0.5372600645490062
0.2818,0.5232467155717078,0.01410225926910578,0.46384359903381644,0.5161153119092627,0.5799779458097039,0.5334751102709514,0.5117044738500315,0.5343638525564804
0.282,0.5217386518212539,0.01395624494591796,0.4620169082125605,0.5164461247637051,0.5774259609325771,0.5316477630749843,0.5110113421550094,0.5318838117886869
0.2822,0.5209008648177043,0.013360588382374437,0.46527777777777785,0.5146030245746692,0.5752362948960302,0.5298046628859483,0.5088374291115312,0.5316459996602684
0.2824,0.5201804237759099,0.013333159587500852,0.46342089371980677,0.5153276622558287,0.5730151228733459,0.5312854442344046,0.5081285444234405,0.5299048751486326
0.2826,0.5196309089563819,0.013109765305841875,0.46375301932367147,0.5164303717706364,0.5707781978575929,0.5312854442344046,0.5056080655324513,0.5299303550195347
0.2828,0.5190402409736685,0.01270375336603304,0.46482487922705307,0.5157214870825457,0.5678323881537493,0.5306080655324512,0.5045683679899181,0.5306862578562936
0.283,0.5194284178782911,0.012593853770909463,0.4644625603864734,0.5179111531190926,0.5663673597983617,0.529914933837429,0.5053087586641463,0.5326057414642433
0.2832,0.518566890911562,0.012182350625177779,0.4658967391304348,0.5168084436042848,0.5652804032766225,0.5273471959672338,0.505671077504726,0.530397485986071
0.2834,0.5165893631301541,0.011884828151139728,0.4640851449275362,0.5164146187775678,0.5608538122243226,0.5269691241335854,0.5042218021424071,0.5269916765755054
0.2836,0.5152991344291801,0.011269149132520015,0.4654891304347826,0.5142407057340895,0.5560964083175804,0.5291430371770637,0.5027725267800882,0.5240529981314761
0.2838,0.5147296458384168,0.010726098178117698,0.46763285024154594,0.5131537492123504,0.5535129174543163,0.5299306868304978,0.5028040327662255,0.5213436385255648
0.284,0.5157322856934375,0.010449922873314655,0.4711654589371981,0.5143352236925016,0.5538594833018273,0.5317737870195337,0.5016698172652805,0.5215899439442839
0.2842,0.5136130705425589,0.009835020771475867,0.4708635265700483,0.5132325141776938,0.5476528040327662,0.5288594833018273,0.4994801512287335,0.5215899439442839
0.2844,0.5126407740159393,0.009135484881647445,0.4733846618357488,0.5124921235034656,0.5432262129804662,0.52882797731569,0.4980308758664146,0.5198827925938508
0.2846,0.5119212377982613,0.008810365303052514,0.473762077294686,0.513957151858853,0.5399338374291116,0.5270006301197228,0.4962350346565847,0.5206386954306098
0.2848,0.5113764533847935,0.008319429716301665,0.4759208937198068,0.5147448015122873,0.5366414618777567,0.5259136735979836,0.4944076874606175,0.5206302021403091
0.285,0.5110564031095753,0.007972843228793184,0.47807971014492756,0.5170289855072463,0.5322148708254568,0.5277252678008821,0.49183994959042215,0.5194496347885171
0.2852,0.5107913041193344,0.007724967599711371,0.48096316425120766,0.5177378701953371,0.5296313799621928,0.5266855702583492,0.48854757403906746,0.5211822660098522
0.2854,0.5097916591853106,0.007175563527849883,0.48346920289855067,0.5162255828607436,0.5241335853812223,0.5270636420919975,0.48739760554505357,0.5204603363342959
0.2856,0.5080194144623804,0.007031071636743328,0.48346920289855067,0.5143824826717076,0.5204946439823566,0.5230781348456206,0.4844990548204159,0.5221929675556309
0.2858,0.50646611636309,0.006925111573210646,0.48346920289855067,0.5151858853182105,0.5161153119092627,0.5209199747952111,0.48191556395715196,0.5211907593001528
0.286,0.5057733128554235,0.006845067743092405,0.48668478260869563,0.5140989287964712,0.513468809073724,0.5205734089477001,0.4786231884057971,0.5211907593001528
0.2862,0.5057458149138111,0.006677438509840977,0.48740942028985507,0.5136735979836169,0.5105702583490863,0.5201953371140517,0.47969439193446756,0.5229318838117887
0.2864,0.5056610123120183,0.006520801117586846,0.49242149758454107,0.5144454946439823,0.5061751732829237,0.5220856962822936,0.4778512917454316,0.5209869203329369
0.2866,0.5057273952056835,0.006740556298040598,0.49245169082125606,0.5159105229993699,0.5047101449275362,0.522463768115942,0.47711090107120346,0.5217173432987938
0.2868,0.504807664143613,0.0066646929572668195,0.4913798309178743,0.5136893509766856,0.5017800882167612,0.5210302457466919,0.47778827977315697,0.5231781892305079
0.287,0.50510178105808,0.006655559056175247,0.4945954106280193,0.5155482041587902,0.5021424070573409,0.5213768115942029,0.4759609325771896,0.520986920332937
0.2872,0.5046278378392787,0.006181251220668256,0.4974788647342995,0.5148550724637682,0.5006458727158161,0.5173597983616888,0.4766698172652804,0.5207576014948192
0.2874,0.5040913207888215,0.006405229399414666,0.49966787439613525,0.5126339004410838,0.4980938878386893,0.519580970384373,0.47474795211090104,0.5198233395617462
0.2876,0.5045893382160863,0.007225348132504904,0.5039704106280194,0.51411468178954,0.4951953371140517,0.5221329552614997,0.47109325771896654,0.5210293867844402
0.2878,0.5040125481302803,0.006969273068732094,0.5046497584541063,0.5126023944549465,0.49226528040327666,0.5221014492753623,0.4729048519218651,0.5195515542721251
0.288,0.5031575727762234,0.0072816179104450325,0.5046195652173913,0.5136893509766856,0.488216761184625,0.5195967233774417,0.47180214240705726,0.5210208934941396
0.2882,0.5043207166146645,0.007181214205904595,0.5064160628019323,0.5181001890359168,0.4874291115311909,0.5207466918714556,0.47438563327032135,0.51884661117717
0.2884,0.5037540271957558,0.007527060567478447,0.508227657004831,0.5166194076874606,0.4845305608065532,0.5203528670447385,0.4729363579080025,0.5198573127229489
0.2886,0.5030421679346186,0.007540592433878903,0.5071256038647343,0.5147920604914934,0.48304977945809713,0.520730938878387,0.47295211090107114,0.519602514013929
0.2888,0.5020657209649858,0.007824914011414108,0.5089371980676328,0.5096250787649653,0.4782923755513548,0.5239603024574669,0.4736925015752993,0.5178868693731953
0.289,0.5031583589318355,0.007457459330357926,0.5110507246376812,0.5106962822936357,0.4804505356017644,0.5239760554505356,0.4758664146187776,0.516910140988619
0.2892,0.5039725587583698,0.008179658051593305,0.5142663043478262,0.5088216761184625,0.47752047889098936,0.5283553875236294,0.47622873345935723,0.5186427722099541
0.2894,0.5032021458259589,0.008006831467800908,0.5167572463768115,0.505119722747322,0.47783553875236284,0.5261814744801512,0.4758821676118462,0.51743672498726
0.2896,0.502891269410302,0.008228928913515345,0.5189160628019323,0.5014020163831128,0.478481411468179,0.5280088216761184,0.47482671707624446,0.5157125870562256
0.2898,0.5030396986225539,0.008609733267097148,0.5192783816425119,0.5032136105860114,0.47586641461877754,0.5309073724007561,0.4752047889098929,0.5137676235773738
0.29,0.5033094350686736,0.008542785578344005,0.5196407004830917,0.5035444234404537,0.4769218651543793,0.5290957781978575,0.4744486452425961,0.516205197893664
0.2902,0.5038548417577758,0.008819330369807794,0.5221769323671498,0.5043005671077505,0.4761499684940138,0.5287492123503466,0.4740863264020164,0.517666043825378
0.2904,0.5027666686701687,0.009237443525432536,0.5228411835748792,0.5027252678008821,0.4732514177693762,0.5265595463137996,0.47184940138626336,0.5193731951758112
0.2906,0.5027654378328613,0.009299105989239595,0.5245923913043479,0.5027252678008822,0.4710617517328292,0.5254568367989918,0.47362948960302453,0.5191268897570919
0.2908,0.5036774990741106,0.009407889993080404,0.5278683574879228,0.5019533711405166,0.47030560806553245,0.5258034026465028,0.4764807813484563,0.519653473755733
0.291,0.504271716631362,0.009478259455995702,0.5286080917874396,0.5037492123503465,0.46958097038437296,0.5257876496534342,0.47752047889098925,0.5203838967215899
0.2912,0.5047274330666227,0.009761120506047796,0.5285628019323672,0.504867674858223,0.4662728418399496,0.5264807813484562,0.4800724637681159,0.5221080346526245
0.2914,0.5052583659704797,0.009494693752075494,0.5274607487922705,0.5051984877126654,0.46732829237555135,0.5253623188405797,0.48188405797101447,0.5243162901307967
0.2916,0.5040879179611011,0.009366671677737283,0.5263737922705314,0.5029300567107751,0.46770636420919975,0.5260712035286705,0.48034026465028357,0.5211058263971463
0.2918,0.5036178431943091,0.009331479708755438,0.5285326086956522,0.5010554505356016,0.46879332073093877,0.525,0.4791902961562696,0.5191353830473926
0.292,0.5026576280170998,0.009501396641761731,0.5292270531400967,0.49875551354757414,0.46732829237555135,0.5235822306238186,0.4784183994959042,0.5186342789196535
0.2922,0.5031043399360623,0.008833870815640377,0.5277475845410627,0.49834593572778835,0.4695652173913043,0.5224952741020794,0.4820415879017014,0.5184304399524375
0.2924,0.5034499487051768,0.008809915266905206,0.5291968599033816,0.4994801512287335,0.47099873976055456,0.521424070573409,0.48092312539382487,0.5186767453711567
0.2926,0.5035543677904926,0.009002294741414212,0.5292119565217392,0.49796786389413983,0.4695179584120983,0.5221172022684311,0.4823566477630751,0.5201545778834721
0.2928,0.50263220255606,0.008915738753424095,0.5266908212560387,0.4976370510396976,0.466950220541903,0.5210459987397605,0.48379017013232517,0.519678953626635
0.293,0.5026280521130465,0.008713680477620252,0.5267059178743961,0.49653434152488973,0.4676748582230624,0.51997479521109,0.4852079395085066,0.5196704603363343
0.2932,0.5019340787933416,0.008305064577565354,0.527385265700483,0.4950693131695022,0.4694864524259609,0.5152331442974166,0.48550724637681153,0.518923050789876
0.2934,0.5022957616071607,0.00794819144463023,0.5287892512077296,0.4932577189666036,0.4735349716446125,0.5141461877756773,0.48585381222432267,0.518192627824019
0.2936,0.5003421024177115,0.00795489393780451,0.5277475845410629,0.4903119092627599,0.4727788279773157,0.5101291745431632,0.483648393194707,0.51743672498726
0.2938,0.4999166682670005,0.007593218036615983,0.5270078502415458,0.48990233144297424,0.47490548204158795,0.5079867674858224,0.4832545683679899,0.5164430100220825
0.294,0.5004230943593909,0.007482471102512273,0.5277777777777777,0.4928481411468179,0.47485822306238185,0.5087429111531191,0.48360113421550094,0.5147103788007474
0.2942,0.5009917473834,0.006972708885511672,0.5270078502415458,0.49097353497164464,0.4795998739760554,0.5076717076244487,0.48501890359168237,0.5156786138950229
0.2944,0.500979461513859,0.006952560265588756,0.5259661835748792,0.48870510396975425,0.48177378701953366,0.5091052299936989,0.483900441083806,0.5164260234414811
0.2946,0.5022588391452522,0.006924950420228938,0.5267210144927535,0.4875551354757405,0.4839319470699433,0.5094675488342786,0.4867674858223062,0.5191099031764905
0.2948,0.5035973861638943,0.0066261241133257105,0.527475845410628,0.48834278512917456,0.4872085696282292,0.5080182734719596,0.48971329552614995,0.5208255478172245
0.295,0.5032119501932478,0.006480575580514894,0.5278985507246376,0.48607435412728417,0.4893982356647763,0.5051512287334594,0.4911468178954001,0.5196025140139291
0.2952,0.5038524152414464,0.005903051590764978,0.5264643719806763,0.48834278512917456,0.49193446754883424,0.5040642722117201,0.4929269061121614,0.5193816884661118
0.2954,0.5031500948393631,0.00632145343102401,0.5275664251207729,0.48609010712035283,0.49007561436672964,0.5003938248267171,0.4944076874606176,0.5203669101409887
0.2956,0.5030315911814268,0.00624704732539857,0.5275513285024155,0.4845620667926906,0.4911153119092628,0.5000157529930688,0.49580970384373024,0.5191353830473926
0.2958,0.5019837494227947,0.006661376740124544,0.5279287439613526,0.48164776307498425,0.4900441083805923,0.49823566477630743,0.4947069943289225,0.5193392220146085
0.296,0.5013820786621278,0.00690075495240717,0.5297705314009662,0.48201008191556394,0.4907529930686831,0.49640831758034026,0.4910050409577821,0.5183455070494309
0.2962,0.5019333723756801,0.006519766675493843,0.5265549516908213,0.4831127914303718,0.49469124133585385,0.496817895400126,0.48988657844990546,0.5205367759470019
0.2964,0.5023337664499596,0.006541838142388006,0.5273399758454107,0.481710775047259,0.4950693131695022,0.4961090107120352,0.4935255198487713,0.5202480040767794
0.2966,0.5015030555344754,0.007108306685382601,0.528774154589372,0.47830812854442345,0.4940138626339004,0.49395085066162564,0.4934940138626338,0.5204773229148972
0.2968,0.5019834465077794,0.006766348212060161,0.5273701690821255,0.4801827347195967,0.4972747321991179,0.4936042848141147,0.4927536231884059,0.5207151350433158
0.297,0.5026024694246009,0.006731638708411567,0.5269927536231884,0.48097038437303097,0.5023471959672337,0.4920762444864524,0.4920289855072464,0.5211992525904536
0.2972,0.5025466297425286,0.007195032627092313,0.5291666666666667,0.481710775047259,0.5041587901701322,0.48949275362318845,0.48906742281033394,0.5216833701375914
0.2974,0.5031515411419548,0.00728600233802484,0.5291213768115941,0.4820888468809074,0.5059861373660997,0.4895085066162571,0.4890516698172652,0.5231527093596059
0.2976,0.5029792015454696,0.007529883680880728,0.527974033816425,0.4791587901701323,0.5089004410838058,0.4902646502835538,0.4879489603024575,0.523628333616443
0.2978,0.5021793754182795,0.008212458667661116,0.5280042270531402,0.47618147448015125,0.511783238815375,0.48662570888468804,0.4861058601134216,0.5243757431629013
0.298,0.5017396450390973,0.008406915951844523,0.5265700483091788,0.47438563327032135,0.5132325141776939,0.488815374921235,0.48282923755513546,0.5246050620010192
0.2982,0.502308647137308,0.008368341793566913,0.5261775362318841,0.47477945809703836,0.5139729048519219,0.48846880907372403,0.48462507876496536,0.5258280958043147
0.2984,0.5031932087830931,0.008607454583795167,0.5258152173913043,0.47665406427221174,0.5168872085696281,0.48736609955891613,0.48391619407687453,0.5285204688296246
0.2986,0.5032363854988571,0.008320875716062008,0.5268719806763285,0.47963137996219285,0.5150756143667297,0.48772841839949593,0.48281348456206674,0.5272974350263293
0.2988,0.5032170097901241,0.008502451681591494,0.5254227053140097,0.4792060491493384,0.5172337744171392,0.4870037807183364,0.4821361058601134,0.5282996432818073
0.299,0.5039513028618422,0.008446045991190549,0.5247131642512077,0.4821045998739761,0.5175645872715815,0.4859168241965973,0.4828922495274102,0.5305163920502803
0.2992,0.5046598203019453,0.008775479201927122,0.5258756038647343,0.4824984247006931,0.5178954001260239,0.4855702583490863,0.48287649653434156,0.533242738236793
0.2994,0.5054780051119939,0.008826490082673822,0.5258152173913043,0.48396345305608063,0.5200850661625709,0.48482986767485825,0.48396345305608063,0.5342109733310685
0.2996,0.5076109650525931,0.009094586569767946,0.5265247584541063,0.48582230623818534,0.5229678638941399,0.48664146187775675,0.4850819155639572,0.538627484287413
0.2998,0.5080493974926877,0.009292089352997985,0.526887077294686,0.48427851291745433,0.5218651543793321,0.4873818525519848,0.4865469439193446,0.5413368438933243
0.3,0.5095526538865215,0.009444395370337515,0.5282608695652173,0.48868935097668553,0.5247479521109011,0.4891934467548834,0.48360113421550094,0.5428231696959402
0.3002,0.5104321085683747,0.009345929352526238,0.5269172705314009,0.49051669817265287,0.5250945179584121,0.48993383742911145,0.4850819155639572,0.5450484117547139
0.3004,0.512762765981571,0.008937527202589017,0.5286986714975845,0.49651858853182096,0.5272684310018902,0.4928166351606805,0.4862003780718337,0.5450738916256157
0.3006,0.5115784329395653,0.008813005448732272,0.5258303140096618,0.49615626969124127,0.5272211720226843,0.4939035916824196,0.48323881537492125,0.5431204348564633
0.3008,0.5108854172557352,0.008356229746013124,0.5229770531400966,0.49760554505356014,0.5257561436672968,0.4942501575299307,0.48330182734719596,0.5414217767963309
0.301,0.5110632403554415,0.008696630827031445,0.5229166666666666,0.4976212980466289,0.5258034026465028,0.4945967233774417,0.48183679899180837,0.5436045524036011
0.3012,0.5117643788296292,0.008414119340713833,0.5215126811594203,0.49870825456836804,0.5261184625078765,0.4978260869565217,0.4825614366729679,0.5438593511126211
0.3014,0.5128989565984243,0.008217694166320403,0.520048309178744,0.5042533081285445,0.5268431001890359,0.500693131695022,0.48145872715816,0.5440971632410395
0.3016,0.513155982804093,0.008517590917542221,0.5189311594202899,0.5061436672967863,0.5279143037177064,0.5003150598613736,0.48005671077504725,0.5455749957533549
0.3018,0.5137496055507978,0.008650461990676312,0.5156702898550726,0.5121298046628859,0.5283238815374921,0.500645872715816,0.4789382482671707,0.5467895362663495
0.302,0.5140367980669893,0.008906015452119845,0.5160477053140096,0.5162255828607435,0.5282923755513548,0.49810964083175796,0.4782293635790801,0.5473161202649905
0.3022,0.5150192684202151,0.008592673284961808,0.514915458937198,0.518840579710145,0.5286862003780718,0.4995904221802142,0.4807498424700693,0.5473331068455919
0.3024,0.51601877809147,0.008862045349057105,0.5145984299516908,0.5192186515437933,0.5294108380592313,0.5006143667296786,0.4815059861373661,0.5507643961270596
0.3026,0.5165560905888409,0.009220825186369817,0.513828502415459,0.5251575299306868,0.5279458097038437,0.49836168872085695,0.48153749212350344,0.5525055206386955
0.3028,0.5172111190090147,0.009355617221973799,0.5123641304347826,0.5270006301197228,0.5290012602394455,0.5008506616257089,0.4807971014492754,0.5532529301851536
0.303,0.5161570004929951,0.009187432863138919,0.5087560386473431,0.5281033396345306,0.5282766225582861,0.5008191556395716,0.4804347826086957,0.5505520638695429
0.3032,0.5164928202626334,0.009422750307623174,0.504423309178744,0.5322306238185256,0.5290327662255829,0.5008191556395716,0.4815847511027095,0.5508663156106676
0.3034,0.5168483158872125,0.010028432793316494,0.5055253623188405,0.5374606175173282,0.5297889098928797,0.4985664776307498,0.47911153119092625,0.5506369967725496
0.3036,0.5167080017721203,0.010018834088018853,0.5033514492753624,0.5385318210459987,0.5287177063642092,0.4982041587901701,0.48057655954631384,0.5508663156106676
0.3038,0.5177583376505924,0.010169090428386759,0.5044535024154589,0.5430371770636422,0.5287177063642092,0.500346565847511,0.479867674858223,0.5501273993545099
0.304,0.5172855422606099,0.010741645537868447,0.5015549516908213,0.5467863894139887,0.5275992438563327,0.49962192816635154,0.47804032766225585,0.5501104127739086
0.3042,0.5184521735519463,0.010730673112364355,0.5001056763285023,0.5494171392564587,0.5298204158790171,0.5014807813484562,0.4802457466918715,0.5496432818073721
0.3044,0.5187244046939669,0.011333420436647333,0.4979468599033817,0.555466288594833,0.5287492123503466,0.5011184625078766,0.4799149338374291,0.5491506709699338
0.3046,0.5191796692746472,0.011287302173077982,0.4997735507246377,0.5569785759294266,0.526984877126654,0.5028512917454316,0.4795683679899181,0.5489213521318159
0.3048,0.5196125285876255,0.011738594721301223,0.4976147342995169,0.5599716446124764,0.5244643982356648,0.5064744801512286,0.47851291745431634,0.5506369967725496
0.305,0.5206753580891427,0.012177716479913461,0.4958333333333334,0.5633900441083806,0.5237712665406427,0.5082860743541272,0.4796628859483302,0.5531085442500425
0.3052,0.5213030100607641,0.012912283506446487,0.4951237922705314,0.5678166351606805,0.5227000630119722,0.5083175803402645,0.47856017643352233,0.5552998131476135
0.3054,0.5207756740055878,0.013625184017318142,0.4933272946859903,0.5715973534971645,0.5216918714555765,0.5072463768115942,0.47599243856332707,0.5547987090198743
0.3056,0.5212153422631274,0.014137584864751382,0.4933272946859904,0.5757088846880907,0.5206049149338374,0.5079552614996848,0.47490548204158783,0.5547902157295737
0.3058,0.5217536860578124,0.014450880006324721,0.4933121980676328,0.5783396345305608,0.5165879017013232,0.5119565217391304,0.4745589161940768,0.5557669441141498
0.306,0.5213038989595894,0.015157884643682663,0.4897342995169082,0.5809388783868935,0.5136735979836169,0.514855072463768,0.4723534971644613,0.5562680482418889
0.3062,0.5204923246319001,0.015615674094086596,0.4872433574879227,0.5828449905482042,0.5118777567737871,0.516304347826087,0.4701480781348456,0.5545354170205539
0.3064,0.5214130270438065,0.015968742977775743,0.4890398550724638,0.585538752362949,0.5126339004410838,0.5181632010081916,0.4683207309388783,0.5547817224392729
0.3066,0.5222238609105053,0.016117918010303236,0.4908212560386473,0.5885318210459987,0.5108065532451167,0.5192501575299306,0.46942344045368617,0.5545099371496518
0.3068,0.5217253509327593,0.0159576157275984,0.49156099033816425,0.5882482671707624,0.511231884057971,0.5170604914933838,0.46943919344675483,0.5528112790895193
0.307,0.5208732737586669,0.016025339132204497,0.49119867149758456,0.5867989918084435,0.5068840579710145,0.5196124763705103,0.46794265910523,0.5528027857992186
0.3072,0.5211349077809623,0.016513144179463847,0.4901419082125604,0.5887523629489604,0.5072621298046628,0.5199590422180214,0.4664303717706364,0.5542636317309326
0.3074,0.5206774817090397,0.016697136556801422,0.4890700483091788,0.5898393194706995,0.5036074354127285,0.5247637051039697,0.465705734089477,0.5510786478681842
0.3076,0.5202116821302766,0.016666359458127736,0.49159118357487924,0.5880277252678008,0.5021424070573409,0.5225740390674228,0.46389413988657846,0.5530405979276372
0.3078,0.5206336211163117,0.016737868159062676,0.4934178743961352,0.5872715816005042,0.5018115942028986,0.5254883427851291,0.4620667926906112,0.5537455410225922
0.308,0.5210393013651489,0.016463050142778574,0.49741847826086955,0.5850189035916825,0.5026149968494014,0.526591052299937,0.4606175173282924,0.5539748598607102
0.3082,0.5197428997463739,0.016548142946513338,0.497433574879227,0.5827819785759295,0.49899180844360425,0.5273314429741651,0.45842785129174535,0.5534907423135722
0.3084,0.5194487685604676,0.01683198235599077,0.4953049516908212,0.5828134845620667,0.5005198487712665,0.5280718336483932,0.45625393824826704,0.5537285544419909
0.3086,0.5202171376295147,0.016986824820443242,0.497463768115942,0.5847511027095147,0.5020006301197226,0.5291587901701323,0.4551512287334594,0.5527773059283166
0.3088,0.5194176446512352,0.017606148495340642,0.4978562801932367,0.5859168241965974,0.4991178323881537,0.5302457466918715,0.45111846250787646,0.5522507219296756
0.309,0.5187134156299744,0.01830143011170875,0.49790157004830915,0.5896345305608065,0.4962350346565848,0.5302614996849402,0.44818840579710145,0.5500594530321047
0.3092,0.5192548632025459,0.018541739858509897,0.49719202898550724,0.5915248897290486,0.4940453686200378,0.5339161940768746,0.4492753623188405,0.5495753354849668
0.3094,0.5186763161873527,0.019324107539109035,0.495048309178744,0.5949117832388153,0.49224952741020794,0.535381222432262,0.4463610586011342,0.5481059962629523
0.3096,0.5177351705147403,0.01950485257897852,0.49396135265700475,0.5945809703843731,0.48894139886578447,0.5361216131064902,0.44566792690611223,0.5471377611686767
0.3098,0.5176395168247842,0.019947965555446458,0.49435386473429954,0.5958097038437302,0.4853812224322622,0.5390516698172653,0.4446124763705104,0.5466281637506369
0.31,0.5174620570707186,0.019838359597982125,0.49406702898550725,0.5939193446754883,0.4853812224322621,0.5405166981726529,0.4442344045368619,0.546653643621539
0.3102,0.5160045154789279,0.020168793075377972,0.49338768115942033,0.5927693761814745,0.48248267170762443,0.541950220541903,0.4409577819785759,0.5444793613045693
0.3104,0.5143494996659354,0.020231138776486392,0.49088164251207733,0.5909262759924385,0.48029300567107747,0.5434310018903592,0.43950850661625707,0.5410565653134023
0.3106,0.5145155894126424,0.020636567562364958,0.4940821256038648,0.5913358538122243,0.48246691871455577,0.5445022054190296,0.43438878386893504,0.5403176490572449
0.3108,0.5132533451458333,0.02033823053786329,0.49409722222222224,0.5898393194706995,0.4795526149968494,0.5433994959042218,0.4355072463768116,0.5371241719041956
0.311,0.5125731078820256,0.020012222334666256,0.4926781400966183,0.5864839319470698,0.4784499054820416,0.5460144927536231,0.43664146187775676,0.5351707151350433
0.3112,0.5137084189760918,0.02042052114009205,0.49301026570048306,0.5875866414618778,0.47882797731568993,0.5504253308128544,0.4359640831758034,0.536436215389842
0.3114,0.5130558593848349,0.020309007119823735,0.49340277777777775,0.5853339634530561,0.47846565847511024,0.5508034026465028,0.43486137366099553,0.5354679802955664
0.3116,0.5130843907979258,0.020557496950294726,0.49447463768115946,0.5860586011342155,0.47846565847511024,0.5512129804662885,0.4330812854442344,0.5352131815865466
0.3118,0.5123705629701332,0.020597362972005186,0.4966334541062801,0.5837744171392564,0.47739445494643984,0.5515752993068682,0.4305923125393825,0.5342534397825718
0.312,0.5120574029941135,0.020441830877753198,0.4984450483091788,0.5822148708254569,0.4777410207939508,0.5522526780088217,0.4298834278512918,0.531807372175981
0.3122,0.5120100005386279,0.02037668881727999,0.4980676328502415,0.58145872715816,0.4759136735979836,0.5537019533711405,0.4313484562066793,0.5315695600475625
0.3124,0.5124162415175174,0.020462710411628084,0.5016908212560386,0.5818367989918084,0.4759136735979836,0.5537334593572778,0.4302457466918715,0.531076949210124
0.3126,0.510754040740987,0.020615564925693608,0.5002415458937197,0.5799464398235665,0.47046313799621925,0.5540957781978575,0.4299149338374291,0.5298624086971293
0.3128,0.5111521808941558,0.020536726450008376,0.5006038647342995,0.579127284183995,0.4693604284814115,0.5537177063642093,0.4310649023314429,0.533038899269577
0.313,0.5114688349570604,0.02024728074812496,0.4994867149758454,0.5788122243226214,0.47117202268431,0.5530088216761184,0.43252993068683054,0.5338032953966367
0.3132,0.5112703162448963,0.020256793239147048,0.5012832125603864,0.5777095148078135,0.4675015752993069,0.5541115311909263,0.43367989918084443,0.5333361644301002
0.3134,0.5107981899029602,0.019928174426146618,0.501947463768116,0.576937618147448,0.46896660365469434,0.5526465028355387,0.43366414618777566,0.5306268048241888
0.3136,0.5106686515607407,0.02001269145779549,0.5019021739130435,0.5757718966603654,0.4663831127914303,0.5555608065532451,0.4347353497164462,0.5296585697299134
0.3138,0.5097092098472253,0.01959530362371282,0.5007699275362318,0.5731568998109642,0.4645715185885318,0.5537649653434153,0.43656269691241334,0.5294292508917955
0.314,0.5089200281139029,0.01932389047378127,0.49969806763285024,0.5719596723377441,0.46121613106490233,0.5526622558286074,0.43954001260239445,0.5284440292169187
0.3142,0.5075386463179788,0.01975289058444472,0.4960899758454106,0.573755513547574,0.45557655954631376,0.5519218651543794,0.44065847511027095,0.5272294887039239
0.3144,0.5067468671269598,0.01947468863687214,0.49787137681159416,0.571124763705104,0.453780718336484,0.5508664146187776,0.44105229993698797,0.5257856293528113
0.3146,0.5076217871518953,0.01899629545432803,0.4992602657004831,0.5692659105229992,0.45411153119092623,0.553780718336484,0.4454631379962192,0.5238491591642603
0.3148,0.5077426612810299,0.018724391503004967,0.5010265700483092,0.570730938878387,0.45414303717706367,0.5519691241335853,0.44768431001890363,0.5209019874299303
0.315,0.5078024468859844,0.018244716007011785,0.49923007246376805,0.5681316950220541,0.4541272841839949,0.5519533711405167,0.4509924385633271,0.5223798199422457
0.3152,0.5072774763404512,0.017832543571918633,0.5016757246376813,0.5662570888468809,0.4534183994959042,0.5508506616257088,0.4524889729048519,0.51897401053168
0.3154,0.5076337504088618,0.017785146497709955,0.5027022946859903,0.5658317580340265,0.4494328922495274,0.5533868935097669,0.458396345305608,0.5160523186682521
0.3156,0.5075842199851504,0.01727946422158463,0.5041062801932368,0.565406427221172,0.44941713925645865,0.55119722747322,0.46203528670447386,0.5133429590623407
0.3158,0.5075049954720291,0.016944347595986457,0.5051630434782608,0.5646660365469438,0.4486609955891619,0.5500630119722747,0.4653591682419659,0.5111177170035672
0.316,0.5066564123848216,0.016851226312914205,0.5051328502415459,0.562822936357908,0.44721172022684313,0.5496376811594202,0.465705734089477,0.5094275522337354
0.3162,0.5063526879299992,0.016910085586725476,0.5033363526570047,0.5632010081915564,0.4446597353497165,0.5499842470069314,0.46970699432892254,0.5072277900458639
0.3164,0.5052668589262935,0.01641070253071165,0.5040006038647343,0.5594675488342785,0.4439823566477631,0.548156899810964,0.47120352867044735,0.5047902157295736
0.3166,0.5039805761482018,0.016062467588267324,0.5028834541062802,0.5560649023314429,0.44251732829237556,0.546313799621928,0.4722904851921865,0.5038134873449974
0.3168,0.5037561575797201,0.015595391733638964,0.5028532608695653,0.5552457466918714,0.441052299936988,0.5426591052299937,0.4781190926275992,0.5026074401223033
0.317,0.501992197297213,0.01487445750755201,0.5003321256038646,0.549653434152489,0.44138311279143033,0.5408632640201638,0.4795683679899181,0.5001528792254119
0.3172,0.5016312725978578,0.015057316218538602,0.5003321256038648,0.5492753623188407,0.43879962192816635,0.5412728418399496,0.48287649653434156,0.497231187361984
0.3174,0.5012982383046952,0.01485901776145659,0.5014190821256038,0.5485034656584752,0.43916194076874604,0.5398235664776309,0.48259294265910524,0.4962884321386105
0.3176,0.49972619340629537,0.014616616964827273,0.5020833333333334,0.5447385003150598,0.4369407687460618,0.5372558286074354,0.48298676748582225,0.4943519619500595
0.3178,0.49940997196497655,0.014576142644944126,0.5038194444444445,0.5420919974795211,0.43397920604914936,0.535790800252048,0.4859168241965973,0.4948615593680993
0.318,0.4982960342838207,0.014265485534393869,0.5073520531400966,0.5386735979836168,0.43257718966603653,0.531805293005671,0.48624763705103974,0.4931204348564634
0.3182,0.4981557048194983,0.013940335862672636,0.5102204106280193,0.5352867044738501,0.4322621298046629,0.5299779458097038,0.4917611846250788,0.48942585357567525
0.3184,0.49794121214853065,0.013991253502999948,0.5139039855072464,0.5348771266540643,0.43078134845620664,0.5259609325771897,0.49541587901701317,0.4867080006794632
0.3186,0.4981424047300556,0.013977732645074405,0.5163798309178744,0.5363106490233145,0.4300724637681158,0.520526149968494,0.4978890989287964,0.48767623577373875
0.3188,0.4981382812318169,0.014373904311751283,0.5182367149758453,0.5370510396975424,0.42785129174543163,0.5194076874606175,0.49935412728418405,0.48692882622728045
0.319,0.49729726678315606,0.014538518851748547,0.5203955314009662,0.5367202268431002,0.42569313169502204,0.5132010081915563,0.5015752993068683,0.48619840326142344
0.3192,0.4960343875673774,0.014260499901769004,0.5211201690821257,0.5329395085066162,0.4256616257088847,0.5103024574669188,0.501937618147448,0.4842449464922711
0.3194,0.4958707320116149,0.014278819256450808,0.5228864734299518,0.5324826717076244,0.4253150598613737,0.5081127914303718,0.5011972274732199,0.485230168167148
0.3196,0.4955988296144282,0.01418749679645177,0.5254528985507246,0.5295526149968494,0.425346565847511,0.5063327032136107,0.501890359168242,0.4850178359096313
0.3198,0.4948231656843278,0.013968683663999261,0.5286684782608695,0.5261499684940139,0.42644927536231886,0.5023471959672338,0.5015122873345936,0.4838117886869374
0.32,0.4951377137436434,0.013808052486334526,0.5312349033816425,0.5227788279773156,0.42752047889098926,0.5023156899810963,0.5026465028355387,0.4843298793952777
0.3202,0.49505158408382366,0.013070703956916669,0.530480072463768,0.5201638311279144,0.43153749212350345,0.5008979206049149,0.5034183994959042,0.4838117886869373
0.3204,0.49443283384812203,0.01330245577514351,0.5330615942028987,0.5180056710775047,0.43081285444234396,0.4983774417139256,0.5044896030245747,0.4818498386274843
0.3206,0.494998580478656,0.013355905357608637,0.5365791062801932,0.5176433522369249,0.4326559546313799,0.49653434152488973,0.5052299936988028,0.48134873449974525
0.3208,0.4949169030619087,0.013078875375444486,0.5372735507246377,0.5157844990548204,0.43490863264020163,0.49434467548834277,0.5063169502205419,0.48087311024290813
0.321,0.49343341982152583,0.013157185704902886,0.538737922705314,0.5134845620667927,0.4348771266540643,0.4895557655954631,0.5048046628859483,0.4791404790215729
0.3212,0.4930796486811091,0.012967315572667035,0.539824879227053,0.5138468809073725,0.4374291115311909,0.484042218021424,0.5029458097038437,0.48038899269577034
0.3214,0.4933707580012437,0.012601052296210776,0.5405948067632851,0.5127441713925645,0.44108380592312535,0.48149023314429745,0.5029458097038437,0.48136572108034653
0.3216,0.4932046127483009,0.012100448449941549,0.537469806763285,0.5116099558916194,0.44328922495274103,0.4804032766225582,0.5058286074354127,0.4806268048241889
0.3218,0.4914523583537056,0.011987769839205976,0.5342542270531401,0.5097668557025836,0.4407844990548204,0.48041902961562694,0.5043320730938878,0.47915746560217426
0.322,0.4906466990916145,0.011547739813438967,0.5317632850241546,0.5063957151858853,0.44294265910523006,0.47819785759294264,0.5068840579710144,0.47769661967046034
0.3222,0.4903157900350353,0.01157737447294639,0.5339221014492754,0.5048834278512917,0.4440296156269691,0.4763862633900441,0.5049936988027726,0.47767963308985895
0.3224,0.49079989223294285,0.011200421077939643,0.5338919082125604,0.5033868935097668,0.4473377441713926,0.4774417139256458,0.5060806553245116,0.4766604382537795
0.3226,0.4909411557146512,0.010625259098238653,0.5353562801932367,0.4988972904851921,0.4524574669187146,0.47707939508506614,0.5042533081285445,0.477603193477153
0.3228,0.4906697782945882,0.010128337553978847,0.5336201690821255,0.4966288594833018,0.45426906112161314,0.4774259609325773,0.5035286704473849,0.4785459487005266
0.323,0.49129455795322863,0.009888791245643838,0.5343297101449276,0.49470699432892246,0.4575771896660366,0.4770321361058601,0.5046156269691241,0.47950569050450137
0.3232,0.4912087784454016,0.009633576466830536,0.5325332125603863,0.4924228103339635,0.45981411468178957,0.47411783238815375,0.507151858853182,0.48121284185493457
0.3234,0.4913311516331385,0.00891312687906181,0.530042270531401,0.4898078134845621,0.46561121613106493,0.4723377441713925,0.5075141776937618,0.48267368778664854
0.3236,0.4918580561631027,0.008933704717284389,0.5296950483091788,0.48977630749842477,0.46854127284184,0.47052614996849396,0.5104284814114682,0.48218107694921014
0.3238,0.49240706523850114,0.008478389574340611,0.5275513285024156,0.49056395715185885,0.47114051669817264,0.4719911783238816,0.5115154379332073,0.481679972821471
0.324,0.4913960766658329,0.008559857472151539,0.5261322463768116,0.48903591682419656,0.47183364839319475,0.4679741650913673,0.5114996849401386,0.4819007983692883
0.3242,0.49287495207100646,0.008603424143639207,0.5283363526570048,0.48868935097668553,0.47547258979206053,0.46723377441713926,0.512177063642092,0.4853405809410566
0.3244,0.49320420697857686,0.008842247771577334,0.5301630434782609,0.4864524259609325,0.47655954631379965,0.4664618777567737,0.5125236294896031,0.4870647188720911
0.3246,0.49350209224056973,0.008753516240529042,0.5298309178743962,0.4846565847511027,0.4783868935097669,0.4668241965973535,0.5132640201638311,0.4880499405469679
0.3248,0.49450272941127543,0.008214308776888331,0.5259359903381642,0.4869092627599244,0.48415248897290486,0.4649968494013862,0.5142879647132956,0.49073382028197726
0.325,0.4953190539540801,0.008399179666955352,0.526298309178744,0.48922495274102085,0.4848928796471329,0.4642722117202268,0.5165091367359799,0.490716833701376
0.3252,0.49542086734960616,0.008047183411186884,0.5227204106280193,0.4899968494013863,0.48672022684310023,0.4646345305608065,0.5179741650913674,0.4904790215729574
0.3254,0.49573273384636307,0.0081774962717512,0.5238224637681159,0.4888783868935097,0.49106805293005673,0.4632010081915564,0.5172022684310019,0.4902242228639375
0.3256,0.4977772464677029,0.008604799539496966,0.5249547101449276,0.4884845620667927,0.49508506616257086,0.4620667926906112,0.5212192816635162,0.4948530660777986
0.3258,0.49793682191560507,0.008975814589042173,0.5239432367149759,0.4851291745431633,0.49765280403276624,0.4606017643352237,0.523708254568368,0.49658569729913377
0.326,0.4987559297049733,0.009103507733650202,0.521784420289855,0.4817422810333964,0.5020006301197227,0.4616414618777568,0.5266068052930057,0.49875997961610324
0.3262,0.49854098787390294,0.00948779853329046,0.5207125603864734,0.4776937618147448,0.504174543163201,0.46124763705103977,0.5284026465028355,0.49901477832512314
0.3264,0.4992184077920703,0.010317895396058258,0.5174818840579711,0.474354127284184,0.510333963453056,0.4594360428481412,0.5334751102709514,0.5002293188381179
0.3266,0.5010715597200092,0.010356975895630118,0.5157004830917875,0.4769218651543793,0.5165406427221173,0.45981411468178945,0.5345305608065533,0.5029216918634279
0.3268,0.5006257916857949,0.011123246504823358,0.5114130434782609,0.4747164461247637,0.5205103969754253,0.4568525519848771,0.5373660995589161,0.5028962119925259
0.327,0.5029596897377506,0.011280965787749127,0.5117300724637681,0.4792060491493384,0.5267170762444865,0.4575299306868305,0.5391776937618148,0.503397316120265
0.3272,0.5046654789276194,0.01173559053821203,0.5092089371980676,0.47955261499684954,0.5292848141146818,0.45827032136105855,0.5438878386893509,0.5077883472057075
0.3274,0.5050717281200193,0.011865489544634383,0.5052536231884057,0.47843415248897286,0.5332703213610585,0.45970384373030876,0.5435255198487712,0.510242908102599
0.3276,0.5062964765772798,0.012402885771080112,0.502475845410628,0.4766225582860743,0.5358380592312539,0.4619092627599244,0.5482356647763076,0.5126974689994904
0.3278,0.5065962617246266,0.013071613996749552,0.499969806763285,0.4758506616257089,0.5391461877756775,0.4615154379332074,0.5518588531821045,0.5112366230677765
0.328,0.5078976075608943,0.013722533413313724,0.4971014492753623,0.47402331442974166,0.5427851291745431,0.4633270321361058,0.5554977945809704,0.5146509257686428
0.3282,0.5077892837689101,0.014142700172174344,0.4971014492753623,0.47331442974165094,0.54354127284184,0.46228733459357274,0.5580655324511659,0.5124256837098693
0.3284,0.5084834901516246,0.01444285224418608,0.4960295893719807,0.47263705103969755,0.5453686200378073,0.46263390044108377,0.5591052299936987,0.51512655002548
0.3286,0.51039260492713,0.01446265123335719,0.4985356280193237,0.47449590422180227,0.5464555765595464,0.46521739130434786,0.5627284183994959,0.5149227110582639
0.3288,0.5109229958321987,0.014531489554316117,0.4985356280193236,0.47485822306238185,0.5482514177693761,0.46632010081915565,0.5634057971014493,0.514166808221505
0.329,0.5117628536624693,0.014514677686197318,0.4996074879227053,0.4767485822306238,0.5511814744801512,0.466304347826087,0.5626023944549464,0.5141328350603024
0.3292,0.511348086948054,0.015094419416900914,0.4946256038647342,0.478528670447385,0.5540957781978577,0.46263390044108377,0.5626023944549464,0.515602174282317
0.3294,0.511730745711483,0.015506790228175495,0.4928140096618357,0.4811436672967863,0.5544108380592312,0.4607908002520479,0.5658947700063012,0.5153303889926958
0.3296,0.5124435763224561,0.016033229840085428,0.4917421497584541,0.48046628859483304,0.5555450535601764,0.46044423440453686,0.5691713925645873,0.5172923390521488
0.3298,0.5120106548878354,0.01624568242009903,0.48884359903381636,0.48013547574039067,0.554773156899811,0.46116887208569624,0.5713453056080656,0.5157975199592322
0.33,0.5117036292707148,0.017050140572085003,0.4826992753623188,0.48049779458097036,0.5569785759294266,0.4589161940768746,0.5731411468178953,0.5179887888568031
0.3302,0.5117610351131697,0.017405300352469524,0.47909118357487923,0.4816320100819156,0.5591052299936988,0.45853812224322626,0.5734719596723379,0.5187277051129608
0.3304,0.5132697079456096,0.01806166419738838,0.4791213768115942,0.48128544423440456,0.5627441713925646,0.45776622558286073,0.5760239445494644,0.5226770851027689
0.3306,0.5131497282714989,0.018006812116474986,0.47696256038647344,0.4823724007561436,0.5634530560806554,0.45919974795211094,0.5756773787019533,0.5212332257516562
0.3308,0.5128316806434304,0.017956446575046383,0.47407910628019323,0.4853969754253308,0.5616099558916194,0.4588689350976686,0.576039697542533,0.5209954136232376
0.331,0.5130175995887197,0.01812930945800416,0.47335446859903374,0.48684625078764976,0.5612476370510397,0.45740390674228093,0.5767800882167612,0.5224732461355529
0.3312,0.5127646699179325,0.017992854290515028,0.4726902173913043,0.4894454946439823,0.55645872715816,0.45595463137996217,0.5778670447385003,0.5241719041956855
0.3314,0.5130905329986836,0.01833665729407672,0.4719957729468599,0.4868620037807183,0.5564429741650914,0.45663201008191556,0.5800094517958413,0.526600985221675
0.3316,0.5131387023024564,0.018496923026312624,0.4719353864734299,0.4853812224322621,0.5557025834908632,0.456316950220542,0.5806868304977945,0.5288092406998471
0.3318,0.5134549462473078,0.018456585431190223,0.47157306763285023,0.48462507876496536,0.5556868304977945,0.4573724007561436,0.5799621928166351,0.5315101070154578
0.332,0.5136643501095469,0.018629129016218802,0.47199577294685985,0.48533396345305596,0.55382797731569,0.4562224322621297,0.5821361058601134,0.5324698488194327
0.3322,0.5123018124112427,0.018535810568073293,0.47019927536231887,0.48240390674228095,0.5504568367989918,0.4568998109640832,0.581364209199748,0.532486835400034
0.3324,0.512124981511053,0.018832411215355817,0.4708937198067632,0.48010396975425335,0.5507876496534342,0.4546786389413989,0.5806395715185886,0.5356463393918804
0.3326,0.5103077047852528,0.01912170106438954,0.46983695652173907,0.4770321361058601,0.5486137366099559,0.45144927536231877,0.5802614996849401,0.5346526244267029
0.3328,0.5106196608687399,0.01954414336707352,0.4705314009661835,0.4770951480781349,0.5508349086326402,0.4485349716446125,0.5806080655324511,0.5361134703584168
0.333,0.5099621575617203,0.02018974815235546,0.4676630434782608,0.4759609325771897,0.5500787649653434,0.4463137996219282,0.5831758034026464,0.5365806013249532
0.3332,0.5096253493648336,0.020310720942181254,0.466213768115942,0.4782293635790801,0.5467548834278513,0.44450220541902963,0.5842312539382483,0.53782062170885
0.3334,0.5087741671474952,0.020654435487428745,0.4647795893719807,0.4767485822306239,0.5467391304347826,0.44232829237555144,0.5842627599243856,0.5377866485476475
0.3336,0.5090138670639931,0.020154999466503596,0.46618357487922707,0.4789855072463768,0.5441556395715186,0.4437775677378702,0.5839161940768747,0.5370647188720912
0.3338,0.5079009573538651,0.020060208514929716,0.46692330917874403,0.47597668557025835,0.5419659735349717,0.44297416509136733,0.5824669187145558,0.5370986920332937
0.334,0.5078889375500371,0.019928510846041986,0.4654891304347827,0.4759766855702584,0.5397448015122872,0.44517958412098296,0.5828764965343416,0.5380669271275693
0.3342,0.5089296125003347,0.019582988336994452,0.46690821256038645,0.47898550724637684,0.5397448015122874,0.4466131064902331,0.5825456836798992,0.5387803635128249
0.3344,0.5078793777855545,0.01992674721174201,0.46369263285024154,0.47937933207309397,0.5364524259609326,0.4451165721487083,0.5843730308758663,0.5382622728044845
0.3346,0.507238324542216,0.019682071795159187,0.46118659420289854,0.4797101449275362,0.5331758034026465,0.44771581600504096,0.5843730308758663,0.537268557839307
0.3348,0.5075772255304607,0.019165371838635367,0.4598128019323672,0.4838846880907372,0.5338846880907372,0.4491650913673597,0.5807340894770007,0.5379819942245626
0.335,0.5062328871134446,0.019623098218131182,0.45578200483091785,0.4824196597353497,0.5343100189035918,0.4469439193446755,0.5799936988027726,0.5379480210633599
0.3352,0.5058992574336746,0.019583328032675328,0.4539704106280193,0.4828449905482041,0.5339161940768745,0.4469911783238816,0.5777882797731569,0.5398844912519111
0.3354,0.5058666167937841,0.019224031186432174,0.454393115942029,0.48358538122243216,0.5321518588531821,0.44807813484562065,0.575645872715816,0.541345337183625
0.3356,0.5057236903734955,0.01898318796984757,0.4532759661835749,0.4843257718966603,0.5339792060491494,0.4488185255198488,0.5723850031505986,0.5415576694411415
0.3358,0.5058635531543204,0.01861367094933266,0.45508756038647347,0.4850661625708884,0.5332230623818525,0.4491650913673597,0.5705891619407688,0.5420502802785798
0.336,0.5049135799647058,0.017687054388083115,0.45541968599033816,0.4857908002520478,0.5292690611216131,0.4520636420919974,0.566603654694392,0.5403346356378461
0.3362,0.5036063003315755,0.01673859071536059,0.4546648550724638,0.4876969124133585,0.5263705103969754,0.453575929426591,0.5589949590422181,0.5403346356378462
0.3364,0.5020960294138407,0.01675839836657828,0.45211352657004833,0.4844045368620037,0.5234404536862003,0.4546943919344676,0.5590579710144927,0.5388652964158316
0.3366,0.5016109475968389,0.016323990121948167,0.4513435990338165,0.48664146187775675,0.5223534971644612,0.45502520478890995,0.5540012602394455,0.5403006624766434
0.3368,0.5023161326001228,0.01640076499184283,0.4510114734299517,0.4862633900441084,0.5223377441713926,0.4572148708254568,0.5551039697542534,0.5419653473755733
0.337,0.5023626681214198,0.016390537811411428,0.44744867149758455,0.4892407057340895,0.520179584120983,0.45982986767485823,0.5540170132325141,0.5434601664684899
0.3372,0.5014356553733615,0.016342160867361677,0.4453049516908213,0.48735034656584747,0.5187775677378702,0.461279143037177,0.5514650283553875,0.5444368948530661
0.3374,0.5013826671174241,0.016508178668498963,0.4438254830917874,0.483648393194707,0.5202898550724638,0.46387838689350974,0.5507561436672969,0.54589774078478
0.3376,0.5017136305838656,0.016024536470319678,0.4434782608695652,0.48692501575299313,0.518840579710145,0.46680844360428486,0.547117202268431,0.5471122812977747
0.3378,0.5017424429101696,0.015757250573012648,0.4441425120772947,0.48694076874606174,0.5192186515437933,0.4678323881537493,0.5456836798991809,0.5466366570409377
0.338,0.5012990398095377,0.015233284786491932,0.44556159420289854,0.4896030245746692,0.5140989287964713,0.46819470699432897,0.544234404536862,0.5461015797519959
0.3382,0.49959768139983457,0.014822412124076631,0.44477657004830917,0.48851606805293,0.5097195967233775,0.468935097668557,0.54174543163201,0.5438933242738238
0.3384,0.4978079377925147,0.014602368986549027,0.444399154589372,0.48588531821046,0.5035129174543163,0.4696282293635791,0.54174543163201,0.5416765755053508
0.3386,0.497013458307673,0.01449933703495534,0.44435386473429955,0.48438878386893514,0.4980466288594833,0.47184940138626336,0.5402961562696913,0.5431459147273654
0.3388,0.4973079726482752,0.014523082485536595,0.4432669082125604,0.4869722747321991,0.4969596723377441,0.47295211090107114,0.5402961562696913,0.5434007134363853
0.339,0.49705022956293926,0.014372403839203497,0.44471618357487924,0.4862003780718336,0.49295841209829866,0.47449590422180216,0.5388311279143038,0.5450993714965178
0.3392,0.4966897374665871,0.01427599199429215,0.44362922705314006,0.4872243226212981,0.4911468178954001,0.47599243856332707,0.5370037807183364,0.5451418379480211
0.3394,0.4948932189952,0.01452886709156875,0.43931159420289856,0.4871928166351607,0.48823251417769375,0.475645872715816,0.5340894770006301,0.5448870392390012
0.3396,0.4948714563324999,0.014822593224695516,0.4392663043478261,0.4860586011342155,0.4860270951480782,0.4766855702583491,0.5319470699432891,0.5492440971632411
0.3398,0.49522818937262775,0.014733811963924376,0.4396135265700483,0.49050094517958415,0.4842155009451797,0.4770478890989288,0.5290485192186515,0.5509427552233735
0.34,0.4954488208623194,0.014962920331840901,0.44029287439613524,0.49451795841209834,0.4801984877126655,0.475945179584121,0.5290800252047889,0.5526583998641074
0.3402,0.49573776921152474,0.015187495283303537,0.44067028985507245,0.497416509136736,0.4747321991178324,0.47778827977315685,0.5309231253938249,0.5528962119925259
0.3404,0.49655909901567385,0.015608093308909953,0.4395833333333333,0.5014807813484563,0.47117202268431,0.48037177063642095,0.5331285444234405,0.5536181416680821
0.3406,0.4965574778693684,0.015662647880190277,0.4395833333333334,0.5014020163831129,0.46973850031505987,0.4815374921235035,0.5334908632640202,0.5535926617971801
0.3408,0.4964796980235698,0.015271088309214956,0.4409873188405797,0.5002362948960302,0.4686988027725268,0.48478260869565215,0.5312854442344046,0.5528877187022252
0.341,0.4952790045046133,0.015621514817176326,0.44060990338164246,0.49946439823566474,0.4636420919974795,0.48405797101449277,0.5297889098928796,0.5541107525055207
0.3412,0.49553853967762196,0.015769081854484633,0.4402324879227053,0.49938563327032137,0.462224322621298,0.48660995589161943,0.530166981726528,0.5546118566332596
0.3414,0.49658543039720354,0.01644824523716585,0.43739432367149755,0.5015752993068683,0.462224322621298,0.48768115942028983,0.5352867044738501,0.5553507728894174
0.3416,0.49776790426833895,0.016731621609649694,0.4380736714975845,0.5045683679899181,0.4603969754253308,0.4898550724637681,0.5371140516698173,0.5565992865636147
0.3418,0.4983143279833156,0.017104814620315743,0.4366545893719807,0.5086641461877757,0.45713610586011333,0.49316320100819155,0.5389256458727159,0.5553422795991166
0.342,0.4978306419428074,0.017847128572095933,0.43238224637681155,0.5086956521739131,0.4560806553245117,0.4920762444864525,0.5426275992438564,0.5551214540512995
0.3422,0.49818830459624436,0.018182712555562475,0.4316727053140097,0.5109168241965973,0.455371770636421,0.49097353497164453,0.5455576559546313,0.5546373365041617
0.3424,0.4993496299039683,0.01874276471694375,0.4309631642512078,0.5131695022054189,0.45318210459987396,0.494234404536862,0.5491808443604285,0.5553677594700187
0.3426,0.5002776359664994,0.019511299074747093,0.42667572463768116,0.5157372400756144,0.454221802142407,0.4960302457466919,0.5506773787019534,0.5583234244946492
0.3428,0.500927905939465,0.020182372983451987,0.4248792270531401,0.5153276622558286,0.45354442344045365,0.49680214240705733,0.5554505356017644,0.559563444878546
0.343,0.5018612641819603,0.02091137941631465,0.4209088164251208,0.5186042848141147,0.45395400126023944,0.49903906742281035,0.55908947700063,0.5595719381688465
0.3432,0.5015099338293122,0.021446734775110932,0.4187952898550725,0.5159892879647133,0.45137051039697534,0.5016225582860743,0.5602236925015752,0.5610582639714625
0.3434,0.5015743882947451,0.021947113387727906,0.4177385265700483,0.5171235034656585,0.4488185255198487,0.501937618147448,0.5635003150598614,0.5603278410056055
0.3436,0.5015569877680742,0.022774678188320515,0.4109148550724638,0.517548834278513,0.4503308128544424,0.504521109010712,0.5656899810964082,0.5603363342959062
0.3438,0.502678657391694,0.023308663976951915,0.40878623188405794,0.5217076244486453,0.45069313169502206,0.5060333963453056,0.5689823566477632,0.5598692033293697
0.344,0.503095482816973,0.02345485705231618,0.4076539855072463,0.5239287964713295,0.4503623188405797,0.5086168872085697,0.5678954001260241,0.560115508748089
0.3442,0.5045956541456015,0.02393524488976826,0.4072916666666667,0.5272684310018904,0.44927536231884063,0.5122400756143668,0.570431632010082,0.5610667572617631
0.3444,0.50419467735805,0.02445493028929795,0.4047252415458937,0.5272054190296156,0.4482199117832388,0.5112003780718336,0.5722747321991178,0.5615423815186003
0.3446,0.5044813421468926,0.024875822918783326,0.40294384057971017,0.5301039697542533,0.4463610586011342,0.5137838689350976,0.5726370510396975,0.5610582639714626
0.3448,0.5055448670651704,0.02564361048947198,0.4004227053140097,0.5326874606175174,0.4460459987397605,0.51531190926276,0.5763074984247007,0.5624936300322745
0.345,0.5060147769299413,0.02657765445632516,0.39581823671497585,0.5334278512917454,0.4464083175803403,0.5164146187775678,0.5810333963453056,0.5629862408697128
0.3452,0.5062622648340342,0.026994052037706148,0.3954861111111111,0.5345620667926906,0.4445652173913044,0.5161310649023314,0.5843100189035917,0.5625191099031764
0.3454,0.5069900134288,0.027421913318879464,0.3922554347826087,0.5348613736609955,0.4475267800882167,0.5180056710775046,0.5872558286074354,0.5620349923560387
0.3456,0.5075336351659491,0.027663657791598493,0.3922705314009661,0.5367832388153749,0.4478575929426592,0.5161625708884687,0.5898550724637681,0.5622728044844573
0.3458,0.5079806191899707,0.027911654174631012,0.3915609903381642,0.5375708884688091,0.44818840579710145,0.5162413358538123,0.5913358538122243,0.5629862408697128
0.346,0.5086205367017652,0.028539785992320658,0.38938707729468597,0.5371928166351607,0.44891304347826083,0.5166666666666666,0.5960932577189666,0.5634703584168507
0.3462,0.5087606661057812,0.02894061148818485,0.386911231884058,0.5386420919974795,0.4489287964713295,0.5177693761814746,0.5968336483931946,0.5634788517071513
0.3464,0.509246095343133,0.028775871051170934,0.38623188405797104,0.53528670447385,0.4518746061751733,0.5225267800882167,0.5968336483931947,0.5627229488703925
0.3466,0.5098746901217117,0.028925015925151544,0.3858846618357489,0.5353182104599874,0.4526307498424701,0.5244013862633901,0.5982986767485823,0.5627144555800916
0.3468,0.5099699463669501,0.028863431576397987,0.38555253623188407,0.534940138626339,0.4537334593572779,0.5251890359168242,0.5979363579080025,0.5624681501613725
0.347,0.5105066558216811,0.0292034093882836,0.3833937198067633,0.533097038437303,0.4555608065532451,0.5281505986137367,0.5994013862633901,0.563436385255648
0.3472,0.5108083825909087,0.02933777988063201,0.38230676328502416,0.5341997479521108,0.4566320100819155,0.5285601764335224,0.5997321991178324,0.5634193986750466
0.3474,0.5090127118021329,0.02909761832669157,0.3801781400966183,0.5281821045998739,0.458097038437303,0.5282451165721488,0.5964555765595463,0.5629182945473076
0.3476,0.5097308264134989,0.029364050757164778,0.378743961352657,0.5307655954631381,0.46027095148078134,0.5272054190296156,0.5982514177693762,0.5631476133854255
0.3478,0.5101926272390386,0.030032693699208107,0.375558574879227,0.5296156269691241,0.4624606175173283,0.5269061121613107,0.6022526780088217,0.5643621538984203
0.348,0.5099514232838008,0.029978964967526178,0.37376207729468597,0.5266068052930055,0.4664776307498425,0.5273156899810963,0.6019061121613107,0.563640224222864
0.3482,0.5108613977730382,0.029795921822275105,0.3745018115942029,0.5265595463137995,0.470872715816005,0.5269848771266541,0.6033396345305607,0.5629098012570071
0.3484,0.5110567379680856,0.029809409240174375,0.3741545893719807,0.5228575929426592,0.47303087586641457,0.529521109010712,0.6040957781978575,0.562680482418889
0.3486,0.510224208020154,0.02960420919548552,0.37557367149758447,0.5209987397605544,0.47046313799621925,0.5291430371770636,0.6037177063642092,0.5614489553252929
0.3488,0.5108461983743023,0.029588070230439988,0.3755736714975845,0.5194864524259609,0.4726528040327662,0.5320415879017013,0.6041115311909262,0.5612111431968746
0.349,0.5110071063620995,0.029249602360691254,0.3774154589371981,0.5172652804032766,0.4752362948960302,0.5294738500315059,0.6037334593572778,0.5629182945473077
0.3492,0.511333146497894,0.028967852423394922,0.3770833333333333,0.5165563957151859,0.48038752362948955,0.529820415879017,0.6026937618147448,0.5614574486155937
0.3494,0.5107028360247247,0.02840590700093945,0.37851751207729467,0.5157687460617517,0.4815059861373661,0.5280245746691872,0.5994013862633901,0.5609988109393579
0.3496,0.5090405588551122,0.028289818407854522,0.3778079710144927,0.5109168241965973,0.48259294265910524,0.5251417769376181,0.5997321991178324,0.5580516392050281
0.3498,0.5091136072170598,0.02786370338828855,0.379981884057971,0.5093887838689352,0.4851134215500945,0.5236452425960932,0.5997321991178325,0.556820112111432
0.35,0.5079420679443065,0.02748831313604819,0.3803894927536232,0.5053402646502836,0.48694076874606174,0.5203528670447385,0.5960932577189666,0.5585357567521657
0.3502,0.5056312584795392,0.027267925324868207,0.37820048309178744,0.5005513547574039,0.4880119722747322,0.519234404536862,0.592438563327032,0.5553507728894174
0.3504,0.5043467057232253,0.027008492242911967,0.3796648550724638,0.49574669187145554,0.4879489603024574,0.5174543163201009,0.59354127284184,0.5517241379310345
0.3506,0.5030742051973823,0.026629683771252327,0.38112922705314006,0.491698172652804,0.48720856962822934,0.5177536231884058,0.5928638941398866,0.5477917445218278
0.3508,0.501832726320706,0.026540635210515886,0.3793327294685991,0.48720856962822934,0.49013862633900446,0.5180844360428482,0.5899180844360428,0.5463139120095125
0.351,0.501448508532614,0.026673520676972935,0.3778683574879227,0.48355387523629484,0.49303717706364203,0.5191398865784499,0.5887523629489604,0.5463393918804145
0.3512,0.500562497257951,0.026464044445783562,0.377475845410628,0.47911153119092625,0.4944706994328921,0.5234719596723376,0.5854442344045367,0.5434007134363853
0.3514,0.49889657042789975,0.025906377843751764,0.3781853864734299,0.4769061121613107,0.4923282923755513,0.5238342785129175,0.5799306868304978,0.5421946662136913
0.3516,0.4980484650436734,0.025138426251874135,0.3789251207729468,0.47613421550094526,0.4959987397605545,0.5231726528040328,0.5726212980466288,0.5414387633769322
0.3518,0.49678521694463806,0.024887182313345937,0.3792421497584541,0.47279458097038435,0.49596723377441726,0.5220699432892248,0.5696912413358539,0.5409461525394937
0.352,0.4956145787051502,0.024068714407119902,0.38315217391304346,0.47022684310018903,0.4948330182734719,0.5187775677378701,0.5667454316320102,0.5399524375743163
0.3522,0.49460951896778943,0.023740320178069596,0.3845863526570048,0.46688720856962823,0.4937145557655954,0.5198960302457467,0.5645400126023945,0.5380329539663665
0.3524,0.4938848818626907,0.023801332050871468,0.38420893719806765,0.4643194706994329,0.4943919344675488,0.5195179584120984,0.5652331442974166,0.5356378461015797
0.3526,0.4939998980677316,0.023257119253779008,0.38674516908212564,0.4650756143667296,0.4947700063011973,0.5188090737240076,0.5634373030875867,0.5351622218447428
0.3528,0.4932183058783844,0.022913613701199025,0.38564311594202894,0.46589477000630114,0.4961877756773787,0.519533711405167,0.558349086326402,0.5337013759130287
0.353,0.4910610825770035,0.023691768859695355,0.37915157004830913,0.46290170132325137,0.49510081915563964,0.5198802772526779,0.5568367989918084,0.5324953286903347
0.3532,0.49034401411045153,0.023162327854708366,0.3798762077294686,0.4640044108380592,0.4946912413358538,0.5199117832388154,0.5525204788909893,0.5310599626295227
0.3534,0.4901133742722353,0.021954204990712503,0.3849486714975845,0.46362633900441086,0.4960932577189666,0.5210144927536232,0.544880277252678,0.5301172074061491
0.3536,0.48948939446458556,0.021082010133244185,0.388149154589372,0.46403591682419665,0.4967548834278513,0.5177378701953371,0.5408632640201638,0.5293952777305929
0.3538,0.48998948991003893,0.020507955215398884,0.3906702898550724,0.4666351606805293,0.49672337744171385,0.519927536231884,0.5397448015122872,0.5262357737387464
0.354,0.48976421650464363,0.020059335760166986,0.39254227053140095,0.4666351606805293,0.4966603654694392,0.519533711405167,0.537224322621298,0.5259894683200272
0.3542,0.4890189371005759,0.019406779931129423,0.39433876811594204,0.4666666666666667,0.49740075614366736,0.5181159420289856,0.5313642091997479,0.5262272804484458
0.3544,0.4904671119082186,0.018697879201581398,0.39903381642512076,0.46923440453686205,0.49810964083175796,0.5206679269061121,0.529521109010712,0.5262357737387464
0.3546,0.4898689286190298,0.01820065175140821,0.4007850241545894,0.4692501575299307,0.4970226843100189,0.5217706364209199,0.5251260239445494,0.5252590453541702
0.3548,0.4906780209241539,0.017686299820065043,0.40401570048309177,0.47073093887838696,0.49810964083175796,0.5224795211090107,0.5215028355387524,0.5272294887039239
0.355,0.4914902362587417,0.017100444783936505,0.4068538647342995,0.4741020793950851,0.4991335853812224,0.5235664776307498,0.5185570258349086,0.5267283845761849
0.3552,0.4916674106955173,0.017246131304504263,0.40614432367149755,0.47597668557025835,0.49831442974165097,0.5278985507246376,0.5141776937618148,0.5274927807032443
0.3554,0.49296199984150374,0.017457498300696254,0.4061292270531401,0.47854442344045367,0.4994013862633901,0.5303717706364208,0.5134373030875866,0.5298878885680313
0.3556,0.4937373839547647,0.01715231305672308,0.40904287439613524,0.4793005671077505,0.5001102709514808,0.5318840579710146,0.5104914933837429,0.5315950399184645
0.3558,0.49413189425654963,0.016596970741812354,0.41375301932367153,0.4789697542533082,0.501890359168242,0.5318683049779458,0.5035129174543164,0.5347970103618143
0.356,0.4937005175751526,0.016636920021899933,0.413768115942029,0.47668557025834907,0.5022211720226842,0.5347826086956522,0.5031505986137367,0.5315950399184644
0.3562,0.49430894229445804,0.01607931673364566,0.41917270531400963,0.47671707624448645,0.5018273471959672,0.5373345935727789,0.49873976055450536,0.5320621708850009
0.3564,0.4943112187191012,0.015608908480643556,0.42205615942028984,0.47597668557025835,0.5047416509136735,0.5355072463768116,0.4957781978575929,0.5318073721759811
0.3566,0.4955196188338507,0.01505937249972333,0.428125,0.4782293635790801,0.5021424070573409,0.5380592312539383,0.49280088216761175,0.5337608289451333
0.3568,0.4961050429545943,0.014464492375145382,0.4317632850241546,0.48189981096408313,0.502488972904852,0.5369880277252678,0.4895085066162571,0.5339816544929505
0.357,0.49821040659586197,0.014349243343103594,0.43420893719806763,0.48711405166981725,0.503528670447385,0.5387838689350977,0.4894454946439824,0.5361814166808221
0.3572,0.49890570531974204,0.014504849543940298,0.43420893719806763,0.48900441083805923,0.5049779458097038,0.5409892879647132,0.4883270321361059,0.5359266179718023
0.3574,0.5003959227097085,0.014256484774614298,0.43887379227053136,0.4882167611846251,0.5046156269691242,0.5424228103339634,0.4893982356647763,0.5388483098352301
0.3576,0.5015125326249562,0.01393201175537693,0.4427536231884058,0.49039067422810334,0.5053560176433523,0.5431632010081916,0.4875866414618778,0.5398250382198064
0.3578,0.503097225660747,0.013567541362263546,0.44637681159420295,0.49672337744171385,0.5053245116572149,0.5431789540012602,0.48572778827977314,0.5412519109903176
0.358,0.5043858601787728,0.013478023043521222,0.449969806763285,0.4997637051039697,0.5027410207939509,0.54677063642092,0.4853339634530561,0.5417360285374554
0.3582,0.5056687181459245,0.013601188862825747,0.4513586956521739,0.5008664146187776,0.5045211090107121,0.5485664776307498,0.485239445494644,0.5434601664684899
0.3584,0.5061997665034954,0.013433753545123864,0.4545591787439614,0.5009294265910523,0.5040800252047888,0.5489287964713295,0.48402646502835533,0.5446747069814848
0.3586,0.5077314927462556,0.013240801583375771,0.45819746376811593,0.5039382482671708,0.505166981726528,0.5503780718336484,0.4832860743541273,0.545422116527943
0.3588,0.5102743581736832,0.013315440723523335,0.461820652173913,0.5080970384373031,0.5066162570888468,0.5543635790800254,0.48358538122243216,0.5471632410395787
0.359,0.5125537628345879,0.013052630450136339,0.4650513285024155,0.5140044108380593,0.5058758664146188,0.5565374921235036,0.4864524259609325,0.5474010531679973
0.3592,0.5137905019953196,0.01319114741107097,0.4650664251207729,0.5206521739130434,0.5047101449275362,0.5591052299936987,0.48752362948960304,0.5456854085272635
0.3594,0.515162531798848,0.013096849531915358,0.4671950483091788,0.5206206679269061,0.5046471329552615,0.5591209829867675,0.49002835538752354,0.5493630032274505
0.3596,0.5156344245202962,0.013262904592987792,0.4671950483091788,0.5191083805923126,0.5049936988027726,0.560586011342155,0.49109955891619406,0.5508238491591643
0.3598,0.5158304903288343,0.013156825889617144,0.4672101449275362,0.5173282923755514,0.5061436672967864,0.5587586641461877,0.4925015752993068,0.5530405979276372
0.36,0.5167356321519461,0.01351477463156065,0.4672252415458937,0.5188248267170763,0.5035916824196598,0.5627914303717706,0.49465973534971647,0.553320876507559
0.3602,0.5171040100547166,0.013272593459934144,0.46826690821256045,0.5181632010081916,0.5031978575929427,0.5595620667926906,0.49692816635160686,0.5565058603703075
0.3604,0.518166229396457,0.01321084079740652,0.4711503623188406,0.521518588531821,0.5025047258979207,0.5621455576559546,0.4961405166981726,0.5555376252760319
0.3606,0.5191529524341788,0.013484777623732576,0.4719051932367149,0.5255828607435411,0.5029300567107751,0.5639886578449905,0.49423440453686196,0.5562765415321895
0.3608,0.5191914047832286,0.013655886545200141,0.4697614734299516,0.5270478890989289,0.5021424070573409,0.5643824826717075,0.4960302457466918,0.5557839306947512
0.361,0.5191972225503166,0.013778844065788609,0.4694595410628019,0.5288594833018273,0.5017643352236926,0.564366729678639,0.49497479521109006,0.5557584508238491
0.3612,0.5195093424394511,0.013983730020942798,0.471225845410628,0.5307340894770006,0.49885003150598617,0.564020163831128,0.4938090737240075,0.5584168506879564
0.3614,0.5195689021171157,0.014230122825329901,0.4680102657004831,0.53265595463138,0.4985034656584751,0.563311279143037,0.49601449275362325,0.5589179548156956
0.3616,0.520724238140324,0.014129850500448035,0.4683574879227053,0.5360901071203528,0.499606175173283,0.5622085696282293,0.4981884057971014,0.5598946832002717
0.3618,0.5201818060242683,0.014391116128698662,0.46656099033816434,0.5409262759924387,0.4959987397605545,0.5603654694391934,0.4985507246376811,0.5586886359775777
0.362,0.5208057187487204,0.014503898907824424,0.4651419082125604,0.5423282923755514,0.4956679269061122,0.5585696282293636,0.5022211720226842,0.5609053847460507
0.3622,0.5214810601469689,0.014864061519577958,0.46400966183574877,0.5449275362318841,0.4953213610586011,0.5593100189035917,0.5031978575929427,0.5621199252590454
0.3624,0.5217480474270194,0.014960191510546,0.464387077294686,0.5456836798991809,0.4938563327032136,0.5597038437303088,0.5042533081285444,0.5626040428061831
0.3626,0.5215114584427105,0.015102110238965245,0.4625452898550725,0.5449117832388153,0.49316320100819155,0.5611846250787649,0.506112161310649,0.5611516901647698
0.3628,0.5211656781561683,0.015355588212724874,0.4589522946859903,0.5445967233774416,0.4935412728418399,0.5604599873976055,0.5083175803402648,0.5611262102938678
0.363,0.5197632582889916,0.01541461447379243,0.45857487922705314,0.5452898550724637,0.49029615626969125,0.5586326402016383,0.506112161310649,0.5596738576524545
0.3632,0.5193225636956932,0.015763343217981434,0.4560537439613527,0.5463925645872716,0.4903276622558287,0.5590107120352867,0.5049779458097038,0.5591727535247154
0.3634,0.5186566781480099,0.015984604730588176,0.45535929951690823,0.5456049149338373,0.48854757403906746,0.5597511027095148,0.5035129174543164,0.5591642602344148
0.3636,0.5192054079268819,0.01593971047145716,0.458197463768116,0.5463453056080656,0.48744486452425956,0.5589634530560808,0.5024417139256457,0.5618396466791236
0.3638,0.5204809561668976,0.016029569226491295,0.4589221014492753,0.547069943289225,0.48673597983616884,0.5600661625708885,0.5065532451165721,0.563538304739256
0.364,0.5193295649887807,0.01590880293000316,0.45928442028985506,0.5448015122873346,0.4838846880907372,0.5589319470699433,0.5065217391304347,0.5625530830643791
0.3642,0.5183779656727228,0.016325501634273265,0.45677838164251205,0.5444234404536863,0.4809546313799622,0.5574669187145558,0.5068683049779458,0.5637761168676745
0.3644,0.5183774390231647,0.017012755276526587,0.4557367149758454,0.5484719596723377,0.4744013862633899,0.5563957151858853,0.5105229993698803,0.5647358586716494
0.3646,0.5188628143709672,0.01712813954145079,0.45535929951690823,0.5528985507246377,0.47517328292375555,0.5537964713295527,0.510491493383743,0.5654577883472057
0.3648,0.5185423380524047,0.017018026513690453,0.45499698067632843,0.5506616257088847,0.47556710775047256,0.5548204158790171,0.5105229993698803,0.5646848989298454
0.365,0.5179971078422855,0.016851649182488868,0.4568236714975846,0.5514965343415249,0.47336168872085693,0.5551512287334593,0.5094202898550725,0.5617292339052149
0.3652,0.517719974776777,0.017481527031276967,0.45392512077294683,0.5541430371770636,0.47079395085066167,0.5544423440453686,0.510538752362949,0.5624766434516731
0.3654,0.5176414357387238,0.01745777301316942,0.45606884057971014,0.5552930056710774,0.4675173282923756,0.5511657214870824,0.5123503465658474,0.5634533718362494
0.3656,0.5165600853468044,0.017815236713091036,0.45532910628019324,0.5587114051669817,0.46532766225582856,0.5492911153119093,0.5079867674858223,0.5627144555800918
0.3658,0.5164995757264629,0.01784274730239751,0.4549214975845411,0.5594990548204158,0.4638468809073724,0.545226843100189,0.5120667926906112,0.563436385255648
0.366,0.5155300965269013,0.018270751443310553,0.45314009661835747,0.558742911153119,0.4613421550094518,0.5459357277882798,0.5098613736609956,0.5641583149312044
0.3662,0.5157514789767547,0.01817819145806391,0.4502566425120773,0.5590422180214241,0.4635633270321361,0.5437145557655955,0.5149968494013862,0.562935281127909
0.3664,0.5146856424569658,0.017820535970841375,0.44993961352656997,0.5564902331442975,0.46466603654694394,0.5433049779458097,0.512476370510397,0.5612366230677764
0.3666,0.5151121562755069,0.017955192435410293,0.4509963768115942,0.5572778827977316,0.46398865784499055,0.5450220541902961,0.5114209199747952,0.5619670460336335
0.3668,0.5151458034235185,0.018200488519556246,0.4517210144927536,0.556112161310649,0.4618147448015123,0.545730938878387,0.5110743541272842,0.5644216069305248
0.367,0.5143248969124882,0.018259759800906872,0.45140398550724636,0.5557971014492754,0.4592470069313169,0.543887838689351,0.5121770636420919,0.5634363852556479
0.3672,0.5134982666623426,0.018668974533587356,0.4496376811594203,0.5568840579710146,0.4549149338374291,0.5446124763705105,0.5146975425330813,0.560242908102599
0.3674,0.5117730457000266,0.018666095327526132,0.44888285024154595,0.5572306238185255,0.4516698172652804,0.5424228103339634,0.5143509766855703,0.5560811958552743
0.3676,0.5123317645944288,0.018349353991739273,0.4506340579710145,0.5558128544423441,0.4535601764335223,0.5430844360428482,0.5135948330182736,0.5573042296585696
0.3678,0.5124538700811835,0.01804544428668659,0.4527626811594202,0.5533081285444235,0.453528670447385,0.5442028985507246,0.5136420919974796,0.5572787497876678
0.368,0.5112098619077993,0.018007445511597584,0.4535175120772947,0.5517958412098298,0.45023629489603023,0.5426118462507876,0.5132797731568998,0.5558179038559538
0.3682,0.5108897764557132,0.018425085384496474,0.45137379227053137,0.5529458097038438,0.44806238185255187,0.5436988027725268,0.5151386263390043,0.5541192457958213
0.3684,0.5111270625292171,0.01745699454598929,0.45818236714975846,0.5492123503465658,0.44886578449905484,0.5447542533081287,0.5133270321361059,0.5524205877356888
0.3686,0.5110802268431299,0.017326898863136313,0.45931461352657,0.5480938878386893,0.44889729048519217,0.5457624448645243,0.5122558286074355,0.5521572957363683
0.3688,0.5123866456000005,0.017608876165914628,0.4582729468599034,0.5493226212980467,0.44966918714555765,0.5487397605545054,0.5158947700063012,0.5524205877356889
0.369,0.5119017287221849,0.017743822965584636,0.4575634057971015,0.5486137366099559,0.44823566477630744,0.5487397605545054,0.5163043478260869,0.5519534567691524
0.3692,0.5121050185548929,0.01764567403642445,0.45902777777777776,0.5485507246376811,0.4482199117832388,0.5520006301197227,0.5155954631379962,0.5492356038729403
0.3694,0.5126591082069267,0.0176856276475232,0.46009963768115936,0.550047258979206,0.44749527410207934,0.5512444864524261,0.5178323881537492,0.5492356038729403
0.3696,0.5134152370267236,0.017190391722465663,0.46011473429951694,0.5501260239445495,0.45225267800882163,0.5504883427851291,0.5178323881537492,0.5496772549685749
0.3698,0.5143488426036679,0.01746568625271458,0.459375,0.5508191556395714,0.4533396345305608,0.5511657214870825,0.5178008821676119,0.5535926617971803
0.37,0.5144636191302923,0.016964102229295803,0.4615187198067633,0.5508034026465028,0.4555608065532451,0.5503938248267171,0.5156427221172023,0.5528622388313232
0.3702,0.5139567945153931,0.01660001070891427,0.4607789855072463,0.5492438563327032,0.45771896660365463,0.5492596093257719,0.5148708254568368,0.5518685238661458
0.3704,0.5138556721139681,0.01687844879920179,0.45688405797101456,0.5484719596723377,0.45957781978575935,0.55,0.5148708254568368,0.5533293697978596
0.3706,0.5135910915411918,0.01737230093312842,0.4532759661835749,0.5476843100189035,0.45883742911153125,0.5525519848771265,0.516351606805293,0.5528452522507219
0.3708,0.5139090028287002,0.017181747833550143,0.454332729468599,0.546124763705104,0.4588059231253938,0.5510869565217391,0.519281663516068,0.5538219806352981
0.371,0.5143164136196282,0.017577603119693825,0.4532457729468599,0.5461090107120352,0.4576874606175173,0.5536704473850032,0.5211090107120352,0.554076779344318
0.3712,0.5157881777784509,0.017657679877191364,0.4517814009661835,0.549747952110901,0.4631379962192816,0.5566477630749842,0.5185727788279773,0.5548411754713776
0.3714,0.5142096378328233,0.017308692381657338,0.44998490338164254,0.5425645872715815,0.46315374921235036,0.5540800252047889,0.5211090107120352,0.5543655512145406
0.3716,0.5149238147348174,0.01689160718632691,0.451826690821256,0.5380277252678008,0.46641461877756774,0.5562539382482672,0.5214398235664776,0.5555800917275352
0.3718,0.5158891918432992,0.01708128300477507,0.4511171497584541,0.541650913673598,0.4682262129804663,0.5565847511027096,0.5207151858853182,0.5570409376592491
0.372,0.5158536118072302,0.017548555045420713,0.44858091787439613,0.5400441083805922,0.46855702583490866,0.5592155009451795,0.5199590422180215,0.5587650755902838
0.3722,0.5150692715296049,0.017677669161525036,0.44571256038647344,0.5362791430371769,0.46999054820415875,0.5614524259609326,0.5196597353497164,0.5573212162391711
0.3724,0.5154779411989884,0.017338513088834606,0.4457276570048309,0.5332703213610587,0.4747321991178324,0.5625078764965343,0.5192659105229994,0.5573636826906743
0.3726,0.515711679853536,0.01738808931159793,0.44390096618357494,0.5305608065532451,0.4783711405166982,0.5636578449905482,0.5196597353497164,0.5581195855274335
0.3728,0.5155482018545473,0.017316087891602275,0.44317632850241545,0.5256616257088846,0.48160050409577815,0.5640201638311279,0.5192501575299306,0.5595804314591473
0.373,0.5154632716831835,0.017643250651824607,0.43996074879227054,0.5233459357277883,0.48410522999369887,0.5644297416509136,0.5203213610586012,0.5606166128758281
0.3732,0.5159792377310013,0.01719473487921917,0.4414100241545894,0.5229206049149339,0.48820100819155643,0.5637208569628229,0.5192186515437933,0.5604042806183116
0.3734,0.5154424672324186,0.01765169121818425,0.4392663043478261,0.5213925645872717,0.4867044738500314,0.5644927536231884,0.5191713925645873,0.5616273144216068
0.3736,0.5153188499951435,0.017853850379989673,0.43748490338164253,0.522069943289225,0.4866729678638941,0.564161940768746,0.5198960302457467,0.561627314421607
0.3738,0.5152198885832303,0.017980211702088602,0.4364130434782608,0.5183049779458098,0.4885318210459987,0.5649338374291115,0.5209987397605544,0.5621369118396466
0.374,0.5156099120411355,0.017731481093455452,0.43753019323671494,0.5159735349716447,0.49294265910523,0.5656899810964082,0.51913988657845,0.5623832172583658
0.3742,0.5158379763862921,0.01809940030287001,0.43467693236714966,0.5152173913043478,0.4969911783238815,0.5650283553875235,0.5180214240705734,0.5650925768642773
0.3744,0.5164475286050485,0.018269277965192603,0.43505434782608693,0.5136578449905482,0.49697542533081285,0.5679269061121612,0.5202583490863264,0.5648122982843554
0.3746,0.5174665019736627,0.01872292063813136,0.43363526570048305,0.5146817895400126,0.4984404536862003,0.5723534971644613,0.5213768115942029,0.5643111941566162
0.3748,0.5171146021013908,0.01923319465415301,0.4315217391304348,0.5109168241965973,0.49985822306238176,0.5741965973534973,0.5202268431001891,0.5659673857652454
0.375,0.517487287674581,0.0198966680949511,0.4300875603864734,0.5052930056710776,0.5024417139256458,0.5775362318840579,0.5208884688090738,0.5686767453711568
0.3752,0.5169484315017773,0.020280563883702436,0.42833635265700487,0.5007876496534341,0.5038752362948961,0.5771739130434783,0.5209042218021425,0.5706132155597079
0.3754,0.5165185335681971,0.020503781064850315,0.42619263285024156,0.49962192816635154,0.5067422810333962,0.5782923755513548,0.5190926275992438,0.5691693562085952
0.3756,0.5179782707874722,0.020939991162603935,0.4254679951690822,0.49776307498424704,0.5132955261499685,0.5819785759294267,0.5194391934467549,0.5699252590453542
0.3758,0.5183917181370584,0.02111699185560793,0.42586050724637675,0.49658160050409583,0.5122085696282294,0.5838689350976686,0.5216761184625078,0.570154577883472
0.376,0.5194715639141769,0.021340882381218618,0.42694746376811593,0.49760554505356025,0.5114996849401386,0.586877756773787,0.5220541902961562,0.5718447426533039
0.3762,0.5195301324329505,0.021530271466007153,0.4280495169082125,0.49420289855072463,0.5122400756143667,0.5890359168241965,0.5212980466288595,0.5723543400713436
0.3764,0.5187711246661836,0.02156101139228159,0.4294987922705314,0.48752362948960304,0.5126496534341525,0.5872243226212981,0.5216603654694392,0.5740699847120775
0.3766,0.5185429261360491,0.021863850991413147,0.4294987922705314,0.48267170762444866,0.5126496534341525,0.5865469439193446,0.5238500315059861,0.5760404280618311
0.3768,0.5183570632544737,0.022206108714593248,0.4298762077294686,0.47859168241965977,0.51411468178954,0.5894770006301198,0.5227473219911782,0.5753354849668761
0.377,0.5181478308910797,0.022805590123462956,0.4280797101449275,0.4764177693761815,0.5119250157529931,0.5920447385003151,0.5245746691871455,0.5758450823849159
0.3772,0.5177165657796324,0.02290746082673059,0.43201992753623186,0.4698015122873347,0.5097038437303087,0.5942344045368619,0.525645872715816,0.5748938338712417
0.3774,0.5186427929481393,0.02297400174509571,0.4356884057971014,0.46581600504095777,0.5097195967233775,0.595321361058601,0.5296786389413989,0.5756327501273993
0.3776,0.5187551495738412,0.023085607000479954,0.4371074879227053,0.46290170132325137,0.5104284814114681,0.596424070573409,0.5307498424700693,0.5749193137421438
0.3778,0.5194035373149257,0.022834839714516268,0.44252717391304347,0.45992438563327037,0.5119407687460618,0.5986452425960932,0.5304347826086957,0.5729488703923901
0.378,0.5196165721249225,0.022898525486049193,0.4454106280193237,0.45597038437303095,0.5134373030875865,0.5982829237555135,0.5304347826086957,0.5741634109053846
0.3782,0.5191376582455839,0.023160928458569947,0.4442783816425121,0.4534183994959042,0.513768115942029,0.5964555765595463,0.5307971014492754,0.5761083743842365
0.3784,0.5187178032613354,0.02286800623470657,0.44504830917874394,0.4535129174543163,0.5126811594202899,0.5934940138626339,0.530765595463138,0.5768048241888908
0.3786,0.5174426255026803,0.023471046225629285,0.4418025362318841,0.45130749842470064,0.5100819155639572,0.5938563327032136,0.5293163201008192,0.5782911499915067
0.3788,0.5173945117051431,0.023364699365994817,0.4421497584541063,0.4517485822306238,0.5105072463768117,0.5941871455576558,0.5282136105860114,0.5775607270256498
0.379,0.5169253940167479,0.022614670283948753,0.446844806763285,0.4529458097038438,0.5068840579710145,0.5931001890359168,0.5264335223692502,0.5753439782571769
0.3792,0.5177121827939223,0.022808785830042904,0.4479468599033817,0.45259924385633277,0.507309388783869,0.5956364209199748,0.5271739130434783,0.5756072702564974
0.3794,0.5162605947523013,0.022520703403094443,0.448701690821256,0.45300882167611844,0.5029300567107751,0.5948960302457467,0.524653434152489,0.573373534907423
0.3796,0.5159476947840661,0.022655893807750887,0.4490640096618357,0.45160680529300573,0.5014650283553875,0.5959987397605545,0.5254095778197858,0.5721420078138271
0.3798,0.517407643083131,0.02259922729161344,0.45375905797101446,0.453875236294896,0.49853497164461247,0.5989287964713296,0.5250315059861373,0.5743162901307967
0.38,0.5179252082940348,0.021790922056313833,0.4573973429951691,0.4565374921235034,0.49889729048519216,0.5963768115942029,0.5247479521109011,0.5735943604552404
0.3802,0.518259576260631,0.021370278254456643,0.4585144927536232,0.45990863264020165,0.49853497164461247,0.597117202268431,0.5240705734089477,0.57141158484797
0.3804,0.5180908670730078,0.02151832228688498,0.4578200483091788,0.4605702583490864,0.49669187145557653,0.5982041587901701,0.524102079395085,0.5711567861389503
0.3806,0.5178638983023898,0.021212593145479748,0.4582125603864734,0.462476370510397,0.49525834908632643,0.596376811594203,0.523456206679269,0.5714030915576694
0.3808,0.5180888776009237,0.02076014233463771,0.4582276570048309,0.4651543793320731,0.49528985507246387,0.5934152488972906,0.5245589161940768,0.5718872091048072
0.381,0.5187271607727644,0.019855967639707747,0.4640549516908212,0.4674228103339634,0.4938720856962823,0.5897132955261499,0.5249369880277254,0.5723628333616443
0.3812,0.5174615801853719,0.019923116183860067,0.4654589371980677,0.46411468178954,0.4921077504725898,0.5893509766855702,0.5223850031505985,0.5713521318158655
0.3814,0.5169617030111762,0.019930585537905887,0.46622886473429953,0.4635003150598613,0.49029615626969125,0.588563327032136,0.5213453056080655,0.5718362493630033
0.3816,0.5163731542071175,0.02000723466318398,0.4665911835748792,0.4613421550094518,0.48886263390044105,0.5852079395085067,0.5217233774417139,0.5745116358077118
0.3818,0.5154460183121475,0.020179356119370318,0.46766304347826093,0.46028670447385006,0.48668872085696274,0.5848141146817896,0.5170132325141777,0.5762102938678444
0.382,0.5147958588127582,0.020336147643066765,0.4683876811594203,0.45967233774417143,0.4834120982986768,0.5844202898550724,0.5159420289855072,0.5769407168337013
0.3822,0.5139502486447455,0.02037306509819429,0.46944444444444444,0.45749842470069313,0.47982041587901697,0.5828764965343415,0.5181316950220541,0.5759300152879225
0.3824,0.5136602612864458,0.019977214780513945,0.47195048309178744,0.4571518588531821,0.4787334593572779,0.5774102079395085,0.518840579710145,0.5778749787667742
0.3826,0.5131367875881853,0.02012533309967337,0.47583031400966186,0.4553087586641462,0.47440138626339,0.5751732829237556,0.5181001890359169,0.5800067946322406
0.3828,0.5104935397185928,0.02024528309039383,0.47477355072463767,0.4526780088216761,0.46928166351606804,0.5732671707624448,0.5155954631379962,0.5773653813487345
0.383,0.5099970878942326,0.02003417469784036,0.4772795893719807,0.4512287334593573,0.46783238815374917,0.5688720856962822,0.5166824196597355,0.5780873110242909
0.3832,0.5106902531122709,0.02005962765612719,0.48084239130434786,0.4494328922495274,0.46929741650913676,0.569234404536862,0.516304347826087,0.5790300662476644
0.3834,0.5109572134475467,0.020067332409170413,0.48517512077294683,0.4483774417139257,0.4686042848141147,0.5684467548834279,0.5148865784499055,0.5802531000509596
0.3836,0.5092199468144191,0.02039775645658744,0.4876962560386474,0.44426591052299946,0.4639256458727158,0.5662255828607435,0.5134373030875866,0.579768982503822
0.3838,0.5086894316846479,0.020324092389727436,0.4912439613526569,0.4420289855072463,0.462822936357908,0.5636105860113422,0.5131537492123502,0.5792763716663836
0.384,0.5072070495192541,0.020309914349963844,0.49302536231884064,0.44210775047258977,0.4588531821045999,0.5595305608065532,0.5095148078134846,0.5802106335994563
0.3842,0.50673889108342,0.01983850708329747,0.49695048309178746,0.44215500945179587,0.4585223692501576,0.5536862003780718,0.5091209829867676,0.5799983013419399
0.3844,0.5062133058997024,0.020314887027432452,0.5005434782608695,0.4377441713925646,0.4560333963453056,0.5518588531821046,0.5106175173282923,0.5804824188890776
0.3846,0.507515445027302,0.02021610553050392,0.5041062801932367,0.43659420289855067,0.4586168872085696,0.5507561436672967,0.5142564587271582,0.5807626974689994
0.3848,0.506614466840852,0.02025639835192058,0.5058574879227052,0.43588531821045995,0.4553560176433522,0.5467233774417138,0.5153906742281034,0.580473925598777
0.385,0.5058127040161708,0.020326447450923022,0.5065368357487923,0.43588531821045995,0.45466288594833015,0.545274102079395,0.5106332703213611,0.581883811788687
0.3852,0.50495107588575,0.020776020047993237,0.5111714975845411,0.43180529300567105,0.4528355387523629,0.5456364209199748,0.5073251417769377,0.5809325632750127
0.3854,0.5036500301956897,0.02114075007869404,0.5151268115942029,0.4292218021424071,0.4470226843100189,0.5444864524259609,0.5080655324511657,0.5779768982503822
0.3856,0.5035453037912817,0.021427894322959815,0.5196708937198068,0.42660680529300576,0.4459514807813484,0.5407372400756144,0.5098613736609956,0.5784440292169186
0.3858,0.5035544254151452,0.0217223859439412,0.5210748792270532,0.42476370510396977,0.44632955261499685,0.5421865154379333,0.5080182734719596,0.5789536266349583
0.386,0.5030537203859756,0.02156186327585248,0.5224788647342995,0.423755513547574,0.44637681159420295,0.5414303717706365,0.5080025204788909,0.5762782401902496
0.3862,0.5027512872548341,0.021543895985976613,0.5249547101449276,0.42184940138626337,0.44637681159420295,0.5421077504725899,0.5083805923125394,0.5728384576184814
0.3864,0.5021604609483412,0.021944140503026385,0.5253019323671497,0.41887208569628226,0.44569943289224956,0.540957781978576,0.5083333333333333,0.5737981994224561
0.3866,0.5018048279054114,0.02213568078919429,0.5277777777777777,0.41846250787649647,0.44355702583490864,0.5413043478260869,0.5069313169502205,0.572795991166978
0.3868,0.5022433945304839,0.022145327955878567,0.5299064009661836,0.41732829237555136,0.4454001260239446,0.5438248267170762,0.5061751732829238,0.5708255478172244
0.387,0.5020946640942338,0.02256757964301929,0.5291515700483091,0.415012602394455,0.4428638941398866,0.5442186515437932,0.510979836168872,0.5703414302700867
0.3872,0.5020760129212006,0.02299712320992147,0.5305706521739131,0.41205103969754253,0.4436042848141146,0.544187145557656,0.5102236925015753,0.5718192627824019
0.3874,0.5017277231655882,0.02277382249936686,0.5316274154589372,0.40866414618777575,0.44803087586641455,0.5430686830497795,0.5105702583490863,0.5684049600815356
0.3876,0.5022663594690303,0.022929927619750677,0.5341032608695652,0.4078607435412729,0.44664461247637044,0.5455734089477,0.5149180844360428,0.5644980465432308
0.3878,0.502169966414457,0.022796701108677667,0.532986111111111,0.4055608065532451,0.4503150598613736,0.5462665406427221,0.5156269691241336,0.5622643111941567
0.388,0.5025254411521899,0.022488442928020748,0.5318538647342995,0.40592312539382486,0.4532608695652174,0.545919974795211,0.5164146187775677,0.5617801936470188
0.3882,0.5031913866473512,0.021863877086670303,0.5325785024154589,0.4089319470699433,0.455166981726528,0.5455891619407687,0.5175645872715815,0.5593171394598266
0.3884,0.5039952406281213,0.02179992541177434,0.5322161835748792,0.4092312539382482,0.4577819785759294,0.5492596093257719,0.5168872085696282,0.5585952097842704
0.3886,0.5055596960011285,0.021793480472779153,0.5322010869565217,0.40921550094517956,0.462177063642092,0.5521739130434782,0.5182734719596723,0.5593171394598266
0.3888,0.5060343841407454,0.021437935920303505,0.531838768115942,0.4095935727788279,0.46657214870825464,0.5551197227473221,0.5171707624448645,0.5559113300492611
0.389,0.5071772897403419,0.020756892689694304,0.532548309178744,0.41219281663516066,0.4709672337744172,0.5525204788909892,0.5194076874606175,0.5554272125021233
0.3892,0.508905901451686,0.020823634150004846,0.5318085748792271,0.41331127914303717,0.4739130434782609,0.5566005040957782,0.5208884688090737,0.5569135383047392
0.3894,0.5100094317043306,0.020122488036212815,0.5314311594202898,0.4183994959042218,0.4760712035286704,0.5573251417769377,0.5194234404536863,0.5574061491421777
0.3896,0.5103437798618717,0.02026749069928987,0.5303442028985507,0.4157372400756144,0.48303402646502835,0.5602551984877127,0.515752993068683,0.5569390181756412
0.3898,0.5112584985268782,0.019954989012664546,0.5288798309178744,0.4160680529300567,0.4873818525519848,0.5613421550094518,0.5201165721487082,0.5537625276031936
0.39,0.5110854140653251,0.019841403092580347,0.5274305555555554,0.4164303717706364,0.488468809073724,0.5623818525519849,0.5189981096408317,0.5528027857992186
0.3902,0.5116433661114399,0.019709781041609382,0.5252717391304348,0.4171077504725898,0.48961877756773786,0.5627756773787019,0.5230308758664146,0.5520553762527604
0.3904,0.5136207290094096,0.01956469112872352,0.5227204106280194,0.41816320100819154,0.49684940138626343,0.5649653434152488,0.5267328292375553,0.5522931883811789
0.3906,0.5137933264580972,0.019416542310248665,0.5209088164251209,0.4182104599873976,0.5005513547574039,0.5664776307498424,0.5275204788909894,0.5490912179378291
0.3908,0.5152222750912151,0.019258160139779774,0.5208786231884057,0.41965973534971646,0.5052457466918715,0.5676118462507876,0.5285916824196597,0.549346016646849
0.391,0.5157490641860479,0.019274066976323646,0.5193840579710145,0.41962822936357913,0.5077662255828608,0.5683679899180845,0.5311909262759924,0.5481569560047562
0.3912,0.5183836225330495,0.018503192372709663,0.5168176328502415,0.42621298046628864,0.5136263390044109,0.5691556395715185,0.5356017643352237,0.5488873789706132
0.3914,0.5185483176182191,0.019024300320209665,0.5131944444444445,0.42438563327032136,0.5168872085696282,0.5728733459357277,0.5355545053560177,0.5483947681331748
0.3916,0.5184368367162769,0.019041175675606616,0.5113828502415458,0.423660995589162,0.5205419029615627,0.5718178954001261,0.5348141146817895,0.5484032614234754
0.3918,0.518708268546202,0.019302348077495035,0.5065972222222223,0.4232829237555135,0.5252835538752363,0.5729048519218651,0.5355229993698802,0.5486580601324953
0.392,0.5186870655915111,0.01944603484757811,0.5040157004830917,0.4228890989287965,0.52822936357908,0.5740233144297416,0.5377126654064271,0.5452522507219296
0.3922,0.5195682964543287,0.019340639285919645,0.49855072463768113,0.4262287334593573,0.5325771896660366,0.5747952110901071,0.5387996219281663,0.5464582979446237
0.3924,0.5213383279520493,0.019102867421322705,0.49532004830917875,0.43144297416509136,0.5376811594202898,0.5773471959672338,0.539508506616257,0.546730083234245
0.3926,0.5216188539221679,0.019945454701168906,0.4902626811594203,0.43032451165721497,0.5427693761814745,0.582151858853182,0.5369565217391304,0.5472481739425854
0.3928,0.523263005490514,0.020303176166627638,0.4897795893719807,0.4310333963453056,0.5464398235664777,0.5847826086956521,0.5387996219281663,0.5487429930355019
0.393,0.5239224432836947,0.020242450997351596,0.48863224637681163,0.43212035286704464,0.5500787649653434,0.5829710144927536,0.5409892879647134,0.5487429930355019
0.3932,0.5240331727051625,0.020105276533555445,0.48826992753623194,0.43323881537492126,0.5519061121613107,0.5822463768115942,0.5395400126023945,0.5489977917445218
0.3934,0.5252901638187,0.020456132001909627,0.48964371980676324,0.43248267170762444,0.5559073724007562,0.5840894770006301,0.5413673597983617,0.5482503821980635
0.3936,0.5255067460476528,0.02062329080931091,0.48739432367149754,0.43360113421550095,0.5570258349086326,0.5862791430371771,0.5417296786389414,0.5470103618141668
0.3938,0.5260577797720033,0.020534819209108955,0.48407306763285024,0.43697227473219924,0.5595620667926906,0.5866257088846881,0.5428166351606806,0.5462969254289112
0.394,0.5276571862900384,0.02028141574893627,0.4850996376811594,0.44037492123503463,0.5617674858223063,0.5873818525519849,0.5457781978575929,0.5455410225921522
0.3942,0.5279233050006314,0.020702757437559664,0.4835899758454105,0.4393037177063642,0.5643194706994329,0.5881379962192816,0.5461720226843101,0.5460166468489892
0.3944,0.5289846404051015,0.020565334764276896,0.48466183574879224,0.4415563957151859,0.5708884688090737,0.5867517328292375,0.5472432262129805,0.5428061831153389
0.3946,0.5300532810583001,0.020280350148169368,0.48360507246376816,0.4452425960932578,0.5727473219911784,0.5856332703213611,0.5461405166981728,0.5469509087820622
0.3948,0.5321770012082617,0.020195628647481055,0.48208031400966184,0.45086641461877763,0.5760239445494644,0.5882325141776937,0.5472432262129805,0.548615593680992
0.395,0.5343859747739704,0.0198846599116491,0.4806763285024155,0.458002520478891,0.5814587271581602,0.5879017013232514,0.5494486452425961,0.5488279259385086
0.3952,0.53448251520717,0.02001336499903482,0.47918176328502415,0.4595620667926906,0.5814902331442975,0.5908002520478891,0.5494959042218022,0.5463648717513164
0.3954,0.5362212386234776,0.020571491355579886,0.48165760869565216,0.45801827347195967,0.584388783868935,0.5952110901071203,0.5516698172652803,0.5463818583319178
0.3956,0.5376743219700151,0.020604006096238102,0.48132548309178746,0.4617517328292376,0.5869250157529932,0.597763074984247,0.5538437303087587,0.5444368948530662
0.3958,0.5391862745018462,0.020460312000434532,0.48131038647343,0.4655166981726529,0.5908947700063012,0.5970226843100189,0.5542375551354757,0.5461355529131986
0.396,0.5389857503923069,0.020501347395624772,0.48096316425120766,0.46625708884688094,0.591650913673598,0.598109640831758,0.5520636420919974,0.5448700526583999
0.3962,0.5398531001248442,0.019938020237140766,0.48051026570048305,0.47255828607435413,0.5891146817895401,0.5999369880277252,0.5545998739760554,0.542398505180907
0.3964,0.5415728150618236,0.019776452808686257,0.4822916666666666,0.47707939508506614,0.5931316950220542,0.6017485822306239,0.5528040327662256,0.5423815186003058
0.3966,0.5422262080642527,0.020293432264593195,0.48263888888888884,0.4760239445494644,0.5975267800882167,0.60322936357908,0.5527882797731569,0.5411499915067097
0.3968,0.5425506545188293,0.019956347742268274,0.4869867149758454,0.47493698802772527,0.5964398235664776,0.6032293635790801,0.5521109010712035,0.5416001358926448
0.397,0.543625125631034,0.01941918635800114,0.4884510869565218,0.47895400126023946,0.5957309388783869,0.6028985507246377,0.5543793320730939,0.5413368438933243
0.3972,0.5443967204913404,0.01936830913931261,0.488798309178744,0.48117517328292375,0.5960775047258979,0.6047101449275363,0.5543163201008191,0.5413028707321217
0.3974,0.5438356162968229,0.019382551809358665,0.4870169082125604,0.48076559546313796,0.5920762444864525,0.6061909262759925,0.5539540012602394,0.5430100220825548
0.3976,0.5448478499782379,0.019373791293471634,0.48632246376811594,0.4829710144927537,0.5928008821676118,0.6069313169502205,0.5550724637681159,0.5449889587226091
0.3978,0.5449068412326522,0.01950157586486949,0.4852053140096618,0.4837429111531192,0.5920762444864524,0.6088059231253938,0.5536704473850032,0.5459402072362833
0.398,0.54514567256111,0.018820107645543014,0.4848278985507246,0.48894139886578447,0.5906269691241336,0.6070100819155639,0.5525677378701953,0.5468999490402581
0.3982,0.5461161231105075,0.018790248225197544,0.48552234299516916,0.49081600504095774,0.5928323881537493,0.6074196597353497,0.5522211720226843,0.547885170715135
0.3984,0.5459073893555233,0.018714684936098194,0.48300120772946864,0.49272211720226833,0.5917454316320101,0.6063799621928165,0.5537019533711405,0.5478936640054357
0.3986,0.5460984218801513,0.018688041519917816,0.4815066425120772,0.49617202268431004,0.5924543163201007,0.6071676118462508,0.5511499684940138,0.5481399694241549
0.3988,0.5452453876276624,0.01860885040553975,0.47679649758454107,0.49985822306238187,0.5902488972904851,0.6057340894770006,0.5504568367989918,0.5483777815525734
0.399,0.5454907222168585,0.018791679601012055,0.47202596618357484,0.5036231884057971,0.592091997479521,0.6031978575929428,0.5511814744801511,0.5508238491591643
0.3992,0.5453619496079701,0.019129103127540282,0.46955012077294694,0.5029300567107751,0.5891934467548834,0.6053560176433522,0.5519061121613106,0.5532359436045524
0.3994,0.5455590747549705,0.019421541263089093,0.46556461352656997,0.5037492123503465,0.5885003150598613,0.6035601764335222,0.557750472589792,0.5542296585697299
0.3996,0.5452844836595053,0.019828989365629417,0.46376811594202894,0.5037649653434152,0.5910207939508506,0.6046628859483302,0.5562224322621299,0.552267708510277
0.3998,0.5448625309037611,0.02044341406412734,0.45727657004830924,0.5045368620037808,0.5902804032766225,0.6028827977315689,0.5602236925015752,0.5539748598607102
0.4,0.5441175582613075,0.020333580138666117,0.4551479468599034,0.5048834278512917,0.5855545053560177,0.6003780718336483,0.5657687460617516,0.5529726516052319
0.4002,0.5446548015013161,0.01985167243504099,0.4583786231884058,0.5052457466918714,0.5844675488342784,0.6000787649653434,0.5658002520478891,0.5539578732801087
0.4004,0.5449443869736558,0.020434713293517166,0.45437801932367156,0.5063799621928167,0.5837429111531192,0.6012129804662887,0.5687460617517328,0.5552063869543061
0.4006,0.5441370466177813,0.0203466469770183,0.4540307971014492,0.5052772526780089,0.5804662885948331,0.6011972274732198,0.5676591052299937,0.5561916086291829
0.4008,0.5444474986439456,0.019768514618799856,0.45733695652173906,0.5057183364839319,0.5786389413988657,0.6004725897920605,0.5666194076874607,0.5578987599796161
0.401,0.5458319440793334,0.020024238009244286,0.45626509661835746,0.510538752362949,0.5796943919344676,0.6048834278512917,0.5652016383112791,0.5584083573976559
0.4012,0.5468848785118757,0.019957586014269158,0.4569746376811595,0.5132010081915563,0.5789697542533081,0.606364209199748,0.5673913043478261,0.5584083573976559
0.4014,0.5468335383470184,0.01930348216410762,0.45914855072463767,0.5150756143667297,0.576039697542533,0.6041902961562696,0.5673913043478261,0.5591557669441142
0.4016,0.5486400382221551,0.018650429606368233,0.46420591787439613,0.5191556395715186,0.5738342785129175,0.6067737870195338,0.568494013862634,0.5593765924919314
0.4018,0.5490456299806357,0.01804841471826046,0.4685386473429952,0.5199432892249527,0.5727000630119723,0.6075141776937618,0.5674070573408947,0.5581705452692373
0.402,0.5511690164613737,0.017721691525635304,0.47214673913043476,0.523708254568368,0.570872715816005,0.6097038437303087,0.5721487082545683,0.5584338372685578
0.4022,0.5508332456197297,0.017680053542800136,0.470697463768116,0.5262759924385634,0.5675330812854442,0.6089792060491493,0.5735979836168872,0.5579157465602174
0.4024,0.5519072604361118,0.017456347185091318,0.47465277777777776,0.5277725267800882,0.5602079395085067,0.6125866414618777,0.5765752993068682,0.5596483777815526
0.4026,0.5523030412118969,0.017341112391591983,0.4757548309178744,0.5300409577819785,0.5572306238185256,0.6125866414618777,0.5802299936988028,0.557975199592322
0.4028,0.552136225851699,0.017244127407948985,0.47690217391304357,0.5304347826086956,0.5549621928166352,0.6129489603024575,0.5813011972274732,0.5562680482418889
0.403,0.552082867114401,0.017103511519829587,0.479393115942029,0.5307655954631381,0.550945179584121,0.6140831758034027,0.5827662255828608,0.5545439103108545
0.4032,0.5533503068912464,0.016755989858915726,0.48514492753623184,0.5303875236294896,0.5494959042218022,0.6162570888468808,0.584247006931317,0.5545693901817564
0.4034,0.5533295909494207,0.01582868683393943,0.4923460144927536,0.5303717706364208,0.5447069943289226,0.6158475110270951,0.5813799621928166,0.5553252930185153
0.4036,0.553388713062527,0.015593697545482565,0.49451992753623186,0.5319155639571518,0.5425173282923754,0.6161783238815375,0.581064902331443,0.5541362323764226
0.4038,0.5534579138593111,0.015135073868435876,0.4967542270531401,0.5337901701323251,0.5402961562696913,0.6146660365469441,0.5803402646502835,0.5549006285034823
0.404,0.5539557740963351,0.014841085958186074,0.5011322463768115,0.5367044738500315,0.536625708884688,0.6161310649023315,0.5799306868304978,0.5532104637336503
0.4042,0.5529573248227507,0.015125604913273064,0.49975845410628017,0.5371298046628858,0.5326086956521738,0.6164618777567739,0.5795683679899181,0.5522167487684728
0.4044,0.5535462771108733,0.01507449008860072,0.5026721014492754,0.5371455576559546,0.5322148708254568,0.6179269061121613,0.5803245116572148,0.5509937149651775
0.4046,0.5526602114077656,0.015164653726712574,0.5034722222222222,0.5367202268431002,0.5289382482671707,0.6179111531190926,0.5803717706364209,0.5485476473585866
0.4048,0.5528523032522732,0.014941512811193625,0.5067783816425122,0.5349243856332703,0.5274417139256459,0.6168084436042849,0.5818998109640832,0.5492610837438423
0.405,0.5538715437643913,0.01450382075768319,0.5115187198067632,0.5338059231253938,0.528575929426591,0.6168084436042849,0.5815689981096408,0.5509512485136743
0.4052,0.5545312080423401,0.014442839521344831,0.51550422705314,0.5349086326402016,0.5249054820415878,0.6164303717706364,0.5842155009451796,0.5512230338032954
0.4054,0.5538437776014838,0.014282620170458265,0.5187349033816424,0.5356490233144298,0.5216446124763705,0.6164461247637052,0.58205734089477,0.5485306607779854
0.4056,0.5548257554042283,0.013666431903819333,0.5266304347826087,0.5352709514807813,0.5212507876496535,0.6145715185885318,0.5831758034026466,0.5480550365211483
0.4058,0.5543765691744809,0.01354340435858554,0.5266606280193237,0.5363736609955891,0.5205261499684939,0.6142249527410207,0.5813957151858855,0.5470783081365721
0.406,0.5546307225468557,0.013461412043506902,0.529921497584541,0.5367517328292375,0.5194391934467548,0.6127284183994959,0.584294265910523,0.5446492271105827
0.4062,0.5535249356972057,0.01366732478487989,0.5316878019323672,0.5345463137996219,0.5169029615626968,0.6116099558916195,0.5853969754253308,0.5410056055715984
0.4064,0.5544647136716381,0.013796017793589872,0.5363828502415459,0.5338216761184624,0.5172337744171392,0.6137523629489603,0.5858065532451165,0.5397910650586037
0.4066,0.5554359987099987,0.013391898282465195,0.5447312801932367,0.5330812854442344,0.5168557025834909,0.6126339004410838,0.5847668557025836,0.5405469678953627
0.4068,0.5557440237181033,0.012942714850520391,0.5501056763285023,0.5323251417769377,0.5183364839319471,0.6108065532451166,0.5832860743541273,0.5396042126719891
0.407,0.5559085000117026,0.012963311009569477,0.5515851449275362,0.5323408947700062,0.5183364839319471,0.6111531190926276,0.5829237555135476,0.5391116018345506
0.4072,0.5557083739043592,0.012766705987357099,0.5527173913043478,0.5319628229363579,0.5190611216131065,0.6093100189035916,0.5833018273471959,0.537897061321556
0.4074,0.5565579828070129,0.01280772413574707,0.5538798309178745,0.5361058601134215,0.5175645872715816,0.6092627599243856,0.5851134215500945,0.537421437064719
0.4076,0.5560183746520044,0.013110689944431965,0.5586050724637681,0.5335853812224323,0.5156899810964084,0.6096250787649654,0.5833490863264019,0.5352556480380499
0.4078,0.5556677606215453,0.01285964101830402,0.5596920289855072,0.5343572778827977,0.5156427221172022,0.6077819785759294,0.5822621298046629,0.5342704263631731
0.408,0.5552060559795601,0.012530061746863512,0.5600996376811593,0.5325141776937619,0.5163673597983618,0.6041430371770635,0.5833490863264019,0.5347630372006116
0.4082,0.554198197572075,0.012355975977834121,0.560461956521739,0.5303402646502835,0.5160207939508507,0.5986294896030245,0.5862476370510397,0.5334890436555122
0.4084,0.5545956593858957,0.01220885853042741,0.5615489130434783,0.5292848141146818,0.5174700693131695,0.5964083175803403,0.588421550094518,0.5344402921691863
0.4086,0.5535672571114909,0.011598974822376425,0.5604770531400967,0.5292848141146818,0.5193131695022054,0.5909262759924385,0.5884057971014494,0.5329964328180739
0.4088,0.5532089243322166,0.01182170445641435,0.56556461352657,0.526339004410838,0.5167611846250788,0.5912728418399495,0.5851134215500945,0.5342024800407679
0.409,0.5530867149501271,0.011458758813053088,0.5716636473429952,0.5264177693761815,0.5170919974795212,0.586830497794581,0.5825771896660366,0.5339391880414472
0.4092,0.5520738132984565,0.011496023086184168,0.5717240338164252,0.5245431632010081,0.5137996219281662,0.5853654694391934,0.5803875236294896,0.5366230677764566
0.4094,0.5515034231169499,0.011469340281433245,0.5717240338164251,0.5211562696912413,0.5149023314429741,0.5842627599243857,0.5796471329552615,0.5373280108714116
0.4096,0.5497158745610536,0.01144516912113404,0.5706823671497585,0.5167296786389414,0.5152331442974165,0.5814272211720226,0.5781348456206679,0.5360879904875149
0.4098,0.5490860489265851,0.011799537060158087,0.572524154589372,0.5122715816005041,0.5144612476370509,0.5777410207939508,0.5799779458097039,0.5375403431289282
0.41,0.5471249173007259,0.011491919017972498,0.5714824879227052,0.5126811594202898,0.5119250157529931,0.5733774417139257,0.5774417139256458,0.5358416850687957
0.4102,0.5456155902677394,0.01202295189526868,0.5693236714975846,0.5082860743541273,0.5100346565847511,0.5737240075614366,0.578182104599874,0.5341430270086632
0.4104,0.5434845328883892,0.012067409306971526,0.5678894927536232,0.5037649653434153,0.5089634530560807,0.5700378071833649,0.5763547574039067,0.533896721589944
0.4106,0.5420967044157533,0.01232408651002993,0.5697161835748792,0.5019061121613106,0.5053245116572148,0.5646187775677378,0.5763705103969754,0.5346441311364022
0.4108,0.541469094738137,0.01166816470689952,0.5683121980676329,0.5029143037177064,0.5064272211720227,0.5627756773787019,0.5727473219911783,0.5356378461015798
0.411,0.5390443162909335,0.011674934066328505,0.5683423913043478,0.49735349716446126,0.507151858853182,0.5598141146817895,0.5679111531190927,0.533692882622728
0.4112,0.5386406738661143,0.01193376414127447,0.569399154589372,0.4944549464398236,0.5071676118462507,0.558349086326402,0.5675488342785129,0.5349244097163242
0.4114,0.5372147608498944,0.012341457159730174,0.5690368357487923,0.48775992438563326,0.5103812224322621,0.5551039697542534,0.5682734719596723,0.5327331408187532
0.4116,0.5345791899368431,0.013083825465491609,0.5712107487922705,0.48295526149968493,0.5056868304977945,0.5532923755513548,0.5652488972904852,0.5290810259894683
0.4118,0.5329328372777272,0.013498584961760263,0.5722826086956522,0.47774102079395087,0.5078607435412728,0.5485822306238185,0.5652173913043479,0.5259130287073213
0.412,0.5310298349522319,0.013800055728516442,0.5733695652173914,0.4747164461247637,0.506017643352237,0.5463925645872715,0.5622243226212981,0.5234584678104297
0.4122,0.529225904512226,0.014171776211456787,0.5740942028985507,0.4707151858853182,0.5045841209829868,0.5438090737240076,0.5596880907372401,0.5224647528452524
0.4124,0.5276751444992146,0.014254167612627336,0.573731884057971,0.4681316950220541,0.5045998739760554,0.5390201638311278,0.5585696282293636,0.5219976218787158
0.4126,0.525225903151236,0.014637481747245423,0.57193538647343,0.4644454946439823,0.5002362948960302,0.5335853812224322,0.5589004410838059,0.5222524205877356
0.4128,0.5230077458400212,0.015097500264506283,0.5708635265700484,0.45847511027095145,0.4991808443604285,0.5314429741650913,0.5563327032136105,0.5217513164599966
0.413,0.520831590452394,0.015100530343509675,0.5661986714975845,0.4528512917454316,0.5006616257088846,0.5300094517958411,0.5530245746691872,0.5222439272974351
0.4132,0.518402068925795,0.01567746309723295,0.5640096618357487,0.4461877756773787,0.4992281033396345,0.5263862633900441,0.5515752993068682,0.5230253100050959
0.4134,0.5175405501725768,0.016168681160890878,0.561850845410628,0.44065847511027095,0.5024732199117833,0.5238657844990549,0.55263074984247,0.5237642262612535
0.4136,0.5153469178837796,0.016335262191483693,0.5589673913043478,0.4376654064272212,0.4988500315059861,0.5246219281663517,0.5511342155009451,0.5208425343978258
0.4138,0.5136802516705284,0.01663572122500728,0.5579106280193236,0.4347353497164462,0.49593572778827977,0.5238815374921236,0.5500157529930687,0.5196025140139289
0.414,0.5126127599239396,0.017282908613408338,0.5590126811594203,0.43030875866414614,0.4959199747952111,0.522416509136736,0.5503780718336484,0.5176405639544759
0.4142,0.5103352342615429,0.017569712015195995,0.5564462560386473,0.42585066162570884,0.4944076874606175,0.522463768115942,0.5481411468178953,0.5147018855104468
0.4144,0.5089714305490635,0.017648001206800525,0.5549969806763284,0.42358223062381856,0.4936830497794581,0.5213453056080656,0.5462665406427221,0.5139544759639885
0.4146,0.5072601237197315,0.017499642537232574,0.551766304347826,0.42096723377441714,0.4969596723377442,0.5180686830497795,0.5440611216131065,0.5117377271955156
0.4148,0.5052805855793933,0.017980555406903024,0.5503019323671496,0.4149968494013863,0.5002678008821676,0.515800252047889,0.5415091367359798,0.5088075420417869
0.415,0.5044798908641631,0.01771494820310076,0.5489130434782609,0.4157214870825456,0.4962665406427222,0.515453686200378,0.5392879647132955,0.5112366230677765
0.4152,0.5041588142531861,0.01837199383170198,0.5485507246376812,0.41192501575299306,0.4951165721487082,0.519029615626969,0.5407844990548204,0.5095464582979445
0.4154,0.5022731168097028,0.018858465263205792,0.5463919082125605,0.40636420919974786,0.4957939508506616,0.5212507876496535,0.537476370510397,0.5063614744351962
0.4156,0.5008184332594537,0.019263208016661006,0.5450181159420289,0.40335538752362954,0.49251732829237554,0.523408947700063,0.5371455576559547,0.5034652624426703
0.4158,0.5000498932490395,0.019523103012309122,0.543599033816425,0.4006301197227473,0.4928954001260239,0.5263232514177693,0.5346093257718967,0.5022422286393748
0.416,0.49916021912028913,0.019529163498685737,0.5428442028985507,0.39907057340894775,0.4943289224952741,0.5259609325771896,0.5316950220541903,0.5010616612875828
0.4162,0.49818949536945906,0.019771246986478568,0.5421799516908212,0.3971644612476371,0.4928954001260239,0.5277725267800882,0.5302457466918714,0.49887888568031247
0.4164,0.4981204193734383,0.019436820002939486,0.5407306763285024,0.3989760554505356,0.4936200378071833,0.5292690611216131,0.5291587901701323,0.49696789536266345
0.4166,0.4964490166961984,0.019501782216113726,0.5364281400966183,0.3967706364209199,0.49068998109640827,0.5299621928166351,0.5280875866414619,0.49675556310514696
0.4168,0.4946570522076364,0.01940207085794303,0.533605072463768,0.3949117832388154,0.49286389413988657,0.5289067422810334,0.5247637051039697,0.4928911160183455
0.417,0.4932356744429777,0.018890489044046332,0.5278532608695652,0.39642407057340895,0.49100504095778197,0.530419029615627,0.5229363579080024,0.49077628673348056
0.4172,0.491857848855581,0.019519437307556613,0.5252868357487922,0.39155639571518586,0.49287964713295523,0.5326402016383113,0.521124763705104,0.4876592491931374
0.4174,0.49208319813374524,0.019247684153241972,0.5245471014492754,0.39402961562696914,0.4921077504725898,0.5359168241965974,0.5189350976685569,0.48696279938848297
0.4176,0.4910973986514037,0.018747061021398653,0.5224033816425121,0.3973850031505986,0.48771266540642727,0.5384373030875866,0.5156112161310649,0.4850348224902327
0.4178,0.49045737835923076,0.018239086202875173,0.5166817632850241,0.40034656584751105,0.488815374921235,0.54174543163201,0.5123030875866414,0.4828520468829625
0.418,0.49046012917915166,0.018346890167450183,0.5184933574879227,0.3992596093257719,0.48919344675488335,0.5413673597983617,0.5100661625708884,0.48438083913708174
0.4182,0.4914672905160244,0.01794099215125351,0.5148701690821256,0.40330812854442344,0.49064272211720217,0.546471329552615,0.5063957151858853,0.48711567861389493
0.4184,0.49034355775888133,0.01822708372398458,0.5123943236714975,0.4021424070573409,0.48590107120352866,0.5493226212980467,0.504174543163201,0.4881263801596738
0.4186,0.4908788461833611,0.018054595507307793,0.5109752415458938,0.405072463768116,0.485491493383743,0.5522054190296156,0.5038437303087587,0.4876847290640395
0.4188,0.49071426049397665,0.017656738832876558,0.512409420289855,0.40658475110270953,0.4851291745431633,0.549952741020794,0.5020321361058601,0.4881773399014778
0.419,0.4913511154998462,0.017107615702705668,0.5120923913043478,0.41189350976685574,0.48553875236294897,0.5517485822306238,0.5005671077504725,0.48626634958382875
0.4192,0.4928299975390092,0.016619217806388253,0.5120772946859903,0.4181947069943289,0.4859168241965973,0.5550252047889098,0.4994486452425961,0.48631730932563266
0.4194,0.49364779975184,0.01594683403770346,0.5113375603864735,0.4230466288594833,0.4888311279143037,0.5549779458097038,0.49760554505356025,0.4860879904875149
0.4196,0.4927782747769342,0.015301360782253463,0.5059631642512077,0.4271581600504096,0.48735034656584747,0.5549464398235665,0.49538437303087585,0.4858671649396976
0.4198,0.4932860778773888,0.014571354354985222,0.503804347826087,0.4301827347195967,0.49100504095778197,0.5527095148078135,0.4924700693131695,0.4895447596398845
0.42,0.49318372463865634,0.014364475085353072,0.5038345410628019,0.43125393824826713,0.48879962192816623,0.5519533711405167,0.4925015752993069,0.4907593001528793
0.4202,0.4928176335482042,0.013380503821038026,0.5016757246376812,0.43530245746691876,0.4887996219281664,0.5479363579080025,0.4906742281033397,0.49251741124511633
0.4204,0.4940116428676145,0.012777331950837639,0.4991847826086957,0.4405482041587902,0.49064272211720217,0.5482514177693762,0.48850031505986136,0.49694241549176155
0.4206,0.49420892633839425,0.012308210258226116,0.4977355072463768,0.44247006931316946,0.48985507246376814,0.5463925645872716,0.49106805293005673,0.4977322914897231
0.4208,0.4944676418513572,0.011806715234562644,0.4970410628019323,0.4450535601764335,0.4901858853182105,0.5445337114051669,0.4902804032766226,0.4997112281297775
0.421,0.4958053131462397,0.011097762939095535,0.4945652173913043,0.4513547574039067,0.4919817265280403,0.5445022054190296,0.49029615626969125,0.5021318158654663
0.4212,0.49697640324030773,0.0109368917063222,0.4931310386473431,0.45390674228103334,0.49311594202898557,0.5451953371140517,0.4914303717706364,0.5050789875997961
0.4214,0.49864957052155007,0.010719696428068852,0.4917572463768116,0.45770321361058597,0.49528985507246376,0.5465973534971644,0.4933049779458097,0.5072447766264652
0.4216,0.49878734157022536,0.010103707342387644,0.49326690821256036,0.4606805293005671,0.49313169502205423,0.5436042848141147,0.49259609325771897,0.5094445388143367
0.4218,0.49911918789614623,0.0095182576060795,0.4914402173913043,0.46665091367359796,0.49420289855072463,0.5425015752993069,0.48898865784499057,0.5109308646169526
0.422,0.5013412147371615,0.009124494490213391,0.48891908212560387,0.4745116572148708,0.49821991178323877,0.5446912413358538,0.4900441083805923,0.5116612875828096
0.4222,0.5018428152991459,0.008988769206401202,0.4857035024154589,0.48303402646502835,0.49640831758034026,0.5461877756773786,0.4878071833648393,0.5119160862918295
0.4224,0.5030260956180962,0.00912191924817948,0.48176328502415455,0.4874921235034656,0.5018588531821045,0.5469281663516068,0.4867202268431002,0.5133939188041448
0.4226,0.5050983942299809,0.00877460915866819,0.4806763285024155,0.4931001890359168,0.5087429111531191,0.5443131695022054,0.48672022684310007,0.5170375403431289
0.4228,0.5067358446328644,0.00801443047122505,0.4817783816425121,0.49981096408317577,0.5120195337114052,0.5409577819785759,0.48854757403906746,0.5173008323424495
0.423,0.5083561605933724,0.008183901239189169,0.4828049516908212,0.5057971014492753,0.5156269691241336,0.5427693761814745,0.4870352867044739,0.5161032784100561
0.4232,0.5088458650187532,0.008221361304125378,0.48176328502415455,0.5072936357908002,0.5163201008191557,0.5413673597983617,0.48705103969754254,0.5192797689825038
0.4234,0.5095961227393907,0.0077077776700253476,0.4802989130434782,0.5110113421550094,0.5195967233774417,0.5358223062381853,0.4903276622558286,0.5205197893664006
0.4236,0.511011806441351,0.007852679615283733,0.47706823671497584,0.517643352236925,0.5206521739130434,0.5347195967233775,0.4947542533081285,0.5212332257516561
0.4238,0.5123512775356867,0.00763295450015481,0.4763737922705314,0.5217548834278514,0.5181159420289855,0.5324826717076245,0.500945179584121,0.5244351961950059
0.424,0.5129379940393193,0.008333960273766967,0.4721014492753623,0.5247637051039697,0.5185097668557026,0.53205734089477,0.5031190926275992,0.527076609478512
0.4242,0.5136805237012572,0.008767996143150934,0.4696105072463769,0.53002520478891,0.5199590422180214,0.5299149338374292,0.5052930056710775,0.5272804484457279
0.4244,0.5137518013641081,0.010263413421177875,0.46212258454106275,0.5371140516698173,0.520730938878387,0.5291587901701323,0.504914933837429,0.5284695090878205
0.4246,0.5155886923806844,0.01059804861340843,0.46147342995169083,0.5415721487082545,0.5236137366099558,0.5288122243226213,0.5096250787649653,0.528435535926618
0.4248,0.5162679379467057,0.010928459527158846,0.46049214975845415,0.544187145557656,0.5269218651543792,0.5258664146187775,0.510727788279773,0.5294122643111943
0.425,0.5170097694602402,0.011591570208732796,0.4583333333333333,0.5489760554505355,0.52763074984247,0.5262602394454947,0.5117517328292376,0.5291065058603703
0.4252,0.5175565290557703,0.012715308591191948,0.45297403381642515,0.5531663516068053,0.5297889098928797,0.5277567737870196,0.5135318210459987,0.5281212841854934
0.4254,0.519363180118967,0.013024364065361043,0.45332125603864737,0.5580182734719596,0.5305608065532452,0.5274102079395085,0.5197069943289224,0.5271615423815186
0.4256,0.5201535987475254,0.013519580449642151,0.4526117149758454,0.562476370510397,0.5316320100819155,0.5266855702583492,0.5201165721487082,0.5273993545099371
0.4258,0.5198929954464832,0.014378858376647818,0.448641304347826,0.5658160050409579,0.5334278512917454,0.5237870195337114,0.5201165721487083,0.5275692203159503
0.426,0.5197626011895589,0.015083831477164421,0.44539553140096616,0.5688248267170761,0.5341209829867675,0.5223534971644612,0.5222904851921866,0.525590283675896
0.4262,0.5210783785170668,0.015353902380514477,0.4453804347826086,0.5707151858853182,0.5363421550094518,0.5212665406427222,0.5276937618147448,0.5250721929675557
0.4264,0.5204727205987213,0.016292961933370053,0.44148550724637675,0.5759451795841211,0.5338216761184625,0.5209357277882798,0.5280560806553245,0.5225921521997623
0.4266,0.5202917315994854,0.01653608088886165,0.4411684782608695,0.5778355387523629,0.5338216761184624,0.5176591052299936,0.529174543163201,0.5220910480720231
0.4268,0.5197853588391663,0.017004507940644734,0.4396437198067632,0.5804820415879017,0.532703213610586,0.5136735979836169,0.5291587901701323,0.523050789875998
0.427,0.5212040490390856,0.017207060832908416,0.43965881642512067,0.5807971014492754,0.5344990548204159,0.5151386263390044,0.5368147448015123,0.5203159503991845
0.4272,0.5214531096818027,0.017487157414828588,0.43780193236714976,0.5792375551354757,0.5355072463768116,0.5122558286074355,0.5411625708884688,0.5227535247154748
0.4274,0.5232885603793852,0.017629066888620586,0.4370772946859903,0.5785286704473849,0.5406112161310649,0.515957781978576,0.5418557025834908,0.5257006964498047
0.4276,0.5233966774956564,0.017923066993846316,0.4374094202898551,0.5819313169502205,0.5391461877756775,0.5130119722747322,0.54294265910523,0.5259385085782231
0.4278,0.5239038643784054,0.018462780465222234,0.4341485507246377,0.5804820415879017,0.5427221172022684,0.5123030875866414,0.5465973534971644,0.5271700356718193
0.428,0.5240519175530984,0.01903537477700389,0.4320350241545894,0.5815847511027095,0.5419344675488343,0.5100819155639571,0.5512759924385634,0.5273993545099371
0.4282,0.5244778492158457,0.02010046388444923,0.4270531400966184,0.5841997479521109,0.5444549464398236,0.5097353497164462,0.5538122243226213,0.5276116867674537
0.4284,0.5244113640621149,0.02046755983088973,0.4248641304347826,0.584546313799622,0.5444549464398236,0.5098456206679269,0.5548991808443604,0.527857992186173
0.4286,0.5248468346024984,0.02098278789026975,0.4230676328502415,0.5863736609955892,0.5454788909892879,0.5094990548204159,0.5570415879017012,0.5276201800577545
0.4288,0.524125565668565,0.021675439117675582,0.4177083333333334,0.5856175173282924,0.5450535601764336,0.5114366729678638,0.5588374291115312,0.5260998810939358
0.429,0.5253717123093459,0.02235394538361923,0.41633454106280193,0.5882010081915563,0.5461090107120352,0.5118777567737871,0.5646187775677378,0.5250891795481569
0.4292,0.523862186814157,0.022971849299777313,0.4116394927536232,0.5859798361688721,0.5450063011972275,0.5090107120352867,0.5671865154379332,0.5243502632919993
0.4294,0.523320375877362,0.02431678516040927,0.4041062801932367,0.5878071833648393,0.5467391304347826,0.5075929426591052,0.5693604284814114,0.5243162901307967
0.4296,0.5231549628347341,0.024401485426129483,0.4033212560386474,0.5866572148708254,0.544833018273472,0.5069628229363579,0.5711405166981726,0.5260149481909292
0.4298,0.5223355059525817,0.02511700158458662,0.39868659420289854,0.5859640831758035,0.543336483931947,0.5066635160680529,0.5740863264020164,0.5252760319347716
0.43,0.5210510339748441,0.02622033385539625,0.3915006038647343,0.5870352867044739,0.5429584120982988,0.5055765595463139,0.5747321991178322,0.5245031425174113
0.4302,0.5204635912630772,0.026457188565671787,0.38900966183574875,0.5859325771896661,0.5440138626339005,0.5063011972274732,0.5740233144297416,0.523500934261933
0.4304,0.5189505777760973,0.027627680166586528,0.38048007246376814,0.5848141146817896,0.5432262129804662,0.5089319470699433,0.5761814744801512,0.5200696449804655
0.4306,0.5171131106616559,0.02833304174377175,0.3743357487922705,0.5843730308758665,0.5417139256458726,0.5089634530560806,0.5747006931316949,0.5185918124681501
0.4308,0.516743325442595,0.029033568383603398,0.37104468599033813,0.5870352867044739,0.5416666666666666,0.5082860743541272,0.5757718966603654,0.5166553422795991
0.431,0.5153751585534604,0.029004400891580927,0.3692481884057971,0.5817265280403277,0.5393824826717076,0.5090579710144928,0.577930056710775,0.5149057244776627
0.4312,0.5151359522838175,0.029151618030293265,0.368161231884058,0.5810333963453056,0.5371298046628861,0.5087429111531192,0.5793478260869566,0.5164005435705793
0.4314,0.5154949964051433,0.029373995104288973,0.3670591787439613,0.5810649023314429,0.535586011342155,0.5123818525519849,0.5811909262759924,0.5156871071853237
0.4316,0.5158009549720214,0.02949396969717144,0.36634963768115936,0.5791587901701323,0.5388783868935099,0.5120037807183365,0.5822778827977315,0.5161372515712588
0.4318,0.5159206405578534,0.029686279572433003,0.3652173913043478,0.5758034026465029,0.5396030245746692,0.5131379962192817,0.585633270321361,0.5161287582809579
0.432,0.5171861656018448,0.02931964245692741,0.3691727053140097,0.575393824826717,0.5366887208569628,0.513169502205419,0.5896502835538752,0.5190419568540852
0.4322,0.5174124004897137,0.028939807974318076,0.3723278985507246,0.5723219911783238,0.5337744171392564,0.5139729048519219,0.5936042848141148,0.518472906403941
0.4324,0.5189744562911662,0.028563350197428745,0.376268115942029,0.5738185255198488,0.5312854442344046,0.5169029615626969,0.5954001260239445,0.5201715644640734
0.4326,0.5178600672571605,0.027910333565632297,0.3773701690821256,0.5667611846250787,0.5309388783868936,0.5176591052299937,0.593588531821046,0.5208425343978258
0.4328,0.5186135518654312,0.027603524505739444,0.37945350241545894,0.5667296786389414,0.5287492123503466,0.5198645242596094,0.5936042848141148,0.5232801087141159
0.433,0.519427703841762,0.027207027875539913,0.38159722222222225,0.5637523629489604,0.5269061121613106,0.5231568998109641,0.5939666036546944,0.5271870222524205
0.4332,0.5219989225680287,0.02697383433545543,0.3861564009661836,0.5629962192816634,0.5287019533711406,0.5261027095148079,0.5991335853812225,0.5289026668931545
0.4334,0.5238666439258713,0.026058490660090958,0.3926479468599034,0.5585223692501575,0.5316005040957783,0.5282608695652173,0.6005986137366099,0.5315695600475625
0.4336,0.5269851697283245,0.025581942220947073,0.39761473429951694,0.5569785759294266,0.5338374291115312,0.5341209829867675,0.6026937618147448,0.53666553422796
0.4338,0.5265435713887007,0.025351025210243808,0.3990489130434783,0.5517170762444865,0.5316320100819155,0.5370352867044739,0.6041902961562696,0.5356378461015797
0.434,0.5272822128081565,0.024859995485795604,0.4018568840579711,0.5520478890989287,0.5305608065532451,0.5392091997479521,0.6024102079395085,0.5376082894513334
0.4342,0.5295655765855917,0.02486097801898241,0.405072463768116,0.5505198487712665,0.5287019533711406,0.5468809073724008,0.6064272211720226,0.5397910650586036
0.4344,0.5297162019084757,0.024382106358829564,0.4092542270531401,0.5437775677378702,0.5261814744801512,0.5483301827347196,0.6082703213610585,0.5424834380839137
0.4346,0.5312324692650284,0.023669165635494697,0.41499094202898557,0.5411783238815375,0.5279773156899811,0.5516068052930058,0.608648393194707,0.5429930355019535
0.4348,0.5319707005850137,0.023199186294670455,0.4195350241545893,0.5356017643352237,0.5294580970384374,0.5516068052930058,0.6104127284183996,0.5452097842704264
0.435,0.532513364686288,0.023010521716907803,0.4223580917874396,0.5343887838689351,0.5284183994959042,0.5512287334593572,0.6122873345935729,0.5463988449125191
0.4352,0.5328946782550694,0.02250838856452884,0.4269776570048309,0.5352551984877126,0.5262602394454947,0.5479521109010712,0.613768115942029,0.5471547477492781
0.4354,0.532679680360285,0.021978989938806492,0.4287892512077295,0.5348928796471328,0.527378701953371,0.5472274732199118,0.6111531190926276,0.5466366570409377
0.4356,0.5336230826484857,0.021414819920809083,0.4323671497584541,0.5333805923125393,0.5303560176433522,0.5465185885318211,0.6100504095778196,0.549065738066927
0.4358,0.5344857239395996,0.0209985116845048,0.43669987922705317,0.5304032766225584,0.5311279143037176,0.5486925015752993,0.6111373660995589,0.5488534058094106
0.436,0.5347564367156931,0.020445362798391587,0.4388134057971015,0.5315374921235033,0.5315847511027095,0.5482829237555136,0.6082860743541273,0.5500339731612026
0.4362,0.5343535534831284,0.020276372040724914,0.4394927536231884,0.5296156269691241,0.5319943289224953,0.5478733459357278,0.6075614366729678,0.5495838287752676
0.4364,0.533277543675629,0.019643347629805068,0.44233091787439616,0.5244013862633901,0.5309231253938249,0.5471487082545684,0.6043005671077505,0.5505605571598438
0.4366,0.5337197423262501,0.019133322722227352,0.4469504830917875,0.5229206049149339,0.5284026465028355,0.5489287964713295,0.6043005671077505,0.5508153558688637
0.4368,0.5345491069692956,0.01877924588477623,0.44901871980676333,0.5225897920604915,0.5324669187145558,0.5499842470069313,0.6035916824196598,0.5496432818073722
0.437,0.5356283783209833,0.018482845908632486,0.4511926328502415,0.5237397605545053,0.5357592942659106,0.5517643352236925,0.6036074354127284,0.5477068116188211
0.4372,0.5358469302129651,0.01759089393689117,0.4564764492753623,0.5240705734089477,0.5361216131064902,0.5487870195337113,0.6021739130434781,0.5474520129098013
0.4374,0.535863839824424,0.01768212336418986,0.45759359903381647,0.5252362948960302,0.5329080025204789,0.5465028355387525,0.6047258979206049,0.5482164090368608
0.4376,0.5357008401230597,0.016550338502554236,0.463677536231884,0.5263705103969754,0.5311751732829237,0.5446597353497165,0.60179584120983,0.5465262442670291
0.4378,0.5355683629421398,0.01620568984674773,0.46619867149758454,0.5240863264020164,0.5297416509136736,0.5475740390674227,0.600693131695022,0.545116358077119
0.438,0.5359326234231828,0.015413038215705293,0.4707729468599034,0.5229521109010712,0.5305135475740391,0.5482986767485822,0.5981884057971014,0.5448700526583998
0.4382,0.536942551579598,0.014924371829791167,0.47326388888888893,0.5252678008821676,0.5331285444234404,0.5489918084436043,0.5971014492753624,0.5439018175641244
0.4384,0.5375073147444388,0.014621616223955011,0.47647946859903384,0.5244801512287335,0.5331600504095777,0.5497794580970383,0.597463768115942,0.5436809920163072
0.4386,0.5383799033588081,0.013946114439067039,0.4815217391304348,0.5243856332703214,0.5335853812224323,0.5512287334593573,0.5963610586011343,0.5431968744691693
0.4388,0.5371718649544305,0.013706562235310922,0.481868961352657,0.5247952110901071,0.5321045998739761,0.546471329552615,0.5956049149338375,0.5421861729233906
0.439,0.5371157037189921,0.01322978799457532,0.4840428743961354,0.5243698802772527,0.5321518588531821,0.5497637051039697,0.5930844360428482,0.539281467640564
0.4392,0.5360881139689133,0.012923634835360114,0.4850996376811595,0.5243541272841841,0.5296156269691241,0.5511657214870824,0.5909105229993699,0.5353830473925598
0.4394,0.5355242738019749,0.013044799501676297,0.48402777777777783,0.5210617517328291,0.5319313169502206,0.5504410838059232,0.5905639571518588,0.5351197553932393
0.4396,0.5353254939856528,0.01320106022478252,0.48517512077294683,0.519533711405167,0.5330655324511657,0.5478890989287966,0.5931316950220542,0.5331578053337863
0.4398,0.5344056662197149,0.012711118627390241,0.48694142512077293,0.5199590422180214,0.5323093887838689,0.5460302457466919,0.590957781978576,0.5302361134703584
0.44,0.5356902943470674,0.012569875784094792,0.49236111111111114,0.517690611216131,0.5370510396975425,0.544927536231884,0.5935570258349087,0.5285544419908272
0.4402,0.536489792286902,0.012235852644632537,0.4949124396135266,0.5191871455576559,0.5400126023944549,0.5437775677378701,0.593241965973535,0.527807032444369
0.4404,0.5373126806139837,0.012214346027195573,0.49741847826086955,0.5206049149338374,0.5436515437933207,0.5434152488972905,0.5943761814744801,0.5244097163241039
0.4406,0.5369372419723778,0.01237885372897782,0.4975090579710145,0.5161153119092627,0.545872715816005,0.5434467548834279,0.5939981096408318,0.5246815016137252
0.4408,0.5369802543064336,0.012430735751454326,0.4985960144927537,0.5145557655954631,0.5477315689981096,0.5419659735349717,0.5943761814744801,0.5246560217428232
0.441,0.536335371132822,0.01213683497742733,0.49767512077294696,0.516351606805293,0.5488185255198488,0.54234404536862,0.5911310649023314,0.5216918634278919
0.4412,0.5355267169683168,0.011728745269184854,0.5020833333333334,0.5136893509766856,0.548109640831758,0.5409105229993699,0.5893509766855702,0.5190164769831833
0.4414,0.5335024298939034,0.012019769072705128,0.5003019323671498,0.5095620667926906,0.5448645242596093,0.5401858853182104,0.5890201638311279,0.5170800067946322
0.4416,0.5336740378189692,0.012665800186312295,0.4978562801932367,0.5065532451165721,0.5489130434782609,0.5445494643982356,0.5890201638311279,0.5151520298963819
0.4418,0.5325159597654113,0.01315023541327908,0.4946256038647343,0.5043005671077504,0.5486294896030246,0.5452741020793951,0.589067422810334,0.5131985731272295
0.442,0.5310090257257379,0.014059305204660373,0.48860205314009664,0.5030718336483933,0.5508034026465027,0.5448960302457466,0.5898393194706995,0.5088415152029896
0.4422,0.5293270716048117,0.01413510065876938,0.4865187198067632,0.5000472589792061,0.5522054190296156,0.545226843100189,0.5858065532451164,0.5061576354679802
0.4424,0.5278999964697514,0.014779628617671564,0.48371074879227044,0.4959199747952111,0.5503623188405797,0.547763074984247,0.5861531190926277,0.5034907423135723
0.4426,0.5262547179780152,0.015012641727551282,0.4826841787439612,0.4936200378071833,0.5477473219911783,0.5469754253308128,0.5861531190926275,0.5003482249023271
0.4428,0.5253248477458934,0.015389000437784047,0.480600845410628,0.4894454946439824,0.5452425960932578,0.5491965973534971,0.5861216131064901,0.5013419398675047
0.443,0.5244441424362603,0.016241540152538217,0.47776268115942033,0.48572778827977314,0.5441713925645872,0.5525047258979207,0.5876023944549464,0.4988958722609139
0.4432,0.5244087597660202,0.016921134732295146,0.47493961352657,0.483049779458097,0.5448960302457466,0.555419029615627,0.588768115942029,0.49937998980805165
0.4434,0.5234466925908253,0.017310782311199063,0.47323369565217394,0.4811436672967863,0.5481568998109642,0.5547258979206049,0.5876496534341525,0.4957703414302701
0.4436,0.5214934429991164,0.017542117505972645,0.4707729468599034,0.4804032766225582,0.5463453056080655,0.5559231253938248,0.5851134215500946,0.49040258196025144
0.4438,0.5207248216340653,0.017902616751127566,0.4707729468599034,0.4766855702583491,0.5474165091367359,0.5556080655324511,0.5851449275362318,0.48872091048072025
0.444,0.5204589002893011,0.01864170763856699,0.4676479468599034,0.47473219911783227,0.5496376811594204,0.5581758034026465,0.5855545053560176,0.4870052658399864
0.4442,0.5192533246559118,0.018661072443812605,0.4669535024154589,0.47213295526149973,0.5455891619407688,0.5606490233144298,0.5834278512917455,0.48676745371156793
0.4444,0.5185615249804716,0.018590283576306713,0.4684178743961353,0.47066792690611214,0.5473850031505986,0.5595778197857594,0.5812539382482671,0.4840665873959572
0.4446,0.5184993403614404,0.019158468443775636,0.46665157004830926,0.4692028985507246,0.5474007561436672,0.5632010081915564,0.5816792690611216,0.4828605401732631
0.4448,0.5164330310340712,0.01952079644871635,0.46704408212560383,0.4629332073093888,0.548109640831758,0.5635318210459987,0.5780088216761184,0.4789706132155597
0.445,0.5154428001955033,0.019820741122500644,0.46459842995169076,0.462224322621298,0.545872715816005,0.5646660365469438,0.5780403276622559,0.47725496857482586
0.4452,0.5151898221727824,0.019968449009483687,0.46354166666666663,0.46183049779458096,0.5459042218021424,0.5657687460617516,0.5773314429741652,0.4767623577373875
0.4454,0.514373661491373,0.02039773369559354,0.46284722222222224,0.4603654694391935,0.5473692501575299,0.5643194706994329,0.5784341524889729,0.4729064039408867
0.4456,0.5122877367582719,0.020814530362850674,0.4553442028985507,0.4600031505986138,0.5463137996219282,0.5646817895400126,0.5759294265910524,0.47145405129947343
0.4458,0.5104816590984629,0.020889367818412705,0.4542874396135265,0.45779773156899817,0.5433522369250158,0.5632010081915564,0.575252047889099,0.46899949040258193
0.446,0.5089040196472051,0.021522672059775844,0.4507246376811594,0.4559861373660995,0.5422810333963454,0.5668557025834909,0.5727473219911783,0.4648292848649567
0.4462,0.5090414542950141,0.021832599545853103,0.44753925120772947,0.4578292375551355,0.544833018273472,0.5664776307498425,0.5734877126654065,0.4640818753184984
0.4464,0.5083313195180389,0.02175298377971799,0.4457276570048309,0.45748267170762447,0.5445179584120983,0.5642722117202268,0.5731411468178954,0.464846271445558
0.4466,0.5055253583235809,0.021262073350981042,0.4453653381642512,0.45411153119092634,0.5416351606805293,0.5614051669817265,0.567249527410208,0.46338542551384415
0.4468,0.5054678909169615,0.021876802363721866,0.44400664251207733,0.45228418399495907,0.5427536231884057,0.5595620667926907,0.5720384373030877,0.4621623917105486
0.447,0.5033160406823908,0.02255731422873234,0.43897946859903386,0.4497164461247637,0.5427378701953371,0.5584751102709514,0.571723377441714,0.45826397146254455
0.4472,0.504246438623279,0.022569141058906582,0.4378925120772947,0.4515595463137997,0.5456679269061121,0.5600346565847512,0.5703528670447385,0.45997112281297775
0.4474,0.5019017703546492,0.023196438124443386,0.4313858695652174,0.45121298046628855,0.5456521739130434,0.5589319470699433,0.5689193446754884,0.45530830643791403
0.4476,0.5007245623287033,0.02316518663142622,0.42924214975845415,0.4519218651543794,0.5441871455576559,0.5582230623818526,0.5671550094517958,0.45361814166808223
0.4478,0.5008010239246289,0.02320912157422327,0.42814009661835745,0.45168557025834905,0.5471487082545684,0.5582230623818526,0.5649968494013863,0.45461185663325965
0.448,0.49972900679384136,0.022969183985075484,0.42634359903381647,0.45173282923755514,0.5467391304347826,0.5560018903591682,0.5624606175173282,0.45509597418039754
0.4482,0.4979242083418561,0.023213137949214195,0.4245471014492754,0.4477473219911784,0.5463610586011343,0.5556553245116572,0.5598456206679269,0.45338882282996434
0.4484,0.4970160804059014,0.023507728476736836,0.42383756038647347,0.44406112161310657,0.5496376811594204,0.5541115311909263,0.558002520478891,0.4524460676065908
0.4486,0.4949004121536659,0.024231828014993125,0.4170138888888889,0.4448172652804033,0.5514492753623188,0.5511814744801512,0.5576244486452426,0.4473161202649907
0.4488,0.49338286062773445,0.024148335071135264,0.4148701690821256,0.44335223692501574,0.5510712035286705,0.5471487082545685,0.5565217391304348,0.447333106845592
0.449,0.49333789788222654,0.024448762865366593,0.4116243961352657,0.4467863894139886,0.5529458097038437,0.5486294896030245,0.5546786389413989,0.44536266349583825
0.4492,0.49274831560668936,0.02447453831645282,0.4120018115942029,0.44314744801512285,0.5565847511027096,0.5456994328922495,0.5525047258979205,0.44655172413793104
0.4494,0.49228115329130134,0.02467318020096025,0.4091183574879227,0.4454001260239446,0.5566950220541903,0.5434940138626339,0.5539224952741021,0.4450569050450145
0.4496,0.4923976526482363,0.024349984998284422,0.4083635265700483,0.4491335853812224,0.5581442974165092,0.5408475110270953,0.5521266540642722,0.4457703414302701
0.4498,0.4922141618173803,0.02487857242477892,0.40549516908212563,0.4469281663516068,0.5617674858223063,0.5397290485192187,0.552142407057341,0.44722269407168336
0.45,0.49264211099335986,0.02580570559917169,0.40440821256038656,0.44355702583490864,0.5690138626339004,0.5422810333963453,0.5503465658475111,0.4462459656871072
0.4502,0.49265543141217044,0.02604942903794486,0.4018417874396135,0.44287964713295525,0.571565847511027,0.5426118462507876,0.5480781348456206,0.4489553252930185
0.4504,0.4933321328525666,0.02621143714184283,0.4007850241545894,0.4455103969754253,0.5722432262129804,0.5421865154379331,0.5505671077504727,0.4487005265839986
0.4506,0.49318766829446115,0.02628152531437573,0.39971316425120773,0.44700693131695013,0.5765752993068685,0.5396345305608066,0.5472747321991178,0.4489213521318159
0.4508,0.4932508512081029,0.026913427038776427,0.3942632850241546,0.44924385633270314,0.5813011972274733,0.5348456206679268,0.548755513547574,0.45109563444878553
0.451,0.4928374368426374,0.026972569066270477,0.3925271739130435,0.45105545053560175,0.5830182734719596,0.5337114051669818,0.5458884688090737,0.45082384915916435
0.4512,0.49336233762907816,0.027436889179343737,0.39077596618357485,0.45409577819785757,0.5862948960302458,0.5329237555135474,0.5469754253308129,0.4491082045184305
0.4514,0.4935240998777282,0.027586390455262216,0.387469806763285,0.45568683049779457,0.5866099558916195,0.5321676118462507,0.5469596723377442,0.4522507219296756
0.4516,0.49373678561352335,0.02753951686358415,0.3856280193236715,0.45831758034026465,0.5847195967233774,0.5328607435412728,0.5476843100189035,0.45321046373365037
0.4518,0.4939723696878151,0.027099711728081226,0.38520531400966185,0.46244486452425965,0.5839319470699432,0.5321045998739761,0.5447542533081287,0.4553932393409207
0.452,0.4936177437290672,0.026908730526419403,0.38591485507246376,0.4621140516698173,0.5850031505986137,0.5316950220541903,0.5410680529300567,0.4559113300492611
0.4522,0.49457696717132493,0.02737430429732631,0.383756038647343,0.4643194706994329,0.5904221802142408,0.5309073724007561,0.5392407057340896,0.4588160353320877
0.4524,0.49612724176957473,0.027478082918969922,0.3840881642512077,0.4684467548834278,0.5928638941398865,0.531616257088847,0.5399810964083175,0.45976728384576193
0.4526,0.4953162292497288,0.027620263542428906,0.3808876811594203,0.47219596723377444,0.5939035916824197,0.5311909262759924,0.5344360428481412,0.45928316629862415
0.4528,0.4955385632403629,0.027039247677021774,0.38159722222222225,0.47518903591682415,0.5909420289855072,0.5329237555135475,0.5310964083175803,0.4614829284864957
0.453,0.4959114533336839,0.026693734519568062,0.3830314009661836,0.47783553875236295,0.5908790170132325,0.5322148708254568,0.5292690611216131,0.46223883132325466
0.4532,0.4975925669448836,0.027501166618512513,0.37945350241545894,0.48271896660365476,0.5937618147448015,0.5365469439193447,0.5303087586641462,0.46276541532189575
0.4534,0.4987366912287652,0.027455456102358528,0.377596618357488,0.48421550094517957,0.5911310649023315,0.5387208569628229,0.5328607435412729,0.4678953626634959
0.4536,0.49829555351471005,0.027506820221337002,0.37401871980676327,0.4849558916194077,0.5878544423440454,0.5390359168241966,0.5328449905482041,0.47106335994564297
0.4538,0.49946455795313954,0.0278058389024298,0.37178442028985514,0.48827977315689985,0.587129804662886,0.5404694391934467,0.5360901071203529,0.4730338032953966
0.454,0.5013463720971135,0.02776468141597316,0.37142210144927534,0.49390359168241965,0.5885790800252048,0.5400756143667297,0.5356962822936358,0.4784015627654153
0.4542,0.501261815733396,0.027999005804844778,0.36850845410628025,0.4953843730308759,0.5870825456836799,0.5408160050409577,0.5356962822936358,0.4800832342449465
0.4544,0.5011643924407171,0.028410915386719627,0.36459842995169084,0.4983774417139256,0.5874133585381223,0.5397290485192185,0.534593572778828,0.4822745031425174
0.4546,0.5010767801307338,0.028640682589964543,0.3613828502415459,0.5006301197227474,0.5859010712035287,0.5386420919974795,0.5349716446124764,0.48493290300662484
0.4548,0.5000003948617361,0.028278812552099644,0.360643115942029,0.5002993068683049,0.5808128544423441,0.5368147448015123,0.535743541272842,0.4856888058433838
0.455,0.5001431552464647,0.02837262741658,0.3585144927536231,0.5037177063642092,0.5778512917454315,0.5349716446124763,0.5387051039697542,0.4870986920332937
0.4552,0.5003277069953042,0.028270549586378348,0.35709541062801936,0.5052457466918715,0.5730466288594833,0.5341682419659735,0.5416509136735981,0.4907593001528793
0.4554,0.5002150705527629,0.028787007556360128,0.3520229468599033,0.5123660995589162,0.5686988027725267,0.5312696912413359,0.5449590422180215,0.4919738406658739
0.4556,0.5000623606148664,0.02844208269847258,0.35271739130434787,0.5145715185885318,0.5661625708884687,0.5290170132325143,0.5442501575299306,0.49365551214540515
0.4558,0.4986204752379469,0.02826109364248596,0.35167572463768115,0.5122715816005041,0.5617517328292376,0.5271739130434783,0.5449905482041588,0.4938593511126211
0.456,0.4975799019716541,0.027831507839021913,0.35170591787439615,0.5129962192816635,0.5565689981096409,0.5275519848771266,0.5420919974795211,0.49456429420757597
0.4562,0.4979055737445049,0.02765505747095713,0.3519927536231884,0.5144927536231884,0.5525992438563326,0.5271739130434783,0.5439350976685571,0.49723968065228463
0.4564,0.49886568608558807,0.02780004690320665,0.35132850241545893,0.5185412728418399,0.5525519848771265,0.5249842470069312,0.544675488342785,0.5011126210293868
0.4566,0.49751386859817276,0.02728985428044144,0.3516908212560386,0.5177536231884059,0.5453056080655325,0.5224480151228732,0.5443604284814114,0.5035247154747748
0.4568,0.4964247923217184,0.027920631808596125,0.3469806763285024,0.5162098298676748,0.5423597983616888,0.5228260869565218,0.5461720226843101,0.504000339731612
0.457,0.4967146850759849,0.02805603555507766,0.3462409420289855,0.5181789540012602,0.5412570888468811,0.5202583490863264,0.547668557025835,0.5066842194666213
0.4572,0.49604803320032714,0.028243312981732858,0.3444746376811594,0.5178008821676119,0.5408947700063013,0.5184152488972905,0.5473219911783239,0.5073806692712757
0.4574,0.49672969314823806,0.027781320208085908,0.3473429951690821,0.5174385633270321,0.5398078134845621,0.5184782608695653,0.5469911783238814,0.510319347715305
0.4576,0.49540967523350843,0.028248309418898433,0.34334239130434785,0.5174543163201009,0.5354599873976056,0.5181947069943289,0.5481884057971014,0.5098182435875659
0.4578,0.49614564884153195,0.027372457186128546,0.34873188405797106,0.5171235034656585,0.5325456836798992,0.5199905482041588,0.5481884057971016,0.510293867844403
0.458,0.4957055094406701,0.02719291758330724,0.348701690821256,0.5174700693131695,0.5300252047889099,0.5196282293635791,0.5456679269061121,0.5127399354509937
0.4582,0.49445905384552785,0.02698406986911497,0.3479921497584541,0.5174385633270322,0.527835538752363,0.518131695022054,0.5409262759924386,0.5144301002208256
0.4584,0.49331469148133383,0.02712150670630808,0.3458031400966184,0.5181947069943289,0.5238185255198488,0.5196439823566477,0.5387366099558916,0.513691183964668
0.4586,0.49183276065020726,0.026342289150755236,0.3486714975845411,0.5155954631379962,0.5209042218021425,0.5145715185885318,0.5373503465658475,0.5139035162221844
0.4588,0.49095186511046496,0.026141885166586405,0.34865640096618356,0.5163201008191557,0.5191398865784499,0.5134530560806553,0.5344675488342785,0.5136741973840666
0.459,0.4909590857711836,0.02513473016334041,0.35437801932367147,0.5121613106490233,0.516950220541903,0.5127441713925645,0.5348613736609956,0.5146594190589434
0.4592,0.4905889322263442,0.02497991735348561,0.3547554347826087,0.5120982986767486,0.5169659735349715,0.5127599243856332,0.5334751102709515,0.5134788517071514
0.4594,0.4921947606318981,0.024992842193996872,0.35617451690821256,0.5127914303717706,0.5195652173913043,0.5153276622558286,0.5338689350976684,0.5154408017666043
0.4596,0.4922972446735748,0.024258780351170225,0.3604770531400966,0.510192186515438,0.5163358538122244,0.515359168241966,0.5342627599243857,0.5171564464073383
0.4598,0.4938512178602579,0.02352988579949211,0.3659269323671498,0.5120667926906112,0.5178166351606805,0.5168714555765594,0.5342627599243857,0.5161627314421606
0.46,0.4942166959849601,0.022696136522393107,0.3705917874396135,0.51208254568368,0.5181789540012602,0.5172337744171392,0.5310333963453056,0.5161797180227621
0.4602,0.49564004562397773,0.022116632482839755,0.3752868357487923,0.5124606175173283,0.5181947069943289,0.5172337744171392,0.5325141776937619,0.5181501613725157
0.4604,0.4966554446474438,0.021243371672874878,0.38103864734299514,0.512822936357908,0.5185885318210459,0.5165248897290485,0.531805293005671,0.5191523696279938
0.4606,0.49620744855910254,0.02027983225069047,0.38611111111111107,0.5086798991808443,0.5153276622558286,0.5165563957151857,0.5306868304977945,0.5198827925938508
0.4608,0.4976391529736964,0.01890254108763065,0.39518417874396133,0.5097983616887208,0.5124291115311909,0.517296786389414,0.5307340894770006,0.5203923900118906
0.461,0.49843070733379885,0.018614099368409315,0.39770531400966186,0.5094675488342786,0.5120352867044737,0.5187618147448015,0.5314744801512288,0.5211397995583489
0.4612,0.4986782578798474,0.018142260287280373,0.40092089371980677,0.5068367989918084,0.5094833018273472,0.5216761184625078,0.5300252047889099,0.5231272294887039
0.4614,0.4991997420688587,0.01748747433450016,0.4052687198067632,0.5068367989918083,0.508443604284814,0.5191398865784499,0.5304032766225583,0.5251061661287583
0.4616,0.49950320759368777,0.01684315293973737,0.41035628019323667,0.5045998739760554,0.5040642722117201,0.5176748582230625,0.5322621298046629,0.5280618311533888
0.4618,0.49960129493569294,0.016626384537732016,0.4125603864734299,0.5034341524889729,0.5019218651543793,0.5166509136735981,0.5352079395085066,0.5278325123152708
0.462,0.5000937870860446,0.01600558170218464,0.416862922705314,0.5004253308128543,0.5034026465028355,0.5177378701953371,0.5362633900441084,0.5258705622558179
0.4622,0.5014097908983205,0.015467285508006596,0.4205314009661835,0.5040957781978576,0.5045998739760554,0.5173755513547574,0.536231884057971,0.5256242568370987
0.4624,0.5030848872024388,0.014669473232961949,0.4262832125603865,0.5059231253938249,0.5057183364839319,0.5195494643982357,0.5358695652173913,0.5251656191608629
0.4626,0.5065481791086978,0.013705856482051804,0.43494867149758454,0.5081915563957151,0.5097511027095148,0.5236137366099559,0.5383742911153119,0.5244097163241039
0.4628,0.5082786489131211,0.013095922420008625,0.43926630434782615,0.5122085696282294,0.5116257088846882,0.5243541272841841,0.5375866414618777,0.5246305418719212
0.463,0.5075622961926977,0.012152594438590953,0.4442934782608695,0.5077032136105861,0.510538752362949,0.524007561436673,0.5357120352867044,0.5231187361984032
0.4632,0.5077335946245066,0.011352079348199363,0.44826388888888885,0.5091997479521109,0.51088531821046,0.5236767485822307,0.5334908632640201,0.520885000849329
0.4634,0.5073313738059994,0.010921879556838536,0.45001509661835754,0.5099086326402016,0.5098298676748583,0.5207624448645243,0.5323408947700063,0.5211313062680483
0.4636,0.5079541299120615,0.010399055696105924,0.4529136473429952,0.512476370510397,0.5094990548204159,0.520825456836799,0.5294265910522999,0.5225836589094616
0.4638,0.508646448023549,0.009472677469544194,0.45862016908212555,0.5121140516698173,0.510192186515438,0.5209042218021424,0.5286704473850031,0.5213776116867674
0.464,0.5092626546911035,0.008878814779196938,0.461850845410628,0.5132167611846251,0.5117517328292376,0.5220384373030875,0.5253150598613736,0.5214030915576695
0.4642,0.5100134099423599,0.008269582429235558,0.4657910628019324,0.5135948330182735,0.5128544423440454,0.5235507246376812,0.5241178323881537,0.5201715644640734
0.4644,0.5107020844327544,0.007925195504920936,0.4690066425120773,0.5132325141776938,0.5110428481411468,0.5265122873345937,0.523015122873346,0.5214030915576695
0.4646,0.5109458166069091,0.007368126731256361,0.4729317632850242,0.5128071833648392,0.5092470069313169,0.5272526780088216,0.5232986767485822,0.5201375913028707
0.4648,0.5126661252766445,0.0068848592233380565,0.47650966183574883,0.5176118462507876,0.5132955261499685,0.5287807183364839,0.5221329552614997,0.517666043825378
0.465,0.513316864757663,0.006195034404608053,0.4815066425120773,0.5175960932577188,0.5132955261499685,0.5291902961562697,0.5231096408317579,0.5152029896381858
0.4652,0.5133679779174393,0.006145232092619824,0.4829559178743962,0.5215973534971644,0.5122085696282294,0.5306868304977945,0.5212507876496535,0.5115084083573976
0.4654,0.5121518249919624,0.00566758749667739,0.4836503623188405,0.5211877756773787,0.5132955261499685,0.5270793950850662,0.5178796471329552,0.5098182435875659
0.4656,0.513157473500524,0.005016817282084256,0.4894021739130435,0.5201008191556395,0.5144139886578449,0.5299936988027725,0.5144770006301197,0.5105571598437235
0.4658,0.5135479802176088,0.005371154831680207,0.48940217391304347,0.5204473850031507,0.5195022054190296,0.5314587271581601,0.5140989287964712,0.5063784610157975
0.466,0.514035352730693,0.005779337268827022,0.4876207729468599,0.5215500945179583,0.5195652173913043,0.533002520478891,0.5158317580340264,0.5066417530151182
0.4662,0.514056971861366,0.006191274842501529,0.4857940821256038,0.5204473850031507,0.5181474480151229,0.535633270321361,0.5172022684310019,0.5071173772719553
0.4664,0.5139440743332493,0.006062360831242984,0.4875754830917874,0.5218651543793321,0.5166824196597354,0.5356805293005671,0.5167139256458727,0.5051469339222014
0.4666,0.5144240348777148,0.006452065660033148,0.4861262077294685,0.5214555765595462,0.5189193446754883,0.5372085696282294,0.5181632010081916,0.5046713096653643
0.4668,0.5155302796956213,0.00639156648864649,0.4890247584541062,0.5228418399495903,0.5211090107120353,0.5390516698172652,0.5169502205419029,0.5042041786988278
0.467,0.5166868267656646,0.006568107941694139,0.49002113526570057,0.5257876496534342,0.5200063011972273,0.5416194076874605,0.5172337744171392,0.5054526923730253
0.4672,0.516778314663377,0.0064202886270640115,0.49432367149758455,0.5216918714555766,0.5211090107120352,0.5435727788279774,0.51794265910523,0.5020298963818582
0.4674,0.5165182055666676,0.006414068521798164,0.4947463768115942,0.5232041587901702,0.5192974165091367,0.5439193446754883,0.5156742281033396,0.5022677085102769
0.4676,0.5156944272629695,0.006543185205127293,0.4943387681159421,0.520132325141777,0.5204001260239446,0.5449905482041588,0.5115784499054821,0.5027263461865127
0.4678,0.5153826179077176,0.006792354437548058,0.49255736714975845,0.5182262129804663,0.5178481411468179,0.5471802142407057,0.5107592942659105,0.5057244776626464
0.468,0.5160577614012417,0.007190162376668689,0.4904287439613527,0.5197069943289224,0.5185885318210459,0.5489918084436043,0.5114366729678639,0.507193816884661
0.4682,0.5165915721556953,0.00718730032768228,0.49119867149758456,0.5238185255198488,0.5160365469439194,0.5490390674228104,0.5124921235034656,0.5069644980465433
0.4684,0.5177603908052576,0.007318837995952338,0.49660326086956524,0.5223377441713926,0.515705734089477,0.5537807183364839,0.510932577189666,0.5072023101749619
0.4686,0.5192019265319151,0.007339107310901212,0.4958333333333333,0.521518588531821,0.5211405166981727,0.5544896030245747,0.5130907372400756,0.5091387803635128
0.4688,0.5185918125053154,0.007475237064919732,0.4979770531400966,0.5196124763705104,0.5182104599873976,0.5563169502205418,0.5112633900441084,0.5081705452692373
0.469,0.5192301451254633,0.0071162063617480785,0.5019474637681159,0.517296786389414,0.5152961562696913,0.5566635160680529,0.5130592312539383,0.5111177170035672
0.4692,0.519039605690212,0.007789744217811094,0.5004076086956522,0.5139256458727158,0.5142249527410208,0.5603497164461249,0.5129804662885948,0.5123492440971631
0.4694,0.5196533374709209,0.0084278052827188,0.5011171497584541,0.5127599243856332,0.513122243226213,0.5647763074984247,0.5125551354757404,0.51358926448106
0.4696,0.5199913094219174,0.008896480309806741,0.5029589371980676,0.5128229363579081,0.5109955891619408,0.5680686830497794,0.5110113421550094,0.5140903686087991
0.4698,0.5189969363724292,0.009603381352045737,0.5026268115942029,0.5110270951480781,0.5062381852551986,0.5710144927536231,0.5094517958412098,0.5136232376422626
0.47,0.517036009787014,0.0099342344712625,0.504393115942029,0.5106490233144297,0.5021739130434782,0.5706679269061121,0.5016855702583491,0.5126465092576865
0.4702,0.5166008883208321,0.010522387094148862,0.500769927536232,0.5101606805293006,0.5025362318840579,0.5731884057971014,0.4998109640831759,0.5131391200951249
0.4704,0.5157549790844029,0.010382579651443137,0.5004076086956522,0.5097826086956522,0.4995904221802143,0.5713295526149968,0.49977945809703844,0.5136402242228639
0.4706,0.5159004678041027,0.01060485388781378,0.5033212560386473,0.5108695652173914,0.49955891619407683,0.5727473219911783,0.4972274732199118,0.5116782741634108
0.4708,0.5154982821438808,0.011314679606033894,0.5025966183574879,0.5093730308758664,0.4955261499684941,0.5756143667296787,0.49574669187145554,0.5141328350603024
0.471,0.5156512943835666,0.011661985761061418,0.5005132850241546,0.506758034026465,0.4937303087586641,0.5774259609325771,0.49862948960302467,0.5168506879565143
0.4712,0.5166455124169786,0.011708401275132526,0.5030495169082125,0.5101134215500944,0.49298991808443604,0.5784656584751102,0.49858223062381857,0.5166723288602004
0.4714,0.5177384603973981,0.012059187863525105,0.5052083333333333,0.5093100189035917,0.49369880277252676,0.5813484562066792,0.49818840579710144,0.5186767453711567
0.4716,0.5170571225789142,0.012668306664376926,0.5016002415458937,0.5097195967233774,0.49406112161310645,0.5842312539382484,0.4959987397605545,0.5167317818923051
0.4718,0.5166806718915714,0.013176774756647533,0.4976147342995169,0.5122400756143667,0.4914933837429111,0.5859955891619407,0.4959829867674859,0.516757261763207
0.472,0.5173869382165369,0.01294491981861874,0.4987016908212559,0.5118620037807183,0.4936672967863894,0.5856647763074984,0.49669187145557653,0.5177339901477832
0.4722,0.5175463152208194,0.01325941257416575,0.49613526570048305,0.5103654694391934,0.4933049779458097,0.5875078764965342,0.4992281033396345,0.5187361984032615
0.4724,0.5170602829408277,0.01386222435533222,0.49578804347826083,0.5088689350976685,0.4903591682419659,0.5901228733459357,0.4985034656584751,0.5187192118226601
0.4726,0.5165330227584205,0.014137012008886571,0.49584842995169087,0.5089004410838059,0.4896502835538752,0.5912098298676749,0.4963137996219283,0.5172753524715474
0.4728,0.5173854072144397,0.014506412827441344,0.4947614734299517,0.5095935727788279,0.48890989287964715,0.59377756773787,0.49855072463768113,0.5187192118226601
0.473,0.5180376386183411,0.01437430629224403,0.4915157004830918,0.5104127284183995,0.4903276622558286,0.5933837429111531,0.5028985507246377,0.5196874469169356
0.4732,0.5200179073523078,0.015059062015931993,0.49364432367149763,0.5115942028985507,0.48735034656584747,0.5984719596723378,0.5069470699432892,0.5220995413623238
0.4734,0.5192513106176261,0.014649127392125025,0.4925724637681159,0.5130749842470069,0.4873345935727788,0.5951480781348456,0.5054820415879017,0.5218957023951079
0.4736,0.5184771303968978,0.014785981994494839,0.48715277777777777,0.5131222432262129,0.4873030875866414,0.5944076874606175,0.5077032136105859,0.5211737727195516
0.4738,0.5176560336371758,0.015295176413887012,0.479981884057971,0.5116414618777567,0.48694076874606174,0.5944864524259609,0.5087901701323252,0.5240954645829794
0.474,0.5182373623008288,0.015303780750855521,0.4778230676328503,0.5123976055450535,0.48949275362318845,0.5948645242596093,0.5117359798361688,0.5231102429081026
0.4742,0.5180962417193393,0.015972541566038213,0.47349033816425123,0.5105229993698803,0.48799621928166353,0.5966918714555766,0.5150756143667297,0.5248004076779343
0.4744,0.5182710897256864,0.016145434631174366,0.4709390096618358,0.5109483301827347,0.4890359168241966,0.5970226843100189,0.5176275992438564,0.5240529981314761
0.4746,0.518215099431615,0.01653889956403627,0.4694746376811594,0.5116572148708254,0.4864681789540013,0.5981568998109641,0.5202110901071204,0.5233225751656192
0.4748,0.5187991761835462,0.017375686193078402,0.46437198067632846,0.5161625708884687,0.4856805293005671,0.601086956521739,0.5231726528040328,0.522320366910141
0.475,0.5181156988012918,0.01674012358713305,0.4629076086956522,0.5157844990548204,0.4864051669817265,0.5952583490863264,0.5257718966603655,0.5225666723288602
0.4752,0.5193331507622299,0.016204026371939566,0.46465881642512075,0.5194864524259609,0.4899653434152488,0.5937933207309388,0.5264965343415249,0.5215984372345848
0.4754,0.520330881558043,0.016282164764047896,0.4642210144927536,0.5201953371140516,0.4914461247637051,0.5941556395715186,0.5308443604284815,0.5211228129777477
0.4756,0.5197170535751972,0.015952018760540105,0.46349637681159417,0.5217076244486453,0.4914461247637051,0.5909420289855072,0.5308443604284815,0.5198658060132495
0.4758,0.5192478737651592,0.015927005426573562,0.4642210144927536,0.5221014492753622,0.4891934467548834,0.5901701323251418,0.5319313169502206,0.5178698827925938
0.476,0.5192578639584803,0.015832337593786692,0.46352657004830916,0.5191241335853812,0.4928166351606805,0.5905009451795842,0.5311909262759925,0.5183879735009342
0.4762,0.5207633962566444,0.01589546372862603,0.4656702898550725,0.5187618147448015,0.49461247637051037,0.592296786389414,0.5362948960302457,0.5169441141498217
0.4764,0.5216476215015633,0.01595707449626921,0.4664100241545894,0.5221487082545684,0.4938090737240075,0.5926591052299937,0.538169502205419,0.5166893154408018
0.4766,0.5221875232431201,0.01593392036208882,0.46819142512077294,0.5188248267170762,0.49486452425960936,0.5930844360428482,0.5422180214240706,0.5159419058943435
0.4768,0.5229758913743254,0.01593945814798692,0.46746678743961356,0.5184625078764966,0.4966446124763704,0.59234404536862,0.545526149968494,0.517411245116358
0.477,0.5242122698653112,0.016022537679139234,0.46710446859903376,0.5166194076874606,0.49914933837429104,0.5920289855072465,0.5502678008821676,0.520103618141668
0.4772,0.5250555618349888,0.015319138700144461,0.4688405797101449,0.5177378701953371,0.5030875866414618,0.5887681159420289,0.5510396975425331,0.520859520978427
0.4774,0.5255871489393923,0.015279036864808653,0.46841787439613525,0.5169817265280403,0.5067107750472589,0.5887996219281663,0.5517958412098298,0.5208170545269237
0.4776,0.5262756717214141,0.015268393668624524,0.46915760869565215,0.5158632640201638,0.5085066162570888,0.588074984247007,0.5554977945809704,0.5205537625276031
0.4778,0.526624521129288,0.015126398495084627,0.468780193236715,0.5148078134845621,0.5109640831758033,0.5855072463768115,0.5584120982986768,0.5212756922031595
0.478,0.5280340319320302,0.014933404738083945,0.4709390096618358,0.5159735349716447,0.5127599243856332,0.58588531821046,0.559892879647133,0.5227535247154748
0.4782,0.5278011750591709,0.014557606569789973,0.4723429951690822,0.5167139256458727,0.5127756773787019,0.5818683049779458,0.5628071833648394,0.5202989638185833
0.4784,0.5291100692231999,0.014318887910947129,0.47557367149758456,0.5129962192816635,0.5167454316320101,0.5800882167611847,0.5672337744171392,0.5220231017496177
0.4786,0.5299720052301912,0.014360476160931376,0.4784269323671498,0.5118777567737871,0.5181474480151229,0.5808286074354128,0.570226843100189,0.5203244436894853
0.4788,0.5304946499399392,0.014562588002826192,0.4805404589371981,0.5081442974165091,0.5214240705734089,0.579725897920605,0.575,0.5181331747919142
0.479,0.5306099250749735,0.01459103721831813,0.48087258454106274,0.5089477000630119,0.5214398235664776,0.5793478260869565,0.5761499684940138,0.5169016476983183
0.4792,0.5301710000843977,0.01427865259759223,0.4848278985507246,0.5056080655324511,0.5232041587901701,0.5782451165721486,0.5754410838059231,0.5136996772549687
0.4794,0.5298453145604205,0.014380668612796186,0.4859299516908212,0.5026937618147448,0.5250315059861373,0.5793163201008191,0.574354127284184,0.5117462204858163
0.4796,0.5301324784779857,0.014519741164168196,0.4851751207729468,0.5016855702583491,0.5257718966603655,0.5774732199117831,0.5772526780088216,0.513436385255648
0.4798,0.5305626287819002,0.014278071107636316,0.4890851449275363,0.500945179584121,0.5282608695652173,0.5770951480781348,0.5772369250157529,0.5107525055206388
0.48,0.5320658978490692,0.014206959644520248,0.49338768115942033,0.5013547574039068,0.5311594202898551,0.5760554505356017,0.5808916194076874,0.5095464582979446
0.4802,0.5328702977123917,0.014414882996794439,0.49519927536231884,0.5009766855702583,0.5325614366729678,0.577189666036547,0.582750472589792,0.5085442500424665
0.4804,0.5334535476871403,0.01452725304958968,0.4990942028985508,0.50059861373661,0.5321833648393195,0.5771739130434783,0.5853182104599874,0.5063529811448956
0.4806,0.5331314997263272,0.014761364518785706,0.49945652173913035,0.49946439823566474,0.5347511027095149,0.5753623188405796,0.5867989918084435,0.5029556650246305
0.4808,0.5333367520863447,0.01443816959095646,0.503743961352657,0.4994486452425961,0.536972274732199,0.5746219281663516,0.5849873976055451,0.5002463054187192
0.481,0.5333195082481843,0.014160314649935182,0.5065821256038647,0.49946439823566474,0.5387681159420289,0.5706049149338374,0.5857120352867045,0.4987854594870053
0.4812,0.533367341151091,0.014113161820320956,0.5090730676328502,0.49982671707624443,0.5366099558916194,0.5695179584120982,0.5871298046628859,0.49804654323084757
0.4814,0.5339371695247543,0.014922203148312918,0.5108695652173914,0.49796786389413994,0.5354757403906742,0.5713453056080656,0.5918714555765595,0.49609308646169525
0.4816,0.5346398593304071,0.014974242678836822,0.512650966183575,0.49833018273471963,0.5351291745431632,0.5731726528040328,0.5922337744171392,0.49632240529981314
0.4818,0.5346581075396893,0.014753982183385712,0.514417270531401,0.49940138626339003,0.5336956521739131,0.5727945809703844,0.5915721487082546,0.4960676065907932
0.482,0.5344370588148074,0.014793327770556908,0.5147493961352658,0.5023629489603024,0.5307655954631381,0.5738815374921236,0.5912413358538122,0.4936215389842024
0.4822,0.534829441724427,0.015334653085630555,0.5179649758454106,0.4997637051039697,0.5307971014492754,0.5739287964713295,0.5945652173913043,0.4919568540852726
0.4824,0.5348938554939588,0.015295308809543075,0.5211654589371981,0.4994171392564587,0.5271739130434783,0.5739603024574669,0.5949590422180213,0.4926872770511296
0.4826,0.5353073298069023,0.014858615647769914,0.5232940821256038,0.5034814114681789,0.5279143037177063,0.5757718966603654,0.5908947700063012,0.490487514863258
0.4828,0.5358994556505867,0.014666235575563746,0.5258001207729468,0.5034341524889729,0.5290012602394455,0.5753780718336483,0.5905482041587902,0.4912349244097164
0.483,0.536190298923591,0.014094328477160191,0.526856884057971,0.5079395085066162,0.5304977945809703,0.5720384373030877,0.5895085066162571,0.49030066247664356
0.4832,0.5363552666898804,0.013880532460764166,0.5290609903381642,0.5105072463768116,0.5315847511027094,0.5695022054190296,0.5891461877756774,0.4883302191268898
0.4834,0.5377447234445413,0.01392635107442976,0.5355676328502414,0.5109483301827347,0.5319785759294265,0.5676591052299937,0.5917296786389412,0.4885850178359097
0.4836,0.5387749442310804,0.014024833878780119,0.5374396135265701,0.5127756773787019,0.5312854442344046,0.5698330182734719,0.5925015752993068,0.48881433667402757
0.4838,0.5398196607860845,0.014027013186460427,0.5342391304347827,0.515359168241966,0.5360113421550095,0.5712665406427221,0.5932104599873975,0.4888313232546288
0.484,0.5410753204375182,0.01386888761666453,0.5360507246376812,0.5183049779458097,0.5367674858223063,0.5701953371140517,0.5950535601764335,0.49007983692882623
0.4842,0.5423465203483787,0.013763761927972351,0.5364130434782608,0.5219596723377442,0.5396975425330813,0.5690926275992438,0.5965816005040958,0.4903346356378462
0.4844,0.5426735246982896,0.013906464958927056,0.5371678743961353,0.5227158160050409,0.5408475110270952,0.5672810333963454,0.5984247006931318,0.4896042126719891
0.4846,0.5427672158609362,0.01385389509594081,0.5383001207729469,0.5227158160050409,0.5405166981726527,0.5658317580340264,0.5991335853812224,0.4901053167997282
0.4848,0.5441750582432302,0.013647986775242307,0.53756038647343,0.5265122873345935,0.5431474480151228,0.5673755513547574,0.5991178323881539,0.49133684389332427
0.485,0.5444155646075429,0.014289700523643091,0.5361564009661837,0.5268903591682419,0.5424070573408948,0.5652016383112791,0.6049936988027725,0.49084423305588587
0.4852,0.5442768232868228,0.014486656260956196,0.5357638888888889,0.5276149968494014,0.54354127284184,0.5644770006301197,0.6053560176433522,0.48890776286733484
0.4854,0.5436246320213445,0.014450298206799274,0.5361111111111111,0.5268588531821046,0.544281663516068,0.5637996219281664,0.6035129174543162,0.4871836249363003
0.4856,0.5439630470930975,0.014970361873749978,0.5361111111111111,0.5301984877126654,0.544281663516068,0.5631064902331443,0.606064902331443,0.48401562765415324
0.4858,0.5440075909867287,0.01497183837904896,0.5357940821256039,0.53205734089477,0.5468966603654695,0.5620037807183366,0.6049936988027725,0.4822999830134195
0.486,0.5441424281768411,0.014874486383464725,0.5354619565217391,0.5361846250787651,0.5458097038437304,0.5630907372400756,0.6032136105860113,0.48109393579072535
0.4862,0.545397970218979,0.015028995945133728,0.5361714975845411,0.5395557655954631,0.550945179584121,0.5635003150598614,0.6028197857592942,0.4793952777305928
0.4864,0.5462519956303589,0.014931260043173085,0.5369263285024155,0.5429584120982986,0.5520951480781349,0.5649968494013862,0.6013862633900441,0.4791489723118736
0.4866,0.5462383211757914,0.015079174965348573,0.5347222222222222,0.5470541902961562,0.5539697542533081,0.5635633270321361,0.6006616257088847,0.4774588075420418
0.4868,0.5475910077529772,0.015238264786775443,0.5358242753623188,0.550047258979206,0.5562066792690612,0.5632325141776937,0.6025047258979207,0.4777305928316631
0.487,0.5483030434930972,0.01549810507253165,0.535492149758454,0.5522211720226844,0.5583805923125393,0.5647132955261499,0.6025204788909893,0.47649057244776627
0.4872,0.5494703784147049,0.015426609685769484,0.5369565217391304,0.5533238815374921,0.5606490233144298,0.5643352236925014,0.6036231884057971,0.4779344317988789
0.4874,0.5505421828118507,0.01590234586102261,0.5383907004830919,0.5528827977315689,0.5647132955261499,0.5650283553875235,0.6057813484562067,0.4764565992865636
0.4876,0.5511462311608527,0.015897129090717933,0.5402173913043478,0.5551039697542534,0.5658632640201638,0.5646975425330811,0.6050567107750473,0.4759385085782232
0.4878,0.5525875134951325,0.016459672734633893,0.5409571256038648,0.5566477630749842,0.5665879017013232,0.5676275992438563,0.6087429111531192,0.474961780193647
0.488,0.553196299961975,0.01682295643673131,0.5427838164251207,0.558553875236295,0.5673597983616887,0.5676433522369251,0.6098456206679269,0.4729913368438933
0.4882,0.5543466637265421,0.01702703114524308,0.5463919082125603,0.5607592942659105,0.5699432892249527,0.5680214240705734,0.6094675488342786,0.47149651775097673
0.4884,0.5551009965749022,0.016915336351124185,0.5467693236714976,0.5633112791430371,0.5714555765595464,0.5658790170132325,0.6102079395085066,0.47298284355359266
0.4886,0.5562004363320113,0.01739629751107273,0.5471618357487923,0.5685727788279773,0.5740233144297415,0.5655166981726528,0.6109325771896661,0.4709954136232377
0.4888,0.5573400463069256,0.017768090786798307,0.5464522946859904,0.5707309388783869,0.5762602394454946,0.5651543793320731,0.6142091997479521,0.47123322575165616
0.489,0.5597395395174132,0.018533108333820037,0.5482638888888889,0.5744643982356648,0.5802614996849401,0.56591052299937,0.6192974165091367,0.47023951078647863
0.4892,0.5594193237826958,0.01856145351107437,0.5489734299516909,0.575897920604915,0.5831915563957152,0.5648708254568368,0.6152961562696913,0.4682860540173263
0.4894,0.5610373001005446,0.019144024907770868,0.5504679951690821,0.5766225582860743,0.5894297416509136,0.5645400126023945,0.6178796471329553,0.4672838457618481
0.4896,0.5607273736275648,0.019543422427902496,0.5515398550724637,0.5773471959672337,0.5916194076874606,0.5627599243856333,0.6167611846250789,0.4643366740275182
0.4898,0.560541537133286,0.019635736327657506,0.5522192028985508,0.579914933837429,0.5927378701953371,0.5594675488342785,0.6153119092627599,0.46359775777136064
0.49,0.5613083180587307,0.02018269622507951,0.5565519323671497,0.5788279773156899,0.594927536231884,0.5595148078134845,0.6171392564587272,0.46088839816544924
0.4902,0.5611641333174647,0.020302049361282253,0.5569595410628019,0.5796156269691242,0.5971329552614997,0.5562696912413359,0.6163988657844991,0.4606081195855275
0.4904,0.5608871965399941,0.0209875078273139,0.553743961352657,0.5803560176433522,0.5997006931316949,0.5548046628859483,0.6185727788279773,0.4581450653983353
0.4906,0.5608519843093909,0.021122644078754527,0.5544836956521739,0.5807498424700693,0.6015122873345936,0.5558916194076875,0.6160365469439193,0.4564379140479022
0.4908,0.5610167547098514,0.02136272048808996,0.5555253623188406,0.5806868304977945,0.6025992438563327,0.5544423440453686,0.617139256458727,0.4557074910820452
0.491,0.5611599801985564,0.0216180304068205,0.5566123188405797,0.5810649023314429,0.6029615626969124,0.555166981726528,0.6171707624448646,0.4539833531510107
0.4912,0.5603455137488311,0.02175442211801747,0.554423309178744,0.5821518588531821,0.6018588531821046,0.5541272841839949,0.6167769376181476,0.45273483947681337
0.4914,0.5610148988466844,0.0215476054197662,0.5540911835748792,0.5828764965343415,0.6029458097038437,0.5563327032136105,0.6156899810964084,0.454153218957024
0.4916,0.5601082183654431,0.021982553898674023,0.5512832125603865,0.5821361058601134,0.6047416509136736,0.5566792690611215,0.6146030245746692,0.45120604722269403
0.4918,0.5587801122983284,0.021744653462332716,0.5505736714975845,0.5788122243226212,0.6051039697542533,0.5537649653434152,0.6127441713925645,0.4516816714795312
0.492,0.558144788852034,0.021764535111964568,0.549849033816425,0.5795683679899181,0.606159420289855,0.549747952110901,0.6116414618777568,0.45190249702734847
0.4922,0.5584296351287422,0.02170060385538742,0.5512530193236714,0.5780718336483932,0.6090737240075614,0.5493856332703213,0.6101606805293005,0.4526329199932054
0.4924,0.5580155847365161,0.021925838814546916,0.5512832125603865,0.5769061121613106,0.6105229993698803,0.5475740390674229,0.6101764335223693,0.4516307117377272
0.4926,0.5562686846774668,0.021850420629327565,0.5502566425120772,0.5734877126654064,0.6105387523629491,0.5438720856962823,0.6083018273471958,0.45115508748089006
0.4928,0.5547787476246527,0.021790858573743323,0.5499094202898551,0.5697227473219911,0.6109010712035288,0.5416509136735981,0.6060806553245116,0.4504076779344318
0.493,0.5544023914855951,0.02175690466469583,0.549909420289855,0.5682104599873975,0.6123345935727789,0.5401543793320731,0.6049306868304977,0.4508748089009682
0.4932,0.5538830555941777,0.021457976387985765,0.5480978260869565,0.5681474480151228,0.611184625078765,0.5393509766855702,0.6041902961562696,0.4523271615423815
0.4934,0.5540824423183212,0.021324996355154,0.5480978260869566,0.5692186515437934,0.6119092627599244,0.5386105860113422,0.6031505986137367,0.4535077288941737
0.4936,0.5532883245810164,0.021252329744218337,0.5491847826086956,0.5665879017013232,0.6114996849401386,0.538563327032136,0.6013547574039068,0.4525394937998981
0.4938,0.5520746321966156,0.02069098807819407,0.5491998792270532,0.5639729048519218,0.6107750472589791,0.5367202268431002,0.5973377441713926,0.45444199082724646
0.494,0.5504783558437637,0.02063970049130018,0.5481431159420289,0.560586011342155,0.6100661625708884,0.5345305608065533,0.5958412098298675,0.4537030745710888
0.4942,0.5502585456122217,0.02047332523645363,0.5517361111111112,0.5572148708254568,0.6114839319470698,0.5319785759294267,0.5939823566477631,0.45515542721250213
0.4944,0.5505538938843089,0.020657725085076326,0.5535024154589372,0.5572463768115942,0.6140201638311279,0.5290327662255828,0.593635790800252,0.45588585017835914
0.4946,0.5496062394133422,0.020536887098918218,0.5546044685990339,0.5521266540642722,0.6140516698172652,0.5264807813484562,0.5932734719596724,0.45710039069135383
0.4948,0.5475342617787629,0.019788022204442344,0.5509963768115942,0.5499054820415878,0.6104284814114681,0.5246376811594203,0.5899968494013864,0.45924069984712074
0.495,0.5468057617035228,0.019211010870955683,0.5516908212560387,0.5517800882167612,0.6075456836798991,0.5242596093257719,0.5855702583490865,0.45998810939357904
0.4952,0.5462871371541569,0.018845415615954007,0.5524154589371981,0.5529143037177064,0.6068525519848771,0.5213137996219281,0.5822936357908002,0.4619330728724308
0.4954,0.5457898645919598,0.018651856746355625,0.5542119565217392,0.5511499684940138,0.6050409577819786,0.5205576559546314,0.5816162570888469,0.46216239171054874
0.4956,0.5448410001705318,0.018451877225345092,0.5527777777777778,0.5485822306238185,0.6043163201008193,0.5187303087586641,0.5812539382482672,0.46338542551384415
0.4958,0.5439993298674727,0.018065462019829084,0.5560537439613527,0.5441713925645872,0.6039540012602395,0.5172495274102079,0.577236925015753,0.4653303889926958
0.496,0.5428516179890469,0.017752152157990565,0.5560084541062802,0.5437933207309389,0.6021581600504096,0.5136420919974796,0.5747164461247637,0.4667912349244097
0.4962,0.5417504466120561,0.017585051791919853,0.554513888888889,0.5427063642091998,0.6010869565217392,0.5124921235034657,0.5729206049149338,0.46678274163410904
0.4964,0.5401602007785166,0.017219126936435084,0.5544987922705313,0.5397132955261499,0.5967391304347827,0.513563327032136,0.571124763705104,0.46532189570239507
0.4966,0.5389639517908521,0.01678102736742292,0.5544987922705313,0.5379017013232514,0.5971329552614997,0.5109640831758033,0.5652804032766225,0.46800577543740446
0.4968,0.5371107041625067,0.015879045920019663,0.5534118357487923,0.5364524259609326,0.5913043478260869,0.5102079395085066,0.5616257088846881,0.46966196704603363
0.497,0.5354246061768085,0.015891396746088585,0.551977657004831,0.5360901071203529,0.5902173913043479,0.5068998109640832,0.5587114051669817,0.46865126550025477
0.4972,0.534117598147007,0.01596721029282329,0.5512228260869565,0.5353812224322622,0.5883900441083806,0.5079395085066162,0.5565689981096409,0.46520298963818585
0.4974,0.5333630266980215,0.015616654599789568,0.5497584541062801,0.5372558286074355,0.5861846250787649,0.5075614366729678,0.5539855072463769,0.46543230847630374
0.4976,0.5317079350122599,0.01550818144503099,0.5522795893719806,0.5342470069313169,0.5825456836798992,0.5078607435412728,0.5503623188405797,0.46295226770851033
0.4978,0.5317139105456493,0.01560165006543809,0.5533363526570048,0.5353182104599874,0.5832860743541273,0.505970384373031,0.5489445494643983,0.46342789196534734
0.498,0.5304047849167145,0.015141299184310477,0.5501056763285025,0.531962822936358,0.58145872715816,0.5062854442344046,0.5482199117832387,0.4643961270596229
0.4982,0.5289219921315371,0.015206600402331497,0.5515096618357488,0.5323251417769377,0.5799936988027726,0.5037177063642092,0.5430844360428482,0.46290130796670625
0.4984,0.5266632225781341,0.014262077041561213,0.5482336956521741,0.5289224952741021,0.5749369880277253,0.5050724637681159,0.5386893509766855,0.4641243417700017
0.4986,0.5253623076910178,0.014063155857538838,0.55,0.5300252047889098,0.5712980466288595,0.5020951480781348,0.5346565847511027,0.4640988618990997
0.4988,0.5250887555488991,0.013882239122037253,0.5514341787439614,0.528575929426591,0.5694706994328922,0.5013705103969754,0.5346565847511027,0.4650246305418719
0.499,0.5243023779675688,0.013827911105334878,0.5521437198067634,0.5293478260869564,0.5665563957151859,0.49867674858223054,0.5342942659105231,0.464795311703754
0.4992,0.5231229336182376,0.01333161779911218,0.5542119565217392,0.5293320730938877,0.5614366729678639,0.49823566477630754,0.5295368620037808,0.4659843723458468
0.4994,0.5225996869808057,0.01335494709129,0.5552385265700484,0.5307498424700693,0.5603024574669188,0.4971014492753623,0.5262129804662885,0.46599286563614745
0.4996,0.5214006063946443,0.013338866079728855,0.5533816425120773,0.52822936357908,0.5599558916194077,0.4974322621298047,0.5251102709514808,0.4642942075760149
0.4998,0.521022951238708,0.012841450931313015,0.5497433574879227,0.5281978575929427,0.559247006931317,0.49810964083175796,0.5251102709514808,0.4657295736368269
0.5,0.520629734416186,0.012553418502862212,0.547554347826087,0.528528670447385,0.5570415879017012,0.4991965973534972,0.5262287334593573,0.4652284695090879
