time,mean_auc,se_auc,fold_1,fold_2,fold_3,fold_4,fold_5
-0.1,0.5649651775097674,0.03445392251197348,0.45659928656361476,0.5800492610837439,0.6342364532019705,0.6564039408866996,0.49753694581280783
-0.0998,0.5654577883472056,0.03462797179281155,0.45659928656361476,0.5800492610837438,0.6379310344827586,0.6551724137931034,0.4975369458128079
-0.0996,0.5647273653813487,0.0351638371740117,0.455410225921522,0.5751231527093597,0.6391625615763546,0.6576354679802955,0.4963054187192118
-0.0994,0.5644895532529302,0.03567098731507387,0.4542211652794293,0.5714285714285714,0.6391625615763546,0.6613300492610837,0.49630541871921185
-0.0992,0.5618226600985221,0.03653532222652253,0.44827586206896547,0.5677339901477833,0.6354679802955665,0.6637931034482758,0.49384236453201963
-0.099,0.562782401902497,0.0365600793523181,0.4518430439952437,0.5640394088669951,0.6379310344827586,0.6662561576354679,0.4938423645320197
-0.0988,0.5615848479701036,0.03740242237643692,0.44708680142687274,0.561576354679803,0.6416256157635468,0.6650246305418719,0.49261083743842365
-0.0986,0.5627993884830984,0.03664768531728737,0.4494649227110583,0.5615763546798029,0.6403940886699507,0.6650246305418719,0.4975369458128079
-0.0984,0.5618481399694242,0.03727530579402964,0.4447086801426872,0.5615763546798029,0.6391625615763548,0.666256157635468,0.4975369458128079
-0.0982,0.5608799048751486,0.03724670772889087,0.44233055885850175,0.5578817733990148,0.6403940886699507,0.6637931034482758,0.5
-0.098,0.5599201630711738,0.03720505180779134,0.4387633769322235,0.5578817733990148,0.6379310344827586,0.6625615763546798,0.5024630541871922
-0.0978,0.5582299983013419,0.03725583005372212,0.4340071343638526,0.5603448275862069,0.6342364532019704,0.6600985221674877,0.5024630541871921
-0.0976,0.5572702564973671,0.037835309216511966,0.4304399524375743,0.5554187192118227,0.6379310344827587,0.6588669950738916,0.5036945812807881
-0.0974,0.5572957363682691,0.03868440118279109,0.426872770511296,0.5554187192118226,0.6391625615763546,0.6613300492610837,0.5036945812807883
-0.0972,0.5580516392050281,0.039277826834429784,0.4244946492271106,0.5566502463054187,0.6416256157635468,0.6625615763546798,0.5049261083743842
-0.097,0.5565992865636148,0.03952227484999699,0.42092746730083236,0.5578817733990148,0.6379310344827587,0.6625615763546798,0.5036945812807883
-0.0968,0.5556225581790385,0.03948946789979152,0.4197384066587396,0.5578817733990147,0.6379310344827587,0.6600985221674877,0.5024630541871922
-0.0966,0.5563784610157976,0.039418215095304125,0.41736028537455416,0.562807881773399,0.6366995073891626,0.6588669950738917,0.5061576354679802
-0.0964,0.5534567691523696,0.039368291377612906,0.41260404280618307,0.5603448275862069,0.6342364532019705,0.6539408866995075,0.5061576354679802
-0.0962,0.5510022082554782,0.03984789507649622,0.4114149821640904,0.5578817733990148,0.6305418719211823,0.6564039408866995,0.49876847290640397
-0.096,0.5505095974180397,0.039938268022294554,0.41141498216409034,0.5566502463054188,0.6293103448275862,0.6576354679802956,0.49753694581280783
-0.0958,0.5478257176830305,0.03941162428924192,0.4078478002378122,0.5566502463054187,0.6293103448275862,0.6477832512315271,0.49753694581280783
-0.0956,0.5463648717513164,0.038861596015995856,0.4054696789536266,0.5615763546798029,0.6280788177339901,0.6391625615763548,0.4975369458128079
-0.0954,0.5434516731781892,0.03917258591252672,0.3995243757431629,0.5566502463054187,0.6243842364532021,0.6379310344827587,0.4987684729064039
-0.0952,0.5422286393748939,0.039169442728899134,0.3983353151010702,0.5529556650246306,0.625615763546798,0.6354679802955665,0.4987684729064039
-0.095,0.542704263631731,0.03875975464636205,0.4007134363852557,0.5578817733990149,0.626847290640394,0.6317733990147784,0.4963054187192118
-0.0948,0.542704263631731,0.038513235951150436,0.40071343638525564,0.5566502463054188,0.6268472906403941,0.6305418719211824,0.4987684729064039
-0.0946,0.5407338202819773,0.03787952514872088,0.4007134363852557,0.5578817733990148,0.6231527093596059,0.625615763546798,0.4963054187192118
-0.0944,0.5414897231187362,0.03835792569483071,0.3983353151010702,0.5615763546798029,0.6231527093596059,0.6268472906403941,0.49753694581280783
-0.0942,0.5424664515033124,0.03834541577297666,0.39952437574316285,0.5615763546798029,0.623152709359606,0.6293103448275862,0.4987684729064039
-0.094,0.5415067096993376,0.03864305516925569,0.3959571938168847,0.5640394088669951,0.6182266009852216,0.6305418719211823,0.498768472906404
-0.0938,0.542474944793613,0.03810823683102826,0.3983353151010701,0.5652709359605912,0.6169950738916256,0.6305418719211823,0.5012315270935961
-0.0936,0.541999320536776,0.038307509362039666,0.39595719381688466,0.5689655172413794,0.6120689655172413,0.6317733990147784,0.5012315270935961
-0.0934,0.5422286393748939,0.03813352395765595,0.3983353151010702,0.5726600985221675,0.6108374384236455,0.6317733990147782,0.4975369458128079
-0.0932,0.5410056055715985,0.03816846219997413,0.39714625445897744,0.5751231527093597,0.6059113300492611,0.6317733990147784,0.49507389162561577
-0.093,0.5412604042806184,0.03865263588406577,0.39595719381688466,0.5812807881773399,0.5985221674876848,0.6366995073891626,0.49384236453201974
-0.0928,0.5412604042806184,0.038632226643627685,0.39595719381688466,0.5825123152709359,0.5972906403940887,0.6366995073891626,0.49384236453201974
-0.0926,0.5444453881433666,0.038117282417851166,0.3983353151010701,0.5874384236453203,0.6009852216748768,0.6342364532019704,0.5012315270935961
-0.0924,0.5437064718872091,0.03823149586257422,0.3983353151010701,0.5886699507389164,0.6009852216748769,0.6330049261083743,0.4975369458128079
-0.0922,0.5451418379480211,0.03732322282218769,0.40428061831153383,0.5923645320197044,0.5997536945812809,0.6317733990147784,0.4975369458128079
-0.092,0.5451333446577203,0.03672049952725981,0.4054696789536266,0.5960591133004927,0.5997536945812808,0.625615763546798,0.49876847290640397
-0.0918,0.5478172243927297,0.03654934895503167,0.4090368608799049,0.5997536945812809,0.6009852216748769,0.6280788177339902,0.5012315270935961
-0.0916,0.5483098352301682,0.03665864392260107,0.4090368608799049,0.603448275862069,0.6009852216748769,0.6268472906403941,0.5012315270935961
-0.0914,0.5497536945812808,0.03591940417520563,0.4137931034482758,0.6059113300492611,0.6009852216748769,0.625615763546798,0.5024630541871922
-0.0912,0.5497367080006794,0.03522267001344201,0.4161712247324614,0.6096059113300493,0.5972906403940887,0.6219211822660098,0.5036945812807883
-0.091,0.5496772549685749,0.03414881843440803,0.4244946492271106,0.6096059113300493,0.5911330049261084,0.624384236453202,0.49876847290640397
-0.0908,0.5503567181926278,0.03294519916159235,0.43281807372175984,0.6120689655172413,0.5886699507389163,0.6219211822660099,0.49630541871921185
-0.0906,0.5503227450314252,0.03206883095775949,0.4375743162901308,0.6145320197044335,0.5874384236453202,0.6169950738916257,0.4950738916256158
-0.0904,0.5502972651605231,0.03145590158702948,0.441141498216409,0.6169950738916256,0.5825123152709359,0.6157635467980296,0.4950738916256158
-0.0902,0.5493035501953456,0.03096993030508073,0.44233055885850175,0.6157635467980296,0.5825123152709359,0.6120689655172413,0.49384236453201974
-0.09,0.5497961610327841,0.03117012916646741,0.44233055885850175,0.6206896551724138,0.583743842364532,0.6083743842364532,0.49384236453201974
-0.0898,0.5500254798709019,0.0309968281773873,0.4447086801426873,0.6182266009852215,0.5812807881773399,0.6133004926108374,0.49261083743842365
-0.0896,0.5475624256837098,0.03036648354933862,0.4447086801426873,0.6169950738916256,0.5726600985221675,0.6108374384236454,0.49261083743842365
-0.0894,0.5473161202649907,0.030149990047720173,0.4447086801426873,0.6182266009852216,0.5714285714285714,0.6083743842364533,0.49384236453201974
-0.0892,0.5465602174282317,0.029981782971363183,0.4470868014268728,0.6194581280788177,0.5665024630541873,0.6083743842364532,0.49137931034482757
-0.089,0.5475284525225073,0.030176877729925253,0.44946492271105826,0.6219211822660099,0.5652709359605912,0.6108374384236454,0.49014778325123154
-0.0888,0.5484712077458809,0.03001940114259832,0.45541022592152197,0.623152709359606,0.5640394088669951,0.6133004926108374,0.48645320197044334
-0.0886,0.5489638185833192,0.029938218233584217,0.455410225921522,0.625615763546798,0.5628078817733989,0.6120689655172413,0.48891625615763545
-0.0884,0.5501613725157126,0.029537249401780843,0.460166468489893,0.6219211822660099,0.564039408866995,0.6169950738916256,0.48768472906403937
-0.0882,0.5496432818073722,0.029609539554010682,0.46373365041617126,0.6206896551724138,0.5615763546798029,0.6194581280788177,0.48275862068965514
-0.088,0.5505860370307458,0.028787241388912647,0.469678953626635,0.6182266009852218,0.5591133004926108,0.6219211822660099,0.4839901477832512
-0.0878,0.548615593680992,0.02843996842926067,0.469678953626635,0.6169950738916257,0.5603448275862069,0.6157635467980295,0.4802955665024631
-0.0876,0.5486071003906913,0.02890661526718364,0.47086801426872776,0.6169950738916256,0.5603448275862069,0.6182266009852216,0.4766009852216749
-0.0874,0.5476218787158145,0.028307043610051614,0.4708680142687277,0.6120689655172414,0.5591133004926108,0.6182266009852216,0.4778325123152709
-0.0872,0.5488194326482079,0.02795818457861219,0.47562425683709864,0.6096059113300493,0.5591133004926109,0.6219211822660098,0.47783251231527096
-0.087,0.5480550365211483,0.02777733572818023,0.47919143876337694,0.6059113300492611,0.5578817733990148,0.6231527093596059,0.47413793103448276
-0.0868,0.5478257176830303,0.028966703448627954,0.4768133174791914,0.6096059113300493,0.5566502463054187,0.625615763546798,0.47044334975369456
-0.0866,0.5470698148462715,0.02905296176923616,0.47919143876337694,0.6071428571428572,0.5554187192118226,0.6268472906403941,0.4667487684729064
-0.0864,0.5463054187192118,0.02874205886379513,0.48275862068965514,0.605911330049261,0.5529556650246306,0.6256157635467979,0.46428571428571425
-0.0862,0.5472651605231867,0.028634452795526025,0.4863258026159335,0.6096059113300493,0.5541871921182265,0.6231527093596059,0.46305418719211816
-0.086,0.5477407847800239,0.028103984206122763,0.48870392390011885,0.6108374384236454,0.5517241379310345,0.6219211822660098,0.46551724137931033
-0.0858,0.5447936130456938,0.02799227786258113,0.4875148632580262,0.6096059113300493,0.5480295566502462,0.6169950738916257,0.4618226600985222
-0.0856,0.5449974520129098,0.027684003440502855,0.4934601664684899,0.6083743842364532,0.5443349753694582,0.6182266009852216,0.4605911330049261
-0.0854,0.5442670290470529,0.028200876883844626,0.4922711058263971,0.6108374384236454,0.5455665024630543,0.6157635467980296,0.45689655172413796
-0.0852,0.5437659249193137,0.028384470971507553,0.4934601664684899,0.604679802955665,0.5455665024630543,0.6206896551724138,0.45443349753694584
-0.085,0.5432903006624766,0.02976447769012463,0.4910820451843044,0.6071428571428572,0.541871921182266,0.625615763546798,0.4507389162561577
-0.0848,0.5413283506030236,0.030128346262962562,0.4898929845422117,0.6096059113300493,0.5357142857142856,0.6231527093596059,0.4482758620689655
-0.0846,0.5410650586037031,0.02983957243611074,0.49227110582639716,0.6108374384236454,0.5332512315270936,0.6206896551724138,0.4482758620689655
-0.0844,0.540589434346866,0.030736902882413562,0.48989298454221164,0.6096059113300493,0.5369458128078818,0.6231527093596059,0.4433497536945813
-0.0842,0.5388568031255307,0.03208205476779346,0.49108204518430437,0.6083743842364533,0.5332512315270936,0.6268472906403941,0.4347290640394088
-0.084,0.5368778664854765,0.032984629952499844,0.49227110582639716,0.6096059113300493,0.5270935960591133,0.626847290640394,0.4285714285714286
-0.0838,0.5373534907423136,0.033905279984060656,0.4946492271105826,0.6096059113300493,0.5283251231527094,0.6305418719211823,0.4236453201970444
-0.0836,0.5373365041617123,0.03436304940006818,0.4970273483947682,0.6133004926108374,0.5307881773399015,0.626847290640394,0.41871921182266003
-0.0834,0.5358926448105996,0.03559797739561808,0.4922711058263971,0.6157635467980295,0.5246305418719212,0.6305418719211823,0.41625615763546797
-0.0832,0.5356208595209784,0.035124561219192205,0.49583828775267536,0.6120689655172413,0.520935960591133,0.6317733990147782,0.41748768472906406
-0.083,0.5360879904875148,0.03550368742732917,0.4994054696789536,0.6096059113300493,0.520935960591133,0.6354679802955665,0.4150246305418719
-0.0828,0.5360710039069134,0.03559064550638409,0.5017835909631392,0.6096059113300493,0.522167487684729,0.6342364532019704,0.4125615763546798
-0.0826,0.5367759470018685,0.035824938103691174,0.5065398335315101,0.6071428571428571,0.520935960591133,0.6379310344827587,0.4113300492610838
-0.0824,0.5343043995243757,0.03532300805512172,0.5077288941736029,0.5997536945812808,0.5172413793103448,0.6366995073891626,0.4100985221674877
-0.0822,0.5352811279089519,0.03540191149479295,0.5089179548156956,0.5997536945812808,0.5172413793103448,0.6391625615763546,0.41133004926108374
-0.082,0.533319177849499,0.03692813589681883,0.5077288941736029,0.5985221674876847,0.5110837438423645,0.644088669950739,0.4051724137931035
-0.0818,0.5325717683030406,0.03715366907449115,0.5089179548156957,0.5960591133004925,0.5061576354679803,0.6465517241379309,0.4051724137931034
-0.0816,0.5325632750127399,0.036417920327812214,0.5101070154577884,0.5935960591133004,0.5086206896551724,0.644088669950739,0.4064039408866995
-0.0814,0.5337863088160353,0.03667294882699135,0.511296076099881,0.5960591133004927,0.5098522167487685,0.645320197044335,0.4064039408866995
-0.0812,0.5330304059792764,0.03676271509588286,0.5136741973840666,0.5923645320197044,0.5073891625615764,0.6465517241379309,0.4051724137931035
-0.081,0.5335145235264142,0.03694639347102803,0.5148632580261593,0.5923645320197044,0.5049261083743842,0.6490147783251231,0.4064039408866995
-0.0808,0.5327756072702565,0.03674592067232887,0.5148632580261593,0.5935960591133005,0.4987684729064039,0.647783251231527,0.4088669950738917
-0.0806,0.534474265330389,0.036856128835661715,0.5184304399524376,0.5911330049261084,0.5024630541871921,0.6514778325123153,0.4088669950738916
-0.0804,0.5342109733310684,0.03544834144646959,0.5208085612366231,0.5911330049261083,0.5061576354679803,0.6428571428571429,0.4100985221674877
-0.0802,0.5334890436555122,0.03548306528769884,0.5184304399524375,0.5886699507389163,0.5061576354679803,0.644088669950739,0.4100985221674877
-0.08,0.53371836249363,0.03522715197809864,0.5208085612366231,0.5886699507389163,0.5024630541871921,0.644088669950739,0.41256157635467977
-0.0798,0.5327756072702565,0.03516495313158815,0.5148632580261594,0.5899014778325123,0.5,0.6440886699507389,0.4150246305418719
-0.0796,0.5320197044334976,0.03432582162365597,0.5172413793103449,0.5862068965517241,0.4938423645320197,0.6428571428571429,0.4199507389162561
-0.0794,0.5293358246984882,0.033764655302789444,0.5136741973840666,0.58128078817734,0.4938423645320197,0.6391625615763546,0.41871921182266014
-0.0792,0.5274078478002379,0.03484845055184866,0.5077288941736029,0.5775862068965517,0.4926108374384237,0.644088669950739,0.41502463054187194
-0.079,0.5264481059962629,0.034983483136088886,0.5041617122473246,0.5775862068965517,0.4913793103448276,0.6440886699507389,0.4150246305418719
-0.0788,0.5272209954136232,0.034131231551646594,0.4994054696789536,0.5763546798029556,0.49507389162561577,0.644088669950739,0.4211822660098522
-0.0786,0.5257686427722099,0.03395472023709017,0.4958382877526754,0.5751231527093595,0.4926108374384236,0.6428571428571429,0.4224137931034483
-0.0784,0.5240784780023782,0.034138044759944905,0.4910820451843044,0.5726600985221674,0.49261083743842365,0.6428571428571429,0.42118226600985226
-0.0782,0.5223543400713436,0.03443611564676466,0.4910820451843044,0.5714285714285713,0.49014778325123154,0.6416256157635468,0.41748768472906406
-0.078,0.5221165279429251,0.034062171911697664,0.48989298454221164,0.5726600985221674,0.4901477832512315,0.6391625615763546,0.4187192118226601
-0.0778,0.5196704603363342,0.034497874619436326,0.4875148632580262,0.5714285714285714,0.4901477832512315,0.6366995073891626,0.4125615763546798
-0.0776,0.519678953626635,0.03482204194982555,0.4863258026159334,0.5714285714285714,0.4913793103448276,0.6379310344827586,0.41133004926108374
-0.0774,0.5171989128588415,0.034637193595333605,0.48870392390011896,0.5677339901477831,0.49137931034482757,0.6330049261083743,0.4051724137931034
-0.0772,0.5172413793103449,0.0336871624938505,0.4827586206896552,0.5665024630541872,0.49630541871921185,0.6305418719211823,0.41009852216748766
-0.077,0.5140988618990997,0.03344098859206592,0.47443519619500596,0.5640394088669951,0.49507389162561577,0.6268472906403941,0.41009852216748766
-0.0768,0.5136317309325633,0.033464883020957265,0.4708680142687277,0.5640394088669951,0.4950738916256157,0.6268472906403941,0.41133004926108374
-0.0766,0.513410905384746,0.03319103391108547,0.4673008323424495,0.562807881773399,0.4987684729064039,0.625615763546798,0.41256157635467977
-0.0764,0.514166808221505,0.03275919563874438,0.464922711058264,0.5665024630541872,0.5,0.623152709359606,0.41625615763546797
-0.0762,0.5149142177679633,0.03300299484463742,0.46373365041617126,0.5701970443349753,0.5036945812807883,0.6219211822660098,0.4150246305418719
-0.076,0.5142262612536096,0.03295870519427337,0.45659928656361476,0.5701970443349754,0.5086206896551724,0.6194581280788177,0.41625615763546797
-0.0758,0.5137591302870732,0.03235743415297394,0.4530321046373365,0.5689655172413793,0.5123152709359605,0.6157635467980296,0.4187192118226601
-0.0756,0.5142772209954136,0.03257646728943212,0.44946492271105826,0.5677339901477833,0.5147783251231527,0.6182266009852216,0.4211822660098522
-0.0754,0.5153049091217937,0.03351664269246908,0.4435196195005945,0.5665024630541872,0.5258620689655172,0.6206896551724138,0.41995073891625617
-0.0752,0.5150755902836759,0.03251784165238753,0.441141498216409,0.5652709359605911,0.5283251231527093,0.6157635467980296,0.4248768472906404
-0.075,0.5155936809920163,0.032416826101474394,0.4375743162901308,0.5665024630541872,0.5307881773399015,0.6145320197044335,0.4285714285714286
-0.0748,0.5185238661457449,0.03253466659624909,0.441141498216409,0.5726600985221676,0.5332512315270936,0.6157635467980295,0.42980295566502463
-0.0746,0.5175471377611688,0.03268570004084262,0.4399524375743163,0.5763546798029556,0.5295566502463054,0.6133004926108374,0.4285714285714286
-0.0744,0.5197893664005435,0.03297476617462738,0.43638525564803804,0.5788177339901478,0.5381773399014778,0.6133004926108374,0.43226600985221675
-0.0742,0.520307457108884,0.03260115025100081,0.4328180737217598,0.5800492610837439,0.541871921182266,0.6096059113300493,0.43719211822660103
-0.074,0.5215304909121794,0.03287623551142159,0.4340071343638526,0.5800492610837439,0.5467980295566502,0.6108374384236454,0.43596059113300495
-0.0738,0.5239935450993716,0.03313022330140349,0.4340071343638526,0.5825123152709359,0.5529556650246306,0.6120689655172414,0.43842364532019706
-0.0736,0.524757941226431,0.03425731977293398,0.4304399524375743,0.5862068965517241,0.5554187192118226,0.6145320197044335,0.437192118226601
-0.0734,0.5257856293528114,0.03592596821917936,0.42449464922711067,0.5862068965517242,0.5615763546798029,0.6206896551724138,0.4359605911330049
-0.0732,0.5265160523186683,0.03536483615783068,0.42568370986920334,0.5825123152709359,0.562807881773399,0.6219211822660099,0.4396551724137931
-0.073,0.5282401902497027,0.03579601359168215,0.4256837098692033,0.5862068965517241,0.5640394088669951,0.624384236453202,0.4408866995073891
-0.0728,0.5316884661117718,0.036797788475483574,0.42568370986920334,0.5886699507389163,0.5677339901477833,0.6330049261083743,0.44334975369458124
-0.0726,0.5331832852046883,0.03728836625236069,0.4233055885850178,0.5911330049261083,0.5677339901477831,0.6366995073891626,0.4470443349753695
-0.0724,0.5343808391370817,0.036871279000349845,0.42806183115338886,0.5911330049261083,0.5677339901477831,0.6379310344827587,0.4470443349753695
-0.0722,0.5361134703584168,0.036765056324233214,0.426872770511296,0.5923645320197044,0.5714285714285714,0.6379310344827587,0.4519704433497537
-0.072,0.5380499405469678,0.03582129335863277,0.43162901307966706,0.5923645320197044,0.5738916256157635,0.6366995073891626,0.45566502463054187
-0.0718,0.5414897231187362,0.03551577776054173,0.4328180737217598,0.5985221674876847,0.5726600985221674,0.6391625615763548,0.4642857142857143
-0.0716,0.5424664515033124,0.03553819196449826,0.4340071343638525,0.5997536945812807,0.5751231527093595,0.6391625615763546,0.4642857142857143
-0.0714,0.5449379989808051,0.03570954268947923,0.4328180737217598,0.6009852216748768,0.5812807881773399,0.6403940886699507,0.46921182266009853
-0.0712,0.5478681841345338,0.03494784391374493,0.43638525564803804,0.604679802955665,0.583743842364532,0.6391625615763548,0.47536945812807885
-0.071,0.5495838287752675,0.03453046502422342,0.43757431629013077,0.6059113300492611,0.5886699507389163,0.6366995073891626,0.479064039408867
-0.0708,0.5497961610327842,0.03264553785547168,0.4423305588585018,0.603448275862069,0.5862068965517241,0.6317733990147784,0.4852216748768473
-0.0706,0.5529641583149312,0.031436590693600996,0.44708680142687274,0.6022167487684729,0.5899014778325122,0.6317733990147782,0.4938423645320197
-0.0704,0.5529301851537285,0.029403311270735855,0.4518430439952438,0.5972906403940886,0.5862068965517242,0.6280788177339901,0.5012315270935961
-0.0702,0.5529471717343298,0.029147198862869334,0.44946492271105826,0.5997536945812808,0.58128078817734,0.6268472906403941,0.5073891625615763
-0.07,0.5563190079836928,0.02709197296668192,0.46016646848989295,0.5985221674876846,0.5812807881773399,0.6268472906403941,0.5147783251231526
-0.0698,0.5582469848819434,0.026374675380544773,0.4661117717003568,0.604679802955665,0.5788177339901479,0.625615763546798,0.5160098522167488
-0.0696,0.5574910820451843,0.02517291293158706,0.46848989298454224,0.6022167487684729,0.5775862068965517,0.6206896551724138,0.5184729064039408
-0.0694,0.5594275522337353,0.024218386380373585,0.4732461355529132,0.604679802955665,0.5763546798029557,0.6194581280788177,0.5233990147783251
-0.0692,0.5599031764905724,0.022572716555660673,0.4756242568370987,0.6059113300492611,0.5763546798029557,0.6096059113300493,0.5320197044334976
-0.069,0.5586716493969763,0.021904933690175012,0.47562425683709875,0.5997536945812807,0.5738916256157636,0.6096059113300494,0.5344827586206896
-0.0688,0.5569560047562426,0.02144753878845292,0.47443519619500596,0.5935960591133005,0.5701970443349753,0.6096059113300494,0.5369458128078818
-0.0686,0.5579242398505181,0.020659233381997957,0.4768133174791914,0.5886699507389163,0.5726600985221675,0.6096059113300493,0.541871921182266
-0.0684,0.5588924749447937,0.019999941858315506,0.47919143876337694,0.5899014778325123,0.5751231527093597,0.6059113300492611,0.5443349753694582
-0.0682,0.5583913708170546,0.019325888136908956,0.4803804994054697,0.5899014778325123,0.5726600985221675,0.602216748768473,0.5467980295566502
-0.068,0.5583743842364532,0.01844365500147383,0.48275862068965514,0.5886699507389163,0.5689655172413794,0.5997536945812808,0.5517241379310345
-0.0678,0.5561746220485816,0.018465856213381766,0.4803804994054697,0.5874384236453202,0.5591133004926108,0.5985221674876847,0.5554187192118227
-0.0676,0.5576354679802956,0.018121116675506706,0.48275862068965525,0.5911330049261084,0.5591133004926108,0.5960591133004927,0.5591133004926109
-0.0674,0.558128078817734,0.017783183002748355,0.4827586206896552,0.5911330049261084,0.5615763546798029,0.5911330049261083,0.564039408866995
-0.0672,0.5573891625615763,0.017595242673262717,0.4827586206896552,0.5886699507389163,0.5603448275862069,0.5911330049261084,0.5640394088669951
-0.067,0.5559028367589604,0.016826876220614847,0.483947681331748,0.5862068965517241,0.5615763546798029,0.5862068965517241,0.561576354679803
-0.0668,0.555885850178359,0.016410074310750006,0.48632580261593344,0.5886699507389163,0.5615763546798029,0.583743842364532,0.5591133004926109
-0.0666,0.5544080176660439,0.01590574192102116,0.48632580261593344,0.5862068965517241,0.5578817733990148,0.5788177339901478,0.562807881773399
-0.0664,0.5561066757261763,0.015420004894718698,0.48989298454221164,0.5874384236453202,0.5591133004926108,0.5775862068965517,0.5665024630541873
-0.0662,0.5551129607609988,0.014921013753870253,0.4910820451843044,0.584975369458128,0.5554187192118227,0.5726600985221675,0.5714285714285714
-0.066,0.5556140648887379,0.015536480445661584,0.48989298454221164,0.5874384236453202,0.5529556650246306,0.5701970443349753,0.5775862068965517
-0.0658,0.5573042296585697,0.015271316689548165,0.4946492271105827,0.5874384236453202,0.5480295566502463,0.5738916256157636,0.5825123152709359
-0.0656,0.5575335484966877,0.015265617989259515,0.49702734839476814,0.5948275862068966,0.5480295566502463,0.5652709359605912,0.5825123152709359
-0.0654,0.5553252930185154,0.014999431533659425,0.4958382877526754,0.5899014778325122,0.5455665024630543,0.562807881773399,0.5825123152709359
-0.0652,0.5536011550874809,0.014971372184157533,0.4958382877526754,0.5923645320197044,0.5431034482758621,0.5578817733990148,0.5788177339901478
-0.065,0.5538389672158994,0.014788256982941738,0.4970273483947682,0.5874384236453202,0.5394088669950738,0.562807881773399,0.582512315270936
-0.0648,0.5530915576694412,0.01448935112515094,0.49821640903686093,0.5849753694581281,0.5369458128078818,0.562807881773399,0.5825123152709359
-0.0646,0.5520808561236622,0.013954941717296826,0.5017835909631391,0.5825123152709359,0.5344827586206896,0.5566502463054187,0.5849753694581281
-0.0644,0.5510786478681841,0.012549941647980793,0.5041617122473245,0.5751231527093595,0.5369458128078818,0.5578817733990148,0.5812807881773399
-0.0642,0.5520468829624596,0.012688404929052231,0.5065398335315101,0.583743842364532,0.5369458128078818,0.5541871921182265,0.5788177339901478
-0.064,0.5515542721250213,0.01301470857216287,0.5065398335315101,0.5825123152709359,0.5344827586206897,0.5517241379310345,0.5825123152709359
-0.0638,0.5505435705792424,0.012197414067360341,0.5101070154577884,0.5800492610837438,0.5320197044334976,0.5504926108374384,0.5800492610837439
-0.0636,0.5507813827076609,0.011878256830320308,0.511296076099881,0.5825123152709358,0.5332512315270936,0.5504926108374385,0.5763546798029557
-0.0634,0.5502802785799219,0.011772055770427456,0.5124851367419738,0.5825123152709359,0.5307881773399015,0.5504926108374385,0.5751231527093595
-0.0632,0.5507898759979616,0.012084277794990264,0.5101070154577884,0.5849753694581281,0.5357142857142857,0.5480295566502463,0.5751231527093595
-0.063,0.5515118056735178,0.01146853363935303,0.5124851367419738,0.5862068965517241,0.5369458128078818,0.5517241379310345,0.5701970443349753
-0.0628,0.5529641583149312,0.011297694179302053,0.5160523186682521,0.5874384236453202,0.5357142857142856,0.5541871921182266,0.5714285714285714
-0.0626,0.5544334975369457,0.011622901912515885,0.5172413793103449,0.5899014778325122,0.5369458128078817,0.5529556650246306,0.5751231527093595
-0.0624,0.5566332597248174,0.011879332907129475,0.5196195005945303,0.5923645320197043,0.5369458128078818,0.5554187192118227,0.5788177339901478
-0.0622,0.555860370307457,0.011102186598578426,0.5243757431629014,0.5899014778325123,0.5332512315270936,0.5554187192118227,0.5763546798029556
-0.062,0.5599626295226771,0.010678947291824958,0.5362663495838288,0.5960591133004927,0.5332512315270936,0.5578817733990148,0.5763546798029556
-0.0618,0.5613895022931883,0.010190324597451601,0.5434007134363852,0.5972906403940886,0.5344827586206896,0.5554187192118226,0.5763546798029556
-0.0616,0.5635213181586547,0.009400268420534449,0.5552913198573127,0.5960591133004927,0.5332512315270936,0.5578817733990148,0.5751231527093597
-0.0614,0.5669695940207237,0.0093698200321411,0.5552913198573127,0.6009852216748769,0.539408866995074,0.5615763546798029,0.5775862068965517
-0.0612,0.5671989128588415,0.009538873285114354,0.5576694411414982,0.6009852216748769,0.5369458128078818,0.562807881773399,0.5775862068965517
-0.061,0.5689060642092747,0.008565714651459761,0.5600475624256838,0.5985221674876847,0.541871921182266,0.5640394088669951,0.5800492610837438
-0.0608,0.5713521318158655,0.008875276232588459,0.5624256837098692,0.6022167487684729,0.5443349753694582,0.5640394088669951,0.583743842364532
-0.0606,0.5730338032953967,0.008434546295920164,0.5683709869203329,0.5997536945812807,0.5455665024630543,0.564039408866995,0.5874384236453202
-0.0604,0.5732546288432139,0.00780511659904115,0.5719381688466112,0.5985221674876847,0.5480295566502463,0.562807881773399,0.5849753694581281
-0.0602,0.5766689315440802,0.008766364302968697,0.5766944114149821,0.6096059113300493,0.5504926108374384,0.5652709359605912,0.5812807881773399
-0.06,0.5800577543740445,0.00848334222901822,0.5850178359096314,0.6108374384236454,0.5541871921182266,0.5677339901477833,0.5825123152709359
-0.0598,0.58102598946832,0.009064716491091874,0.5873959571938169,0.6133004926108374,0.5529556650246306,0.5677339901477833,0.583743842364532
-0.0596,0.5822405299813147,0.008851676020640383,0.5897740784780023,0.6133004926108374,0.5554187192118227,0.5677339901477833,0.5849753694581281
-0.0594,0.5854085272634618,0.008886055204421041,0.5945303210463733,0.6145320197044335,0.5554187192118227,0.5738916256157635,0.5886699507389164
-0.0592,0.587871581450654,0.008426896942857785,0.5945303210463734,0.6194581280788177,0.5640394088669951,0.5751231527093598,0.5862068965517242
-0.059,0.5883556989977917,0.008047217537928912,0.595719381688466,0.6194581280788177,0.5701970443349753,0.5726600985221676,0.583743842364532
-0.0588,0.5898420248004077,0.00791294473663309,0.5945303210463734,0.6206896551724138,0.5689655172413793,0.5775862068965517,0.5874384236453203
-0.0586,0.5908102598946832,0.008573585117853439,0.5969084423305588,0.6219211822660098,0.5640394088669951,0.5800492610837438,0.5911330049261084
-0.0584,0.5922626125360966,0.008418976741664926,0.6004756242568371,0.6206896551724137,0.562807881773399,0.5874384236453202,0.5899014778325123
-0.0582,0.5927637166638356,0.007977660367411061,0.5992865636147444,0.6194581280788176,0.5640394088669951,0.5899014778325123,0.5911330049261084
-0.058,0.5932733140818753,0.007384607973287077,0.5969084423305588,0.6169950738916257,0.5652709359605912,0.5923645320197045,0.5948275862068965
-0.0578,0.5969084423305588,0.006732292156191235,0.6052318668252081,0.6182266009852215,0.5726600985221675,0.5923645320197045,0.5960591133004925
-0.0576,0.6005605571598436,0.005941504282653334,0.6111771700356718,0.6182266009852215,0.5800492610837439,0.5948275862068966,0.5985221674876847
-0.0574,0.6047222694071683,0.00629300657335566,0.6147443519619501,0.625615763546798,0.584975369458128,0.5985221674876847,0.5997536945812808
-0.0572,0.6042466451503313,0.006452714353543586,0.6123662306777645,0.6268472906403941,0.584975369458128,0.5948275862068966,0.6022167487684729
-0.057,0.6049600815355869,0.006633086811788038,0.6159334126040428,0.625615763546798,0.5825123152709359,0.5985221674876847,0.6022167487684729
-0.0568,0.6064209274673008,0.00676568276526286,0.6183115338882283,0.6280788177339901,0.584975369458128,0.5997536945812808,0.6009852216748768
-0.0566,0.6049430949549855,0.006367333128234656,0.6183115338882283,0.6231527093596059,0.583743842364532,0.5997536945812808,0.5997536945812807
-0.0564,0.6058773568880584,0.00755801101289622,0.6254458977407849,0.624384236453202,0.5812807881773399,0.6009852216748769,0.5972906403940886
-0.0562,0.6085612366230677,0.007930637731216793,0.629013079667063,0.6293103448275862,0.5849753694581281,0.6022167487684729,0.5972906403940887
-0.056,0.6102514013928996,0.00790712463794328,0.6337693222354339,0.6280788177339902,0.5874384236453202,0.6009852216748768,0.6009852216748769
-0.0558,0.6127059622897911,0.008468428023634572,0.6349583828775267,0.6317733990147782,0.583743842364532,0.603448275862069,0.6096059113300493
-0.0556,0.6126889757091898,0.009021942202439613,0.6373365041617123,0.6317733990147784,0.5812807881773399,0.6071428571428571,0.605911330049261
-0.0554,0.6126889757091898,0.009448918870004049,0.6373365041617123,0.6330049261083743,0.5788177339901478,0.6083743842364532,0.6059113300492611
-0.0552,0.6161117717003568,0.00877526161997327,0.6409036860879905,0.6342364532019704,0.5862068965517242,0.6108374384236454,0.6083743842364532
-0.055,0.6170800067946323,0.009105235025911923,0.643281807372176,0.6354679802955665,0.5862068965517242,0.6108374384236454,0.6096059113300493
-0.0548,0.61487175131646,0.009745272499934447,0.6420927467300833,0.6379310344827587,0.5849753694581281,0.604679802955665,0.604679802955665
-0.0546,0.6119075930015287,0.010838206520016056,0.643281807372176,0.6366995073891626,0.5800492610837438,0.6034482758620691,0.5960591133004925
-0.0544,0.610191948360795,0.010726977904293064,0.6420927467300832,0.6330049261083746,0.5800492610837439,0.6059113300492611,0.5899014778325122
-0.0542,0.6119245795821302,0.010954741838191067,0.6409036860879904,0.6391625615763546,0.5825123152709359,0.6083743842364533,0.5886699507389161
-0.054,0.6101919483607949,0.011901257090257604,0.6420927467300832,0.6391625615763548,0.5800492610837439,0.6071428571428572,0.5825123152709359
-0.0538,0.6077713606251061,0.011637459136714587,0.6361474435196195,0.6403940886699506,0.5812807881773399,0.6009852216748769,0.5800492610837439
-0.0536,0.6070239510786478,0.01231539042718927,0.6373365041617123,0.6403940886699507,0.5788177339901478,0.6022167487684729,0.5763546798029556
-0.0534,0.6070324443689484,0.01249776975328222,0.6361474435196195,0.6428571428571429,0.5788177339901478,0.6009852216748768,0.5763546798029556
-0.0532,0.605333786308816,0.012897203807808979,0.6325802615933412,0.645320197044335,0.5763546798029557,0.5972906403940886,0.5751231527093597
-0.053,0.6062850348224902,0.013873510363239479,0.6373365041617123,0.6465517241379309,0.5763546798029557,0.6009852216748768,0.5701970443349753
-0.0528,0.6030915576694411,0.014543651006267144,0.6361474435196195,0.6428571428571429,0.5751231527093597,0.6009852216748768,0.5603448275862069
-0.0526,0.6003991846441311,0.014510146547220364,0.633769322235434,0.6416256157635468,0.5701970443349754,0.5948275862068965,0.5615763546798029
-0.0524,0.5974689994904027,0.014745601440311335,0.6302021403091558,0.6403940886699507,0.5640394088669951,0.5923645320197044,0.5603448275862069
-0.0522,0.5942925089179548,0.014417012419022822,0.6266349583828775,0.6366995073891626,0.5603448275862069,0.5874384236453202,0.560344827586207
-0.052,0.5906319007983694,0.014318480401764406,0.6218787158145065,0.6330049261083744,0.5591133004926109,0.584975369458128,0.5541871921182266
-0.0518,0.5891370817054528,0.014653188009577347,0.6242568370986921,0.6293103448275862,0.5591133004926109,0.5837438423645319,0.5492610837438424
-0.0516,0.5849583828775268,0.01548735871354991,0.6230677764565993,0.624384236453202,0.5529556650246306,0.583743842364532,0.5406403940886699
-0.0514,0.5817818923050789,0.015995278125978618,0.619500594530321,0.6231527093596059,0.5480295566502463,0.5825123152709359,0.5357142857142857
-0.0512,0.5766604382537796,0.01568010176054847,0.6123662306777646,0.6157635467980296,0.5492610837438424,0.5800492610837439,0.5258620689655172
-0.051,0.5730253100050959,0.014693787913776587,0.6040428061831153,0.6120689655172414,0.5492610837438424,0.5751231527093595,0.5246305418719212
-0.0508,0.5683879735009343,0.013460241926082164,0.5980975029726516,0.604679802955665,0.5455665024630543,0.5677339901477833,0.5258620689655172
-0.0506,0.5649736708000679,0.013609871626941166,0.5933412604042806,0.603448275862069,0.5381773399014779,0.5652709359605911,0.5246305418719212
-0.0504,0.5615423815186003,0.014541189664034136,0.5909631391200951,0.604679802955665,0.5283251231527093,0.5603448275862069,0.5233990147783251
-0.0502,0.5527603193477153,0.013862437146833396,0.5790725326991677,0.5935960591133005,0.5172413793103449,0.5554187192118226,0.5184729064039408
-0.05,0.5485986071003907,0.014056000799141433,0.5755053507728894,0.5874384236453202,0.5086206896551724,0.5554187192118226,0.5160098522167488
-0.0498,0.54448785459487,0.013450554385469216,0.5648038049940547,0.5862068965517241,0.5073891625615764,0.5504926108374385,0.5135467980295567
-0.0496,0.5408442330558858,0.012486652731142897,0.5576694411414982,0.5788177339901478,0.5073891625615763,0.5504926108374385,0.5098522167487685
-0.0494,0.5354849668761679,0.011751501351505267,0.549346016646849,0.5726600985221675,0.5036945812807883,0.5443349753694581,0.5073891625615763
-0.0492,0.5298539154068286,0.010964650279438593,0.544589774078478,0.564039408866995,0.5012315270935961,0.5369458128078818,0.5024630541871922
-0.049,0.5257091897401054,0.009636345095245946,0.5386444708680143,0.5541871921182265,0.5024630541871922,0.5344827586206897,0.49876847290640397
-0.0488,0.5213351452352641,0.009563343803331495,0.5303210463733651,0.5492610837438423,0.4963054187192119,0.5344827586206896,0.4963054187192118
-0.0486,0.5161967046033633,0.010710975916884462,0.525564803804994,0.5467980295566502,0.49261083743842365,0.5320197044334976,0.48399014778325117
-0.0484,0.5137761168676745,0.011108734104550325,0.5196195005945303,0.5492610837438424,0.48891625615763545,0.5283251231527093,0.48275862068965514
-0.0482,0.50935960591133,0.011138888545129655,0.5172413793103449,0.5406403940886699,0.48891625615763545,0.5270935960591133,0.47290640394088673
-0.048,0.5044844572787499,0.010979407479112833,0.5101070154577884,0.5369458128078818,0.4864532019704434,0.520935960591133,0.46798029556650245
-0.0478,0.4998131476133854,0.010491345911306174,0.5089179548156956,0.5258620689655171,0.4827586206896552,0.5184729064039408,0.4630541871921182
-0.0476,0.4956854085272635,0.011011979789079843,0.5005945303210464,0.5221674876847291,0.4778325123152709,0.5197044334975369,0.458128078817734
-0.0474,0.49301002208255473,0.010751288482678437,0.4958382877526754,0.5160098522167488,0.47413793103448276,0.520935960591133,0.458128078817734
-0.0472,0.48933242738236793,0.011257646602457852,0.4934601664684899,0.5160098522167488,0.4667487684729064,0.5160098522167488,0.45443349753694584
-0.047,0.4873959571938169,0.011642745343809865,0.48870392390011896,0.5135467980295567,0.4679802955665025,0.5172413793103449,0.4495073891625616
-0.0468,0.48541702055376257,0.011445285232395845,0.48989298454221164,0.5110837438423645,0.4679802955665025,0.5123152709359606,0.4458128078817734
-0.0466,0.48421946662136917,0.010264446864387166,0.4851367419738407,0.5061576354679804,0.4692118226600985,0.5110837438423645,0.4495073891625616
-0.0464,0.48396466791234927,0.009857125526301583,0.4863258026159335,0.5012315270935961,0.46921182266009853,0.5123152709359606,0.45073891625615764
-0.0462,0.4815440801766605,0.009677846961276576,0.48038049940546973,0.49507389162561577,0.46798029556650245,0.5135467980295567,0.4507389162561577
-0.046,0.48326821810769494,0.010049963665044718,0.48038049940546973,0.49630541871921185,0.47167487684729065,0.5172413793103449,0.45073891625615764
-0.0458,0.4805843383726856,0.00978338124463097,0.4768133174791914,0.49630541871921185,0.4679802955665025,0.5123152709359605,0.4495073891625616
-0.0456,0.4817903855953797,0.010305573800250769,0.4803804994054698,0.49753694581280783,0.47167487684729065,0.5135467980295566,0.44581280788177347
-0.0454,0.4805588585017836,0.01030009157277399,0.48038049940546973,0.4926108374384237,0.4692118226600985,0.5147783251231527,0.4458128078817734
-0.0452,0.4798878885680312,0.01107019901867186,0.47086801426872776,0.49507389162561577,0.4753694581280788,0.5160098522167488,0.4421182266009852
-0.045,0.47938678444029215,0.010032309592191101,0.4720570749108205,0.4938423645320197,0.4729064039408867,0.5123152709359606,0.4458128078817734
-0.0448,0.4788856803125531,0.0100841318954105,0.47324613555291317,0.49507389162561577,0.4753694581280788,0.5086206896551724,0.4421182266009852
-0.0446,0.47890266689315447,0.010565915303076582,0.4708680142687277,0.49630541871921185,0.479064039408867,0.5086206896551725,0.43965517241379315
-0.0444,0.479165958892475,0.011685079784203283,0.46848989298454224,0.5,0.4839901477832512,0.5086206896551724,0.4347290640394088
-0.0442,0.4808731102429082,0.01091414307666696,0.4708680142687277,0.49876847290640397,0.4852216748768473,0.5098522167487685,0.43965517241379315
-0.044,0.47965007643961266,0.01080644551551835,0.4696789536266349,0.49753694581280794,0.4852216748768473,0.5073891625615763,0.43842364532019706
-0.0438,0.48087311024290813,0.010655384274780376,0.4708680142687277,0.5012315270935961,0.4876847290640395,0.5049261083743843,0.43965517241379304
-0.0436,0.4794037710208935,0.011294370927188229,0.4696789536266349,0.5012315270935961,0.48891625615763545,0.5024630541871922,0.4347290640394089
-0.0434,0.4774503142517411,0.01173419906134009,0.46730083234244946,0.5024630541871922,0.4876847290640394,0.49876847290640397,0.43103448275862066
-0.0432,0.47794292508917946,0.012883661277615428,0.46730083234244946,0.5036945812807881,0.49384236453201974,0.49876847290640397,0.42610837438423643
-0.043,0.4765245456089689,0.013104667491850061,0.4589774078478002,0.5024630541871922,0.49137931034482757,0.5024630541871922,0.4273399014778325
-0.0428,0.47702564973670797,0.013708744119789226,0.4577883472057075,0.5061576354679803,0.4864532019704434,0.5073891625615763,0.4273399014778325
-0.0426,0.4740869712926788,0.013621026242062507,0.455410225921522,0.5049261083743843,0.48768472906403937,0.4987684729064039,0.4236453201970443
-0.0424,0.47236283336164436,0.013270495801561984,0.455410225921522,0.5024630541871922,0.48645320197044334,0.49507389162561577,0.4224137931034483
-0.0422,0.47286393748938343,0.012787014535241385,0.45422116527942924,0.5024630541871922,0.4864532019704433,0.49507389162561577,0.42610837438423643
-0.042,0.4714200781382708,0.012655469955331613,0.4494649227110583,0.5024630541871921,0.4876847290640395,0.49014778325123154,0.4273399014778325
-0.0418,0.47243077968404956,0.012545204473123038,0.44589774078478006,0.5036945812807881,0.4876847290640395,0.4926108374384236,0.43226600985221675
-0.0416,0.4711737727195516,0.012646805293017144,0.44946492271105826,0.5036945812807883,0.4864532019704434,0.4889162561576355,0.4273399014778325
-0.0414,0.470935960591133,0.013026739431156063,0.4482758620689655,0.5049261083743842,0.4864532019704433,0.48891625615763545,0.42610837438423643
-0.0412,0.46923730253100054,0.013735520703586366,0.4447086801426873,0.5024630541871922,0.48152709359605916,0.49507389162561577,0.4224137931034483
-0.041,0.4682860540173263,0.014470619663902628,0.4399524375743163,0.5024630541871922,0.479064039408867,0.4987684729064039,0.42118226600985226
-0.0408,0.4665364362153898,0.013431278647395637,0.44351961950059454,0.5,0.47413793103448276,0.4938423645320197,0.42118226600985226
-0.0406,0.46533888228299647,0.013812515574798073,0.43876337693222356,0.5024630541871922,0.47290640394088673,0.4913793103448276,0.4211822660098522
-0.0404,0.46629862408697137,0.014068471260263601,0.4423305588585018,0.5110837438423645,0.47413793103448276,0.48275862068965514,0.42118226600985226
-0.0402,0.4665534227959912,0.013850661373226623,0.4411414982164091,0.5123152709359606,0.4704433497536946,0.4839901477832512,0.42487684729064046
-0.04,0.4663325972481739,0.014405453629775739,0.4375743162901308,0.5135467980295566,0.46921182266009853,0.4864532019704433,0.42487684729064046
-0.0398,0.46388652964158317,0.014207813020857068,0.4351961950059453,0.5123152709359605,0.46921182266009853,0.4790640394088669,0.4236453201970444
-0.0396,0.4641243417700017,0.01486667145157377,0.4363852556480381,0.5172413793103449,0.46674876847290636,0.4778325123152709,0.4224137931034483
-0.0394,0.4636232376422626,0.014658782294380938,0.4375743162901308,0.5172413793103449,0.4667487684729064,0.47413793103448276,0.4224137931034483
-0.0392,0.4611771700356718,0.01402661377519071,0.4351961950059453,0.5098522167487685,0.46921182266009853,0.4716748768472906,0.4199507389162562
-0.039,0.4579836928826227,0.01447251483525296,0.4340071343638526,0.5098522167487685,0.46798029556650245,0.4630541871921182,0.415024630541872
-0.0388,0.4582469848819433,0.015489742357813223,0.43162901307966706,0.5160098522167488,0.4667487684729065,0.46182266009852213,0.4150246305418719
-0.0386,0.45650586037030755,0.016143706968769437,0.4340071343638526,0.5172413793103449,0.4630541871921182,0.45935960591133007,0.4088669950738917
-0.0384,0.4540428061831153,0.016326164842660394,0.4340071343638525,0.5172413793103448,0.4630541871921182,0.4482758620689655,0.40763546798029554
-0.0382,0.45259894683200275,0.016614275685678213,0.42925089179548154,0.5172413793103448,0.4630541871921183,0.44581280788177335,0.4076354679802956
-0.038,0.45261593341260403,0.01729222391678893,0.4268727705112961,0.520935960591133,0.45566502463054187,0.45320197044334976,0.40640394088669957
-0.0378,0.4494394428401563,0.016591640319785814,0.4233055885850178,0.5160098522167488,0.45320197044334976,0.44704433497536944,0.40763546798029554
-0.0376,0.44746899949040264,0.01610235558941498,0.4233055885850178,0.5147783251231528,0.4482758620689655,0.43965517241379315,0.41133004926108374
-0.0374,0.44969424154917614,0.01722653099644125,0.4221165279429251,0.5233990147783252,0.44704433497536944,0.43965517241379315,0.41625615763546797
-0.0372,0.44946492271105826,0.016875605730650032,0.41973840665873957,0.5221674876847291,0.4482758620689655,0.4347290640394088,0.42241379310344823
-0.037,0.4475199592322066,0.017182706736375786,0.4161712247324613,0.5221674876847291,0.4445812807881774,0.4285714285714286,0.42610837438423643
-0.0368,0.4462884321386105,0.01757690644607974,0.4161712247324613,0.5233990147783252,0.43965517241379315,0.4236453201970443,0.4285714285714286
-0.0366,0.44680652284695094,0.018131297418995454,0.4126040428061832,0.5258620689655172,0.43965517241379315,0.4236453201970443,0.4322660098522167
-0.0364,0.4453541702055376,0.0182250194073741,0.4090368608799049,0.5246305418719212,0.43349753694581283,0.4236453201970444,0.4359605911330049
-0.0362,0.4448700526583999,0.0177346913998418,0.40784780023781214,0.520935960591133,0.43349753694581283,0.4211822660098522,0.4408866995073891
-0.036,0.4428996093086462,0.018378018553017905,0.40784780023781214,0.5221674876847291,0.4261083743842365,0.41748768472906406,0.4408866995073891
-0.0358,0.44242398505180913,0.018524177291180773,0.4054696789536267,0.520935960591133,0.4236453201970444,0.41625615763546797,0.44581280788177347
-0.0356,0.4414132835060302,0.01857922191694172,0.4090368608799049,0.5197044334975369,0.4174876847290641,0.41256157635467977,0.4482758620689655
-0.0354,0.44143027008663155,0.019087450335753774,0.4066587395957194,0.5197044334975369,0.41133004926108374,0.41502463054187194,0.45443349753694584
-0.0352,0.44074231357227794,0.020464059434279952,0.3995243757431629,0.5233990147783251,0.4088669950738916,0.41502463054187194,0.45689655172413796
-0.035,0.44244946492271103,0.02039432452257547,0.4019024970273484,0.5221674876847291,0.40640394088669957,0.41748768472906406,0.46428571428571425
-0.0348,0.44271275692203166,0.020972209170210476,0.39952437574316285,0.5233990147783252,0.4088669950738916,0.4137931034482759,0.46798029556650256
-0.0346,0.4444368948530661,0.021639135622820372,0.39952437574316296,0.5246305418719213,0.4039408866995074,0.41871921182266014,0.47536945812807885
-0.0344,0.4451673178189231,0.022169815570116637,0.40071343638525564,0.5246305418719212,0.4014778325123153,0.41748768472906406,0.48152709359605905
-0.0342,0.4444708680142687,0.023244267698758175,0.3947681331747919,0.5258620689655172,0.40024630541871925,0.41625615763546797,0.4852216748768473
-0.034,0.4447256667232886,0.02346637120464133,0.39357907253269914,0.5283251231527093,0.4039408866995074,0.4137931034482759,0.4839901477832512
-0.0338,0.44571938168846603,0.02366165254746048,0.39239001189060646,0.5258620689655172,0.4064039408866995,0.4125615763546798,0.49137931034482757
-0.0336,0.44524375743162903,0.02411650779697135,0.39001189060642094,0.5233990147783252,0.4039408866995074,0.4125615763546798,0.4963054187192118
-0.0334,0.44722269407168336,0.02404337347588928,0.38882282996432815,0.5221674876847291,0.4088669950738916,0.4150246305418719,0.5012315270935961
-0.0332,0.44750297265160527,0.024344888552354827,0.3840665873959572,0.5221674876847291,0.4125615763546798,0.41625615763546797,0.5024630541871922
-0.033,0.4494564294207576,0.02426719396590512,0.3864447086801427,0.5233990147783252,0.41502463054187194,0.417487684729064,0.5049261083743843
-0.0328,0.45242908102598955,0.02449531595899495,0.3840665873959572,0.5221674876847291,0.4224137931034483,0.42118226600985226,0.5123152709359606
-0.0326,0.45559707830813656,0.024777705658937763,0.38882282996432815,0.5233990147783252,0.42857142857142855,0.417487684729064,0.5197044334975369
-0.0324,0.4590198742993036,0.024654826567769697,0.3923900118906064,0.5246305418719213,0.43226600985221675,0.4211822660098522,0.5246305418719213
-0.0322,0.46150840835739776,0.025374601634619926,0.38882282996432815,0.5246305418719213,0.4310344827586207,0.43103448275862066,0.5320197044334976
-0.032,0.4654577883472058,0.02517918556341072,0.3876337693222355,0.5258620689655173,0.4445812807881773,0.43472906403940886,0.5344827586206897
-0.0318,0.4667063020214031,0.025604846103179146,0.38525564803805,0.5307881773399015,0.4445812807881773,0.43965517241379315,0.5332512315270936
-0.0316,0.4684219466621369,0.025682829630184173,0.3864447086801427,0.5320197044334976,0.4445812807881773,0.4433497536945813,0.5357142857142857
-0.0314,0.47139459826736874,0.026891708921887685,0.3840665873959572,0.5381773399014779,0.4495073891625615,0.4445812807881773,0.5406403940886699
-0.0312,0.4730932563275013,0.025915091679100877,0.3876337693222355,0.5357142857142857,0.45197044334975367,0.4495073891625616,0.5406403940886699
-0.031,0.47188720910480714,0.025849699832712663,0.3840665873959572,0.5307881773399015,0.45320197044334976,0.4507389162561576,0.5406403940886699
-0.0308,0.47459656871071854,0.02618200359460304,0.3840665873959572,0.5295566502463054,0.4605911330049261,0.45197044334975367,0.5467980295566501
-0.0306,0.4773059283166298,0.0260223398803794,0.3840665873959572,0.5295566502463054,0.46798029556650245,0.4568965517241379,0.5480295566502462
-0.0304,0.47951418379480215,0.026554841168015975,0.3852556480380499,0.5320197044334976,0.47044334975369456,0.4568965517241379,0.5529556650246306
-0.0302,0.4824953286903346,0.027953317498291698,0.3816884661117717,0.5369458128078817,0.480295566502463,0.4556650246305419,0.5578817733990148
-0.03,0.4852046882962459,0.028419835240673933,0.3816884661117717,0.541871921182266,0.48152709359605916,0.46059113300492605,0.5603448275862069
-0.0298,0.48594360455240365,0.029353646833951218,0.38168846611177176,0.5443349753694582,0.4778325123152709,0.45935960591133007,0.5665024630541873
-0.0296,0.48767623577373875,0.029840591136469707,0.3804994054696789,0.5455665024630542,0.4839901477832512,0.45935960591133007,0.5689655172413793
-0.0294,0.49058943434686597,0.02958758477932412,0.3864447086801427,0.5455665024630542,0.4839901477832512,0.46182266009852213,0.5751231527093595
-0.0292,0.4915831493120434,0.029916272704204105,0.38525564803804996,0.5492610837438423,0.48891625615763545,0.46059113300492605,0.5738916256157636
-0.029,0.49234754543910314,0.030295756749663585,0.38168846611177165,0.5517241379310345,0.49014778325123154,0.4655172413793104,0.5726600985221675
-0.0288,0.4925768642772209,0.030280835741500617,0.38406658739595717,0.5541871921182265,0.4839901477832512,0.46674876847290636,0.5738916256157636
-0.0286,0.49404620349923556,0.03028979637300735,0.38525564803804985,0.5603448275862069,0.4839901477832512,0.46921182266009853,0.5714285714285714
-0.0284,0.49478511975539324,0.030407942159492884,0.38525564803804996,0.5578817733990148,0.4852216748768473,0.4704433497536946,0.5751231527093597
-0.0282,0.4962544589774078,0.030116679025924676,0.3864447086801427,0.5578817733990148,0.48891625615763545,0.4729064039408867,0.5751231527093597
-0.028,0.4967300832342449,0.029502702788252906,0.38882282996432815,0.5591133004926109,0.4926108374384236,0.47167487684729065,0.5714285714285714
-0.0278,0.49770681161882113,0.029314485352554813,0.39001189060642094,0.5591133004926108,0.4963054187192118,0.4716748768472907,0.5714285714285714
-0.0276,0.49815695600475624,0.028051946965536464,0.39595719381688466,0.5578817733990148,0.49507389162561577,0.4729064039408867,0.5689655172413794
-0.0274,0.5001528792254119,0.02922335356822853,0.3923900118906064,0.5603448275862069,0.5,0.47413793103448276,0.5738916256157636
-0.0272,0.4974689994904026,0.02873088319148536,0.38882282996432815,0.5591133004926109,0.4975369458128079,0.4766009852216749,0.5652709359605912
-0.027,0.499396976388653,0.028370288511251663,0.3947681331747919,0.5615763546798029,0.4987684729064039,0.47413793103448276,0.5677339901477834
-0.0268,0.5003652114829285,0.02758586590766618,0.39714625445897744,0.5615763546798029,0.4975369458128079,0.48029556650246313,0.5652709359605912
-0.0266,0.5001019194836079,0.026812553690955924,0.3995243757431629,0.562807881773399,0.5,0.479064039408867,0.5591133004926108
-0.0264,0.4978766774248344,0.02602789009933796,0.40071343638525564,0.5615763546798029,0.4963054187192118,0.4778325123152709,0.5529556650246306
-0.0262,0.4961440462034991,0.02552314823078821,0.4019024970273484,0.5591133004926108,0.49507389162561577,0.47413793103448276,0.5504926108374384
-0.026,0.49686597587905557,0.02531758635970898,0.40428061831153383,0.5615763546798029,0.49507389162561577,0.47413793103448276,0.5492610837438424
-0.0258,0.4953541702055376,0.023718904517873375,0.4090368608799049,0.5566502463054187,0.4926108374384236,0.47413793103448276,0.5443349753694582
-0.0256,0.4950993714965177,0.02314973869838424,0.41022592152199766,0.5517241379310345,0.4938423645320197,0.47413793103448276,0.5455665024630543
-0.0254,0.4928741294377442,0.022750506052489367,0.41141498216409045,0.5492610837438424,0.48768472906403937,0.47167487684729065,0.5443349753694582
-0.0252,0.49064888737897067,0.022034120617649044,0.4126040428061831,0.5455665024630543,0.4864532019704434,0.4679802955665025,0.5406403940886699
-0.025,0.4913623237642263,0.021458867658166597,0.41617122473246143,0.5455665024630542,0.4839901477832512,0.4704433497536946,0.5406403940886699
-0.0248,0.48916256157635474,0.021408461205034417,0.41379310344827586,0.5480295566502463,0.4839901477832512,0.46798029556650245,0.5320197044334976
-0.0246,0.48793103448275865,0.021306201756731567,0.41379310344827586,0.5455665024630542,0.479064039408867,0.4679802955665025,0.5332512315270936
-0.0244,0.48815186003057587,0.021089101488988352,0.41736028537455405,0.5492610837438423,0.47413793103448276,0.46921182266009853,0.5307881773399015
-0.0242,0.4888737897061321,0.020785221064922175,0.41973840665873957,0.5504926108374384,0.4753694581280788,0.46921182266009853,0.5295566502463054
-0.024,0.4905214880244607,0.019778367266780016,0.43043995243757427,0.5492610837438424,0.4741379310344827,0.46551724137931033,0.5332512315270936
-0.0238,0.49148972311873623,0.0200055900457888,0.43281807372175984,0.5529556650246306,0.47413793103448276,0.4642857142857143,0.5332512315270936
-0.0236,0.48923050789876,0.0191170611134316,0.43876337693222356,0.5529556650246306,0.4716748768472906,0.458128078817734,0.5246305418719212
-0.0234,0.48870392390011885,0.017857845231368165,0.4435196195005945,0.5492610837438423,0.4716748768472906,0.458128078817734,0.520935960591133
-0.0232,0.4913283506030236,0.015924429639716877,0.4554102259215219,0.5467980295566502,0.4704433497536945,0.4642857142857143,0.5197044334975369
-0.023,0.49205028027857994,0.015248053064625271,0.4577883472057075,0.5480295566502463,0.4692118226600985,0.47044334975369456,0.5147783251231527
-0.0228,0.4900458637676236,0.014081140716810995,0.4625445897740784,0.5406403940886699,0.4655172413793104,0.46798029556650245,0.5135467980295567
-0.0226,0.48803295396636653,0.013831601102646049,0.46848989298454224,0.5357142857142857,0.4568965517241379,0.4655172413793104,0.5135467980295566
-0.0224,0.48853405809410566,0.01426357518980254,0.46730083234244946,0.5357142857142857,0.4544334975369458,0.4679802955665025,0.5172413793103449
-0.0222,0.4875148632580261,0.01412971608610701,0.4720570749108205,0.5344827586206896,0.45197044334975367,0.4642857142857143,0.5147783251231528
-0.022,0.48821131306268056,0.013582349183228655,0.4780023781212842,0.5332512315270936,0.45443349753694584,0.46182266009852213,0.5135467980295567
-0.0218,0.487922541192458,0.01416849659515521,0.4839476813317479,0.5332512315270935,0.4495073891625616,0.45935960591133007,0.5135467980295567
-0.0216,0.4876592491931374,0.014200987617804733,0.4863258026159334,0.5320197044334976,0.4495073891625616,0.4568965517241379,0.5135467980295567
-0.0214,0.4864192288092407,0.014161467847909372,0.4875148632580262,0.5283251231527094,0.4458128078817734,0.4568965517241379,0.5135467980295567
-0.0212,0.4861304569390182,0.014292143905714497,0.4934601664684899,0.5283251231527094,0.44581280788177335,0.45320197044334976,0.5098522167487685
-0.021,0.48903516222184473,0.014498324674674185,0.5005945303210464,0.5270935960591132,0.4482758620689655,0.45320197044334976,0.5160098522167488
-0.0208,0.48925598776966195,0.014888478687143146,0.5041617122473246,0.5270935960591132,0.44704433497536944,0.4519704433497538,0.5160098522167489
-0.0206,0.491871921182266,0.014752029150143675,0.5172413793103448,0.5270935960591133,0.45073891625615764,0.45320197044334976,0.5110837438423645
-0.0204,0.4918464413113641,0.015484612270715714,0.5208085612366231,0.5270935960591133,0.4445812807881774,0.45566502463054187,0.5110837438423645
-0.0202,0.4917954815695601,0.01682629232786908,0.5279429250891795,0.5270935960591133,0.44211822660098526,0.45073891625615764,0.5110837438423645
-0.02,0.49273823679293355,0.017517756635516885,0.5338882282996433,0.5283251231527093,0.43719211822660103,0.45566502463054187,0.5086206896551724
-0.0198,0.4932138610497706,0.018455462125858333,0.5362663495838288,0.5307881773399015,0.43103448275862066,0.4593596059113301,0.5086206896551724
-0.0196,0.4944114149821641,0.019200159056051463,0.5410225921521997,0.5307881773399015,0.4273399014778325,0.46305418719211827,0.5098522167487685
-0.0194,0.49633939188041454,0.020482373527616265,0.5469678953626635,0.5344827586206896,0.42487684729064046,0.4630541871921182,0.5123152709359606
-0.0192,0.499447936130457,0.02272345813194665,0.5600475624256838,0.5369458128078818,0.41995073891625617,0.4642857142857143,0.5160098522167489
-0.019,0.4999150670969934,0.023379863897358903,0.5636147443519619,0.5394088669950738,0.4187192118226601,0.4642857142857143,0.5135467980295567
-0.0188,0.50012739935451,0.024722869544156853,0.5683709869203329,0.539408866995074,0.4125615763546798,0.46551724137931033,0.5147783251231528
-0.0186,0.5006115169016476,0.02547454108799503,0.5695600475624257,0.5406403940886699,0.4076354679802956,0.46921182266009853,0.5160098522167487
-0.0184,0.5039918464413113,0.02635582252671558,0.5790725326991676,0.5406403940886699,0.40763546798029554,0.4741379310344828,0.5184729064039408
-0.0182,0.5054611856633259,0.026992781909974544,0.5802615933412604,0.5443349753694581,0.40394088669950734,0.48029556650246297,0.5184729064039408
-0.018,0.5064124341770002,0.028224495652243144,0.5850178359096314,0.5492610837438424,0.4002463054187192,0.48275862068965514,0.5147783251231527
-0.0178,0.5078647868184134,0.028664867095732453,0.5885850178359097,0.5443349753694581,0.39778325123152714,0.48768472906403937,0.520935960591133
-0.0176,0.5088160353320876,0.02960419542029276,0.5933412604042806,0.5467980295566502,0.39532019704433496,0.49014778325123154,0.5184729064039408
-0.0174,0.5093001528792255,0.031063540195897334,0.5945303210463734,0.5455665024630542,0.3866995073891626,0.4938423645320197,0.5258620689655172
-0.0172,0.509537965007644,0.03252549539293495,0.5957193816884662,0.5492610837438424,0.3793103448275862,0.49630541871921185,0.5270935960591133
-0.017,0.511049770681162,0.03173240203215351,0.5909631391200951,0.5492610837438424,0.38177339901477836,0.5,0.5332512315270936
-0.0168,0.5140054357057924,0.031527041885790204,0.5909631391200951,0.5554187192118227,0.3854679802955665,0.5012315270935961,0.5369458128078818
-0.0166,0.5169695940207236,0.03215069859372361,0.5897740784780025,0.5591133004926109,0.3830049261083744,0.5086206896551724,0.5443349753694581
-0.0164,0.5194071683370138,0.03306912723170747,0.5933412604042807,0.562807881773399,0.3805418719211823,0.5147783251231528,0.5455665024630542
-0.0162,0.5194156616273145,0.03300346477548413,0.5921521997621879,0.562807881773399,0.3805418719211823,0.5147783251231528,0.5467980295566502
-0.016,0.5206811618821131,0.0322472617101745,0.5873959571938169,0.562807881773399,0.38300492610837433,0.520935960591133,0.5492610837438424
-0.0158,0.5238916256157635,0.03173346862752284,0.5862068965517242,0.5689655172413792,0.38793103448275856,0.5246305418719213,0.5517241379310345
-0.0156,0.5236623067776456,0.03231160509465837,0.5838287752675386,0.5738916256157636,0.3854679802955665,0.5221674876847291,0.5529556650246306
-0.0154,0.5231612026499065,0.03397074392623266,0.5850178359096314,0.5738916256157635,0.37684729064039413,0.5246305418719213,0.5554187192118226
-0.0152,0.5234160013589264,0.03414219795205186,0.5838287752675386,0.5800492610837439,0.37684729064039413,0.5246305418719212,0.5517241379310345
-0.015,0.5226940716833701,0.03410982914746998,0.581450653983353,0.5788177339901478,0.375615763546798,0.5258620689655172,0.5517241379310345
-0.0148,0.5217258365890947,0.03416854931432255,0.5790725326991676,0.5763546798029556,0.37315270935960587,0.5307881773399015,0.5492610837438424
-0.0146,0.5219466621369119,0.03504553763388554,0.582639714625446,0.5763546798029557,0.3694581280788177,0.5332512315270936,0.5480295566502463
-0.0144,0.5200186852386615,0.034965073282778966,0.5766944114149822,0.5751231527093595,0.3669950738916256,0.5357142857142857,0.5455665024630542
-0.0142,0.5202904705282826,0.03463691119142712,0.573127229488704,0.5763546798029556,0.36822660098522164,0.54064039408867,0.5431034482758621
-0.014,0.5202649906573807,0.035905230600788145,0.5766944114149821,0.5800492610837439,0.3633004926108374,0.541871921182266,0.539408866995074
-0.0138,0.5185663325972482,0.036452781261231415,0.573127229488704,0.5775862068965517,0.3583743842364532,0.5443349753694582,0.539408866995074
-0.0136,0.5171054866655342,0.03654768393771341,0.5707491082045184,0.5738916256157636,0.3559113300492611,0.5455665024630542,0.539408866995074
-0.0134,0.5173687786648548,0.036373754978054736,0.5683709869203329,0.5763546798029556,0.3571428571428571,0.5480295566502463,0.5369458128078818
-0.0132,0.5168761678274164,0.0354716076561948,0.5683709869203329,0.5738916256157636,0.36083743842364535,0.5467980295566504,0.5344827586206896
-0.013,0.5156361474435197,0.03649751824018019,0.5695600475624257,0.5714285714285715,0.35467980295566504,0.5467980295566504,0.5357142857142858
-0.0128,0.5168591812468151,0.038265646405590506,0.5707491082045185,0.5788177339901478,0.3485221674876847,0.5517241379310345,0.5344827586206897
-0.0126,0.5153643621538985,0.03744220458708715,0.573127229488704,0.5738916256157636,0.3509852216748769,0.5467980295566504,0.5320197044334976
-0.0124,0.5175726176320706,0.0372096338650533,0.5743162901307967,0.5775862068965517,0.35467980295566504,0.5504926108374384,0.5307881773399015
-0.0122,0.5170630202140309,0.03769314274162047,0.5766944114149822,0.5763546798029556,0.35221674876847286,0.5504926108374385,0.5295566502463054
-0.012,0.5165873959571938,0.03751566527602871,0.5743162901307967,0.5738916256157636,0.3522167487684729,0.5541871921182266,0.5283251231527093
-0.0118,0.5173348055036521,0.03715233986053643,0.5731272294887039,0.5738916256157636,0.35467980295566504,0.5578817733990147,0.5270935960591133
-0.0116,0.5175811109223714,0.036709342838470056,0.573127229488704,0.5738916256157636,0.3571428571428571,0.5578817733990148,0.5258620689655172
-0.0114,0.5168676745371157,0.036001330233429905,0.5695600475624257,0.5738916256157636,0.35960591133004927,0.5566502463054188,0.5246305418719213
-0.0112,0.5163835569899781,0.03590509197496249,0.568370986920333,0.5751231527093595,0.35960591133004927,0.5541871921182266,0.5246305418719213
-0.011,0.5153983353151012,0.03530123210059651,0.568370986920333,0.5689655172413792,0.36083743842364535,0.5541871921182266,0.5246305418719212
-0.0108,0.5136572108034653,0.03597020768602578,0.5707491082045185,0.5640394088669951,0.35591133004926107,0.5529556650246304,0.5246305418719213
-0.0106,0.5144046203499235,0.03519863469281196,0.5695600475624257,0.5615763546798029,0.35960591133004927,0.5541871921182266,0.5270935960591132
-0.0104,0.5114659419058945,0.03432801132488803,0.5671819262782403,0.5554187192118226,0.36083743842364535,0.5517241379310345,0.5221674876847291
-0.0102,0.5109903176490572,0.03326558328366188,0.5648038049940547,0.5480295566502463,0.3645320197044335,0.5529556650246304,0.5246305418719213
-0.01,0.5122388313232548,0.03150267370842376,0.5624256837098692,0.5443349753694582,0.3731527093596059,0.5529556650246306,0.5283251231527094
-0.0098,0.5130032274503142,0.02976910342089052,0.558858501783591,0.541871921182266,0.38177339901477836,0.5554187192118226,0.5270935960591133
-0.0096,0.5117801936470189,0.029058118322186015,0.5576694411414982,0.5381773399014779,0.3842364532019705,0.5554187192118226,0.5233990147783252
-0.0094,0.5110582639714625,0.02853377879201468,0.5552913198573126,0.5344827586206897,0.38669950738916253,0.5591133004926109,0.519704433497537
-0.0092,0.5110837438423645,0.027445100053564767,0.5517241379310345,0.5344827586206896,0.3916256157635468,0.5591133004926109,0.518472906403941
-0.009,0.511601834550705,0.026049441689043575,0.5481569560047562,0.5381773399014778,0.39778325123152714,0.5554187192118226,0.518472906403941
-0.0088,0.510166468489893,0.025223280817223526,0.5422116527942925,0.5357142857142857,0.39901477832512317,0.5517241379310345,0.522167487684729
-0.0086,0.510166468489893,0.024693387020291103,0.5422116527942925,0.5332512315270935,0.40147783251231534,0.5517241379310345,0.5221674876847291
-0.0084,0.5123237642262611,0.023327787471549514,0.5505350772889418,0.5283251231527093,0.41133004926108374,0.5529556650246306,0.5184729064039408
-0.0082,0.5115933412604042,0.021522393122686535,0.549346016646849,0.5246305418719212,0.4187192118226601,0.5480295566502464,0.5172413793103449
-0.008,0.5103788007474096,0.02037852613129671,0.5469678953626635,0.5197044334975369,0.4224137931034483,0.5443349753694582,0.518472906403941
-0.0078,0.5062425683709868,0.020104793245716117,0.539833531510107,0.5172413793103448,0.41871921182266003,0.5394088669950738,0.5160098522167488
-0.0076,0.5060302361134703,0.019352438608440724,0.535077288941736,0.5160098522167487,0.4211822660098522,0.5381773399014778,0.5197044334975369
-0.0074,0.5082384915916426,0.018637108511204037,0.5362663495838288,0.5135467980295566,0.4273399014778325,0.541871921182266,0.5221674876847291
-0.0072,0.5092916595889247,0.016602001204674584,0.5267538644470868,0.5160098522167487,0.437192118226601,0.5431034482758621,0.5233990147783252
-0.007,0.508833021912689,0.01602279868661872,0.5219976218787158,0.5147783251231527,0.4396551724137931,0.5431034482758621,0.5246305418719213
-0.0068,0.5115508748089009,0.015716594460021455,0.5208085612366231,0.5172413793103448,0.4445812807881773,0.5480295566502463,0.5270935960591133
-0.0066,0.5144980465432308,0.015591551047611204,0.5219976218787158,0.5172413793103449,0.44827586206896547,0.5480295566502463,0.5369458128078818
-0.0064,0.5140563954475964,0.014586785348486026,0.5148632580261594,0.5147783251231527,0.45443349753694584,0.5492610837438424,0.5369458128078818
-0.0062,0.5131306268048241,0.013277212770840086,0.5065398335315101,0.5098522167487685,0.4630541871921182,0.5480295566502463,0.5381773399014779
-0.006,0.5136062510616612,0.012413684554353805,0.5089179548156956,0.5098522167487685,0.4667487684729064,0.5480295566502463,0.5344827586206896
-0.0058,0.5172328860200441,0.011270813199416058,0.5184304399524375,0.5098522167487685,0.47413793103448276,0.5467980295566504,0.5369458128078818
-0.0056,0.5194241549176152,0.010473653413248196,0.5219976218787158,0.5049261083743843,0.4827586206896552,0.5431034482758621,0.5443349753694581
-0.0054,0.5206556820112112,0.010398885806983596,0.5219976218787158,0.5036945812807881,0.48645320197044334,0.5443349753694582,0.5467980295566502
-0.0052,0.5213861049770682,0.009730379835806338,0.5231866825208086,0.4999999999999999,0.49384236453201963,0.5406403940886699,0.5492610837438423
-0.005,0.5235688805843385,0.008469893031712085,0.5279429250891796,0.5061576354679802,0.5,0.5307881773399015,0.5529556650246306
-0.0048,0.527204008833022,0.007664954280689234,0.5362663495838288,0.5123152709359606,0.5049261083743842,0.5295566502463054,0.5529556650246306
-0.0046,0.5291489723118736,0.00636158896317999,0.539833531510107,0.5147783251231527,0.5184729064039408,0.520935960591133,0.5517241379310345
-0.0044,0.5313402412094446,0.0069398757682397364,0.5434007134363853,0.5110837438423645,0.5270935960591133,0.520935960591133,0.5541871921182265
-0.0042,0.5330558858501784,0.007998827314839165,0.544589774078478,0.5073891625615763,0.5406403940886699,0.5172413793103449,0.5554187192118226
-0.004,0.5360030575845083,0.008892660708228561,0.5457788347205708,0.5049261083743842,0.5504926108374385,0.520935960591133,0.5578817733990147
-0.0038,0.5369627993884831,0.008761631509896601,0.549346016646849,0.5073891625615763,0.5541871921182266,0.5197044334975369,0.5541871921182265
-0.0036,0.5396721589943944,0.008955089436782894,0.549346016646849,0.5098522167487685,0.5603448275862069,0.5221674876847291,0.5566502463054187
-0.0034,0.5408951927976898,0.009479843715140482,0.5505350772889418,0.5110837438423645,0.5665024630541873,0.520935960591133,0.5554187192118226
-0.0032,0.5430949549855615,0.010407531134075004,0.5529131985731273,0.5147783251231527,0.5763546798029557,0.5184729064039408,0.5529556650246306
-0.003,0.5445218277560727,0.011016950634950772,0.5600475624256838,0.5172413793103449,0.5775862068965517,0.5147783251231527,0.5529556650246306
-0.0028,0.5460081535586887,0.011824835693835982,0.558858501783591,0.520935960591133,0.584975369458128,0.5123152709359606,0.5529556650246306
-0.0026,0.545294717173433,0.012332775760163516,0.5552913198573127,0.5221674876847291,0.5899014778325122,0.5110837438423645,0.5480295566502463
-0.0024,0.5470273483947682,0.012530154375697511,0.5541022592152199,0.5246305418719212,0.5960591133004927,0.5160098522167488,0.5443349753694582
-0.0022,0.5499830134193987,0.012700226888907427,0.55410225921522,0.5320197044334976,0.6009852216748768,0.5172413793103448,0.5455665024630543
-0.002,0.5509512485136743,0.01383251375042749,0.5564803804994055,0.539408866995074,0.604679802955665,0.5098522167487685,0.5443349753694582
-0.0018,0.5541192457958214,0.014274563626534346,0.5612366230677764,0.5431034482758621,0.6096059113300493,0.5123152709359606,0.5443349753694581
-0.0016,0.5558433837268557,0.01546971168824552,0.5612366230677764,0.5517241379310345,0.6157635467980296,0.5098522167487685,0.5406403940886699
-0.0014,0.5570749108204518,0.016761938231763834,0.5612366230677764,0.5591133004926109,0.6219211822660098,0.5098522167487686,0.5332512315270936
-0.0012,0.5597757771360625,0.017342748093909007,0.5624256837098692,0.5689655172413793,0.625615763546798,0.5147783251231528,0.5270935960591134
-0.001,0.5607525055206387,0.017162914384390767,0.5636147443519619,0.5726600985221675,0.624384236453202,0.5147783251231528,0.5283251231527094
-0.0008,0.562705962289791,0.016981957923742443,0.5659928656361475,0.5714285714285714,0.626847290640394,0.5172413793103449,0.5320197044334976
-0.0006,0.5636657040937659,0.017223133767035128,0.5695600475624257,0.5775862068965517,0.625615763546798,0.520935960591133,0.5246305418719213
-0.0004,0.5656361474435195,0.017272473532380844,0.5695600475624256,0.5825123152709359,0.6268472906403941,0.5197044334975369,0.5295566502463054
-0.0002,0.5692967555631052,0.01776050941102792,0.5743162901307967,0.5862068965517242,0.6317733990147784,0.5197044334975369,0.5344827586206897
0.0,0.568795651435366,0.017897617858804796,0.5755053507728893,0.5911330049261084,0.6280788177339902,0.5197044334975369,0.5295566502463054
0.0002,0.5712162391710549,0.019455130543170426,0.581450653983353,0.5935960591133005,0.6354679802955665,0.5184729064039408,0.5270935960591133
0.0004,0.5733990147783251,0.01966621910150634,0.5862068965517241,0.5997536945812808,0.6342364532019704,0.5160098522167488,0.5307881773399015
0.0006,0.573628333616443,0.019295512183102215,0.5885850178359097,0.603448275862069,0.6293103448275862,0.5184729064039408,0.5283251231527094
0.0008,0.5728554441990827,0.01953728757071079,0.5933412604042806,0.603448275862069,0.625615763546798,0.518472906403941,0.5233990147783252
0.001,0.5721165279429251,0.01990360278147755,0.5933412604042806,0.6046798029556649,0.624384236453202,0.5147783251231528,0.5233990147783252
0.0012,0.5750212332257516,0.019206702724113053,0.600475624256837,0.6046798029556649,0.6231527093596059,0.518472906403941,0.5283251231527094
0.0014,0.5752675386444708,0.019933586232693992,0.600475624256837,0.6083743842364532,0.624384236453202,0.518472906403941,0.5246305418719213
0.0016,0.5769831832852047,0.02030350277932835,0.6016646848989299,0.6133004926108374,0.625615763546798,0.5233990147783252,0.520935960591133
0.0018,0.5806352981144896,0.020223611788648913,0.6076099881093935,0.6157635467980296,0.6280788177339902,0.5283251231527094,0.5233990147783252
0.002,0.5850008493290301,0.022213127444507177,0.6171224732461356,0.6231527093596059,0.6354679802955665,0.5270935960591133,0.5221674876847291
0.0022,0.5874299303550196,0.022112781314810412,0.6218787158145065,0.6280788177339901,0.6330049261083743,0.5307881773399015,0.5233990147783251
0.0024,0.5920332936979786,0.02349603760168692,0.6325802615933412,0.6354679802955665,0.6366995073891626,0.5270935960591132,0.5283251231527093
0.0026,0.5935111262102939,0.02294745270466064,0.6325802615933412,0.6391625615763548,0.6342364532019704,0.5344827586206897,0.5270935960591132
0.0028,0.5949719721420077,0.022803934363797376,0.6349583828775267,0.6391625615763548,0.6354679802955665,0.5369458128078818,0.5283251231527093
0.003,0.5964158314931204,0.024235953528479445,0.6397146254458977,0.6440886699507389,0.6379310344827587,0.5344827586206896,0.5258620689655171
0.0032,0.5959062340750807,0.024282186554607826,0.6420927467300832,0.6416256157635467,0.6366995073891626,0.5344827586206897,0.5246305418719213
0.0034,0.5973670800067946,0.02456353355267123,0.6444708680142687,0.6440886699507389,0.6379310344827587,0.5320197044334976,0.5283251231527093
0.0036,0.5976048921352132,0.024665329837391593,0.6456599286563615,0.6416256157635467,0.6403940886699507,0.5344827586206897,0.5258620689655172
0.0038,0.6005435705792423,0.024439063480083945,0.6480380499405469,0.645320197044335,0.6416256157635468,0.5406403940886699,0.5270935960591133
0.004,0.6029896381858333,0.024506842486444875,0.6504161712247325,0.6490147783251232,0.6428571428571428,0.5455665024630543,0.5270935960591134
0.0042,0.6049006285034823,0.024504290335895726,0.6587395957193817,0.6477832512315271,0.6403940886699507,0.5504926108374385,0.5270935960591133
0.0044,0.6058943434686597,0.023916003384470537,0.6575505350772889,0.6527093596059113,0.6354679802955665,0.5554187192118227,0.5283251231527093
0.0046,0.6073466961100731,0.02402926218892164,0.6611177170035671,0.6514778325123152,0.6366995073891625,0.5615763546798029,0.5258620689655173
0.0048,0.6068116188211314,0.025196651989260813,0.667063020214031,0.6502463054187193,0.6354679802955665,0.5603448275862069,0.520935960591133
0.005,0.6084932903006625,0.025644632913938613,0.6730083234244946,0.6490147783251231,0.6379310344827586,0.560344827586207,0.5221674876847291
0.0052,0.6099796161032784,0.02479566727082181,0.6718192627824019,0.6514778325123152,0.6354679802955664,0.5665024630541872,0.5246305418719213
0.0054,0.6099711228129777,0.02491952969194297,0.6730083234244947,0.6502463054187192,0.6354679802955664,0.5677339901477833,0.5233990147783252
0.0056,0.6084763037200612,0.024478380528250517,0.67538644470868,0.6440886699507389,0.6317733990147784,0.5652709359605911,0.5258620689655172
0.0058,0.6060302361134703,0.023171468628807916,0.6730083234244947,0.6317733990147784,0.6317733990147782,0.5640394088669951,0.5295566502463054
0.006,0.6043060981824359,0.023804977327502905,0.6730083234244945,0.6305418719211823,0.6305418719211823,0.562807881773399,0.5246305418719213
0.0062,0.6025989468320028,0.023793042872793525,0.6706302021403092,0.6305418719211823,0.6268472906403941,0.5640394088669951,0.520935960591133
0.0064,0.6003652114829284,0.024270728691038624,0.6730083234244947,0.625615763546798,0.6219211822660099,0.5652709359605912,0.5160098522167488
0.0066,0.5995923220655681,0.02513097691810452,0.6777645659928656,0.626847290640394,0.6145320197044335,0.5665024630541872,0.5123152709359606
0.0068,0.5963648717513165,0.02549714436293234,0.6813317479191439,0.623152709359606,0.6046798029556651,0.5591133004926109,0.5135467980295567
0.007,0.595371156786139,0.025459508312150124,0.6825208085612366,0.6182266009852216,0.602216748768473,0.5615763546798029,0.5123152709359606
0.0072,0.5928996093086462,0.025313922536715182,0.6837098692033294,0.6133004926108375,0.5935960591133005,0.5603448275862069,0.5135467980295566
0.0074,0.5916510956344488,0.025744580465565478,0.6860879904875149,0.6108374384236454,0.5886699507389163,0.5603448275862069,0.5123152709359606
0.0076,0.5879565143536606,0.026135868884209944,0.6860879904875149,0.6059113300492611,0.58128078817734,0.5566502463054187,0.5098522167487685
0.0078,0.5859860710039071,0.02631621953273448,0.6860879904875149,0.6009852216748769,0.582512315270936,0.5504926108374384,0.5098522167487685
0.008,0.5823169695940207,0.025566495635014435,0.6825208085612366,0.5960591133004927,0.5714285714285714,0.5492610837438423,0.5123152709359606
0.0082,0.578911160183455,0.024571414418680698,0.6765755053507728,0.5886699507389163,0.5701970443349753,0.5455665024630542,0.5135467980295567
0.0084,0.5713266519449635,0.02439285572304042,0.6694411414982164,0.5763546798029556,0.5652709359605911,0.5381773399014778,0.5073891625615763
0.0086,0.5686003057584508,0.02496775310285264,0.6718192627824019,0.5714285714285715,0.5554187192118226,0.5369458128078817,0.5073891625615764
0.0088,0.5668931544080177,0.024785413069330516,0.6694411414982164,0.5714285714285714,0.5517241379310345,0.5344827586206896,0.5073891625615763
0.009,0.5666468489892985,0.024563437228387004,0.6694411414982164,0.5701970443349753,0.5492610837438424,0.5332512315270936,0.5110837438423645
0.0092,0.5649566842194667,0.023719686115583005,0.6646848989298454,0.5665024630541872,0.5480295566502463,0.5344827586206896,0.5110837438423645
0.0094,0.5603193477153049,0.023086396016055357,0.6587395957193817,0.5591133004926109,0.541871921182266,0.5307881773399015,0.5110837438423645
0.0096,0.557626974689995,0.02291735253568533,0.6563614744351962,0.5554187192118227,0.5344827586206897,0.5295566502463054,0.5123152709359606
0.0098,0.5537200611516901,0.022689042538829342,0.6516052318668253,0.5517241379310345,0.5295566502463054,0.5258620689655172,0.5098522167487685
0.01,0.5475963988449125,0.0225635935008858,0.6468489892984542,0.5381773399014779,0.5197044334975369,0.5233990147783251,0.5098522167487685
0.0102,0.5446747069814847,0.02219305369101421,0.6420927467300832,0.5344827586206896,0.5184729064039408,0.5233990147783251,0.5049261083743842
0.0104,0.5414812298284355,0.0226465408558641,0.6409036860879904,0.5320197044334976,0.5123152709359606,0.5197044334975369,0.5024630541871922
0.0106,0.5365721080346526,0.02308046724499151,0.638525564803805,0.5246305418719212,0.5049261083743842,0.5135467980295567,0.5012315270935961
0.0108,0.5326482079157465,0.023373971295518204,0.6361474435196195,0.5172413793103448,0.49876847290640397,0.5123152709359606,0.4987684729064039
0.011,0.5290215729573637,0.02195277027659842,0.6266349583828774,0.5098522167487685,0.49876847290640397,0.5110837438423645,0.4987684729064039
0.0112,0.5285119755393239,0.02253305163804894,0.629013079667063,0.5061576354679803,0.4987684729064039,0.5086206896551724,0.5
0.0114,0.5260574146424324,0.02279432852261765,0.6278240190249702,0.49876847290640397,0.5,0.5061576354679802,0.4975369458128079
0.0116,0.5226516052318668,0.022341466060645347,0.6218787158145065,0.49014778325123154,0.4938423645320197,0.5073891625615764,0.5
0.0118,0.5197299133684389,0.022060983047934517,0.6171224732461355,0.4852216748768473,0.48891625615763545,0.5073891625615763,0.5
0.012,0.5143621538984202,0.02184399766148216,0.609988109393579,0.4778325123152709,0.4815270935960591,0.5049261083743842,0.49753694581280794
0.0122,0.5099456429420758,0.022568951049586155,0.6076099881093936,0.46674876847290636,0.47783251231527096,0.5036945812807883,0.49384236453201974
0.0124,0.5067861389502293,0.022806827978866906,0.6016646848989298,0.45320197044334976,0.4741379310344827,0.5061576354679803,0.4987684729064039
0.0126,0.5031170375403431,0.023606695431903347,0.5980975029726516,0.44581280788177335,0.4630541871921182,0.5073891625615763,0.5012315270935961
0.0128,0.5014183794802106,0.02350153004319478,0.5945303210463734,0.4421182266009852,0.46182266009852213,0.5086206896551724,0.5
0.013,0.4979955834890437,0.023814511740152793,0.5909631391200951,0.43965517241379315,0.45443349753694584,0.5123152709359606,0.4926108374384237
0.0132,0.4955240360115509,0.024919633902972922,0.5921521997621879,0.43472906403940886,0.4482758620689655,0.5110837438423645,0.4913793103448276
0.0134,0.49136232376422634,0.02524252915800959,0.5885850178359096,0.42980295566502463,0.4421182266009852,0.5073891625615764,0.48891625615763556
0.0136,0.4877356888058434,0.024705127139113152,0.5790725326991676,0.42610837438423643,0.43596059113300495,0.5086206896551724,0.48891625615763545
0.0138,0.48750636996772545,0.024786079546718135,0.5766944114149821,0.4248768472906404,0.4359605911330049,0.5160098522167487,0.4839901477832512
0.014,0.4863003227450314,0.024953754058848435,0.5731272294887039,0.42118226600985226,0.4347290640394088,0.5197044334975369,0.48275862068965514
0.0142,0.48558688635977576,0.025029343493684623,0.5695600475624256,0.416256157635468,0.43596059113300495,0.5221674876847291,0.4839901477832513
0.0144,0.4843298793952777,0.027032380538439607,0.573127229488704,0.4064039408866995,0.4334975369458128,0.5258620689655173,0.4827586206896552
0.0146,0.48655512145405133,0.026686644180296086,0.5719381688466112,0.4076354679802956,0.437192118226601,0.5295566502463054,0.48645320197044334
0.0148,0.4841090538474605,0.02715041862075489,0.5695600475624256,0.40147783251231534,0.43472906403940886,0.5270935960591132,0.4876847290640394
0.015,0.4855614064888738,0.027626450068717882,0.573127229488704,0.40147783251231534,0.4347290640394089,0.5270935960591132,0.4913793103448275
0.0152,0.48238491591642607,0.028058672726109558,0.5695600475624256,0.39532019704433496,0.4310344827586207,0.5246305418719213,0.4913793103448276
0.0154,0.48117886869373194,0.02857532249483378,0.5659928656361474,0.39285714285714285,0.4273399014778325,0.5307881773399015,0.48891625615763545
0.0156,0.4804399524375743,0.0291715173375576,0.5659928656361474,0.3916256157635468,0.4236453201970444,0.5332512315270936,0.4876847290640394
0.0158,0.4811448955325293,0.03044266334479177,0.5707491082045185,0.38546798029556645,0.42487684729064035,0.5332512315270936,0.4913793103448276
0.016,0.4838117886869374,0.031062180281528868,0.5766944114149822,0.3854679802955665,0.4285714285714286,0.5357142857142858,0.49261083743842365
0.0162,0.4825802615933412,0.03216045444276639,0.5766944114149822,0.3817733990147783,0.4224137931034483,0.5381773399014779,0.49384236453201974
0.0164,0.4855274333276712,0.03251507392013936,0.5778834720570749,0.38546798029556645,0.4211822660098522,0.5455665024630542,0.4975369458128079
0.0166,0.48427891965347375,0.03416607872140718,0.5802615933412604,0.3793103448275862,0.4150246305418719,0.5467980295566502,0.5
0.0168,0.48623237642262607,0.034894609347742384,0.582639714625446,0.3780788177339901,0.41625615763546797,0.5517241379310345,0.5024630541871922
0.017,0.48667402751826055,0.03715496678877592,0.5897740784780025,0.3706896551724138,0.4125615763546798,0.5541871921182266,0.5061576354679803
0.0172,0.48866995073891617,0.03664143916640022,0.5862068965517241,0.37068965517241376,0.4187192118226601,0.5578817733990148,0.5098522167487685
0.0174,0.48865296415831494,0.0368501255174086,0.5885850178359097,0.3719211822660099,0.41748768472906406,0.5591133004926108,0.5061576354679803
0.0176,0.4883896721589944,0.03652818835444477,0.5909631391200951,0.3694581280788177,0.4248768472906404,0.5554187192118227,0.5012315270935961
0.0178,0.48985901138100896,0.036333292103780924,0.5921521997621879,0.3682266009852217,0.43226600985221675,0.5554187192118226,0.5012315270935961
0.018,0.48985901138100896,0.03683409556525176,0.5921521997621879,0.36699507389162567,0.43103448275862066,0.5591133004926109,0.5
0.0182,0.4893748938338712,0.03692152651120968,0.5909631391200951,0.36330049261083747,0.43226600985221675,0.5554187192118227,0.5049261083743843
0.0184,0.4894003737047733,0.03624266128115824,0.5873959571938169,0.36330049261083747,0.4359605911330049,0.5541871921182266,0.5061576354679803
0.0186,0.48985051809070834,0.0364365499724692,0.5933412604042806,0.3645320197044335,0.43472906403940886,0.5480295566502464,0.5086206896551724
0.0188,0.48865296415831494,0.03508240387396499,0.5885850178359097,0.3682266009852217,0.43596059113300495,0.5455665024630542,0.5049261083743842
0.019,0.4876932223543401,0.034724215525637335,0.5850178359096314,0.3694581280788177,0.4310344827586207,0.541871921182266,0.5110837438423645
0.0192,0.48869543060981824,0.033033013266264004,0.5826397146254458,0.37561576354679804,0.4359605911330049,0.5369458128078818,0.5123152709359606
0.0194,0.4881943264820793,0.03334497573051823,0.5838287752675387,0.37438423645320196,0.43472906403940886,0.5357142857142858,0.5123152709359606
0.0196,0.49015627654153227,0.03285875958540844,0.5850178359096314,0.37561576354679804,0.4421182266009852,0.5357142857142858,0.5123152709359606
0.0198,0.48968065228469515,0.03282874135421547,0.582639714625446,0.374384236453202,0.4421182266009852,0.5369458128078818,0.5123152709359606
0.02,0.4881858331917785,0.03271564798827109,0.5850178359096314,0.37438423645320196,0.4408866995073891,0.5283251231527094,0.5123152709359606
0.0202,0.48917105486665535,0.03260563416409807,0.5850178359096314,0.37438423645320196,0.4433497536945813,0.5246305418719213,0.518472906403941
0.0204,0.4901477832512315,0.033321400146658714,0.5862068965517241,0.3706896551724138,0.44581280788177335,0.5246305418719213,0.5233990147783252
0.0206,0.4896127059622898,0.03385823008882331,0.5921521997621879,0.37192118226600984,0.4421182266009852,0.5147783251231527,0.5270935960591133
0.0208,0.4901223033803294,0.03381411002126277,0.5897740784780023,0.3731527093596059,0.43965517241379304,0.5160098522167487,0.5320197044334976
0.021,0.4879140479021573,0.033659706916959,0.5885850178359097,0.37561576354679804,0.43349753694581283,0.5061576354679803,0.5357142857142857
0.0212,0.4889162561576355,0.03353554783399689,0.5862068965517242,0.3768472906403941,0.4347290640394088,0.5036945812807881,0.5431034482758621
0.0214,0.487922541192458,0.03374584559284813,0.5873959571938169,0.3768472906403942,0.43349753694581283,0.49753694581280794,0.5443349753694582
0.0216,0.4903601155087481,0.0341417424271589,0.5909631391200951,0.3817733990147783,0.4298029556650246,0.5,0.5492610837438423
0.0218,0.4905979276371667,0.03495172049864275,0.5921521997621878,0.3817733990147783,0.4273399014778325,0.49507389162561577,0.5566502463054188
0.022,0.49107355189400376,0.03590504375715853,0.5945303210463734,0.37931034482758624,0.42610837438423643,0.49507389162561577,0.5603448275862069
0.0222,0.49400373704773226,0.03675518338190638,0.5980975029726515,0.37561576354679804,0.43349753694581283,0.49630541871921185,0.5665024630541873
0.0224,0.4937149651775098,0.0372899494494491,0.6040428061831152,0.374384236453202,0.437192118226601,0.48768472906403937,0.5652709359605911
0.0226,0.49522677085102773,0.037115034517595596,0.5992865636147443,0.37684729064039413,0.437192118226601,0.48891625615763545,0.5738916256157636
0.0228,0.4929845422116528,0.03776021617833018,0.6028537455410226,0.3706896551724138,0.4408866995073892,0.4815270935960591,0.5689655172413793
0.023,0.4941820961440461,0.03831815479881673,0.6076099881093936,0.3706896551724138,0.44334975369458124,0.47906403940886694,0.5701970443349753
0.0232,0.4956004756242568,0.0399623534879839,0.6159334126040429,0.37438423645320196,0.4396551724137931,0.46921182266009853,0.5788177339901478
0.0234,0.4953796500764396,0.0391219637516057,0.6123662306777645,0.3793103448275862,0.4408866995073892,0.4642857142857143,0.5800492610837439
0.0236,0.49467470698148464,0.0393523710127893,0.6076099881093936,0.37438423645320196,0.4433497536945813,0.4642857142857143,0.583743842364532
0.0238,0.497384066587396,0.039149844626859956,0.6076099881093936,0.375615763546798,0.44950738916256155,0.46674876847290636,0.5874384236453202
0.024,0.4963818583319178,0.039309589004831134,0.6099881093935791,0.3768472906403941,0.44581280788177335,0.46428571428571436,0.5849753694581281
0.0242,0.49661967046033634,0.03941045323154999,0.6111771700356718,0.37931034482758613,0.4445812807881773,0.46182266009852213,0.5862068965517242
0.0244,0.4973500934261933,0.040309776026482586,0.6123662306777645,0.374384236453202,0.4470443349753695,0.4630541871921182,0.5899014778325123
0.0246,0.4992865636147443,0.041172798567330145,0.6171224732461356,0.374384236453202,0.4458128078817734,0.46551724137931033,0.5935960591133006
0.0248,0.4997706811618821,0.04105112109421618,0.6183115338882283,0.3793103448275862,0.4433497536945813,0.4630541871921182,0.5948275862068966
0.025,0.5011975539323934,0.042381822247111726,0.6254458977407847,0.37931034482758613,0.44211822660098526,0.46059113300492605,0.5985221674876847
0.0252,0.5028877187022253,0.04284872111580877,0.6302021403091558,0.3830049261083744,0.4421182266009852,0.458128078817734,0.6009852216748768
0.0254,0.5033803295396637,0.04217934302641655,0.6302021403091558,0.3842364532019705,0.4421182266009852,0.46305418719211827,0.5972906403940887
0.0256,0.5033888228299643,0.04316006744417173,0.629013079667063,0.38177339901477836,0.4408866995073891,0.4605911330049261,0.604679802955665
0.0258,0.5036266349583828,0.04428927125182011,0.6302021403091558,0.3805418719211823,0.437192118226601,0.45935960591133007,0.6108374384236452
0.026,0.5038474605062001,0.04440515315521805,0.633769322235434,0.3805418719211823,0.4408866995073892,0.45566502463054187,0.6083743842364531
0.0262,0.5060302361134703,0.04507758598347988,0.6385255648038051,0.3830049261083744,0.43842364532019706,0.458128078817734,0.6120689655172413
0.0264,0.5037965007643962,0.04554053250670672,0.6409036860879904,0.37931034482758624,0.437192118226601,0.45443349753694584,0.6071428571428572
0.0266,0.5053083064379141,0.04414421766124361,0.6361474435196196,0.3817733990147783,0.4482758620689655,0.4532019704433498,0.6071428571428571
0.0268,0.50679463224053,0.043927338489194584,0.6349583828775267,0.38177339901477836,0.45320197044334976,0.45443349753694584,0.6096059113300493
0.027,0.5094785119755393,0.04465686815616646,0.6385255648038051,0.3805418719211823,0.45935960591133007,0.4544334975369458,0.6145320197044334
0.0272,0.5080176660438254,0.04444414634952199,0.6361474435196196,0.3805418719211823,0.458128078817734,0.4519704433497536,0.6133004926108374
0.0274,0.5058858501783592,0.04303577031176297,0.6242568370986921,0.37807881773399016,0.456896551724138,0.458128078817734,0.6120689655172413
0.0276,0.5056395447596399,0.04194521528783258,0.624256837098692,0.38177339901477836,0.4568965517241379,0.4593596059113301,0.6059113300492611
0.0278,0.5037285544419908,0.04054782611067084,0.6159334126040428,0.38177339901477836,0.458128078817734,0.4605911330049261,0.6022167487684729
0.028,0.5029981314761339,0.039644052812165,0.6147443519619501,0.3842364532019705,0.45935960591133007,0.45935960591133,0.5972906403940886
0.0282,0.5017835909631392,0.03946463248388297,0.6123662306777645,0.3830049261083744,0.4605911330049261,0.4568965517241379,0.5960591133004925
0.0284,0.5011041277390862,0.03743138827400812,0.6040428061831153,0.3879310344827586,0.4630541871921182,0.45812807881773404,0.5923645320197045
0.0286,0.5018685238661458,0.03745365182318471,0.6004756242568372,0.3854679802955665,0.4655172413793104,0.4618226600985222,0.5960591133004927
0.0288,0.5014013928996093,0.03523681802337518,0.596908442330559,0.3903940886699508,0.46551724137931033,0.46798029556650245,0.5862068965517241
0.029,0.502870732121624,0.0344878408319135,0.5980975029726515,0.39408866995073893,0.4655172413793104,0.47290640394088673,0.583743842364532
0.0292,0.5050704943094956,0.035339936130942905,0.6004756242568371,0.39285714285714285,0.46798029556650245,0.47413793103448276,0.5899014778325123
0.0294,0.50679463224053,0.034893845696188724,0.6004756242568371,0.39408866995073893,0.47413793103448276,0.47536945812807885,0.5899014778325123
0.0296,0.5058518770171564,0.03362226077525303,0.5945303210463734,0.39532019704433496,0.4741379310344828,0.47906403940886705,0.5862068965517241
0.0298,0.5080686257856294,0.033211306448847386,0.5945303210463734,0.39901477832512317,0.47536945812807885,0.4827586206896552,0.5886699507389163
0.03,0.5098267368778664,0.03170799420706255,0.5897740784780023,0.4051724137931035,0.47536945812807885,0.4901477832512315,0.5886699507389163
0.0302,0.5108034652624427,0.030433253755280575,0.5909631391200951,0.4113300492610838,0.47783251231527096,0.49014778325123154,0.5837438423645319
0.0304,0.5137591302870732,0.02927771819275727,0.5909631391200951,0.41748768472906406,0.48645320197044334,0.4901477832512315,0.5837438423645321
0.0306,0.5125615763546798,0.02759148436499841,0.5862068965517242,0.41748768472906406,0.49507389162561577,0.49014778325123154,0.5738916256157635
0.0308,0.5130626804824189,0.027072571934030613,0.5850178359096314,0.4187192118226601,0.49384236453201974,0.4950738916256158,0.5726600985221674
0.031,0.5123662306777645,0.025535563957042,0.5790725326991677,0.4224137931034483,0.49507389162561577,0.4963054187192118,0.5689655172413793
0.0312,0.5145744861559368,0.024577737250140754,0.5802615933412605,0.42610837438423643,0.5012315270935961,0.5,0.5652709359605911
0.0314,0.5162986240869714,0.023540775981098754,0.5802615933412605,0.43103448275862066,0.5061576354679803,0.5012315270935961,0.5628078817733989
0.0316,0.5192373025310005,0.022960425524902645,0.582639714625446,0.43472906403940886,0.5086206896551724,0.5086206896551724,0.5615763546798029
0.0318,0.5197384066587396,0.02202996246033054,0.5814506539833532,0.437192118226601,0.5147783251231527,0.5086206896551725,0.5566502463054187
0.032,0.5212417190419568,0.02083714284923062,0.5778834720570749,0.44211822660098526,0.5197044334975369,0.5098522167487685,0.5566502463054187
0.0322,0.5207660947851197,0.0202185268633949,0.5755053507728894,0.4445812807881774,0.5172413793103448,0.5098522167487685,0.5566502463054187
0.0324,0.521258705622558,0.01981811917616027,0.5755053507728893,0.4482758620689655,0.5172413793103448,0.5073891625615763,0.5578817733990147
0.0326,0.5205452692373026,0.018408094924351415,0.5719381688466112,0.4532019704433498,0.5197044334975369,0.5049261083743842,0.5529556650246306
0.0328,0.5212841854934602,0.017779604884256752,0.5719381688466112,0.45689655172413796,0.5160098522167488,0.5086206896551724,0.5529556650246306
0.033,0.5198403261423475,0.017199411544064496,0.5671819262782402,0.45566502463054187,0.5135467980295566,0.5123152709359606,0.5504926108374384
0.0332,0.5161882113130627,0.01658599078651525,0.5612366230677764,0.45443349753694584,0.5098522167487685,0.5086206896551724,0.5467980295566502
0.0334,0.5139799558348905,0.017080698998547177,0.5600475624256837,0.45197044334975367,0.5061576354679803,0.5036945812807881,0.5480295566502463
0.0336,0.5141837948021063,0.018461814937258847,0.5659928656361474,0.4470443349753695,0.5073891625615763,0.5024630541871922,0.5480295566502463
0.0338,0.5119755393239341,0.017778649786213803,0.5648038049940546,0.4507389162561577,0.5036945812807883,0.4963054187192118,0.5443349753694582
0.034,0.5109818243587566,0.01746667648216449,0.5659928656361474,0.4556650246305419,0.49384236453201974,0.49630541871921185,0.5431034482758621
0.0342,0.5097587905554611,0.017727107945564403,0.5648038049940546,0.458128078817734,0.4827586206896552,0.49753694581280783,0.5455665024630542
0.0344,0.5082554781722439,0.01937452106672886,0.5683709869203329,0.45320197044334976,0.47413793103448276,0.4987684729064039,0.5467980295566502
0.0346,0.5041192457958213,0.019052564829794973,0.5612366230677764,0.4495073891625616,0.4667487684729065,0.5012315270935961,0.541871921182266
0.0348,0.5029047052828266,0.018349944257001784,0.558858501783591,0.45443349753694584,0.46305418719211827,0.4987684729064039,0.5394088669950738
0.035,0.5026499065738067,0.018810145846665998,0.5600475624256837,0.4556650246305419,0.45935960591133007,0.49753694581280783,0.5406403940886699
0.0352,0.5031255308306438,0.019026572556226567,0.5624256837098691,0.456896551724138,0.46059113300492616,0.4938423645320197,0.541871921182266
0.0354,0.5031255308306438,0.019026572556226588,0.5624256837098692,0.46059113300492616,0.45689655172413796,0.49384236453201974,0.541871921182266
0.0356,0.5021403091557669,0.019925391548931075,0.5624256837098692,0.458128078817734,0.45073891625615764,0.49630541871921174,0.5431034482758621
0.0358,0.49990657380669273,0.021364646461003087,0.5648038049940547,0.45197044334975367,0.4421182266009852,0.5012315270935961,0.539408866995074
0.036,0.4989213521318159,0.022401747030892,0.5648038049940547,0.4495073891625616,0.437192118226601,0.5,0.5431034482758621
0.0362,0.49819942245625953,0.02303812031341625,0.5624256837098691,0.4495073891625616,0.43103448275862066,0.5024630541871921,0.5455665024630542
0.0364,0.49527773059283164,0.023846265583630285,0.5576694411414982,0.4445812807881774,0.4236453201970443,0.5049261083743842,0.5455665024630542
0.0366,0.4950229318838118,0.023987311567467366,0.558858501783591,0.4433497536945813,0.42487684729064035,0.501231527093596,0.5467980295566502
0.0368,0.4957703414302701,0.02328575710497315,0.5576694411414982,0.44704433497536944,0.4298029556650246,0.4938423645320197,0.5504926108374384
0.037,0.4930609818243587,0.02393232764022063,0.5576694411414982,0.4433497536945813,0.42487684729064035,0.49137931034482757,0.5480295566502462
0.0372,0.4911245116358078,0.023477104440455216,0.5529131985731273,0.4421182266009852,0.4224137931034483,0.49384236453201974,0.5443349753694582
0.0374,0.4900968235094275,0.02458476266734793,0.558858501783591,0.4433497536945813,0.41502463054187194,0.49261083743842365,0.5406403940886699
0.0376,0.49058943434686597,0.024946528936924253,0.558858501783591,0.4396551724137931,0.41625615763546797,0.49507389162561577,0.5431034482758621
0.0378,0.4886699507389163,0.024648761734049854,0.5517241379310345,0.437192118226601,0.415024630541872,0.49507389162561577,0.5443349753694581
0.038,0.4908357397655852,0.024196057121283726,0.558858501783591,0.44088669950738907,0.41995073891625617,0.4938423645320197,0.5406403940886699
0.0382,0.4888822829964329,0.02414652858619445,0.5564803804994055,0.4470443349753695,0.4125615763546798,0.49014778325123154,0.5381773399014779
0.0384,0.4869373195175812,0.024548514148819166,0.5529131985731273,0.44704433497536944,0.4088669950738917,0.4839901477832513,0.5418719211822661
0.0386,0.4856888058433838,0.02567667329279546,0.5552913198573128,0.4519704433497537,0.4002463054187192,0.47906403940886694,0.5418719211822661
0.0388,0.484474265330389,0.02620736701456708,0.5529131985731273,0.4445812807881774,0.3990147783251231,0.48152709359605916,0.5443349753694581
0.039,0.4854255138440632,0.027401461691636222,0.5576694411414982,0.44704433497536944,0.39532019704433496,0.47906403940886694,0.5480295566502463
0.0392,0.4849498895872261,0.027435122510245876,0.5552913198573127,0.4445812807881774,0.3940886699507389,0.48275862068965514,0.5480295566502463
0.0394,0.4829794462374724,0.027816861029390193,0.5552913198573127,0.44581280788177335,0.38916256157635465,0.479064039408867,0.5455665024630542
0.0396,0.48248683540003395,0.028290362355993345,0.5552913198573127,0.4445812807881774,0.38793103448275856,0.4766009852216749,0.5480295566502463
0.0398,0.4817479191438764,0.028380152314909743,0.5552913198573127,0.4433497536945813,0.3879310344827586,0.4741379310344828,0.5480295566502463
0.04,0.4820451843043996,0.027678744133785627,0.5481569560047562,0.4445812807881774,0.3879310344827586,0.480295566502463,0.5492610837438424
0.0402,0.48157805333786313,0.026287998250608072,0.5445897740784781,0.4421182266009852,0.3940886699507389,0.4815270935960591,0.5455665024630542
0.0404,0.4815525734669611,0.02734897663145897,0.5481569560047563,0.43965517241379315,0.39162561576354676,0.4802955665024631,0.5480295566502463
0.0406,0.48229998301341936,0.027391632583884936,0.5469678953626635,0.43842364532019706,0.39285714285714285,0.48275862068965514,0.5504926108374384
0.0408,0.48232546288432143,0.027277805138033698,0.5434007134363853,0.43965517241379315,0.3916256157635468,0.48522167487684725,0.5517241379310345
0.041,0.4805843383726856,0.028028031460669435,0.5457788347205708,0.435960591133005,0.3866995073891626,0.48645320197044334,0.5480295566502463
0.0412,0.4825208085612366,0.028361090729832308,0.5505350772889417,0.437192118226601,0.38793103448275856,0.4876847290640394,0.5492610837438424
0.0414,0.4837778155257347,0.027377530752397617,0.5469678953626635,0.44334975369458124,0.39162561576354676,0.48522167487684725,0.5517241379310345
0.0416,0.48353151010701545,0.027284809502198727,0.5469678953626634,0.4421182266009852,0.39285714285714285,0.4839901477832513,0.5517241379310346
0.0418,0.4847460506200102,0.02706271346867973,0.549346016646849,0.44704433497536944,0.3940886699507389,0.4815270935960591,0.5517241379310345
0.042,0.48523866145744854,0.027539078561965802,0.549346016646849,0.4482758620689655,0.3928571428571428,0.4802955665024631,0.5554187192118226
0.0422,0.4835484966876168,0.027585850217892106,0.544589774078478,0.4482758620689655,0.39039408866995073,0.4778325123152709,0.5566502463054187
0.0424,0.48305588585017833,0.02778281576264321,0.544589774078478,0.4482758620689655,0.3879310344827586,0.47906403940886705,0.5554187192118226
0.0426,0.4840665873959572,0.027452425404911267,0.5410225921521998,0.44950738916256155,0.3916256157635468,0.47783251231527096,0.560344827586207
0.0428,0.48502632919993205,0.027293017840874262,0.544589774078478,0.4495073891625616,0.39532019704433496,0.47536945812807885,0.5603448275862069
0.043,0.48798199422456257,0.026396985023552248,0.544589774078478,0.46182266009852213,0.3977832512315271,0.47536945812807885,0.5603448275862069
0.0432,0.485782232036691,0.02697063398339461,0.5422116527942925,0.45566502463054187,0.39655172413793105,0.47167487684729065,0.5628078817733989
0.0434,0.4860455240360115,0.025838866156524382,0.5398335315101069,0.45935960591133007,0.39901477832512317,0.4729064039408867,0.5591133004926108
0.0436,0.48605401732631226,0.025669563409156493,0.5386444708680143,0.4556650246305418,0.39901477832512317,0.479064039408867,0.5578817733990148
0.0438,0.48753184983862746,0.025800031472987213,0.5386444708680143,0.45443349753694584,0.40270935960591137,0.479064039408867,0.562807881773399
0.044,0.48607100390691355,0.02597042915945317,0.5362663495838288,0.4507389162561576,0.4014778325123153,0.47906403940886694,0.562807881773399
0.0442,0.48801596738576525,0.025968258081011764,0.5398335315101069,0.45320197044334976,0.40517241379310354,0.4766009852216748,0.5652709359605911
0.0444,0.48776116867674535,0.02578897329910325,0.5410225921521997,0.4495073891625616,0.4064039408866995,0.479064039408867,0.562807881773399
0.0446,0.48920502802785804,0.026085845011195947,0.5457788347205708,0.44950738916256155,0.41009852216748777,0.47536945812807885,0.5652709359605911
0.0448,0.4894343468659759,0.02627867226293977,0.5481569560047562,0.45197044334975367,0.4064039408866995,0.477832512315271,0.562807881773399
0.045,0.4867674537115678,0.02583693139260774,0.5422116527942924,0.45197044334975367,0.4039408866995074,0.4753694581280788,0.5603448275862069
0.0452,0.4858162051978936,0.025553833537813778,0.5374554102259215,0.4445812807881773,0.4088669950738917,0.4753694581280788,0.5628078817733989
0.0454,0.4861049770681162,0.02572465342783977,0.5315101070154578,0.4421182266009852,0.41133004926108374,0.4766009852216748,0.5689655172413793
0.0456,0.4825208085612366,0.025169806981991963,0.516052318668252,0.4359605911330049,0.41133004926108374,0.4802955665024631,0.5689655172413794
0.0458,0.4803380329539664,0.025304384079692634,0.511296076099881,0.43103448275862066,0.41133004926108374,0.479064039408867,0.5689655172413794
0.046,0.4807881773399014,0.025293060154706733,0.5172413793103448,0.4261083743842365,0.4150246305418719,0.479064039408867,0.5665024630541872
0.0462,0.4798029556650246,0.026188648782446814,0.5172413793103449,0.4236453201970444,0.41009852216748766,0.4802955665024631,0.5677339901477833
0.0464,0.4768727705112961,0.026102534524958212,0.5136741973840666,0.4199507389162561,0.4088669950738917,0.4766009852216749,0.5652709359605912
0.0466,0.47515712587056225,0.026294930491613255,0.5124851367419738,0.41256157635467977,0.41133004926108374,0.4753694581280788,0.5640394088669951
0.0468,0.47393409206726683,0.026872403826286407,0.511296076099881,0.40763546798029554,0.41133004926108374,0.47413793103448276,0.5652709359605912
0.047,0.4734329879395278,0.026947582885724106,0.5124851367419738,0.4051724137931034,0.4088669950738916,0.479064039408867,0.561576354679803
0.0472,0.476371666383557,0.027860950697825584,0.5148632580261594,0.4088669950738916,0.4088669950738917,0.47906403940886705,0.5701970443349754
0.0474,0.47149651775097673,0.0282950914093823,0.5077288941736029,0.4027093596059113,0.4002463054187192,0.4815270935960591,0.5652709359605911
0.0476,0.469551554272125,0.029166144388906773,0.5041617122473246,0.395320197044335,0.4002463054187192,0.4802955665024631,0.5677339901477833
0.0478,0.4685918124681502,0.02957932595486727,0.5005945303210464,0.39532019704433496,0.3990147783251231,0.4766009852216748,0.5714285714285715
0.048,0.46984032614234755,0.03008394736595088,0.4982164090368609,0.39039408866995073,0.4076354679802956,0.4753694581280788,0.5775862068965517
0.0482,0.4694241549176151,0.03004394330455009,0.4875148632580262,0.3916256157635468,0.41133004926108374,0.47413793103448276,0.5825123152709359
0.0484,0.47066417530151183,0.030262668153662485,0.4863258026159335,0.3928571428571429,0.4137931034482759,0.47413793103448276,0.5862068965517241
0.0486,0.4689400373704773,0.03026438243500962,0.48632580261593344,0.3866995073891626,0.41502463054187194,0.47413793103448276,0.5825123152709359
0.0488,0.46922031595039915,0.030850862891105356,0.48156956004756246,0.3866995073891625,0.41379310344827586,0.47783251231527096,0.5862068965517241
0.049,0.46901647698318333,0.031340838726285694,0.47562425683709875,0.38669950738916253,0.416256157635468,0.47536945812807885,0.5911330049261083
0.0492,0.46969594020723626,0.03224475755486725,0.4839476813317479,0.3842364532019704,0.41379310344827586,0.47290640394088673,0.5935960591133005
0.0494,0.4653558688635978,0.03170917218497098,0.47086801426872776,0.38300492610837444,0.4125615763546799,0.4704433497536946,0.5899014778325123
0.0496,0.46463393918804147,0.0334660586495255,0.46848989298454224,0.38300492610837433,0.40640394088669957,0.4667487684729064,0.5985221674876847
0.0498,0.4673348055036521,0.03372363647862827,0.4696789536266349,0.38669950738916253,0.4064039408866995,0.47167487684729065,0.6022167487684729
0.05,0.46608629182945477,0.03431002852218006,0.4720570749108205,0.38177339901477836,0.4076354679802956,0.4655172413793104,0.603448275862069
0.0502,0.4666213691183964,0.03430302740683276,0.4661117717003567,0.3866995073891626,0.4064039408866995,0.46798029556650245,0.6059113300492611
0.0504,0.46809070834041117,0.03376924020758097,0.4673008323424495,0.3866995073891626,0.41133004926108374,0.4704433497536946,0.604679802955665
0.0506,0.4698318328520469,0.034983054649639654,0.464922711058264,0.3842364532019704,0.4150246305418719,0.47290640394088673,0.6120689655172414
0.0508,0.46786988279259384,0.03465198659138467,0.46373365041617126,0.3793103448275862,0.4187192118226601,0.46921182266009853,0.6083743842364533
0.051,0.4678868693731951,0.03441752115721857,0.4613555291319857,0.38177339901477836,0.41871921182266014,0.46921182266009853,0.6083743842364533
0.0512,0.4659419058943435,0.03342936404858441,0.4577883472057075,0.37807881773399016,0.4224137931034483,0.47044334975369456,0.6009852216748769
0.0514,0.4650076439612706,0.032782505279394594,0.450653983353151,0.3805418719211823,0.4211822660098522,0.4753694581280788,0.5972906403940887
0.0516,0.4662476643451673,0.03379516689534792,0.44946492271105826,0.37807881773399016,0.42610837438423654,0.47413793103448276,0.603448275862069
0.0518,0.4679887888568032,0.03371670957752755,0.4470868014268728,0.3805418719211823,0.43226600985221675,0.47413793103448276,0.6059113300492611
0.052,0.46631561066757266,0.0332492418899082,0.43995243757431624,0.3854679802955665,0.43103448275862066,0.47044334975369456,0.604679802955665
0.0522,0.46609478511975544,0.03351606588621777,0.43638525564803804,0.3866995073891626,0.4298029556650247,0.47167487684729065,0.6059113300492611
0.0524,0.4694666213691184,0.033041250670131424,0.44708680142687274,0.39039408866995073,0.4298029556650247,0.4729064039408867,0.6071428571428571
0.0526,0.4716493969763887,0.034003815794502915,0.4518430439952437,0.3854679802955665,0.4347290640394088,0.47413793103448276,0.6120689655172413
0.0528,0.4716493969763887,0.03328070114098483,0.4518430439952437,0.38916256157635465,0.43349753694581283,0.47413793103448276,0.6096059113300493
0.053,0.4738576524545609,0.03144949820489718,0.4530321046373365,0.39655172413793105,0.4445812807881773,0.4692118226600984,0.6059113300492611
0.0532,0.47728894173602854,0.031558363690725885,0.45541022592152197,0.4014778325123153,0.4495073891625616,0.46921182266009853,0.6108374384236452
0.0534,0.4777475794122643,0.029732390402128023,0.460166468489893,0.4051724137931035,0.45320197044334976,0.46674876847290636,0.603448275862069
0.0536,0.4807287243077969,0.02929338016355647,0.4565992865636147,0.4125615763546798,0.46182266009852213,0.46674876847290636,0.6059113300492611
0.0538,0.48323424494649225,0.029888170710955328,0.450653983353151,0.41871921182266003,0.46551724137931033,0.4692118226600984,0.6120689655172413
0.054,0.48275862068965514,0.029755081036434296,0.44827586206896547,0.41871921182266014,0.46674876847290636,0.46921182266009853,0.6108374384236452
0.0542,0.4854594870052658,0.029368050518319557,0.4494649227110583,0.42364532019704426,0.47044334975369456,0.47167487684729065,0.6120689655172413
0.0544,0.48715814506539834,0.028478732138212077,0.45303210463733656,0.42980295566502463,0.46921182266009853,0.4729064039408867,0.6108374384236454
0.0546,0.48982503821980633,0.027816454405352194,0.4589774078478003,0.43349753694581283,0.47413793103448276,0.4716748768472906,0.6108374384236454
0.0548,0.4937319517581111,0.027726243353637277,0.4637336504161712,0.43842364532019706,0.4802955665024631,0.4716748768472906,0.6145320197044335
0.055,0.4981314761338543,0.02760505148520631,0.46848989298454224,0.4421182266009852,0.4839901477832512,0.4778325123152709,0.6182266009852216
0.0552,0.5012909801257007,0.027289290928829774,0.47443519619500596,0.4482758620689655,0.4864532019704434,0.4766009852216749,0.6206896551724138
0.0554,0.50666723288602,0.027704982775134782,0.4803804994054697,0.45443349753694573,0.4926108374384236,0.4778325123152709,0.6280788177339902
0.0556,0.5073721759809751,0.027125470014685495,0.4851367419738406,0.45320197044334976,0.4938423645320197,0.47906403940886705,0.625615763546798
0.0558,0.5085697299133685,0.026560177992740932,0.48989298454221164,0.4568965517241379,0.49507389162561577,0.4766009852216749,0.624384236453202
0.056,0.5093256327501274,0.026653467649466352,0.48751486325802607,0.45689655172413796,0.49630541871921185,0.4802955665024631,0.625615763546798
0.0562,0.5137251571258705,0.027093988504857357,0.4922711058263971,0.45935960591133007,0.5,0.48522167487684725,0.6317733990147784
0.0564,0.5139289960930864,0.027396955958745018,0.4982164090368609,0.45935960591133007,0.4987684729064039,0.4802955665024631,0.6330049261083744
0.0566,0.5192797689825038,0.026344278054319516,0.5077288941736029,0.4704433497536946,0.5,0.4839901477832512,0.6342364532019704
0.0568,0.522192967555631,0.02671994959957466,0.5136741973840666,0.4729064039408867,0.5049261083743842,0.4815270935960591,0.6379310344827587
0.057,0.5251146594190589,0.027804787364908514,0.5184304399524375,0.4766009852216748,0.5061576354679802,0.479064039408867,0.645320197044335
0.0572,0.5287497876677424,0.026927427393771894,0.5267538644470868,0.48275862068965514,0.5098522167487685,0.4802955665024631,0.6440886699507389
0.0574,0.5306947511465941,0.027838086434578035,0.5303210463733651,0.4802955665024631,0.5135467980295567,0.4802955665024631,0.6490147783251232
0.0576,0.5331238321725837,0.02815018269285983,0.535077288941736,0.47906403940886694,0.5184729064039408,0.48152709359605916,0.6514778325123153
0.0578,0.5358077119075929,0.028528539601521314,0.5386444708680143,0.479064039408867,0.522167487684729,0.4839901477832513,0.6551724137931034
0.058,0.537998980805164,0.028512579955632087,0.5422116527942926,0.479064039408867,0.5307881773399015,0.4827586206896552,0.6551724137931034
0.0582,0.5399269577034144,0.02862083175574764,0.5481569560047563,0.480295566502463,0.5357142857142857,0.4802955665024631,0.6551724137931034
0.0584,0.5421521997621879,0.02858614311920711,0.5469678953626635,0.4852216748768473,0.5406403940886699,0.48029556650246313,0.6576354679802956
0.0586,0.5428741294377442,0.027708561615628683,0.5493460166468489,0.48275862068965514,0.5455665024630542,0.4839901477832513,0.6527093596059114
0.0588,0.544589774078478,0.02783701518321719,0.5505350772889418,0.4839901477832512,0.5504926108374384,0.4839901477832512,0.6539408866995073
0.059,0.5436300322745031,0.02756633307403178,0.5469678953626635,0.48152709359605916,0.5529556650246306,0.48522167487684725,0.6514778325123153
0.0592,0.5460591133004926,0.027077021352004384,0.5517241379310345,0.4839901477832512,0.5541871921182266,0.48891625615763545,0.6514778325123153
0.0594,0.5460421267198913,0.027319138989927313,0.55410225921522,0.48275862068965514,0.5541871921182266,0.48768472906403937,0.6514778325123153
0.0596,0.5480040767793443,0.027941031718314264,0.5552913198573127,0.4815270935960591,0.5615763546798029,0.48768472906403937,0.6539408866995075
0.0598,0.5487514863258027,0.027136773598374995,0.55410225921522,0.4852216748768473,0.5665024630541873,0.4876847290640395,0.6502463054187192
0.06,0.5497112281297774,0.027507968661349854,0.5576694411414982,0.48645320197044334,0.5652709359605912,0.4864532019704434,0.6527093596059113
0.0602,0.5511805673517921,0.027098729886519964,0.5588585017835909,0.49014778325123154,0.5665024630541872,0.4876847290640394,0.6527093596059114
0.0604,0.5548496687616782,0.026937869342454245,0.5624256837098692,0.4926108374384237,0.5738916256157635,0.4913793103448276,0.6539408866995073
0.0606,0.5548751486325803,0.026566556981301438,0.5588585017835909,0.49261083743842365,0.5738916256157636,0.49507389162561577,0.6539408866995073
0.0608,0.556089689145575,0.026556285758498374,0.5612366230677764,0.49261083743842365,0.5788177339901478,0.49507389162561577,0.6527093596059114
0.061,0.5568031255308306,0.02703728640232126,0.5648038049940547,0.49014778325123154,0.5775862068965517,0.49630541871921185,0.6551724137931034
0.0612,0.5592491931374214,0.026896804579905783,0.5671819262782402,0.49261083743842365,0.5812807881773399,0.4987684729064039,0.6564039408866995
0.0614,0.55923220655682,0.027634447816492214,0.5695600475624256,0.49137931034482757,0.584975369458128,0.49384236453201974,0.6564039408866995
0.0616,0.5633514523526413,0.028478326352368376,0.5790725326991676,0.48768472906403937,0.5911330049261083,0.4987684729064039,0.6600985221674877
0.0618,0.5631136402242228,0.0272593932490272,0.5778834720570749,0.4938423645320197,0.5911330049261083,0.49753694581280783,0.6551724137931034
0.062,0.5646084593171394,0.02713232228098433,0.5755053507728894,0.49261083743842365,0.6009852216748768,0.5012315270935961,0.6527093596059114
0.0622,0.5672923390521489,0.027304512555426146,0.5790725326991677,0.49137931034482757,0.605911330049261,0.5061576354679803,0.6539408866995075
0.0624,0.5680312553083064,0.027733679119012138,0.5790725326991676,0.49507389162561577,0.6096059113300493,0.5012315270935961,0.6551724137931034
0.0626,0.5680227620180057,0.02789913458374348,0.5802615933412603,0.49261083743842365,0.6096059113300493,0.5024630541871922,0.6551724137931034
0.0628,0.5655851877017157,0.027863790842724098,0.5766944114149821,0.4913793103448276,0.6096059113300493,0.49876847290640397,0.6514778325123153
0.063,0.5658399864107355,0.027118209031314826,0.5755053507728894,0.4938423645320197,0.6083743842364533,0.5012315270935961,0.6502463054187192
0.0632,0.5660777985391541,0.027726481150017628,0.5766944114149821,0.4901477832512315,0.6083743842364532,0.5024630541871922,0.6527093596059113
0.0634,0.5643536606081196,0.027109565128699352,0.5766944114149821,0.4876847290640394,0.602216748768473,0.5049261083743841,0.6502463054187192
0.0636,0.5599116697808731,0.02746078801239564,0.5778834720570749,0.48029556650246313,0.5960591133004925,0.5,0.645320197044335
0.0638,0.5545099371496518,0.027193395055221756,0.5755053507728894,0.4704433497536946,0.5899014778325123,0.5,0.6366995073891626
0.064,0.5534907423135722,0.028420990110285958,0.5802615933412605,0.4642857142857143,0.5899014778325123,0.4963054187192118,0.6366995073891626
0.0642,0.5505605571598438,0.02807411494495551,0.5766944114149821,0.4605911330049261,0.5911330049261083,0.49507389162561577,0.6293103448275862
0.0644,0.549320536775947,0.02893973381987648,0.5778834720570749,0.45689655172413796,0.5862068965517242,0.49261083743842365,0.6330049261083743
0.0646,0.5458637676235774,0.028041981606513396,0.5790725326991677,0.45443349753694584,0.5812807881773399,0.49137931034482757,0.6231527093596059
0.0648,0.5429250891795482,0.02778546502776638,0.5766944114149821,0.45320197044334976,0.5775862068965518,0.48768472906403937,0.6194581280788177
0.065,0.5411839646679123,0.027610273098726865,0.5790725326991677,0.4519704433497537,0.5751231527093597,0.48522167487684725,0.6145320197044335
0.0652,0.541166978087311,0.02784036717643034,0.5814506539833532,0.4482758620689655,0.5763546798029556,0.4876847290640394,0.6120689655172413
0.0654,0.5387294037710209,0.02768335044644222,0.577883472057075,0.4482758620689655,0.5714285714285714,0.4839901477832512,0.6120689655172413
0.0656,0.5357907253269916,0.027234228744776542,0.5755053507728894,0.4482758620689655,0.562807881773399,0.4815270935960591,0.6108374384236452
0.0658,0.5347630372006116,0.02718216915489799,0.5814506539833532,0.4433497536945813,0.5591133004926108,0.4852216748768473,0.604679802955665
0.066,0.5310684559198233,0.026404205563050596,0.5814506539833532,0.43965517241379315,0.5529556650246306,0.4864532019704433,0.5948275862068966
0.0662,0.5295651435366061,0.027121687630671437,0.5850178359096314,0.43349753694581283,0.5492610837438423,0.4876847290640394,0.5923645320197044
0.0664,0.5283336164430101,0.027251191194152515,0.5850178359096314,0.4310344827586207,0.5504926108374384,0.4864532019704434,0.5886699507389163
0.0666,0.5265839986410736,0.027283539384060192,0.5885850178359097,0.43226600985221675,0.5480295566502463,0.4802955665024631,0.583743842364532
0.0668,0.5250721929675557,0.028603501774963822,0.5933412604042806,0.4273399014778326,0.5467980295566502,0.47536945812807885,0.5825123152709359
0.067,0.5206556820112113,0.029320729118006487,0.5909631391200952,0.4199507389162562,0.5431034482758621,0.4704433497536946,0.5788177339901477
0.0672,0.5215899439442839,0.02966959193368219,0.5980975029726515,0.41995073891625617,0.539408866995074,0.4729064039408867,0.5775862068965517
0.0674,0.521615423815186,0.028361051051454342,0.5945303210463734,0.42487684729064046,0.5394088669950738,0.47413793103448276,0.5751231527093597
0.0676,0.5198742993035502,0.028946805537491575,0.596908442330559,0.4224137931034483,0.5307881773399015,0.4729064039408868,0.5763546798029557
0.0678,0.5169271275692203,0.028611149760990662,0.5957193816884662,0.4236453201970444,0.5197044334975369,0.4704433497536946,0.5751231527093597
0.068,0.5151690164769832,0.02984642128199137,0.6004756242568371,0.41748768472906406,0.5135467980295566,0.4704433497536946,0.5738916256157636
0.0682,0.5117122473246136,0.02973423035626144,0.6016646848989299,0.41625615763546797,0.5086206896551724,0.46674876847290636,0.5652709359605912
0.0684,0.5106760659079328,0.030488247204365812,0.6087990487514864,0.41748768472906406,0.5024630541871921,0.4630541871921182,0.5615763546798029
0.0686,0.5072702564973671,0.029861803338732562,0.6028537455410226,0.416256157635468,0.49630541871921185,0.46182266009852213,0.5591133004926109
0.0688,0.5064888737897062,0.030865910317597833,0.6087990487514864,0.41625615763546797,0.4913793103448276,0.458128078817734,0.5578817733990148
0.069,0.5089009682350942,0.032436431865009746,0.6159334126040429,0.4137931034482759,0.49137931034482757,0.45935960591133,0.5640394088669951
0.0692,0.5077204008833022,0.031205359698272855,0.6087990487514864,0.41748768472906406,0.4864532019704433,0.4605911330049261,0.5652709359605912
0.0694,0.5052658399864107,0.031420819277817265,0.6076099881093936,0.41133004926108374,0.4864532019704433,0.4605911330049261,0.560344827586207
0.0696,0.5074316290130797,0.03141337999862481,0.6147443519619501,0.415024630541872,0.48891625615763545,0.46305418719211827,0.5554187192118227
0.0698,0.5069050450144387,0.03266078987848714,0.619500594530321,0.41133004926108374,0.49137931034482757,0.458128078817734,0.5541871921182266
0.07,0.5056905045014439,0.03258306231035198,0.6171224732461356,0.4064039408866995,0.49507389162561577,0.45935960591133007,0.5504926108374385
0.0702,0.5064039408866995,0.033529034742136574,0.6206896551724138,0.4051724137931034,0.5,0.45443349753694584,0.5517241379310345
0.0704,0.5078647868184134,0.03333986859721334,0.6230677764565993,0.4076354679802956,0.5061576354679803,0.45443349753694584,0.5480295566502463
0.0706,0.5100560557159843,0.033414245664385896,0.6266349583828775,0.4076354679802956,0.5110837438423645,0.45935960591133,0.5455665024630542
0.0708,0.5127569220315951,0.03344361714625766,0.6278240190249703,0.40886699507389157,0.5197044334975369,0.4605911330049261,0.5467980295566502
0.071,0.5115848479701036,0.03188798440447312,0.619500594530321,0.4125615763546797,0.520935960591133,0.45935960591133007,0.5455665024630543
0.0712,0.5110667572617632,0.032688591469842744,0.6230677764565993,0.41009852216748766,0.5160098522167488,0.45935960591133007,0.5467980295566502
0.0714,0.5100985221674876,0.03206968437292572,0.6206896551724137,0.4125615763546798,0.5221674876847291,0.4556650246305419,0.5394088669950738
0.0716,0.5120859520978427,0.031128847718645495,0.6183115338882283,0.41871921182266003,0.5270935960591132,0.45566502463054187,0.5406403940886699
0.0718,0.5111431968744692,0.030551437420392208,0.6123662306777646,0.41748768472906406,0.5283251231527094,0.45566502463054187,0.5418719211822659
0.072,0.5104042806183116,0.02967456208786882,0.6123662306777646,0.4224137931034483,0.5258620689655172,0.45566502463054187,0.5357142857142857
0.0722,0.5089519279768984,0.028055710895514705,0.6087990487514864,0.42857142857142855,0.5233990147783252,0.456896551724138,0.5270935960591133
0.0724,0.5126380159673858,0.028117451811283462,0.6099881093935791,0.43349753694581283,0.5283251231527093,0.45566502463054187,0.5357142857142857
0.0726,0.5133514523526415,0.02859523622173067,0.6135552913198573,0.43349753694581283,0.5320197044334976,0.4556650246305419,0.5320197044334976
0.0728,0.512884321386105,0.027827131501780747,0.6099881093935791,0.4347290640394089,0.5307881773399015,0.45689655172413796,0.5320197044334976
0.073,0.5145999660268388,0.027464993312762937,0.6111771700356717,0.4421182266009852,0.5344827586206897,0.45443349753694584,0.5307881773399015
0.0732,0.5139205028027858,0.025991104198380553,0.6028537455410227,0.4433497536945813,0.5332512315270936,0.456896551724138,0.5332512315270936
0.0734,0.5173687786648548,0.02520463139949379,0.6028537455410227,0.4507389162561577,0.5357142857142857,0.45935960591133007,0.5381773399014779
0.0736,0.5179038559537965,0.024259901745776476,0.5969084423305588,0.45073891625615764,0.5357142857142858,0.4630541871921183,0.5431034482758621
0.0738,0.5174791914387633,0.022653248736969892,0.5873959571938169,0.4519704433497537,0.539408866995074,0.46674876847290636,0.541871921182266
0.074,0.5162986240869712,0.02131457966745301,0.5802615933412604,0.45320197044334976,0.5394088669950738,0.46921182266009853,0.539408866995074
0.0742,0.5170375403431289,0.021119851559046478,0.5802615933412604,0.4544334975369458,0.541871921182266,0.47044334975369456,0.5381773399014779
0.0744,0.518039748598607,0.02113152952297244,0.5778834720570749,0.45689655172413796,0.5467980295566501,0.46798029556650245,0.5406403940886699
0.0746,0.5183115338882283,0.019649040888757675,0.5743162901307965,0.4605911330049261,0.5443349753694582,0.47290640394088673,0.539408866995074
0.0748,0.5183370137591303,0.018593686019196795,0.5707491082045184,0.46674876847290636,0.539408866995074,0.4716748768472907,0.543103448275862
0.075,0.5166893154408018,0.016759915437261116,0.5600475624256838,0.47167487684729065,0.5406403940886699,0.4716748768472907,0.539408866995074
0.0752,0.5189400373704773,0.01611952662132393,0.5552913198573128,0.48152709359605916,0.541871921182266,0.46921182266009853,0.5467980295566502
0.0754,0.5177849498895872,0.014425534917504902,0.544589774078478,0.48275862068965525,0.5455665024630542,0.4741379310344828,0.541871921182266
0.0756,0.5166553422795991,0.013361170715552992,0.530321046373365,0.48522167487684725,0.5480295566502463,0.4766009852216748,0.5431034482758621
0.0758,0.5150246305418719,0.012729010660413619,0.5172413793103448,0.4913793103448276,0.5504926108374384,0.47536945812807885,0.5406403940886699
0.076,0.518294547307627,0.011484294116319675,0.5077288941736029,0.5036945812807881,0.5517241379310345,0.4839901477832512,0.5443349753694581
0.0762,0.5178868693731953,0.011839752692458926,0.4958382877526754,0.5073891625615764,0.5529556650246306,0.4876847290640394,0.5455665024630542
0.0764,0.5159928656361474,0.012145260208604862,0.48513674197384066,0.5073891625615764,0.5492610837438423,0.49137931034482757,0.5467980295566502
0.0766,0.5155682011211143,0.013359076847745174,0.47562425683709864,0.5123152709359606,0.5492610837438424,0.49137931034482757,0.5492610837438424
0.0768,0.5133854255138441,0.013604657283507888,0.4708680142687277,0.5160098522167488,0.5467980295566502,0.48768472906403937,0.5455665024630543
0.077,0.5129692542891117,0.015730172558315145,0.46016646848989295,0.5258620689655173,0.5443349753694582,0.4839901477832513,0.5504926108374385
0.0772,0.5142687277051129,0.01746220485816205,0.450653983353151,0.5344827586206896,0.5467980295566502,0.4876847290640394,0.5517241379310345
0.0774,0.5140988618990997,0.019161371153659908,0.43995243757431635,0.541871921182266,0.5467980295566502,0.4913793103448276,0.5504926108374384
0.0776,0.5146424324783421,0.020038835941118827,0.43281807372175984,0.5467980295566502,0.5431034482758621,0.5,0.5504926108374385
0.0778,0.515398335315101,0.020730110763405373,0.4304399524375743,0.5492610837438423,0.5431034482758621,0.5012315270935961,0.5529556650246306
0.078,0.5134873449974521,0.022393173470454324,0.4221165279429251,0.5566502463054187,0.5369458128078817,0.4987684729064039,0.5529556650246306
0.0782,0.5123067776456599,0.023274818475719373,0.41498216409036864,0.5529556650246306,0.5381773399014778,0.5024630541871922,0.5529556650246306
0.0784,0.5118736198403262,0.025303388014842696,0.4066587395957194,0.560344827586207,0.5394088669950738,0.5000000000000001,0.5529556650246306
0.0786,0.5136062510616612,0.02568383794230917,0.4054696789536267,0.5591133004926109,0.541871921182266,0.5049261083743842,0.5566502463054187
0.0788,0.5131221335145236,0.02525847132231115,0.4042806183115339,0.5554187192118226,0.5381773399014779,0.5135467980295567,0.5541871921182266
0.079,0.514141328350603,0.026534811447384433,0.3995243757431629,0.5591133004926109,0.5369458128078818,0.5172413793103449,0.5578817733990148
0.0792,0.5109733310684559,0.026957153779894296,0.3947681331747919,0.5615763546798029,0.5283251231527093,0.5172413793103449,0.5529556650246306
0.0794,0.5102514013928996,0.027462432910491545,0.3923900118906064,0.5652709359605911,0.5270935960591132,0.5160098522167488,0.5504926108374384
0.0796,0.5092916595889247,0.028157685836194324,0.3888228299643282,0.5701970443349754,0.5233990147783252,0.5184729064039408,0.5455665024630543
0.0798,0.5073127229488704,0.02761592629459109,0.390011890606421,0.5677339901477831,0.5197044334975369,0.5135467980295566,0.5455665024630543
0.08,0.5060557159843724,0.02677992103662912,0.39357907253269914,0.5677339901477833,0.5147783251231527,0.5110837438423645,0.5431034482758621
0.0802,0.5045863767623577,0.026422267116919276,0.3923900118906064,0.5640394088669951,0.5172413793103448,0.5110837438423645,0.5381773399014779
0.0804,0.504577883472057,0.02625580437331701,0.3935790725326992,0.5665024630541872,0.5197044334975369,0.5098522167487685,0.5332512315270936
0.0806,0.504807202310175,0.02581528957389037,0.39595719381688466,0.5652709359605911,0.5233990147783252,0.5061576354679802,0.5332512315270936
0.0808,0.5043485646339392,0.026758414306778985,0.3912009512485137,0.5665024630541872,0.5221674876847291,0.5073891625615764,0.5344827586206897
0.081,0.5031170375403431,0.026791619736840695,0.3912009512485137,0.5689655172413793,0.5160098522167488,0.5061576354679802,0.5332512315270936
0.0812,0.504832682181077,0.026761454484575727,0.39239001189060646,0.5701970443349753,0.5160098522167487,0.5123152709359606,0.5332512315270936
0.0814,0.504807202310175,0.025801185621446295,0.3959571938168847,0.5665024630541872,0.5098522167487685,0.5197044334975369,0.5320197044334976
0.0816,0.507244776626465,0.025440231892596553,0.3995243757431629,0.5640394088669951,0.5073891625615763,0.5270935960591132,0.5381773399014778
0.0818,0.5089349413962969,0.02504800649719324,0.4042806183115339,0.564039408866995,0.5049261083743842,0.5246305418719212,0.5467980295566502
0.082,0.5082130117207406,0.025182932580632738,0.40190249702734837,0.5603448275862069,0.5036945812807883,0.5307881773399015,0.5443349753694582
0.0822,0.5076864277220995,0.023855821594962436,0.4066587395957194,0.5554187192118226,0.5024630541871922,0.5357142857142857,0.5381773399014779
0.0824,0.5093596059113301,0.022837706191555746,0.4137931034482759,0.5541871921182265,0.5,0.5406403940886699,0.5381773399014778
0.0826,0.510090028877187,0.022737772594919946,0.4149821640903686,0.5554187192118226,0.5012315270935961,0.543103448275862,0.5357142857142857
0.0828,0.5129862408697129,0.021609445647727366,0.4233055885850178,0.5529556650246304,0.5012315270935961,0.5455665024630542,0.5418719211822659
0.083,0.5152029896381858,0.022372219816124996,0.4233055885850178,0.5529556650246306,0.5,0.5480295566502463,0.5517241379310345
0.0832,0.5154323084763037,0.02213649186357338,0.42568370986920334,0.5492610837438423,0.4975369458128079,0.5541871921182265,0.5504926108374385
0.0834,0.5171564464073382,0.022752448365993758,0.42568370986920334,0.5480295566502463,0.4975369458128079,0.5541871921182265,0.560344827586207
0.0836,0.5222779004586378,0.02244045467431529,0.4328180737217598,0.5467980295566502,0.5024630541871922,0.5640394088669951,0.5652709359605912
0.0838,0.5244691693562087,0.022943951803856458,0.43638525564803804,0.5455665024630542,0.49876847290640397,0.5714285714285714,0.5701970443349754
0.084,0.5283506030236114,0.022590302119348548,0.4447086801426873,0.5406403940886699,0.5012315270935961,0.5738916256157636,0.58128078817734
0.0842,0.5302870732121624,0.022747909066745006,0.4494649227110583,0.5357142857142857,0.5012315270935961,0.5763546798029556,0.5886699507389163
0.0844,0.5356378461015798,0.02182905283072563,0.4589774078478003,0.539408866995074,0.5073891625615764,0.5788177339901477,0.5935960591133006
0.0846,0.5390351622218448,0.021646647561385866,0.4661117717003568,0.5406403940886699,0.5073891625615764,0.583743842364532,0.5972906403940886
0.0848,0.5421861729233906,0.0217138224665071,0.47324613555291317,0.5369458128078818,0.5086206896551725,0.5899014778325123,0.602216748768473
0.085,0.5470103618141668,0.02082717574969835,0.4875148632580261,0.5369458128078818,0.5098522167487685,0.5923645320197044,0.6083743842364532
0.0852,0.5492271105826397,0.02194995665519017,0.4875148632580261,0.5369458128078817,0.5098522167487685,0.5985221674876847,0.6133004926108374
0.0854,0.5526668931544079,0.022321150295772942,0.48870392390011885,0.5394088669950738,0.5147783251231527,0.6022167487684729,0.6182266009852216
0.0856,0.5546373365041617,0.02280372874753078,0.48870392390011885,0.5369458128078817,0.5197044334975369,0.6071428571428571,0.6206896551724138
0.0858,0.5577883472057075,0.02271364167811898,0.49583828775267536,0.5320197044334976,0.5258620689655172,0.6071428571428571,0.6280788177339901
0.086,0.5607015457788347,0.022528191478396607,0.5017835909631392,0.5320197044334976,0.5283251231527093,0.6120689655172414,0.6293103448275862
0.0862,0.5631221335145236,0.02254457991899263,0.5077288941736029,0.5332512315270935,0.5270935960591133,0.6169950738916257,0.6305418719211822
0.0864,0.5650755902836759,0.023111135919277916,0.5101070154577884,0.5332512315270936,0.5270935960591133,0.6206896551724138,0.6342364532019705
0.0866,0.5658060132495328,0.023516574576080463,0.5112960760998811,0.5320197044334976,0.5270935960591133,0.6206896551724138,0.6379310344827586
0.0868,0.5708934941396298,0.02430141446120944,0.5231866825208086,0.5295566502463054,0.5270935960591133,0.6330049261083744,0.6416256157635468
0.087,0.5740614914217768,0.025144835985100134,0.5279429250891795,0.5295566502463054,0.5270935960591133,0.6391625615763546,0.6465517241379309
0.0872,0.5771955155427213,0.02472439958246427,0.5374554102259216,0.5270935960591133,0.5320197044334976,0.6403940886699507,0.6490147783251231
0.0874,0.578885680312553,0.02458309365232186,0.5422116527942925,0.5270935960591133,0.5332512315270935,0.6440886699507389,0.6477832512315271
0.0876,0.5842194666213691,0.024010128793596836,0.5541022592152199,0.5258620689655172,0.543103448275862,0.646551724137931,0.6514778325123153
0.0878,0.587141158484797,0.02302958131726653,0.558858501783591,0.5283251231527093,0.5504926108374385,0.6490147783251232,0.6490147783251232
0.088,0.5907423135722779,0.022195421145544753,0.5719381688466112,0.5332512315270935,0.5492610837438424,0.6490147783251232,0.6502463054187192
0.0882,0.5922201460845932,0.022586399657935796,0.5719381688466112,0.5320197044334974,0.5529556650246306,0.6539408866995073,0.6502463054187192
0.0884,0.5951078647868184,0.022867605211290314,0.5814506539833532,0.5307881773399015,0.5541871921182266,0.6564039408866995,0.6527093596059113
0.0886,0.5975029726516052,0.023132065136895225,0.5909631391200951,0.5320197044334976,0.5517241379310345,0.6588669950738917,0.6539408866995073
0.0888,0.5969848819432648,0.023701333973071722,0.5945303210463733,0.5307881773399016,0.5467980295566502,0.6625615763546797,0.6502463054187192
0.089,0.5981824358756581,0.023862412636698103,0.5992865636147443,0.5283251231527093,0.5492610837438423,0.6613300492610837,0.6527093596059113
0.0892,0.5993460166468491,0.023082377418048586,0.6087990487514863,0.5295566502463054,0.5504926108374384,0.6564039408866995,0.6514778325123153
0.0894,0.6030066247664345,0.022407986725608973,0.6135552913198573,0.5381773399014778,0.5517241379310345,0.6600985221674877,0.6514778325123153
0.0896,0.6034567691523697,0.022288799835522257,0.6195005945303211,0.5357142857142858,0.5541871921182266,0.6588669950738917,0.6490147783251232
0.0898,0.6058858501783592,0.02315127486511007,0.6242568370986921,0.5357142857142858,0.5541871921182266,0.6650246305418719,0.6502463054187192
0.09,0.6041702055376252,0.022977905866623752,0.6230677764565993,0.5283251231527093,0.560344827586207,0.6613300492610836,0.6477832512315271
0.0902,0.6063359945642942,0.02367666114493876,0.6302021403091558,0.5270935960591133,0.5615763546798029,0.6650246305418719,0.6477832512315271
0.0904,0.6075590283675896,0.02303069138413582,0.6313912009512486,0.5270935960591133,0.5689655172413793,0.6650246305418719,0.6453201970443351
0.0906,0.6070579242398505,0.02312860652727769,0.6325802615933414,0.5270935960591133,0.5665024630541872,0.6637931034482758,0.645320197044335
0.0908,0.6058263971462545,0.02318010473222187,0.6325802615933414,0.5233990147783251,0.5677339901477833,0.6588669950738917,0.646551724137931
0.091,0.6040852726346186,0.02357635196525925,0.6349583828775267,0.5172413793103448,0.5689655172413793,0.6527093596059113,0.646551724137931
0.0912,0.6016307117377272,0.0239224415490304,0.633769322235434,0.5123152709359605,0.5677339901477833,0.6477832512315271,0.646551724137931
0.0914,0.5999065738066928,0.024099982039098057,0.633769322235434,0.5073891625615764,0.5701970443349754,0.6477832512315271,0.6403940886699507
0.0916,0.5993884830983524,0.02398268957156853,0.6373365041617123,0.5061576354679803,0.5714285714285714,0.6416256157635468,0.6403940886699507
0.0918,0.5976983183285205,0.02416000170594039,0.6325802615933412,0.5049261083743842,0.5677339901477833,0.6440886699507389,0.6391625615763548
0.092,0.5962204858162051,0.02502194358455127,0.6325802615933412,0.49753694581280794,0.5701970443349754,0.6428571428571429,0.6379310344827586
0.0922,0.5945048411754714,0.02456411266510088,0.6313912009512486,0.4987684729064039,0.5665024630541872,0.6391625615763546,0.6366995073891626
0.0924,0.5932393409206727,0.024267524513654916,0.6361474435196195,0.4987684729064039,0.5652709359605912,0.6354679802955665,0.6305418719211823
0.0926,0.5929420757601495,0.025607822666534972,0.643281807372176,0.4938423645320197,0.562807881773399,0.6354679802955665,0.6293103448275862
0.0928,0.5919313742143707,0.025765337623355207,0.6468489892984542,0.4926108374384236,0.5615763546798029,0.6293103448275863,0.6293103448275863
0.093,0.5880074740954646,0.02574755376248794,0.6444708680142688,0.48891625615763545,0.5578817733990148,0.6268472906403941,0.6219211822660099
0.0932,0.5864956684219467,0.026280154542192884,0.6492271105826397,0.4852216748768473,0.5578817733990148,0.6206896551724137,0.6194581280788177
0.0934,0.5811194156616273,0.02572862100475344,0.643281807372176,0.4839901477832512,0.5492610837438424,0.6157635467980296,0.6133004926108374
0.0936,0.5781467640563955,0.026458504823266695,0.6456599286563616,0.479064039408867,0.5455665024630542,0.6120689655172414,0.6083743842364533
0.0938,0.5778749787667743,0.02659728447129126,0.6492271105826397,0.47906403940886694,0.5455665024630542,0.6083743842364532,0.6071428571428572
0.094,0.5754458977407848,0.026359871886110022,0.6444708680142688,0.47783251231527096,0.541871921182266,0.6096059113300493,0.603448275862069
0.0942,0.5737387463903516,0.026683859868592112,0.6420927467300832,0.4753694581280788,0.5381773399014779,0.6108374384236454,0.6022167487684729
0.0944,0.5680907083404112,0.027143685729637393,0.6397146254458976,0.4679802955665025,0.5332512315270936,0.604679802955665,0.5948275862068966
0.0946,0.5646339391880415,0.027051373605273304,0.6409036860879904,0.46798029556650245,0.5270935960591133,0.5985221674876847,0.5886699507389163
0.0948,0.561448955325293,0.026684144800822693,0.6385255648038051,0.46551724137931033,0.5270935960591133,0.5935960591133005,0.5825123152709359
0.095,0.5577968404960082,0.025611057448685484,0.6325802615933412,0.46551724137931033,0.5258620689655172,0.5874384236453203,0.5775862068965518
0.0952,0.5548581620519789,0.02533881287671464,0.6302021403091558,0.46182266009852213,0.5283251231527093,0.5812807881773399,0.5726600985221675
0.0954,0.5541447256667233,0.02456602258215041,0.6266349583828775,0.4630541871921182,0.5307881773399015,0.5825123152709359,0.5677339901477833
0.0956,0.5527008663156108,0.02348173747881783,0.6218787158145066,0.4667487684729064,0.5283251231527093,0.5825123152709359,0.5640394088669951
0.0958,0.554679802955665,0.023284917570190716,0.6206896551724138,0.4667487684729064,0.5344827586206896,0.5849753694581281,0.5665024630541872
0.096,0.5532019704433497,0.02334164603269531,0.6206896551724139,0.46674876847290636,0.5332512315270936,0.5874384236453202,0.5578817733990148
0.0962,0.552717852896212,0.022233807310596897,0.6195005945303211,0.47167487684729065,0.5357142857142857,0.584975369458128,0.5517241379310345
0.0964,0.550025479870902,0.021842810773623437,0.6171224732461356,0.4704433497536946,0.5369458128078818,0.5800492610837438,0.5455665024630543
0.0966,0.5495158824528623,0.021967789873544603,0.6195005945303211,0.4716748768472907,0.541871921182266,0.5788177339901478,0.5357142857142858
0.0968,0.5500594530321047,0.020639126731462516,0.6123662306777645,0.47783251231527096,0.5406403940886699,0.5849753694581281,0.5344827586206897
0.097,0.5505435705792424,0.020784934396186262,0.6135552913198573,0.4766009852216749,0.541871921182266,0.583743842364532,0.5369458128078819
0.0972,0.5513164599966027,0.019945105214506247,0.6087990487514863,0.480295566502463,0.5443349753694582,0.5874384236453202,0.5357142857142858
0.0974,0.5508238491591643,0.02001778399991718,0.6087990487514863,0.4815270935960591,0.5480295566502463,0.5874384236453202,0.5283251231527093
0.0976,0.5518090708340412,0.020024826347333696,0.6087990487514863,0.4827586206896552,0.5492610837438424,0.5899014778325125,0.5283251231527094
0.0978,0.549371496517751,0.019485398344872618,0.605231866825208,0.4839901477832512,0.5492610837438424,0.5862068965517242,0.522167487684729
0.098,0.5506200101919483,0.018776911183091757,0.6028537455410226,0.48645320197044334,0.5504926108374384,0.5874384236453203,0.5258620689655173
0.0982,0.5523186682520809,0.019440067284378828,0.6064209274673009,0.4876847290640394,0.5529556650246306,0.5911330049261083,0.5233990147783252
0.0984,0.5520893494139629,0.019355508323987237,0.6040428061831152,0.48645320197044334,0.5554187192118227,0.5911330049261083,0.5233990147783252
0.0986,0.5518770171564463,0.01919204586841821,0.5992865636147443,0.48891625615763545,0.5578817733990148,0.5948275862068966,0.5184729064039408
0.0988,0.5509427552233735,0.018328892784446826,0.5921521997621878,0.4913793103448276,0.5615763546798029,0.5935960591133005,0.5160098522167488
0.099,0.5524460676065908,0.018121700246850506,0.5885850178359096,0.49014778325123154,0.5677339901477833,0.5948275862068966,0.520935960591133
0.0992,0.5532274503142517,0.01779159483040281,0.5826397146254458,0.48891625615763534,0.5701970443349754,0.5972906403940887,0.5270935960591132
0.0994,0.5523101749617803,0.01666872390594365,0.5731272294887039,0.4913793103448276,0.5751231527093595,0.5935960591133005,0.5283251231527094
0.0996,0.5511041277390861,0.017236950515692875,0.5695600475624256,0.4864532019704433,0.5763546798029556,0.5935960591133005,0.5295566502463054
0.0998,0.5521233225751656,0.016612882775571085,0.5648038049940548,0.48891625615763545,0.5788177339901478,0.5935960591133005,0.5344827586206897
0.1,0.5528707321216239,0.016646835989359243,0.5636147443519619,0.4901477832512315,0.5775862068965517,0.5972906403940886,0.5357142857142857
0.1002,0.5509427552233734,0.01653972109556053,0.5576694411414982,0.4876847290640395,0.5788177339901478,0.5935960591133005,0.5369458128078819
0.1004,0.551961950059453,0.017738686055257663,0.5529131985731272,0.4839901477832512,0.5862068965517241,0.5960591133004927,0.5406403940886699
0.1006,0.5529811448955325,0.016714651166826095,0.5481569560047561,0.49014778325123154,0.5874384236453202,0.5948275862068966,0.5443349753694582
0.1008,0.5534907423135722,0.016179504463029567,0.5457788347205706,0.4926108374384236,0.5886699507389163,0.5923645320197044,0.5480295566502463
0.101,0.5562255817903855,0.016141671946945,0.5422116527942925,0.4975369458128079,0.5874384236453202,0.5997536945812808,0.5541871921182265
0.1012,0.5572108034652624,0.015745100623195566,0.5422116527942925,0.5024630541871922,0.5935960591133005,0.5972906403940886,0.5504926108374384
0.1014,0.5594445388143366,0.014806464816596376,0.539833531510107,0.5098522167487685,0.5911330049261084,0.5997536945812808,0.5566502463054187
0.1016,0.5609138780363512,0.013905021274209532,0.5410225921521997,0.5160098522167487,0.5923645320197045,0.5985221674876847,0.5566502463054187
0.1018,0.5619075930015288,0.013920818382722584,0.539833531510107,0.518472906403941,0.5923645320197044,0.6009852216748769,0.5578817733990149
0.102,0.5651010701545779,0.013532431692521196,0.5410225921521997,0.5221674876847291,0.5911330049261084,0.6034482758620691,0.5677339901477833
0.1022,0.5634024120944454,0.01522244532891296,0.5374554102259215,0.5147783251231527,0.5923645320197045,0.6071428571428572,0.5652709359605912
0.1024,0.5634278919653475,0.014786887198700202,0.5338882282996432,0.520935960591133,0.5911330049261084,0.6083743842364533,0.5628078817733989
0.1026,0.5673263122133514,0.016052820168988378,0.5398335315101069,0.5197044334975369,0.5911330049261084,0.6206896551724138,0.5652709359605912
0.1028,0.568294547307627,0.01689205225128619,0.5422116527942925,0.5147783251231527,0.5923645320197045,0.6231527093596059,0.5689655172413793
0.103,0.5685408527263462,0.016809047638514978,0.5422116527942925,0.5147783251231528,0.5935960591133005,0.6219211822660099,0.5701970443349753
0.1032,0.5687786648547647,0.017026823402370064,0.5434007134363852,0.5135467980295567,0.5899014778325123,0.624384236453202,0.5726600985221675
0.1034,0.5677764565992865,0.01614346835629868,0.5457788347205708,0.5160098522167488,0.5935960591133005,0.6194581280788177,0.5640394088669951
0.1036,0.5719126889757092,0.01693296106667272,0.5529131985731273,0.5160098522167488,0.603448275862069,0.623152709359606,0.5640394088669951
0.1038,0.5748258875488365,0.01644193516457362,0.558858501783591,0.5221674876847291,0.6022167487684729,0.6280788177339901,0.562807881773399
0.104,0.5748258875488365,0.016515564971494614,0.558858501783591,0.5233990147783252,0.605911330049261,0.626847290640394,0.559113300492611
0.1042,0.5774757941226432,0.01685228294149524,0.5671819262782403,0.5221674876847291,0.6083743842364532,0.6293103448275862,0.5603448275862069
0.1044,0.576499065738067,0.017321634443503656,0.5659928656361475,0.5221674876847291,0.6071428571428571,0.6317733990147784,0.5554187192118227
0.1046,0.5784440292169186,0.016393746210206703,0.5695600475624256,0.5233990147783251,0.604679802955665,0.6305418719211823,0.5640394088669951
0.1048,0.5779429250891795,0.016747685672600047,0.5707491082045185,0.5209359605911331,0.604679802955665,0.6305418719211823,0.562807881773399
0.105,0.581102429081026,0.016242650621215993,0.5766944114149821,0.5233990147783252,0.6083743842364532,0.6293103448275862,0.5677339901477833
0.1052,0.5808306437914048,0.015956745729406138,0.5802615933412605,0.5233990147783251,0.6059113300492611,0.6280788177339901,0.5665024630541872
0.1054,0.581807372175981,0.015572084012018487,0.5814506539833532,0.5295566502463054,0.6108374384236454,0.6268472906403941,0.5603448275862069
0.1056,0.5823084763037201,0.014290391394116824,0.5802615933412605,0.5344827586206897,0.6133004926108374,0.6206896551724138,0.562807881773399
0.1058,0.5803380329539665,0.013361370474344322,0.5802615933412605,0.5369458128078818,0.6083743842364532,0.6169950738916257,0.5591133004926109
0.106,0.5822999830134195,0.012027662638205695,0.5814506539833532,0.5455665024630543,0.6096059113300493,0.6145320197044335,0.560344827586207
0.1062,0.5820451843043996,0.011301343266245913,0.582639714625446,0.5467980295566502,0.6071428571428572,0.6120689655172414,0.5615763546798029
0.1064,0.5822999830134195,0.0107209212517475,0.5814506539833532,0.5504926108374384,0.6071428571428572,0.6108374384236454,0.5615763546798029
0.1066,0.582282996432818,0.009873650706372972,0.5838287752675386,0.5554187192118227,0.6071428571428571,0.6059113300492611,0.5591133004926109
0.1068,0.5825038219806353,0.00919522849157516,0.5873959571938169,0.5578817733990148,0.6059113300492611,0.6022167487684729,0.5591133004926109
0.107,0.5837268557839307,0.007825585129797396,0.5885850178359097,0.5677339901477833,0.603448275862069,0.5997536945812808,0.5591133004926109
0.1072,0.5837608289451334,0.008250326415301237,0.5838287752675386,0.5726600985221675,0.603448275862069,0.6034482758620691,0.5554187192118226
0.1074,0.5830134193986749,0.0082035283660571,0.5850178359096314,0.5788177339901478,0.6009852216748769,0.5997536945812808,0.5504926108374384
0.1076,0.5812977747579412,0.007844275282206737,0.5838287752675386,0.5763546798029556,0.5997536945812808,0.5960591133004927,0.5504926108374384
0.1078,0.5798284355359267,0.008472561761414962,0.5826397146254458,0.5738916256157636,0.5997536945812809,0.5960591133004927,0.5467980295566504
0.108,0.5779174452182776,0.008477660155089273,0.5743162901307968,0.5800492610837438,0.5997536945812808,0.5911330049261084,0.5443349753694582
0.1082,0.5781892305078987,0.008671989621030217,0.5707491082045184,0.584975369458128,0.5997536945812808,0.5911330049261083,0.5443349753694581
0.1084,0.5762527603193477,0.009005344027774616,0.5659928656361474,0.5849753694581281,0.5972906403940886,0.5911330049261084,0.541871921182266
0.1086,0.5757431629013079,0.00968701814744731,0.5683709869203329,0.5911330049261084,0.5972906403940886,0.5849753694581281,0.5369458128078818
0.1088,0.5762357737387463,0.009678203242626757,0.5683709869203329,0.5911330049261084,0.5997536945812808,0.583743842364532,0.5381773399014778
0.109,0.5762357737387465,0.010679490377690323,0.568370986920333,0.5948275862068965,0.6022167487684729,0.58128078817734,0.5344827586206897
0.1092,0.5752760319347715,0.010851803597176229,0.5648038049940547,0.5960591133004927,0.6022167487684729,0.5788177339901478,0.5344827586206897
0.1094,0.5755563105146934,0.012084620434130895,0.5600475624256837,0.6009852216748769,0.604679802955665,0.5800492610837439,0.5320197044334976
0.1096,0.5760574146424325,0.013053128941616757,0.5588585017835909,0.5997536945812807,0.6083743842364532,0.5849753694581281,0.5283251231527094
0.1098,0.5760659079327332,0.014294050628434155,0.5576694411414982,0.6022167487684729,0.6108374384236454,0.5862068965517242,0.5233990147783252
0.11,0.5768303040597927,0.015569428499136976,0.5541022592152199,0.6046798029556649,0.6182266009852218,0.5849753694581281,0.5221674876847291
0.1102,0.5760998810939358,0.016274988166277076,0.5529131985731273,0.6009852216748769,0.6182266009852216,0.5911330049261084,0.5172413793103449
0.1104,0.5736792933582471,0.017594555542850897,0.5469678953626635,0.5960591133004927,0.6206896551724138,0.5935960591133005,0.5110837438423645
0.1106,0.5736962799388483,0.017786911269107718,0.544589774078478,0.5960591133004924,0.6231527093596059,0.5923645320197045,0.5123152709359606
0.1108,0.5749363003227451,0.01860281324309215,0.5434007134363852,0.5997536945812807,0.625615763546798,0.5948275862068966,0.5110837438423645
0.111,0.5729913368438935,0.0185697567947837,0.539833531510107,0.5997536945812807,0.6219211822660099,0.5935960591133005,0.5098522167487685
0.1112,0.5717767963308986,0.0196452297913086,0.5374554102259216,0.6009852216748768,0.6206896551724138,0.5960591133004927,0.5036945812807881
0.1114,0.5708170545269238,0.020441815116969582,0.5338882282996433,0.6009852216748768,0.6182266009852218,0.6009852216748769,0.5
0.1116,0.5713011720740615,0.02064593966985032,0.535077288941736,0.604679802955665,0.6169950738916257,0.6009852216748769,0.49876847290640397
0.1118,0.5713011720740615,0.020394644977829928,0.5350772889417361,0.603448275862069,0.6169950738916257,0.600985221674877,0.5
0.112,0.5706047222694071,0.020445322487181915,0.5291319857312723,0.6034482758620688,0.6145320197044335,0.603448275862069,0.5024630541871922
0.1122,0.5713521318158654,0.02061298424135641,0.5279429250891795,0.603448275862069,0.6133004926108374,0.6083743842364532,0.5036945812807881
0.1124,0.5725921521997621,0.02054026920926383,0.5267538644470868,0.6022167487684729,0.6145320197044335,0.6120689655172413,0.5073891625615763
0.1126,0.5726091387803637,0.02070456326601014,0.5243757431629014,0.6022167487684729,0.6120689655172414,0.6157635467980296,0.5086206896551724
0.1128,0.5731527093596058,0.021990536218473748,0.5172413793103448,0.6009852216748768,0.6169950738916257,0.6206896551724138,0.5098522167487685
0.113,0.5690249702734839,0.0231138855901886,0.5089179548156957,0.5985221674876847,0.6157635467980295,0.6182266009852218,0.5036945812807883
0.1132,0.566833701375913,0.023359149908386816,0.5053507728894173,0.5985221674876847,0.6157635467980295,0.6133004926108375,0.5012315270935961
0.1134,0.5668506879565143,0.02314188115381405,0.5029726516052319,0.5972906403940886,0.6145320197044335,0.6145320197044335,0.5049261083743843
0.1136,0.5649142177679634,0.02308079603604144,0.4982164090368608,0.5960591133004925,0.6120689655172413,0.6120689655172414,0.5061576354679803
0.1138,0.5634703584168507,0.023473317450761273,0.4934601664684899,0.5948275862068965,0.6120689655172413,0.6108374384236454,0.5061576354679803
0.114,0.5647018855104466,0.023656899842225427,0.4934601664684899,0.5985221674876846,0.6120689655172413,0.6120689655172413,0.5073891625615763
0.1142,0.5635043315780534,0.024647925310169967,0.48870392390011896,0.5960591133004927,0.6108374384236454,0.6169950738916256,0.5049261083743843
0.1144,0.5632665194496349,0.023999493874199467,0.4875148632580262,0.5948275862068966,0.6071428571428571,0.6169950738916257,0.5098522167487685
0.1146,0.5635213181586547,0.024130591381062858,0.4863258026159334,0.5960591133004927,0.6059113300492611,0.6182266009852216,0.5110837438423645
0.1148,0.5630287073212162,0.023889946524149164,0.4863258026159335,0.5911330049261084,0.6059113300492611,0.6194581280788177,0.5123152709359605
0.115,0.5640309155766944,0.023949302821764894,0.4839476813317479,0.5935960591133005,0.6046798029556649,0.6206896551724138,0.5172413793103449
0.1152,0.5645490062850349,0.024167782539328497,0.4803804994054697,0.5948275862068966,0.603448275862069,0.6219211822660099,0.5221674876847291
0.1154,0.5642942075760149,0.024180828560629163,0.48156956004756246,0.5923645320197044,0.6009852216748768,0.625615763546798,0.520935960591133
0.1156,0.56333446577204,0.02405241511041499,0.4780023781212842,0.5886699507389164,0.603448275862069,0.6219211822660099,0.5246305418719213
0.1158,0.5650161372515713,0.022935966519024138,0.483947681331748,0.5923645320197044,0.6009852216748768,0.6206896551724138,0.5270935960591133
0.116,0.5635552913198574,0.022634124983342538,0.48156956004756246,0.5886699507389163,0.5997536945812807,0.6182266009852216,0.5295566502463054
0.1162,0.5630541871921182,0.0222696060568556,0.48275862068965514,0.5886699507389161,0.6009852216748768,0.6145320197044335,0.5283251231527094
0.1164,0.5652624426702904,0.02223382612826953,0.4839476813317479,0.5874384236453202,0.6046798029556649,0.6169950738916257,0.5332512315270936
0.1166,0.5618056735179208,0.021167057083419594,0.48513674197384066,0.5775862068965517,0.6009852216748768,0.6133004926108374,0.5320197044334976
0.1168,0.5613300492610837,0.020918277087038757,0.48275862068965514,0.5775862068965517,0.5960591133004925,0.6133004926108374,0.5369458128078818
0.117,0.5600815355868863,0.020330554177774785,0.48513674197384066,0.5738916256157636,0.5960591133004927,0.6108374384236454,0.5344827586206896
0.1172,0.5591217937829115,0.02033423328277286,0.48156956004756246,0.5726600985221675,0.5948275862068966,0.6083743842364532,0.5381773399014778
0.1174,0.5596228979106506,0.020601973845012934,0.48038049940546973,0.5701970443349753,0.5935960591133004,0.6120689655172414,0.541871921182266
0.1176,0.5588669950738916,0.02009284668249029,0.48275862068965525,0.5701970443349753,0.5899014778325122,0.6120689655172414,0.539408866995074
0.1178,0.5579327331408187,0.02136805637121721,0.47562425683709875,0.5726600985221675,0.5911330049261084,0.6120689655172413,0.5381773399014779
0.118,0.5559962629522677,0.0219273155972351,0.47086801426872776,0.5726600985221675,0.5874384236453202,0.6120689655172413,0.5369458128078818
0.1182,0.556217088500085,0.021097744774388045,0.47443519619500596,0.5714285714285714,0.5862068965517241,0.6108374384236452,0.5381773399014779
0.1184,0.5545014438593511,0.020760400894705846,0.4732461355529132,0.5714285714285714,0.5812807881773399,0.6083743842364533,0.5381773399014779
0.1186,0.5518345507049431,0.02075157677868832,0.46730083234244946,0.5701970443349753,0.5751231527093595,0.603448275862069,0.543103448275862
0.1188,0.548666553422796,0.021016848926201846,0.46254458977407853,0.5677339901477833,0.5677339901477833,0.6022167487684729,0.5431034482758621
0.119,0.5489468320027179,0.02178317397727246,0.4577883472057075,0.5652709359605912,0.5665024630541872,0.603448275862069,0.5517241379310345
0.1192,0.5484627144555801,0.022078590019219923,0.45659928656361476,0.564039408866995,0.5615763546798029,0.6059113300492611,0.5541871921182266
0.1194,0.5475199592322065,0.02308716903158779,0.450653983353151,0.5652709359605912,0.5591133004926109,0.6059113300492611,0.5566502463054187
0.1196,0.5450399184644131,0.02201892545861128,0.4530321046373365,0.564039408866995,0.5566502463054187,0.6009852216748769,0.5504926108374385
0.1198,0.5431034482758621,0.02229030019063796,0.4482758620689655,0.566502463054187,0.5554187192118226,0.5948275862068966,0.5504926108374385
0.12,0.5423730253100052,0.022352624567401568,0.4470868014268728,0.5665024630541873,0.5541871921182265,0.5935960591133005,0.5504926108374385
0.1202,0.5418889077628674,0.0224222432838249,0.44589774078478006,0.5689655172413793,0.5529556650246306,0.5911330049261083,0.5504926108374384
0.1204,0.5379650076439613,0.022153291859990227,0.44351961950059454,0.5677339901477831,0.5455665024630542,0.5862068965517242,0.5467980295566502
0.1206,0.5367589604212671,0.022141206686911868,0.4399524375743163,0.5652709359605911,0.5541871921182265,0.5775862068965518,0.5467980295566502
0.1208,0.5360370307457109,0.02224002600881066,0.4375743162901308,0.564039408866995,0.5566502463054187,0.5714285714285714,0.5504926108374384
0.121,0.5328605401732631,0.022421415814592335,0.4340071343638526,0.562807881773399,0.5467980295566502,0.5701970443349753,0.5504926108374384
0.1212,0.531629013079667,0.022174959219402452,0.4340071343638526,0.562807881773399,0.5431034482758621,0.5677339901477833,0.5504926108374384
0.1214,0.528486495668422,0.02333576418237166,0.42568370986920334,0.562807881773399,0.541871921182266,0.5652709359605912,0.5467980295566502
0.1216,0.5272379819942244,0.02255720561485847,0.42806183115338886,0.5615763546798029,0.5369458128078818,0.5615763546798029,0.5480295566502462
0.1218,0.5260064549006286,0.02219002932626299,0.4280618311533888,0.5554187192118227,0.5357142857142857,0.5591133004926109,0.5517241379310345
0.122,0.524027518260574,0.021520436998617266,0.42925089179548154,0.5554187192118226,0.5320197044334976,0.5492610837438424,0.5541871921182265
0.1222,0.5240190249702735,0.02117421594678906,0.43043995243757427,0.5566502463054187,0.5357142857142857,0.5443349753694582,0.5529556650246306
0.1224,0.5262527603193478,0.022114122032138125,0.4280618311533888,0.5591133004926109,0.5443349753694581,0.5443349753694582,0.5554187192118227
0.1226,0.5265160523186683,0.02266220137346076,0.42568370986920334,0.5591133004926109,0.5455665024630542,0.5467980295566502,0.5554187192118227
0.1228,0.5267538644470868,0.022531509819515374,0.4268727705112961,0.562807881773399,0.5443349753694581,0.5455665024630542,0.5541871921182266
0.123,0.5274927807032443,0.022940896252908356,0.426872770511296,0.5677339901477831,0.541871921182266,0.541871921182266,0.5591133004926108
0.1232,0.5279938848309835,0.02324684585048301,0.42568370986920334,0.562807881773399,0.5480295566502463,0.5394088669950738,0.5640394088669951
0.1234,0.5294547307626976,0.02303712771514799,0.4280618311533888,0.5603448275862069,0.5504926108374384,0.5406403940886699,0.5677339901477833
0.1236,0.5321471037880074,0.023455146520452285,0.4304399524375744,0.5665024630541872,0.5455665024630543,0.541871921182266,0.5763546798029556
0.1238,0.5331323254628842,0.02354804031358147,0.4304399524375744,0.5640394088669951,0.5492610837438423,0.5443349753694581,0.5775862068965517
0.124,0.5343553592661797,0.023529679377062088,0.43162901307966706,0.5665024630541872,0.5504926108374384,0.5455665024630542,0.5775862068965517
0.1242,0.5355698997791745,0.02327086093462862,0.43400713436385263,0.5726600985221675,0.5529556650246306,0.5443349753694582,0.5738916256157636
0.1244,0.5377866485476474,0.02371362669062972,0.4340071343638525,0.5726600985221675,0.5517241379310345,0.5517241379310345,0.5788177339901478
0.1246,0.5402327161542382,0.023728494796144618,0.4363852556480381,0.5763546798029557,0.5517241379310345,0.5566502463054187,0.5800492610837439
0.1248,0.5397401053167997,0.023725779261717733,0.4363852556480381,0.5763546798029557,0.5467980295566502,0.5591133004926109,0.5800492610837438
0.125,0.5421691863427892,0.023179970916773884,0.441141498216409,0.5800492610837439,0.5504926108374384,0.5591133004926109,0.5800492610837439
0.1252,0.5429081025989468,0.023445083215998235,0.441141498216409,0.5812807881773399,0.5492610837438423,0.5603448275862069,0.5825123152709359
0.1254,0.5446492271105827,0.024511166700494677,0.43876337693222356,0.5849753694581281,0.5492610837438424,0.562807881773399,0.5874384236453203
0.1256,0.5468659758790556,0.024857951605067687,0.43876337693222356,0.5874384236453203,0.5554187192118227,0.5640394088669951,0.5886699507389161
0.1258,0.5495243757431629,0.023972983729357134,0.44589774078478006,0.5886699507389163,0.5566502463054188,0.564039408866995,0.5923645320197044
0.126,0.5524715474774927,0.024540843447169638,0.4470868014268728,0.5972906403940887,0.5566502463054188,0.5677339901477833,0.5935960591133005
0.1262,0.5559198233395618,0.02530493540497024,0.44708680142687274,0.604679802955665,0.5615763546798029,0.5714285714285715,0.5948275862068966
0.1264,0.5566842194666215,0.02619726005932114,0.44351961950059454,0.6071428571428572,0.5640394088669951,0.5738916256157636,0.5948275862068966
0.1266,0.5573891625615764,0.02529785677536293,0.4482758620689655,0.6083743842364533,0.562807881773399,0.5775862068965518,0.5899014778325123
0.1268,0.5583658909461525,0.02521871314845341,0.44946492271105826,0.6083743842364532,0.562807881773399,0.5812807881773399,0.5899014778325123
0.127,0.558858501783591,0.025261529819261844,0.4494649227110583,0.6083743842364532,0.5640394088669951,0.583743842364532,0.5886699507389163
0.1272,0.5618056735179209,0.025897518730468878,0.45065398335315104,0.6145320197044335,0.564039408866995,0.5849753694581281,0.5948275862068966
0.1274,0.5640224222863939,0.026027728243946602,0.45065398335315104,0.6157635467980296,0.5751231527093597,0.5874384236453203,0.5911330049261084
0.1276,0.5657125870562256,0.025171675526846075,0.455410225921522,0.6133004926108374,0.5788177339901478,0.5886699507389163,0.5923645320197045
0.1278,0.568370986920333,0.024308458607776157,0.4625445897740785,0.6169950738916257,0.5788177339901478,0.5899014778325123,0.5935960591133006
0.128,0.5717683030405979,0.023490613891281716,0.4696789536266349,0.6194581280788177,0.58128078817734,0.5935960591133005,0.5948275862068967
0.1282,0.5751826057414642,0.023307391791836392,0.47443519619500596,0.6231527093596059,0.58128078817734,0.5997536945812808,0.5972906403940886
0.1284,0.5764056395447595,0.0232260958452712,0.47562425683709864,0.6231527093596059,0.583743842364532,0.5997536945812808,0.5997536945812808
0.1286,0.5780788177339902,0.021841055752244147,0.48275862068965514,0.6194581280788177,0.5862068965517241,0.603448275862069,0.5985221674876847
0.1288,0.5800407677934432,0.022092621609444328,0.48394768133174787,0.624384236453202,0.5899014778325122,0.604679802955665,0.5972906403940886
0.129,0.5778494988958722,0.02223563644368982,0.48038049940546973,0.6169950738916256,0.5874384236453202,0.6071428571428571,0.5972906403940886
0.1292,0.5800747409546458,0.023154075847939916,0.4791914387633769,0.6219211822660098,0.5886699507389163,0.6133004926108374,0.5972906403940887
0.1294,0.5808136572108035,0.023301740905938922,0.47919143876337694,0.6194581280788177,0.5899014778325123,0.6182266009852218,0.5972906403940887
0.1296,0.583013419398675,0.02319396569559695,0.4815695600475624,0.6169950738916256,0.5935960591133005,0.6231527093596059,0.5997536945812808
0.1298,0.582767113979956,0.023284828968075183,0.4815695600475624,0.6133004926108374,0.5935960591133005,0.6280788177339902,0.5972906403940887
0.13,0.5832342449464922,0.0226121026231711,0.48513674197384066,0.6120689655172413,0.5923645320197044,0.6280788177339902,0.5985221674876847
0.1302,0.5829964328180737,0.023098597517748183,0.4839476813317479,0.6108374384236454,0.5899014778325123,0.6330049261083743,0.5972906403940886
0.1304,0.5830219126889757,0.023806027602780697,0.4803804994054696,0.6083743842364532,0.5923645320197044,0.6342364532019705,0.5997536945812807
0.1306,0.5837523356548328,0.02389070742905479,0.4815695600475624,0.603448275862069,0.5985221674876848,0.6391625615763548,0.5960591133004927
0.1308,0.5827416341090539,0.022981401594993546,0.4851367419738406,0.5997536945812808,0.5985221674876847,0.6379310344827587,0.5923645320197044
0.131,0.5839561746220486,0.022534439056487686,0.4875148632580262,0.6009852216748768,0.603448275862069,0.6354679802955665,0.5923645320197044
0.1312,0.5839391880414473,0.022222653414867642,0.4898929845422117,0.5985221674876848,0.6059113300492611,0.6366995073891625,0.5886699507389164
0.1314,0.5863427891965347,0.02129765119910849,0.49821640903686093,0.5948275862068966,0.6071428571428572,0.6416256157635467,0.5899014778325122
0.1316,0.5858162051978937,0.020831952823746735,0.5029726516052319,0.5911330049261084,0.6022167487684729,0.646551724137931,0.5862068965517242
0.1318,0.5835994564294207,0.020552090474675225,0.5029726516052319,0.5911330049261083,0.5972906403940887,0.645320197044335,0.5812807881773399
0.132,0.5840835739765585,0.02072986509031499,0.5041617122473246,0.5862068965517241,0.6009852216748768,0.647783251231527,0.5812807881773399
0.1322,0.5838287752675386,0.02064850057989616,0.5053507728894173,0.583743842364532,0.603448275862069,0.6477832512315271,0.5788177339901478
0.1324,0.5828265670120605,0.02018366636518135,0.5077288941736029,0.5849753694581281,0.6022167487684729,0.646551724137931,0.5726600985221675
0.1326,0.5818243587565823,0.02001762904474575,0.5101070154577884,0.583743842364532,0.5997536945812808,0.647783251231527,0.5677339901477833
0.1328,0.5825802615933413,0.02075173320568689,0.5077288941736029,0.5874384236453202,0.6059113300492611,0.647783251231527,0.564039408866995
0.133,0.5820536775947002,0.020697865815793467,0.5124851367419738,0.584975369458128,0.603448275862069,0.6514778325123153,0.5578817733990147
0.1332,0.5825547817224394,0.021239503063945762,0.5112960760998811,0.5849753694581281,0.604679802955665,0.6539408866995075,0.5578817733990147
0.1334,0.5825462884321386,0.021036113793960403,0.5124851367419738,0.5825123152709359,0.6022167487684729,0.6551724137931034,0.5603448275862069
0.1336,0.5825293018515374,0.02094670486125991,0.5148632580261594,0.5788177339901478,0.5997536945812809,0.6576354679802956,0.5615763546798029
0.1338,0.5824698488194328,0.02039518259564457,0.5231866825208086,0.5800492610837438,0.6022167487684729,0.6564039408866995,0.5504926108374384
0.134,0.5836504161712247,0.01921614166231507,0.530321046373365,0.5788177339901477,0.6059113300492611,0.6527093596059113,0.5504926108374385
0.1342,0.5862833361644301,0.017902713271634667,0.5410225921521997,0.5775862068965517,0.6108374384236454,0.6502463054187192,0.5517241379310345
0.1344,0.5869967725496857,0.018277981440002464,0.544589774078478,0.5775862068965516,0.6120689655172413,0.6527093596059114,0.5480295566502463
0.1346,0.5881858331917785,0.017926382845492847,0.5505350772889417,0.5800492610837438,0.6120689655172413,0.6527093596059114,0.5455665024630542
0.1348,0.5894088669950739,0.019737041983940065,0.5517241379310345,0.5738916256157636,0.6169950738916257,0.6613300492610836,0.5431034482758621
0.135,0.5881773399014778,0.01961370738877732,0.5517241379310345,0.5701970443349753,0.6157635467980296,0.6600985221674877,0.543103448275862
0.1352,0.5888737897061322,0.020861230632601528,0.5576694411414982,0.5652709359605911,0.6169950738916257,0.666256157635468,0.5381773399014778
0.1354,0.5898420248004077,0.020858495948663583,0.5600475624256838,0.5652709359605911,0.6194581280788177,0.6662561576354679,0.5381773399014779
0.1356,0.5915236962799387,0.022192404904583237,0.5659928656361475,0.5665024630541872,0.6231527093596059,0.6711822660098521,0.5307881773399015
0.1358,0.5942160693052487,0.02224845107924003,0.5683709869203329,0.5701970443349754,0.6280788177339902,0.6724137931034482,0.5320197044334976
0.136,0.5946916935620858,0.02281379797092203,0.5707491082045184,0.5677339901477831,0.6293103448275862,0.6748768472906405,0.5307881773399015
0.1362,0.5983438083913708,0.022297157948521964,0.5766944114149821,0.5665024630541872,0.6305418719211823,0.6785714285714286,0.5394088669950738
0.1364,0.6002972651605232,0.02278030102713097,0.5790725326991677,0.5726600985221675,0.6330049261083744,0.6810344827586207,0.5357142857142858
0.1366,0.6037455410225921,0.023166429778352555,0.5790725326991676,0.5726600985221675,0.6391625615763546,0.6859605911330049,0.541871921182266
0.1368,0.6056905045014439,0.022765495552358097,0.582639714625446,0.5763546798029556,0.6403940886699507,0.6859605911330048,0.5431034482758621
0.137,0.6051809070834041,0.02289457546811226,0.5850178359096314,0.5738916256157636,0.6428571428571429,0.6834975369458128,0.5406403940886699
0.1372,0.6088669950738916,0.023767132865055534,0.5862068965517242,0.5775862068965517,0.6539408866995073,0.6859605911330049,0.5406403940886699
0.1374,0.6091302870732122,0.022331579890688714,0.5838287752675386,0.5775862068965517,0.6527093596059114,0.6822660098522167,0.5492610837438423
0.1376,0.6096144046203499,0.023768947187518596,0.5850178359096314,0.5775862068965517,0.6625615763546798,0.6810344827586207,0.541871921182266
0.1378,0.610820451843044,0.022499547105720864,0.5885850178359097,0.582512315270936,0.6625615763546797,0.6761083743842364,0.5443349753694582
0.138,0.6117886869373195,0.02158435208244672,0.5909631391200951,0.583743842364532,0.6650246305418719,0.6711822660098522,0.5480295566502463
0.1382,0.6132919993205368,0.021147079876502408,0.5873959571938169,0.5862068965517242,0.6687192118226601,0.6699507389162562,0.5541871921182266
0.1384,0.6152539493799898,0.02127397821865177,0.5885850178359096,0.5874384236453203,0.6724137931034484,0.6711822660098522,0.5566502463054187
0.1386,0.617717003567182,0.0203234942501945,0.5885850178359097,0.5886699507389163,0.6761083743842364,0.6687192118226601,0.5665024630541872
0.1388,0.6186682520808562,0.019645348027215993,0.5933412604042807,0.5911330049261083,0.6736453201970444,0.6687192118226601,0.5665024630541873
0.139,0.6198658060132495,0.01823541113935204,0.5980975029726516,0.5911330049261083,0.6711822660098522,0.666256157635468,0.5726600985221675
0.1392,0.6222863937489385,0.017248961356509523,0.6040428061831153,0.5997536945812808,0.6724137931034483,0.6625615763546798,0.5726600985221675
0.1394,0.626473585867165,0.017045736979303616,0.6040428061831153,0.604679802955665,0.6822660098522167,0.6600985221674878,0.5812807881773399
0.1396,0.6289451333446577,0.016217054783101894,0.6028537455410226,0.6083743842364533,0.6834975369458128,0.6600985221674877,0.5899014778325123
0.1398,0.62846101579752,0.016629806018012193,0.6016646848989299,0.6083743842364532,0.6834975369458128,0.6613300492610837,0.5874384236453202
0.14,0.6306352981144896,0.016356054656079467,0.6076099881093936,0.6083743842364532,0.6859605911330049,0.6613300492610837,0.5899014778325123
0.1402,0.630422965856973,0.01655096875478944,0.6028537455410226,0.6108374384236452,0.6847290640394089,0.6637931034482758,0.5899014778325123
0.1404,0.6316629862408696,0.015094479489916051,0.6016646848989299,0.6169950738916256,0.6785714285714285,0.665024630541872,0.5960591133004927
0.1406,0.6319177849498896,0.015452190161846617,0.6004756242568372,0.6169950738916256,0.6798029556650247,0.666256157635468,0.5960591133004927
0.1408,0.6311873619840325,0.015335822324031894,0.5992865636147444,0.6145320197044334,0.6822660098522167,0.6613300492610837,0.5985221674876847
0.141,0.6299728214710378,0.015329989496993856,0.5969084423305588,0.6133004926108374,0.6810344827586208,0.6600985221674878,0.5985221674876847
0.1412,0.6309835230168167,0.016184746784996755,0.5933412604042806,0.6096059113300493,0.6834975369458128,0.665024630541872,0.603448275862069
0.1414,0.633692882622728,0.015080498367272082,0.5933412604042807,0.6157635467980296,0.6798029556650246,0.6674876847290641,0.6120689655172414
0.1416,0.6332087650755902,0.01464279407916027,0.5921521997621879,0.6169950738916256,0.6761083743842364,0.6674876847290641,0.6133004926108374
0.1418,0.6334720570749108,0.01474654361591413,0.5897740784780025,0.6206896551724138,0.6748768472906403,0.6687192118226601,0.6133004926108375
0.142,0.6327501273993544,0.015041456463667726,0.5873959571938169,0.6182266009852216,0.6736453201970443,0.6699507389162562,0.6145320197044335
0.1422,0.6325293018515372,0.01537336878698661,0.5838287752675386,0.6169950738916256,0.6736453201970443,0.6699507389162562,0.6182266009852218
0.1424,0.632282996432818,0.015859026806145603,0.5838287752675386,0.6133004926108375,0.6785714285714286,0.6674876847290641,0.6182266009852216
0.1426,0.6313147613385426,0.015786650287686086,0.5814506539833532,0.6096059113300493,0.6748768472906405,0.6674876847290641,0.6231527093596059
0.1428,0.632282996432818,0.015467841693700336,0.5838287752675386,0.6071428571428571,0.6761083743842364,0.6650246305418719,0.6293103448275863
0.143,0.6325293018515373,0.015479549452822539,0.5838287752675386,0.6083743842364532,0.6748768472906405,0.6674876847290641,0.6280788177339902
0.1432,0.6315525734669611,0.01567589175701067,0.5826397146254458,0.603448275862069,0.6724137931034483,0.6674876847290641,0.6317733990147782
0.1434,0.6318073721759809,0.01572637411092847,0.5814506539833532,0.604679802955665,0.6699507389162562,0.6699507389162562,0.6330049261083743
0.1436,0.6306352981144896,0.01704757352816969,0.573127229488704,0.603448275862069,0.6724137931034482,0.6687192118226601,0.6354679802955665
0.1438,0.6283930694751148,0.016396576183139798,0.5766944114149821,0.5972906403940887,0.666256157635468,0.6687192118226601,0.6330049261083743
0.144,0.6293952777305929,0.016718061974585235,0.5743162901307967,0.6022167487684729,0.666256157635468,0.6724137931034483,0.6317733990147784
0.1442,0.627705112960761,0.01711322502688009,0.5695600475624257,0.6022167487684729,0.6650246305418719,0.6711822660098522,0.6305418719211822
0.1444,0.6276711397995584,0.016732870895002767,0.5743162901307967,0.5997536945812808,0.6674876847290641,0.6699507389162562,0.626847290640394
0.1446,0.6274333276711398,0.01651832254326603,0.5731272294887039,0.6022167487684729,0.6637931034482758,0.6711822660098522,0.6268472906403941
0.1448,0.6259724817394259,0.0164683063597991,0.5707491082045184,0.6022167487684729,0.6625615763546798,0.6687192118226601,0.6256157635467979
0.145,0.6242823169695939,0.01680487836110894,0.5659928656361474,0.603448275862069,0.6625615763546797,0.6662561576354681,0.6231527093596059
0.1452,0.6247664345167318,0.016224332111797454,0.5671819262782402,0.6083743842364532,0.6588669950738916,0.6674876847290641,0.6219211822660099
0.1454,0.6259979616103278,0.01619232375342382,0.5671819262782402,0.6096059113300493,0.6576354679802956,0.6687192118226601,0.626847290640394
0.1456,0.6271955155427212,0.015881505400632746,0.5719381688466112,0.6083743842364533,0.6564039408866995,0.6724137931034482,0.626847290640394
0.1458,0.6271870222524207,0.015541430959112115,0.573127229488704,0.6096059113300493,0.6502463054187192,0.6748768472906403,0.6280788177339901
0.146,0.6269916765755054,0.016949775823193975,0.5659928656361475,0.6133004926108374,0.6490147783251232,0.6798029556650246,0.626847290640394
0.1462,0.6282401902497028,0.017837844378874458,0.5636147443519619,0.6157635467980296,0.6490147783251232,0.6847290640394088,0.6280788177339901
0.1464,0.6289791065058604,0.018633633975874444,0.5636147443519619,0.6145320197044335,0.6514778325123153,0.6896551724137931,0.625615763546798
0.1466,0.6289536266349585,0.018591750776263554,0.5671819262782402,0.6145320197044335,0.6490147783251232,0.6933497536945814,0.6206896551724138
0.1468,0.62846101579752,0.01917650286263185,0.5671819262782402,0.6133004926108374,0.6477832512315271,0.6970443349753696,0.6169950738916256
0.147,0.6294377441820961,0.01990734484829683,0.5683709869203328,0.6145320197044336,0.646551724137931,0.7032019704433499,0.6145320197044334
0.1472,0.6287158145065399,0.020544312447100248,0.5659928656361475,0.6145320197044335,0.6477832512315271,0.7044334975369458,0.6108374384236454
0.1474,0.6277730592831664,0.022289350020608997,0.5600475624256837,0.6120689655172414,0.6502463054187193,0.7093596059113301,0.6071428571428571
0.1476,0.6277475794122643,0.02195660400290398,0.5636147443519619,0.6120689655172414,0.646551724137931,0.7105911330049262,0.605911330049261
0.1478,0.6289621199252591,0.023367853711851013,0.5659928656361475,0.6083743842364532,0.6490147783251232,0.7192118226600986,0.602216748768473
0.148,0.6297095294717173,0.024626929322769296,0.5648038049940547,0.6096059113300493,0.6502463054187193,0.7253694581280787,0.5985221674876847
0.1482,0.6306777645659929,0.025124196116257394,0.5671819262782402,0.6108374384236454,0.6539408866995075,0.727832512315271,0.5935960591133005
0.1484,0.6311703754034313,0.025928395864839554,0.5671819262782402,0.6145320197044335,0.6514778325123153,0.7327586206896552,0.5899014778325122
0.1486,0.632614234754544,0.026578498870213334,0.5719381688466112,0.6145320197044336,0.6502463054187192,0.7389162561576355,0.5874384236453203
0.1488,0.6333531510107016,0.02739132446215766,0.5719381688466112,0.6157635467980296,0.6490147783251232,0.7438423645320198,0.5862068965517242
0.149,0.6321386104977067,0.02796358686607531,0.5695600475624256,0.6219211822660099,0.646551724137931,0.7438423645320198,0.5788177339901478
0.1492,0.6338542551384406,0.028320944960670738,0.5707491082045184,0.624384236453202,0.646551724137931,0.7475369458128079,0.5800492610837439
0.1494,0.6333616443010022,0.028981532418601866,0.5707491082045184,0.624384236453202,0.645320197044335,0.75,0.5763546798029556
0.1496,0.6345676915236963,0.028648786995854603,0.5743162901307967,0.626847290640394,0.645320197044335,0.75,0.5763546798029556
0.1498,0.6348394768133174,0.029567302524879702,0.5707491082045184,0.6293103448275862,0.6477832512315271,0.7524630541871922,0.5738916256157635
0.15,0.6358416850687957,0.029344384115923928,0.5683709869203329,0.6330049261083743,0.646551724137931,0.7524630541871922,0.5788177339901478
0.1502,0.6365721080346527,0.029325942883462332,0.5695600475624257,0.6366995073891627,0.646551724137931,0.7524630541871922,0.5775862068965517
0.1504,0.6340920672668592,0.029119192472723404,0.5719381688466112,0.6354679802955664,0.644088669950739,0.7487684729064039,0.5701970443349754
0.1506,0.6331068455919824,0.02871202631451015,0.5719381688466112,0.6342364532019705,0.6428571428571428,0.7463054187192119,0.5701970443349754
0.1508,0.6348224902327161,0.028857789326270478,0.5731272294887039,0.6366995073891625,0.6403940886699507,0.7500000000000001,0.5738916256157635
0.151,0.6345761848139968,0.02863593908632584,0.5731272294887039,0.6354679802955664,0.6379310344827586,0.75,0.5763546798029556
0.1512,0.6348139969424155,0.02873364237000079,0.5743162901307967,0.6354679802955665,0.6330049261083743,0.7524630541871922,0.5788177339901478
0.1514,0.6347970103618141,0.02893549803702065,0.5766944114149821,0.6354679802955665,0.6354679802955665,0.7524630541871922,0.5738916256157635
0.1516,0.6342874129437744,0.028866546966136584,0.5790725326991676,0.6366995073891625,0.6305418719211823,0.7524630541871922,0.5726600985221676
0.1518,0.6328265670120605,0.029086565448608447,0.5766944114149821,0.6366995073891626,0.625615763546798,0.7524630541871922,0.5726600985221676
0.152,0.6335569899779175,0.029510770394567027,0.5778834720570749,0.6379310344827586,0.625615763546798,0.7549261083743843,0.5714285714285714
0.1522,0.6359945642942075,0.02924815082999839,0.5814506539833532,0.6416256157635468,0.6268472906403941,0.7561576354679803,0.5738916256157635
0.1524,0.6379310344827587,0.02931137970603399,0.5862068965517241,0.646551724137931,0.6231527093596059,0.7586206896551725,0.5751231527093595
0.1526,0.6359945642942075,0.029144256570468388,0.5814506539833532,0.644088669950739,0.6219211822660098,0.7561576354679802,0.5763546798029556
0.1528,0.634525225072193,0.028790967319429116,0.5802615933412604,0.6428571428571429,0.6182266009852216,0.7536945812807881,0.5775862068965517
0.153,0.6350348224902327,0.028920441430835046,0.5778834720570749,0.6379310344827586,0.6206896551724137,0.7561576354679804,0.5825123152709359
0.1532,0.6355359266179719,0.029176099117561808,0.5766944114149821,0.6379310344827586,0.6231527093596059,0.7573891625615763,0.5825123152709359
0.1534,0.6343043995243758,0.029110059838790846,0.5766944114149822,0.6317733990147784,0.6219211822660098,0.7573891625615764,0.583743842364532
0.1536,0.6328350603023611,0.028948828985938035,0.5755053507728893,0.624384236453202,0.6231527093596059,0.7561576354679803,0.5849753694581281
0.1538,0.6338287752675387,0.028736336016626514,0.5743162901307967,0.6206896551724138,0.6219211822660099,0.7573891625615764,0.5948275862068966
0.154,0.6318583319177851,0.029178285656279532,0.5743162901307967,0.6071428571428572,0.6219211822660098,0.7586206896551725,0.5972906403940887
0.1542,0.6284015627654153,0.028594842684490796,0.5755053507728894,0.5985221674876847,0.6157635467980296,0.7536945812807881,0.5985221674876848
0.1544,0.6276626465092577,0.02838912844701516,0.5755053507728893,0.5972906403940886,0.6108374384236452,0.7524630541871922,0.6022167487684729
0.1546,0.6269237302531001,0.02806153656011475,0.5755053507728894,0.5923645320197045,0.6108374384236452,0.75,0.6059113300492611
0.1548,0.6259385085782232,0.027503950902201025,0.5755053507728893,0.5899014778325123,0.6108374384236452,0.7463054187192119,0.6071428571428572
0.155,0.6246984881943265,0.027233442591876027,0.5766944114149821,0.5862068965517241,0.604679802955665,0.7438423645320197,0.6120689655172414
0.1552,0.6239595719381688,0.02673289262990545,0.5766944114149821,0.5825123152709359,0.6059113300492611,0.7401477832512315,0.6145320197044335
0.1554,0.6232206556820113,0.026292564527262117,0.5766944114149821,0.5788177339901478,0.6059113300492611,0.7364532019704434,0.6182266009852218
0.1556,0.6234584678104297,0.02626231222805326,0.5778834720570748,0.5775862068965517,0.6071428571428572,0.7364532019704434,0.6182266009852216
0.1558,0.6222354340071343,0.02690297558346655,0.5766944114149822,0.5701970443349753,0.6059113300492611,0.7364532019704434,0.6219211822660098
0.156,0.6227195515542722,0.026412828495638047,0.577883472057075,0.5701970443349753,0.6059113300492611,0.7339901477832512,0.6256157635467979
0.1562,0.620783081365721,0.026710830599957203,0.5731272294887039,0.5677339901477833,0.6009852216748768,0.731527093596059,0.6305418719211823
0.1564,0.6197893664005436,0.026698007647467725,0.5743162901307967,0.5652709359605911,0.5985221674876847,0.7302955665024632,0.6305418719211823
0.1566,0.6183115338882283,0.02683403154603938,0.5743162901307967,0.5603448275862069,0.5997536945812807,0.729064039408867,0.6280788177339901
0.1568,0.6185578393069475,0.026902516534424797,0.5743162901307967,0.5578817733990148,0.5972906403940886,0.7266009852216748,0.6366995073891626
0.157,0.617589604212672,0.027305913786891428,0.5719381688466112,0.5504926108374384,0.6022167487684729,0.7241379310344828,0.6391625615763548
0.1572,0.6185663325972481,0.027377259360399267,0.5731272294887039,0.5492610837438423,0.604679802955665,0.7241379310344827,0.6416256157635468
0.1574,0.6205028027857992,0.026821344414412432,0.5778834720570749,0.5492610837438423,0.6071428571428571,0.7216748768472906,0.646551724137931
0.1576,0.6214795311703754,0.02620916158816055,0.5790725326991676,0.5492610837438423,0.6120689655172413,0.7179802955665024,0.6490147783251232
0.1578,0.6217173432987939,0.025916162767402773,0.5802615933412604,0.5455665024630542,0.6157635467980296,0.7118226600985222,0.6551724137931034
0.158,0.6219381688466112,0.024960508913093683,0.5838287752675386,0.5467980295566502,0.6169950738916257,0.708128078817734,0.6539408866995075
0.1582,0.6221844742653304,0.024500271705434496,0.5838287752675386,0.5480295566502463,0.6206896551724138,0.7068965517241379,0.6514778325123153
0.1584,0.6241464243247835,0.024886122067327363,0.5850178359096314,0.5467980295566502,0.6293103448275862,0.70935960591133,0.6502463054187192
0.1586,0.6226346186512655,0.023817507308502617,0.5897740784780023,0.5443349753694582,0.6293103448275862,0.7019704433497538,0.6477832512315271
0.1588,0.6238406658739596,0.023015279095826215,0.5933412604042807,0.5480295566502463,0.6280788177339902,0.7007389162561576,0.6490147783251231
0.159,0.6255478172243928,0.02360847686250596,0.595719381688466,0.5467980295566502,0.6280788177339901,0.7032019704433498,0.6539408866995073
0.1592,0.6272549685748259,0.02268074805529257,0.5980975029726516,0.5517241379310345,0.6305418719211823,0.7019704433497537,0.6539408866995075
0.1594,0.6275012739935452,0.02312068189750857,0.5980975029726516,0.5504926108374385,0.6293103448275862,0.7032019704433498,0.6564039408866995
0.1596,0.6309410565653133,0.023011549645351022,0.5992865636147443,0.5541871921182266,0.6354679802955665,0.7044334975369457,0.6613300492610837
0.1598,0.6304654323084764,0.023093462177201995,0.5969084423305588,0.5529556650246306,0.6379310344827587,0.7019704433497538,0.6625615763546797
0.16,0.631705452692373,0.02365309406269458,0.595719381688466,0.5517241379310345,0.6440886699507389,0.7032019704433496,0.6637931034482759
0.1602,0.6307202310174962,0.023307338558068928,0.595719381688466,0.5517241379310345,0.6416256157635467,0.7007389162561577,0.6637931034482758
0.1604,0.6285119755393239,0.022889810979148998,0.5945303210463734,0.5504926108374384,0.6366995073891626,0.6945812807881773,0.666256157635468
0.1606,0.6255732970952947,0.02223489222074764,0.5921521997621879,0.5504926108374384,0.6317733990147784,0.6896551724137931,0.6637931034482759
0.1608,0.6282826567012061,0.022094698154643648,0.5921521997621879,0.5554187192118226,0.6342364532019704,0.6908866995073892,0.66871921182266
0.161,0.6304569390181756,0.021590782565237207,0.5980975029726516,0.5566502463054188,0.6366995073891626,0.6884236453201971,0.6724137931034482
0.1612,0.6304739255987769,0.02146041057390257,0.5957193816884662,0.5591133004926109,0.6354679802955665,0.687192118226601,0.6748768472906403
0.1614,0.6307032444368948,0.021417193188848632,0.5980975029726516,0.5566502463054187,0.6391625615763546,0.6834975369458128,0.6761083743842364
0.1616,0.6311873619840327,0.02191251252524677,0.5992865636147444,0.5541871921182266,0.6403940886699507,0.6822660098522167,0.6798029556650247
0.1618,0.6304569390181757,0.02187550751581784,0.5980975029726516,0.5529556650246306,0.6428571428571429,0.6773399014778325,0.6810344827586207
0.162,0.6304739255987769,0.022013021152933243,0.595719381688466,0.5529556650246306,0.646551724137931,0.6761083743842364,0.6810344827586207
0.1622,0.633641922880924,0.02145170425239389,0.6004756242568371,0.5591133004926108,0.6440886699507389,0.6798029556650246,0.6847290640394089
0.1624,0.6346271445558009,0.022123674329186504,0.6004756242568371,0.5591133004926108,0.6416256157635468,0.6810344827586207,0.6908866995073891
0.1626,0.6353745541022592,0.02190057577583623,0.5992865636147443,0.562807881773399,0.6403940886699507,0.6834975369458128,0.6908866995073891
0.1628,0.6358671649396976,0.02298389687321931,0.5992865636147443,0.5591133004926108,0.6403940886699507,0.685960591133005,0.6945812807881773
0.163,0.6344148122982842,0.02243959251524537,0.595719381688466,0.5615763546798029,0.6391625615763546,0.6822660098522167,0.6933497536945812
0.1632,0.6371156786138951,0.02264588786037035,0.5969084423305588,0.564039408866995,0.6428571428571429,0.6859605911330049,0.6958128078817734
0.1634,0.6385850178359096,0.02294976811121554,0.5980975029726516,0.5640394088669951,0.645320197044335,0.687192118226601,0.6982758620689655
0.1636,0.637846101579752,0.02318172912791518,0.5980975029726516,0.562807881773399,0.6416256157635468,0.6884236453201971,0.6982758620689655
0.1638,0.6375997961610327,0.02378706763814524,0.5980975029726516,0.5615763546798029,0.6366995073891626,0.6921182266009852,0.6995073891625615
0.164,0.6388228299643282,0.02476691218688851,0.5992865636147443,0.5591133004926109,0.6366995073891626,0.6945812807881774,0.7044334975369458
0.1642,0.6400628503482249,0.02432844973143501,0.5980975029726516,0.5640394088669951,0.6379310344827587,0.6958128078817734,0.7044334975369458
0.1644,0.6402836758960421,0.023716991471621967,0.6016646848989298,0.5665024630541872,0.6342364532019704,0.6933497536945814,0.7056650246305418
0.1646,0.6412604042806183,0.023463386146091652,0.6028537455410226,0.5677339901477833,0.6366995073891626,0.6933497536945813,0.7056650246305419
0.1648,0.6435026329199933,0.024880897584756315,0.5992865636147444,0.5689655172413793,0.6366995073891626,0.7019704433497538,0.710591133004926
0.165,0.643281807372176,0.02566125068789582,0.595719381688466,0.5665024630541872,0.6391625615763546,0.7032019704433499,0.7118226600985221
0.1652,0.6435196195005946,0.025191415738441383,0.5969084423305588,0.5701970443349753,0.6354679802955665,0.7019704433497537,0.7130541871921182
0.1654,0.6420842534397826,0.025270787012149253,0.5909631391200951,0.5726600985221675,0.6330049261083743,0.7019704433497537,0.7118226600985221
0.1656,0.6411075250552064,0.024848561514784838,0.5897740784780023,0.5714285714285714,0.6366995073891626,0.6982758620689655,0.7093596059113301
0.1658,0.6403771020893494,0.025248163945099114,0.5885850178359097,0.5714285714285714,0.6317733990147782,0.6995073891625615,0.7105911330049262
0.166,0.639154068286054,0.024443746736744706,0.5873959571938169,0.5726600985221675,0.6330049261083744,0.6958128078817734,0.7068965517241379
0.1662,0.6371921182266009,0.024986589137572197,0.5862068965517242,0.5689655172413792,0.6280788177339902,0.6970443349753694,0.7056650246305419
0.1664,0.6367334805503653,0.025240719587359756,0.5814506539833532,0.5701970443349753,0.6293103448275863,0.6970443349753694,0.7056650246305418
0.1666,0.6357652454560897,0.025775973281055676,0.5790725326991677,0.5701970443349753,0.624384236453202,0.6982758620689655,0.7068965517241379
0.1668,0.6365211482928486,0.025963835363853615,0.5766944114149821,0.5726600985221675,0.625615763546798,0.7007389162561576,0.7068965517241379
0.167,0.6355359266179718,0.026611904939536336,0.5766944114149821,0.5677339901477833,0.624384236453202,0.7007389162561576,0.7081280788177339
0.1672,0.6370222524205877,0.02709104156166249,0.5755053507728894,0.5701970443349753,0.624384236453202,0.706896551724138,0.708128078817734
0.1674,0.6350518090708339,0.02725780014207001,0.5755053507728893,0.5689655172413792,0.6169950738916257,0.7044334975369457,0.7093596059113301
0.1676,0.6333361644301002,0.026825423536374186,0.5743162901307967,0.5677339901477833,0.6169950738916257,0.7044334975369457,0.7032019704433496
0.1678,0.6308816035332087,0.02651544836866186,0.5731272294887039,0.5665024630541872,0.6133004926108374,0.7044334975369457,0.6970443349753693
0.168,0.6293867844402922,0.025934412898191372,0.5755053507728894,0.5640394088669951,0.6120689655172413,0.7007389162561576,0.6945812807881773
0.1682,0.6301426872770511,0.0272832184081275,0.573127229488704,0.5578817733990148,0.6182266009852218,0.7044334975369458,0.6970443349753694
0.1684,0.6274418209614405,0.027050754940246988,0.5719381688466112,0.5541871921182266,0.6169950738916257,0.7019704433497538,0.6921182266009852
0.1686,0.6277136062510617,0.02798916003953001,0.5683709869203329,0.5529556650246306,0.6182266009852218,0.7056650246305418,0.6933497536945813
0.1688,0.6276966196704603,0.026994423793291707,0.5707491082045184,0.5566502463054188,0.6169950738916257,0.7068965517241379,0.687192118226601
0.169,0.6272125021233225,0.025918790754419736,0.5695600475624257,0.5591133004926108,0.6219211822660099,0.7032019704433499,0.6822660098522167
0.1692,0.626244267029047,0.026024631734315275,0.5671819262782402,0.5591133004926109,0.6219211822660098,0.7056650246305418,0.6773399014778325
0.1694,0.6272125021233225,0.02605885026792714,0.5695600475624256,0.5591133004926109,0.6219211822660099,0.7068965517241379,0.6785714285714285
0.1696,0.6294037710208935,0.026790986457359472,0.573127229488704,0.5578817733990147,0.6231527093596059,0.7142857142857144,0.6785714285714285
0.1698,0.6296415831493121,0.02759469731131535,0.5743162901307967,0.5529556650246306,0.625615763546798,0.7179802955665024,0.6773399014778325
0.17,0.6298793952777306,0.027737225649320893,0.5755053507728894,0.5529556650246306,0.625615763546798,0.7216748768472907,0.6736453201970444
0.1702,0.6281467640563955,0.02669079037407426,0.5766944114149821,0.5554187192118226,0.6206896551724138,0.7179802955665026,0.6699507389162561
0.1704,0.6264396127059623,0.02726982077232808,0.5743162901307968,0.5504926108374384,0.6231527093596059,0.7192118226600984,0.665024630541872
0.1706,0.6254204178698828,0.02710388616239359,0.5790725326991677,0.5480295566502463,0.6182266009852218,0.7192118226600985,0.6625615763546797
0.1708,0.6244351961950059,0.027230647433223797,0.5790725326991677,0.5455665024630542,0.6169950738916256,0.7179802955665024,0.6625615763546797
0.171,0.6241803974859861,0.027676750329003064,0.5802615933412605,0.541871921182266,0.6182266009852216,0.7192118226600985,0.6613300492610837
0.1712,0.6268557839306947,0.02762758170500886,0.5850178359096314,0.5443349753694582,0.6182266009852218,0.7216748768472906,0.665024630541872
0.1714,0.6268642772209955,0.027587500210256518,0.5838287752675386,0.5480295566502463,0.6133004926108374,0.7229064039408867,0.666256157635468
0.1716,0.6244267029047053,0.027415917475203073,0.5802615933412605,0.5480295566502463,0.6108374384236454,0.7216748768472906,0.6613300492610837
0.1718,0.6244267029047053,0.027218264438671442,0.5802615933412604,0.5504926108374384,0.6096059113300493,0.7229064039408867,0.6588669950738916
0.172,0.6241634109053849,0.027730769460322945,0.582639714625446,0.5480295566502463,0.6083743842364532,0.7266009852216748,0.6551724137931035
0.1722,0.6226940716833702,0.028074438184141383,0.5814506539833532,0.5455665024630542,0.6059113300492611,0.7266009852216748,0.6539408866995075
0.1724,0.6222184474265331,0.027766245633763675,0.5790725326991677,0.5443349753694582,0.6120689655172413,0.7241379310344828,0.6514778325123153
0.1726,0.6202564973670801,0.02795598311802417,0.5778834720570749,0.5431034482758621,0.6071428571428572,0.7241379310344828,0.6490147783251231
0.1728,0.6204858162051979,0.02926323306985866,0.5802615933412604,0.5381773399014779,0.6059113300492611,0.7302955665024631,0.647783251231527
0.173,0.6216833701375913,0.02905855523406434,0.5850178359096314,0.5381773399014779,0.6059113300492611,0.730295566502463,0.6490147783251231
0.1732,0.6204518430439953,0.029368050518319554,0.5850178359096314,0.5381773399014779,0.604679802955665,0.7339901477832512,0.6403940886699506
0.1734,0.6221674876847291,0.029865788912660136,0.5862068965517242,0.5406403940886699,0.603448275862069,0.7389162561576355,0.6416256157635468
0.1736,0.6216578902666894,0.03048073130675073,0.5885850178359097,0.5381773399014778,0.5997536945812808,0.7413793103448276,0.6403940886699507
0.1738,0.6216663835569899,0.031121075332396282,0.5873959571938169,0.5369458128078818,0.5985221674876847,0.7438423645320198,0.6416256157635468
0.174,0.6223968065228469,0.03146254853331645,0.5885850178359097,0.5381773399014779,0.5985221674876847,0.7475369458128078,0.6391625615763548
0.1742,0.6233820281977238,0.03138311244004833,0.5885850178359097,0.5381773399014779,0.602216748768473,0.7475369458128078,0.6403940886699507
0.1744,0.6230932563275013,0.03157050396087199,0.5945303210463734,0.5369458128078818,0.5972906403940886,0.7487684729064039,0.6379310344827587
0.1746,0.6230932563275013,0.031375820559258125,0.5945303210463735,0.5381773399014779,0.5948275862068966,0.747536945812808,0.6403940886699506
0.1748,0.6250297265160523,0.03144322153345868,0.5992865636147444,0.5406403940886699,0.5960591133004925,0.751231527093596,0.6379310344827586
0.175,0.6267368778664855,0.031013062233330002,0.6016646848989299,0.5443349753694582,0.5960591133004925,0.751231527093596,0.6403940886699506
0.1752,0.6269492101240021,0.030787259113665782,0.6064209274673009,0.5431034482758621,0.5960591133004925,0.7500000000000001,0.6391625615763546
0.1754,0.6264396127059623,0.030853355796247064,0.6087990487514864,0.5431034482758621,0.5874384236453202,0.7475369458128078,0.645320197044335
0.1756,0.6274163410905385,0.030940842308909026,0.6099881093935791,0.541871921182266,0.5874384236453202,0.7463054187192117,0.6514778325123153
0.1758,0.6266689315440802,0.031297073851970676,0.6111771700356718,0.54064039408867,0.5849753694581281,0.7475369458128079,0.6490147783251231
0.176,0.6269237302531001,0.03175849059867292,0.6099881093935791,0.54064039408867,0.5825123152709359,0.748768472906404,0.6527093596059114
0.1762,0.6288517071513503,0.03180516520467764,0.6159334126040428,0.5406403940886699,0.583743842364532,0.75,0.6539408866995073
0.1764,0.6281297774757941,0.03132930252048044,0.6135552913198573,0.5394088669950738,0.5862068965517242,0.7463054187192119,0.6551724137931034
0.1766,0.6269152369627994,0.03128649773938293,0.6111771700356718,0.5381773399014779,0.5862068965517242,0.7450738916256158,0.6539408866995073
0.1768,0.6264650925768642,0.030883184889181844,0.605231866825208,0.5394088669950738,0.5886699507389163,0.7426108374384236,0.6564039408866995
0.177,0.6259639884491252,0.03181969560536682,0.6064209274673008,0.5307881773399015,0.5899014778325122,0.7413793103448276,0.6613300492610836
0.1772,0.6247154747749277,0.03097362051158047,0.6087990487514863,0.5295566502463054,0.5899014778325123,0.7352216748768473,0.6600985221674875
0.1774,0.6239935450993715,0.03098875963766581,0.6064209274673008,0.5307881773399015,0.5874384236453202,0.7352216748768473,0.6600985221674875
0.1776,0.6242143706471888,0.030798572543819114,0.6099881093935791,0.5307881773399015,0.5862068965517241,0.7339901477832512,0.6600985221674878
0.1778,0.6234754543910311,0.030302499634199176,0.6099881093935791,0.5320197044334976,0.5849753694581282,0.731527093596059,0.6588669950738917
0.178,0.62153898420248,0.03031975450925239,0.6052318668252081,0.5320197044334976,0.5800492610837439,0.7278325123152709,0.6625615763546799
0.1782,0.6220315950399185,0.03083799815044368,0.6052318668252081,0.5283251231527094,0.5825123152709359,0.7278325123152709,0.666256157635468
0.1784,0.6215474774927807,0.030391823027732315,0.6040428061831153,0.5307881773399015,0.58128078817734,0.7266009852216749,0.6650246305418719
0.1786,0.6215304909121795,0.02938673387326017,0.6064209274673008,0.5344827586206897,0.5800492610837439,0.7229064039408868,0.6637931034482758
0.1788,0.620307457108884,0.02755987506610496,0.6052318668252081,0.5381773399014779,0.5812807881773399,0.7130541871921182,0.6637931034482758
0.179,0.6193562085952098,0.027705309800266135,0.6004756242568371,0.5369458128078818,0.583743842364532,0.7142857142857143,0.6613300492610837
0.1792,0.6217767963308986,0.027348048176388667,0.6064209274673008,0.539408866995074,0.584975369458128,0.7142857142857143,0.6637931034482759
0.1794,0.6229913368438933,0.025155438052069417,0.6087990487514863,0.5467980295566502,0.5899014778325123,0.708128078817734,0.6613300492610837
0.1796,0.6234924409716325,0.024428855664025046,0.6076099881093936,0.5517241379310345,0.5899014778325123,0.7068965517241379,0.6613300492610837
0.1798,0.6242313572277901,0.025097115522967145,0.6076099881093936,0.5492610837438424,0.5923645320197044,0.7105911330049262,0.6613300492610837
0.18,0.6259639884491252,0.024169992383690348,0.6064209274673009,0.5529556650246306,0.5997536945812808,0.7093596059113301,0.6613300492610837
0.1802,0.6259554951588245,0.02387941395621941,0.6076099881093936,0.5517241379310345,0.6009852216748768,0.7056650246305418,0.6637931034482758
0.1804,0.6254543910310855,0.02384635633474932,0.6087990487514863,0.5504926108374384,0.6009852216748769,0.7056650246305419,0.6613300492610837
0.1806,0.62423135722779,0.023888382969671305,0.6076099881093936,0.5455665024630543,0.604679802955665,0.7019704433497537,0.6613300492610837
0.1808,0.6239680652284696,0.02333290772029875,0.6099881093935791,0.5443349753694581,0.6059113300492611,0.6958128078817734,0.6637931034482758
0.181,0.6234839476813316,0.024123451638576054,0.6087990487514863,0.5394088669950738,0.6083743842364533,0.6970443349753694,0.6637931034482758
0.1812,0.6237217598097503,0.022995221090117122,0.6099881093935791,0.5443349753694582,0.6071428571428572,0.6933497536945813,0.6637931034482758
0.1814,0.6246984881943265,0.02176520805514193,0.6111771700356718,0.5504926108374385,0.6071428571428572,0.6896551724137931,0.6650246305418719
0.1816,0.6257006964498047,0.02236697317523468,0.6087990487514863,0.5492610837438424,0.6108374384236454,0.6921182266009852,0.667487684729064
0.1818,0.6276626465092577,0.021461408199796105,0.6099881093935791,0.5541871921182266,0.6145320197044335,0.6896551724137931,0.6699507389162561
0.182,0.6266434516731781,0.02050623077680187,0.6147443519619501,0.5541871921182265,0.6133004926108374,0.6847290640394088,0.666256157635468
0.1822,0.6285969084423305,0.020132758037086324,0.6171224732461356,0.5578817733990148,0.6145320197044335,0.6859605911330049,0.667487684729064
0.1824,0.6280958043145916,0.02000524749269397,0.6183115338882283,0.5566502463054187,0.6145320197044335,0.6834975369458127,0.667487684729064
0.1826,0.6310174961780193,0.01901836180087533,0.6230677764565993,0.5640394088669951,0.6157635467980296,0.6859605911330049,0.666256157635468
0.1828,0.6329794462374724,0.01901097622261293,0.6242568370986921,0.5640394088669951,0.6219211822660099,0.6859605911330049,0.66871921182266
0.183,0.6354170205537626,0.018839574479623238,0.6278240190249703,0.5665024630541873,0.625615763546798,0.6896551724137931,0.667487684729064
0.1832,0.6381518600305759,0.017872213451357876,0.6242568370986921,0.5763546798029556,0.6280788177339901,0.6908866995073891,0.6711822660098522
0.1834,0.6381518600305759,0.01791290055445706,0.6242568370986921,0.5775862068965517,0.625615763546798,0.6921182266009852,0.6711822660098522
0.1836,0.6384321386104977,0.018864710150973366,0.619500594530321,0.5751231527093595,0.6293103448275862,0.6958128078817735,0.6724137931034482
0.1838,0.6389417360285374,0.019105944515708007,0.6171224732461356,0.5751231527093595,0.6317733990147784,0.6958128078817734,0.6748768472906403
0.184,0.637217598097503,0.01861817341957836,0.6171224732461356,0.5738916256157635,0.6305418719211823,0.6908866995073892,0.6736453201970443
0.1842,0.639909971122813,0.018083005319740598,0.619500594530321,0.5788177339901478,0.6342364532019704,0.6933497536945812,0.6736453201970443
0.1844,0.639909971122813,0.018042701814606283,0.619500594530321,0.5775862068965517,0.6379310344827586,0.6933497536945813,0.6711822660098522
0.1846,0.6411499915067097,0.019025620150758205,0.6183115338882283,0.5751231527093595,0.6428571428571429,0.6982758620689654,0.6711822660098522
0.1848,0.6411839646679123,0.01940643273351014,0.6135552913198572,0.5775862068965517,0.6428571428571429,0.7032019704433498,0.6687192118226601
0.185,0.641897401053168,0.01906064882924707,0.6171224732461356,0.5775862068965517,0.6440886699507389,0.7019704433497537,0.6687192118226601
0.1852,0.6431204348564634,0.018206648642062166,0.6183115338882283,0.583743842364532,0.6440886699507389,0.7032019704433498,0.666256157635468
0.1854,0.6440971632410395,0.01770081331651958,0.619500594530321,0.5899014778325123,0.6416256157635467,0.7068965517241379,0.6625615763546798
0.1856,0.6433667402751826,0.01757314511946722,0.6183115338882283,0.5911330049261083,0.6428571428571428,0.708128078817734,0.6564039408866994
0.1858,0.6441056565313403,0.017077168845408264,0.6183115338882283,0.5948275862068966,0.645320197044335,0.708128078817734,0.6539408866995073
0.186,0.6428911160183455,0.016853386414948393,0.6159334126040428,0.5948275862068966,0.6440886699507389,0.7056650246305418,0.6539408866995073
0.1862,0.6419058943434688,0.016126830962650295,0.6159334126040428,0.5960591133004925,0.6428571428571428,0.7019704433497538,0.6527093596059114
0.1864,0.6401817564124341,0.015650288075356008,0.6159334126040428,0.5948275862068966,0.6416256157635468,0.6982758620689655,0.6502463054187191
0.1866,0.6389502293188382,0.015545811943650189,0.6159334126040428,0.5935960591133005,0.6403940886699507,0.6970443349753694,0.6477832512315271
0.1868,0.6404195685408528,0.014663092463435055,0.6171224732461356,0.5948275862068966,0.645320197044335,0.6908866995073891,0.6539408866995075
0.187,0.6409121793782913,0.013996552790683738,0.6171224732461356,0.5985221674876847,0.6477832512315271,0.6896551724137931,0.6514778325123153
0.1872,0.6396976388652964,0.014754063209236922,0.61474435196195,0.5948275862068966,0.646551724137931,0.6908866995073892,0.6514778325123153
0.1874,0.6409036860879905,0.014506251416825124,0.6183115338882283,0.5972906403940887,0.646551724137931,0.6933497536945813,0.6490147783251232
0.1876,0.6408866995073892,0.01482995905927342,0.6206896551724138,0.5948275862068966,0.6490147783251231,0.6945812807881774,0.645320197044335
0.1878,0.6410990317649057,0.015092496089381211,0.6254458977407847,0.5911330049261084,0.6502463054187193,0.6945812807881773,0.644088669950739
0.188,0.6415406828605402,0.014414492420167613,0.6325802615933412,0.5923645320197045,0.6527093596059114,0.6921182266009852,0.6379310344827587
0.1882,0.6427552233735349,0.01393118449707795,0.6349583828775267,0.5985221674876847,0.6514778325123152,0.6945812807881774,0.6342364532019705
0.1884,0.6396042126719891,0.014768313316634503,0.6278240190249703,0.5935960591133005,0.6502463054187191,0.6945812807881774,0.6317733990147784
0.1886,0.6364447086801427,0.01437380421759312,0.6218787158145065,0.5935960591133005,0.646551724137931,0.6908866995073892,0.6293103448275862
0.1888,0.6356972991336843,0.014630232331455762,0.6230677764565993,0.5948275862068966,0.6502463054187193,0.6908866995073891,0.6194581280788177
0.189,0.6347460506200102,0.01524181939209285,0.6183115338882283,0.5935960591133005,0.6514778325123152,0.6921182266009852,0.6182266009852218
0.1892,0.6333106845591983,0.016058174824684173,0.6123662306777646,0.5935960591133005,0.6539408866995073,0.6933497536945813,0.6133004926108374
0.1894,0.6321131306268049,0.016063930952428578,0.6076099881093936,0.5960591133004927,0.6564039408866995,0.6908866995073891,0.6096059113300493
0.1896,0.6321301172074063,0.01651359324813345,0.605231866825208,0.5948275862068966,0.6576354679802956,0.6921182266009853,0.6108374384236454
0.1898,0.6314081875318498,0.016858882160538886,0.6028537455410227,0.5948275862068966,0.6625615763546797,0.6896551724137931,0.6071428571428572
0.19,0.6302106335994564,0.016662863271910442,0.5980975029726516,0.5972906403940886,0.6637931034482758,0.6859605911330049,0.605911330049261
0.1902,0.6270426363173093,0.01555451270454995,0.5933412604042806,0.5997536945812808,0.6588669950738917,0.6785714285714286,0.604679802955665
0.1904,0.6260998810939358,0.015911723653586642,0.5873959571938169,0.6046798029556651,0.6564039408866995,0.6798029556650247,0.602216748768473
0.1906,0.622923390521488,0.015299547323328366,0.5838287752675386,0.604679802955665,0.6490147783251231,0.6761083743842365,0.6009852216748768
0.1908,0.6226516052318669,0.014232901710357678,0.5873959571938169,0.6071428571428571,0.6502463054187192,0.669950738916256,0.5985221674876848
0.191,0.623883132325463,0.015324952793599985,0.587395957193817,0.6108374384236454,0.6576354679802956,0.6711822660098522,0.5923645320197044
0.1912,0.6239086121963651,0.015691621728859437,0.5838287752675386,0.6120689655172414,0.6576354679802956,0.6724137931034484,0.5935960591133005
0.1914,0.6234160013589265,0.01605783341647125,0.5838287752675386,0.6120689655172414,0.6600985221674878,0.6711822660098522,0.5899014778325123
0.1916,0.6199677254968575,0.015462701541488958,0.5838287752675386,0.6071428571428571,0.6527093596059113,0.6687192118226601,0.5874384236453203
0.1918,0.6182605741464243,0.015697481939182082,0.5814506539833532,0.6071428571428571,0.6527093596059113,0.666256157635468,0.583743842364532
0.192,0.6180397485986072,0.015983328025135007,0.5778834720570749,0.6059113300492612,0.6539408866995073,0.666256157635468,0.5862068965517242
0.1922,0.6177934431798879,0.015627314417914102,0.577883472057075,0.6071428571428571,0.6551724137931034,0.6625615763546798,0.5862068965517242
0.1924,0.6143876337693222,0.01676711719458173,0.5719381688466112,0.6046798029556651,0.6551724137931034,0.6613300492610836,0.5788177339901478
0.1926,0.6126889757091897,0.01756514942078314,0.5683709869203329,0.6009852216748769,0.6551724137931034,0.6625615763546797,0.5763546798029557
0.1928,0.611950059453032,0.017018224305541747,0.5683709869203329,0.602216748768473,0.6527093596059113,0.6600985221674877,0.5763546798029556
0.193,0.6085612366230677,0.017743858004967424,0.5600475624256838,0.5997536945812808,0.6527093596059114,0.6564039408866995,0.5738916256157636
0.1932,0.6080686257856293,0.018162544951666446,0.5600475624256837,0.5997536945812808,0.6551724137931034,0.6551724137931034,0.5701970443349753
0.1934,0.6058858501783592,0.018871707278937697,0.5552913198573127,0.5985221674876847,0.6539408866995073,0.6551724137931035,0.5665024630541872
0.1936,0.6058943434686598,0.019679474507333844,0.5541022592152199,0.5997536945812808,0.6551724137931034,0.6576354679802956,0.562807881773399
0.1938,0.603448275862069,0.019627312131168983,0.5517241379310345,0.5997536945812808,0.6527093596059113,0.6539408866995073,0.5591133004926109
0.194,0.6031934771530493,0.020396728167927272,0.5529131985731273,0.5960591133004927,0.6539408866995075,0.6576354679802956,0.5554187192118227
0.1942,0.602717852896212,0.020254449258821444,0.5505350772889417,0.5972906403940886,0.6527093596059114,0.6564039408866995,0.5566502463054187
0.1944,0.6019874299303549,0.019886627447088252,0.549346016646849,0.5972906403940887,0.6514778325123152,0.6539408866995075,0.5578817733990148
0.1946,0.6015118056735179,0.019874522886344913,0.5469678953626635,0.5997536945812808,0.6514778325123153,0.6514778325123153,0.5578817733990148
0.1948,0.6012485136741974,0.019361208891098443,0.549346016646849,0.6009852216748768,0.6477832512315271,0.6514778325123153,0.5566502463054188
0.195,0.6005095974180398,0.01851631332709963,0.549346016646849,0.6009852216748768,0.646551724137931,0.646551724137931,0.5591133004926108
0.1952,0.5992865636147444,0.019225398867210666,0.5481569560047562,0.5997536945812808,0.6490147783251232,0.645320197044335,0.5541871921182266
0.1954,0.599498895872261,0.018876394537993092,0.5529131985731273,0.5997536945812808,0.6502463054187192,0.6428571428571428,0.5517241379310345
0.1956,0.5975709189740105,0.01866964155926135,0.5469678953626635,0.5972906403940886,0.6490147783251231,0.6391625615763546,0.5554187192118227
0.1958,0.598038049940547,0.018383261769174188,0.5505350772889417,0.5972906403940886,0.6477832512315271,0.6403940886699507,0.5541871921182266
0.196,0.5968150161372516,0.018844987851550418,0.549346016646849,0.5985221674876847,0.645320197044335,0.6416256157635468,0.5492610837438424
0.1962,0.5970698148462714,0.019241126568928093,0.5481569560047562,0.5985221674876847,0.6490147783251232,0.6403940886699507,0.5492610837438424
0.1964,0.5980210633599456,0.01951218575834686,0.5529131985731273,0.5972906403940887,0.6551724137931034,0.6379310344827586,0.5467980295566502
0.1966,0.5992271105826397,0.018739877184538935,0.5564803804994054,0.5985221674876847,0.6527093596059113,0.6391625615763546,0.5492610837438423
0.1968,0.5997112281297774,0.018799652028650745,0.5576694411414982,0.5960591133004927,0.6551724137931034,0.6391625615763546,0.5504926108374384
0.197,0.6001698658060132,0.019107564169937145,0.5624256837098691,0.5960591133004927,0.6600985221674877,0.6354679802955665,0.5467980295566502
0.1972,0.6001358926448106,0.018426920967653037,0.5671819262782403,0.5948275862068966,0.6588669950738917,0.6330049261083744,0.5467980295566502
0.1974,0.5984202480040768,0.018924936145408057,0.5659928656361475,0.5911330049261084,0.6576354679802956,0.6342364532019704,0.5431034482758621
0.1976,0.5988958722609139,0.01848922934898538,0.5683709869203329,0.5923645320197044,0.6539408866995073,0.6366995073891626,0.5431034482758621
0.1978,0.5991336843893323,0.018082622356438847,0.5695600475624256,0.5960591133004925,0.6539408866995073,0.6330049261083743,0.5431034482758621
0.198,0.5974265330388993,0.01827755046561255,0.5671819262782402,0.5960591133004927,0.6539408866995073,0.6293103448275862,0.5406403940886699
0.1982,0.5946832002717852,0.018371442795862,0.5719381688466112,0.5886699507389164,0.6514778325123152,0.626847290640394,0.5344827586206896
0.1984,0.5951758111092237,0.01850907350261376,0.5719381688466112,0.5899014778325123,0.6527093596059113,0.626847290640394,0.5344827586206896
0.1986,0.591973840665874,0.01831558469237788,0.5719381688466112,0.5886699507389163,0.6490147783251231,0.6206896551724138,0.5295566502463055
0.1988,0.5921946662136912,0.017802807659470045,0.5755053507728894,0.5862068965517242,0.6465517241379309,0.6219211822660099,0.5307881773399015
0.199,0.5914302700866315,0.017351187191801676,0.5790725326991677,0.5874384236453202,0.6416256157635468,0.6206896551724138,0.5283251231527093
0.1992,0.5909121793782912,0.017102540328072027,0.582639714625446,0.5849753694581281,0.6366995073891627,0.6231527093596059,0.5270935960591133
0.1994,0.5916256157635469,0.017494968302119336,0.5862068965517242,0.5862068965517242,0.6366995073891627,0.6243842364532021,0.5246305418719212
0.1996,0.5906743672498727,0.01792981419454459,0.5814506539833532,0.5862068965517242,0.6391625615763549,0.6231527093596059,0.5233990147783251
0.1998,0.5911499915067097,0.018695175485255983,0.5838287752675387,0.583743842364532,0.6403940886699507,0.6268472906403941,0.520935960591133
0.2,0.5911245116358077,0.018303339732714665,0.5873959571938169,0.583743842364532,0.6379310344827587,0.625615763546798,0.520935960591133
0.2002,0.5898505180907082,0.018541404801449637,0.5933412604042806,0.5812807881773399,0.6391625615763546,0.6182266009852216,0.5172413793103449
0.2004,0.587871581450654,0.019597219344188812,0.5945303210463734,0.5800492610837439,0.6391625615763546,0.6157635467980296,0.5098522167487686
0.2006,0.5866485476473586,0.01918483168348696,0.5933412604042807,0.5800492610837438,0.6366995073891627,0.6133004926108375,0.5098522167487685
0.2008,0.5846696110073043,0.02000522874224998,0.5945303210463734,0.5751231527093597,0.6366995073891625,0.6120689655172414,0.5049261083743843
0.201,0.5846865975879056,0.02027900863711008,0.5921521997621879,0.5763546798029556,0.6366995073891627,0.6145320197044335,0.5036945812807881
0.2012,0.5849498895872262,0.019523773060503694,0.5897740784780025,0.5763546798029556,0.6330049261083744,0.6182266009852216,0.5073891625615764
0.2014,0.584177000169866,0.019718429276787866,0.5945303210463735,0.5738916256157636,0.6305418719211823,0.6169950738916257,0.5049261083743842
0.2016,0.5829709529471717,0.0210117355607476,0.5909631391200951,0.5701970443349754,0.6330049261083744,0.6206896551724138,0.5
0.2018,0.5824698488194328,0.021335317669999382,0.5921521997621879,0.5738916256157636,0.6342364532019705,0.6157635467980296,0.49630541871921185
0.202,0.5797774757941226,0.02245991034508796,0.5897740784780025,0.5652709359605912,0.6354679802955665,0.6169950738916257,0.49137931034482757
0.2022,0.5778155257346697,0.02357284409261086,0.5885850178359097,0.5652709359605912,0.6366995073891626,0.6145320197044335,0.4839901477832512
0.2024,0.5771105826397147,0.023785948592989922,0.5838287752675386,0.5652709359605912,0.6342364532019704,0.6194581280788177,0.48275862068965525
0.2026,0.5768557839306947,0.024607940521542637,0.5850178359096314,0.562807881773399,0.6403940886699507,0.6157635467980295,0.4802955665024631
0.2028,0.5768557839306948,0.02465965782005053,0.5850178359096314,0.562807881773399,0.6416256157635468,0.6145320197044335,0.4802955665024631
0.203,0.5763886529641583,0.024713062095736725,0.581450653983353,0.5640394088669951,0.6440886699507389,0.6120689655172414,0.4802955665024631
0.2032,0.5773653813487345,0.025370268205003724,0.5826397146254458,0.5652709359605912,0.6490147783251231,0.6108374384236454,0.479064039408867
0.2034,0.5771190759300153,0.025490074962594596,0.5826397146254458,0.5652709359605912,0.647783251231527,0.6120689655172414,0.47783251231527096
0.2036,0.5786138950229319,0.025885794388656673,0.5802615933412604,0.5640394088669951,0.6527093596059114,0.6157635467980296,0.4802955665024631
0.2038,0.5773993545099371,0.026551841992871708,0.5778834720570748,0.5591133004926108,0.6564039408866995,0.6145320197044334,0.479064039408867
0.204,0.5781382707660948,0.026483334870743825,0.5778834720570749,0.5603448275862069,0.6576354679802956,0.6145320197044336,0.480295566502463
0.2042,0.5774078478002378,0.02762841982752877,0.5766944114149821,0.5578817733990148,0.6625615763546797,0.6133004926108375,0.4766009852216749
0.2044,0.5766689315440802,0.027729604574854187,0.5766944114149821,0.5554187192118226,0.6637931034482758,0.6108374384236454,0.4766009852216749
0.2046,0.5729998301341939,0.027925824851177457,0.5731272294887039,0.5554187192118226,0.6600985221674877,0.6059113300492611,0.47044334975369456
0.2048,0.5724987260064549,0.028622049083663097,0.5743162901307967,0.5541871921182266,0.6637931034482759,0.6022167487684729,0.4679802955665025
0.205,0.5719976218787158,0.02855963197551876,0.5755053507728893,0.5529556650246306,0.6637931034482759,0.5997536945812807,0.4679802955665025
0.2052,0.5739595719381688,0.02862145731250158,0.5766944114149822,0.5554187192118226,0.6674876847290641,0.5997536945812808,0.47044334975369456
0.2054,0.5730168167147953,0.029637602960323316,0.5707491082045185,0.5529556650246306,0.6736453201970443,0.5985221674876847,0.46921182266009853
0.2056,0.5720400883302192,0.030556834491702534,0.5695600475624257,0.5492610837438424,0.6810344827586207,0.5911330049261084,0.46921182266009853
0.2058,0.5720740614914217,0.030523555783210605,0.5648038049940547,0.5467980295566502,0.6847290640394089,0.5899014778325122,0.47413793103448276
0.206,0.5732801087141158,0.031226303648188056,0.5683709869203329,0.5455665024630543,0.6908866995073891,0.5862068965517241,0.47536945812807885
0.2062,0.5737642262612537,0.03149948517836353,0.5695600475624257,0.5406403940886699,0.6945812807881774,0.5849753694581281,0.479064039408867
0.2064,0.5739850518090708,0.03197928149483498,0.573127229488704,0.5357142857142857,0.6995073891625615,0.5788177339901478,0.4827586206896552
0.2066,0.5739680652284694,0.032243155276651,0.5755053507728894,0.5369458128078818,0.7007389162561576,0.5751231527093595,0.48152709359605916
0.2068,0.5739680652284695,0.03307717419667297,0.5755053507728894,0.5344827586206897,0.7068965517241379,0.5689655172413793,0.4839901477832512
0.207,0.5752080856123662,0.03403242664846475,0.5743162901307967,0.5344827586206896,0.7142857142857143,0.5665024630541873,0.4864532019704434
0.2072,0.574987260064549,0.0353665368735854,0.5707491082045184,0.5332512315270936,0.7204433497536946,0.5665024630541872,0.4839901477832512
0.2074,0.5759894683200273,0.0357529826408246,0.5683709869203329,0.5357142857142857,0.7241379310344829,0.5665024630541873,0.48522167487684725
0.2076,0.575743162901308,0.03594944943571501,0.5683709869203329,0.5369458128078818,0.7253694581280788,0.562807881773399,0.4852216748768473
0.2078,0.5767029047052828,0.036491011145199835,0.5719381688466112,0.5344827586206897,0.730295566502463,0.5566502463054188,0.49014778325123154
0.208,0.5788941736028538,0.03659953900417682,0.5755053507728893,0.5381773399014779,0.7339901477832512,0.5517241379310346,0.49507389162561577
0.2082,0.5791065058603704,0.03678379882842388,0.5802615933412605,0.5381773399014779,0.7339901477832512,0.5492610837438424,0.4938423645320197
0.2084,0.5788432138610498,0.03672729239713253,0.582639714625446,0.5394088669950738,0.7327586206896552,0.5467980295566502,0.4926108374384236
0.2086,0.5803465262442671,0.03646845780922906,0.5790725326991677,0.541871921182266,0.7352216748768473,0.5467980295566502,0.4987684729064039
0.2088,0.5830388992695771,0.035343608064197916,0.5814506539833533,0.5455665024630542,0.7339901477832512,0.5467980295566502,0.5073891625615764
0.209,0.5837523356548328,0.03560461325908199,0.5850178359096314,0.5455665024630543,0.7352216748768473,0.5455665024630543,0.5073891625615763
0.2092,0.582767113979956,0.035805832294728925,0.5850178359096314,0.5480295566502463,0.7352216748768473,0.5369458128078818,0.5086206896551724
0.2094,0.5861729233905215,0.036477251895224126,0.5909631391200951,0.5480295566502462,0.7413793103448276,0.5369458128078818,0.5135467980295567
0.2096,0.5881178868693733,0.03735296159769656,0.5945303210463734,0.5517241379310345,0.7463054187192119,0.5357142857142857,0.5123152709359606
0.2098,0.5895702395107865,0.03736537598178701,0.5980975029726516,0.5517241379310345,0.7475369458128078,0.5344827586206896,0.5160098522167488
0.21,0.5910565653134023,0.037973373468206076,0.5969084423305588,0.5529556650246306,0.7524630541871921,0.5357142857142857,0.5172413793103449
0.2102,0.5925004246645151,0.03776109302793008,0.6016646848989298,0.5517241379310345,0.7524630541871922,0.5344827586206897,0.5221674876847291
0.2104,0.5942245625955496,0.03757075946047946,0.6016646848989299,0.5566502463054187,0.7536945812807883,0.5332512315270936,0.5258620689655172
0.2106,0.5939612705962289,0.03729109385944802,0.6040428061831153,0.5578817733990148,0.7512315270935961,0.5258620689655173,0.5307881773399015
0.2108,0.5934771530490913,0.03740799767245646,0.6028537455410227,0.5578817733990148,0.7512315270935961,0.5209359605911331,0.5344827586206897
0.211,0.594666213691184,0.03684931508260662,0.6087990487514864,0.5566502463054188,0.7487684729064039,0.5233990147783252,0.5357142857142857
0.2112,0.5936809920163071,0.0363985502542418,0.6087990487514863,0.5566502463054187,0.7450738916256158,0.518472906403941,0.5394088669950738
0.2114,0.5931713945982673,0.03682509482328467,0.6111771700356718,0.5566502463054187,0.7450738916256158,0.5147783251231527,0.5381773399014779
0.2116,0.593409206726686,0.036100497583571936,0.6123662306777645,0.5603448275862069,0.7413793103448276,0.5147783251231527,0.5381773399014779
0.2118,0.5955834890436555,0.035753962787828136,0.6183115338882282,0.5640394088669951,0.7401477832512315,0.5147783251231527,0.5406403940886699
0.212,0.5936215389842024,0.035987522471332425,0.6171224732461356,0.562807881773399,0.7389162561576355,0.5135467980295566,0.5357142857142857
0.2122,0.5904280618311534,0.036397322683933496,0.6159334126040428,0.5591133004926108,0.7364532019704433,0.5073891625615763,0.5332512315270935
0.2124,0.5899099711228131,0.036592444855916305,0.619500594530321,0.5554187192118227,0.7352216748768473,0.5049261083743842,0.5344827586206896
0.2126,0.5908782062170885,0.03788387367919277,0.6218787158145066,0.5541871921182266,0.7413793103448276,0.5036945812807883,0.5332512315270935
0.2128,0.5908442330558858,0.03738714632025383,0.6266349583828775,0.5529556650246306,0.7364532019704434,0.5,0.5381773399014778
0.213,0.590589434346866,0.03754898031115927,0.6278240190249703,0.5541871921182266,0.7352216748768472,0.49507389162561577,0.5406403940886699
0.2132,0.5891116018345507,0.03783507661324242,0.6278240190249703,0.5517241379310345,0.7339901477832512,0.4913793103448276,0.5406403940886699
0.2134,0.5888313232546288,0.037924800739822837,0.6325802615933412,0.5517241379310345,0.7315270935960592,0.49014778325123154,0.5381773399014779
0.2136,0.5878376082894514,0.03734496287617329,0.6337693222354339,0.5492610837438424,0.7266009852216748,0.48891625615763545,0.5406403940886699
0.2138,0.5870901987429931,0.03739504844122153,0.6349583828775267,0.5517241379310345,0.7229064039408868,0.48152709359605916,0.5443349753694581
0.214,0.5865975879055546,0.03749069834244788,0.6349583828775267,0.5492610837438424,0.7229064039408867,0.48152709359605916,0.5443349753694581
0.2142,0.5870477322914898,0.03751552067946831,0.6409036860879904,0.5480295566502464,0.7216748768472907,0.4852216748768473,0.5394088669950738
0.2144,0.5867504671309666,0.03728559549569651,0.6480380499405469,0.5480295566502463,0.7155172413793104,0.4839901477832512,0.5381773399014778
0.2146,0.5879565143536606,0.036619150647424305,0.6516052318668253,0.5529556650246306,0.7118226600985221,0.4864532019704433,0.5369458128078817
0.2148,0.5869627993884832,0.036949564113524916,0.652794292508918,0.5529556650246306,0.710591133004926,0.4839901477832512,0.5344827586206897
0.215,0.5856972991336844,0.03618690899043188,0.657550535077289,0.5541871921182265,0.6995073891625616,0.479064039408867,0.5381773399014778
0.2152,0.5854085272634618,0.03620483822012061,0.6634958382877527,0.5541871921182266,0.6945812807881774,0.47906403940886694,0.5357142857142858
0.2154,0.584423305588585,0.03655636858878803,0.6634958382877527,0.5541871921182266,0.6945812807881774,0.4778325123152709,0.5320197044334976
0.2156,0.582461355529132,0.036994334060497375,0.6623067776456599,0.5529556650246306,0.6933497536945813,0.47290640394088673,0.5307881773399015
0.2158,0.580244606760659,0.03717432849068095,0.6623067776456599,0.5492610837438423,0.6908866995073891,0.4716748768472906,0.5270935960591133
0.216,0.5797604892135213,0.03711128477668987,0.6611177170035671,0.5480295566502462,0.6908866995073891,0.47167487684729065,0.5270935960591133
0.2162,0.5765839986410735,0.03667199678280906,0.657550535077289,0.5492610837438423,0.6847290640394088,0.46798029556650245,0.5233990147783252
0.2164,0.5746390351622218,0.035921466612667256,0.6539833531510106,0.5467980295566502,0.6810344827586208,0.46921182266009853,0.5221674876847291
0.2166,0.5741294377441821,0.03556209637184794,0.6563614744351962,0.5467980295566502,0.6761083743842365,0.46921182266009853,0.5221674876847291
0.2168,0.5723968065228469,0.03658382516253606,0.6575505350772889,0.5455665024630542,0.6761083743842364,0.46305418719211827,0.5197044334975369
0.217,0.570910480720231,0.036500133006548245,0.6587395957193817,0.5406403940886699,0.6736453201970444,0.4655172413793103,0.5160098522167488
0.2172,0.5679718022762018,0.03585402357507837,0.6563614744351962,0.5369458128078818,0.6674876847290641,0.4655172413793104,0.5135467980295566
0.2174,0.5657635467980295,0.0364375548897463,0.6551724137931034,0.5332512315270936,0.6674876847290641,0.46182266009852213,0.5110837438423645
0.2176,0.5637846101579752,0.0364478883295676,0.6563614744351962,0.5295566502463054,0.6637931034482759,0.4630541871921182,0.5061576354679803
0.2178,0.5628248683540003,0.03610712500149623,0.652794292508918,0.5307881773399015,0.6625615763546798,0.46059113300492616,0.5073891625615763
0.218,0.5616188211313063,0.03555212594746891,0.6492271105826397,0.5332512315270936,0.6600985221674877,0.46059113300492616,0.5049261083743842
0.2182,0.5611262102938679,0.03512236202799769,0.6492271105826397,0.5320197044334976,0.6576354679802957,0.4630541871921182,0.5036945812807881
0.2184,0.5572023101749618,0.03596252684499251,0.6468489892984542,0.5283251231527093,0.6564039408866996,0.45689655172413796,0.49753694581280783
0.2186,0.5537880074740954,0.03491763136329939,0.6420927467300832,0.5258620689655172,0.6490147783251233,0.4568965517241379,0.49507389162561577
0.2188,0.5522931883811788,0.03459655791009728,0.6444708680142688,0.5270935960591133,0.6416256157635468,0.4568965517241379,0.49137931034482757
0.219,0.5515712587056225,0.034216464852564424,0.6420927467300832,0.5307881773399015,0.6391625615763546,0.45566502463054187,0.49014778325123154
0.2192,0.5498386274842874,0.03430410533858522,0.643281807372176,0.5307881773399015,0.6342364532019705,0.45320197044334976,0.48768472906403937
0.2194,0.5498386274842875,0.034678747268874655,0.643281807372176,0.5320197044334976,0.6354679802955666,0.4507389162561576,0.4876847290640394
0.2196,0.5471717343298794,0.03371265717267921,0.6373365041617122,0.5344827586206897,0.6293103448275862,0.4495073891625616,0.48522167487684725
0.2198,0.5459487005265841,0.033918120438173945,0.6361474435196195,0.5357142857142857,0.6280788177339901,0.4470443349753695,0.48275862068965514
0.22,0.5444538814336675,0.033598411712708665,0.638525564803805,0.5369458128078818,0.6194581280788177,0.44581280788177347,0.4815270935960591
0.2202,0.5429930355019535,0.033021485837213635,0.6361474435196195,0.539408866995074,0.6145320197044336,0.44704433497536944,0.4778325123152709
0.2204,0.5419823339561747,0.033201923253542,0.6397146254458977,0.541871921182266,0.6071428571428571,0.4445812807881774,0.4766009852216749
0.2206,0.5410140988618991,0.033083408626854646,0.6373365041617123,0.5455665024630542,0.604679802955665,0.4433497536945813,0.4741379310344827
0.2208,0.5383047392559878,0.03391597233426472,0.6373365041617124,0.5443349753694582,0.602216748768473,0.437192118226601,0.47044334975369456
0.221,0.5377696619670461,0.034836496373287666,0.643281807372176,0.5431034482758621,0.5997536945812808,0.437192118226601,0.4655172413793103
0.2212,0.5375403431289282,0.03464994935334234,0.6409036860879905,0.5480295566502463,0.5985221674876847,0.43965517241379315,0.4605911330049261
0.2214,0.5370562255817903,0.03436165800156133,0.6397146254458977,0.5554187192118226,0.5923645320197044,0.4445812807881774,0.45320197044334976
0.2216,0.5343893324273824,0.03297059719847176,0.633769322235434,0.5554187192118227,0.583743842364532,0.44704433497536955,0.45197044334975367
0.2218,0.5329369797859691,0.03215504207087171,0.6302021403091558,0.5541871921182266,0.5800492610837439,0.4495073891625616,0.45073891625615764
0.222,0.5292508917954816,0.03193969409707691,0.629013079667063,0.5504926108374384,0.5714285714285715,0.44581280788177335,0.4495073891625616
0.2222,0.5280193647018855,0.03147621727448107,0.629013079667063,0.5492610837438424,0.5652709359605912,0.44581280788177335,0.4507389162561576
0.2224,0.5287412943774419,0.03194894359699683,0.6313912009512485,0.5529556650246306,0.5640394088669951,0.44704433497536944,0.4482758620689655
0.2226,0.5270341430270087,0.03123321471180879,0.629013079667063,0.5504926108374385,0.5591133004926109,0.4495073891625616,0.44704433497536944
0.2228,0.5238746390351623,0.030288643691810994,0.6230677764565993,0.5504926108374385,0.5504926108374384,0.45320197044334976,0.4421182266009852
0.223,0.5192457958213011,0.030042035396880086,0.6159334126040428,0.5504926108374385,0.543103448275862,0.45197044334975367,0.4347290640394088
0.2232,0.5189740105316799,0.02975388679008421,0.619500594530321,0.5455665024630542,0.5381773399014778,0.4568965517241379,0.4347290640394088
0.2234,0.5194326482079157,0.03028773675808436,0.6242568370986921,0.5443349753694582,0.5357142857142857,0.4605911330049261,0.43226600985221675
0.2236,0.5199167657550535,0.03039567170436874,0.6254458977407847,0.5431034482758621,0.5369458128078818,0.4630541871921182,0.43103448275862066
0.2238,0.5182096144046204,0.029951237276342326,0.6230677764565993,0.5431034482758621,0.5295566502463054,0.4667487684729064,0.4285714285714286
0.224,0.5160098522167488,0.03036657144319693,0.6206896551724138,0.541871921182266,0.5270935960591133,0.47044334975369456,0.41995073891625617
0.2242,0.5147868184134534,0.029915578252605334,0.6195005945303211,0.539408866995074,0.5233990147783252,0.4704433497536946,0.42118226600985215
0.2244,0.5155087480890097,0.030245706026697232,0.6218787158145065,0.541871921182266,0.5197044334975369,0.47413793103448276,0.41995073891625617
0.2246,0.5135298114489553,0.03090885506442601,0.6230677764565993,0.541871921182266,0.5147783251231527,0.47044334975369456,0.41748768472906406
0.2248,0.5103618141668083,0.030191545722439705,0.6183115338882283,0.5381773399014779,0.5073891625615764,0.4716748768472906,0.41625615763546797
0.225,0.5081450653983353,0.030539423506934327,0.6183115338882282,0.5332512315270935,0.5036945812807881,0.47413793103448276,0.41133004926108374
0.2252,0.5061831153388823,0.030558383081557745,0.6171224732461356,0.5332512315270936,0.49507389162561577,0.4753694581280788,0.41009852216748766
0.2254,0.50692203159504,0.03112203725189263,0.6171224732461356,0.5369458128078818,0.49384236453201974,0.48152709359605916,0.4051724137931034
0.2256,0.5054526923730253,0.03096200433085624,0.6159334126040428,0.5332512315270936,0.4889162561576355,0.4852216748768473,0.40394088669950734
0.2258,0.5034907423135723,0.03051000167536252,0.6147443519619501,0.5270935960591133,0.4839901477832512,0.4864532019704434,0.4051724137931034
0.226,0.5022762018005775,0.03104612014992109,0.6123662306777645,0.5258620689655172,0.48152709359605916,0.4938423645320197,0.397783251231527
0.2262,0.5010531679972822,0.031132142331740078,0.6111771700356718,0.5270935960591133,0.47413793103448276,0.49507389162561577,0.397783251231527
0.2264,0.5000849329030067,0.031175674580990805,0.6087990487514864,0.5270935960591133,0.46798029556650245,0.5,0.39655172413793105
0.2266,0.5010531679972822,0.032374010459646524,0.6111771700356718,0.5270935960591133,0.46798029556650245,0.5086206896551724,0.39039408866995073
0.2268,0.4995668421946662,0.03316570898222571,0.6123662306777646,0.5283251231527093,0.46182266009852213,0.5073891625615763,0.38793103448275856
0.227,0.5010191948360794,0.03371823627069157,0.6159334126040428,0.5295566502463054,0.46182266009852213,0.5098522167487685,0.3879310344827586
0.2272,0.4995413623237641,0.03406792753500042,0.6159334126040428,0.5307881773399015,0.458128078817734,0.5061576354679802,0.38669950738916253
0.2274,0.4995243757431629,0.03475831172152046,0.6183115338882283,0.5295566502463054,0.45689655172413796,0.5086206896551724,0.3842364532019704
0.2276,0.5004926108374385,0.03561409421784046,0.6206896551724137,0.5295566502463054,0.46059113300492616,0.5123152709359606,0.3793103448275862
0.2278,0.5029131985731272,0.03675858481496662,0.6266349583828775,0.5320197044334976,0.4667487684729064,0.5135467980295566,0.375615763546798
0.228,0.5031510107015458,0.03725590363051626,0.6278240190249703,0.5307881773399015,0.46059113300492616,0.520935960591133,0.37561576354679804
0.2282,0.5029216918634279,0.0369800656965127,0.6254458977407849,0.5283251231527093,0.46305418719211827,0.5233990147783252,0.37438423645320196
0.2284,0.5028877187022253,0.037638903090350444,0.6302021403091558,0.5270935960591133,0.458128078817734,0.5233990147783251,0.37561576354679804
0.2286,0.5038644470868014,0.037779148164927286,0.6313912009512486,0.5270935960591133,0.45689655172413796,0.5270935960591133,0.37684729064039413
0.2288,0.5057584508238492,0.038963825470370604,0.6420927467300832,0.520935960591133,0.458128078817734,0.5295566502463054,0.3780788177339901
0.229,0.5086886359775777,0.03944525895070567,0.6456599286563616,0.5233990147783251,0.46182266009852213,0.5344827586206897,0.37807881773399016
0.2292,0.5096313912009514,0.04041409080946211,0.6516052318668253,0.5246305418719212,0.45935960591133007,0.5344827586206897,0.3780788177339902
0.2294,0.5127654153218957,0.04152101409249486,0.6611177170035671,0.5258620689655172,0.45935960591133007,0.5369458128078818,0.3805418719211823
0.2296,0.5144810599626296,0.04121705838878797,0.6623067776456599,0.5270935960591133,0.4655172413793104,0.5357142857142857,0.38177339901477836
0.2298,0.516884661117717,0.04259212015598918,0.6706302021403092,0.5295566502463055,0.46921182266009853,0.5357142857142857,0.3793103448275862
0.23,0.5188635977577715,0.04175576100734264,0.6694411414982164,0.5283251231527094,0.4716748768472907,0.54064039408867,0.3842364532019704
0.2302,0.5176065907932734,0.04282489055493189,0.6730083234244946,0.5270935960591133,0.4716748768472907,0.5369458128078818,0.3793103448275862
0.2304,0.5173687786648549,0.04271785613844135,0.6718192627824019,0.5283251231527094,0.4704433497536946,0.5369458128078818,0.3793103448275862
0.2306,0.5190589434346867,0.042994313000009374,0.6765755053507729,0.5344827586206897,0.46921182266009853,0.5320197044334976,0.3830049261083744
0.2308,0.5200101919483608,0.04345318454586259,0.6813317479191439,0.5320197044334976,0.4704433497536946,0.5320197044334976,0.3842364532019705
0.231,0.5222014608459318,0.04342695558710561,0.6848989298454221,0.5320197044334976,0.4729064039408867,0.5332512315270936,0.3879310344827587
0.2312,0.5229318838117887,0.043538690416630936,0.6860879904875149,0.5295566502463054,0.4778325123152709,0.5344827586206896,0.3866995073891626
0.2314,0.5229488703923899,0.04259459619468324,0.6837098692033294,0.5270935960591133,0.4802955665024631,0.5332512315270936,0.39039408866995073
0.2316,0.5226855783930694,0.043041223942066546,0.6860879904875149,0.5246305418719212,0.4815270935960591,0.5320197044334976,0.38916256157635465
0.2318,0.525870562255818,0.042717557919857596,0.6884661117717004,0.5307881773399015,0.4839901477832512,0.5320197044334976,0.39408866995073893
0.232,0.5283251231527093,0.042268478575690924,0.6896551724137931,0.5307881773399015,0.4889162561576354,0.5344827586206897,0.39778325123152714
0.2322,0.5288177339901478,0.04217594639159901,0.6896551724137931,0.5320197044334976,0.4913793103448275,0.5332512315270936,0.39778325123152714
0.2324,0.5314761338542552,0.04264827966567119,0.6967895362663497,0.5332512315270936,0.49630541871921185,0.5295566502463054,0.4014778325123153
0.2326,0.5344317988788857,0.04184540855451218,0.6967895362663497,0.5332512315270936,0.5024630541871921,0.5332512315270936,0.4064039408866995
0.2328,0.534193986750467,0.04171193894191178,0.6956004756242569,0.5307881773399015,0.5061576354679803,0.5332512315270936,0.4051724137931034
0.233,0.5361814166808221,0.040626814092694606,0.6932223543400713,0.5344827586206897,0.5098522167487685,0.5332512315270936,0.4100985221674877
0.2332,0.5381263801596738,0.04070278457306529,0.6967895362663495,0.5307881773399015,0.5110837438423645,0.5381773399014779,0.4137931034482759
0.2334,0.5393324273823679,0.04111365485857956,0.7003567181926279,0.5283251231527094,0.5184729064039408,0.5357142857142857,0.41379310344827586
0.2336,0.5403091557669442,0.04056524801048274,0.7015457788347206,0.5246305418719213,0.520935960591133,0.5344827586206897,0.41995073891625617
0.2338,0.5451843043995244,0.04119126888040872,0.708680142687277,0.5258620689655172,0.5320197044334976,0.5369458128078818,0.42241379310344823
0.234,0.5456854085272634,0.040955391583915736,0.7074910820451843,0.5270935960591133,0.5332512315270935,0.5381773399014779,0.4224137931034483
0.2342,0.5473670800067947,0.04203158625280828,0.713436385255648,0.5246305418719213,0.5381773399014779,0.5394088669950738,0.4211822660098522
0.2344,0.5478511975539324,0.04230825536915735,0.7146254458977408,0.5197044334975369,0.5455665024630542,0.5381773399014778,0.42118226600985215
0.2346,0.5522422286393749,0.04269366833972451,0.7205707491082045,0.5197044334975369,0.5578817733990148,0.5369458128078818,0.4261083743842364
0.2348,0.5539663665704093,0.042606410099895575,0.7205707491082045,0.5197044334975369,0.5652709359605912,0.5369458128078818,0.4273399014778325
0.235,0.5590963139120095,0.04273043751242975,0.7265160523186682,0.520935960591133,0.5751231527093597,0.5381773399014779,0.4347290640394089
0.2352,0.5627739086121963,0.042939712826835605,0.7288941736028537,0.5233990147783252,0.5800492610837439,0.5467980295566504,0.4347290640394089
0.2354,0.5659503991846442,0.04273656747096288,0.732461355529132,0.520935960591133,0.5874384236453203,0.5455665024630543,0.4433497536945813
0.2356,0.5683964667912349,0.04279710680278663,0.7348394768133175,0.5197044334975369,0.5923645320197044,0.5480295566502463,0.44704433497536944
0.2358,0.5708425343978257,0.04320719243432073,0.737217598097503,0.5233990147783251,0.5997536945812808,0.5467980295566502,0.44704433497536944
0.236,0.5735349074231357,0.043543668227734734,0.7395957193816884,0.5233990147783251,0.6083743842364532,0.5467980295566502,0.44950738916256155
0.2362,0.5769067436724986,0.04523653827639772,0.7502972651605232,0.5233990147783252,0.6120689655172413,0.5492610837438423,0.44950738916256155
0.2364,0.5783930694751146,0.04485168213743555,0.7491082045184304,0.5246305418719213,0.6182266009852216,0.5467980295566504,0.4532019704433497
0.2366,0.5798199422456258,0.04580390528014102,0.7562425683709869,0.5283251231527093,0.6169950738916256,0.5443349753694582,0.4532019704433497
0.2368,0.5810514693392219,0.0458527936087424,0.7562425683709869,0.5283251231527093,0.6206896551724138,0.5467980295566504,0.4532019704433497
0.237,0.5837523356548328,0.04589729820112343,0.7574316290130797,0.5270935960591134,0.626847290640394,0.5517241379310345,0.45566502463054187
0.2372,0.5874384236453201,0.044984298154935404,0.7586206896551724,0.5246305418719213,0.6317733990147782,0.5541871921182265,0.46798029556650245
0.2374,0.5881773399014778,0.04538788049355841,0.7586206896551724,0.5221674876847291,0.6366995073891626,0.5566502463054187,0.4667487684729065
0.2376,0.5898505180907083,0.04671944518838035,0.765755053507729,0.518472906403941,0.6391625615763546,0.5591133004926109,0.46674876847290636
0.2378,0.5903431289281468,0.04690952969901178,0.765755053507729,0.5110837438423645,0.6428571428571428,0.5615763546798029,0.4704433497536946
0.238,0.5900883302191269,0.04707683730187676,0.7669441141498217,0.5086206896551724,0.6416256157635467,0.5615763546798029,0.4716748768472906
0.2382,0.59179548156956,0.04704346417121656,0.7693222354340071,0.5098522167487685,0.6416256157635467,0.564039408866995,0.47413793103448276
0.2384,0.5949634788517072,0.047213763662907526,0.7740784780023781,0.5098522167487685,0.6428571428571428,0.5689655172413793,0.479064039408867
0.2386,0.5976558518770172,0.046758340274597486,0.7764565992865636,0.5086206896551724,0.6428571428571428,0.5726600985221675,0.4876847290640395
0.2388,0.5993375233565482,0.047440103630789134,0.7824019024970273,0.5073891625615763,0.6416256157635468,0.5751231527093595,0.49014778325123154
0.239,0.5998131476133853,0.047863461957711934,0.7847800237812128,0.5049261083743842,0.6416256157635468,0.5763546798029556,0.4913793103448276
0.2392,0.5983268218107695,0.0482883099183012,0.7859690844233055,0.49753694581280794,0.6391625615763546,0.5738916256157636,0.49507389162561577
0.2394,0.5988109393579073,0.04843614279065859,0.7871581450653984,0.49630541871921185,0.6403940886699507,0.5726600985221675,0.4975369458128079
0.2396,0.5995328690334636,0.0485894559876102,0.7895362663495838,0.49630541871921185,0.6366995073891625,0.5775862068965517,0.4975369458128079
0.2398,0.598089009682351,0.047924184187870054,0.7847800237812128,0.4926108374384237,0.6354679802955665,0.5775862068965518,0.5
0.24,0.5985986071003907,0.046861869736652836,0.7824019024970273,0.49507389162561577,0.6330049261083743,0.5775862068965517,0.5049261083743842
0.2402,0.5981059962629522,0.046879633340933584,0.7824019024970273,0.4938423645320197,0.6305418719211823,0.5788177339901478,0.5049261083743842
0.2404,0.598089009682351,0.04766142630394783,0.7847800237812128,0.4913793103448276,0.6330049261083746,0.5775862068965517,0.5036945812807881
0.2406,0.598089009682351,0.04769705308975508,0.7847800237812128,0.49014778325123154,0.6317733990147782,0.5800492610837439,0.5036945812807883
0.2408,0.5985731272294887,0.048122892004535234,0.7859690844233056,0.48891625615763545,0.6354679802955666,0.5788177339901478,0.5036945812807883
0.241,0.5985476473585868,0.048958477905582776,0.7895362663495838,0.4876847290640394,0.6379310344827588,0.5738916256157636,0.5036945812807881
0.2412,0.5985476473585867,0.04939886981869945,0.7895362663495838,0.4815270935960591,0.6403940886699507,0.5751231527093595,0.5061576354679803
0.2414,0.5976218787158144,0.04804503717586627,0.7812128418549347,0.4766009852216748,0.6391625615763546,0.5788177339901478,0.5123152709359606
0.2416,0.5971122812977748,0.04857045531152026,0.78359096313912,0.47413793103448276,0.6379310344827587,0.5763546798029557,0.5135467980295567
0.2418,0.594666213691184,0.04844093810145621,0.7812128418549346,0.4704433497536946,0.6330049261083744,0.5751231527093597,0.5135467980295567
0.242,0.5949125191099032,0.04813757781723123,0.7812128418549347,0.47167487684729065,0.6305418719211823,0.5763546798029556,0.5147783251231527
0.2422,0.5949125191099032,0.04806695086927673,0.7812128418549347,0.47044334975369456,0.6293103448275863,0.5763546798029556,0.5172413793103448
0.2424,0.593910310854425,0.04872100245525051,0.7835909631391201,0.4642857142857143,0.6243842364532021,0.5763546798029556,0.520935960591133
0.2426,0.5946407338202819,0.048815278324555574,0.7847800237812128,0.4642857142857143,0.624384236453202,0.5775862068965517,0.5221674876847291
0.2428,0.5931883811788687,0.0483752862859768,0.7812128418549347,0.4630541871921182,0.6243842364532021,0.5738916256157635,0.5233990147783252
0.243,0.5927297435026329,0.04755969197899884,0.7764565992865636,0.46059113300492616,0.6256157635467982,0.5689655172413793,0.5320197044334976
0.2432,0.5913028707321216,0.04679608577053449,0.7693222354340072,0.4568965517241379,0.626847290640394,0.5689655172413793,0.5344827586206896
0.2434,0.5893579072532699,0.04663823920070517,0.7657550535077289,0.45197044334975367,0.623152709359606,0.5701970443349754,0.5357142857142857
0.2436,0.5886444708680143,0.04615768550938318,0.7621878715814507,0.45197044334975367,0.6243842364532021,0.5689655172413793,0.5357142857142857
0.2438,0.5862238831323255,0.04556386511323334,0.756242568370987,0.4495073891625616,0.6231527093596059,0.5665024630541872,0.5357142857142858
0.244,0.5835315101070154,0.045888847429366685,0.7538644470868014,0.4445812807881774,0.6206896551724138,0.5665024630541872,0.5320197044334976
0.2442,0.582537795141838,0.04608411512784296,0.7550535077288941,0.4433497536945813,0.6169950738916257,0.564039408866995,0.5332512315270936
0.2444,0.5815610667572617,0.0459221777928273,0.7538644470868014,0.4421182266009852,0.6145320197044335,0.5615763546798029,0.5357142857142857
0.2446,0.5803550195345677,0.045634598796984664,0.7502972651605232,0.4396551724137931,0.6133004926108374,0.562807881773399,0.5357142857142857
0.2448,0.5788941736028537,0.045952374630453006,0.7479191438763377,0.4334975369458128,0.6120689655172415,0.564039408866995,0.5369458128078818
0.245,0.5757261763207067,0.0457591011370161,0.7431629013079667,0.4285714285714286,0.6071428571428572,0.5628078817733989,0.5369458128078818
0.2452,0.572320366910141,0.04592860267047429,0.737217598097503,0.41995073891625617,0.604679802955665,0.5615763546798028,0.5381773399014778
0.2454,0.5735943604552404,0.04491937361010076,0.7312722948870392,0.41871921182266014,0.603448275862069,0.5665024630541872,0.5480295566502463
0.2456,0.5716578902666895,0.04466044469652813,0.7265160523186682,0.41502463054187194,0.600985221674877,0.5652709359605912,0.5504926108374384
0.2458,0.5682266009852217,0.04445604705635359,0.7241379310344827,0.4125615763546798,0.5911330049261083,0.562807881773399,0.5504926108374384
0.246,0.5653303889926958,0.04464379524266705,0.7158145065398336,0.4039408866995074,0.5948275862068965,0.562807881773399,0.5492610837438423
0.2462,0.5614574486155937,0.04354959493435573,0.7063020214030915,0.4014778325123153,0.5886699507389163,0.5591133004926108,0.5517241379310345
0.2464,0.5590113810090029,0.04331088845498031,0.703923900118906,0.40024630541871925,0.583743842364532,0.5566502463054186,0.5504926108374384
0.2466,0.5560981824358757,0.042984026166909724,0.6979785969084423,0.39655172413793105,0.5800492610837439,0.5554187192118227,0.5504926108374384
0.2468,0.5561406488873789,0.04283588752879103,0.6920332936979786,0.39285714285714285,0.5825123152709359,0.5615763546798029,0.5517241379310345
0.247,0.5556650246305418,0.0422460825484894,0.6896551724137931,0.39408866995073893,0.5788177339901478,0.5603448275862069,0.5554187192118226
0.2472,0.5549261083743843,0.04294142666359574,0.689655172413793,0.3891625615763547,0.5751231527093597,0.559113300492611,0.5615763546798029
0.2474,0.5537030745710888,0.04311734172909055,0.6884661117717004,0.3866995073891626,0.5714285714285714,0.5591133004926109,0.562807881773399
0.2476,0.5507728894173602,0.04302443779848196,0.6848989298454221,0.3842364532019705,0.5701970443349753,0.5504926108374384,0.5640394088669951
0.2478,0.5493205367759469,0.04322200569485623,0.6813317479191439,0.3805418719211823,0.5714285714285714,0.5467980295566502,0.5665024630541872
0.248,0.5483523016816714,0.04305524822040807,0.6789536266349584,0.37931034482758624,0.5689655172413793,0.5492610837438423,0.5652709359605912
0.2482,0.5476558518770172,0.04219183057668298,0.6730083234244947,0.3805418719211823,0.5701970443349754,0.5480295566502462,0.5665024630541873
0.2484,0.5476643451673179,0.04185255717118897,0.6718192627824019,0.3817733990147783,0.5689655172413793,0.5480295566502463,0.5677339901477833
0.2486,0.5486240869712926,0.04213640558089961,0.6753864447086801,0.3830049261083744,0.5689655172413793,0.5455665024630543,0.5701970443349753
0.2488,0.5473925598776966,0.04180745175305229,0.6753864447086801,0.3842364532019705,0.564039408866995,0.5455665024630543,0.5677339901477834
0.249,0.5461355529131986,0.042353119709580514,0.6789536266349583,0.3830049261083744,0.5591133004926109,0.5431034482758621,0.5665024630541873
0.2492,0.5485986071003908,0.041871067709873165,0.6789536266349584,0.38669950738916253,0.562807881773399,0.5455665024630542,0.5689655172413793
0.2494,0.5488449125191099,0.04115784753240846,0.6789536266349584,0.3916256157635468,0.5640394088669951,0.54064039408867,0.5689655172413793
0.2496,0.5481144895532529,0.040725026758514436,0.6777645659928657,0.39285714285714285,0.5628078817733989,0.541871921182266,0.5652709359605912
0.2498,0.5466281637506369,0.040789705551738845,0.6789536266349584,0.39285714285714285,0.5566502463054187,0.5406403940886699,0.5640394088669951
0.25,0.5488449125191099,0.04069387266635067,0.6789536266349584,0.39408866995073893,0.5603448275862069,0.5431034482758621,0.5677339901477834
0.2502,0.5520044165109563,0.04095234295962872,0.684898929845422,0.39778325123152714,0.5652709359605911,0.5443349753694582,0.5677339901477833
0.2504,0.5520129098012571,0.04018301467791016,0.6837098692033294,0.4014778325123153,0.5640394088669951,0.5455665024630543,0.5652709359605912
0.2506,0.5532104637336503,0.040651866842366755,0.6884661117717004,0.4027093596059113,0.5652709359605912,0.5443349753694581,0.5652709359605912
0.2508,0.5526923730253099,0.040788050923665525,0.6920332936979786,0.4051724137931035,0.5615763546798029,0.5394088669950738,0.5652709359605912
0.251,0.5541277390861219,0.04085074971018382,0.6979785969084423,0.4100985221674877,0.562807881773399,0.5406403940886699,0.5591133004926108
0.2512,0.5568031255308307,0.04078924149864986,0.7027348394768133,0.41502463054187194,0.562807881773399,0.5443349753694582,0.5591133004926108
0.2514,0.5587395957193817,0.04077796890452043,0.7074910820451843,0.41995073891625617,0.5640394088669951,0.5467980295566502,0.5554187192118227
0.2516,0.5601919483607951,0.0409738658876775,0.7110582639714624,0.42241379310344834,0.5665024630541873,0.5504926108374384,0.5504926108374384
0.2518,0.5601834550704943,0.04055586121321687,0.7122473246135553,0.42733990147783246,0.5652709359605912,0.5517241379310345,0.5443349753694582
0.252,0.5638355698997792,0.04073060311757497,0.718192627824019,0.4322660098522167,0.5665024630541873,0.5529556650246306,0.5492610837438423
0.2522,0.5647953117037541,0.04149992407107534,0.7217598097502973,0.43103448275862066,0.5714285714285714,0.5541871921182266,0.5455665024630543
0.2524,0.5659503991846442,0.04377719813312845,0.732461355529132,0.42610837438423643,0.5726600985221675,0.5529556650246306,0.5455665024630543
0.2526,0.567411245116358,0.04325612588313333,0.7348394768133175,0.4334975369458128,0.5714285714285714,0.5554187192118227,0.541871921182266
0.2528,0.5690844233055886,0.04431126819528071,0.7419738406658739,0.4347290640394089,0.5726600985221675,0.5591133004926109,0.5369458128078817
0.253,0.5707660947851197,0.045172983277196,0.7479191438763376,0.4347290640394089,0.5701970443349754,0.562807881773399,0.5381773399014778
0.2532,0.5717258365890945,0.04571813757727872,0.751486325802616,0.4359605911330049,0.5714285714285714,0.5665024630541872,0.5332512315270936
0.2534,0.5734075080686256,0.046826219406624854,0.7574316290130796,0.4347290640394088,0.5714285714285714,0.5714285714285714,0.5320197044334976
0.2536,0.5758111092237133,0.04813071612299918,0.7657550535077289,0.4347290640394088,0.5738916256157636,0.5726600985221675,0.5320197044334976
0.2538,0.5760404280618312,0.048641847833642324,0.7681331747919143,0.4347290640394089,0.5751231527093597,0.5738916256157636,0.5283251231527093
0.254,0.5765075590283676,0.048906634997767734,0.7717003567181926,0.43965517241379304,0.5763546798029557,0.5726600985221675,0.5221674876847291
0.2542,0.5781892305078988,0.049691618300156754,0.7776456599286563,0.4421182266009852,0.5751231527093597,0.5763546798029557,0.5197044334975369
0.2544,0.5796330898590114,0.050174607417409124,0.7824019024970273,0.44581280788177347,0.5763546798029557,0.5763546798029556,0.5172413793103449
0.2546,0.5823424494649226,0.04958364401167076,0.7824019024970272,0.4495073891625616,0.5812807881773399,0.5775862068965517,0.520935960591133
0.2548,0.5848055036521148,0.04937198817059047,0.7824019024970273,0.45197044334975367,0.5874384236453203,0.5825123152709359,0.5197044334975369
0.255,0.5837948021063359,0.05041499279554711,0.7859690844233055,0.45197044334975367,0.5849753694581281,0.5849753694581281,0.5110837438423645
0.2552,0.58525564803805,0.05036465662309936,0.7883472057074911,0.4568965517241379,0.5874384236453203,0.583743842364532,0.5098522167487685
0.2554,0.588678444029217,0.050859164662361525,0.7919143876337693,0.45935960591133007,0.5911330049261083,0.5935960591133005,0.5073891625615763
0.2556,0.5894003737047733,0.05102965930069011,0.7942925089179548,0.4630541871921182,0.5911330049261083,0.5935960591133005,0.5049261083743842
0.2558,0.5899014778325123,0.05068867377106034,0.7931034482758621,0.4655172413793104,0.5911330049261083,0.5960591133004927,0.5036945812807881
0.256,0.5916086291829454,0.05083588850508245,0.7954815695600476,0.46798029556650245,0.5948275862068966,0.5960591133004927,0.5036945812807881
0.2562,0.592551384406319,0.05215913391145758,0.8014268727705113,0.46798029556650245,0.5935960591133005,0.6009852216748769,0.49876847290640397
0.2564,0.5925683709869204,0.05107911306224553,0.7990487514863258,0.47536945812807885,0.5899014778325122,0.5997536945812808,0.49876847290640397
0.2566,0.5947681331747919,0.05131490891448574,0.8014268727705113,0.47906403940886705,0.5960591133004927,0.6009852216748769,0.49630541871921185
0.2568,0.5947851197553933,0.05051410235994594,0.7990487514863258,0.48275862068965525,0.5923645320197044,0.602216748768473,0.49753694581280794
0.257,0.5957703414302701,0.05019910988850025,0.7990487514863257,0.4876847290640395,0.5911330049261084,0.604679802955665,0.4963054187192118
0.2572,0.5980040767793443,0.04964738646159248,0.7966706302021404,0.48768472906403937,0.5972906403940887,0.6096059113300493,0.4987684729064039
0.2574,0.5985051809070834,0.049238871124668196,0.7954815695600476,0.49261083743842365,0.5972906403940886,0.6108374384236454,0.4963054187192118
0.2576,0.6009682350942755,0.0487561627379814,0.7954815695600476,0.49507389162561577,0.5997536945812808,0.6145320197044335,0.5
0.2578,0.6036775947001869,0.04812313364194143,0.7954815695600476,0.4987684729064039,0.6071428571428571,0.6133004926108374,0.5036945812807883
0.258,0.6049091217937829,0.04815850574316145,0.7954815695600475,0.4987684729064039,0.6108374384236454,0.6157635467980296,0.5036945812807881
0.2582,0.6071173772719551,0.04794937509021451,0.7966706302021402,0.5049261083743842,0.6145320197044335,0.6169950738916257,0.5024630541871921
0.2584,0.6071428571428571,0.04706818573695524,0.7931034482758621,0.5073891625615764,0.6169950738916256,0.6145320197044335,0.5036945812807881
0.2586,0.606871071853236,0.04807620894117481,0.7966706302021402,0.5049261083743842,0.6206896551724137,0.6108374384236454,0.501231527093596
0.2588,0.6093171394598267,0.048198925427845124,0.7990487514863258,0.5073891625615763,0.625615763546798,0.6120689655172413,0.5024630541871921
0.259,0.6100815355868864,0.04733707656462863,0.7954815695600475,0.5073891625615763,0.6268472906403941,0.6145320197044335,0.5061576354679803
0.2592,0.6125191099031765,0.04752159577529917,0.7990487514863258,0.5098522167487685,0.6305418719211822,0.6145320197044335,0.5086206896551724
0.2594,0.6139799558348905,0.047739857776965856,0.8014268727705112,0.5098522167487685,0.6342364532019704,0.6133004926108374,0.5110837438423645
0.2596,0.613538304739256,0.046880066035102766,0.7942925089179548,0.5147783251231527,0.6403940886699507,0.6133004926108374,0.5049261083743842
0.2598,0.6125870562255817,0.046247027765153034,0.7895362663495837,0.5123152709359606,0.6403940886699507,0.6145320197044335,0.5061576354679803
0.26,0.6145744861559368,0.04563920417957763,0.7871581450653984,0.5147783251231527,0.6477832512315271,0.6145320197044335,0.5086206896551724
0.2602,0.6153134024120944,0.045018871872740715,0.7871581450653983,0.5160098522167488,0.6490147783251231,0.6096059113300493,0.5147783251231527
0.2604,0.6153303889926958,0.044733822828532284,0.7847800237812128,0.5147783251231528,0.6514778325123153,0.6096059113300493,0.5160098522167488
0.2606,0.6163580771190759,0.043516143477746926,0.7788347205707491,0.5160098522167488,0.6576354679802956,0.6083743842364532,0.520935960591133
0.2608,0.6193222354340071,0.042681181928198905,0.7776456599286563,0.5197044334975369,0.6613300492610837,0.6120689655172414,0.5258620689655172
0.261,0.618320027178529,0.04303900489504532,0.7800237812128419,0.520935960591133,0.6600985221674877,0.6059113300492611,0.5246305418719212
0.2612,0.618090708340411,0.04252090173217626,0.7776456599286563,0.5233990147783252,0.6625615763546798,0.6009852216748768,0.5258620689655172
0.2614,0.6197978596908442,0.042268036560336404,0.7800237812128419,0.5246305418719212,0.6625615763546798,0.5997536945812807,0.5320197044334976
0.2616,0.6217598097502972,0.04179651176311863,0.7812128418549346,0.5283251231527093,0.6613300492610836,0.603448275862069,0.5344827586206896
0.2618,0.6217598097502972,0.041621970992912,0.7812128418549347,0.5307881773399015,0.6625615763546797,0.5985221674876847,0.5357142857142857
0.262,0.6235094275522337,0.04081307575191413,0.7776456599286563,0.5320197044334976,0.6674876847290641,0.6009852216748768,0.539408866995074
0.2622,0.6239935450993714,0.04144458571984116,0.7788347205707491,0.5307881773399015,0.6711822660098522,0.6022167487684729,0.5369458128078818
0.2624,0.6242313572277901,0.04122850557175231,0.7800237812128418,0.5320197044334976,0.6724137931034484,0.5923645320197044,0.5443349753694581
0.2626,0.6244946492271106,0.04095143931985099,0.7776456599286563,0.5320197044334976,0.6773399014778325,0.5862068965517241,0.5492610837438423
0.2628,0.6257516561916086,0.040103678903057584,0.7740784780023781,0.5357142857142857,0.6810344827586207,0.5862068965517242,0.5517241379310345
0.263,0.6277305928316631,0.039841465155455585,0.7728894173602854,0.5381773399014779,0.6871921182266009,0.5849753694581281,0.5554187192118227
0.2632,0.6269661967046034,0.04050733107640225,0.7764565992865635,0.5381773399014779,0.6847290640394088,0.582512315270936,0.5529556650246306
0.2634,0.6274418209614404,0.040567032643407545,0.7788347205707492,0.5381773399014779,0.6834975369458127,0.5763546798029556,0.560344827586207
0.2636,0.6277051129607609,0.040223744754847295,0.7764565992865636,0.541871921182266,0.6859605911330049,0.5775862068965517,0.5566502463054187
0.2638,0.6282147103788007,0.03986987924784254,0.7740784780023781,0.5406403940886699,0.6884236453201971,0.5775862068965518,0.560344827586207
0.264,0.627501273993545,0.039143983001244,0.7705112960760999,0.5406403940886699,0.687192118226601,0.5738916256157636,0.5652709359605912
0.2642,0.6265330388992696,0.03955583913186583,0.7681331747919143,0.5357142857142857,0.6908866995073892,0.5738916256157636,0.5640394088669951
0.2644,0.6267708510276881,0.03958249700873577,0.769322235434007,0.5357142857142857,0.6896551724137931,0.5751231527093597,0.5640394088669951
0.2646,0.6289960930864618,0.039258028531892926,0.7681331747919145,0.5369458128078817,0.6945812807881773,0.5775862068965517,0.5677339901477833
0.2648,0.6280533378630881,0.03837265850813556,0.7621878715814506,0.5369458128078817,0.6945812807881774,0.5800492610837439,0.5665024630541872
0.265,0.6261168676745371,0.037531121203731,0.7574316290130797,0.5357142857142857,0.6908866995073892,0.5763546798029557,0.5701970443349754
0.2652,0.6268387973500935,0.037679539128266784,0.7598097502972652,0.5394088669950738,0.6908866995073891,0.5775862068965518,0.5665024630541873
0.2654,0.626600985221675,0.03748603402565745,0.7586206896551724,0.5357142857142857,0.6896551724137931,0.5788177339901478,0.5701970443349754
0.2656,0.6270851027688126,0.037591538133753474,0.7598097502972652,0.5357142857142857,0.6896551724137931,0.5800492610837439,0.5701970443349753
0.2658,0.627832512315271,0.03775212107337276,0.7586206896551724,0.5357142857142857,0.6945812807881773,0.5788177339901478,0.5714285714285714
0.266,0.6278240190249702,0.038258619855423184,0.7598097502972652,0.5295566502463055,0.6945812807881773,0.5800492610837438,0.5751231527093597
0.2662,0.6258790555461186,0.03809334229046265,0.7562425683709869,0.5295566502463055,0.6945812807881773,0.5763546798029557,0.5726600985221675
0.2664,0.6256327501273994,0.03834194966538422,0.7562425683709869,0.5258620689655173,0.6945812807881773,0.5738916256157636,0.5775862068965517
0.2666,0.6244012230338033,0.03888410034740371,0.7562425683709869,0.5221674876847291,0.6945812807881773,0.5689655172413793,0.5800492610837439
0.2668,0.6209614404620349,0.039454498601597145,0.7550535077288941,0.5110837438423645,0.6884236453201971,0.5677339901477833,0.5825123152709359
0.267,0.6194921012400204,0.039381212730544006,0.7538644470868014,0.5110837438423645,0.6859605911330049,0.5615763546798029,0.5849753694581281
0.2672,0.618999490402582,0.03950833700501832,0.7538644470868014,0.5073891625615763,0.6834975369458127,0.5615763546798029,0.5886699507389163
0.2674,0.6177679633089859,0.039934662349061595,0.7538644470868014,0.5049261083743843,0.6834975369458128,0.560344827586207,0.5862068965517242
0.2676,0.6162901307966706,0.040246638115724535,0.7538644470868014,0.5036945812807883,0.6822660098522167,0.5566502463054187,0.5849753694581281
0.2678,0.6145999660268388,0.03981639564443043,0.7491082045184304,0.5024630541871922,0.6822660098522167,0.5566502463054187,0.5825123152709359
0.268,0.6118990997112281,0.04093065256612756,0.7479191438763377,0.49630541871921185,0.6847290640394089,0.5517241379310345,0.5788177339901478
0.2682,0.6082215050110413,0.040176690099403785,0.7455410225921522,0.49507389162561577,0.6736453201970444,0.5492610837438423,0.5775862068965517
0.2684,0.6067096993375233,0.040881832248297736,0.7502972651605232,0.49261083743842365,0.666256157635468,0.5443349753694581,0.5800492610837438
0.2686,0.6045099371496518,0.039728538128095285,0.7479191438763377,0.49384236453201974,0.6539408866995075,0.5431034482758621,0.583743842364532
0.2688,0.6020298963818583,0.04126396823159713,0.7502972651605232,0.4889162561576355,0.6564039408866995,0.5369458128078818,0.5775862068965517
0.269,0.6010446747069815,0.04165290474912511,0.7502972651605232,0.4864532019704434,0.6551724137931034,0.5332512315270936,0.5800492610837438
0.2692,0.5983438083913708,0.04208744991517716,0.7491082045184305,0.48275862068965514,0.6539408866995075,0.5307881773399015,0.5751231527093597
0.2694,0.5948445727874979,0.043416926775103844,0.7562425683709869,0.4790640394088671,0.6428571428571428,0.5258620689655172,0.5701970443349754
0.2696,0.5913962969254289,0.04391789239179893,0.7562425683709869,0.47413793103448276,0.6366995073891626,0.5233990147783252,0.5665024630541873
0.2698,0.5889247494479362,0.044501763061719164,0.7574316290130796,0.47413793103448276,0.6342364532019704,0.5172413793103449,0.5615763546798029
0.27,0.5869627993884831,0.044466250318420435,0.7562425683709869,0.47290640394088673,0.6293103448275862,0.5135467980295567,0.562807881773399
0.2702,0.5830473925598777,0.04409945106994548,0.7526753864447087,0.47167487684729065,0.6219211822660099,0.5098522167487685,0.5591133004926109
0.2704,0.5820961440462035,0.043615326334952194,0.7479191438763377,0.47044334975369456,0.624384236453202,0.5098522167487685,0.5578817733990148
0.2706,0.5813402412094446,0.04378849332002599,0.7502972651605232,0.47167487684729065,0.6219211822660099,0.5123152709359606,0.5504926108374384
0.2708,0.5820876507559029,0.04333433190205047,0.7491082045184304,0.47290640394088673,0.623152709359606,0.5160098522167488,0.5492610837438424
0.271,0.58256327501274,0.043786095997261354,0.751486325802616,0.47290640394088673,0.624384236453202,0.5160098522167488,0.5480295566502463
0.2712,0.5825377951418379,0.04449272297176454,0.7550535077288941,0.4729064039408867,0.6243842364532018,0.5147783251231527,0.5455665024630542
0.2714,0.583013419398675,0.04504694237871753,0.7574316290130797,0.4704433497536946,0.625615763546798,0.5172413793103449,0.5443349753694582
0.2716,0.5808051639205029,0.04477399301657363,0.7562425683709869,0.46551724137931033,0.6157635467980297,0.520935960591133,0.5455665024630542
0.2718,0.5793103448275863,0.04562650821971283,0.7586206896551725,0.46305418719211827,0.6133004926108375,0.5147783251231527,0.5467980295566502
0.272,0.5741973840665875,0.04459814104485715,0.7502972651605232,0.4630541871921182,0.605911330049261,0.5073891625615763,0.5443349753694582
0.2722,0.5764056395447597,0.04455663858160887,0.751486325802616,0.4642857142857143,0.6096059113300493,0.5098522167487685,0.5467980295566502
0.2724,0.5783421097333108,0.04547329106033164,0.7562425683709869,0.46059113300492616,0.6120689655172414,0.5135467980295567,0.5492610837438423
0.2726,0.5792848649566842,0.04611141608586546,0.7621878715814506,0.4618226600985222,0.6096059113300493,0.5172413793103448,0.5455665024630542
0.2728,0.5787922541192458,0.045837419216205884,0.7621878715814506,0.46428571428571425,0.605911330049261,0.5160098522167488,0.5455665024630543
0.273,0.5773399014778324,0.04543570630047185,0.7586206896551724,0.4630541871921182,0.605911330049261,0.5172413793103448,0.541871921182266
0.2732,0.5773314081875318,0.04552892889794655,0.7598097502972652,0.4630541871921182,0.603448275862069,0.5172413793103448,0.5431034482758621
0.2734,0.576320706641753,0.04634476120929261,0.7633769322235434,0.46059113300492616,0.5997536945812808,0.5172413793103448,0.5406403940886699
0.2736,0.5760828945133345,0.046514258780567495,0.7621878715814507,0.45566502463054187,0.5997536945812808,0.5172413793103448,0.5455665024630543
0.2738,0.5753524715474775,0.046241180028046495,0.760998810939358,0.45566502463054187,0.5948275862068966,0.5147783251231527,0.5504926108374384
0.274,0.5765670120604722,0.046651923439551476,0.7633769322235434,0.45566502463054187,0.5985221674876847,0.5160098522167488,0.5492610837438424
0.2742,0.5777900458637676,0.04661129385977455,0.7645659928656361,0.45689655172413796,0.5997536945812808,0.518472906403941,0.5492610837438423
0.2744,0.579013079667063,0.046622707923452356,0.7657550535077289,0.45566502463054187,0.5960591133004925,0.5197044334975369,0.5578817733990148
0.2746,0.578282656701206,0.046466949736745033,0.7645659928656361,0.45443349753694584,0.5935960591133006,0.520935960591133,0.5578817733990148
0.2748,0.5777900458637676,0.046850164732913625,0.7645659928656362,0.45197044334975367,0.5948275862068966,0.518472906403941,0.5591133004926109
0.275,0.5807117377271955,0.04786321026801248,0.7693222354340071,0.44827586206896547,0.6009852216748769,0.5221674876847291,0.562807881773399
0.2752,0.580473925598777,0.04813810380112663,0.7681331747919143,0.44704433497536944,0.6071428571428571,0.518472906403941,0.5615763546798029
0.2754,0.5807287243077968,0.04752364406918004,0.7669441141498217,0.4507389162561576,0.6071428571428571,0.519704433497537,0.5591133004926109
0.2756,0.5836589094615254,0.04751413956782661,0.7705112960760999,0.4544334975369458,0.6083743842364532,0.5221674876847291,0.562807881773399
0.2758,0.583922201460846,0.046905640214590094,0.7681331747919145,0.45443349753694584,0.605911330049261,0.5246305418719213,0.5665024630541872
0.276,0.5856718192627823,0.0457087951692171,0.7645659928656362,0.45935960591133007,0.6059113300492611,0.5246305418719212,0.5738916256157636
0.2762,0.5854340071343638,0.045299661740797866,0.7633769322235434,0.45812807881773393,0.6022167487684729,0.5307881773399015,0.5726600985221675
0.2764,0.5868948530660777,0.04580821837789477,0.7657550535077289,0.45689655172413796,0.602216748768473,0.5295566502463054,0.5800492610837438
0.2766,0.5871326651944964,0.04613233248034602,0.7669441141498217,0.45443349753694584,0.6009852216748769,0.5320197044334976,0.5812807881773399
0.2768,0.5883811788686938,0.04522199984245527,0.7645659928656361,0.4568965517241379,0.5997536945812808,0.5369458128078819,0.583743842364532
0.277,0.5864277220995413,0.04516012621801808,0.7621878715814506,0.45320197044334976,0.5886699507389163,0.5381773399014779,0.5899014778325123
0.2772,0.5854425004246645,0.04503921936013465,0.7621878715814507,0.45566502463054187,0.5837438423645319,0.5344827586206896,0.5911330049261083
0.2774,0.5835230168167149,0.04383932612571364,0.7550535077288942,0.45689655172413796,0.5812807881773399,0.5332512315270936,0.5911330049261083
0.2776,0.5852641413283506,0.043346710713436216,0.7526753864447087,0.45689655172413796,0.5788177339901478,0.5381773399014779,0.5997536945812808
0.2778,0.5842959062340751,0.04288984789249242,0.7502972651605232,0.458128078817734,0.5738916256157636,0.5381773399014779,0.6009852216748769
0.278,0.5840411075250551,0.0428904146854719,0.7514863258026159,0.46059113300492616,0.5726600985221675,0.5357142857142856,0.5997536945812807
0.2782,0.5828265670120605,0.04252549420251591,0.7491082045184305,0.46305418719211827,0.562807881773399,0.5344827586206897,0.604679802955665
0.2784,0.5830558858501784,0.042936169695105754,0.7514863258026159,0.4630541871921182,0.5541871921182266,0.5394088669950738,0.6071428571428572
0.2786,0.5840326142347545,0.042199527008920636,0.7526753864447087,0.4704433497536946,0.5504926108374384,0.5431034482758621,0.603448275862069
0.2788,0.5837778155257347,0.04206568048910097,0.7538644470868014,0.4716748768472906,0.5492610837438424,0.5467980295566504,0.5972906403940886
0.279,0.5852131815865466,0.04275866441799856,0.759809750297265,0.47413793103448276,0.5492610837438423,0.5467980295566502,0.5960591133004925
0.2792,0.5866485476473586,0.04377657789756232,0.765755053507729,0.47536945812807885,0.5455665024630543,0.5467980295566502,0.5997536945812808
0.2794,0.5846696110073043,0.04420842762023418,0.7669441141498217,0.480295566502463,0.5332512315270936,0.541871921182266,0.6009852216748769
0.2796,0.5831917784949889,0.044643917074725696,0.7669441141498217,0.47783251231527096,0.5320197044334976,0.5381773399014779,0.6009852216748768
0.2798,0.5846696110073043,0.04457332059107311,0.7669441141498217,0.47783251231527096,0.5307881773399015,0.5431034482758621,0.604679802955665
0.28,0.5846781042976049,0.04422943369496155,0.7657550535077289,0.479064039408867,0.5283251231527094,0.5467980295566504,0.603448275862069
0.2802,0.5819942245625955,0.04371551285681665,0.7621878715814506,0.47906403940886705,0.5258620689655172,0.5455665024630543,0.5972906403940886
0.2804,0.5805163920502803,0.043974085786022625,0.7621878715814506,0.479064039408867,0.5221674876847291,0.5431034482758621,0.5960591133004925
0.2806,0.5785714285714286,0.04343000855891472,0.7586206896551724,0.48152709359605916,0.520935960591133,0.5369458128078818,0.5948275862068966
0.2808,0.577076609478512,0.04426143113896247,0.760998810939358,0.48152709359605916,0.5135467980295567,0.5357142857142857,0.5935960591133005
0.281,0.5758111092237133,0.045623945013792286,0.7657550535077289,0.479064039408867,0.5086206896551725,0.5332512315270936,0.5923645320197044
0.2812,0.5738576524545609,0.04544287079817254,0.7633769322235434,0.4815270935960591,0.5073891625615764,0.5246305418719213,0.5923645320197044
0.2814,0.5714200781382708,0.04520724387076209,0.7598097502972652,0.48275862068965514,0.5012315270935961,0.5221674876847291,0.5911330049261083
0.2816,0.5712077458807542,0.04433338634724472,0.7550535077288941,0.48275862068965514,0.5012315270935961,0.5246305418719213,0.5923645320197044
0.2818,0.570961440462035,0.0443788226703127,0.7550535077288942,0.4852216748768473,0.49753694581280794,0.5246305418719213,0.5923645320197044
0.282,0.5683115338882283,0.043021751756467365,0.746730083234245,0.4839901477832512,0.49507389162561577,0.5283251231527094,0.5874384236453202
0.2822,0.5653813487344997,0.042927342010216404,0.7431629013079667,0.4876847290640394,0.48645320197044334,0.5233990147783252,0.5862068965517242
0.2824,0.5636572108034652,0.04341388517910226,0.7431629013079668,0.48768472906403937,0.48029556650246297,0.5221674876847291,0.5849753694581281
0.2826,0.5624341770001698,0.04382836761930895,0.7419738406658739,0.48768472906403937,0.47536945812807874,0.5184729064039408,0.5886699507389163
0.2828,0.5619415661627315,0.04348233117565432,0.741973840665874,0.49014778325123154,0.47536945812807874,0.5197044334975369,0.5825123152709359
0.283,0.5617122473246136,0.043081021661412366,0.7395957193816884,0.49261083743842365,0.4729064039408867,0.520935960591133,0.5825123152709359
0.2832,0.5622133514523526,0.04248512244556097,0.7384066587395957,0.49753694581280794,0.4729064039408867,0.5221674876847291,0.5800492610837439
0.2834,0.5617207406149142,0.04238452535670373,0.7384066587395957,0.49753694581280794,0.4716748768472907,0.5258620689655172,0.5751231527093595
0.2836,0.5619925259045354,0.041604483578091406,0.7348394768133175,0.4963054187192119,0.4729064039408867,0.5307881773399015,0.5751231527093597
0.2838,0.5580601324953287,0.0417093880217918,0.7336504161712247,0.4963054187192118,0.47044334975369456,0.5246305418719213,0.5652709359605911
0.284,0.5563275012739937,0.04165457420511441,0.7348394768133175,0.4963054187192118,0.4729064039408867,0.5258620689655173,0.5517241379310345
0.2842,0.5560727025649738,0.041901126881734446,0.7360285374554103,0.4975369458128079,0.4716748768472906,0.5258620689655172,0.5492610837438424
0.2844,0.5558263971462545,0.041708018588926664,0.7360285374554102,0.49876847290640397,0.4729064039408867,0.5295566502463054,0.541871921182266
0.2846,0.5528962119925259,0.04130561982596314,0.732461355529132,0.49630541871921185,0.47413793103448276,0.5270935960591133,0.5344827586206896
0.2848,0.5529047052828265,0.04109392722440981,0.7312722948870393,0.5,0.47167487684729065,0.5270935960591133,0.5344827586206896
0.285,0.5529047052828264,0.04117062248850867,0.7312722948870392,0.49999999999999994,0.47044334975369456,0.5270935960591132,0.5357142857142857
0.2852,0.5509597418039748,0.04090412873839134,0.727705112960761,0.49999999999999994,0.4667487684729064,0.5258620689655172,0.5344827586206897
0.2854,0.5494904025819602,0.04104143765258417,0.7265160523186682,0.49999999999999994,0.4630541871921182,0.5270935960591132,0.5307881773399015
0.2856,0.549974520129098,0.04135535658659238,0.7277051129607609,0.5012315270935961,0.4605911330049261,0.5270935960591132,0.5332512315270936
0.2858,0.5519449634788517,0.04076430113573649,0.727705112960761,0.5049261083743842,0.46551724137931033,0.5246305418719213,0.5369458128078818
0.286,0.5531849838627484,0.03978833859181598,0.7265160523186682,0.5061576354679803,0.4753694581280788,0.5221674876847291,0.5357142857142857
0.2862,0.5546628163750638,0.039135403286184034,0.7265160523186682,0.5061576354679803,0.4852216748768473,0.5197044334975369,0.5357142857142857
0.2864,0.5558688635977578,0.03958274157689996,0.7300832342449465,0.5086206896551724,0.48891625615763545,0.5135467980295567,0.5381773399014779
0.2866,0.5558773568880585,0.03936298823691652,0.7288941736028538,0.5073891625615764,0.49014778325123154,0.5123152709359606,0.54064039408867
0.2868,0.554654323084763,0.03934887591035839,0.727705112960761,0.5110837438423645,0.4864532019704433,0.5110837438423645,0.5369458128078818
0.287,0.5549261083743843,0.038413539153446696,0.7241379310344828,0.5110837438423645,0.4901477832512315,0.5123152709359606,0.5369458128078818
0.2872,0.5544250042466452,0.03870149362824654,0.7253269916765754,0.5123152709359606,0.48891625615763545,0.5135467980295567,0.5320197044334976
0.2874,0.5556480380499406,0.03859980693700757,0.7265160523186682,0.5147783251231528,0.4913793103448276,0.5160098522167487,0.5295566502463055
0.2876,0.5534567691523697,0.03830242547070395,0.72294887039239,0.5147783251231528,0.48891625615763545,0.5135467980295567,0.5270935960591133
0.2878,0.5514778325123152,0.03910349668052513,0.7241379310344828,0.5172413793103449,0.48275862068965514,0.5098522167487685,0.5233990147783252
0.288,0.5517581110922372,0.03800735433513779,0.7193816884661117,0.5258620689655172,0.4852216748768473,0.5073891625615764,0.520935960591133
0.2882,0.5500254798709021,0.038582659347426954,0.7205707491082045,0.5258620689655172,0.4852216748768473,0.5061576354679803,0.5123152709359606
0.2884,0.5497876677424834,0.038440357172087984,0.7193816884661118,0.5283251231527094,0.4839901477832512,0.5086206896551724,0.5086206896551724
0.2886,0.5505605571598438,0.037141877290267675,0.7146254458977408,0.5307881773399015,0.49014778325123154,0.5061576354679803,0.5110837438423645
0.2888,0.5481059962629523,0.03735832878496239,0.7134363852556481,0.5270935960591133,0.49014778325123154,0.501231527093596,0.5086206896551724
0.289,0.5481399694241549,0.03626190694296738,0.708680142687277,0.5270935960591133,0.49261083743842365,0.501231527093596,0.5110837438423645
0.2892,0.5484032614234755,0.035738246529549746,0.7063020214030916,0.5307881773399015,0.4938423645320197,0.501231527093596,0.5098522167487685
0.2894,0.5479276371666384,0.035407235827888496,0.703923900118906,0.5344827586206897,0.49630541871921185,0.49876847290640397,0.5061576354679803
0.2896,0.549626295226771,0.03597103191112948,0.7074910820451843,0.5381773399014779,0.49261083743842365,0.5,0.5098522167487685
0.2898,0.5491336843893324,0.036193293375576086,0.7074910820451843,0.5406403940886699,0.49261083743842365,0.4975369458128079,0.5073891625615764
0.29,0.5496347885170716,0.03580690084559086,0.7063020214030915,0.541871921182266,0.4975369458128079,0.4963054187192118,0.5061576354679803
0.2902,0.5501868523866146,0.03401407295417478,0.6979785969084423,0.5480295566502463,0.5012315270935961,0.5,0.5036945812807883
0.2904,0.549447936130457,0.03416508257982906,0.6979785969084422,0.5467980295566504,0.5012315270935961,0.4975369458128079,0.5036945812807883
0.2906,0.5489723118736198,0.03381273784840889,0.6956004756242569,0.5480295566502463,0.5024630541871922,0.49876847290640397,0.5
0.2908,0.5477407847800239,0.03427397694291451,0.6956004756242568,0.5492610837438424,0.5012315270935961,0.5012315270935961,0.4913793103448276
0.291,0.5467385765245456,0.03511270761722167,0.6979785969084422,0.5492610837438424,0.5012315270935961,0.49507389162561577,0.49014778325123154
0.2912,0.5470273483947682,0.0340993422823756,0.6920332936979785,0.5554187192118226,0.5036945812807883,0.49630541871921185,0.4876847290640395
0.2914,0.548742993035502,0.03393023107172945,0.6932223543400714,0.5554187192118226,0.5098522167487685,0.49753694581280794,0.4876847290640394
0.2916,0.5480040767793442,0.03384849003452501,0.6932223543400713,0.5504926108374384,0.5110837438423645,0.49753694581280783,0.48768472906403937
0.2918,0.548012570069645,0.033439410842641154,0.6920332936979786,0.5492610837438423,0.5098522167487685,0.49753694581280783,0.4913793103448276
0.292,0.5497536945812808,0.0325786753729831,0.6896551724137931,0.5529556650246306,0.5110837438423645,0.49630541871921185,0.4987684729064039
0.2922,0.5495073891625616,0.03252052441518267,0.6896551724137931,0.5504926108374384,0.5123152709359606,0.5,0.49507389162561577
0.2924,0.549065738066927,0.03084586384799641,0.6825208085612366,0.5480295566502462,0.5135467980295566,0.5036945812807881,0.4975369458128079
0.2926,0.5519959232206556,0.03080818946268838,0.6860879904875149,0.5467980295566502,0.5197044334975369,0.5061576354679802,0.5012315270935961
0.2928,0.5519874299303551,0.03107740857326367,0.6872770511296076,0.5467980295566504,0.5184729064039408,0.5073891625615764,0.5
0.293,0.5534312892814677,0.03176831284997886,0.6920332936979786,0.5467980295566504,0.5184729064039408,0.5098522167487685,0.5
0.2932,0.5504926108374384,0.03213884617218138,0.689655172413793,0.5480295566502464,0.5160098522167487,0.5036945812807881,0.49507389162561577
0.2934,0.5509937149651775,0.031782846480825695,0.6884661117717004,0.5492610837438423,0.5172413793103448,0.5024630541871921,0.49753694581280783
0.2936,0.5512570069644981,0.030956038012034292,0.6860879904875149,0.5467980295566504,0.5110837438423645,0.5123152709359606,0.5
0.2938,0.5524630541871921,0.03158207951300999,0.6896551724137931,0.5480295566502462,0.5123152709359606,0.5160098522167488,0.4963054187192118
0.294,0.5548921352131815,0.03216708452337855,0.6944114149821641,0.5517241379310345,0.5086206896551724,0.5197044334975369,0.5
0.2942,0.5565992865636147,0.03220754096956875,0.6967895362663497,0.5480295566502462,0.5061576354679803,0.5295566502463054,0.5024630541871922
0.2944,0.5573382028197724,0.03210136433192735,0.6967895362663495,0.5504926108374384,0.5036945812807883,0.5295566502463054,0.5061576354679803
0.2946,0.5599966026838799,0.0331900037236765,0.703923900118906,0.5504926108374384,0.5049261083743842,0.5369458128078819,0.5036945812807883
0.2948,0.5622133514523526,0.03283523166162517,0.703923900118906,0.5517241379310345,0.5024630541871922,0.5443349753694582,0.5086206896551724
0.295,0.5634533718362494,0.03262527725906516,0.7027348394768133,0.5566502463054188,0.498768472906404,0.5480295566502462,0.5110837438423645
0.2952,0.5649312043485646,0.03224230869036002,0.7027348394768134,0.5554187192118227,0.4975369458128079,0.5504926108374385,0.5184729064039408
0.2954,0.5678613895022931,0.03222186663741603,0.7063020214030915,0.5541871921182266,0.5012315270935961,0.5541871921182266,0.5233990147783252
0.2956,0.5708170545269237,0.03171395644575052,0.7063020214030915,0.5566502463054187,0.5024630541871922,0.560344827586207,0.5283251231527093
0.2958,0.5703499235603873,0.03134291935859083,0.7027348394768134,0.5566502463054187,0.5,0.5652709359605912,0.5270935960591132
0.296,0.5727874978766774,0.03159047101986409,0.7063020214030915,0.5578817733990148,0.5,0.5665024630541873,0.5332512315270936
0.2962,0.5730338032953967,0.03173856423996668,0.7063020214030915,0.5566502463054187,0.5012315270935961,0.5726600985221675,0.5283251231527093
0.2964,0.5759894683200273,0.03128994911982003,0.7063020214030915,0.5566502463054188,0.5049261083743842,0.5812807881773399,0.5307881773399015
0.2966,0.5781807372175981,0.0314515312823622,0.7098692033293699,0.5554187192118227,0.5123152709359606,0.584975369458128,0.5283251231527093
0.2968,0.5774588075420418,0.03094889956667647,0.7074910820451843,0.5541871921182266,0.5110837438423645,0.5825123152709359,0.5320197044334976
0.297,0.5762272804484457,0.03154010312685557,0.7074910820451843,0.5578817733990148,0.5024630541871922,0.5800492610837439,0.5332512315270936
0.2972,0.5789366400543571,0.030714789616880168,0.7074910820451843,0.560344827586207,0.5086206896551724,0.5812807881773399,0.5369458128078818
0.2974,0.5818413453371836,0.03183027177679739,0.7146254458977407,0.5615763546798029,0.5086206896551724,0.5862068965517241,0.5381773399014779
0.2976,0.5843043995243757,0.03161502798850832,0.7146254458977408,0.564039408866995,0.5086206896551724,0.5923645320197044,0.541871921182266
0.2978,0.5840580941056566,0.0319468983693641,0.7146254458977408,0.562807881773399,0.5073891625615764,0.5960591133004927,0.539408866995074
0.298,0.5848055036521147,0.03165341161569286,0.7134363852556479,0.5714285714285714,0.5061576354679803,0.5935960591133005,0.5394088669950738
0.2982,0.5860370307457109,0.03178669693805123,0.7134363852556481,0.5701970443349754,0.5061576354679803,0.6009852216748768,0.5394088669950738
0.2984,0.5870307457108884,0.03132751848622822,0.7122473246135553,0.5714285714285714,0.5073891625615763,0.6022167487684729,0.541871921182266
0.2986,0.5887294037710209,0.03167278026018317,0.7158145065398335,0.5714285714285714,0.5135467980295567,0.6059113300492611,0.5369458128078818
0.2988,0.5880074740954646,0.03174984723036614,0.7134363852556481,0.5714285714285714,0.5123152709359606,0.6096059113300492,0.5332512315270936
0.299,0.5875403431289282,0.03138057472674117,0.7098692033293698,0.5714285714285715,0.5110837438423645,0.6120689655172413,0.5332512315270936
0.2992,0.5904705282826568,0.03214554444043122,0.7134363852556481,0.5738916256157636,0.5123152709359606,0.6206896551724138,0.5320197044334976
0.2994,0.5887378970613215,0.03275059787491922,0.7146254458977408,0.5751231527093597,0.5110837438423645,0.6169950738916257,0.5258620689655172
0.2996,0.5890096823509429,0.03291277004842396,0.7110582639714625,0.5714285714285714,0.5123152709359606,0.6280788177339902,0.5221674876847291
0.2998,0.5875488364192288,0.03306738339908109,0.7086801426872772,0.5701970443349753,0.5110837438423645,0.6293103448275863,0.5184729064039408
0.3,0.5878036351282487,0.03282840867491436,0.7074910820451843,0.5726600985221676,0.5147783251231527,0.6293103448275862,0.5147783251231528
0.3002,0.589281467640564,0.032792576472714545,0.7074910820451843,0.5763546798029556,0.518472906403941,0.6317733990147784,0.5123152709359606
0.3004,0.5888058433837269,0.03280023252292755,0.7051129607609988,0.5763546798029557,0.5160098522167488,0.6342364532019704,0.5123152709359606
0.3006,0.5885680312553083,0.03152165119698495,0.703923900118906,0.5800492610837439,0.5184729064039408,0.624384236453202,0.5160098522167488
0.3008,0.5888398165449295,0.03080149311107071,0.7003567181926279,0.5788177339901478,0.520935960591133,0.6268472906403941,0.5172413793103449
0.301,0.5875997961610328,0.03105685244781508,0.7015457788347206,0.5775862068965517,0.5221674876847291,0.6231527093596059,0.5135467980295566
0.3012,0.5851367419738407,0.032138389186579144,0.7015457788347205,0.5788177339901478,0.518472906403941,0.6219211822660098,0.5049261083743842
0.3014,0.5851367419738407,0.03248572936606922,0.7015457788347205,0.5763546798029556,0.5197044334975369,0.625615763546798,0.5024630541871922
0.3016,0.58243587565823,0.032992508181733986,0.7003567181926277,0.5726600985221676,0.5233990147783251,0.6231527093596059,0.4926108374384236
0.3018,0.5836504161712247,0.032975989901834944,0.7027348394768133,0.5738916256157636,0.5307881773399015,0.6206896551724137,0.49014778325123154
0.302,0.5814846271445557,0.031460466641030235,0.6956004756242569,0.5726600985221675,0.5344827586206896,0.6145320197044335,0.4901477832512315
0.3022,0.5822405299813147,0.031276081345844926,0.6932223543400714,0.5775862068965517,0.5369458128078818,0.6157635467980296,0.4876847290640393
0.3024,0.5822660098522168,0.030805709294034977,0.6896551724137931,0.5812807881773399,0.5406403940886699,0.6145320197044335,0.4852216748768473
0.3026,0.5827501273993545,0.0307524381522216,0.6908442330558858,0.5837438423645319,0.5381773399014778,0.6133004926108374,0.4876847290640394
0.3028,0.5839901477832512,0.031278654750567014,0.689655172413793,0.5849753694581281,0.5381773399014778,0.6219211822660098,0.48522167487684725
0.303,0.5854679802955666,0.03078837438360593,0.6896551724137931,0.5874384236453202,0.5431034482758621,0.6206896551724139,0.4864532019704433
0.3032,0.5861984032614235,0.030011017901904705,0.6908442330558859,0.5874384236453203,0.5431034482758621,0.6169950738916256,0.49261083743842365
0.3034,0.5847630372006115,0.029758358543021945,0.6848989298454221,0.584975369458128,0.5443349753694582,0.6206896551724137,0.48891625615763545
0.3036,0.5840750806862579,0.02884526808373277,0.6777645659928656,0.5849753694581281,0.5480295566502464,0.6219211822660098,0.4876847290640394
0.3038,0.5840665873959573,0.028909736948427325,0.6789536266349584,0.5788177339901478,0.5517241379310345,0.623152709359606,0.4876847290640394
0.304,0.5833446577204009,0.028255982332399378,0.6765755053507729,0.5775862068965518,0.5529556650246306,0.6206896551724138,0.48891625615763545
0.3042,0.583115338882283,0.0270749454031853,0.6741973840665875,0.5800492610837439,0.5517241379310345,0.6157635467980295,0.4938423645320197
0.3044,0.5819092916595888,0.02643678846106717,0.6706302021403091,0.5788177339901478,0.5504926108374384,0.6145320197044335,0.49507389162561577
0.3046,0.5826227280448446,0.02689640013827191,0.6741973840665875,0.5751231527093597,0.5529556650246306,0.6157635467980295,0.49507389162561577
0.3048,0.5821131306268048,0.02765130615070689,0.6765755053507729,0.5751231527093595,0.5504926108374384,0.6157635467980295,0.49261083743842365
0.305,0.5835994564294207,0.02731253220704336,0.6753864447086801,0.5775862068965517,0.5554187192118227,0.6169950738916256,0.49261083743842365
0.3052,0.5835994564294207,0.026981793365356745,0.6753864447086801,0.5775862068965517,0.5566502463054187,0.6145320197044335,0.4938423645320197
0.3054,0.5860540173263121,0.025781537925536432,0.6765755053507728,0.5763546798029556,0.5615763546798029,0.6133004926108374,0.5024630541871922
0.3056,0.5857907253269916,0.026038661752124274,0.6789536266349584,0.5751231527093597,0.5615763546798029,0.6108374384236452,0.5024630541871922
0.3058,0.5862323764226262,0.027188333228228206,0.6860879904875149,0.5751231527093597,0.5603448275862069,0.6083743842364532,0.5012315270935961
0.306,0.5867249872600645,0.027039673639879414,0.6860879904875149,0.5763546798029556,0.562807881773399,0.6071428571428571,0.5012315270935961
0.3062,0.5874384236453202,0.027702516943847275,0.6896551724137931,0.5775862068965517,0.562807881773399,0.6071428571428571,0.5
0.3064,0.5872006115169016,0.027279334141359864,0.6884661117717004,0.5825123152709359,0.5677339901477833,0.5985221674876847,0.4987684729064039
0.3066,0.5876677424834382,0.027893593611533478,0.6920332936979786,0.583743842364532,0.5689655172413793,0.5960591133004927,0.4975369458128079
0.3068,0.5898759979616104,0.02695061831917606,0.6932223543400713,0.58128078817734,0.5714285714285714,0.5972906403940886,0.5061576354679802
0.307,0.5893664005435706,0.02732040164423583,0.6956004756242569,0.58128078817734,0.5701970443349754,0.5935960591133005,0.5061576354679803
0.3072,0.5869033463563784,0.027501123432643985,0.6956004756242568,0.5800492610837439,0.5689655172413793,0.5849753694581281,0.5049261083743842
0.3074,0.5866570409376592,0.027339537628026354,0.6956004756242569,0.5751231527093595,0.5726600985221676,0.583743842364532,0.5061576354679802
0.3076,0.5866740275182606,0.0265522397290588,0.6932223543400714,0.5775862068965517,0.5701970443349754,0.5825123152709359,0.5098522167487685
0.3078,0.5854340071343639,0.026715650783551557,0.6944114149821641,0.5751231527093595,0.5689655172413792,0.5775862068965517,0.5110837438423645
0.308,0.5851961950059453,0.026050967470729124,0.6932223543400713,0.5738916256157636,0.5701970443349754,0.5726600985221675,0.5160098522167487
0.3082,0.5849329030066248,0.026354667485902733,0.6956004756242569,0.5751231527093597,0.5652709359605911,0.5701970443349753,0.5184729064039408
0.3084,0.5851877017156447,0.025729567524931815,0.6944114149821642,0.5751231527093597,0.5677339901477833,0.5652709359605911,0.5233990147783251
0.3086,0.5829624596568711,0.026293190058020388,0.6956004756242569,0.5726600985221675,0.5652709359605912,0.5578817733990147,0.5233990147783251
0.3088,0.5834295906234076,0.026862977820876852,0.6991676575505351,0.5726600985221675,0.5665024630541872,0.5529556650246306,0.5258620689655173
0.309,0.5819772379819941,0.02592809038596152,0.6956004756242568,0.5677339901477834,0.5628078817733989,0.5492610837438423,0.5344827586206897
0.3092,0.5795311703754035,0.025910219450080943,0.6932223543400714,0.5640394088669951,0.5603448275862069,0.5480295566502463,0.5320197044334976
0.3094,0.5785544419908272,0.026080576524759497,0.6920332936979785,0.5689655172413792,0.5591133004926109,0.5431034482758621,0.5295566502463054
0.3096,0.5807457108883982,0.02613278077173326,0.6956004756242569,0.5689655172413794,0.5578817733990148,0.541871921182266,0.5394088669950738
0.3098,0.5821895702395108,0.02669792442808742,0.7003567181926278,0.5652709359605912,0.5578817733990148,0.5406403940886699,0.5467980295566502
0.31,0.581909291659589,0.027956855259807397,0.7051129607609987,0.562807881773399,0.5591133004926109,0.5320197044334976,0.5504926108374384
0.3102,0.5801766604382538,0.028651716723205416,0.7063020214030915,0.562807881773399,0.5566502463054187,0.5295566502463054,0.5455665024630542
0.3104,0.5784780023781213,0.028367009816794134,0.7027348394768134,0.5640394088669951,0.5517241379310345,0.5246305418719213,0.5492610837438424
0.3106,0.5769916765755054,0.02893828157858123,0.703923900118906,0.5603448275862069,0.5504926108374384,0.5221674876847291,0.5480295566502463
0.3108,0.5779514183794803,0.029472553443244887,0.7074910820451844,0.5603448275862069,0.5504926108374384,0.5233990147783251,0.5480295566502463
0.311,0.5787243077968405,0.028201157743592695,0.7027348394768133,0.5615763546798029,0.5480295566502463,0.5270935960591133,0.5541871921182265
0.3112,0.5786988279259385,0.028894232022251796,0.7063020214030916,0.5578817733990148,0.5467980295566502,0.5283251231527093,0.5541871921182265
0.3114,0.5779514183794803,0.02935499006141568,0.7074910820451843,0.5554187192118226,0.5431034482758621,0.5270935960591133,0.5566502463054188
0.3116,0.5760319347715305,0.028122064244013093,0.7003567181926278,0.5541871921182266,0.5406403940886699,0.5295566502463055,0.5554187192118227
0.3118,0.5774673008323425,0.02913576264825132,0.7063020214030915,0.5554187192118226,0.5406403940886699,0.5295566502463054,0.5554187192118227
0.312,0.5779599116697809,0.029241332569186658,0.7063020214030915,0.5578817733990147,0.541871921182266,0.5246305418719213,0.5591133004926108
0.3122,0.5755138440631901,0.029148216023065974,0.7039239001189062,0.5541871921182265,0.5394088669950738,0.5246305418719212,0.5554187192118226
0.3124,0.5748004076779344,0.028731759428842974,0.7003567181926278,0.5566502463054186,0.5357142857142857,0.5221674876847291,0.5591133004926109
0.3126,0.5743247834210974,0.028591254686859975,0.6979785969084423,0.5554187192118226,0.5344827586206896,0.5184729064039408,0.5652709359605911
0.3128,0.571437064718872,0.027020223842610838,0.6884661117717004,0.5554187192118226,0.5307881773399015,0.520935960591133,0.5615763546798029
0.313,0.5670290470528282,0.027311692314417605,0.6848989298454221,0.5541871921182265,0.5270935960591133,0.5135467980295566,0.5554187192118226
0.3132,0.563410905384746,0.025891013354316213,0.6741973840665874,0.5529556650246306,0.5221674876847291,0.5123152709359606,0.5554187192118226
0.3134,0.560217428231697,0.026700054546411296,0.6730083234244947,0.5529556650246306,0.5160098522167489,0.5049261083743842,0.5541871921182265
0.3136,0.5582639714625446,0.026811379044960438,0.6706302021403091,0.5541871921182266,0.5147783251231527,0.49999999999999994,0.5517241379310345
0.3138,0.5563190079836928,0.026501236338169334,0.667063020214031,0.5504926108374384,0.5123152709359605,0.4987684729064039,0.5529556650246306
0.314,0.5517326312213352,0.02497265495831754,0.6539833531510107,0.5529556650246306,0.5049261083743842,0.4975369458128079,0.5492610837438424
0.3142,0.5490572447766265,0.024781341056224787,0.6492271105826397,0.5517241379310345,0.4987684729064039,0.4963054187192118,0.5492610837438424
0.3144,0.5451927976898251,0.02336422932213088,0.6385255648038051,0.5504926108374385,0.49753694581280794,0.4938423645320197,0.5455665024630542
0.3146,0.5422965856972991,0.02199406359093453,0.6302021403091558,0.5443349753694581,0.49753694581280783,0.4938423645320197,0.5455665024630542
0.3148,0.5408442330558858,0.02129189584180802,0.6266349583828775,0.5431034482758621,0.4963054187192118,0.49630541871921185,0.5418719211822659
0.315,0.5372345846781043,0.02028169056962516,0.61474435196195,0.5480295566502463,0.4975369458128079,0.48645320197044334,0.539408866995074
0.3152,0.535306607779854,0.01927528460234861,0.6087990487514863,0.5443349753694582,0.49630541871921185,0.48768472906403937,0.5394088669950738
0.3154,0.5333786308816035,0.018339659116128896,0.6028537455410226,0.5455665024630542,0.49384236453201974,0.49014778325123154,0.5344827586206896
0.3156,0.5292593850857823,0.016703855757424647,0.5933412604042807,0.541871921182266,0.49507389162561577,0.49014778325123154,0.5258620689655172
0.3158,0.5256072702564973,0.015888778422581285,0.587395957193817,0.5369458128078818,0.4913793103448276,0.4913793103448276,0.520935960591133
0.316,0.5239255987769662,0.015219343948441011,0.5814506539833533,0.5406403940886699,0.4913793103448276,0.4913793103448276,0.5147783251231526
0.3162,0.519551554272125,0.014437127594725863,0.573127229488704,0.5357142857142857,0.49014778325123154,0.4852216748768473,0.5135467980295567
0.3164,0.5178274163410906,0.015738799817304763,0.5731272294887039,0.539408866995074,0.48891625615763545,0.47536945812807885,0.5123152709359606
0.3166,0.515602174282317,0.016155053522874944,0.5743162901307967,0.5381773399014779,0.4839901477832512,0.4778325123152709,0.5036945812807883
0.3168,0.5131391200951249,0.01680908454535,0.5743162901307967,0.5369458128078818,0.47660098522167493,0.4778325123152709,0.5
0.317,0.5131561066757262,0.016622540430754215,0.5719381688466112,0.5394088669950738,0.479064039408867,0.47536945812807885,0.5
0.3172,0.5107355189400373,0.01647032029462475,0.5659928656361475,0.541871921182266,0.4778325123152709,0.47290640394088673,0.49507389162561577
0.3174,0.5119670460336334,0.01676389795769979,0.5659928656361475,0.5467980295566504,0.479064039408867,0.4729064039408867,0.49507389162561577
0.3176,0.5114659419058943,0.01707960345360742,0.5671819262782402,0.5467980295566504,0.47906403940886694,0.4729064039408868,0.49137931034482757
0.3178,0.5065738066927128,0.016779480684699453,0.5624256837098692,0.5406403940886699,0.47536945812807885,0.4716748768472907,0.48275862068965514
0.318,0.5058263971462544,0.01721733615761108,0.5636147443519619,0.5406403940886699,0.47413793103448276,0.47536945812807885,0.47536945812807885
0.3182,0.5029386784440292,0.016351908398410636,0.55410225921522,0.5406403940886699,0.4704433497536946,0.4753694581280788,0.47413793103448276
0.3184,0.501961950059453,0.016738525154454415,0.5529131985731273,0.541871921182266,0.4655172413793104,0.4766009852216748,0.4729064039408867
0.3186,0.5021997621878715,0.016685229949057936,0.5541022592152199,0.5406403940886699,0.46551724137931033,0.4766009852216748,0.47413793103448276
0.3188,0.5036436215389842,0.017120288275202483,0.558858501783591,0.5406403940886699,0.46674876847290636,0.47906403940886705,0.4729064039408867
0.319,0.5026753864447088,0.017628883346639587,0.5564803804994054,0.5443349753694582,0.46674876847290636,0.479064039408867,0.4667487684729064
0.3192,0.5056225581790386,0.018033531910469303,0.5576694411414982,0.5517241379310345,0.4704433497536945,0.4802955665024631,0.46798029556650245
0.3194,0.5078308136572108,0.018193320121064584,0.558858501783591,0.5554187192118227,0.4716748768472906,0.4852216748768473,0.46798029556650245
0.3196,0.5070834041107526,0.018500785922161284,0.5600475624256838,0.5541871921182266,0.47290640394088673,0.4839901477832513,0.4642857142857143
0.3198,0.5090453541702056,0.01865713948783772,0.5612366230677764,0.5578817733990148,0.47906403940886705,0.4827586206896552,0.4642857142857143
0.32,0.5073551894003737,0.018672128915560648,0.5564803804994054,0.5591133004926109,0.47660098522167493,0.48275862068965525,0.4618226600985222
0.3202,0.5076014948190929,0.018598645808468588,0.5564803804994054,0.5591133004926109,0.47413793103448276,0.4852216748768473,0.46305418719211827
0.3204,0.511448955325293,0.020554585868924294,0.5695600475624256,0.5640394088669951,0.47413793103448276,0.4876847290640395,0.4618226600985222
0.3206,0.5121708850008494,0.02181830433205636,0.5719381688466112,0.5701970443349754,0.4716748768472906,0.4864532019704434,0.46059113300492605
0.3208,0.5131645999660268,0.02151046121822797,0.5707491082045184,0.5714285714285714,0.4778325123152709,0.4864532019704434,0.45935960591132996
0.321,0.5194836079497197,0.023165023536747938,0.582639714625446,0.5812807881773399,0.48275862068965514,0.48891625615763545,0.46182266009852213
0.3212,0.5211822660098523,0.023294815959375676,0.5862068965517242,0.5825123152709359,0.4815270935960591,0.48891625615763545,0.4667487684729065
0.3214,0.520935960591133,0.023000231586066507,0.5862068965517242,0.5812807881773399,0.480295566502463,0.4839901477832512,0.47290640394088673
0.3216,0.5238916256157636,0.02221287089462003,0.5862068965517242,0.5825123152709359,0.4864532019704434,0.49014778325123154,0.47413793103448276
0.3218,0.5265670120604722,0.023061817249699808,0.5909631391200951,0.5874384236453202,0.49014778325123154,0.49137931034482757,0.47290640394088673
0.322,0.5277475794122644,0.023673152900220252,0.5980975029726516,0.5862068965517242,0.48645320197044334,0.4913793103448276,0.4766009852216749
0.3222,0.5289706132155597,0.022787937573524705,0.5992865636147444,0.5825123152709359,0.49137931034482757,0.49014778325123154,0.48152709359605905
0.3224,0.5282316969594021,0.022453160767840354,0.5992865636147443,0.5788177339901478,0.49261083743842365,0.48891625615763545,0.48152709359605905
0.3226,0.5282062170885001,0.023201512725166983,0.6028537455410226,0.5788177339901478,0.49261083743842365,0.4876847290640395,0.479064039408867
0.3228,0.5272125021233225,0.023121308380266936,0.6040428061831153,0.5738916256157636,0.49507389162561577,0.48768472906403937,0.4753694581280788
0.323,0.5271870222524206,0.023347656166697987,0.6076099881093936,0.5701970443349754,0.4950738916256159,0.48891625615763545,0.47413793103448276
0.3232,0.5281892305078987,0.022413422665482394,0.6052318668252081,0.5701970443349754,0.4938423645320197,0.4926108374384236,0.479064039408867
0.3234,0.5298454221165281,0.023638325010978564,0.6147443519619501,0.5689655172413793,0.4938423645320197,0.4913793103448276,0.4802955665024631
0.3236,0.530321046373365,0.02382904566117477,0.6171224732461356,0.5677339901477833,0.49507389162561577,0.4913793103448275,0.4802955665024631
0.3238,0.5315355868863598,0.023981757124500725,0.6195005945303211,0.5677339901477834,0.49753694581280794,0.4938423645320197,0.479064039408867
0.324,0.5327416341090538,0.024441490810580543,0.6230677764565993,0.5677339901477833,0.5,0.49630541871921185,0.4766009852216748
0.3242,0.53371836249363,0.02401949047495517,0.6242568370986921,0.5652709359605912,0.5024630541871922,0.49630541871921185,0.480295566502463
0.3244,0.5327671139799558,0.023144920767911532,0.619500594530321,0.5640394088669951,0.5061576354679803,0.48891625615763545,0.4852216748768473
0.3246,0.5359351112621029,0.022997532314656927,0.6242568370986921,0.562807881773399,0.5110837438423645,0.49137931034482757,0.49014778325123154
0.3248,0.5354085272634619,0.024313302314451214,0.629013079667063,0.562807881773399,0.5110837438423645,0.4876847290640394,0.48645320197044334
0.325,0.5356463393918804,0.025018591113671326,0.6302021403091558,0.5665024630541872,0.5123152709359606,0.48522167487684725,0.4839901477832513
0.3252,0.5361474435196195,0.024596959938589905,0.629013079667063,0.5665024630541872,0.5135467980295567,0.4839901477832512,0.48768472906403937
0.3254,0.5366485476473587,0.023964049991626605,0.6278240190249703,0.5640394088669951,0.5172413793103449,0.4864532019704434,0.48768472906403937
0.3256,0.536640054357058,0.023817292270142655,0.6290130796670631,0.560344827586207,0.5172413793103448,0.4839901477832513,0.49261083743842365
0.3258,0.5356803125530831,0.02367080585813276,0.6254458977407847,0.562807881773399,0.5172413793103448,0.48275862068965514,0.49014778325123154
0.326,0.5332342449464923,0.024200600809448032,0.6230677764565993,0.5603448275862069,0.5221674876847291,0.4729064039408867,0.4876847290640394
0.3262,0.5334635637846101,0.024638152441471453,0.6254458977407849,0.5591133004926109,0.5233990147783252,0.47044334975369456,0.4889162561576355
0.3264,0.5334805503652115,0.024520397104426807,0.6230677764565993,0.5603448275862069,0.5258620689655172,0.46674876847290636,0.49137931034482757
0.3266,0.5347035841685068,0.02451171644380736,0.6242568370986921,0.5578817733990148,0.5320197044334976,0.46551724137931033,0.49384236453201974
0.3268,0.5364277220995414,0.02428381089904651,0.6242568370986921,0.5578817733990148,0.5381773399014779,0.4667487684729064,0.49507389162561577
0.327,0.53641073551894,0.024372930449018566,0.6266349583828775,0.5541871921182266,0.5381773399014779,0.46798029556650245,0.49507389162561577
0.3272,0.5366655342279599,0.024336792649926813,0.6254458977407849,0.5529556650246306,0.5431034482758621,0.4667487684729064,0.4950738916256158
0.3274,0.5354594870052659,0.023857269966189375,0.6218787158145065,0.5467980295566502,0.5467980295566502,0.4642857142857143,0.49753694581280794
0.3276,0.5337353490742313,0.02464071590391786,0.6218787158145065,0.5431034482758621,0.5504926108374384,0.4605911330049261,0.4926108374384237
0.3278,0.5335060302361135,0.024327713192571793,0.6195005945303211,0.5381773399014779,0.5566502463054188,0.46305418719211827,0.49014778325123154
0.328,0.5352131815865466,0.024692466219719853,0.6218787158145065,0.541871921182266,0.5591133004926108,0.4655172413793104,0.4876847290640395
0.3282,0.5354509937149652,0.025029991371583016,0.6230677764565993,0.5381773399014779,0.5628078817733989,0.4642857142857143,0.48891625615763545
0.3284,0.5339646679123492,0.02580926153855484,0.6242568370986921,0.5332512315270936,0.564039408866995,0.45935960591133007,0.48891625615763545
0.3286,0.5359436045524035,0.025862113872530398,0.6230677764565992,0.5307881773399015,0.5738916256157636,0.4605911330049261,0.4913793103448276
0.3288,0.5367080006794632,0.025410597752200625,0.619500594530321,0.5307881773399015,0.5788177339901478,0.4630541871921182,0.4913793103448276
0.329,0.5379735009342619,0.024709567875851362,0.6147443519619501,0.5295566502463054,0.5849753694581281,0.46551724137931033,0.49507389162561577
0.3292,0.5406743672498726,0.02492781542445041,0.6159334126040429,0.5295566502463054,0.5923645320197044,0.46921182266009853,0.49630541871921185
0.3294,0.5428656361474435,0.025626526024429597,0.619500594530321,0.5283251231527093,0.5985221674876848,0.4716748768472906,0.49630541871921185
0.3296,0.5418889077628674,0.025877963130390744,0.6183115338882282,0.5258620689655172,0.5997536945812808,0.4704433497536946,0.49507389162561577
0.3298,0.5431289281467641,0.02552373383266944,0.6171224732461356,0.5233990147783252,0.6034482758620691,0.47536945812807885,0.49630541871921185
0.33,0.5436385255648039,0.02503253949020724,0.6147443519619501,0.520935960591133,0.6059113300492611,0.48152709359605916,0.49507389162561577
0.3302,0.5465687107185324,0.025932149233193424,0.6183115338882282,0.5233990147783252,0.6133004926108375,0.4852216748768473,0.4926108374384236
0.3304,0.548768472906404,0.026025987680579774,0.6206896551724138,0.5258620689655172,0.6157635467980296,0.4876847290640395,0.49384236453201974
0.3306,0.5473161202649907,0.025720842295470635,0.6171224732461356,0.520935960591133,0.6157635467980296,0.4876847290640395,0.4950738916256158
0.3308,0.5483183285204689,0.0251199837484513,0.6147443519619501,0.5221674876847291,0.6169950738916257,0.49014778325123154,0.4975369458128079
0.331,0.5507643961270596,0.024856036258947528,0.6171224732461356,0.5184729064039408,0.6194581280788177,0.4987684729064039,0.5
0.3312,0.5512485136741974,0.025326027262474078,0.6183115338882283,0.5172413793103449,0.6219211822660099,0.5012315270935961,0.4975369458128079
0.3314,0.5515033123832173,0.025909896495431274,0.6171224732461356,0.5147783251231528,0.6268472906403941,0.5024630541871922,0.4963054187192118
0.3316,0.549065738066927,0.025924665326277744,0.6135552913198573,0.5098522167487685,0.625615763546798,0.5036945812807883,0.4926108374384236
0.3318,0.550050959741804,0.02604381740094913,0.6135552913198573,0.5073891625615764,0.6280788177339901,0.5086206896551724,0.4926108374384236
0.332,0.5512570069644981,0.026619516484792136,0.6171224732461356,0.5049261083743842,0.6305418719211823,0.5073891625615764,0.49630541871921185
0.3322,0.550050959741804,0.026459786736830308,0.6135552913198573,0.5036945812807881,0.6305418719211822,0.5073891625615763,0.49507389162561577
0.3324,0.5532104637336503,0.0263702261776146,0.619500594530321,0.5012315270935961,0.6305418719211822,0.5147783251231528,0.5
0.3326,0.5522337353490743,0.026729071425440884,0.6183115338882283,0.4913793103448276,0.6305418719211822,0.5197044334975369,0.5012315270935961
0.3328,0.5519959232206557,0.025731234504539357,0.6171224732461356,0.49014778325123154,0.625615763546798,0.520935960591133,0.5061576354679803
0.333,0.5507643961270597,0.02644308591435373,0.6171224732461356,0.4827586206896552,0.625615763546798,0.5233990147783252,0.5049261083743842
0.3332,0.5512570069644981,0.027292437427606352,0.6171224732461356,0.4766009852216749,0.6293103448275863,0.5270935960591133,0.5061576354679803
0.3334,0.5510361814166809,0.026927583841283232,0.6135552913198573,0.4753694581280788,0.6293103448275863,0.5295566502463054,0.5073891625615763
0.3336,0.5522762018005777,0.026113844440617588,0.6123662306777645,0.479064039408867,0.6280788177339902,0.5344827586206897,0.5073891625615764
0.3338,0.5525394937998981,0.025528076815723624,0.6099881093935791,0.4778325123152709,0.625615763546798,0.5406403940886699,0.5086206896551725
0.334,0.552998131476134,0.024434273635630156,0.6147443519619501,0.48152709359605916,0.6169950738916257,0.5406403940886699,0.5110837438423645
0.3342,0.5532529301851538,0.024401679769296074,0.6135552913198573,0.4802955665024631,0.6157635467980296,0.5480295566502462,0.5086206896551724
0.3344,0.5505690504501445,0.025351361562526722,0.6099881093935791,0.4704433497536946,0.6157635467980296,0.5492610837438424,0.5073891625615763
0.3346,0.5483607949719722,0.024978515237590763,0.6087990487514864,0.4667487684729064,0.6083743842364532,0.5504926108374384,0.5073891625615764
0.3348,0.5483607949719722,0.025583238038937525,0.6087990487514864,0.4630541871921182,0.6071428571428572,0.5578817733990149,0.5049261083743842
0.335,0.5442330558858501,0.024807331070075836,0.600475624256837,0.45689655172413796,0.5997536945812808,0.5566502463054186,0.5073891625615763
0.3352,0.5437404450484118,0.025100125856742976,0.6004756242568371,0.45443349753694584,0.5972906403940887,0.5603448275862069,0.5061576354679803
0.3354,0.5422626125360965,0.025589632224063203,0.6004756242568371,0.44950738916256167,0.5923645320197044,0.5640394088669951,0.5049261083743842
0.3356,0.5417700016986581,0.025729678548121252,0.6004756242568371,0.44581280788177335,0.5862068965517241,0.5689655172413792,0.5073891625615764
0.3358,0.5415152029896382,0.02613258754555799,0.6016646848989298,0.4408866995073891,0.5812807881773399,0.5714285714285714,0.5123152709359606
0.336,0.5410565653134025,0.026072302438233032,0.5969084423305588,0.43965517241379304,0.5763546798029557,0.5800492610837439,0.5123152709359606
0.3362,0.5390861219636488,0.02514437008459827,0.5969084423305588,0.44211822660098526,0.562807881773399,0.58128078817734,0.5123152709359606
0.3364,0.5388398165449295,0.025101236893112965,0.596908442330559,0.44334975369458124,0.5578817733990148,0.584975369458128,0.5110837438423645
0.3366,0.5370901987429931,0.025726914040297037,0.6004756242568372,0.4408866995073891,0.5480295566502463,0.5862068965517241,0.5098522167487685
0.3368,0.5346356378461016,0.02615116384910509,0.5992865636147444,0.43596059113300495,0.5394088669950738,0.5862068965517241,0.5123152709359606
0.337,0.5353575675216579,0.026803606681984435,0.6016646848989298,0.4359605911330049,0.5320197044334976,0.5923645320197044,0.5147783251231528
0.3372,0.531909291659589,0.02668188904908401,0.6016646848989299,0.43226600985221675,0.5270935960591132,0.583743842364532,0.5147783251231528
0.3374,0.531629013079667,0.028370410558639262,0.6064209274673008,0.4273399014778325,0.520935960591133,0.5886699507389163,0.5147783251231527
0.3376,0.5323084763037201,0.03061711915166324,0.6147443519619501,0.42118226600985226,0.5172413793103448,0.5935960591133005,0.5147783251231528
0.3378,0.5305418719211824,0.032878590646872374,0.6206896551724138,0.4137931034482759,0.5086206896551724,0.5972906403940887,0.5123152709359606
0.338,0.5278664854764736,0.033422212989645976,0.6159334126040428,0.4100985221674877,0.5036945812807881,0.6009852216748768,0.5086206896551725
0.3382,0.525870562255818,0.034450409113851624,0.6195005945303211,0.4064039408866995,0.4987684729064039,0.5997536945812807,0.5049261083743843
0.3384,0.5248768472906404,0.03505749049195182,0.6206896551724137,0.4039408866995074,0.4938423645320197,0.5997536945812808,0.5061576354679803
0.3386,0.5236113470358417,0.036002719975136745,0.6254458977407846,0.4002463054187192,0.4938423645320197,0.5972906403940887,0.5012315270935961
0.3388,0.5243417700016987,0.03649821987766222,0.6266349583828775,0.4002463054187192,0.49137931034482757,0.6009852216748768,0.5024630541871922
0.339,0.5245710888398165,0.03721984753037467,0.629013079667063,0.4002463054187192,0.49014778325123154,0.604679802955665,0.498768472906404
0.3392,0.5223543400713436,0.03779399398573412,0.629013079667063,0.3953201970443349,0.4876847290640394,0.6022167487684729,0.4975369458128079
0.3394,0.5198912858841516,0.03786057819365993,0.629013079667063,0.3916256157635468,0.4864532019704434,0.5960591133004927,0.49630541871921185
0.3396,0.5196364871751316,0.0379153618279298,0.6302021403091558,0.3916256157635467,0.4926108374384237,0.5948275862068966,0.48891625615763545
0.3398,0.5174282316969594,0.037686348630978216,0.629013079667063,0.3916256157635468,0.4913793103448276,0.5911330049261083,0.4839901477832512
0.34,0.5193647018855105,0.038630091198842136,0.633769322235434,0.3916256157635468,0.49014778325123154,0.5960591133004927,0.4852216748768473
0.3402,0.5198318328520469,0.04042448235749315,0.6373365041617123,0.38669950738916253,0.4889162561576355,0.603448275862069,0.48275862068965514
0.3404,0.5190844233055885,0.04159037145111175,0.638525564803805,0.3842364532019704,0.48891625615763545,0.6083743842364532,0.4753694581280788
0.3406,0.518600305758451,0.04154138180157206,0.6373365041617123,0.3817733990147783,0.4963054187192118,0.6059113300492611,0.4716748768472907
0.3408,0.5183285204688296,0.04215856214776358,0.6409036860879905,0.3842364532019704,0.4963054187192118,0.6071428571428571,0.4630541871921182
0.341,0.5180567351792085,0.04377785955425452,0.6444708680142687,0.3768472906403941,0.5024630541871922,0.6083743842364533,0.458128078817734
0.3412,0.517513164599966,0.045209840275368104,0.6516052318668252,0.3731527093596059,0.5012315270935961,0.6071428571428572,0.45443349753694584
0.3414,0.51871921182266,0.04554639417851815,0.6551724137931034,0.37315270935960587,0.5061576354679803,0.6059113300492611,0.45320197044334976
0.3416,0.5204263631730933,0.04596605433223919,0.657550535077289,0.37192118226600984,0.5172413793103449,0.604679802955665,0.4507389162561577
0.3418,0.5189400373704773,0.0472044223247676,0.6587395957193817,0.3669950738916256,0.5258620689655172,0.6022167487684729,0.44088669950738923
0.342,0.5186597587905555,0.047878363547560567,0.6634958382877527,0.3645320197044335,0.5307881773399015,0.5960591133004927,0.43842364532019706
0.3422,0.5177000169865805,0.04744262162724786,0.6599286563614745,0.3645320197044335,0.5357142857142857,0.5923645320197044,0.4359605911330049
0.3424,0.5133174791914388,0.04702719208851567,0.652794292508918,0.3608374384236453,0.5357142857142858,0.5862068965517242,0.43103448275862066
0.3426,0.5138185833191777,0.04708747641188089,0.6516052318668252,0.35960591133004927,0.5381773399014778,0.5874384236453203,0.43226600985221675
0.3428,0.5116103278410057,0.048044255227794576,0.6504161712247325,0.35467980295566504,0.5357142857142857,0.5899014778325123,0.4273399014778325
0.343,0.5101579751995923,0.0477275691680695,0.6468489892984542,0.35467980295566504,0.5357142857142858,0.5886699507389163,0.42487684729064035
0.3432,0.5101240020383898,0.048144084927690005,0.6516052318668252,0.35344827586206895,0.5332512315270936,0.5862068965517242,0.42610837438423643
0.3434,0.5079072532699168,0.04814835169777947,0.6516052318668252,0.35467980295566504,0.5270935960591133,0.5849753694581281,0.42118226600985226
0.3436,0.5076609478511976,0.04862830910301054,0.6516052318668252,0.3497536945812808,0.5283251231527094,0.5849753694581281,0.4236453201970444
0.3438,0.5041956854085272,0.04930514480127263,0.6539833531510107,0.3472906403940887,0.5246305418719212,0.5788177339901478,0.41625615763546797
0.344,0.5046458297944624,0.050602428592848504,0.6599286563614745,0.3448275862068966,0.5209359605911331,0.5825123152709359,0.41502463054187194
0.3442,0.5043740445048411,0.05097675951625387,0.6634958382877526,0.3435960591133005,0.5246305418719213,0.5763546798029556,0.41379310344827586
0.3444,0.5046458297944623,0.05024872098105134,0.6599286563614744,0.3472906403940887,0.5258620689655172,0.5775862068965517,0.41256157635467977
0.3446,0.5070664175301511,0.050571657426505434,0.6658739595719381,0.3509852216748769,0.5283251231527094,0.5775862068965517,0.4125615763546797
0.3448,0.5031679972821471,0.05013756609578247,0.6599286563614745,0.3485221674876847,0.5246305418719213,0.5738916256157636,0.40886699507389157
0.345,0.5041362323764226,0.049813418558022,0.6623067776456599,0.35098522167487683,0.5246305418719213,0.5714285714285714,0.41133004926108374
0.3452,0.5014183794802106,0.05053837828754123,0.6634958382877527,0.3485221674876848,0.520935960591133,0.5689655172413793,0.4051724137931034
0.3454,0.5023781212841856,0.050423286142613995,0.667063020214031,0.35344827586206895,0.5197044334975369,0.5677339901477833,0.4039408866995074
0.3456,0.5011635807711908,0.04995003544065513,0.6646848989298454,0.35467980295566504,0.5221674876847291,0.562807881773399,0.4014778325123153
0.3458,0.501885510446747,0.04912086291323382,0.6670630202140309,0.36083743842364535,0.5184729064039408,0.5591133004926109,0.4039408866995074
0.346,0.5016307117377272,0.049596423955867816,0.6682520808561236,0.36083743842364535,0.5197044334975369,0.5591133004926109,0.4002463054187192
0.3462,0.5004246645150332,0.04888498703864784,0.6646848989298454,0.36206896551724144,0.5172413793103448,0.5578817733990148,0.40024630541871925
0.3464,0.49772379819942253,0.0489210993967954,0.6634958382877527,0.3633004926108375,0.5123152709359606,0.5554187192118226,0.39408866995073893
0.3466,0.4977237981994224,0.048763354180484365,0.6634958382877527,0.3669950738916256,0.5098522167487685,0.5566502463054187,0.3916256157635468
0.3468,0.49626295226770845,0.048065426093584517,0.6611177170035673,0.3669950738916256,0.5049261083743842,0.5541871921182265,0.39408866995073893
0.347,0.49456429420757597,0.04772541173103464,0.657550535077289,0.3694581280788177,0.5024630541871922,0.5541871921182265,0.3891625615763547
0.3472,0.4933752335654833,0.04727894847159313,0.6516052318668253,0.3657635467980296,0.5036945812807883,0.5554187192118226,0.3903940886699508
0.3474,0.4914132835060302,0.04734423368355294,0.6504161712247325,0.36699507389162567,0.5036945812807883,0.5517241379310346,0.3842364532019704
0.3476,0.49064888737897067,0.04839029978245294,0.6539833531510106,0.3657635467980296,0.5024630541871922,0.5517241379310345,0.37931034482758624
0.3478,0.49087820621708855,0.04887653598569695,0.6563614744351962,0.3657635467980296,0.5012315270935961,0.5529556650246306,0.37807881773399016
0.348,0.4920587735688806,0.049819464685798995,0.6634958382877527,0.3633004926108374,0.5012315270935961,0.5517241379310346,0.38054187192118233
0.3482,0.49328180737217603,0.04892145888763997,0.6646848989298454,0.37192118226600984,0.4975369458128079,0.5504926108374385,0.3817733990147783
0.3484,0.4947681331747919,0.048397988261979455,0.6634958382877526,0.37561576354679804,0.4987684729064039,0.5529556650246306,0.38300492610837433
0.3486,0.4949889587226092,0.04965332960987981,0.667063020214031,0.376847290640394,0.49507389162561577,0.5591133004926109,0.37684729064039413
0.3488,0.4925343978257176,0.04970157723058531,0.6658739595719382,0.38177339901477836,0.4876847290640394,0.5578817733990148,0.3694581280788177
0.349,0.4913368438933242,0.049023093567954534,0.6611177170035671,0.3854679802955665,0.48768472906403937,0.5566502463054187,0.3657635467980296
0.3492,0.49305248853405803,0.0482043656718862,0.6623067776456599,0.39039408866995073,0.4864532019704434,0.5554187192118226,0.3706896551724138
0.3494,0.4918549346016647,0.04760048223887781,0.657550535077289,0.39532019704433496,0.48275862068965525,0.5566502463054187,0.3669950738916256
0.3496,0.49088669950738917,0.04703543618928778,0.6551724137931035,0.39901477832512317,0.4766009852216748,0.5566502463054187,0.36699507389162567
0.3498,0.49064888737897067,0.04704004428040815,0.6539833531510107,0.4027093596059113,0.4729064039408867,0.5591133004926109,0.3645320197044335
0.35,0.4884576184813998,0.04666266623220818,0.6504161712247325,0.4014778325123153,0.4704433497536946,0.5566502463054187,0.3633004926108374
0.3502,0.4870052658399864,0.04582062815849323,0.6468489892984542,0.4014778325123153,0.46674876847290636,0.5541871921182265,0.3657635467980296
0.3504,0.48750636996772556,0.045770142690943275,0.6456599286563615,0.4014778325123153,0.4655172413793104,0.5578817733990148,0.36699507389162567
0.3506,0.48632580261593344,0.0442979718106575,0.638525564803805,0.40640394088669957,0.45935960591133007,0.5578817733990148,0.3694581280788177
0.3508,0.4831493120434856,0.044322006398582074,0.6349583828775268,0.4039408866995074,0.45320197044334976,0.5566502463054187,0.3669950738916256
0.351,0.48314081875318493,0.044426322435885006,0.6361474435196195,0.4039408866995074,0.45073891625615764,0.5566502463054187,0.3682266009852217
0.3512,0.48365890946152534,0.04372272165052045,0.6325802615933412,0.41009852216748766,0.4507389162561577,0.5578817733990148,0.3669950738916256
0.3514,0.4839137081705453,0.04345988745213606,0.6313912009512486,0.41995073891625617,0.44704433497536944,0.5578817733990148,0.36330049261083747
0.3516,0.4836843893324274,0.042838584214425206,0.6290130796670631,0.4211822660098522,0.4408866995073892,0.5591133004926109,0.3682266009852217
0.3518,0.48294547307626967,0.04323449108169159,0.629013079667063,0.4187192118226601,0.4359605911330049,0.5615763546798029,0.3694581280788177
0.352,0.4807881773399014,0.04184090418856009,0.6206896551724138,0.41995073891625617,0.43349753694581283,0.5591133004926108,0.37068965517241376
0.3522,0.4790980125700696,0.040893105846878816,0.6159334126040428,0.4236453201970444,0.4298029556650247,0.5554187192118227,0.3706896551724138
0.3524,0.4798539154068286,0.039906106750720746,0.6135552913198573,0.4248768472906404,0.43226600985221675,0.5541871921182265,0.37438423645320196
0.3526,0.4811109223713266,0.03919746024682407,0.609988109393579,0.42610837438423643,0.43349753694581283,0.5578817733990148,0.3780788177339901
0.3528,0.48331917784949885,0.038318046363576136,0.6111771700356717,0.43226600985221675,0.4359605911330049,0.5554187192118226,0.3817733990147783
0.353,0.4835569899779175,0.03750775164058962,0.6123662306777645,0.43472906403940886,0.43965517241379315,0.5480295566502463,0.3830049261083744
0.3532,0.4855189400373705,0.03696205387616367,0.6135552913198573,0.438423645320197,0.4433497536945814,0.5467980295566502,0.3854679802955665
0.3534,0.48529811448955334,0.03635218220883704,0.6099881093935791,0.4396551724137931,0.4445812807881774,0.5467980295566502,0.3854679802955665
0.3536,0.48361644301002205,0.035731631446004435,0.6040428061831153,0.4408866995073891,0.4421182266009853,0.5467980295566502,0.3842364532019704
0.3538,0.4816884661117717,0.03535621056855255,0.5980975029726516,0.4433497536945813,0.4359605911330049,0.5480295566502463,0.38300492610837433
0.354,0.4814591472736538,0.035207677930432404,0.595719381688466,0.4408866995073891,0.4359605911330049,0.5504926108374385,0.3842364532019704
0.3542,0.481705452692373,0.03545742597473306,0.595719381688466,0.437192118226601,0.43842364532019706,0.5529556650246306,0.3842364532019704
0.3544,0.4802955665024632,0.03415573288856913,0.5862068965517242,0.4433497536945813,0.4347290640394088,0.5529556650246306,0.3842364532019704
0.3546,0.4807966706302021,0.034330271067786626,0.5850178359096314,0.43842364532019706,0.4359605911330049,0.5578817733990148,0.38669950738916253
0.3548,0.48077968404960075,0.03440281773245758,0.5873959571938169,0.437192118226601,0.437192118226601,0.5554187192118227,0.38669950738916253
0.355,0.48030405979276364,0.034212401641582534,0.5850178359096314,0.43472906403940886,0.437192118226601,0.5566502463054187,0.38793103448275856
0.3552,0.4800917275352471,0.032837993937441225,0.5802615933412604,0.43226600985221675,0.4408866995073891,0.5541871921182266,0.39285714285714285
0.3554,0.47861389502293183,0.03207425967657935,0.5802615933412604,0.435960591133005,0.43965517241379304,0.5455665024630543,0.3916256157635468
0.3556,0.4781297774757941,0.031763547677372495,0.5790725326991676,0.43349753694581283,0.4408866995073891,0.5443349753694581,0.39285714285714285
0.3558,0.4788517071513504,0.03172062572742276,0.581450653983353,0.43226600985221675,0.4458128078817734,0.541871921182266,0.3928571428571429
0.356,0.4778494988958723,0.03152119121353712,0.5838287752675386,0.43349753694581283,0.4421182266009852,0.5357142857142858,0.39408866995073893
0.3562,0.4768897570918974,0.03139376859585456,0.5802615933412605,0.4285714285714286,0.4421182266009852,0.5381773399014779,0.39532019704433496
0.3564,0.47615933412604045,0.03083813148406537,0.5790725326991677,0.4248768472906404,0.4408866995073891,0.5357142857142857,0.4002463054187192
0.3566,0.47788347205707493,0.03088159745989827,0.5790725326991676,0.42610837438423643,0.4445812807881774,0.539408866995074,0.4002463054187192
0.3568,0.4783930694751146,0.030459504897463748,0.5766944114149821,0.4236453201970444,0.4445812807881773,0.541871921182266,0.4051724137931034
0.357,0.4754968574825888,0.030430234789838705,0.5683709869203329,0.4137931034482758,0.4433497536945813,0.5455665024630542,0.4064039408866995
0.3572,0.47992186172923396,0.02967473322294211,0.5695600475624257,0.4211822660098522,0.4433497536945813,0.5504926108374385,0.4150246305418719
0.3574,0.47968404960081534,0.02951915005761191,0.5683709869203329,0.41871921182266003,0.4433497536945813,0.5504926108374384,0.41748768472906406
0.3576,0.47965007643961266,0.029991330358918968,0.573127229488704,0.4236453201970444,0.43965517241379304,0.5480295566502463,0.41379310344827586
0.3578,0.4813657210803465,0.03037332045665527,0.5743162901307967,0.42610837438423643,0.43842364532019706,0.5529556650246306,0.4150246305418719
0.358,0.48331068455919823,0.03012812263550256,0.5778834720570749,0.4236453201970443,0.4408866995073891,0.5517241379310345,0.4224137931034483
0.3582,0.4847885170715135,0.029358579563483058,0.5778834720570749,0.42610837438423643,0.4421182266009852,0.5504926108374384,0.4273399014778325
0.3584,0.4865211482928487,0.029458310070336974,0.5766944114149822,0.4261083743842365,0.438423645320197,0.5566502463054187,0.4347290640394088
0.3586,0.48799048751486324,0.029155728545153446,0.5778834720570749,0.4285714285714286,0.4408866995073892,0.5566502463054187,0.43596059113300495
0.3588,0.4902072362833362,0.028582385440738864,0.577883472057075,0.4298029556650247,0.44211822660098526,0.5578817733990148,0.44334975369458135
0.359,0.4921521997621879,0.02836384976705864,0.5814506539833532,0.43349753694581283,0.4421182266009852,0.5566502463054187,0.4470443349753695
0.3592,0.4938763376932223,0.028411307550659085,0.5814506539833532,0.4347290640394088,0.43965517241379315,0.5603448275862069,0.45320197044334976
0.3594,0.4968320027178529,0.028420421564956996,0.5814506539833532,0.43842364532019706,0.4396551724137931,0.5665024630541872,0.458128078817734
0.3596,0.4983098352301682,0.028250929091007147,0.5814506539833532,0.4347290640394089,0.4433497536945812,0.5677339901477833,0.4642857142857143
0.3598,0.5024715474774928,0.027058442981951467,0.5850178359096314,0.4408866995073891,0.4495073891625616,0.5652709359605912,0.47167487684729065
0.36,0.5036860879904875,0.027745527896150597,0.5873959571938169,0.43842364532019706,0.44704433497536944,0.5677339901477833,0.47783251231527096
0.3602,0.5056565313402412,0.02783645906986003,0.5873959571938169,0.437192118226601,0.44950738916256155,0.5714285714285715,0.4827586206896552
0.3604,0.5090878206217089,0.02682314201533393,0.5897740784780023,0.4445812807881774,0.4532019704433497,0.5701970443349754,0.4876847290640394
0.3606,0.5112790895192798,0.026675221246947923,0.5933412604042807,0.4458128078817734,0.45566502463054187,0.5689655172413793,0.49261083743842365
0.3608,0.5142177679633091,0.026685946237403523,0.595719381688466,0.4445812807881774,0.45935960591133,0.5701970443349754,0.5012315270935961
0.361,0.5154323084763037,0.026810899055698095,0.5980975029726516,0.4445812807881774,0.4630541871921182,0.5714285714285714,0.5
0.3612,0.5161967046033633,0.025377882062098855,0.5945303210463734,0.4482758620689655,0.46551724137931033,0.5677339901477833,0.5049261083743842
0.3614,0.5166638355698998,0.026014682271666117,0.5980975029726516,0.4433497536945813,0.47044334975369456,0.5677339901477833,0.5036945812807883
0.3616,0.5173857652454561,0.02613720250034062,0.6004756242568371,0.4408866995073891,0.47167487684729065,0.564039408866995,0.5098522167487685
0.3618,0.5203499235603873,0.025248960485951183,0.5992865636147444,0.4470443349753695,0.47536945812807885,0.5677339901477833,0.5123152709359606
0.362,0.5230422965856973,0.024740398041862486,0.6016646848989299,0.45320197044334976,0.4778325123152709,0.5689655172413793,0.5135467980295566
0.3622,0.5240105316799728,0.025632051067730845,0.6040428061831153,0.4482758620689655,0.47783251231527096,0.5701970443349753,0.5197044334975369
0.3624,0.5264650925768642,0.026145968670278307,0.6052318668252081,0.4458128078817734,0.4802955665024631,0.5738916256157636,0.5270935960591133
0.3626,0.5279344317988789,0.02649335774111138,0.6064209274673009,0.4458128078817734,0.479064039408867,0.5751231527093597,0.5332512315270936
0.3628,0.5301596738576524,0.026541271002621776,0.605231866825208,0.4445812807881774,0.48522167487684725,0.58128078817734,0.5344827586206897
0.363,0.5308561236623068,0.028033325593602477,0.6111771700356718,0.44211822660098526,0.47906403940886705,0.5812807881773399,0.5406403940886699
0.3632,0.5328010871411585,0.02785552073622025,0.61474435196195,0.4408866995073892,0.4876847290640394,0.5788177339901478,0.541871921182266
0.3634,0.5337778155257347,0.028803612844541436,0.6159334126040428,0.43842364532019706,0.4839901477832513,0.5800492610837438,0.5504926108374384
0.3636,0.5364616952607439,0.029775309029937892,0.619500594530321,0.43719211822660103,0.48522167487684725,0.5862068965517242,0.5541871921182266
0.3638,0.5391625615763547,0.03031338336280743,0.6206896551724137,0.43719211822660103,0.48645320197044334,0.5911330049261083,0.560344827586207
0.364,0.5389502293188382,0.028730689361159488,0.6159334126040428,0.4408866995073892,0.4913793103448276,0.5886699507389163,0.5578817733990148
0.3642,0.5413793103448277,0.029219339615506525,0.6206896551724139,0.4408866995073892,0.4938423645320197,0.5886699507389163,0.562807881773399
0.3644,0.5421097333106846,0.03008389749119169,0.6218787158145065,0.43842364532019706,0.4926108374384236,0.5923645320197044,0.5652709359605911
0.3646,0.5413962969254289,0.029854625548601337,0.6183115338882283,0.43596059113300495,0.4950738916256157,0.5911330049261083,0.5665024630541872
0.3648,0.5386869373195176,0.030993516387448187,0.6183115338882283,0.4273399014778325,0.4938423645320197,0.5899014778325123,0.5640394088669951
0.365,0.5384406319007984,0.031135715079735143,0.6183115338882283,0.4285714285714286,0.4889162561576355,0.5874384236453202,0.5689655172413793
0.3652,0.5389332427382367,0.0313089808986876,0.6183115338882283,0.4273399014778325,0.49014778325123154,0.5862068965517242,0.5726600985221675
0.3654,0.53794802106336,0.03192463805987613,0.6183115338882283,0.41995073891625617,0.49507389162561577,0.58128078817734,0.5751231527093597
0.3656,0.5416001358926448,0.03191808915197227,0.6242568370986921,0.4248768472906404,0.49753694581280783,0.583743842364532,0.5775862068965517
0.3658,0.5425853575675217,0.032136458822063806,0.6242568370986921,0.4224137931034483,0.5024630541871922,0.583743842364532,0.5800492610837439
0.366,0.5464837778155257,0.03255635293214964,0.6302021403091558,0.4236453201970444,0.5086206896551724,0.583743842364532,0.5862068965517242
0.3662,0.5455070494309495,0.03323318158603106,0.629013079667063,0.4199507389162562,0.5061576354679802,0.583743842364532,0.5886699507389163
0.3664,0.5437829114999151,0.03361120886452883,0.629013079667063,0.41748768472906406,0.5036945812807881,0.5763546798029556,0.5923645320197044
0.3666,0.5428061831153389,0.03335251838758632,0.6278240190249702,0.41748768472906406,0.5036945812807881,0.5726600985221675,0.5923645320197044
0.3668,0.5435366060811958,0.03448948439965108,0.629013079667063,0.41133004926108374,0.5086206896551724,0.5701970443349753,0.5985221674876847
0.367,0.5415831493120435,0.03465733580085152,0.6266349583828775,0.4088669950738917,0.5061576354679803,0.5677339901477833,0.5985221674876847
0.3672,0.5393918804144725,0.034541315950940274,0.6230677764565993,0.4076354679802956,0.5036945812807881,0.562807881773399,0.5997536945812808
0.3674,0.5389247494479361,0.03471570795832961,0.6195005945303211,0.4039408866995074,0.5073891625615764,0.562807881773399,0.6009852216748769
0.3676,0.5394258535756752,0.03517499351594353,0.6183115338882283,0.3990147783251231,0.518472906403941,0.5566502463054187,0.604679802955665
0.3678,0.5384746050620011,0.03471770144417261,0.6135552913198573,0.39655172413793105,0.5258620689655172,0.5554187192118227,0.6009852216748769
0.368,0.537268557839307,0.03425981200061118,0.6099881093935791,0.3977832512315271,0.5270935960591133,0.5480295566502463,0.6034482758620691
0.3682,0.537039239001189,0.03426510875095614,0.6076099881093936,0.396551724137931,0.5283251231527093,0.5492610837438423,0.6034482758620691
0.3684,0.5355444199082725,0.034822606238439226,0.6099881093935791,0.39655172413793105,0.5197044334975369,0.5443349753694582,0.6071428571428571
0.3686,0.5350603023611347,0.03540326486245527,0.6087990487514863,0.3916256157635467,0.5221674876847291,0.5467980295566502,0.605911330049261
0.3688,0.535051809070834,0.035695502827306796,0.6099881093935791,0.38916256157635465,0.5246305418719212,0.5480295566502463,0.6034482758620691
0.369,0.5314166808221505,0.03509130397822189,0.6016646848989299,0.38916256157635465,0.5197044334975369,0.541871921182266,0.604679802955665
0.3692,0.5307032444368949,0.03528978574998067,0.5980975029726516,0.3854679802955665,0.5233990147783251,0.5431034482758621,0.603448275862069
0.3694,0.530975029726516,0.03563337166223426,0.5945303210463734,0.38300492610837433,0.5270935960591133,0.5443349753694582,0.6059113300492611
0.3696,0.5307202310174961,0.03474637054423651,0.595719381688466,0.3866995073891626,0.5283251231527093,0.54064039408867,0.6022167487684729
0.3698,0.5319517581110922,0.03372619295428367,0.595719381688466,0.39039408866995073,0.5307881773399016,0.5467980295566502,0.5960591133004927
0.37,0.5309835230168167,0.03295140645949309,0.5933412604042806,0.39162561576354676,0.5332512315270935,0.5455665024630542,0.5911330049261084
0.3702,0.5314931204348564,0.032631390669957565,0.5909631391200951,0.3916256157635468,0.5369458128078818,0.5504926108374384,0.5874384236453203
0.3704,0.5307711907593001,0.03365790452504428,0.5885850178359096,0.3854679802955665,0.539408866995074,0.5517241379310345,0.5886699507389163
0.3706,0.5317394258535757,0.03372632556403247,0.5909631391200951,0.3854679802955665,0.5406403940886699,0.5566502463054187,0.5849753694581281
0.3708,0.5307626974689994,0.03355551119706847,0.5897740784780023,0.3842364532019704,0.5431034482758621,0.5578817733990148,0.5788177339901478
0.371,0.5312468150161372,0.03462129833701562,0.5909631391200951,0.3793103448275862,0.5455665024630542,0.5640394088669951,0.5763546798029557
0.3712,0.5297859690844232,0.03371975219833656,0.5885850178359096,0.38177339901477825,0.5443349753694582,0.5615763546798029,0.5726600985221675
0.3714,0.5300322745031425,0.034223726492822064,0.5885850178359097,0.3793103448275862,0.5467980295566502,0.5652709359605912,0.5701970443349754
0.3716,0.5310174961780193,0.034140053382463044,0.5885850178359096,0.38054187192118233,0.5480295566502462,0.5665024630541872,0.5714285714285714
0.3718,0.5298114489553254,0.03413431499271868,0.5850178359096314,0.37931034482758624,0.5455665024630543,0.5665024630541872,0.5726600985221676
0.372,0.5271445558009173,0.0339253090036472,0.5790725326991677,0.3768472906403941,0.5467980295566502,0.5652709359605912,0.5677339901477833
0.3722,0.5276201800577544,0.034234896309164924,0.581450653983353,0.3768472906403941,0.541871921182266,0.5738916256157636,0.5640394088669951
0.3724,0.5253949379989808,0.03505057528911654,0.582639714625446,0.37068965517241376,0.5443349753694582,0.5701970443349753,0.5591133004926109
0.3726,0.526142347545439,0.03597338816826691,0.5814506539833532,0.36699507389162556,0.5480295566502463,0.5751231527093597,0.5591133004926109
0.3728,0.5249447936130457,0.035479885581343795,0.5766944114149821,0.36822660098522164,0.5443349753694581,0.5775862068965517,0.5578817733990148
0.373,0.5252335654832683,0.03518994622613784,0.5707491082045184,0.37068965517241376,0.5443349753694581,0.5874384236453202,0.5529556650246306
0.3732,0.522269407168337,0.035882262040126796,0.5719381688466112,0.3657635467980295,0.543103448275862,0.5886699507389164,0.541871921182266
0.3734,0.5215304909121794,0.03689893329553767,0.5719381688466112,0.3608374384236453,0.5431034482758621,0.5911330049261083,0.5406403940886699
0.3736,0.5225326991676577,0.03745258595597289,0.5695600475624257,0.35960591133004927,0.5455665024630542,0.5960591133004927,0.541871921182266
0.3738,0.5232631221335144,0.03722815681034385,0.5707491082045184,0.3620689655172414,0.5443349753694581,0.5985221674876847,0.5406403940886699
0.374,0.5215814506539833,0.03696096563537516,0.5648038049940548,0.3620689655172414,0.5418719211822659,0.5997536945812807,0.539408866995074
0.3742,0.5208425343978258,0.03627202074883574,0.5648038049940547,0.3657635467980295,0.5381773399014779,0.6009852216748768,0.5344827586206897
0.3744,0.5208934941396297,0.03479074192724767,0.5576694411414983,0.37315270935960587,0.539408866995074,0.6022167487684729,0.5320197044334976
0.3746,0.520409376592492,0.034156714097055924,0.5564803804994055,0.37684729064039413,0.5381773399014779,0.603448275862069,0.5270935960591133
0.3748,0.5216239171054867,0.0341651940612964,0.558858501783591,0.3793103448275862,0.5357142857142857,0.6071428571428572,0.5270935960591133
0.375,0.5223798199422456,0.034016148275080135,0.5564803804994055,0.38177339901477836,0.5332512315270935,0.6108374384236454,0.5295566502463054
0.3752,0.5238746390351622,0.033284794866636824,0.5541022592152199,0.3866995073891625,0.5357142857142857,0.6120689655172413,0.5307881773399015
0.3754,0.5224137931034483,0.03360855263704404,0.5517241379310345,0.3854679802955665,0.5332512315270936,0.6145320197044334,0.5270935960591133
0.3756,0.5219296755563104,0.03279508410956635,0.5505350772889417,0.38916256157635465,0.5307881773399015,0.6133004926108374,0.5258620689655172
0.3758,0.5219551554272125,0.03280616908665259,0.5469678953626635,0.38793103448275856,0.5344827586206897,0.6120689655172413,0.5283251231527094
0.376,0.5236708000679464,0.03319270996201696,0.5481569560047562,0.38916256157635465,0.5307881773399015,0.6169950738916256,0.5332512315270936
0.3762,0.5248768472906404,0.033207232338010095,0.5517241379310345,0.3916256157635468,0.5246305418719212,0.6194581280788177,0.5369458128078819
0.3764,0.5251571258705623,0.032155896787313974,0.5469678953626634,0.39778325123152714,0.520935960591133,0.6194581280788177,0.5406403940886699
0.3766,0.5251910990317649,0.03199768504741553,0.5422116527942925,0.4014778325123153,0.5160098522167488,0.6231527093596059,0.5431034482758621
0.3768,0.5254374044504841,0.03158923792050597,0.5422116527942925,0.4051724137931034,0.5135467980295567,0.624384236453202,0.541871921182266
0.377,0.5256922031595039,0.03055423381729407,0.5410225921521997,0.41009852216748766,0.5123152709359606,0.6219211822660098,0.5431034482758621
0.3772,0.5247239680652285,0.0313015910895568,0.5386444708680141,0.4100985221674877,0.5024630541871922,0.625615763546798,0.5467980295566502
0.3774,0.5247154747749277,0.03127823870270732,0.5398335315101069,0.41379310344827586,0.4963054187192118,0.6280788177339902,0.5455665024630543
0.3776,0.5237217598097503,0.031634134182994746,0.5410225921521997,0.41379310344827586,0.48891625615763545,0.6280788177339902,0.5467980295566504
0.3778,0.5237217598097503,0.0321534178226872,0.5410225921521997,0.4125615763546798,0.48645320197044334,0.6293103448275862,0.5492610837438424
0.378,0.5232291489723119,0.030739558502899104,0.5410225921521997,0.4199507389162561,0.4802955665024631,0.6231527093596059,0.5517241379310345
0.3782,0.5232206556820111,0.03137591436217823,0.5422116527942925,0.417487684729064,0.4802955665024631,0.6256157635467979,0.5504926108374384
0.3784,0.5246984881943264,0.03299369801829677,0.5422116527942925,0.4150246305418719,0.47660098522167493,0.6317733990147784,0.5578817733990148
0.3786,0.5242143706471887,0.03467189009706657,0.5410225921521997,0.41256157635467977,0.4679802955665025,0.6366995073891626,0.562807881773399
0.3788,0.5239935450993716,0.035594422090151304,0.5374554102259216,0.41379310344827586,0.46305418719211827,0.6428571428571428,0.562807881773399
0.379,0.5227535247154748,0.03714304801417014,0.5386444708680143,0.417487684729064,0.4445812807881773,0.645320197044335,0.5677339901477833
0.3792,0.5237387463903517,0.038563804952522845,0.5386444708680143,0.41625615763546797,0.43965517241379315,0.6490147783251232,0.5751231527093597
0.3794,0.5237387463903517,0.0407796292484365,0.5386444708680143,0.4088669950738916,0.43472906403940886,0.6527093596059113,0.583743842364532
0.3796,0.5235009342619331,0.041868473074529795,0.5374554102259216,0.4076354679802956,0.42980295566502463,0.6551724137931034,0.5874384236453202
0.3798,0.5237217598097503,0.044333225586961233,0.5410225921521997,0.4051724137931034,0.417487684729064,0.6588669950738917,0.5960591133004927
0.38,0.5227620180057755,0.045298062288290177,0.5374554102259216,0.4064039408866995,0.4088669950738916,0.6564039408866995,0.604679802955665
0.3802,0.5232121623917105,0.046524131904599704,0.5434007134363853,0.4064039408866995,0.4014778325123152,0.6588669950738917,0.6059113300492611
0.3804,0.5241634109053848,0.04688688890336173,0.5481569560047562,0.4064039408866995,0.4002463054187192,0.6600985221674877,0.6059113300492611
0.3806,0.5227025649736708,0.04753097130218859,0.5457788347205708,0.4064039408866995,0.3940886699507389,0.6588669950738917,0.6083743842364532
0.3808,0.5224562595549516,0.04801080001308228,0.5457788347205708,0.4076354679802956,0.39039408866995073,0.6613300492610836,0.6071428571428571
0.381,0.5234075080686258,0.04898538502324097,0.5505350772889417,0.4088669950738916,0.3842364532019705,0.6600985221674877,0.6133004926108374
0.3812,0.5260913878036352,0.049772992268755166,0.5541022592152199,0.40763546798029554,0.3866995073891626,0.666256157635468,0.6157635467980296
0.3814,0.5260828945133345,0.04900542303923451,0.5552913198573127,0.4088669950738916,0.38916256157635465,0.6650246305418719,0.6120689655172413
0.3816,0.5260828945133345,0.04980480987867034,0.5552913198573127,0.4051724137931034,0.3879310344827586,0.6637931034482759,0.6182266009852218
0.3818,0.5267963308985901,0.050762819508032804,0.558858501783591,0.4051724137931035,0.3842364532019704,0.6687192118226601,0.6169950738916257
0.382,0.529921861729234,0.05286777555530231,0.5695600475624256,0.40394088669950745,0.3793103448275862,0.6773399014778324,0.6194581280788178
0.3822,0.5316205197893664,0.054556874329347006,0.573127229488704,0.3990147783251232,0.37807881773399016,0.6822660098522167,0.625615763546798
0.3824,0.5321131306268049,0.0557788787169197,0.573127229488704,0.39901477832512317,0.3731527093596059,0.685960591133005,0.6293103448275862
0.3826,0.5333531510107015,0.05607536112565914,0.5719381688466111,0.40270935960591137,0.37068965517241376,0.6847290640394089,0.6366995073891626
0.3828,0.5328095804314591,0.0565005035859913,0.5790725326991677,0.4002463054187192,0.3682266009852217,0.6859605911330049,0.6305418719211822
0.383,0.5335230168167148,0.05639320731867414,0.5826397146254458,0.4002463054187192,0.3694581280788177,0.6859605911330049,0.6293103448275862
0.3832,0.5354594870052658,0.05704823287346512,0.5873959571938168,0.4002463054187192,0.3682266009852217,0.6834975369458127,0.6379310344827587
0.3834,0.5378800747409546,0.05703453445160697,0.5933412604042806,0.4027093596059113,0.3694581280788177,0.6822660098522167,0.6416256157635468
0.3836,0.5403346356378461,0.05674735127975999,0.5945303210463733,0.4039408866995074,0.37438423645320196,0.6822660098522167,0.646551724137931
0.3838,0.5456769152369628,0.055720141009648456,0.6052318668252081,0.4125615763546798,0.3805418719211823,0.6822660098522169,0.6477832512315271
0.384,0.54859011381009,0.056113963077133074,0.6111771700356718,0.416256157635468,0.3805418719211823,0.687192118226601,0.647783251231527
0.3842,0.5507898759979617,0.0567347062268143,0.6135552913198573,0.41625615763546797,0.38177339901477836,0.6921182266009853,0.6502463054187192
0.3844,0.551987429930355,0.05606044680481352,0.6183115338882282,0.41871921182266014,0.3842364532019704,0.6884236453201971,0.6502463054187192
0.3846,0.5539408866995075,0.056822825583066186,0.6206896551724138,0.4199507389162562,0.38300492610837444,0.6921182266009852,0.6539408866995073
0.3848,0.5576099881093934,0.05641716602764201,0.624256837098692,0.42487684729064046,0.38793103448275856,0.6970443349753694,0.6539408866995073
0.385,0.5563869543060982,0.056521232373143875,0.6230677764565993,0.4211822660098522,0.3879310344827587,0.6933497536945812,0.6564039408866994
0.3852,0.5576099881093934,0.05725612752706129,0.624256837098692,0.4224137931034483,0.3854679802955665,0.6958128078817734,0.6600985221674877
0.3854,0.5605146933922202,0.05795195472195735,0.6313912009512486,0.42364532019704426,0.3854679802955665,0.6970443349753694,0.6650246305418719
0.3856,0.5617547137761169,0.05751960622608025,0.6302021403091558,0.42610837438423643,0.38793103448275856,0.6958128078817735,0.66871921182266
0.3858,0.5615169016476983,0.05710010657031545,0.629013079667063,0.43103448275862066,0.3854679802955665,0.6945812807881773,0.6674876847290641
0.386,0.5625021233225752,0.057198398083378225,0.6290130796670631,0.4285714285714285,0.38916256157635465,0.6970443349753694,0.66871921182266
0.3862,0.5642007813827077,0.0563917922932453,0.6325802615933412,0.4273399014778325,0.39655172413793105,0.689655172413793,0.6748768472906403
0.3864,0.564192288092407,0.05694601812198662,0.6337693222354339,0.4211822660098522,0.39901477832512317,0.687192118226601,0.6798029556650246
0.3866,0.5659164260234416,0.056218793676442176,0.633769322235434,0.4224137931034483,0.4051724137931034,0.6884236453201971,0.6798029556650247
0.3868,0.566655342279599,0.05482458901473529,0.633769322235434,0.4224137931034482,0.4137931034482759,0.6847290640394089,0.6785714285714285
0.387,0.5669101409886189,0.054247799518087905,0.6325802615933412,0.4224137931034483,0.41748768472906406,0.6798029556650246,0.6822660098522167
0.3872,0.5661967046033634,0.0545710371281696,0.6290130796670631,0.4211822660098522,0.41625615763546797,0.6773399014778325,0.687192118226601
0.3874,0.5656956004756243,0.0550580712747278,0.6302021403091559,0.417487684729064,0.416256157635468,0.6736453201970444,0.6908866995073892
0.3876,0.5649821640903687,0.055663669627120195,0.6266349583828775,0.41133004926108374,0.41871921182266014,0.6724137931034483,0.6958128078817735
0.3878,0.5632495328690335,0.05562221463352801,0.6278240190249703,0.41009852216748766,0.416256157635468,0.6674876847290641,0.6945812807881775
0.388,0.562281297774758,0.055837517687666816,0.6254458977407847,0.4076354679802956,0.41625615763546797,0.6650246305418719,0.6970443349753696
0.3882,0.56230677764566,0.05598986640374855,0.6218787158145065,0.40394088669950734,0.4199507389162561,0.6687192118226601,0.6970443349753694
0.3884,0.5635552913198574,0.055339479192953935,0.619500594530321,0.4051724137931034,0.42610837438423643,0.6650246305418719,0.7019704433497538
0.3886,0.563088160353321,0.054865117851128034,0.6159334126040428,0.4051724137931034,0.4285714285714286,0.6637931034482759,0.7019704433497538
0.3888,0.5620944453881433,0.05388317995812505,0.6171224732461356,0.4064039408866995,0.4298029556650247,0.6600985221674878,0.6970443349753694
0.389,0.5591302870732122,0.054488985212529,0.6183115338882282,0.3990147783251231,0.4273399014778325,0.6576354679802956,0.6933497536945812
0.3892,0.5571683370137591,0.05401408968405598,0.6171224732461356,0.396551724137931,0.4285714285714286,0.6527093596059113,0.6908866995073891
0.3894,0.5569305248853407,0.05351917015520985,0.6159334126040428,0.39655172413793105,0.4310344827586207,0.6514778325123153,0.689655172413793
0.3896,0.5593426193307287,0.05292510229143996,0.6230677764565994,0.39655172413793105,0.43965517241379315,0.6440886699507389,0.6933497536945813
0.3898,0.5605996262952267,0.051945396751500894,0.6195005945303211,0.4014778325123153,0.44334975369458124,0.644088669950739,0.6945812807881773
0.39,0.5589094615253949,0.050390025543040624,0.6147443519619501,0.4051724137931034,0.4458128078817734,0.6354679802955665,0.6933497536945812
0.3902,0.5579242398505181,0.04975484430838726,0.6147443519619501,0.4064039408866995,0.4458128078817734,0.6317733990147782,0.6908866995073891
0.3904,0.5550110412773909,0.048615989261352244,0.6087990487514863,0.4064039408866995,0.44950738916256155,0.6169950738916257,0.6933497536945813
0.3906,0.5521233225751657,0.048457755465917664,0.5992865636147444,0.40270935960591125,0.44950738916256155,0.6182266009852218,0.6908866995073891
0.3908,0.5462629522677085,0.047211247517437264,0.5921521997621879,0.3990147783251232,0.4482758620689655,0.6108374384236452,0.6810344827586207
0.391,0.5460506200101919,0.047148598585546146,0.5873959571938169,0.39532019704433496,0.45443349753694584,0.6108374384236452,0.6822660098522166
0.3912,0.5433667402751825,0.047081928563058414,0.5838287752675386,0.39039408866995073,0.45689655172413796,0.603448275862069,0.6822660098522167
0.3914,0.539459826736878,0.04545204345282796,0.5790725326991677,0.38916256157635465,0.46059113300492616,0.5935960591133005,0.6748768472906403
0.3916,0.5370477322914897,0.04471058012105776,0.5719381688466112,0.38916256157635465,0.4630541871921182,0.5862068965517242,0.6748768472906403
0.3918,0.5363088160353321,0.043319658962314954,0.5719381688466112,0.39285714285714285,0.4667487684729064,0.5775862068965516,0.6724137931034483
0.392,0.5312043485646339,0.041830889339298856,0.5624256837098692,0.39039408866995073,0.4716748768472907,0.5652709359605911,0.6662561576354679
0.3922,0.5270511296076099,0.040666063763235547,0.5576694411414982,0.3879310344827586,0.47413793103448265,0.5566502463054187,0.6588669950738916
0.3924,0.5238746390351622,0.04054834380639531,0.5541022592152199,0.38177339901477836,0.4766009852216748,0.5529556650246306,0.6539408866995073
0.3926,0.5246475284525225,0.04017630407182912,0.549346016646849,0.3830049261083744,0.4839901477832512,0.5504926108374384,0.6564039408866995
0.3928,0.5239425853575674,0.04001542388273693,0.544589774078478,0.3842364532019705,0.48891625615763556,0.541871921182266,0.6600985221674877
0.393,0.5210548666553423,0.039674907990482226,0.535077288941736,0.38177339901477836,0.4926108374384237,0.5381773399014779,0.6576354679802955
0.3932,0.5183624936300323,0.03861846069984561,0.5326991676575505,0.3793103448275862,0.4938423645320197,0.5381773399014778,0.647783251231527
0.3934,0.5159503991846441,0.03791358480191434,0.525564803804994,0.3780788177339901,0.49753694581280794,0.5357142857142858,0.6428571428571428
0.3936,0.5145065398335315,0.03832541813173015,0.5208085612366231,0.37561576354679804,0.4987684729064039,0.5332512315270936,0.6440886699507388
0.3938,0.5138100900288773,0.039812369446740103,0.5148632580261594,0.3694581280788177,0.5024630541871922,0.5332512315270936,0.6490147783251232
0.394,0.5099116697808731,0.03857772241379364,0.5089179548156956,0.3719211822660099,0.5036945812807883,0.5209359605911331,0.644088669950739
0.3942,0.5082215050110412,0.038025747073817465,0.5041617122473246,0.37315270935960587,0.5049261083743842,0.5172413793103449,0.6416256157635468
0.3944,0.5067861389502293,0.03860736518851203,0.4982164090368609,0.36822660098522164,0.5086206896551724,0.5184729064039408,0.6403940886699508
0.3946,0.5068370986920333,0.03852245833627576,0.49108204518430437,0.3706896551724138,0.5147783251231528,0.5160098522167488,0.6416256157635468
0.3948,0.5056055715984372,0.0390709392424096,0.49108204518430437,0.3657635467980295,0.5110837438423645,0.5197044334975369,0.6403940886699507
0.395,0.5073382028197724,0.0395976293239451,0.4898929845422117,0.3694581280788178,0.5098522167487685,0.5197044334975369,0.647783251231527
0.3952,0.5056395447596398,0.039137331268786074,0.48632580261593344,0.3706896551724137,0.5061576354679803,0.5197044334975369,0.645320197044335
0.3954,0.5061576354679803,0.04060828706351587,0.48275862068965514,0.3694581280788177,0.5061576354679803,0.5184729064039408,0.6539408866995075
0.3956,0.5051809070834041,0.040953027105605035,0.48156956004756235,0.3669950738916256,0.5061576354679803,0.5172413793103449,0.6539408866995075
0.3958,0.5061576354679803,0.03954563705124907,0.48275862068965514,0.37192118226600984,0.5110837438423645,0.5160098522167488,0.6490147783251231
0.396,0.5078732801087141,0.039575186966941255,0.4839476813317479,0.37561576354679804,0.5086206896551724,0.518472906403941,0.6527093596059114
0.3962,0.5095719381688466,0.03882083266120206,0.4875148632580261,0.3768472906403941,0.5147783251231527,0.519704433497537,0.6490147783251232
0.3964,0.5117971802276202,0.03824280945270267,0.48632580261593344,0.3817733990147783,0.5184729064039408,0.5233990147783252,0.6490147783251232
0.3966,0.5161967046033633,0.03855651393575796,0.49108204518430437,0.38669950738916253,0.5246305418719213,0.5221674876847291,0.6564039408866995
0.3968,0.520358416850688,0.03773339690510642,0.4946492271105826,0.39408866995073893,0.5320197044334976,0.5233990147783252,0.6576354679802956
0.397,0.5213436385255648,0.03860640329782077,0.49464922711058273,0.3928571428571428,0.5283251231527093,0.5283251231527094,0.6625615763546798
0.3972,0.5208680142687276,0.03798916802236915,0.49227110582639716,0.396551724137931,0.5270935960591132,0.5270935960591133,0.6613300492610837
0.3974,0.5235688805843385,0.03842198567590472,0.4934601664684899,0.4014778325123153,0.5270935960591134,0.5270935960591133,0.66871921182266
0.3976,0.525038219806353,0.039014438340573936,0.4946492271105827,0.40394088669950734,0.5233990147783252,0.5283251231527094,0.6748768472906403
0.3978,0.5313996942415492,0.03996442027220061,0.5005945303210464,0.4088669950738916,0.5246305418719213,0.5369458128078818,0.6859605911330049
0.398,0.5318923050789877,0.04088823970323065,0.5005945303210464,0.4076354679802956,0.5233990147783252,0.5369458128078818,0.6908866995073892
0.3982,0.5336079497197215,0.04146094392039479,0.5017835909631391,0.4088669950738917,0.5246305418719212,0.5369458128078818,0.6958128078817734
0.3984,0.5346186512655002,0.04241972867113114,0.4982164090368609,0.4100985221674877,0.5233990147783252,0.5394088669950738,0.7019704433497537
0.3986,0.5365806013249533,0.04188768093630292,0.4994054696789536,0.4137931034482759,0.5295566502463055,0.5381773399014778,0.7019704433497537
0.3988,0.5375573297095294,0.041426224519967574,0.5005945303210464,0.41748768472906406,0.5283251231527094,0.5394088669950738,0.7019704433497537
0.399,0.5387888568031255,0.04254391881038355,0.5005945303210464,0.41502463054187194,0.5258620689655172,0.5455665024630542,0.7068965517241379
0.3992,0.5397655851877017,0.041926209624864416,0.5017835909631392,0.4199507389162562,0.5258620689655172,0.5443349753694582,0.7068965517241379
0.3994,0.5419398675046714,0.04268595318586931,0.5077288941736029,0.4224137931034483,0.5221674876847291,0.5431034482758622,0.7142857142857143
0.3996,0.5424324783421097,0.04372985502474328,0.5077288941736029,0.4187192118226601,0.520935960591133,0.5467980295566502,0.7179802955665024
0.3998,0.5438933242738238,0.04415247986826467,0.5101070154577884,0.4236453201970443,0.5184729064039408,0.5431034482758621,0.7241379310344829
0.4,0.5475624256837099,0.04422914175400778,0.5136741973840666,0.4285714285714286,0.522167487684729,0.5443349753694581,0.729064039408867
0.4002,0.5477917445218278,0.04449820910728559,0.5160523186682521,0.4273399014778325,0.5221674876847291,0.5431034482758621,0.7302955665024631
0.4004,0.5500084932903007,0.0441837167294638,0.5160523186682521,0.4285714285714286,0.5307881773399015,0.5443349753694581,0.7302955665024631
0.4006,0.551460845931714,0.04325614222607799,0.5196195005945303,0.43226600985221675,0.5307881773399015,0.5467980295566502,0.7278325123152709
0.4008,0.5516901647698319,0.044768431107660635,0.5219976218787158,0.4273399014778325,0.5295566502463054,0.5455665024630542,0.7339901477832512
0.401,0.5534058094105656,0.04354916459693787,0.5231866825208085,0.43349753694581283,0.5246305418719212,0.5554187192118226,0.7302955665024631
0.4012,0.5558179038559538,0.042623500327468256,0.5303210463733651,0.43842364532019706,0.5246305418719212,0.5566502463054187,0.729064039408867
0.4014,0.5560472226940717,0.04192552105662587,0.5326991676575505,0.44211822660098515,0.5197044334975369,0.5591133004926108,0.7266009852216749
0.4016,0.5570409376592492,0.04217236440713102,0.5315101070154578,0.4470443349753695,0.5160098522167488,0.5603448275862069,0.7302955665024631
0.4018,0.5568116188211313,0.042304492245688656,0.5291319857312723,0.4482758620689655,0.5160098522167488,0.5591133004926108,0.7315270935960592
0.402,0.5543825377951418,0.040286447983398165,0.5243757431629014,0.45689655172413796,0.5123152709359605,0.5554187192118226,0.7229064039408866
0.4022,0.5551129607609988,0.039090723424655895,0.525564803804994,0.45935960591133007,0.5147783251231527,0.5578817733990148,0.7179802955665024
0.4024,0.5529641583149312,0.03879129089966156,0.5160523186682521,0.45566502463054187,0.5197044334975369,0.5603448275862069,0.7130541871921182
0.4026,0.5514863258026159,0.03757979429343108,0.5160523186682521,0.4605911330049261,0.5123152709359606,0.5615763546798029,0.706896551724138
0.4028,0.5480550365211483,0.03794879586859394,0.5136741973840666,0.4519704433497537,0.5110837438423645,0.5603448275862069,0.7032019704433498
0.403,0.5465602174282317,0.03643413378133122,0.5160523186682521,0.4532019704433498,0.5086206896551724,0.560344827586207,0.6945812807881774
0.4032,0.5448445727874979,0.0343398148130475,0.5148632580261594,0.45689655172413796,0.5110837438423645,0.5566502463054188,0.6847290640394089
0.4034,0.5462799388483098,0.03285336740057652,0.5208085612366231,0.46182266009852224,0.5110837438423645,0.5578817733990148,0.6798029556650246
0.4036,0.5443094954985561,0.03292573728882139,0.5208085612366231,0.45812807881773393,0.5086206896551724,0.5566502463054187,0.6773399014778324
0.4038,0.5415746560217427,0.03476707610343083,0.5243757431629013,0.44704433497536944,0.5036945812807883,0.5517241379310345,0.6810344827586207
0.404,0.5413198573127229,0.03504756422663581,0.525564803804994,0.44334975369458124,0.5,0.5591133004926109,0.6785714285714286
0.4042,0.5413283506030238,0.034106730379698025,0.5243757431629014,0.4470443349753695,0.5,0.560344827586207,0.6748768472906405
0.4044,0.537922541192458,0.03333768236831714,0.5184304399524375,0.4458128078817734,0.4975369458128079,0.560344827586207,0.6674876847290641
0.4046,0.5386444708680143,0.032400340718065655,0.5208085612366231,0.4458128078817734,0.5061576354679803,0.5554187192118227,0.665024630541872
0.4048,0.5379140479021572,0.03187618954095786,0.5196195005945303,0.4470443349753695,0.5061576354679803,0.5541871921182265,0.6625615763546798
0.405,0.5342364532019704,0.029006371778065285,0.5172413793103448,0.4519704433497537,0.5049261083743842,0.5492610837438424,0.6477832512315272
0.4052,0.5339901477832513,0.028075792767660666,0.5172413793103448,0.45320197044334976,0.5061576354679803,0.5504926108374385,0.6428571428571429
0.4054,0.5354679802955664,0.02750560003779771,0.5172413793103448,0.45689655172413796,0.5073891625615763,0.5541871921182266,0.6416256157635468
0.4056,0.5339986410735518,0.027401069963972575,0.516052318668252,0.4556650246305419,0.5049261083743841,0.5541871921182265,0.6391625615763546
0.4058,0.5327671139799559,0.026719612134325162,0.5160523186682521,0.45320197044334976,0.5086206896551724,0.5517241379310345,0.6342364532019704
0.406,0.5325123152709359,0.026538423055536827,0.5172413793103449,0.4544334975369458,0.5049261083743841,0.5529556650246306,0.6330049261083743
0.4062,0.5313232546288432,0.025667303928551873,0.511296076099881,0.45566502463054187,0.5086206896551724,0.5529556650246306,0.6280788177339901
0.4064,0.5313147613385426,0.025462509231353285,0.5124851367419738,0.458128078817734,0.5073891625615764,0.5492610837438424,0.6293103448275862
0.4066,0.5325293018515372,0.025562678983270914,0.5148632580261594,0.45935960591133007,0.5061576354679803,0.5517241379310345,0.6305418719211823
0.4068,0.5313232546288432,0.0257710909854087,0.5112960760998811,0.4593596059113301,0.5036945812807881,0.5517241379310345,0.6305418719211823
0.407,0.5315610667572618,0.024073644880073877,0.5124851367419738,0.4655172413793104,0.5061576354679803,0.5480295566502463,0.625615763546798
0.4072,0.529845422116528,0.023536776730982784,0.5112960760998811,0.4630541871921182,0.5073891625615763,0.5467980295566504,0.6206896551724137
0.4074,0.5293528112790895,0.0223279908246658,0.511296076099881,0.4667487684729064,0.5098522167487685,0.541871921182266,0.6169950738916256
0.4076,0.5317903855953796,0.022036972594367103,0.5148632580261594,0.46798029556650245,0.5135467980295567,0.5455665024630543,0.6169950738916256
0.4078,0.5315355868863598,0.021574347008471804,0.5160523186682521,0.46674876847290636,0.5147783251231528,0.5467980295566502,0.6133004926108374
0.408,0.530575845082385,0.020540649898908366,0.5124851367419738,0.4692118226600985,0.5172413793103448,0.5455665024630542,0.6083743842364532
0.4082,0.5273993545099371,0.019960632285392698,0.5089179548156957,0.46798029556650245,0.5160098522167488,0.5406403940886699,0.6034482758620691
0.4084,0.5293613045693901,0.01897718327450987,0.5101070154577884,0.4741379310344828,0.5184729064039408,0.541871921182266,0.6022167487684729
0.4086,0.5281127908951928,0.01753321656239787,0.5124851367419738,0.4766009852216749,0.5184729064039408,0.5369458128078818,0.5960591133004927
0.4088,0.5256497367080006,0.017603232898826884,0.5124851367419738,0.4679802955665025,0.5184729064039408,0.5406403940886699,0.5886699507389163
0.409,0.525666723288602,0.01731430336872698,0.5101070154577884,0.4667487684729064,0.5246305418719212,0.541871921182266,0.5849753694581281
0.4092,0.524936300322745,0.016972702841324808,0.5089179548156956,0.4655172413793104,0.5258620689655172,0.5443349753694582,0.5800492610837439
0.4094,0.5244267029047053,0.016645399000162264,0.5112960760998811,0.4642857142857143,0.5270935960591132,0.541871921182266,0.5775862068965517
0.4096,0.5205028027857993,0.01699438159584208,0.5089179548156956,0.4568965517241379,0.5221674876847291,0.5443349753694581,0.5701970443349754
0.4098,0.5180822150501105,0.01655734824396227,0.5029726516052319,0.45689655172413796,0.5233990147783252,0.5406403940886699,0.5665024630541872
0.41,0.5178189230507899,0.018395771159569755,0.5053507728894174,0.44704433497536944,0.5270935960591133,0.5394088669950738,0.5701970443349753
0.4102,0.5183455070494309,0.019612929143444802,0.5005945303210464,0.4445812807881773,0.5283251231527093,0.5443349753694582,0.5738916256157636
0.4104,0.5173942585357567,0.020797810460543523,0.49583828775267536,0.4396551724137931,0.5307881773399015,0.5455665024630543,0.5751231527093595
0.4106,0.5154153218957023,0.022387278934684368,0.4970273483947681,0.4285714285714286,0.5332512315270935,0.5431034482758621,0.5751231527093595
0.4108,0.5139374893833871,0.023058747910741865,0.4970273483947681,0.4224137931034483,0.5357142857142858,0.5431034482758621,0.5714285714285714
0.411,0.5139374893833871,0.024120867894523414,0.49702734839476814,0.41871921182266014,0.5332512315270936,0.5443349753694582,0.5763546798029556
0.4112,0.5119840326142346,0.02488832146034292,0.4946492271105826,0.41379310344827586,0.5307881773399015,0.5443349753694581,0.5763546798029557
0.4114,0.5114829284864957,0.0259226618322293,0.49583828775267547,0.4088669950738917,0.5270935960591133,0.5467980295566504,0.5788177339901477
0.4116,0.5090283675896042,0.026121333796654087,0.4946492271105827,0.4064039408866995,0.5197044334975369,0.5455665024630542,0.5788177339901479
0.4118,0.5070409376592492,0.026513485164056574,0.49702734839476814,0.4014778325123153,0.5184729064039408,0.5394088669950738,0.5788177339901478
0.412,0.507525055206387,0.026534097548842294,0.49821640903686093,0.4014778325123153,0.5172413793103449,0.5431034482758621,0.5775862068965517
0.4122,0.5067776456599287,0.02709448424569736,0.49940546967895366,0.39778325123152714,0.5160098522167488,0.5431034482758621,0.5775862068965516
0.4124,0.5062850348224902,0.027325482300641902,0.4994054696789536,0.39532019704433496,0.5172413793103449,0.5443349753694582,0.5751231527093597
0.4126,0.5040597927637167,0.028192984553259897,0.5005945303210464,0.3879310344827587,0.5160098522167488,0.5431034482758621,0.5726600985221675
0.4128,0.504051299473416,0.030493156312721457,0.5017835909631392,0.37684729064039413,0.520935960591133,0.5455665024630542,0.5751231527093597
0.413,0.5030660777985392,0.030613401052379814,0.5017835909631392,0.37438423645320196,0.5197044334975369,0.5504926108374384,0.5689655172413793
0.4132,0.5013249532869033,0.03256604042051359,0.5041617122473245,0.36330049261083747,0.5184729064039408,0.5504926108374384,0.5701970443349754
0.4134,0.4993545099371497,0.03286128412350882,0.5041617122473246,0.35960591133004927,0.5160098522167488,0.5492610837438424,0.5677339901477833
0.4136,0.49566842194666216,0.03294786945888493,0.5029726516052319,0.35591133004926107,0.5086206896551725,0.5443349753694581,0.5665024630541872
0.4138,0.49589774078478,0.03369292351553025,0.5053507728894173,0.35221674876847286,0.5098522167487685,0.5455665024630543,0.5665024630541872
0.414,0.4944538814336674,0.033423044365891545,0.5005945303210463,0.35221674876847286,0.5110837438423645,0.5431034482758621,0.5652709359605911
0.4142,0.495422116527943,0.034247736188581616,0.5029726516052319,0.3497536945812808,0.5110837438423645,0.5443349753694582,0.5689655172413793
0.4144,0.49247494479361303,0.03425099447848499,0.5017835909631391,0.3460591133004926,0.5110837438423645,0.5369458128078818,0.5665024630541872
0.4146,0.49094615253949375,0.03545617477250067,0.5089179548156956,0.33866995073891626,0.5061576354679803,0.5332512315270935,0.5677339901477833
0.4148,0.4913962969254289,0.03607228797675934,0.5148632580261593,0.3374384236453202,0.49630541871921185,0.5406403940886699,0.5677339901477833
0.415,0.4899524375743162,0.0366817638969696,0.5101070154577884,0.3349753694581281,0.49261083743842365,0.5406403940886699,0.5714285714285714
0.4152,0.4884576184813997,0.03617468402529942,0.5124851367419738,0.33620689655172414,0.4864532019704434,0.5381773399014779,0.5689655172413793
0.4154,0.4887209104807203,0.03585072586126264,0.5101070154577884,0.33990147783251234,0.4827586206896552,0.5381773399014779,0.5726600985221676
0.4156,0.48625785629352813,0.03550112971996683,0.5101070154577882,0.33990147783251234,0.4778325123152709,0.5307881773399016,0.5726600985221675
0.4158,0.4889842024800409,0.03450943438801965,0.5077288941736029,0.3485221674876848,0.479064039408867,0.5332512315270935,0.5763546798029557
0.416,0.48676745371156793,0.034398321890026756,0.5077288941736029,0.3472906403940887,0.47413793103448276,0.5307881773399015,0.5738916256157636
0.4162,0.4875233565483268,0.03349816015457259,0.5053507728894173,0.35344827586206895,0.4729064039408867,0.5307881773399015,0.5751231527093597
0.4164,0.4848564633939188,0.03286420180889159,0.4994054696789536,0.35467980295566504,0.46921182266009853,0.5283251231527093,0.5726600985221675
0.4166,0.48295396636657034,0.032282395573303244,0.48989298454221164,0.35837438423645324,0.46798029556650245,0.522167487684729,0.5763546798029556
0.4168,0.48467810429760494,0.0307905551350685,0.48989298454221164,0.36699507389162567,0.4692118226600986,0.5221674876847291,0.5751231527093597
0.417,0.48546798029556654,0.03131742162721553,0.48275862068965514,0.3706896551724138,0.46921182266009853,0.5197044334975369,0.5849753694581281
0.4172,0.48475454391031086,0.03002528401910197,0.4791914387633769,0.37684729064039413,0.4667487684729064,0.5197044334975369,0.58128078817734
0.4174,0.4818328520468829,0.029463990128520155,0.47443519619500596,0.3780788177339902,0.4642857142857143,0.5123152709359605,0.5800492610837439
0.4176,0.4845591982333956,0.028907927861679613,0.47205707491082044,0.3879310344827587,0.4655172413793104,0.5110837438423645,0.5862068965517241
0.4178,0.4872770511296077,0.030316501051784794,0.47086801426872765,0.39039408866995073,0.46428571428571425,0.5135467980295567,0.5972906403940887
0.418,0.48607100390691355,0.030339963618100832,0.4673008323424495,0.3916256157635468,0.46305418719211827,0.5098522167487685,0.5985221674876847
0.4182,0.4880414472566673,0.029288127597540178,0.46730083234244946,0.3990147783251232,0.4642857142857143,0.5123152709359606,0.5972906403940886
0.4184,0.4897570918974011,0.029353542145145402,0.46848989298454224,0.40394088669950745,0.4667487684729064,0.5061576354679803,0.6034482758620691
0.4186,0.48932393409206726,0.029362491444025935,0.46016646848989295,0.41133004926108374,0.4655172413793104,0.5024630541871922,0.6071428571428572
0.4188,0.49203329369797866,0.0280841649662425,0.46016646848989295,0.4224137931034483,0.46921182266009853,0.5012315270935961,0.6071428571428572
0.419,0.49159164260234417,0.02813862582594538,0.4530321046373365,0.4285714285714286,0.4716748768472907,0.49507389162561577,0.6096059113300493
0.4192,0.49234754543910314,0.02848580029394881,0.45065398335315104,0.4359605911330049,0.4716748768472907,0.48891625615763545,0.6145320197044335
0.4194,0.49409716324103964,0.027283444202134632,0.4470868014268728,0.4421182266009852,0.47536945812807885,0.49630541871921185,0.6096059113300493
0.4196,0.4953541702055376,0.026492634012333843,0.4435196195005945,0.45320197044334976,0.4778325123152709,0.4938423645320197,0.6083743842364532
0.4198,0.49636487175131644,0.026210229466276925,0.4399524375743163,0.458128078817734,0.4802955665024631,0.4963054187192118,0.6071428571428571
0.42,0.49517581110922376,0.026192769153010644,0.4340071343638526,0.46182266009852224,0.4778325123152709,0.4975369458128079,0.604679802955665
0.4202,0.4947341600135893,0.02725042776667764,0.4268727705112961,0.46798029556650245,0.47660098522167493,0.49384236453201974,0.6083743842364532
0.4204,0.49351961950059453,0.026978609032085706,0.4244946492271106,0.4704433497536945,0.47783251231527096,0.48891625615763545,0.6059113300492611
0.4206,0.4957363682690675,0.027108178761692824,0.42449464922711067,0.48152709359605905,0.47783251231527096,0.48645320197044334,0.6083743842364532
0.4208,0.49454730762697474,0.028424764049220917,0.41854934601664684,0.4802955665024631,0.4766009852216749,0.4852216748768473,0.6120689655172413
0.421,0.49752845252250727,0.029645414373420668,0.4149821640903686,0.49014778325123154,0.47660098522167493,0.4876847290640394,0.6182266009852216
0.4212,0.5007134363852557,0.03002825193059777,0.41736028537455416,0.4938423645320197,0.480295566502463,0.48891625615763545,0.623152709359606
0.4214,0.4992525904535417,0.02931129504671991,0.41498216409036864,0.4975369458128079,0.4815270935960591,0.48522167487684725,0.6169950738916257
0.4216,0.49927807032444366,0.029321059772166713,0.4114149821640904,0.5024630541871922,0.4815270935960591,0.4864532019704433,0.6145320197044335
0.4218,0.4993035501953457,0.02908028331318711,0.40784780023781214,0.5110837438423645,0.48275862068965525,0.4852216748768473,0.6096059113300493
0.422,0.4990827246475285,0.029286809875284373,0.4042806183115339,0.5098522167487685,0.4802955665024631,0.4926108374384236,0.6083743842364532
0.4222,0.5015372855444199,0.029933045565258054,0.4054696789536267,0.5073891625615763,0.4827586206896552,0.49753694581280783,0.6145320197044335
0.4224,0.5005690504501444,0.030625178666868105,0.4030915576694412,0.5073891625615764,0.4852216748768473,0.49014778325123154,0.6169950738916256
0.4226,0.4996008153558689,0.031210084822694075,0.4007134363852557,0.5073891625615764,0.4802955665024631,0.4913793103448276,0.6182266009852216
0.4228,0.4971632410395787,0.03209785861569473,0.39714625445897744,0.5098522167487685,0.46674876847290636,0.4938423645320197,0.6182266009852216
0.423,0.4944963478851707,0.032552362163785514,0.39120095124851373,0.5086206896551724,0.46428571428571425,0.49261083743842365,0.6157635467980296
0.4232,0.4935366060811959,0.032488298433490145,0.3876337693222355,0.5036945812807881,0.46674876847290636,0.49630541871921185,0.6133004926108375
0.4234,0.49481909291659587,0.03326235988862651,0.380499405469679,0.5086206896551724,0.4704433497536946,0.5024630541871922,0.6120689655172413
0.4236,0.4984797010361814,0.03379367697744886,0.38525564803804996,0.5110837438423645,0.46921182266009853,0.5073891625615763,0.6194581280788177
0.4238,0.497256667232886,0.03397777614315073,0.3840665873959572,0.5123152709359605,0.4642857142857143,0.5073891625615763,0.6182266009852216
0.424,0.4955834890436555,0.03564534475036896,0.3769322235434007,0.5147783251231527,0.45689655172413796,0.5086206896551724,0.6206896551724138
0.4242,0.49632240529981314,0.03580727192988954,0.3769322235434007,0.5147783251231527,0.45320197044334976,0.5172413793103448,0.6194581280788177
0.4244,0.4963308985901138,0.03530144666123492,0.37574316290130794,0.5123152709359606,0.4556650246305418,0.5233990147783252,0.6145320197044335
0.4246,0.49706981484627144,0.03568863403676467,0.37574316290130794,0.5110837438423645,0.4556650246305419,0.5258620689655173,0.6169950738916256
0.4248,0.49778325123152706,0.03599498995824561,0.3793103448275862,0.5110837438423645,0.45073891625615764,0.5270935960591133,0.6206896551724137
0.425,0.4970613215559707,0.03765472721188437,0.3769322235434007,0.5110837438423645,0.4408866995073891,0.5307881773399015,0.625615763546798
0.4252,0.49630541871921185,0.038268602186013696,0.3793103448275862,0.5098522167487685,0.43349753694581283,0.5295566502463054,0.6293103448275862
0.4254,0.49802106335994567,0.03857317458063772,0.380499405469679,0.5135467980295566,0.4310344827586207,0.5357142857142857,0.6293103448275862
0.4256,0.4975624256837099,0.0398767832440419,0.37574316290130794,0.5086206896551724,0.42980295566502463,0.5406403940886699,0.6330049261083743
0.4258,0.4997706811618821,0.04092899341378496,0.3769322235434007,0.5036945812807881,0.4298029556650246,0.5492610837438423,0.6391625615763546
0.426,0.5010107015457789,0.04167277074610412,0.37574316290130794,0.5073891625615763,0.4273399014778325,0.5541871921182266,0.6403940886699507
0.4262,0.5010276881263802,0.04356545548378781,0.3733650416171225,0.5061576354679803,0.41995073891625617,0.5591133004926109,0.6465517241379309
0.4264,0.5029981314761338,0.04443535363180287,0.3733650416171224,0.5098522167487685,0.41748768472906406,0.5652709359605911,0.6490147783251231
0.4266,0.5035162221844742,0.045399663472634855,0.3697978596908442,0.5110837438423645,0.41625615763546797,0.5701970443349753,0.6502463054187191
0.4268,0.5047477492780703,0.04627939314846305,0.3697978596908442,0.5110837438423644,0.4137931034482759,0.5763546798029557,0.6527093596059113
0.427,0.5074571088839817,0.04682412273368773,0.36979785969084433,0.5160098522167487,0.41625615763546797,0.5775862068965517,0.6576354679802956
0.4272,0.5067266859181248,0.047036926875189636,0.3686087990487515,0.5135467980295566,0.41502463054187194,0.5800492610837438,0.6564039408866995
0.4274,0.5054951588245287,0.047841701734271,0.36860879904875143,0.5123152709359606,0.4088669950738916,0.5775862068965517,0.6600985221674878
0.4276,0.5060217428231697,0.048929388247732485,0.3638525564803805,0.5123152709359606,0.4088669950738916,0.583743842364532,0.6613300492610839
0.4278,0.5055121454051299,0.04931480292322089,0.36623067776456597,0.5098522167487685,0.40270935960591137,0.5886699507389163,0.6600985221674878
0.428,0.5065058603703074,0.050688433832744136,0.3650416171224732,0.5073891625615764,0.4002463054187192,0.5948275862068966,0.6650246305418719
0.4282,0.5077119075930016,0.05174091622205522,0.36860879904875155,0.5024630541871921,0.39655172413793105,0.5997536945812808,0.6711822660098523
0.4284,0.5076949210124002,0.05182793002466095,0.3709869203329369,0.5061576354679802,0.39039408866995073,0.603448275862069,0.6674876847290641
0.4286,0.5069475114659419,0.05193943143597864,0.3721759809750297,0.5,0.39039408866995073,0.6022167487684729,0.6699507389162561
0.4288,0.5062085952097843,0.05344483133248751,0.3721759809750297,0.4987684729064039,0.38177339901477836,0.603448275862069,0.6748768472906405
0.429,0.5052148802446068,0.05317565615879948,0.3733650416171225,0.501231527093596,0.37807881773399016,0.6009852216748768,0.6724137931034484
0.4292,0.5044674706981483,0.05399882406278309,0.37455410225921515,0.4987684729064039,0.37192118226600984,0.603448275862069,0.6736453201970443
0.4294,0.5042126719891286,0.05428875868799912,0.37574316290130794,0.4975369458128079,0.3694581280788177,0.603448275862069,0.6748768472906403
0.4296,0.5027518260574146,0.05493358976150222,0.3733650416171225,0.4938423645320197,0.3669950738916256,0.603448275862069,0.6761083743842364
0.4298,0.5012655002547988,0.053914225943269375,0.37455410225921526,0.49137931034482757,0.3682266009852217,0.6009852216748768,0.6711822660098522
0.43,0.5012485136741974,0.05426889986756678,0.3769322235434007,0.48891625615763545,0.36699507389162567,0.5960591133004927,0.6773399014778326
0.4302,0.5024630541871921,0.05403359332130351,0.3793103448275862,0.4839901477832512,0.3719211822660099,0.5972906403940886,0.6798029556650246
0.4304,0.5043570579242399,0.05322064128752091,0.39001189060642094,0.47906403940886694,0.37315270935960587,0.5997536945812808,0.6798029556650247
0.4306,0.5048241888907763,0.053320782618603006,0.3935790725326992,0.47536945812807885,0.373152709359606,0.5997536945812808,0.6822660098522167
0.4308,0.504807202310175,0.05211857112592392,0.3959571938168847,0.480295566502463,0.3731527093596059,0.5985221674876847,0.6761083743842364
0.431,0.5064803804994055,0.05056441787132026,0.4030915576694411,0.4839901477832512,0.3756157635467981,0.5985221674876847,0.6711822660098523
0.4312,0.5052063869543061,0.04886245286559666,0.4090368608799049,0.47536945812807885,0.37931034482758624,0.5997536945812808,0.6625615763546798
0.4314,0.5047137761168676,0.04937631421229476,0.4090368608799049,0.4704433497536946,0.37931034482758624,0.5985221674876847,0.666256157635468
0.4316,0.5042041786988279,0.04820216791834243,0.4114149821640904,0.46674876847290636,0.3842364532019705,0.5948275862068966,0.6637931034482759
0.4318,0.5058773568880585,0.04785198084777701,0.41854934601664684,0.4679802955665025,0.3842364532019705,0.5911330049261084,0.6674876847290641
0.432,0.5055970783081366,0.04645714955063021,0.4233055885850179,0.46674876847290636,0.3866995073891626,0.5886699507389164,0.6625615763546798
0.4322,0.5050874808900968,0.04489869514825773,0.42568370986920334,0.46551724137931033,0.3916256157635468,0.5849753694581281,0.6576354679802956
0.4324,0.5045948700526584,0.045410393702853005,0.42568370986920334,0.46921182266009853,0.3854679802955665,0.5849753694581281,0.6576354679802956
0.4326,0.5026329199932054,0.043814753466762,0.4244946492271105,0.4716748768472907,0.3879310344827587,0.5775862068965517,0.6514778325123153
0.4328,0.5016052318668252,0.042347922576307144,0.4304399524375743,0.47413793103448276,0.3854679802955665,0.5738916256157636,0.6440886699507389
0.433,0.49963478851707155,0.04213108891463247,0.4304399524375744,0.4729064039408868,0.38177339901477836,0.5738916256157636,0.6391625615763546
0.4332,0.49740954645829794,0.04065236546857206,0.4316290130796671,0.47536945812807885,0.3805418719211823,0.5689655172413792,0.6305418719211823
0.4334,0.49667912349244103,0.039270805782924176,0.4304399524375744,0.48152709359605916,0.38177339901477836,0.5677339901477833,0.6219211822660098
0.4336,0.4966196704603364,0.03811358055822034,0.43876337693222356,0.4852216748768473,0.37807881773399016,0.5665024630541872,0.6145320197044335
0.4338,0.4966026838797351,0.03837635304575838,0.4411414982164091,0.48275862068965514,0.3768472906403941,0.5652709359605912,0.6169950738916257
0.434,0.496602683879735,0.03793433770777079,0.441141498216409,0.4864532019704434,0.3768472906403941,0.5640394088669951,0.6145320197044336
0.4342,0.49338372685578397,0.03661428861716184,0.44351961950059454,0.4839901477832512,0.37561576354679804,0.5554187192118226,0.6083743842364532
0.4344,0.49408017666043824,0.03618703377877925,0.44946492271105826,0.49014778325123154,0.3731527093596059,0.5492610837438423,0.6083743842364532
0.4346,0.49407168337013757,0.03525839397903318,0.450653983353151,0.49261083743842365,0.37561576354679804,0.5455665024630542,0.6059113300492611
0.4348,0.4935450993714965,0.034142923483325927,0.45541022592152197,0.49384236453201974,0.3768472906403941,0.5381773399014778,0.603448275862069
0.435,0.49379140479021577,0.03418135502542012,0.455410225921522,0.4963054187192118,0.37684729064039413,0.5357142857142858,0.604679802955665
0.4352,0.4949974520129099,0.032692882901185,0.4589774078478003,0.498768472906404,0.38300492610837444,0.5320197044334976,0.602216748768473
0.4354,0.4991251910990317,0.03206085940416069,0.46730083234244946,0.5,0.39039408866995073,0.5295566502463054,0.6083743842364532
0.4356,0.4991421776796331,0.030184064923587887,0.464922711058264,0.5049261083743842,0.39655172413793105,0.5295566502463055,0.5997536945812808
0.4358,0.5008578223203669,0.029124272406355824,0.4661117717003567,0.5086206896551724,0.4002463054187192,0.5357142857142857,0.5935960591133006
0.436,0.5040852726346187,0.03056071478878695,0.46254458977407853,0.5160098522167488,0.4014778325123153,0.5369458128078818,0.603448275862069
0.4362,0.5087565822999831,0.03042387018214791,0.46373365041617126,0.5283251231527094,0.4051724137931035,0.5443349753694582,0.602216748768473
0.4364,0.5068201121114321,0.029407707306700632,0.4589774078478003,0.5283251231527094,0.40763546798029554,0.5455665024630543,0.5935960591133005
0.4366,0.5114829284864957,0.029188972713797914,0.46135552913198574,0.541871921182266,0.4125615763546798,0.5480295566502463,0.5935960591133005
0.4368,0.5139374893833871,0.029550080395392888,0.4625445897740785,0.5467980295566502,0.41379310344827586,0.5504926108374384,0.5960591133004927
0.437,0.5132155597078307,0.029737146295087804,0.460166468489893,0.5480295566502463,0.4137931034482758,0.5467980295566502,0.5972906403940886
0.4372,0.5144470868014268,0.02894597169603136,0.460166468489893,0.5554187192118227,0.41871921182266014,0.5443349753694582,0.5935960591133005
0.4374,0.5146933922201462,0.029093706108589107,0.460166468489893,0.5578817733990148,0.41748768472906406,0.5467980295566504,0.5911330049261084
0.4376,0.5156871071853235,0.028464323451682795,0.4589774078478002,0.5591133004926108,0.4224137931034483,0.5492610837438423,0.5886699507389163
0.4378,0.5137676235773739,0.028939780681238,0.4518430439952437,0.5615763546798029,0.4211822660098522,0.5504926108374384,0.583743842364532
0.438,0.5145235264141329,0.02845061335433286,0.44946492271105826,0.5652709359605912,0.42610837438423643,0.5529556650246306,0.5788177339901478
0.4382,0.5152624426702904,0.027786574092367917,0.4494649227110583,0.5677339901477833,0.4310344827586207,0.5504926108374384,0.5775862068965517
0.4384,0.5135298114489555,0.02702301407240987,0.45065398335315104,0.5652709359605912,0.4310344827586207,0.5455665024630542,0.5751231527093597
0.4386,0.5157380669271276,0.02635758674016484,0.4518430439952438,0.5689655172413792,0.43719211822660103,0.5480295566502463,0.5726600985221675
0.4388,0.5166893154408018,0.025647371414458362,0.4565992865636147,0.5701970443349753,0.4384236453201971,0.5480295566502462,0.5701970443349754
0.439,0.5176745371156787,0.02577288738815095,0.4565992865636148,0.5738916256157636,0.43965517241379315,0.5492610837438424,0.5689655172413793
0.4392,0.5191778494988959,0.026751083356628392,0.45303210463733645,0.5738916256157636,0.4408866995073892,0.5504926108374385,0.5775862068965517
0.4394,0.5198912858841516,0.025619983373240424,0.45659928656361476,0.5726600985221675,0.44581280788177347,0.5455665024630542,0.5788177339901478
0.4396,0.5201206047222694,0.02501417870647526,0.4589774078478002,0.5751231527093597,0.4470443349753695,0.5455665024630543,0.5738916256157636
0.4398,0.5218362493630032,0.02518735151104592,0.46016646848989295,0.5812807881773399,0.44950738916256155,0.5431034482758621,0.5751231527093597
0.44,0.5211058263971463,0.024892737050634307,0.4589774078478002,0.5849753694581281,0.45073891625615764,0.5443349753694581,0.5665024630541872
0.4402,0.5211228129777477,0.024285822463983787,0.4565992865636148,0.5849753694581281,0.45689655172413796,0.541871921182266,0.5652709359605912
0.4404,0.5216409036860881,0.025044008864448783,0.4530321046373365,0.5911330049261082,0.45812807881773404,0.5443349753694582,0.5615763546798029
0.4406,0.519653473755733,0.024262710913308592,0.455410225921522,0.5837438423645319,0.45443349753694584,0.5455665024630542,0.5591133004926108
0.4408,0.5181756412434178,0.024836399511114358,0.455410225921522,0.5862068965517241,0.4495073891625616,0.5418719211822661,0.5578817733990149
0.441,0.5169441141498217,0.024240058831954202,0.45541022592152197,0.5849753694581281,0.4507389162561577,0.539408866995074,0.5541871921182266
0.4412,0.5159843723458468,0.0244733496082916,0.4518430439952437,0.5874384236453202,0.45197044334975367,0.539408866995074,0.5492610837438424
0.4414,0.5132665194496349,0.02365593625721972,0.45303210463733656,0.5849753694581281,0.4507389162561577,0.5369458128078818,0.5406403940886699
0.4416,0.5110922371326652,0.024440665592483438,0.4470868014268728,0.5874384236453203,0.4495073891625616,0.5344827586206896,0.5369458128078818
0.4418,0.5090793273314083,0.022276332884678424,0.4530321046373365,0.5788177339901478,0.4507389162561577,0.5320197044334976,0.5307881773399015
0.442,0.5083489043655511,0.022945150268606655,0.45184304399524383,0.5800492610837439,0.44704433497536944,0.5332512315270936,0.5295566502463054
0.4422,0.5068795651435366,0.022495511536156858,0.450653983353151,0.5800492610837438,0.4495073891625616,0.5307881773399015,0.5233990147783252
0.4424,0.5059028367589604,0.022339181249541946,0.4494649227110582,0.5800492610837438,0.4507389162561576,0.5295566502463054,0.5197044334975369
0.4426,0.5029471717343299,0.02109932503814404,0.44946492271105826,0.5738916256157635,0.45197044334975367,0.5258620689655173,0.5135467980295567
0.4428,0.5007219296755563,0.02021626474161373,0.450653983353151,0.5714285714285714,0.45320197044334976,0.5209359605911329,0.5073891625615764
0.443,0.49806352981144897,0.020023535231579653,0.4435196195005946,0.5652709359605912,0.45443349753694584,0.5221674876847291,0.5049261083743842
0.4432,0.49804654323084757,0.019144373720016136,0.44589774078478006,0.5652709359605911,0.45935960591133007,0.5184729064039408,0.5012315270935961
0.4434,0.4948360794971972,0.01859259271704923,0.4470868014268728,0.564039408866995,0.458128078817734,0.5098522167487685,0.49507389162561577
0.4436,0.49212671989128587,0.017566734561411793,0.4470868014268728,0.5591133004926108,0.46182266009852224,0.5073891625615763,0.4852216748768473
0.4438,0.4901392899609308,0.016694850937833617,0.4494649227110583,0.5578817733990147,0.46674876847290636,0.49753694581280783,0.479064039408867
0.444,0.4898759979616104,0.015834931071640024,0.4518430439952438,0.5554187192118227,0.46921182266009853,0.49261083743842365,0.4802955665024631
0.4442,0.4881688466111772,0.015217940915929125,0.44946492271105826,0.5504926108374384,0.4692118226600985,0.4901477832512316,0.48152709359605916
0.4444,0.4864277220995413,0.013827810101458613,0.4518430439952438,0.5443349753694582,0.47413793103448276,0.4778325123152709,0.4839901477832512
0.4446,0.48423645320197045,0.015583173712944293,0.4482758620689655,0.5504926108374384,0.4778325123152709,0.4667487684729065,0.4778325123152709
0.4448,0.4842449464922711,0.016283597889632673,0.44708680142687274,0.5529556650246306,0.4839901477832512,0.4642857142857143,0.47290640394088673
0.445,0.4847715304909122,0.01692405513133614,0.4423305588585018,0.5529556650246306,0.4852216748768473,0.458128078817734,0.4852216748768473
0.4452,0.4847375573297096,0.015379975020627821,0.4470868014268728,0.5467980295566502,0.4852216748768473,0.45935960591133007,0.4852216748768473
0.4454,0.484474265330389,0.01522549964688609,0.4494649227110583,0.5455665024630542,0.4913793103448276,0.45689655172413796,0.479064039408867
0.4456,0.4849583828775267,0.015252329137338512,0.450653983353151,0.5455665024630542,0.49630541871921185,0.458128078817734,0.47413793103448276
0.4458,0.484975369458128,0.016103929728324078,0.4482758620689655,0.5455665024630543,0.5024630541871921,0.45197044334975367,0.4766009852216749
0.446,0.4859605911330049,0.01658350807083504,0.4482758620689656,0.5480295566502463,0.5049261083743842,0.45197044334975367,0.4766009852216749
0.4462,0.4862068965517242,0.016944667162556593,0.4482758620689656,0.5467980295566502,0.5098522167487685,0.4482758620689655,0.47783251231527096
0.4464,0.48889077628673344,0.01646789898766368,0.4518430439952438,0.5455665024630542,0.5160098522167488,0.45197044334975367,0.479064039408867
0.4466,0.489128588415152,0.015983059036061738,0.45303210463733645,0.5431034482758621,0.5184729064039408,0.4556650246305419,0.47536945812807885
0.4468,0.4881433667402752,0.015336443207374708,0.4530321046373365,0.539408866995074,0.5172413793103448,0.4568965517241379,0.47413793103448276
0.447,0.487166638355699,0.0161083099880756,0.4518430439952438,0.5381773399014778,0.520935960591133,0.45073891625615764,0.47413793103448276
0.4472,0.4910820451843044,0.01612266333890635,0.455410225921522,0.5332512315270936,0.5357142857142857,0.4568965517241379,0.47413793103448276
0.4474,0.49058943434686597,0.015528938372437405,0.455410225921522,0.5283251231527094,0.5357142857142858,0.4568965517241379,0.4766009852216748
0.4476,0.4906064209274673,0.01577432172325867,0.4530321046373365,0.5246305418719212,0.5394088669950738,0.4568965517241379,0.479064039408867
0.4478,0.49181246815016133,0.015994606147240097,0.4565992865636147,0.5258620689655172,0.543103448275862,0.45935960591133007,0.47413793103448276
0.448,0.4918379480210634,0.017205940512050724,0.4530321046373365,0.5270935960591133,0.5480295566502463,0.458128078817734,0.4729064039408867
0.4482,0.49034312892814674,0.016523593578692257,0.45541022592152197,0.5246305418719213,0.5443349753694582,0.456896551724138,0.4704433497536946
0.4484,0.4893918804144725,0.016881419855897462,0.450653983353151,0.520935960591133,0.5455665024630542,0.45320197044334976,0.4766009852216748
0.4486,0.4872091048072023,0.01739650363860602,0.44589774078478,0.5233990147783251,0.541871921182266,0.4495073891625616,0.47536945812807885
0.4488,0.4847885170715135,0.01777768570998717,0.43995243757431635,0.5233990147783252,0.5394088669950738,0.4495073891625616,0.47167487684729065
0.449,0.48744691693562087,0.017775913231416248,0.4470868014268728,0.5283251231527093,0.541871921182266,0.4519704433497538,0.46798029556650245
0.4492,0.4859945642942076,0.01796117208349447,0.4435196195005945,0.5320197044334976,0.5369458128078818,0.45320197044334976,0.4642857142857143
0.4494,0.48549346016646855,0.01722014807438981,0.4447086801426873,0.5283251231527094,0.5357142857142858,0.45566502463054187,0.4630541871921182
0.4496,0.4843128928146765,0.016692833842264002,0.43757431629013077,0.5233990147783252,0.5332512315270936,0.46182266009852224,0.4655172413793104
0.4498,0.4833361644301003,0.016257673399684515,0.43638525564803804,0.520935960591133,0.5307881773399015,0.4667487684729065,0.4618226600985222
0.45,0.48405809410565653,0.01568957220709755,0.4387633769322235,0.5221674876847291,0.5283251231527093,0.4667487684729065,0.4642857142857143
0.4502,0.48309835230168163,0.015788882752920907,0.4351961950059453,0.5258620689655172,0.5221674876847291,0.46798029556650245,0.4642857142857143
0.4504,0.48308985901138096,0.015371017780505045,0.43638525564803804,0.5270935960591132,0.518472906403941,0.4679802955665025,0.4655172413793104
0.4506,0.4830813657210803,0.015588987696585056,0.43757431629013077,0.5307881773399015,0.5160098522167488,0.4692118226600986,0.46182266009852213
0.4508,0.48062680482418896,0.014741188165421231,0.43638525564803804,0.5270935960591133,0.5086206896551725,0.47167487684729065,0.45935960591133007
0.451,0.48086461695260746,0.014532655570409463,0.43757431629013077,0.5307881773399015,0.5024630541871922,0.4716748768472906,0.4618226600985222
0.4512,0.4830304059792764,0.013572196049979899,0.4447086801426873,0.5307881773399015,0.5024630541871922,0.47413793103448276,0.4630541871921182
0.4514,0.4847460506200102,0.013719997112741748,0.44589774078478,0.5332512315270936,0.5036945812807883,0.47660098522167493,0.4642857142857143
0.4516,0.4874384236453201,0.013550827882469878,0.44827586206896547,0.5381773399014779,0.49876847290640397,0.48275862068965514,0.46921182266009853
0.4518,0.4886869373195176,0.012995975342379609,0.44589774078478006,0.5332512315270936,0.49630541871921185,0.4963054187192118,0.47167487684729065
0.452,0.4889587226091387,0.013882801963403461,0.44233055885850175,0.5357142857142857,0.49507389162561577,0.5,0.4716748768472906
0.4522,0.4855614064888738,0.01486766902927518,0.4351961950059453,0.5344827586206896,0.4913793103448276,0.5,0.4667487684729065
0.4524,0.4867674537115678,0.014394088024469483,0.4387633769322235,0.5344827586206896,0.4852216748768473,0.5049261083743842,0.47044334975369456
0.4526,0.4852896211992526,0.014181493798378079,0.43876337693222356,0.5332512315270936,0.479064039408867,0.5036945812807881,0.47167487684729065
0.4528,0.48744691693562087,0.013518867046058978,0.44708680142687274,0.5381773399014778,0.47536945812807885,0.4987684729064039,0.4778325123152709
0.453,0.4890946152539494,0.011762893699691667,0.4577883472057075,0.5332512315270936,0.4692118226600986,0.5,0.4852216748768473
0.4532,0.49007134363852567,0.012259960257900715,0.4589774078478003,0.5320197044334976,0.46305418719211827,0.5073891625615764,0.48891625615763545
0.4534,0.4896127059622897,0.012406279125411767,0.4542211652794292,0.5258620689655172,0.4630541871921182,0.5135467980295566,0.49137931034482757
0.4536,0.489833531510107,0.013636281624065417,0.4577883472057075,0.5307881773399015,0.4519704433497537,0.5110837438423645,0.4975369458128079
0.4538,0.49177849498895876,0.014174497959648324,0.46135552913198574,0.5381773399014778,0.45197044334975367,0.5098522167487685,0.49753694581280794
0.454,0.49052998131476133,0.015116305489063155,0.4637336504161712,0.5381773399014778,0.4421182266009852,0.5049261083743842,0.5036945812807883
0.4542,0.4942075760149482,0.016937122665630983,0.4661117717003567,0.5443349753694582,0.437192118226601,0.5098522167487685,0.5135467980295566
0.4544,0.4978766774248344,0.017797701477723325,0.469678953626635,0.5467980295566502,0.4359605911330049,0.5135467980295567,0.5233990147783252
0.4546,0.4954136232376423,0.017827531661714958,0.469678953626635,0.541871921182266,0.4310344827586207,0.5135467980295567,0.520935960591133
0.4548,0.4985816205197894,0.019629302564992273,0.47443519619500596,0.5480295566502463,0.4248768472906404,0.5221674876847291,0.5233990147783252
0.455,0.4997961610327842,0.02041564539573675,0.4768133174791914,0.5467980295566502,0.42118226600985226,0.5246305418719212,0.5295566502463054
0.4552,0.5010107015457789,0.02120963663350593,0.479191438763377,0.5517241379310345,0.4187192118226601,0.5283251231527093,0.5270935960591133
0.4554,0.5002378121284184,0.02141541878226522,0.4839476813317479,0.5517241379310345,0.4150246305418719,0.520935960591133,0.5295566502463054
0.4556,0.5029471717343299,0.022331444866964464,0.4839476813317479,0.5578817733990148,0.4150246305418719,0.5270935960591133,0.5307881773399015
0.4558,0.504705282826567,0.02406809177873353,0.47919143876337694,0.5689655172413793,0.4137931034482759,0.5246305418719212,0.5369458128078818
0.456,0.5051724137931035,0.024091137915421123,0.4827586206896552,0.5689655172413793,0.4125615763546798,0.5258620689655172,0.5357142857142857
0.4562,0.5107525055206387,0.024192813237068126,0.4946492271105827,0.5701970443349754,0.4137931034482759,0.5369458128078818,0.5381773399014779
0.4564,0.513436385255648,0.024648908646720372,0.49821640903686093,0.5714285714285714,0.41379310344827586,0.5369458128078818,0.5467980295566502
0.4566,0.515627654153219,0.025165328214542,0.5017835909631392,0.5714285714285714,0.4125615763546798,0.541871921182266,0.5504926108374384
0.4568,0.51756412434177,0.026460547349506095,0.5065398335315101,0.5738916256157636,0.4076354679802956,0.5455665024630542,0.5541871921182265
0.457,0.5197553932393408,0.026544736072975868,0.5101070154577882,0.5751231527093597,0.4088669950738917,0.5480295566502462,0.5566502463054187
0.4572,0.5202480040767793,0.02783333882429193,0.5101070154577884,0.5775862068965517,0.40394088669950734,0.5492610837438424,0.5603448275862069
0.4574,0.5233990147783252,0.029301029276774488,0.5172413793103449,0.5788177339901478,0.39901477832512317,0.5554187192118227,0.5665024630541872
0.4576,0.5272974350263291,0.029540150597310678,0.5231866825208085,0.5825123152709359,0.4014778325123153,0.5566502463054187,0.5726600985221674
0.4578,0.5309495498556139,0.02955636567089836,0.5291319857312722,0.582512315270936,0.4039408866995074,0.564039408866995,0.5751231527093595
0.458,0.5302021403091558,0.02943840432830269,0.5303210463733651,0.5738916256157636,0.4027093596059113,0.5714285714285715,0.5726600985221675
0.4582,0.5299473416001359,0.029589485908820816,0.5315101070154578,0.5751231527093597,0.4014778325123153,0.5701970443349753,0.5714285714285714
0.4584,0.529921861729234,0.029473050294682043,0.535077288941736,0.5800492610837438,0.4014778325123153,0.5652709359605911,0.5677339901477833
0.4586,0.5301257006964498,0.028926592195811087,0.5410225921521998,0.5738916256157636,0.4027093596059113,0.5677339901477833,0.5652709359605911
0.4588,0.5313402412094446,0.028902743015697167,0.5434007134363853,0.5738916256157636,0.4039408866995074,0.5726600985221675,0.5628078817733989
0.459,0.531858331917785,0.028619344680377603,0.539833531510107,0.5751231527093597,0.4064039408866995,0.5738916256157636,0.564039408866995
0.4592,0.5328180737217598,0.028203101687027228,0.5434007134363853,0.5763546798029556,0.4088669950738916,0.5738916256157636,0.5615763546798029
0.4594,0.5325547817224392,0.02723082015225299,0.5457788347205708,0.5751231527093597,0.41256157635467977,0.5714285714285714,0.5578817733990148
0.4596,0.5347375573297095,0.026564109303640428,0.5505350772889418,0.5738916256157636,0.41748768472906406,0.5751231527093597,0.5566502463054187
0.4598,0.5354934601664685,0.025727917260132314,0.5481569560047563,0.5775862068965518,0.4224137931034483,0.5726600985221675,0.5566502463054187
0.46,0.5354679802955665,0.025901682071270728,0.5517241379310345,0.5738916256157636,0.4211822660098522,0.5751231527093597,0.5554187192118227
0.4602,0.5366825208085613,0.02622758959358937,0.5541022592152199,0.5775862068965517,0.4211822660098522,0.5763546798029557,0.5541871921182266
0.4604,0.5354425004246646,0.025726193425049202,0.5552913198573127,0.5726600985221675,0.4211822660098522,0.5701970443349754,0.5578817733990147
0.4606,0.5359096313912011,0.024111595836083285,0.558858501783591,0.5677339901477833,0.42857142857142855,0.5689655172413793,0.5554187192118227
0.4608,0.5396381858331918,0.023386276308032212,0.5541022592152199,0.5751231527093597,0.4359605911330049,0.5689655172413792,0.5640394088669951
0.461,0.5410820451843044,0.023051861995964575,0.558858501783591,0.5726600985221675,0.43842364532019706,0.5701970443349753,0.5652709359605912
0.4612,0.5430185153728554,0.020690199070554867,0.5636147443519619,0.5640394088669951,0.4507389162561577,0.5726600985221675,0.5640394088669951
0.4614,0.540538474605062,0.019216176198406272,0.5659928656361475,0.5492610837438424,0.45566502463054187,0.5689655172413793,0.562807881773399
0.4616,0.5402497027348395,0.0199071433758844,0.5719381688466111,0.539408866995074,0.45443349753694584,0.5714285714285714,0.5640394088669951
0.4618,0.54051299473416,0.01909683036235111,0.5695600475624256,0.539408866995074,0.458128078817734,0.5689655172413793,0.5665024630541873
0.462,0.5412604042806182,0.01842482882993941,0.5683709869203329,0.5357142857142857,0.4630541871921182,0.5701970443349753,0.5689655172413792
0.4622,0.5405724477662647,0.017615025113667988,0.5612366230677766,0.5369458128078818,0.46551724137931033,0.5701970443349754,0.5689655172413793
0.4624,0.5383811788686937,0.01726840862543707,0.5576694411414983,0.5295566502463054,0.46674876847290636,0.5677339901477833,0.5701970443349754
0.4626,0.5379055546118566,0.01651508713192903,0.5552913198573126,0.5221674876847291,0.47290640394088673,0.5738916256157636,0.5652709359605912
0.4628,0.5384066587395957,0.01632512294414627,0.5541022592152199,0.520935960591133,0.4753694581280788,0.5751231527093597,0.5665024630541873
0.463,0.5381858331917785,0.01672101911330877,0.5505350772889417,0.5160098522167487,0.4766009852216748,0.5726600985221675,0.5751231527093597
0.4632,0.5384321386104978,0.01599179886495774,0.5505350772889417,0.5123152709359606,0.48275862068965514,0.5689655172413793,0.5775862068965517
0.4634,0.5381773399014778,0.015550437554349367,0.5517241379310345,0.5086206896551724,0.48645320197044334,0.5689655172413793,0.5751231527093597
0.4636,0.5347460506200102,0.016398154631203164,0.549346016646849,0.49876847290640397,0.4839901477832512,0.5665024630541873,0.5751231527093597
0.4638,0.5347375573297095,0.017436760151845917,0.5505350772889417,0.4901477832512315,0.4864532019704434,0.5677339901477833,0.5788177339901478
0.464,0.5345337183624936,0.01774312946932326,0.544589774078478,0.49014778325123154,0.4864532019704434,0.5689655172413793,0.5825123152709359
0.4642,0.5340580941056565,0.017476913206595546,0.5422116527942925,0.48645320197044334,0.4913793103448276,0.5677339901477833,0.5825123152709359
0.4644,0.533038899269577,0.01789388927697288,0.5469678953626634,0.48275862068965514,0.49014778325123154,0.5603448275862069,0.5849753694581281
0.4646,0.5318583319177849,0.017814491252973443,0.5398335315101069,0.4802955665024631,0.4938423645320197,0.5578817733990149,0.5874384236453202
0.4648,0.5303804994054697,0.018096993878276273,0.539833531510107,0.47536945812807885,0.4938423645320197,0.5578817733990147,0.5849753694581281
0.465,0.5306947511465943,0.01828660589534911,0.5303210463733651,0.47660098522167493,0.4963054187192118,0.562807881773399,0.5874384236453203
0.4652,0.5299558348904365,0.01861009800002941,0.530321046373365,0.47413793103448276,0.49507389162561577,0.5640394088669951,0.5862068965517242
0.4654,0.5268472906403942,0.018791666880770056,0.5172413793103448,0.4729064039408867,0.4950738916256158,0.5628078817733991,0.5862068965517242
0.4656,0.524910820451843,0.019056466442543524,0.5124851367419738,0.46921182266009853,0.4975369458128079,0.5566502463054187,0.5886699507389163
0.4658,0.5246984881943264,0.020275494555291058,0.5077288941736029,0.4729064039408867,0.49014778325123154,0.5566502463054187,0.5960591133004927
0.466,0.523500934261933,0.02043603052291455,0.5029726516052319,0.47413793103448276,0.48891625615763545,0.5541871921182265,0.5972906403940886
0.4662,0.5240360115508749,0.020237873008551233,0.49702734839476814,0.47413793103448276,0.4963054187192118,0.5566502463054187,0.5960591133004927
0.4664,0.5255138440631901,0.019682570915325888,0.4970273483947681,0.47906403940886705,0.4975369458128079,0.5591133004926109,0.5948275862068966
0.4666,0.5250721929675557,0.02109758817754862,0.48989298454221164,0.47413793103448276,0.5012315270935961,0.5615763546798029,0.5985221674876848
0.4668,0.5228809240699848,0.021209932526670153,0.4863258026159334,0.47536945812807885,0.49630541871921174,0.5578817733990148,0.5985221674876848
0.467,0.5206896551724137,0.02118054753024559,0.48275862068965514,0.4766009852216748,0.49137931034482757,0.5566502463054187,0.5960591133004927
0.4672,0.5224307796840496,0.022609290012750374,0.4803804994054697,0.4766009852216748,0.4926108374384237,0.5578817733990148,0.604679802955665
0.4674,0.5219636487175132,0.02344451646142444,0.4768133174791914,0.47536945812807885,0.4926108374384237,0.5566502463054187,0.6083743842364532
0.4676,0.5195345676915236,0.023393562098033574,0.47205707491082044,0.4704433497536946,0.49507389162561577,0.5566502463054188,0.603448275862069
0.4678,0.5183115338882283,0.023658320143750185,0.4708680142687277,0.46921182266009853,0.4913793103448276,0.5578817733990148,0.6022167487684729
0.468,0.517589604212672,0.023508517451560244,0.46848989298454224,0.47167487684729065,0.48891625615763545,0.5591133004926108,0.5997536945812808
0.4682,0.5181076949210124,0.02492229982031352,0.46492271105826394,0.47413793103448276,0.4864532019704434,0.5554187192118227,0.6096059113300493
0.4684,0.5190674367249872,0.02544118573959396,0.46848989298454224,0.47290640394088673,0.4852216748768473,0.5541871921182266,0.6145320197044335
0.4686,0.5195685408527263,0.02588503360798779,0.46730083234244946,0.47167487684729065,0.4864532019704434,0.5566502463054187,0.6157635467980296
0.4688,0.5183709869203329,0.026868047246979037,0.4625445897740785,0.4667487684729064,0.48645320197044334,0.5603448275862069,0.6157635467980296
0.469,0.5176235773738747,0.026796706431298452,0.4637336504161712,0.47167487684729065,0.4778325123152709,0.5591133004926108,0.6157635467980296
0.4692,0.5188635977577714,0.026674898900576127,0.4625445897740785,0.4778325123152709,0.47783251231527096,0.5591133004926108,0.6169950738916256
0.4694,0.5229828435535927,0.027200256199825898,0.4720570749108205,0.480295566502463,0.4766009852216749,0.5603448275862069,0.6256157635467982
0.4696,0.5230168167147953,0.027925514874096922,0.46730083234244946,0.4802955665024631,0.4778325123152709,0.5615763546798029,0.6280788177339901
0.4698,0.5242483438083914,0.02768672469125001,0.46730083234244946,0.4827586206896552,0.4802955665024631,0.562807881773399,0.6280788177339902
0.47,0.5257006964498047,0.026882291295658167,0.4708680142687277,0.4852216748768473,0.4839901477832513,0.5603448275862069,0.6280788177339901
0.4702,0.5293697978596908,0.026368739660350558,0.47443519619500596,0.49014778325123154,0.4889162561576355,0.5640394088669951,0.6293103448275862
0.4704,0.5288771870222525,0.026010379492083464,0.47443519619500596,0.49261083743842365,0.4864532019704434,0.5640394088669951,0.6268472906403941
0.4706,0.5295906234075082,0.02664476990102248,0.4780023781212842,0.48891625615763545,0.4852216748768473,0.5652709359605912,0.6305418719211823
0.4708,0.5315440801766604,0.026343704120727403,0.4803804994054697,0.49630541871921185,0.4827586206896552,0.5677339901477833,0.6305418719211823
0.471,0.5327331408187532,0.025560033008817085,0.4863258026159334,0.49630541871921185,0.48275862068965514,0.5714285714285715,0.6268472906403941
0.4712,0.5315101070154578,0.023771203819594414,0.48513674197384066,0.49753694581280783,0.4864532019704433,0.5726600985221675,0.6157635467980296
0.4714,0.53102598946832,0.02387185642154975,0.4839476813317479,0.49753694581280783,0.4852216748768473,0.5738916256157636,0.6145320197044335
0.4716,0.5337183624936299,0.02429969095514077,0.4863258026159334,0.4926108374384237,0.4913793103448276,0.583743842364532,0.6145320197044335
0.4718,0.5329709529471718,0.02333666432826441,0.4875148632580262,0.49630541871921185,0.48891625615763556,0.583743842364532,0.6083743842364533
0.472,0.5353915406828605,0.02125639503699637,0.4934601664684899,0.5,0.49753694581280794,0.582512315270936,0.603448275862069
0.4722,0.53243587565823,0.021394240527934507,0.4934601664684899,0.49753694581280794,0.49014778325123154,0.58128078817734,0.5997536945812808
0.4724,0.5326821810769493,0.02129208963193911,0.4934601664684899,0.5012315270935961,0.4876847290640395,0.583743842364532,0.5972906403940887
0.4726,0.5334380839137082,0.022172080744750168,0.49108204518430437,0.5036945812807883,0.4852216748768473,0.5886699507389163,0.5985221674876847
0.4728,0.5356378461015797,0.023672475810688584,0.49346016646848984,0.5049261083743842,0.4802955665024631,0.5985221674876847,0.6009852216748769
0.473,0.5363937489383387,0.024246908384969932,0.4910820451843044,0.5098522167487685,0.47783251231527096,0.603448275862069,0.5997536945812808
0.4732,0.5361474435196195,0.023751326193408306,0.4910820451843044,0.5123152709359606,0.47783251231527096,0.6022167487684729,0.5972906403940887
0.4734,0.536614574486156,0.023228841224361477,0.4946492271105827,0.5135467980295567,0.47783251231527096,0.604679802955665,0.5923645320197044
0.4736,0.5378376082894514,0.022979855328150903,0.49583828775267536,0.517241379310345,0.479064039408867,0.6083743842364532,0.5886699507389163
0.4738,0.5390521488024461,0.021742460211213777,0.49821640903686093,0.5246305418719213,0.48152709359605905,0.6071428571428572,0.583743842364532
0.474,0.541498216409037,0.020567527577470258,0.5005945303210464,0.5357142857142858,0.4852216748768473,0.6071428571428571,0.5788177339901479
0.4742,0.5397655851877018,0.018878934130367814,0.5017835909631392,0.5381773399014779,0.4876847290640394,0.602216748768473,0.5689655172413793
0.4744,0.5375658229998301,0.019067493851264057,0.49940546967895366,0.5431034482758621,0.48275862068965514,0.6009852216748768,0.5615763546798029
0.4746,0.5375318498386275,0.017228230197348364,0.5041617122473246,0.5431034482758621,0.48768472906403937,0.5960591133004927,0.5566502463054188
0.4748,0.5370222524205878,0.017295060361887885,0.5065398335315101,0.5443349753694582,0.4827586206896552,0.5923645320197044,0.5591133004926108
0.475,0.5362578562935282,0.01740314519069394,0.5101070154577884,0.5431034482758621,0.4802955665024631,0.5948275862068966,0.5529556650246306
0.4752,0.5355189400373705,0.01791476578261244,0.5101070154577885,0.5418719211822661,0.47660098522167493,0.5948275862068966,0.5541871921182266
0.4754,0.5352386614574487,0.017494472681465298,0.5148632580261594,0.5443349753694581,0.47536945812807885,0.5935960591133005,0.5480295566502463
0.4756,0.5350093426193308,0.018964140692650355,0.5124851367419738,0.5480295566502463,0.47044334975369456,0.5985221674876847,0.5455665024630543
0.4758,0.5333021912688976,0.018819687851490744,0.5101070154577884,0.5529556650246306,0.46921182266009853,0.5948275862068966,0.539408866995074
0.476,0.5335315101070155,0.018693381180594226,0.5124851367419738,0.5529556650246306,0.46921182266009853,0.5948275862068966,0.5381773399014779
0.4762,0.5332852046882962,0.018258734762637906,0.5124851367419738,0.5578817733990148,0.47044334975369456,0.5911330049261083,0.5344827586206896
0.4764,0.5322745031425175,0.017496165650490968,0.5160523186682522,0.5578817733990148,0.47044334975369456,0.5862068965517242,0.5307881773399015
0.4766,0.5344657720400884,0.016624537416968076,0.5196195005945303,0.5591133004926108,0.47906403940886705,0.5886699507389164,0.5258620689655172
0.4768,0.5337353490742314,0.016996958779716086,0.5184304399524375,0.562807881773399,0.4778325123152709,0.5874384236453203,0.5221674876847291
0.477,0.5334465772040088,0.016867540251930886,0.5243757431629013,0.5615763546798029,0.4766009852216749,0.5862068965517242,0.5184729064039408
0.4772,0.532232036691014,0.0180612209649137,0.5219976218787159,0.562807881773399,0.4716748768472906,0.5886699507389163,0.5160098522167488
0.4774,0.5346781042976049,0.018382747717552644,0.5243757431629014,0.5652709359605912,0.4729064039408867,0.5923645320197044,0.5184729064039408
0.4776,0.5371156786138951,0.018808682372585542,0.5279429250891796,0.5738916256157635,0.4766009852216748,0.5935960591133005,0.5135467980295567
0.4778,0.5395532529301852,0.01907248322803245,0.5315101070154579,0.5775862068965517,0.4815270935960591,0.5972906403940886,0.5098522167487685
0.478,0.5419823339561747,0.01988171176516569,0.5362663495838288,0.583743842364532,0.48152709359605916,0.5997536945812808,0.5086206896551725
0.4782,0.5444368948530661,0.019853456583637127,0.5374554102259215,0.5874384236453202,0.48275862068965514,0.6009852216748769,0.5135467980295567
0.4784,0.5463563784610157,0.020104576529402257,0.544589774078478,0.5923645320197044,0.4839901477832512,0.5997536945812808,0.5110837438423645
0.4786,0.5494904025819602,0.02062251548692727,0.55410225921522,0.5948275862068966,0.4864532019704434,0.603448275862069,0.5086206896551724
0.4788,0.5504416510956345,0.02162603331904743,0.558858501783591,0.5960591133004927,0.4852216748768473,0.6071428571428571,0.5049261083743841
0.479,0.5516222184474266,0.02087677223840707,0.5659928656361475,0.5960591133004927,0.4876847290640394,0.6022167487684729,0.5061576354679804
0.4792,0.5523186682520809,0.020534025454169186,0.5719381688466112,0.5972906403940886,0.49014778325123154,0.5972906403940886,0.5049261083743843
0.4794,0.5523016816714794,0.020384557064214808,0.5743162901307967,0.5960591133004925,0.4913793103448275,0.5960591133004925,0.5036945812807883
0.4796,0.552989638185833,0.020929236891291704,0.5814506539833532,0.6009852216748768,0.4913793103448275,0.5899014778325122,0.5012315270935961
0.4798,0.5539408866995073,0.02091247596180254,0.5862068965517242,0.5985221674876847,0.4938423645320197,0.5911330049261083,0.5
0.48,0.5546118566332597,0.021790336997920715,0.595719381688466,0.5985221674876848,0.4938423645320197,0.5886699507389163,0.49630541871921185
0.4802,0.5580346526244266,0.021927095181063377,0.5992865636147443,0.6009852216748769,0.5024630541871922,0.5935960591133005,0.4938423645320197
0.4804,0.5584593171394598,0.022882946733017363,0.6087990487514864,0.5985221674876847,0.5024630541871922,0.5923645320197044,0.49014778325123154
0.4806,0.5598522167487685,0.025107693495398677,0.6206896551724138,0.6009852216748769,0.4950738916256158,0.5935960591133005,0.48891625615763545
0.4808,0.5588500084932904,0.025154047222877958,0.6230677764565993,0.5997536945812807,0.4950738916256158,0.5886699507389163,0.48768472906403937
0.481,0.558833021912689,0.02550166838430507,0.6254458977407847,0.5997536945812808,0.49630541871921185,0.5874384236453202,0.48522167487684725
0.4812,0.5585697299133685,0.025570602851222767,0.6278240190249703,0.5972906403940886,0.4975369458128079,0.5862068965517241,0.4839901477832513
0.4814,0.5599966026838797,0.02657849887021333,0.6349583828775267,0.602216748768473,0.5012315270935961,0.5812807881773397,0.48029556650246313
0.4816,0.5587735688805843,0.02694370484958098,0.633769322235434,0.604679802955665,0.5012315270935961,0.5775862068965517,0.4766009852216749
0.4818,0.557525055206387,0.02788303768773319,0.6361474435196195,0.6059113300492611,0.4938423645320197,0.5751231527093597,0.4766009852216749
0.482,0.5565313402412093,0.028025251717748965,0.6373365041617122,0.604679802955665,0.49507389162561577,0.5714285714285714,0.4741379310344828
0.4822,0.554577883472057,0.027038734563976485,0.6349583828775267,0.5972906403940886,0.4987684729064039,0.5689655172413793,0.47290640394088673
0.4824,0.5526329199932054,0.02648101570425475,0.6313912009512485,0.5960591133004925,0.49507389162561577,0.5652709359605912,0.47536945812807885
0.4826,0.5536011550874809,0.02657554579498164,0.633769322235434,0.5972906403940886,0.49630541871921185,0.5640394088669951,0.4766009852216749
0.4828,0.552140309155767,0.026960241113547556,0.6313912009512485,0.5997536945812808,0.4950738916256158,0.5615763546798029,0.4729064039408867
0.483,0.5516561916086291,0.026858304938958164,0.6302021403091558,0.5997536945812808,0.4913793103448276,0.5615763546798029,0.47536945812807885
0.4832,0.5501613725157126,0.027232681845496237,0.6325802615933414,0.5985221674876847,0.49014778325123154,0.5554187192118227,0.47413793103448276
0.4834,0.5489468320027179,0.02703793739099658,0.6302021403091558,0.5985221674876847,0.4889162561576354,0.5529556650246306,0.47413793103448276
0.4836,0.5463054187192118,0.02613763580053815,0.6206896551724138,0.5985221674876847,0.48645320197044334,0.5517241379310345,0.47413793103448276
0.4838,0.546577204008833,0.025414426457115766,0.6171224732461356,0.5985221674876847,0.49014778325123154,0.5529556650246306,0.47413793103448276
0.484,0.5451078647868184,0.02502037523303925,0.6159334126040428,0.5960591133004925,0.48891625615763545,0.5492610837438423,0.47536945812807885
0.4842,0.543910310854425,0.023874193367424006,0.6111771700356717,0.5935960591133005,0.49507389162561577,0.5455665024630543,0.47413793103448276
0.4844,0.5405129947341599,0.022828700410708887,0.6040428061831153,0.5911330049261084,0.49753694581280794,0.5369458128078818,0.4729064039408867
0.4846,0.5398165449295056,0.022879198233883943,0.5980975029726516,0.5985221674876847,0.4987684729064039,0.5307881773399015,0.4729064039408867
0.4848,0.5381093935790726,0.02272443459207093,0.5957193816884662,0.5972906403940887,0.501231527093596,0.5258620689655172,0.47044334975369456
0.485,0.535434007134364,0.02204446742187002,0.5909631391200951,0.5935960591133005,0.5024630541871922,0.520935960591133,0.46921182266009853
0.4852,0.5358926448105996,0.022065909499292765,0.595719381688466,0.5911330049261084,0.5073891625615764,0.5147783251231527,0.47044334975369456
0.4854,0.5349413962969254,0.02090353314470948,0.5909631391200951,0.5874384236453202,0.5110837438423645,0.5135467980295567,0.47167487684729065
0.4856,0.5339901477832513,0.02004811122203449,0.5862068965517242,0.5862068965517242,0.5086206896551724,0.5147783251231527,0.47413793103448276
0.4858,0.5344827586206897,0.019655110683014797,0.5862068965517242,0.5862068965517242,0.5098522167487685,0.5123152709359606,0.4778325123152709
0.486,0.5347205707491083,0.020441642202873846,0.5873959571938169,0.5899014778325123,0.5123152709359606,0.5073891625615764,0.4766009852216749
0.4862,0.5327671139799558,0.01994940865415408,0.5850178359096314,0.5862068965517242,0.5147783251231527,0.4987684729064039,0.479064039408867
0.4864,0.5327841005605571,0.018408042413566552,0.5826397146254458,0.5775862068965518,0.5246305418719212,0.4987684729064039,0.4802955665024631
0.4866,0.5339986410735519,0.01836595661742518,0.5850178359096314,0.5738916256157636,0.5344827586206896,0.4938423645320197,0.48275862068965514
0.4868,0.5344912519109903,0.018360625168241815,0.5850178359096314,0.5726600985221675,0.5394088669950738,0.49014778325123154,0.4852216748768473
0.487,0.5372345846781043,0.016862162834051446,0.5802615933412604,0.5726600985221675,0.5467980295566502,0.49753694581280794,0.48891625615763545
0.4872,0.5360285374554102,0.016257944056995207,0.5766944114149821,0.5689655172413793,0.5480295566502463,0.4987684729064039,0.48768472906403937
0.4874,0.5337863088160353,0.016730991178473424,0.5802615933412604,0.5640394088669951,0.5443349753694581,0.4913793103448276,0.4889162561576355
0.4876,0.5313232546288432,0.017501345794386367,0.5802615933412604,0.5591133004926108,0.5467980295566502,0.4852216748768473,0.4852216748768473
0.4878,0.5296245965687107,0.017827861838745743,0.5766944114149822,0.5578817733990147,0.5492610837438423,0.4778325123152709,0.4864532019704434
0.488,0.5273908612196364,0.019275080265786372,0.5790725326991676,0.5554187192118226,0.5492610837438424,0.46674876847290636,0.48645320197044334
0.4882,0.5268982503821981,0.020320266179777922,0.5790725326991677,0.5578817733990148,0.5517241379310345,0.4630541871921182,0.48275862068965514
0.4884,0.5274163410905385,0.020921408749996772,0.5755053507728894,0.5566502463054187,0.562807881773399,0.46182266009852213,0.4802955665024631
0.4886,0.5273993545099371,0.022900501335611445,0.5778834720570749,0.5566502463054188,0.5714285714285714,0.458128078817734,0.4729064039408867
0.4888,0.5278494988958722,0.02471348825750702,0.5838287752675386,0.5554187192118226,0.5763546798029556,0.4495073891625616,0.47413793103448276
0.489,0.5290810259894683,0.024242419795677848,0.5838287752675386,0.5566502463054188,0.5763546798029556,0.45197044334975367,0.4766009852216749
0.4892,0.5285799218617292,0.02375278275861221,0.5850178359096314,0.5578817733990148,0.5701970443349753,0.45443349753694584,0.4753694581280788
0.4894,0.5276201800577544,0.024179669862286646,0.581450653983353,0.5578817733990148,0.5726600985221675,0.4482758620689655,0.4778325123152709
0.4896,0.5293443179887889,0.024293827269366828,0.5814506539833532,0.5591133004926109,0.5763546798029557,0.44704433497536955,0.4827586206896552
0.4898,0.52961610327841,0.023682332225806606,0.5778834720570749,0.5566502463054188,0.5800492610837439,0.45073891625615764,0.4827586206896552
0.49,0.5301087141158485,0.024553921581499803,0.5778834720570749,0.562807881773399,0.5812807881773399,0.44950738916256155,0.479064039408867
0.4902,0.5276541532189569,0.024364460752087088,0.5766944114149821,0.5615763546798029,0.5763546798029556,0.45073891625615764,0.47290640394088673
0.4904,0.5271615423815186,0.025193239731040516,0.5766944114149821,0.5615763546798029,0.5788177339901478,0.44581280788177347,0.47290640394088673
0.4906,0.5273823679293359,0.02585806021230278,0.5802615933412605,0.5615763546798029,0.5788177339901478,0.4421182266009853,0.47413793103448276
0.4908,0.5271360625106165,0.02594386708511251,0.5802615933412604,0.5652709359605912,0.5751231527093595,0.4408866995073892,0.47413793103448276
0.491,0.5273823679293358,0.025513226002022275,0.5802615933412604,0.5665024630541872,0.5726600985221674,0.4433497536945813,0.47413793103448276
0.4912,0.5285969084423305,0.026378690124166135,0.5826397146254458,0.5701970443349754,0.5751231527093595,0.4421182266009852,0.4729064039408867
0.4914,0.5281042976048921,0.02653928415823718,0.5826397146254458,0.5677339901477833,0.5763546798029556,0.43965517241379315,0.47413793103448276
0.4916,0.5290555461185662,0.027276511950027067,0.5873959571938169,0.5726600985221675,0.5738916256157636,0.4396551724137931,0.47167487684729065
0.4918,0.5263886529641584,0.0268501361851836,0.5814506539833532,0.5689655172413793,0.5726600985221675,0.43596059113300495,0.4729064039408868
0.492,0.5283506030236114,0.027395443526094604,0.5826397146254458,0.5751231527093597,0.5751231527093597,0.43842364532019706,0.4704433497536946
0.4922,0.5263971462544591,0.026995184306311478,0.5802615933412605,0.5775862068965517,0.5665024630541873,0.437192118226601,0.4704433497536946
0.4924,0.5254034312892815,0.02770661109292261,0.5814506539833532,0.5763546798029556,0.5677339901477834,0.4347290640394089,0.46674876847290636
0.4926,0.5273653813487346,0.02834340545858938,0.582639714625446,0.58128078817734,0.5714285714285714,0.43596059113300495,0.46551724137931033
0.4928,0.5258960421267199,0.02805550520122354,0.5814506539833532,0.5775862068965517,0.5701970443349753,0.4347290640394088,0.4655172413793104
0.493,0.5278494988958723,0.028545369756004205,0.5838287752675386,0.5788177339901478,0.5751231527093597,0.43472906403940886,0.46674876847290636
0.4932,0.5280873110242909,0.02863928069170467,0.5850178359096314,0.5788177339901478,0.5751231527093597,0.4347290640394089,0.4667487684729064
0.4934,0.5322575165619161,0.03030628919946123,0.5873959571938169,0.5862068965517242,0.5874384236453203,0.4347290640394089,0.4655172413793104
0.4936,0.5340156276541532,0.03111585263363695,0.582639714625446,0.5899014778325123,0.5972906403940886,0.43226600985221675,0.4679802955665025
0.4938,0.5362068965517242,0.031956360230913965,0.5862068965517242,0.5899014778325122,0.604679802955665,0.43226600985221675,0.4679802955665025
0.494,0.5362323764226262,0.03250203960580848,0.582639714625446,0.5899014778325123,0.6108374384236452,0.43226600985221675,0.46551724137931033
0.4942,0.535731272294887,0.03301722357047647,0.5838287752675387,0.5911330049261083,0.6096059113300493,0.4285714285714286,0.4655172413793104
0.4944,0.5362408697129268,0.034124912902952685,0.5814506539833532,0.5948275862068966,0.6145320197044335,0.4236453201970444,0.46674876847290636
0.4946,0.5389162561576354,0.03555783636899254,0.5862068965517242,0.5960591133004927,0.6231527093596059,0.41995073891625617,0.46921182266009853
0.4948,0.5403771020893494,0.035558004344484216,0.5885850178359097,0.5948275862068966,0.625615763546798,0.41995073891625617,0.47290640394088673
0.495,0.5396381858331918,0.035139172855438765,0.5885850178359097,0.5972906403940887,0.6194581280788177,0.4199507389162561,0.4729064039408867
0.4952,0.5391455749957533,0.03558346942004639,0.5885850178359097,0.5935960591133005,0.624384236453202,0.4211822660098522,0.46798029556650245
0.4954,0.539655172413793,0.034998604645921846,0.5862068965517242,0.5935960591133005,0.624384236453202,0.4224137931034483,0.4716748768472906
0.4956,0.5411584847970105,0.034886934861278016,0.582639714625446,0.5960591133004927,0.6280788177339902,0.4236453201970443,0.47536945812807885
0.4958,0.5397485986071003,0.03485482429935737,0.5731272294887039,0.5948275862068966,0.6317733990147782,0.4224137931034483,0.4766009852216748
0.496,0.5429335824698488,0.03478503954227486,0.5755053507728894,0.5948275862068966,0.6366995073891626,0.4236453201970444,0.4839901477832512
0.4962,0.5429760489213522,0.03527026120304456,0.5695600475624257,0.5923645320197044,0.6440886699507389,0.4224137931034483,0.48645320197044334
0.4964,0.5427467300832343,0.03527490071850016,0.5671819262782402,0.5899014778325123,0.646551724137931,0.4224137931034483,0.4876847290640394
0.4966,0.5434686597587906,0.035709248161224755,0.5695600475624257,0.5862068965517242,0.6502463054187192,0.41995073891625617,0.49137931034482757
0.4968,0.541498216409037,0.035958072344910906,0.5695600475624257,0.5862068965517242,0.6477832512315271,0.41871921182266014,0.4852216748768473
0.497,0.5420332936979786,0.03606891982084826,0.5636147443519619,0.5862068965517242,0.6527093596059113,0.41995073891625617,0.4876847290640395
0.4972,0.5449719721420078,0.0356615348323467,0.5659928656361474,0.5849753694581281,0.6564039408866995,0.4236453201970444,0.4938423645320198
0.4974,0.5452012909801256,0.036112480792644785,0.5683709869203329,0.5862068965517242,0.6564039408866995,0.4211822660098522,0.4938423645320197
0.4976,0.5444284015627654,0.0356722730442636,0.5731272294887039,0.5775862068965517,0.6551724137931034,0.42118226600985226,0.49507389162561577
0.4978,0.5439527773059283,0.035615241436715135,0.5707491082045185,0.5788177339901478,0.6551724137931034,0.4224137931034483,0.49261083743842365
0.498,0.5437149651775097,0.03621215412037211,0.5695600475624256,0.5775862068965517,0.6576354679802956,0.4187192118226601,0.4950738916256157
0.4982,0.5412858841515202,0.036574984515719895,0.5648038049940547,0.5738916256157635,0.6588669950738917,0.41625615763546797,0.49261083743842365
0.4984,0.5401053167997282,0.037227382120770175,0.5576694411414982,0.5763546798029556,0.6613300492610837,0.4137931034482758,0.4913793103448277
0.4986,0.5371921182266008,0.03777942961129074,0.5517241379310345,0.5701970443349754,0.6625615763546798,0.4076354679802956,0.49384236453201974
0.4988,0.536716493969764,0.03802704462014838,0.549346016646849,0.5652709359605912,0.666256157635468,0.4076354679802956,0.49507389162561577
0.499,0.5389247494479361,0.037585471868729424,0.5505350772889418,0.5665024630541872,0.6674876847290641,0.4113300492610838,0.4987684729064039
0.4992,0.535731272294887,0.03812368790539175,0.549346016646849,0.5554187192118227,0.6699507389162561,0.4088669950738917,0.49507389162561577
0.4994,0.5330813657210804,0.03804659427094529,0.5410225921521998,0.5504926108374385,0.6699507389162561,0.4076354679802956,0.49630541871921185
0.4996,0.5313657210803464,0.03789090613661094,0.539833531510107,0.5467980295566502,0.6687192118226601,0.40763546798029554,0.4938423645320197
0.4998,0.5281467640563954,0.038528529477181696,0.5422116527942925,0.5381773399014779,0.6674876847290641,0.4014778325123152,0.4913793103448275
0.5,0.5269407168337014,0.03903447033410101,0.5386444708680143,0.5357142857142857,0.66871921182266,0.3977832512315271,0.4938423645320197
0.5002,0.5252335654832683,0.039232263703354205,0.5362663495838288,0.5332512315270935,0.6687192118226601,0.39655172413793105,0.4913793103448276
0.5004,0.5230338032953966,0.039536511021271294,0.5338882282996433,0.5283251231527093,0.6687192118226601,0.3940886699507389,0.4901477832512315
0.5006,0.5237727195515542,0.03984143980739074,0.5338882282996433,0.5307881773399015,0.6711822660098522,0.39532019704433496,0.48768472906403937
0.5008,0.5223118736198404,0.03986077243752229,0.5315101070154578,0.5246305418719212,0.6724137931034483,0.39655172413793105,0.48645320197044334
0.501,0.521589943944284,0.03946031227368922,0.5291319857312723,0.5283251231527093,0.6687192118226601,0.3953201970443349,0.48645320197044334
0.5012,0.5228469509087821,0.03916805116162068,0.525564803804994,0.5270935960591133,0.6711822660098522,0.3990147783251231,0.49137931034482757
0.5014,0.5204178698827926,0.038960757279510795,0.5208085612366231,0.520935960591133,0.6711822660098522,0.4014778325123153,0.48768472906403937
0.5016,0.5199337523356549,0.03850001204754995,0.5196195005945303,0.5197044334975369,0.6687192118226601,0.4014778325123153,0.49014778325123154
0.5018,0.5211397995583489,0.03745640860755696,0.5231866825208086,0.5172413793103449,0.665024630541872,0.40394088669950745,0.4963054187192118
0.502,0.5209019874299303,0.03645464928386599,0.5219976218787159,0.518472906403941,0.6613300492610837,0.40763546798029554,0.49507389162561577
0.5022,0.5199082724647529,0.037065371627472116,0.5231866825208086,0.520935960591133,0.6613300492610837,0.40394088669950734,0.4901477832512316
0.5024,0.5184049600815357,0.03726316804266126,0.5267538644470868,0.5147783251231527,0.6613300492610837,0.4039408866995074,0.4852216748768473
0.5026,0.5171649396976389,0.036988883633474814,0.5279429250891796,0.5073891625615764,0.6600985221674877,0.40517241379310354,0.4852216748768473
0.5028,0.5164090368608799,0.03557772012850828,0.5303210463733651,0.5024630541871922,0.6551724137931034,0.4125615763546798,0.48152709359605905
0.503,0.5156786138950229,0.0346540178811682,0.5291319857312723,0.5061576354679803,0.6490147783251231,0.4113300492610838,0.48275862068965514
0.5032,0.5183794802106336,0.03271370758516122,0.530321046373365,0.5024630541871922,0.6477832512315271,0.42610837438423643,0.48522167487684736
0.5034,0.5176320706641754,0.032677718704824395,0.5315101070154578,0.4963054187192118,0.646551724137931,0.4248768472906404,0.48891625615763545
0.5036,0.5161712247324614,0.0325453694948027,0.5291319857312723,0.49261083743842365,0.645320197044335,0.4248768472906404,0.4889162561576355
0.5038,0.5174027518260573,0.03181836710218623,0.5291319857312723,0.4938423645320197,0.644088669950739,0.42857142857142855,0.49137931034482757
0.504,0.5191183964667911,0.03201798410174639,0.5303210463733651,0.49261083743842365,0.647783251231527,0.43226600985221675,0.4926108374384236
0.5042,0.5210548666553423,0.03070314082562674,0.5350772889417361,0.49753694581280794,0.6428571428571429,0.43596059113300495,0.4938423645320197
0.5044,0.5222524205877357,0.031002945796198198,0.539833531510107,0.4987684729064039,0.644088669950739,0.43596059113300495,0.4926108374384236
0.5046,0.5239765585187701,0.031079395896348103,0.5398335315101069,0.5,0.646551724137931,0.43719211822660103,0.49630541871921185
0.5048,0.5266519449634789,0.029535288735566892,0.544589774078478,0.5036945812807883,0.6428571428571429,0.44581280788177335,0.49630541871921185
0.505,0.5303040597927637,0.028542039396612245,0.5505350772889418,0.5061576354679803,0.6416256157635468,0.45197044334975367,0.5012315270935961
0.5052,0.5314931204348564,0.027891941036485318,0.5564803804994054,0.5147783251231527,0.6366995073891626,0.45197044334975367,0.49753694581280783
0.5054,0.5361389502293188,0.027931398685151567,0.5612366230677764,0.5221674876847291,0.6403940886699507,0.45443349753694584,0.5024630541871922
0.5056,0.5404960081535587,0.027629926817522497,0.5719381688466112,0.5270935960591132,0.6403940886699507,0.45935960591133007,0.5036945812807881
0.5058,0.5417105486665534,0.027186321500506594,0.5743162901307967,0.5344827586206897,0.6366995073891626,0.458128078817734,0.5049261083743842
0.506,0.5451418379480211,0.026112178681158255,0.5766944114149821,0.5406403940886699,0.6354679802955665,0.4642857142857143,0.5086206896551724
0.5062,0.5456259554951588,0.024785960804460674,0.5778834720570749,0.5431034482758621,0.6293103448275862,0.46798029556650245,0.5098522167487685
0.5064,0.548768472906404,0.024906337687758722,0.5862068965517241,0.5443349753694582,0.6293103448275862,0.4679802955665025,0.5160098522167488
0.5066,0.5497367080006794,0.02510968100157774,0.5885850178359096,0.5455665024630543,0.6305418719211823,0.4692118226600986,0.5147783251231527
0.5068,0.5524205877356888,0.02367359168777488,0.5921521997621878,0.5455665024630543,0.625615763546798,0.47290640394088673,0.5258620689655172
0.507,0.5524205877356889,0.022263137058314314,0.5921521997621879,0.5443349753694581,0.6206896551724139,0.47906403940886705,0.5258620689655172
0.5072,0.5548751486325803,0.022539625593052077,0.5933412604042807,0.5467980295566502,0.625615763546798,0.48152709359605905,0.5270935960591133
0.5074,0.5563020214030916,0.022264400034301367,0.6004756242568372,0.5504926108374384,0.6206896551724138,0.48275862068965514,0.5270935960591133
0.5076,0.5577373874639034,0.022098110317347947,0.6064209274673008,0.5529556650246306,0.6169950738916257,0.4839901477832513,0.5283251231527093
0.5078,0.5609308646169525,0.020686487030191818,0.6076099881093936,0.5603448275862069,0.6133004926108374,0.49014778325123154,0.5332512315270935
0.508,0.5643111941566163,0.020864357028508234,0.6171224732461356,0.5677339901477833,0.6096059113300493,0.49261083743842365,0.5344827586206897
0.5082,0.5672074061491421,0.02119964254322457,0.6254458977407847,0.5677339901477833,0.6096059113300493,0.49507389162561577,0.5381773399014778
0.5084,0.5676745371156786,0.021429857670675376,0.629013079667063,0.5701970443349753,0.6059113300492611,0.4938423645320197,0.5394088669950738
0.5086,0.5700866315610668,0.02152566611568284,0.6361474435196195,0.5701970443349754,0.603448275862069,0.49630541871921185,0.5443349753694581
0.5088,0.5698233395617462,0.020463928303549647,0.638525564803805,0.5677339901477833,0.5935960591133005,0.5012315270935961,0.5480295566502463
0.509,0.5730168167147953,0.02041394294824037,0.6397146254458977,0.5726600985221675,0.5972906403940887,0.5024630541871922,0.5529556650246306
0.5092,0.5720485816205196,0.020500880270717368,0.6373365041617122,0.5738916256157636,0.5972906403940887,0.5,0.5517241379310344
0.5094,0.5733225751656191,0.018738414381870797,0.6313912009512485,0.5763546798029557,0.5935960591133005,0.5036945812807883,0.5615763546798029
0.5096,0.5720995413623238,0.01805119491424218,0.6302021403091558,0.5751231527093597,0.5886699507389163,0.5061576354679803,0.560344827586207
0.5098,0.571114319687447,0.01834647667444954,0.6302021403091558,0.5775862068965517,0.5849753694581281,0.5036945812807883,0.5591133004926109
0.51,0.5723033803295396,0.019091706036955272,0.6361474435196195,0.58128078817734,0.583743842364532,0.5049261083743843,0.5554187192118226
0.5102,0.571037880074741,0.020239072038946804,0.6409036860879904,0.582512315270936,0.5812807881773399,0.5036945812807881,0.5467980295566502
0.5104,0.5707830813657211,0.02006899763968989,0.6420927467300832,0.5800492610837439,0.5800492610837438,0.5061576354679802,0.5455665024630542
0.5106,0.5705197893664006,0.020175998725867055,0.6444708680142687,0.5775862068965517,0.5775862068965517,0.5073891625615764,0.5455665024630543
0.5108,0.5707660947851197,0.019466341963060567,0.6444708680142687,0.5775862068965517,0.5726600985221675,0.5123152709359606,0.5467980295566502
0.511,0.5714795311703754,0.020045825551019476,0.6480380499405469,0.5800492610837439,0.5701970443349753,0.5123152709359606,0.5467980295566502
0.5112,0.572243927297435,0.019109753693996655,0.6444708680142688,0.58128078817734,0.5714285714285714,0.5147783251231526,0.5492610837438424
0.5114,0.5741888907762868,0.019648286805404532,0.648038049940547,0.5874384236453202,0.5701970443349753,0.5160098522167488,0.5492610837438424
0.5116,0.5761423475454391,0.01945878610305949,0.6504161712247324,0.5886699507389163,0.5714285714285714,0.520935960591133,0.5492610837438424
0.5118,0.5768812638015968,0.019046364369238733,0.6504161712247325,0.5886699507389163,0.5714285714285714,0.5246305418719213,0.5492610837438423
0.512,0.5773483947681332,0.01941769604643684,0.6539833531510106,0.5886699507389163,0.5665024630541872,0.5258620689655173,0.5517241379310345
0.5122,0.5790555461185664,0.019114427111122496,0.6563614744351961,0.5874384236453203,0.5677339901477833,0.5320197044334976,0.5517241379310345
0.5124,0.5800322745031424,0.018620614964894432,0.6575505350772889,0.583743842364532,0.5689655172413793,0.539408866995074,0.5504926108374384
0.5126,0.5807626974689996,0.018166742541889606,0.6587395957193817,0.5788177339901478,0.5677339901477833,0.5467980295566502,0.5517241379310345
0.5128,0.582232036691014,0.01801801283449472,0.6599286563614745,0.5800492610837439,0.5677339901477833,0.5504926108374384,0.5529556650246304
0.513,0.5829624596568711,0.01803132771916173,0.6611177170035673,0.5775862068965517,0.5701970443349754,0.5492610837438424,0.5566502463054187
0.5132,0.5849074231357227,0.018220273850115418,0.6646848989298454,0.5763546798029557,0.5701970443349754,0.5517241379310345,0.5615763546798029
0.5134,0.5887888568031256,0.019065760314128592,0.6730083234244947,0.5714285714285714,0.5751231527093597,0.5554187192118226,0.5689655172413793
0.5136,0.5880414472566673,0.019418742894178602,0.6741973840665875,0.5701970443349754,0.5726600985221675,0.5566502463054187,0.5665024630541872
0.5138,0.5912094445388143,0.019667678183615003,0.6789536266349584,0.5726600985221675,0.5726600985221675,0.5652709359605912,0.5665024630541872
0.514,0.5921606930524885,0.02049286245243495,0.6837098692033293,0.5701970443349753,0.5714285714285714,0.5701970443349753,0.5652709359605911
0.5142,0.594589774078478,0.021035774991256632,0.6884661117717005,0.5677339901477834,0.5738916256157636,0.5751231527093595,0.5677339901477833
0.5144,0.5962884321386105,0.021613314906751814,0.6920332936979786,0.5652709359605912,0.5763546798029556,0.5825123152709358,0.5652709359605912
0.5146,0.5965092576864277,0.02264862458191947,0.6956004756242569,0.5554187192118226,0.5763546798029557,0.5874384236453202,0.5677339901477833
0.5148,0.5984627144555801,0.023035737379421627,0.6979785969084423,0.5529556650246306,0.583743842364532,0.5911330049261083,0.5665024630541873
0.515,0.6014183794802106,0.022111727603999286,0.6979785969084423,0.5591133004926108,0.583743842364532,0.5911330049261083,0.5751231527093597
0.5152,0.6038559537965007,0.022569424728670573,0.7015457788347206,0.5591133004926109,0.583743842364532,0.5985221674876846,0.5763546798029556
0.5154,0.6043145914727365,0.023694857041688146,0.7063020214030916,0.5554187192118227,0.5874384236453201,0.5985221674876847,0.5738916256157636
0.5156,0.6062510616612876,0.02456054849902165,0.7110582639714625,0.5529556650246306,0.5874384236453202,0.603448275862069,0.5763546798029556
0.5158,0.6062510616612876,0.024708308434363696,0.7110582639714625,0.5504926108374384,0.5899014778325122,0.603448275862069,0.5763546798029556
0.516,0.609639884491252,0.02576991197556854,0.7193816884661117,0.5529556650246306,0.5899014778325123,0.6071428571428571,0.5788177339901478
0.5162,0.6110837438423645,0.02651967137772047,0.7241379310344829,0.5541871921182266,0.5923645320197044,0.6083743842364532,0.5763546798029556
0.5164,0.6132665194496347,0.02714961091077209,0.7288941736028537,0.5554187192118226,0.5923645320197045,0.6120689655172413,0.5775862068965517
0.5166,0.6122897910650587,0.027563548119361327,0.727705112960761,0.5492610837438423,0.5923645320197044,0.6157635467980296,0.5763546798029556
0.5168,0.6149736708000679,0.028251230901516766,0.7312722948870392,0.5455665024630542,0.5985221674876848,0.6206896551724138,0.5788177339901478
0.517,0.6164090368608799,0.02933275918345843,0.7372175980975029,0.5443349753694582,0.5997536945812808,0.6219211822660099,0.5788177339901478
0.5172,0.6195430609818244,0.03094945895583136,0.746730083234245,0.5443349753694582,0.6022167487684729,0.6268472906403941,0.5775862068965517
0.5174,0.6222099541362324,0.03203230761801272,0.7526753864447087,0.541871921182266,0.604679802955665,0.6317733990147784,0.5800492610837438
0.5176,0.6241803974859861,0.03199388388221406,0.7526753864447087,0.5431034482758621,0.6059113300492611,0.6391625615763548,0.5800492610837438
0.5178,0.6271190759300154,0.031812787690010294,0.7550535077288941,0.5455665024630543,0.6071428571428572,0.6416256157635468,0.5862068965517242
0.518,0.6271445558009173,0.031085797545778508,0.751486325802616,0.5455665024630542,0.6083743842364532,0.6416256157635468,0.5886699507389161
0.5182,0.627628673348055,0.03171529159701414,0.7526753864447087,0.541871921182266,0.6096059113300493,0.645320197044335,0.5886699507389163
0.5184,0.6306013249532869,0.030572519778408972,0.7502972651605232,0.5455665024630542,0.6169950738916257,0.646551724137931,0.5935960591133005
0.5186,0.6310939357907254,0.030706177594974304,0.7502972651605232,0.5443349753694582,0.6169950738916257,0.6490147783251232,0.5948275862068966
0.5188,0.6318243587565823,0.031122492472827237,0.751486325802616,0.5431034482758621,0.6169950738916257,0.6527093596059114,0.5948275862068966
0.519,0.6347545439103108,0.031416641558740147,0.7550535077288941,0.5480295566502463,0.6206896551724137,0.6588669950738917,0.5911330049261083
0.5192,0.634049600815356,0.03040283232573983,0.7502972651605232,0.5492610837438424,0.6194581280788177,0.6576354679802956,0.5935960591133005
0.5194,0.6352726346186512,0.030914826755781857,0.7514863258026159,0.5443349753694581,0.624384236453202,0.6588669950738917,0.5972906403940886
0.5196,0.634499745201291,0.03169256088337166,0.7562425683709869,0.5443349753694582,0.6219211822660098,0.6551724137931035,0.5948275862068966
0.5198,0.6338032953966366,0.03065173612105789,0.7502972651605232,0.5443349753694582,0.6182266009852218,0.6564039408866995,0.5997536945812808
0.52,0.6357822320366909,0.029658597943579078,0.7491082045184305,0.5492610837438424,0.6231527093596059,0.6551724137931034,0.6022167487684729
0.5202,0.6347885170715135,0.029419254564558107,0.7502972651605231,0.5517241379310345,0.6219211822660099,0.6477832512315271,0.602216748768473
0.5204,0.6330728724307797,0.029648792078380753,0.7491082045184304,0.5480295566502463,0.6182266009852218,0.646551724137931,0.603448275862069
0.5206,0.6321046373365042,0.029456825601850017,0.7467300832342451,0.5443349753694581,0.6169950738916257,0.6428571428571428,0.6096059113300493
0.5208,0.6306352981144896,0.02954707031242148,0.7455410225921522,0.5431034482758621,0.6145320197044335,0.6428571428571429,0.6071428571428572
0.521,0.6291744521827757,0.02917614559928442,0.7431629013079667,0.5431034482758621,0.6157635467980296,0.6391625615763546,0.604679802955665
0.5212,0.6262527603193477,0.02887314743075994,0.7384066587395958,0.541871921182266,0.6145320197044335,0.6391625615763546,0.5972906403940886
0.5214,0.6252590453541702,0.02915927677162252,0.7395957193816884,0.5443349753694581,0.6083743842364533,0.6416256157635467,0.5923645320197044
0.5216,0.6230507898759979,0.028913721530577894,0.7384066587395958,0.5480295566502463,0.6059113300492611,0.6379310344827587,0.5849753694581281
0.5218,0.622371326651945,0.02758512586360599,0.7300832342449464,0.5492610837438423,0.6096059113300493,0.6403940886699507,0.582512315270936
0.522,0.6187022252420589,0.02713288804075862,0.7265160523186682,0.5492610837438424,0.6059113300492611,0.6330049261083743,0.5788177339901478
0.5222,0.6165194496347886,0.026649953918953317,0.7217598097502972,0.5492610837438424,0.603448275862069,0.6330049261083743,0.5751231527093597
0.5224,0.6143196874469169,0.025877685489444774,0.7193816884661117,0.5517241379310345,0.604679802955665,0.6219211822660099,0.5738916256157636
0.5226,0.612128418549346,0.02523711034679498,0.7158145065398335,0.5517241379310345,0.604679802955665,0.6145320197044335,0.5738916256157636
0.5228,0.6118736198403262,0.025164277913331475,0.7170035671819261,0.5566502463054187,0.602216748768473,0.6120689655172414,0.5714285714285715
0.523,0.6089264481059963,0.025443544684407814,0.7158145065398335,0.5541871921182266,0.5960591133004927,0.6096059113300493,0.5689655172413793
0.5232,0.6052488534058094,0.025700467977595978,0.713436385255648,0.5529556650246304,0.5923645320197044,0.6059113300492611,0.5615763546798029
0.5234,0.6018260574146423,0.025634310278774032,0.7098692033293696,0.5504926108374384,0.5935960591133005,0.5985221674876846,0.5566502463054187
0.5236,0.5969254289111602,0.0255693762287358,0.7063020214030915,0.5492610837438424,0.5849753694581281,0.5911330049261084,0.5529556650246306
0.5238,0.5942330558858503,0.02544628328108195,0.703923900118906,0.5492610837438424,0.5837438423645321,0.583743842364532,0.5504926108374385
0.524,0.5903176490572448,0.025293615719534313,0.7003567181926279,0.5517241379310346,0.58128078817734,0.5726600985221675,0.5455665024630542
0.5242,0.5881263801596738,0.024912980312261343,0.6967895362663495,0.5541871921182265,0.5763546798029556,0.5714285714285714,0.541871921182266
0.5244,0.5861559368099202,0.02528537511041262,0.6967895362663495,0.5541871921182265,0.5738916256157636,0.5665024630541872,0.539408866995074
0.5246,0.584423305588585,0.025934264366879532,0.6979785969084423,0.5529556650246306,0.5751231527093597,0.5578817733990149,0.5381773399014779
0.5248,0.5814931204348565,0.025862644940859467,0.6944114149821641,0.5517241379310345,0.5726600985221675,0.5554187192118227,0.5332512315270936
0.525,0.5763376932223544,0.02633630210462796,0.6920332936979785,0.5443349753694582,0.5652709359605911,0.5492610837438424,0.5307881773399015
0.5252,0.5714540512994735,0.026107502937109603,0.6860879904875148,0.5443349753694582,0.5578817733990148,0.5455665024630542,0.5233990147783251
0.5254,0.5699762187871582,0.026305485849355565,0.6860879904875148,0.541871921182266,0.5541871921182266,0.5431034482758621,0.5246305418719213
0.5256,0.5652794292508918,0.02793900189463978,0.6884661117717004,0.541871921182266,0.5443349753694581,0.5369458128078817,0.5147783251231527
0.5258,0.5642687277051128,0.028949518221920267,0.6920332936979785,0.5394088669950738,0.5443349753694581,0.5320197044334976,0.5135467980295566
0.526,0.5625360964837778,0.0294691193099603,0.6932223543400713,0.5332512315270936,0.5369458128078818,0.5357142857142858,0.5135467980295567
0.5262,0.5578817733990148,0.029714275914333742,0.689655172413793,0.5295566502463054,0.5283251231527093,0.5332512315270936,0.5086206896551724
0.5264,0.5571258705622558,0.030372650705361208,0.6920332936979785,0.5246305418719212,0.5295566502463054,0.5307881773399015,0.5086206896551724
0.5266,0.5539323934092069,0.030762681054574314,0.6908442330558858,0.5197044334975369,0.5258620689655172,0.5258620689655172,0.5073891625615764
0.5268,0.549218617292339,0.03289352320322782,0.6956004756242568,0.5184729064039408,0.5147783251231527,0.5184729064039408,0.49876847290640397
0.527,0.5477322914897231,0.033422004926519464,0.6967895362663495,0.5160098522167488,0.5135467980295566,0.5123152709359606,0.5
0.5272,0.5452777305928317,0.03366796496695394,0.6956004756242569,0.5123152709359606,0.5073891625615763,0.5110837438423645,0.5
0.5274,0.5401392899609309,0.03377597223710457,0.6908442330558858,0.5086206896551724,0.49876847290640397,0.5073891625615764,0.49507389162561577
0.5276,0.5362153898420248,0.034066563891705155,0.6884661117717003,0.4987684729064039,0.4975369458128079,0.5024630541871922,0.4938423645320197
0.5278,0.5337863088160353,0.03353297424257255,0.6837098692033293,0.4987684729064039,0.4938423645320197,0.49507389162561577,0.49753694581280783
0.528,0.53230847630372,0.03390183484178235,0.6837098692033294,0.5,0.48768472906403937,0.49384236453201974,0.49630541871921185
0.5282,0.5313062680482419,0.0346960283501422,0.6860879904875149,0.5024630541871921,0.48891625615763545,0.4864532019704434,0.4926108374384236
0.5284,0.5283845761848139,0.03425497308935649,0.6813317479191439,0.49630541871921185,0.49014778325123154,0.48275862068965525,0.4913793103448275
0.5286,0.5283930694751147,0.03410233764987883,0.6801426872770512,0.5012315270935961,0.48891625615763545,0.4778325123152709,0.49384236453201963
0.5288,0.5261508408357398,0.035341946250391894,0.6837098692033293,0.49630541871921185,0.48768472906403937,0.47660098522167493,0.48645320197044334
0.529,0.5244351961950059,0.035473010830314365,0.6825208085612366,0.49261083743842365,0.48522167487684725,0.4729064039408867,0.48891625615763545
0.5292,0.5239595719381689,0.03502139928469345,0.6801426872770511,0.49261083743842365,0.48275862068965514,0.47536945812807885,0.4889162561576355
0.5294,0.5205537625276031,0.03451871084570602,0.6741973840665874,0.4926108374384237,0.4766009852216748,0.4716748768472907,0.48768472906403937
0.5296,0.5205622558179038,0.03441278198148812,0.6730083234244947,0.4938423645320197,0.4753694581280788,0.4667487684729065,0.4938423645320197
0.5298,0.5215474774927807,0.03439623103925069,0.6730083234244947,0.4938423645320197,0.4729064039408867,0.46551724137931033,0.5024630541871921
0.53,0.519602514013929,0.0339983315115493,0.6694411414982163,0.4913793103448276,0.4741379310344828,0.4630541871921182,0.5
0.5302,0.5181331747919143,0.03403849247445318,0.6682520808561236,0.4876847290640394,0.4778325123152709,0.45935960591133007,0.49753694581280783
0.5304,0.5186427722099541,0.03345451311075218,0.6658739595719382,0.49384236453201974,0.4802955665024631,0.458128078817734,0.4950738916256157
0.5306,0.5181841345337184,0.03264337186164423,0.6611177170035673,0.49384236453201974,0.47906403940886705,0.4568965517241379,0.4999999999999999
0.5308,0.5194326482079157,0.03186338107424159,0.6587395957193817,0.4926108374384236,0.48152709359605905,0.45935960591133007,0.5049261083743841
0.531,0.520859520978427,0.03317070679467606,0.6658739595719381,0.48891625615763545,0.4778325123152709,0.46182266009852213,0.5098522167487685
0.5312,0.521615423815186,0.03301920162777484,0.6634958382877526,0.48891625615763545,0.4766009852216748,0.458128078817734,0.520935960591133
0.5314,0.5211313062680483,0.03353132423510161,0.6623067776456599,0.49014778325123154,0.47783251231527096,0.4482758620689655,0.5270935960591133
0.5316,0.519203329369798,0.03272389562224841,0.6563614744351962,0.48891625615763545,0.47906403940886705,0.44581280788177335,0.5258620689655172
0.5318,0.5165534227959911,0.031727871102761006,0.648038049940547,0.4839901477832512,0.4778325123152709,0.4445812807881774,0.5283251231527093
0.532,0.515101070154578,0.03153087004686487,0.6444708680142687,0.48275862068965525,0.47413793103448276,0.4433497536945813,0.5307881773399015
0.5322,0.5139205028027858,0.03050038439377831,0.6373365041617123,0.48275862068965525,0.4766009852216749,0.4408866995073891,0.5320197044334976
0.5324,0.5158994394428401,0.030460620800408737,0.6361474435196194,0.48891625615763545,0.4753694581280788,0.43965517241379304,0.5394088669950738
0.5326,0.5161457448615594,0.030561012199673224,0.6361474435196196,0.49384236453201974,0.4729064039408867,0.43842364532019706,0.5394088669950738
0.5328,0.5173687786648549,0.031247372534840476,0.6373365041617122,0.4975369458128079,0.4704433497536946,0.4359605911330049,0.5455665024630543
0.533,0.5158824528622389,0.03214711837357535,0.638525564803805,0.49507389162561577,0.46674876847290636,0.43226600985221675,0.5467980295566502
0.5332,0.5149312043485648,0.03229277329692589,0.633769322235434,0.49507389162561577,0.46921182266009853,0.4248768472906404,0.5517241379310345
0.5334,0.514718872091048,0.03180789174792108,0.6290130796670631,0.4938423645320197,0.46798029556650245,0.42610837438423643,0.5566502463054187
0.5336,0.5152284695090878,0.03242635150012267,0.6266349583828775,0.49507389162561577,0.46674876847290636,0.42241379310344834,0.5652709359605911
0.5338,0.5164769831832852,0.031920160180325424,0.624256837098692,0.49261083743842365,0.46921182266009853,0.4261083743842365,0.5701970443349753
0.534,0.5215984372345847,0.03235124622894042,0.6313912009512486,0.49630541871921185,0.4716748768472906,0.43226600985221675,0.5763546798029556
0.5342,0.5230592831662986,0.03253701807741671,0.6337693222354341,0.49507389162561577,0.4729064039408867,0.43472906403940886,0.5788177339901477
0.5344,0.5233140818753185,0.03273056672608554,0.6325802615933411,0.49137931034482757,0.4729064039408867,0.43596059113300495,0.583743842364532
0.5346,0.5262612536096484,0.03296341401664463,0.633769322235434,0.4938423645320197,0.4729064039408867,0.43965517241379315,0.5911330049261083
0.5348,0.527730592831663,0.03440262147100445,0.6349583828775268,0.4889162561576355,0.4766009852216748,0.43596059113300495,0.6022167487684729
0.535,0.5287243077968405,0.03435618674835467,0.633769322235434,0.4852216748768473,0.4766009852216748,0.4408866995073892,0.6071428571428572
0.5352,0.5299303550195347,0.03531096121660476,0.6373365041617123,0.4802955665024631,0.4778325123152709,0.4421182266009852,0.6120689655172414
0.5354,0.5313912009512485,0.03587774610310939,0.6397146254458977,0.47660098522167493,0.4766009852216749,0.44704433497536944,0.6169950738916256
0.5356,0.5313402412094446,0.03702326267774237,0.6468489892984542,0.4716748768472907,0.4753694581280788,0.44704433497536944,0.6157635467980296
0.5358,0.531076949210124,0.03732958175887751,0.6492271105826398,0.47167487684729065,0.4716748768472906,0.44827586206896547,0.6145320197044335
0.536,0.5303295396636656,0.038203617355388596,0.6504161712247324,0.4630541871921182,0.4729064039408867,0.4482758620689655,0.6169950738916257
0.5362,0.5298624086971293,0.03769407473575686,0.6468489892984542,0.458128078817734,0.4766009852216748,0.45073891625615764,0.6169950738916257
0.5364,0.5325547817224392,0.03862666184131155,0.6492271105826397,0.458128078817734,0.4778325123152709,0.4519704433497537,0.625615763546798
0.5366,0.5339901477832513,0.04017814440253983,0.6551724137931034,0.4544334975369458,0.4802955665024631,0.44950738916256155,0.6305418719211823
0.5368,0.5347375573297095,0.040745108277081485,0.6539833531510107,0.4544334975369458,0.4802955665024631,0.4482758620689655,0.6366995073891625
0.537,0.5347120774588076,0.041432816602547294,0.657550535077289,0.45320197044334976,0.47906403940886705,0.44704433497536944,0.6366995073891626
0.5372,0.5356972991336845,0.041278281423780816,0.6575505350772889,0.45197044334975367,0.480295566502463,0.45073891625615764,0.6379310344827587
0.5374,0.5366740275182605,0.04169499306575639,0.6587395957193816,0.4519704433497537,0.47660098522167493,0.45443349753694584,0.6416256157635468
0.5376,0.5362238831323254,0.03990927072296814,0.6527942925089179,0.45197044334975367,0.4802955665024631,0.45935960591133007,0.6366995073891625
0.5378,0.5364786818413453,0.040553372049245376,0.6516052318668252,0.44827586206896547,0.48275862068965514,0.458128078817734,0.6416256157635468
0.538,0.5371921182266008,0.04035261598016925,0.6551724137931034,0.44334975369458124,0.4901477832512315,0.4605911330049261,0.6366995073891626
0.5382,0.536461695260744,0.03933782101300954,0.6539833531510107,0.4433497536945813,0.49014778325123154,0.4642857142857143,0.6305418719211823
0.5384,0.536461695260744,0.03977949201539497,0.6539833531510107,0.4408866995073892,0.48891625615763545,0.4655172413793104,0.6330049261083744
0.5386,0.5377017156446409,0.03863784441345887,0.652794292508918,0.4445812807881774,0.49014778325123154,0.4704433497536946,0.6305418719211823
0.5388,0.5369797859690845,0.03832515048240779,0.6504161712247325,0.4433497536945813,0.49261083743842365,0.46921182266009853,0.6293103448275862
0.539,0.5384406319007985,0.03906220978343039,0.652794292508918,0.43842364532019706,0.49384236453201974,0.47413793103448276,0.6330049261083744
0.5392,0.5394003737047732,0.039753304845385216,0.6563614744351962,0.44211822660098526,0.49630541871921185,0.4667487684729064,0.6354679802955665
0.5394,0.5403855953796501,0.039369056554142044,0.6563614744351962,0.4445812807881774,0.4975369458128079,0.46798029556650245,0.6354679802955665
0.5396,0.539205028027858,0.038040899047710255,0.6492271105826397,0.4408866995073892,0.5012315270935961,0.4729064039408867,0.6317733990147784
0.5398,0.5377271955155427,0.03823085094179844,0.6492271105826397,0.4384236453201971,0.5012315270935961,0.4704433497536946,0.6293103448275863
0.54,0.5372515712587057,0.03800430800659968,0.6468489892984542,0.43965517241379315,0.5036945812807883,0.4667487684729064,0.6293103448275862
0.5402,0.5382622728044846,0.03825489961644369,0.643281807372176,0.43719211822660103,0.5073891625615763,0.46798029556650245,0.6354679802955665
0.5404,0.5395022931883812,0.0381948796656936,0.6420927467300832,0.437192118226601,0.5061576354679802,0.47290640394088673,0.6391625615763548
0.5406,0.5382707660947851,0.03800919530006093,0.6420927467300832,0.43472906403940886,0.5098522167487685,0.4704433497536946,0.6342364532019705
0.5408,0.5375573297095295,0.03805571971630346,0.638525564803805,0.43472906403940886,0.5098522167487685,0.4679802955665025,0.6366995073891626
0.541,0.5377951418379479,0.03834718031226249,0.6397146254458976,0.43472906403940886,0.5086206896551724,0.46798029556650245,0.6379310344827586
0.5412,0.5387888568031256,0.0375348828143871,0.638525564803805,0.44211822660098526,0.5086206896551724,0.4667487684729064,0.6379310344827587
0.5414,0.5402497027348394,0.0373838584224767,0.6409036860879905,0.4396551724137931,0.5110837438423645,0.47290640394088673,0.6366995073891626
0.5416,0.539536266349584,0.036456478824265635,0.6373365041617122,0.4384236453201971,0.5123152709359606,0.4766009852216749,0.6330049261083744
0.5418,0.5395532529301852,0.03614447114492708,0.6349583828775267,0.43472906403940886,0.5160098522167488,0.4802955665024631,0.6317733990147784
0.542,0.5407762867334804,0.03653234073442097,0.6361474435196195,0.42980295566502463,0.5184729064039408,0.4864532019704434,0.6330049261083743
0.5422,0.5405554611856633,0.036619553686272927,0.6325802615933412,0.4273399014778325,0.5197044334975369,0.48768472906403937,0.6354679802955665
0.5424,0.5400968235094276,0.035843734670581696,0.6278240190249702,0.42980295566502463,0.5197044334975369,0.48768472906403937,0.6354679802955665
0.5426,0.5398759979616103,0.035371220864067084,0.6242568370986921,0.4334975369458128,0.5147783251231528,0.48891625615763545,0.6379310344827586
0.5428,0.5406234075080686,0.0351766587054314,0.6230677764565993,0.4298029556650246,0.5197044334975369,0.4938423645320197,0.6366995073891626
0.543,0.5379650076439614,0.034246418883713006,0.6159334126040428,0.43103448275862066,0.5160098522167489,0.4926108374384237,0.6342364532019705
0.5432,0.5391965347375572,0.03377167404303237,0.6159334126040429,0.43226600985221675,0.520935960591133,0.49384236453201974,0.6330049261083743
0.5434,0.5387378970613216,0.031909237177696184,0.6111771700356718,0.43842364532019706,0.5197044334975369,0.49630541871921185,0.6280788177339901
0.5436,0.540665873959572,0.0330736327612794,0.6171224732461356,0.4396551724137931,0.5221674876847291,0.4913793103448276,0.6330049261083743
0.5438,0.5399779174452183,0.03222970928878201,0.6099881093935791,0.44211822660098526,0.520935960591133,0.49261083743842365,0.6342364532019704
0.544,0.5397146254458978,0.03189558438352247,0.6123662306777646,0.44211822660098526,0.5233990147783252,0.4913793103448276,0.6293103448275862
0.5442,0.5392474944793613,0.03133761347321027,0.6087990487514864,0.4421182266009852,0.5246305418719213,0.49261083743842365,0.6280788177339901
0.5444,0.5395447596398845,0.02967281762064562,0.6016646848989299,0.44704433497536944,0.5295566502463054,0.4938423645320197,0.625615763546798
0.5446,0.5380924069984713,0.028401377355063723,0.5980975029726516,0.4495073891625616,0.5258620689655173,0.49630541871921185,0.6206896551724138
0.5448,0.5380754204178698,0.027935780001937808,0.6004756242568371,0.4507389162561577,0.5233990147783252,0.498768472906404,0.6169950738916257
0.545,0.5387973500934262,0.027919339413560576,0.6028537455410226,0.45073891625615764,0.5246305418719213,0.5,0.6157635467980296
0.5452,0.5363682690674367,0.026819636528144182,0.5980975029726515,0.45320197044334976,0.5221674876847291,0.4975369458128079,0.6108374384236454
0.5454,0.5339052148802446,0.026373269528853247,0.5980975029726515,0.45320197044334976,0.518472906403941,0.49507389162561577,0.604679802955665
0.5456,0.531450653983353,0.025767045961763543,0.5969084423305588,0.45320197044334976,0.5147783251231527,0.4938423645320197,0.5985221674876848
0.5458,0.530244606760659,0.025825643218873488,0.5933412604042806,0.44827586206896547,0.5123152709359606,0.498768472906404,0.5985221674876847
0.546,0.5327076609478512,0.024783751163373738,0.5933412604042806,0.45689655172413796,0.5135467980295567,0.5,0.5997536945812808
0.5462,0.5299983013419398,0.02389782373617781,0.5933412604042806,0.4605911330049261,0.5123152709359606,0.4926108374384237,0.5911330049261083
0.5464,0.5273229148972313,0.02250419548228584,0.5885850178359097,0.46182266009852213,0.5135467980295566,0.49014778325123154,0.5825123152709359
0.5466,0.5248683540003396,0.02205127928568217,0.5873959571938169,0.45935960591133,0.5086206896551724,0.4926108374384237,0.5763546798029556
0.5468,0.5263546798029557,0.020282768933761835,0.5862068965517241,0.46428571428571425,0.5110837438423645,0.4999999999999999,0.5701970443349753
0.547,0.5239340920672669,0.019569965933661143,0.5802615933412605,0.4630541871921182,0.5061576354679803,0.5024630541871922,0.5677339901477833
0.5472,0.5236708000679464,0.01927282568342392,0.5826397146254458,0.4642857142857143,0.5036945812807883,0.5049261083743842,0.562807881773399
0.5474,0.5253779514183795,0.018389860758340263,0.5850178359096314,0.4704433497536946,0.5049261083743841,0.5073891625615764,0.5591133004926109
0.5476,0.5239001189060642,0.017639013666637407,0.5850178359096314,0.4729064039408867,0.5,0.5110837438423645,0.5504926108374384
0.5478,0.5246560217428231,0.016090612334006788,0.582639714625446,0.480295566502463,0.5,0.5147783251231527,0.5455665024630542
0.548,0.5211822660098522,0.017431742896623584,0.5862068965517241,0.47413793103448276,0.49630541871921185,0.5086206896551724,0.5406403940886699
0.5482,0.5194581280788177,0.01752891829333037,0.5862068965517241,0.47536945812807874,0.49014778325123154,0.5086206896551725,0.5369458128078818
0.5484,0.5206641753015118,0.017912993981558368,0.5897740784780023,0.4766009852216748,0.48891625615763545,0.5123152709359605,0.5357142857142857
0.5486,0.5215899439442839,0.01929101500944008,0.5980975029726516,0.4766009852216748,0.4852216748768473,0.5172413793103449,0.5307881773399015
0.5488,0.521088839816545,0.01958169144946916,0.5992865636147444,0.4766009852216749,0.48275862068965514,0.520935960591133,0.5258620689655172
0.549,0.5188635977577714,0.020037547168086756,0.6004756242568371,0.4766009852216749,0.479064039408867,0.5172413793103449,0.520935960591133
0.5492,0.5186087990487515,0.020131116949192476,0.6016646848989299,0.4778325123152709,0.479064039408867,0.5184729064039408,0.5160098522167488
0.5494,0.5161882113130627,0.019483224377994993,0.5957193816884662,0.47783251231527096,0.47536945812807885,0.5197044334975369,0.5123152709359606
0.5496,0.5125021233225752,0.01965294741427309,0.5945303210463734,0.4778325123152709,0.4716748768472906,0.5135467980295567,0.5049261083743842
0.5498,0.5127399354509937,0.020358546180730224,0.5957193816884662,0.48275862068965514,0.4642857142857143,0.520935960591133,0.5
0.55,0.5112366230677765,0.021091059995583382,0.5992865636147444,0.4852216748768473,0.4630541871921182,0.5160098522167488,0.49261083743842365
0.5502,0.5100050959741804,0.02171358991668053,0.5992865636147444,0.48768472906403937,0.45689655172413796,0.5172413793103449,0.48891625615763545
0.5504,0.5119500594530321,0.022332914578894372,0.6028537455410226,0.48768472906403937,0.458128078817734,0.5233990147783252,0.48768472906403937
0.5506,0.5084763037200613,0.023203070957150674,0.6064209274673008,0.4839901477832513,0.4568965517241379,0.5110837438423645,0.4839901477832512
0.5508,0.5096568710718533,0.02458329905761319,0.6135552913198573,0.4827586206896552,0.45443349753694584,0.5110837438423645,0.4864532019704434
0.551,0.5084083573976559,0.02540514777892904,0.6159334126040428,0.4827586206896552,0.45320197044334976,0.5110837438423645,0.479064039408867
0.5512,0.5086376762357738,0.02581426459980584,0.6183115338882283,0.4839901477832513,0.45320197044334976,0.5098522167487685,0.4778325123152709
0.5514,0.5037030745710889,0.027241517060498953,0.619500594530321,0.4802955665024631,0.4495073891625616,0.5061576354679803,0.46305418719211827
0.5516,0.5024630541871921,0.027807434536757037,0.6206896551724138,0.4839901477832513,0.4482758620689655,0.5024630541871921,0.4568965517241379
0.5518,0.5028792254119245,0.030140329692524007,0.6313912009512485,0.4839901477832512,0.44704433497536944,0.5012315270935961,0.45073891625615764
0.552,0.5023526414132835,0.03125890066947063,0.6361474435196195,0.4827586206896552,0.4445812807881774,0.4987684729064039,0.44950738916256155
0.5522,0.5018260574146425,0.03253332205619929,0.6409036860879905,0.4815270935960591,0.4445812807881774,0.498768472906404,0.4433497536945813
0.5524,0.4988703923900119,0.03311073162163115,0.6409036860879905,0.4766009852216749,0.4408866995073892,0.49507389162561577,0.44088669950738923
0.5526,0.4964158314931203,0.03330879961043618,0.6397146254458976,0.4766009852216749,0.4421182266009852,0.48891625615763545,0.4347290640394089
0.5528,0.49415661627314417,0.03513166061918796,0.6456599286563615,0.4729064039408866,0.43596059113300495,0.4852216748768473,0.43103448275862066
0.553,0.49487005265839984,0.03569134322977567,0.6492271105826397,0.47413793103448276,0.4396551724137931,0.48275862068965525,0.4285714285714286
0.5532,0.493833871241719,0.037358043007567045,0.6563614744351962,0.47290640394088673,0.43349753694581283,0.4766009852216749,0.42980295566502463
0.5534,0.4935535926617972,0.03836823264020819,0.6611177170035671,0.47290640394088673,0.43226600985221675,0.4716748768472907,0.42980295566502463
0.5536,0.49010531679972813,0.03906103637592292,0.6611177170035671,0.4729064039408867,0.4298029556650246,0.46059113300492616,0.42610837438423643
0.5538,0.49107355189400376,0.0393234633811958,0.6634958382877527,0.47413793103448276,0.43472906403940886,0.458128078817734,0.42487684729064046
0.554,0.49103957873280113,0.040279425445252835,0.6682520808561236,0.47167487684729065,0.437192118226601,0.45443349753694584,0.4236453201970444
0.5542,0.4900458637676236,0.040866893381913995,0.6694411414982164,0.4741379310344827,0.43349753694581283,0.45073891625615764,0.4224137931034483
0.5544,0.4888143366740275,0.04106028926080099,0.6694411414982163,0.47167487684729065,0.43103448275862066,0.4482758620689655,0.42364532019704443
0.5546,0.48584168506879566,0.04241834645861486,0.6718192627824019,0.4716748768472907,0.4248768472906404,0.4433497536945813,0.41748768472906417
0.5548,0.48536606081195854,0.0419435525845325,0.6694411414982164,0.46921182266009853,0.4285714285714286,0.44458128078817727,0.41502463054187194
0.555,0.4819177849498895,0.0426051758280781,0.6694411414982163,0.46305418719211827,0.43103448275862066,0.4359605911330049,0.4100985221674877
0.5552,0.48213861049770673,0.043245126347827255,0.6730083234244946,0.45935960591133,0.43349753694581283,0.4347290640394089,0.4100985221674877
0.5554,0.4831662986240869,0.04167886726334806,0.6670630202140309,0.46059113300492605,0.437192118226601,0.43842364532019706,0.4125615763546798
0.5556,0.4800067946322405,0.041123465134059296,0.6611177170035671,0.46059113300492605,0.4347290640394088,0.43349753694581283,0.4100985221674877
0.5558,0.4821895702395108,0.041677719755837575,0.6658739595719382,0.46305418719211827,0.437192118226601,0.43103448275862066,0.4137931034482759
0.556,0.4812043485646339,0.042004751254071195,0.6658739595719382,0.46428571428571436,0.43719211822660103,0.4273399014778325,0.4113300492610838
0.5562,0.47948021063359947,0.04248263730953234,0.6658739595719382,0.4642857142857143,0.4347290640394089,0.4248768472906404,0.4076354679802956
0.5564,0.4770256497367081,0.04277713766755085,0.6646848989298454,0.4630541871921182,0.42980295566502463,0.4211822660098522,0.4064039408866995
0.5566,0.4763122133514523,0.042002860088733905,0.6611177170035673,0.45935960591133007,0.43226600985221675,0.41995073891625617,0.4088669950738917
0.5568,0.47559877696619673,0.041237160244946905,0.6575505350772889,0.45443349753694584,0.43596059113300495,0.41995073891625617,0.4100985221674877
0.557,0.47611686767453715,0.04036641456496515,0.6539833531510107,0.4519704433497537,0.44334975369458135,0.4236453201970443,0.4076354679802956
0.5572,0.4749193137421437,0.039599280136474055,0.6492271105826397,0.4544334975369458,0.43965517241379315,0.4236453201970443,0.40763546798029554
0.5574,0.4753949379989809,0.04005746646120138,0.6516052318668252,0.4556650246305419,0.43965517241379315,0.4224137931034483,0.4076354679802956
0.5576,0.4756242568370987,0.04043070786840901,0.6539833531510106,0.4532019704433498,0.43965517241379315,0.4211822660098522,0.4100985221674877
0.5578,0.474409716324104,0.040323860829245724,0.6516052318668252,0.45320197044334976,0.4421182266009852,0.41995073891625617,0.4051724137931035
0.558,0.47223543400713436,0.03946949868892374,0.6456599286563613,0.4519704433497537,0.4396551724137931,0.41995073891625617,0.4039408866995074
0.5582,0.4715389842024801,0.038335973543692246,0.6397146254458977,0.4507389162561576,0.4408866995073892,0.42487684729064046,0.4014778325123153
0.5584,0.4708170545269237,0.038049573513723955,0.6373365041617122,0.44950738916256155,0.4445812807881773,0.4224137931034483,0.4002463054187192
0.5586,0.4705622558179038,0.038405876267065146,0.638525564803805,0.44704433497536944,0.4470443349753695,0.4211822660098522,0.3990147783251232
0.5588,0.47006964498046544,0.03859778258121704,0.638525564803805,0.4445812807881773,0.44950738916256155,0.4211822660098522,0.3965517241379311
0.559,0.46934771530490915,0.03831550482474187,0.6361474435196196,0.4445812807881773,0.4507389162561576,0.4199507389162562,0.39532019704433496
0.5592,0.4668931544080176,0.03873948377135251,0.6349583828775267,0.44334975369458124,0.44950738916256155,0.41625615763546797,0.39039408866995073
0.5594,0.4659164260234415,0.038770763381227084,0.633769322235434,0.4408866995073891,0.45073891625615764,0.41625615763546797,0.3879310344827587
0.5596,0.46717343298793956,0.03771458157819196,0.6302021403091559,0.4445812807881773,0.45073891625615764,0.4211822660098522,0.38916256157635465
0.5598,0.4652369627993885,0.03725233924872187,0.6254458977407849,0.4421182266009852,0.4544334975369458,0.41625615763546797,0.3879310344827586
0.56,0.46526244267029043,0.03655792152779005,0.6218787158145066,0.4408866995073891,0.45935960591133007,0.41379310344827586,0.39039408866995073
0.5602,0.461627314421607,0.03575911366634164,0.6135552913198573,0.43842364532019706,0.4605911330049261,0.4076354679802956,0.3879310344827586
0.5604,0.4614149821640904,0.03502878730749583,0.6087990487514863,0.4408866995073891,0.4630541871921182,0.4088669950738916,0.3854679802955665
0.5606,0.4629098012570069,0.03429320038968059,0.6064209274673009,0.4421182266009852,0.46551724137931033,0.41625615763546797,0.3842364532019704
0.5608,0.4621623917105486,0.03488356144001186,0.6076099881093936,0.4396551724137931,0.46798029556650245,0.41256157635467977,0.3830049261083744
0.561,0.45969933752335657,0.03529634671282542,0.6076099881093936,0.4322660098522167,0.4667487684729063,0.4088669950738916,0.3830049261083744
0.5612,0.458255478172244,0.034259701248144446,0.6028537455410226,0.4273399014778325,0.46305418719211827,0.4137931034482759,0.3842364532019705
0.5614,0.4570664175301512,0.032942594778302595,0.5969084423305588,0.4236453201970443,0.4605911330049261,0.4162561576354679,0.3879310344827586
0.5616,0.4560811958552743,0.033008736285334746,0.5969084423305588,0.4187192118226601,0.45935960591133007,0.4150246305418719,0.39039408866995073
0.5618,0.45680312553083063,0.0333251460001871,0.5992865636147444,0.41995073891625617,0.45935960591133007,0.4137931034482759,0.3916256157635468
0.562,0.45461185663325965,0.03311092726188313,0.595719381688466,0.41625615763546797,0.45812807881773404,0.41502463054187194,0.3879310344827586
0.5622,0.4534312892814677,0.032326738414787934,0.5885850178359097,0.41379310344827586,0.4642857142857143,0.41625615763546797,0.3842364532019704
0.5624,0.4536860879904875,0.03196633606268166,0.587395957193817,0.4137931034482758,0.4642857142857143,0.41748768472906406,0.3854679802955665
0.5626,0.4529216918634279,0.032740896253029894,0.5909631391200951,0.4137931034482758,0.4605911330049261,0.4150246305418719,0.3842364532019704
0.5628,0.45004246645150336,0.031234826765362628,0.5802615933412605,0.41009852216748766,0.4630541871921182,0.41133004926108374,0.3854679802955665
0.563,0.44906573806692707,0.03102162533533806,0.5790725326991677,0.41009852216748766,0.46059113300492605,0.4088669950738917,0.3866995073891626
0.5632,0.44588924749447933,0.03088875145889651,0.5755053507728896,0.4088669950738916,0.4568965517241379,0.4039408866995074,0.3842364532019704
0.5634,0.44667912349244093,0.02942417678579466,0.5683709869203329,0.4088669950738917,0.46182266009852213,0.4088669950738916,0.3854679802955665
0.5636,0.4457363682690674,0.028077857919262414,0.5624256837098693,0.41009852216748766,0.458128078817734,0.41133004926108374,0.38669950738916253
0.5638,0.4454985561406488,0.02780622201597694,0.5612366230677764,0.4076354679802956,0.458128078817734,0.41133004926108374,0.3891625615763547
0.564,0.4469594020723628,0.02782551231066588,0.5636147443519619,0.4064039408866995,0.4568965517241379,0.41625615763546797,0.3916256157635468
0.5642,0.44527773059283166,0.027146954331940174,0.5576694411414983,0.4064039408866995,0.45935960591133007,0.4125615763546798,0.39039408866995073
0.5644,0.44430100220825547,0.027113356653328015,0.5564803804994055,0.40886699507389157,0.458128078817734,0.41009852216748766,0.3879310344827586
0.5646,0.4450314251741124,0.026958505100483622,0.5576694411414982,0.4076354679802956,0.4568965517241379,0.41009852216748766,0.3928571428571429
0.5648,0.4448105996262952,0.026238817564019568,0.55410225921522,0.4076354679802956,0.4568965517241379,0.4125615763546798,0.3928571428571429
0.565,0.4445982673687786,0.02524808108969383,0.549346016646849,0.4076354679802956,0.4556650246305418,0.4187192118226601,0.3916256157635468
0.5652,0.44269577034143026,0.0236780126280443,0.539833531510107,0.4076354679802956,0.4556650246305419,0.41871921182266014,0.3916256157635468
0.5654,0.4414727365381349,0.02399037877221244,0.5386444708680143,0.4076354679802956,0.4556650246305419,0.41995073891625617,0.3854679802955665
0.5656,0.44100560557159846,0.023975989584922756,0.535077288941736,0.4051724137931034,0.4605911330049261,0.4224137931034483,0.38177339901477836
0.5658,0.4390266689315441,0.02478257233590013,0.5362663495838287,0.3990147783251232,0.45935960591133,0.4211822660098522,0.3793103448275862
0.566,0.4378376082894514,0.02326004245299386,0.5303210463733651,0.4002463054187192,0.45443349753694584,0.4211822660098522,0.38300492610837444
0.5662,0.43760828945133345,0.022899244461558048,0.5279429250891796,0.3990147783251231,0.45443349753694584,0.4236453201970444,0.38300492610837444
0.5664,0.43759979616103284,0.022933993196430663,0.5291319857312723,0.4027093596059113,0.45197044334975367,0.4224137931034483,0.38177339901477836
0.5666,0.4366740275182607,0.021904649819798304,0.5208085612366231,0.40270935960591137,0.4568965517241379,0.4224137931034483,0.3805418719211823
0.5668,0.4356972991336844,0.02238724800167596,0.5196195005945303,0.4002463054187192,0.45812807881773393,0.4248768472906404,0.37561576354679804
0.567,0.43697129267878376,0.020910847770660206,0.5136741973840666,0.4064039408866995,0.458128078817734,0.4298029556650247,0.37684729064039413
0.5672,0.434525225072193,0.020995672680736762,0.511296076099881,0.4051724137931034,0.4556650246305418,0.42733990147783246,0.3731527093596059
0.5674,0.4335569899779174,0.020641944295335515,0.5089179548156956,0.40394088669950734,0.45073891625615764,0.43226600985221675,0.3719211822660099
0.5676,0.431858331917785,0.02052517992904577,0.5053507728894173,0.4014778325123153,0.45320197044334976,0.42857142857142855,0.3706896551724138
0.5678,0.4328520468829624,0.020017542557616865,0.5041617122473245,0.4064039408866995,0.4519704433497536,0.43103448275862066,0.37068965517241376
0.568,0.43459317139459824,0.018988780218925784,0.5017835909631392,0.4064039408866995,0.4482758620689655,0.4408866995073891,0.3756157635467981
0.5682,0.4326057414642432,0.019800816271914334,0.5041617122473245,0.40394088669950734,0.4445812807881773,0.438423645320197,0.3719211822660099
0.5684,0.4316375063699677,0.019347295482756478,0.5017835909631392,0.4076354679802956,0.44334975369458124,0.4347290640394088,0.3706896551724138
0.5686,0.4301851537285544,0.01943396967144038,0.4982164090368609,0.4064039408866995,0.4458128078817734,0.4334975369458128,0.3669950738916256
0.5688,0.4294802106335994,0.018648552555307524,0.4934601664684899,0.4064039408866995,0.44704433497536944,0.43226600985221675,0.36822660098522164
0.569,0.42850348224902335,0.018779671653369273,0.4922711058263972,0.4088669950738917,0.4445812807881773,0.43226600985221675,0.3645320197044335
0.5692,0.4270426363173093,0.018513335132841476,0.48989298454221164,0.41009852216748766,0.44334975369458124,0.42857142857142855,0.3633004926108374
0.5694,0.4263376932223544,0.018203638013872304,0.4851367419738407,0.41133004926108374,0.44334975369458124,0.43103448275862066,0.36083743842364535
0.5696,0.42586206896551726,0.01901311920069695,0.48275862068965514,0.41502463054187194,0.4458128078817734,0.4322660098522167,0.35344827586206895
0.5698,0.42611686767453716,0.018756613528682454,0.48156956004756246,0.41995073891625617,0.4458128078817734,0.42980295566502463,0.35344827586206895
0.57,0.42786648547647366,0.018697185673673285,0.4780023781212842,0.42610837438423654,0.4495073891625616,0.4334975369458128,0.35221674876847286
0.5702,0.42957363682690675,0.018393073083272368,0.4803804994054697,0.42610837438423643,0.44950738916256155,0.43596059113300495,0.355911330049261
0.5704,0.4315610667572618,0.0174921725209621,0.4780023781212842,0.42980295566502463,0.45320197044334976,0.4359605911330049,0.3608374384236453
0.5706,0.4308561236623068,0.017342647435364268,0.4732461355529132,0.4273399014778325,0.45443349753694584,0.4396551724137931,0.35960591133004927
0.5708,0.4340411075250553,0.018138412824130718,0.47562425683709875,0.43349753694581283,0.46059113300492616,0.4421182266009852,0.3583743842364532
0.571,0.43478002378121283,0.018464184176245044,0.4756242568370987,0.43472906403940886,0.46182266009852213,0.4445812807881774,0.3571428571428571
0.5712,0.4355274333276712,0.018881210531443447,0.47443519619500596,0.44334975369458124,0.4630541871921182,0.4421182266009852,0.35467980295566504
0.5714,0.4355444199082725,0.018841197888786774,0.4720570749108205,0.4433497536945813,0.4655172413793104,0.4421182266009852,0.35467980295566504
0.5716,0.4357907253269917,0.018649405082953943,0.47205707491082044,0.4458128078817734,0.4655172413793104,0.43965517241379315,0.3559113300492611
0.5718,0.4362748428741295,0.018248725520194794,0.47324613555291317,0.4482758620689655,0.46674876847290636,0.43349753694581283,0.35960591133004927
0.572,0.43800747409546464,0.018157043329141996,0.47205707491082044,0.45073891625615764,0.47167487684729065,0.43349753694581283,0.36206896551724144
0.5722,0.4367929335824699,0.018662967563491235,0.469678953626635,0.4495073891625616,0.4729064039408867,0.43349753694581283,0.3583743842364532
0.5724,0.43804144725666727,0.0183300553365452,0.46730083234244946,0.4556650246305419,0.47536945812807885,0.4298029556650246,0.3620689655172414
0.5726,0.43807542041786995,0.01861883207171541,0.4625445897740785,0.45935960591133007,0.4778325123152709,0.4298029556650247,0.3608374384236453
0.5728,0.44004586376762356,0.018106286222947802,0.4625445897740785,0.46059113300492616,0.479064039408867,0.4334975369458128,0.3645320197044335
0.573,0.4400628503482249,0.017927662435647966,0.46016646848989295,0.4630541871921182,0.479064039408867,0.4322660098522168,0.3657635467980296
0.5732,0.44177849498895866,0.017253031681547404,0.46135552913198574,0.4630541871921182,0.4802955665024631,0.4334975369458128,0.3706896551724138
0.5734,0.44251741124511634,0.01799122519946044,0.46135552913198574,0.4679802955665025,0.4827586206896552,0.43103448275862066,0.36945812807881767
0.5736,0.44348564633939197,0.018132995377728178,0.4637336504161712,0.4692118226600986,0.48275862068965514,0.4322660098522168,0.3694581280788177
0.5738,0.44447086801426866,0.018122817180249638,0.4637336504161712,0.47044334975369456,0.48275862068965514,0.435960591133005,0.3694581280788177
0.574,0.44497197214200773,0.018711520038140063,0.4625445897740785,0.47044334975369456,0.48768472906403937,0.43596059113300495,0.3682266009852217
0.5742,0.4452097842704264,0.018895902343201865,0.46373365041617126,0.47044334975369456,0.4889162561576355,0.43472906403940886,0.36822660098522164
0.5744,0.44567691523696273,0.01942283612890817,0.46730083234244946,0.4704433497536945,0.48891625615763545,0.43596059113300495,0.3657635467980296
0.5746,0.4459062340750807,0.019426189561273666,0.4696789536266349,0.47044334975369456,0.4876847290640394,0.43596059113300495,0.3657635467980296
0.5748,0.4468489892984543,0.01974201195779627,0.4756242568370987,0.46921182266009853,0.4864532019704434,0.43842364532019706,0.3645320197044335
0.575,0.449295056905045,0.019477161016317662,0.4780023781212842,0.4704433497536946,0.48891625615763545,0.4408866995073892,0.36822660098522164
0.5752,0.4507389162561576,0.01894791582947477,0.48275862068965514,0.47044334975369456,0.48645320197044334,0.4421182266009852,0.3719211822660099
0.5754,0.45196195005945305,0.01881007221547035,0.4839476813317479,0.4704433497536946,0.48891625615763545,0.44211822660098526,0.37438423645320196
0.5756,0.4534397825717683,0.018636534111778694,0.4839476813317479,0.4729064039408867,0.4889162561576355,0.4458128078817734,0.37561576354679804
0.5758,0.4534567691523696,0.01919977733585764,0.4815695600475624,0.4716748768472906,0.4913793103448276,0.45073891625615764,0.37192118226600984
0.576,0.45247154747749274,0.018613306420391943,0.4815695600475624,0.46921182266009853,0.4876847290640394,0.45073891625615764,0.37315270935960587
0.5762,0.4527433327671139,0.018144607890298384,0.47800237812128415,0.4704433497536945,0.48645320197044334,0.45443349753694584,0.37438423645320196
0.5764,0.452717852896212,0.016735750418140374,0.4815695600475624,0.4667487684729064,0.480295566502463,0.45443349753694584,0.3805418719211823
0.5766,0.45270086631561063,0.01647017138225582,0.4839476813317479,0.46428571428571425,0.4778325123152709,0.45566502463054187,0.38177339901477836
0.5768,0.45073042296585697,0.01668733096170948,0.4839476813317479,0.45935960591133007,0.4766009852216749,0.4544334975369458,0.3793103448275862
0.577,0.45073891625615764,0.017248415172425223,0.4827586206896552,0.45566502463054187,0.4802955665024631,0.45812807881773404,0.3768472906403941
0.5772,0.44952437574316295,0.016892048834958262,0.48038049940546973,0.45443349753694584,0.477832512315271,0.458128078817734,0.37684729064039413
0.5774,0.4500084932903007,0.01795660506315384,0.48156956004756246,0.4544334975369458,0.48275862068965514,0.45812807881773404,0.3731527093596059
0.5776,0.4482588754883642,0.018825640335357205,0.48513674197384066,0.4556650246305418,0.4802955665024631,0.4519704433497537,0.3682266009852217
0.5778,0.44482758620689655,0.020198245789087542,0.48275862068965514,0.45443349753694584,0.479064039408867,0.4495073891625616,0.35837438423645324
0.578,0.44725666723288604,0.019465557825965877,0.4875148632580262,0.4519704433497537,0.47783251231527096,0.45443349753694584,0.36453201970443355
0.5782,0.4455410225921522,0.019224354248962638,0.4863258026159334,0.44827586206896547,0.47660098522167493,0.45197044334975367,0.3645320197044335
0.5784,0.4440801766604383,0.019473658559447424,0.4839476813317479,0.4433497536945813,0.4766009852216749,0.45443349753694584,0.3620689655172414
0.5786,0.4440801766604382,0.01889174839635167,0.483947681331748,0.4408866995073892,0.4716748768472907,0.45935960591133007,0.3645320197044335
0.5788,0.4458128078817734,0.018388971876778414,0.48275862068965514,0.4408866995073892,0.4704433497536946,0.4667487684729065,0.3682266009852217
0.579,0.4438593511126211,0.019179090727904358,0.4803804994054697,0.4408866995073892,0.4679802955665025,0.46798029556650245,0.36206896551724144
0.5792,0.4448275862068966,0.020781522526437484,0.48275862068965514,0.4421182266009852,0.4704433497536946,0.4729064039408868,0.3559113300492611
0.5794,0.44358756582299996,0.020743155789658435,0.4839476813317479,0.4384236453201971,0.4655172413793104,0.4741379310344828,0.3559113300492611
0.5796,0.44138780363512825,0.021264374638464898,0.4815695600475624,0.43719211822660103,0.46551724137931033,0.47167487684729065,0.3509852216748769
0.5798,0.4382282996432818,0.02072675947574349,0.4756242568370987,0.4347290640394088,0.46305418719211827,0.4679802955665025,0.3497536945812808
0.58,0.43724307796840495,0.021097409696764026,0.4756242568370987,0.43349753694581283,0.4618226600985222,0.46798029556650245,0.3472906403940887
0.5802,0.43402412094445386,0.02161185967666239,0.47800237812128415,0.4310344827586207,0.45443349753694584,0.4642857142857143,0.3423645320197044
0.5804,0.4318158654662817,0.021264840062364388,0.4768133174791914,0.4273399014778325,0.45073891625615764,0.4618226600985222,0.34236453201970446
0.5806,0.4298539154068286,0.021891196336479134,0.47562425683709875,0.4261083743842365,0.4495073891625616,0.4605911330049261,0.3374384236453202
0.5808,0.4284100560557159,0.02129720410523723,0.4708680142687277,0.4285714285714285,0.44581280788177335,0.45935960591133007,0.3374384236453202
0.581,0.4276881263801597,0.021190973418493932,0.46848989298454224,0.43103448275862066,0.44581280788177347,0.45689655172413796,0.33620689655172414
0.5812,0.42598946832002715,0.021584127495529973,0.46492271105826394,0.42980295566502463,0.4445812807881774,0.458128078817734,0.33251231527093594
0.5814,0.4247494479361305,0.021829722329561582,0.4661117717003567,0.43226600985221675,0.4396551724137931,0.45566502463054187,0.3300492610837439
0.5816,0.4227705112960761,0.021946154637227343,0.4673008323424495,0.4285714285714286,0.43349753694581283,0.45566502463054187,0.3288177339901478
0.5818,0.4225242058773569,0.022719504245802137,0.4673008323424495,0.4310344827586207,0.4310344827586207,0.458128078817734,0.3251231527093596
0.582,0.4234584678104298,0.024093575747279338,0.47443519619500596,0.43596059113300495,0.4310344827586207,0.4556650246305418,0.32019704433497537
0.5822,0.4210463733650417,0.0242611618677154,0.46730083234244946,0.4396551724137931,0.42487684729064046,0.4568965517241379,0.3165024630541872
0.5824,0.42325462884321385,0.024708572356023643,0.4684898929845422,0.44581280788177335,0.4261083743842365,0.45935960591133007,0.31650246305418717
0.5826,0.4240020383896722,0.025016872610795247,0.46730083234244946,0.45197044334975367,0.4224137931034483,0.46182266009852213,0.31650246305418717
0.5828,0.42328860200441654,0.02600266176797985,0.4637336504161712,0.4532019704433497,0.42118226600985226,0.46674876847290636,0.31157635467980294
0.583,0.4232716154238152,0.026672272930564865,0.4661117717003567,0.458128078817734,0.41871921182266014,0.4642857142857143,0.3091133004926108
0.5832,0.424256837098692,0.026334907900322318,0.4661117717003567,0.45689655172413796,0.41995073891625617,0.4667487684729064,0.31157635467980294
0.5834,0.42598946832002715,0.02783064849788957,0.46492271105826394,0.4618226600985222,0.41871921182266014,0.4766009852216748,0.3078817733990148
0.5836,0.4252505520638695,0.028134840170081585,0.464922711058264,0.4605911330049261,0.4125615763546798,0.48029556650246297,0.3078817733990148
0.5838,0.42306777645659926,0.0277837857698574,0.46016646848989295,0.45935960591133,0.4088669950738916,0.47906403940886705,0.3078817733990148
0.584,0.4259979616103278,0.02811160437546049,0.4637336504161712,0.4605911330049261,0.4100985221674877,0.4852216748768473,0.3103448275862069
0.5842,0.4274588075420418,0.028379811714928645,0.46611177170035667,0.45935960591133007,0.40763546798029554,0.49137931034482757,0.312807881773399
0.5844,0.42918294547307634,0.027305447774452565,0.4661117717003567,0.45935960591133,0.4076354679802956,0.49261083743842365,0.32019704433497537
0.5846,0.4347715304909121,0.02710898344860386,0.4768133174791914,0.46428571428571425,0.41009852216748766,0.4950738916256157,0.3275862068965517
0.5848,0.43599456429420763,0.028104079175815873,0.47800237812128415,0.4679802955665025,0.4051724137931035,0.5012315270935961,0.3275862068965517
0.585,0.4374469169356209,0.028889504662180664,0.4815695600475624,0.4679802955665025,0.4014778325123152,0.5073891625615763,0.3288177339901478
0.5852,0.43746390351622216,0.029159692377208116,0.47919143876337694,0.4716748768472907,0.39901477832512317,0.5086206896551724,0.32881773399014774
0.5854,0.4379650076439613,0.02844603999382363,0.4780023781212842,0.46798029556650245,0.3990147783251232,0.5110837438423645,0.333743842364532
0.5856,0.4386869373195176,0.0284175680062905,0.4803804994054697,0.46921182266009853,0.39655172413793105,0.5110837438423645,0.33620689655172414
0.5858,0.43942585357567526,0.02801758849494158,0.4803804994054697,0.4704433497536946,0.39532019704433496,0.5110837438423645,0.3399014778325123
0.586,0.4425853575675216,0.028458502676319424,0.4863258026159334,0.46921182266009853,0.3977832512315271,0.5172413793103448,0.3423645320197044
0.5862,0.44354509937149655,0.028250268262828906,0.4898929845422117,0.47044334975369456,0.395320197044335,0.5160098522167489,0.3460591133004926
0.5864,0.44698488194326486,0.028191661700171133,0.4910820451843044,0.47660098522167493,0.39655172413793105,0.5197044334975369,0.35098522167487683
0.5866,0.4469933752335654,0.027874495871680442,0.48989298454221164,0.4766009852216748,0.39532019704433496,0.5197044334975369,0.35344827586206895
0.5868,0.44670460336334294,0.028456984303925865,0.49583828775267536,0.4766009852216748,0.3916256157635468,0.5172413793103449,0.35221674876847286
0.587,0.44768133174791913,0.028418034058042253,0.4970273483947681,0.479064039408867,0.39039408866995073,0.5172413793103448,0.354679802955665
0.5872,0.44863258026159325,0.029011111921779114,0.5017835909631391,0.48275862068965514,0.38793103448275856,0.5160098522167488,0.354679802955665
0.5874,0.44863258026159336,0.029376847574377862,0.5017835909631392,0.48152709359605905,0.38177339901477836,0.5197044334975369,0.3583743842364532
0.5876,0.45059453032104646,0.02946399796300235,0.5029726516052319,0.48275862068965514,0.38300492610837444,0.5233990147783252,0.3608374384236453
0.5878,0.4551978936640054,0.029588463439120513,0.5136741973840666,0.4852216748768473,0.3879310344827586,0.5246305418719212,0.3645320197044335
0.588,0.45543570579242393,0.029646264067169425,0.5148632580261593,0.48522167487684725,0.38669950738916253,0.5246305418719212,0.36576354679802947
0.5882,0.4544589774078478,0.02957710662760043,0.5136741973840666,0.4864532019704433,0.38300492610837433,0.5221674876847291,0.36699507389162556
0.5884,0.4561916086291829,0.02939383989745418,0.5124851367419738,0.48645320197044334,0.3842364532019704,0.5270935960591133,0.3706896551724138
0.5886,0.4562001019194836,0.02886989835973228,0.511296076099881,0.48645320197044334,0.38177339901477836,0.5258620689655172,0.37561576354679804
0.5888,0.4574146424324784,0.029262330839552306,0.5136741973840666,0.4889162561576354,0.3793103448275862,0.5270935960591133,0.3780788177339901
0.589,0.4595974180397485,0.030024523855999987,0.5184304399524375,0.4926108374384236,0.3780788177339901,0.5295566502463054,0.3793103448275862
0.5892,0.4608204518430439,0.029976705894840576,0.5196195005945303,0.49014778325123154,0.3780788177339901,0.5332512315270935,0.38300492610837433
0.5894,0.4642517411245116,0.029690838353496257,0.5219976218787159,0.4926108374384236,0.38300492610837433,0.5369458128078818,0.3866995073891626
0.5896,0.46549176150840826,0.02880899431324943,0.5208085612366231,0.4926108374384236,0.39039408866995073,0.5369458128078818,0.3866995073891626
0.5898,0.46892305078987595,0.028377102020205693,0.5231866825208086,0.4938423645320197,0.397783251231527,0.5406403940886699,0.38916256157635465
0.59,0.4696364871751316,0.028551834770195194,0.5267538644470868,0.4913793103448276,0.39655172413793105,0.541871921182266,0.3916256157635468
0.5902,0.46939018175641245,0.029021259521691926,0.5267538644470868,0.49014778325123154,0.3916256157635468,0.5443349753694582,0.39408866995073893
0.5904,0.4701290980125701,0.02820962877575281,0.5267538644470868,0.48891625615763545,0.39655172413793105,0.5431034482758621,0.39532019704433496
0.5906,0.46939018175641245,0.02817914858452575,0.5267538644470868,0.48768472906403937,0.39532019704433496,0.541871921182266,0.39532019704433496
0.5908,0.4725666723288602,0.027342240396689532,0.530321046373365,0.4889162561576355,0.4002463054187192,0.541871921182266,0.4014778325123153
0.591,0.4727874978766774,0.02756630899932786,0.5338882282996432,0.49014778325123154,0.4002463054187192,0.539408866995074,0.4002463054187192
0.5912,0.471564464073382,0.026584255338001128,0.5326991676575505,0.48891625615763545,0.4014778325123153,0.5332512315270936,0.4014778325123153
0.5914,0.47230338032953967,0.026768165482734765,0.5326991676575505,0.49137931034482757,0.4002463054187192,0.5344827586206897,0.40270935960591137
0.5916,0.47157295736368277,0.026031098175920565,0.5315101070154578,0.4864532019704434,0.4014778325123153,0.5332512315270936,0.4051724137931034
0.5918,0.4732716154238152,0.026091021749102543,0.5350772889417361,0.48645320197044334,0.4039408866995074,0.5344827586206897,0.4064039408866995
0.592,0.4744776626465092,0.02585410580288168,0.5386444708680143,0.48768472906403937,0.4051724137931035,0.5320197044334976,0.40886699507389157
0.5922,0.4746984881943265,0.026154092578985565,0.5422116527942925,0.48891625615763545,0.4051724137931035,0.5295566502463054,0.40763546798029554
0.5924,0.47323764226261256,0.025959234049468816,0.539833531510107,0.48891625615763545,0.4051724137931034,0.5270935960591133,0.4051724137931035
0.5926,0.4732206556820112,0.026784677616314787,0.5422116527942925,0.49137931034482757,0.40270935960591137,0.5270935960591133,0.4027093596059113
0.5928,0.47442670290470534,0.026613246143168193,0.5457788347205708,0.49261083743842365,0.40394088669950745,0.5246305418719212,0.4051724137931034
0.593,0.47489383387124173,0.02681397901682893,0.549346016646849,0.4901477832512315,0.4064039408866995,0.5246305418719213,0.4039408866995074
0.5932,0.47220146084593173,0.02709799836755273,0.5469678953626635,0.48522167487684725,0.4051724137931035,0.5246305418719213,0.39901477832512317
0.5934,0.4734414812298285,0.026591211803566883,0.5457788347205708,0.48645320197044334,0.4088669950738916,0.5258620689655172,0.4002463054187192
0.5936,0.4751741124511636,0.026054980043857232,0.544589774078478,0.4876847290640394,0.4125615763546798,0.5283251231527093,0.40270935960591137
0.5938,0.4751741124511636,0.02521966564859146,0.544589774078478,0.4827586206896552,0.41379310344827586,0.5270935960591133,0.4076354679802956
0.594,0.47492780703244436,0.024495407839351304,0.5445897740784781,0.4827586206896552,0.41871921182266014,0.5221674876847291,0.40640394088669946
0.5942,0.4754034312892815,0.024275789121837855,0.5469678953626635,0.48152709359605905,0.4236453201970443,0.5197044334975369,0.4051724137931034
0.5944,0.474910820451843,0.02387171681397302,0.5469678953626635,0.479064039408867,0.4261083743842365,0.5172413793103449,0.4051724137931034
0.5946,0.4780873110242908,0.024226809482089714,0.5505350772889418,0.4815270935960591,0.42980295566502463,0.522167487684729,0.40640394088669946
0.5948,0.47782401902497024,0.024365313420199382,0.5529131985731273,0.48275862068965525,0.4285714285714286,0.5184729064039408,0.4064039408866995
0.595,0.47825717683030405,0.025212297566185662,0.5612366230677764,0.479064039408867,0.4273399014778325,0.5160098522167487,0.4076354679802956
0.5952,0.4797095294717173,0.024978656745321726,0.5648038049940547,0.4778325123152709,0.4285714285714286,0.5147783251231527,0.4125615763546798
0.5954,0.48166298624086973,0.024601437793428226,0.5671819262782403,0.4766009852216749,0.43596059113300495,0.5147783251231527,0.4137931034482758
0.5956,0.48238491591642596,0.024882161626309875,0.5695600475624256,0.47783251231527096,0.43472906403940886,0.5147783251231528,0.4150246305418719
0.5958,0.4818753184983863,0.025477060600355553,0.5719381688466112,0.4766009852216749,0.43596059113300495,0.5135467980295567,0.41133004926108374
0.596,0.48259724817394256,0.025442369208718223,0.5743162901307967,0.47413793103448276,0.43596059113300495,0.5135467980295567,0.4150246305418719
0.5962,0.48308985901138096,0.025033394760730937,0.5743162901307967,0.47413793103448276,0.437192118226601,0.5123152709359606,0.417487684729064
0.5964,0.4825547817224393,0.02594770495330812,0.5802615933412604,0.4729064039408868,0.4408866995073892,0.5061576354679802,0.4125615763546798
0.5966,0.4842704263631731,0.026034556336738728,0.5814506539833532,0.4766009852216749,0.4408866995073892,0.5086206896551724,0.41379310344827586
0.5968,0.4842449464922711,0.026555839187959326,0.5850178359096314,0.4766009852216749,0.4433497536945813,0.5049261083743842,0.41133004926108374
0.597,0.4844827586206897,0.02657040753046105,0.5862068965517242,0.4716748768472907,0.4458128078817734,0.5061576354679802,0.4125615763546798
0.5972,0.4854255138440632,0.02769035226223283,0.5921521997621879,0.4729064039408867,0.4482758620689655,0.5049261083743842,0.4088669950738916
0.5974,0.4854340071343639,0.027782493804154866,0.5909631391200951,0.47167487684729065,0.4482758620689655,0.5086206896551724,0.4076354679802956
0.5976,0.486614574486156,0.028597188187292642,0.5980975029726516,0.46921182266009853,0.4507389162561576,0.5061576354679803,0.4088669950738917
0.5978,0.48635128248683535,0.029403514896292317,0.6004756242568371,0.46551724137931033,0.4507389162561577,0.5086206896551724,0.4064039408866995
0.598,0.4856123662306778,0.029560626693534046,0.6004756242568371,0.4667487684729065,0.45320197044334976,0.5049261083743842,0.40270935960591137
0.5982,0.48367589604212674,0.02863563326940384,0.5957193816884662,0.46305418719211827,0.4519704433497537,0.5024630541871922,0.4051724137931034
0.5984,0.4850942755223374,0.03021422578264783,0.6040428061831153,0.4605911330049261,0.45443349753694584,0.5036945812807883,0.40270935960591137
0.5986,0.4863003227450314,0.03075704007040094,0.6076099881093935,0.46059113300492616,0.45320197044334976,0.5061576354679803,0.40394088669950734
0.5988,0.4840835739765586,0.031180726241989188,0.6076099881093936,0.4556650246305419,0.4519704433497537,0.5036945812807883,0.4014778325123153
0.599,0.48261423475454396,0.03184288152316056,0.6064209274673009,0.45443349753694584,0.4556650246305419,0.5036945812807883,0.39285714285714285
0.5992,0.4828520468829624,0.032135765209287945,0.6076099881093936,0.45566502463054187,0.4618226600985222,0.5,0.38916256157635465
0.5994,0.4801681671479532,0.03260150781846,0.6040428061831153,0.45689655172413796,0.46428571428571436,0.49630541871921185,0.3793103448275862
0.5996,0.47968404960081534,0.03228804620503901,0.6028537455410226,0.4593596059113301,0.4642857142857143,0.49261083743842365,0.3793103448275862
0.5998,0.480372006115169,0.03370629087515887,0.6099881093935791,0.46059113300492616,0.4618226600985222,0.4926108374384236,0.37684729064039413
0.6,0.4810854425004247,0.03418740117929933,0.6135552913198573,0.45812807881773404,0.4618226600985222,0.49384236453201974,0.37807881773399016
