time,mean_auc,se_auc,fold_1,fold_2,fold_3,fold_4,fold_5
-0.1,0.599054820415879,0.02996319164907373,0.552536231884058,0.5434782608695652,0.6666666666666667,0.6938405797101449,0.5387523629489603
-0.0998,0.6001260239445495,0.02960038453965526,0.5579710144927537,0.5452898550724637,0.6684782608695652,0.6920289855072463,0.5368620037807184
-0.0996,0.5994013862633901,0.029901048237805126,0.5561594202898551,0.5434782608695652,0.6666666666666666,0.6938405797101449,0.5368620037807184
-0.0994,0.5979206049149338,0.03090830696786673,0.5579710144927537,0.536231884057971,0.6666666666666666,0.6956521739130435,0.5330812854442344
-0.0992,0.596817895400126,0.031052672981478412,0.5579710144927537,0.5344202898550724,0.6648550724637682,0.6956521739130435,0.5311909262759924
-0.099,0.6022999369880278,0.031511273973394864,0.5670289855072463,0.536231884057971,0.6630434782608695,0.7083333333333334,0.5368620037807184
-0.0988,0.6037964713295526,0.03230183706394227,0.5670289855072463,0.5307971014492754,0.6666666666666666,0.7119565217391304,0.5425330812854442
-0.0986,0.6048676748582231,0.03236588503044018,0.5742753623188406,0.5307971014492753,0.6630434782608696,0.7155797101449275,0.5406427221172023
-0.0984,0.6052299936988027,0.033668071307010515,0.5778985507246376,0.5235507246376812,0.6630434782608696,0.7210144927536232,0.5406427221172022
-0.0982,0.6078134845620667,0.0331409235286874,0.5797101449275361,0.5253623188405796,0.6684782608695652,0.7192028985507246,0.5463137996219282
-0.098,0.6077662255828609,0.0340826873959584,0.5778985507246377,0.5271739130434783,0.6702898550724639,0.7228260869565217,0.5406427221172023
-0.0978,0.6070258349086327,0.03451813584130134,0.5706521739130435,0.5289855072463768,0.6757246376811594,0.7210144927536232,0.5387523629489603
-0.0976,0.6055450535601764,0.035368356785313165,0.568840579710145,0.5253623188405797,0.6775362318840581,0.7210144927536232,0.5349716446124764
-0.0974,0.6051984877126653,0.0354622274570521,0.5670289855072463,0.5235507246376812,0.677536231884058,0.7210144927536232,0.5368620037807184
-0.0972,0.6052299936988028,0.03526396783021228,0.5615942028985508,0.5253623188405797,0.677536231884058,0.7210144927536232,0.5406427221172023
-0.097,0.6051512287334593,0.03540025977551983,0.5742753623188406,0.5235507246376812,0.677536231884058,0.7192028985507247,0.5311909262759924
-0.0968,0.604820415879017,0.03543925891004103,0.5778985507246377,0.5163043478260869,0.677536231884058,0.717391304347826,0.5349716446124764
-0.0966,0.6055608065532452,0.0361236115447466,0.5815217391304348,0.5108695652173914,0.6793478260869565,0.7192028985507246,0.5368620037807184
-0.0964,0.6062696912413359,0.03626297534522112,0.5833333333333334,0.5126811594202899,0.6793478260869565,0.7210144927536232,0.5349716446124764
-0.0962,0.607356647763075,0.035963507010469256,0.5833333333333334,0.5163043478260869,0.6829710144927537,0.7192028985507246,0.5349716446124764
-0.096,0.6070100819155639,0.03577422248906866,0.5833333333333334,0.5144927536231885,0.6829710144927537,0.7173913043478262,0.5368620037807184
-0.0958,0.6058916194076873,0.0365568330166354,0.5869565217391304,0.5090579710144928,0.6829710144927535,0.717391304347826,0.5330812854442344
-0.0956,0.6055293005671079,0.03705917918944665,0.5815217391304348,0.5090579710144928,0.6847826086956521,0.7192028985507246,0.5330812854442344
-0.0954,0.6058916194076875,0.037282197046843775,0.5815217391304348,0.5090579710144928,0.6847826086956522,0.7210144927536232,0.5330812854442344
-0.0952,0.6076874606175173,0.037117444158521876,0.5905797101449275,0.5108695652173912,0.6829710144927537,0.7228260869565217,0.5311909262759924
-0.095,0.609499054820416,0.0373247642723079,0.5996376811594203,0.5090579710144927,0.6847826086956522,0.7228260869565218,0.5311909262759924
-0.0948,0.6087429111531191,0.03823841444181836,0.6014492753623188,0.5054347826086957,0.6847826086956521,0.7246376811594203,0.5274102079395084
-0.0946,0.6065689981096407,0.0383944943780237,0.5960144927536231,0.5018115942028986,0.6865942028985507,0.7210144927536232,0.5274102079395084
-0.0944,0.6058601134215501,0.03891931164685613,0.5978260869565217,0.4945652173913043,0.6902173913043478,0.717391304347826,0.5293005671077505
-0.0942,0.6065847511027095,0.03911355184649117,0.5996376811594203,0.4945652173913044,0.6902173913043478,0.7192028985507247,0.5293005671077505
-0.094,0.6076717076244487,0.0394647030824452,0.6014492753623188,0.4945652173913043,0.6920289855072463,0.7210144927536232,0.5293005671077504
-0.0938,0.6069628229363578,0.03902255818717427,0.5996376811594203,0.4945652173913044,0.6884057971014493,0.7210144927536232,0.5311909262759924
-0.0936,0.6059231253938249,0.03904073142516708,0.5996376811594203,0.4873188405797102,0.6884057971014492,0.717391304347826,0.5368620037807184
-0.0934,0.6063169502205419,0.038907586624135855,0.5996376811594203,0.48550724637681164,0.6920289855072463,0.7137681159420289,0.5406427221172023
-0.0932,0.604127284183995,0.03983009022482673,0.5996376811594202,0.4782608695652174,0.6884057971014492,0.7155797101449276,0.5387523629489603
-0.093,0.6026937618147448,0.03940334293153668,0.5905797101449275,0.48007246376811596,0.6865942028985508,0.7155797101449275,0.5406427221172023
-0.0928,0.6005040957781979,0.0391847461860767,0.5851449275362319,0.48007246376811596,0.6865942028985507,0.7119565217391305,0.5387523629489603
-0.0926,0.5986925015752993,0.03974157648214782,0.576086956521739,0.4782608695652174,0.6884057971014492,0.7119565217391305,0.5387523629489603
-0.0924,0.5957309388783869,0.040305870470902214,0.572463768115942,0.47644927536231885,0.6884057971014492,0.7101449275362319,0.5311909262759924
-0.0922,0.5960775047258979,0.039589289392677876,0.572463768115942,0.48188405797101447,0.6884057971014492,0.7083333333333334,0.5293005671077504
-0.092,0.5945967233774418,0.0402323424534438,0.572463768115942,0.4782608695652174,0.6902173913043478,0.7065217391304348,0.5255198487712666
-0.0918,0.5968336483931947,0.039862951917295705,0.5742753623188405,0.4782608695652174,0.6920289855072463,0.7065217391304348,0.5330812854442344
-0.0916,0.5961090107120354,0.0400879126940854,0.5760869565217391,0.4746376811594203,0.6902173913043478,0.7065217391304348,0.5330812854442344
-0.0914,0.5960775047258979,0.03993265609251298,0.576086956521739,0.4782608695652174,0.6884057971014493,0.7083333333333333,0.5293005671077505
-0.0912,0.593887838689351,0.03955953270892824,0.572463768115942,0.47826086956521735,0.6865942028985508,0.7047101449275363,0.5274102079395085
-0.091,0.5910050409577818,0.03945272626576569,0.5688405797101449,0.47282608695652173,0.681159420289855,0.7028985507246376,0.5293005671077504
-0.0908,0.5917296786389412,0.03965229941008753,0.5670289855072463,0.4746376811594203,0.6829710144927535,0.7047101449275363,0.5293005671077504
-0.0906,0.5902488972904851,0.040053163778461416,0.5597826086956521,0.47644927536231885,0.6847826086956521,0.7047101449275363,0.5255198487712665
-0.0904,0.5865942028985507,0.03991563251367317,0.5543478260869564,0.4746376811594203,0.681159420289855,0.7010869565217391,0.5217391304347826
-0.0902,0.5870195337114051,0.037797503224097764,0.556159420289855,0.4782608695652174,0.677536231884058,0.6938405797101449,0.5293005671077504
-0.09,0.583790170132325,0.038515262032458336,0.5489130434782609,0.4692028985507246,0.6757246376811594,0.6920289855072465,0.5330812854442344
-0.0898,0.5820258349086326,0.037910366443139186,0.5434782608695652,0.46739130434782605,0.6721014492753623,0.6884057971014493,0.5387523629489602
-0.0896,0.5798519218651543,0.0371445248117699,0.5380434782608695,0.4692028985507246,0.6702898550724637,0.6829710144927537,0.5387523629489603
-0.0894,0.580166981726528,0.03711104537417046,0.5398550724637681,0.47282608695652173,0.6702898550724637,0.6847826086956522,0.5330812854442344
-0.0892,0.579080025204789,0.037359092406248635,0.5344202898550725,0.47282608695652173,0.6702898550724637,0.6847826086956522,0.5330812854442344
-0.089,0.5794265910523,0.03637505342709445,0.536231884057971,0.4782608695652174,0.6684782608695652,0.6829710144927535,0.5311909262759924
-0.0888,0.5765280403276623,0.035779570322581083,0.5326086956521738,0.47644927536231885,0.6648550724637681,0.677536231884058,0.5311909262759924
-0.0886,0.5728890989287965,0.035061545351960405,0.5344202898550725,0.47101449275362317,0.6594202898550725,0.6702898550724637,0.5293005671077504
-0.0884,0.5714555765595464,0.03484199843071052,0.5344202898550725,0.46739130434782605,0.6557971014492753,0.6684782608695653,0.5311909262759924
-0.0882,0.5710775047258979,0.0341248853749133,0.5344202898550725,0.47101449275362317,0.6539855072463768,0.6666666666666666,0.5293005671077504
-0.088,0.5703528670447385,0.03451530319159203,0.5344202898550724,0.46739130434782605,0.657608695652174,0.6630434782608695,0.5293005671077504
-0.0878,0.5699905482041588,0.034321680501483806,0.5344202898550725,0.46739130434782605,0.657608695652174,0.6612318840579711,0.5293005671077504
-0.0876,0.5685255198487712,0.03397473985147814,0.5307971014492754,0.4692028985507246,0.6557971014492754,0.6594202898550725,0.5274102079395084
-0.0874,0.5674228103339635,0.03397842094654433,0.5289855072463768,0.4692028985507246,0.6521739130434783,0.661231884057971,0.5255198487712666
-0.0872,0.5666666666666667,0.03477279450914488,0.5253623188405797,0.4692028985507246,0.6503623188405797,0.6666666666666667,0.5217391304347826
-0.087,0.5633585381222431,0.03367576984570526,0.5271739130434783,0.4692028985507246,0.6431159420289855,0.661231884057971,0.5160680529300566
-0.0868,0.5612003780718336,0.034450682957469815,0.5253623188405797,0.4601449275362318,0.644927536231884,0.657608695652174,0.5179584120982986
-0.0866,0.5597826086956522,0.033506168178831584,0.5289855072463768,0.4565217391304347,0.6358695652173914,0.6557971014492754,0.5217391304347826
-0.0864,0.5609010712035287,0.0326846887323902,0.5289855072463768,0.4601449275362319,0.6358695652173914,0.6539855072463768,0.5255198487712665
-0.0862,0.557608695652174,0.03169161289808922,0.5307971014492754,0.4583333333333333,0.6304347826086956,0.6467391304347826,0.5217391304347826
-0.086,0.5562224322621299,0.03046239000905326,0.5235507246376812,0.4601449275362319,0.628623188405797,0.6394927536231884,0.5293005671077505
-0.0858,0.5580497794580971,0.02974881732837645,0.5271739130434783,0.46376811594202894,0.6322463768115942,0.6358695652173914,0.5311909262759924
-0.0856,0.5573408947700063,0.02821474959853201,0.5307971014492753,0.46557971014492755,0.6249999999999999,0.6322463768115942,0.5330812854442344
-0.0854,0.5588216761184625,0.027375270159939423,0.5326086956521738,0.46920289855072467,0.6231884057971014,0.6322463768115942,0.5368620037807182
-0.0852,0.557750472589792,0.027100069525641708,0.5289855072463767,0.46920289855072467,0.6213768115942029,0.6304347826086956,0.5387523629489602
-0.085,0.5566792690611215,0.02546292475882038,0.5289855072463768,0.4728260869565218,0.6177536231884058,0.6231884057971014,0.5406427221172022
-0.0848,0.557403906742281,0.024226652955637626,0.5344202898550725,0.47644927536231885,0.6141304347826086,0.6213768115942029,0.5406427221172022
-0.0846,0.5551827347195968,0.023172364729153388,0.5362318840579711,0.4782608695652174,0.6141304347826088,0.6123188405797101,0.5349716446124764
-0.0844,0.554473850031506,0.02385571813716868,0.5362318840579711,0.47282608695652173,0.6105072463768115,0.6159420289855072,0.5368620037807184
-0.0842,0.5530403276622559,0.024067641194205847,0.5307971014492754,0.47101449275362317,0.6086956521739131,0.6159420289855072,0.5387523629489603
-0.084,0.5526780088216762,0.022074293205314368,0.5380434782608696,0.47463768115942034,0.605072463768116,0.6068840579710144,0.5387523629489603
-0.0838,0.5516225582860744,0.022057504926897495,0.5416666666666666,0.46920289855072467,0.6068840579710144,0.5978260869565217,0.5425330812854442
-0.0836,0.5490863264020164,0.022223932701150865,0.5416666666666666,0.46376811594202894,0.6032608695652173,0.5942028985507246,0.5425330812854442
-0.0834,0.5480151228733459,0.020402487011610595,0.5362318840579711,0.47101449275362317,0.5996376811594203,0.5887681159420289,0.5444234404536862
-0.0832,0.5428954001260239,0.020665796780358667,0.5380434782608696,0.4619565217391304,0.5923913043478262,0.5833333333333333,0.5387523629489603
-0.083,0.5428796471329551,0.020214639437162257,0.5398550724637681,0.463768115942029,0.5905797101449276,0.5833333333333333,0.5368620037807184
-0.0828,0.54174543163201,0.020307410597224126,0.5398550724637682,0.46376811594202894,0.5905797101449276,0.5833333333333334,0.5311909262759924
-0.0826,0.5399180844360428,0.019199265584957534,0.5362318840579711,0.46739130434782605,0.5887681159420289,0.5778985507246377,0.5293005671077504
-0.0824,0.5391619407687461,0.017675383315031528,0.5362318840579711,0.47463768115942023,0.588768115942029,0.5706521739130435,0.5255198487712666
-0.0822,0.5395242596093258,0.017547043945785403,0.5380434782608695,0.4746376811594203,0.5851449275362318,0.5742753623188406,0.5255198487712666
-0.082,0.5376969124133585,0.017809448061976377,0.5344202898550725,0.47282608695652173,0.5869565217391305,0.5706521739130435,0.5236294896030246
-0.0818,0.5384530560806554,0.01753112655981998,0.532608695652174,0.4746376811594203,0.588768115942029,0.568840579710145,0.5274102079395084
-0.0816,0.5395715185885318,0.017506978124825563,0.532608695652174,0.47463768115942023,0.5869565217391305,0.572463768115942,0.5311909262759924
-0.0814,0.5399023314429742,0.01775061910264797,0.5362318840579711,0.4746376811594203,0.588768115942029,0.572463768115942,0.5274102079395084
-0.0812,0.5377284183994958,0.018149608453281407,0.532608695652174,0.47101449275362317,0.5905797101449276,0.5670289855072463,0.5274102079395084
-0.081,0.5399023314429742,0.01693307683215492,0.5380434782608696,0.47826086956521735,0.5905797101449276,0.5652173913043478,0.5274102079395084
-0.0808,0.5409735349716447,0.016853514689373468,0.5434782608695652,0.48007246376811596,0.592391304347826,0.5634057971014492,0.5255198487712666
-0.0806,0.5420762444864524,0.01659038339749541,0.5398550724637681,0.483695652173913,0.5942028985507246,0.5652173913043479,0.5274102079395084
-0.0804,0.5438878386893509,0.016058589080714225,0.5416666666666666,0.48913043478260865,0.5960144927536232,0.5652173913043478,0.5274102079395084
-0.0802,0.5464083175803403,0.01782074216535065,0.552536231884058,0.483695652173913,0.6014492753623188,0.5688405797101449,0.5255198487712666
-0.08,0.5475267800882169,0.017083924523368245,0.548913043478261,0.48731884057971014,0.5996376811594204,0.572463768115942,0.5293005671077504
-0.0798,0.5485664776307498,0.01700816454657437,0.552536231884058,0.4927536231884057,0.6032608695652174,0.5706521739130435,0.5236294896030246
-0.0796,0.5492911153119093,0.017637027401749987,0.552536231884058,0.49275362318840576,0.6086956521739131,0.568840579710145,0.5236294896030247
-0.0794,0.5548046628859483,0.016542103935217614,0.5561594202898551,0.5018115942028986,0.6123188405797102,0.5706521739130435,0.5330812854442344
-0.0792,0.5551512287334595,0.016192903019543202,0.5561594202898551,0.5054347826086957,0.6123188405797102,0.5706521739130435,0.5311909262759924
-0.079,0.5573093887838689,0.015532444775053608,0.5561594202898551,0.5126811594202898,0.6105072463768115,0.5778985507246377,0.5293005671077505
-0.0788,0.5591524889729049,0.01612883409964741,0.552536231884058,0.5144927536231885,0.6177536231884059,0.5778985507246377,0.5330812854442344
-0.0786,0.5613264020163833,0.017058296406042693,0.5543478260869565,0.5144927536231885,0.6231884057971014,0.5815217391304348,0.5330812854442344
-0.0784,0.5609483301827347,0.01715578912767448,0.5507246376811594,0.5163043478260869,0.6231884057971014,0.5833333333333334,0.5311909262759924
-0.0782,0.5605545053560176,0.017528196186291038,0.5507246376811594,0.5163043478260869,0.6231884057971014,0.5851449275362318,0.5274102079395084
-0.078,0.56208254568368,0.01693629772792208,0.548913043478261,0.5163043478260869,0.6231884057971014,0.5851449275362319,0.5368620037807184
-0.0778,0.5664776307498425,0.017118843597686367,0.5543478260869565,0.519927536231884,0.6304347826086956,0.5851449275362319,0.5425330812854442
-0.0776,0.5697227473219911,0.017319789401455343,0.5597826086956521,0.5235507246376812,0.6322463768115942,0.592391304347826,0.5406427221172023
-0.0774,0.571912413358538,0.017755489128125867,0.5615942028985508,0.5253623188405797,0.6376811594202898,0.592391304347826,0.5425330812854442
-0.0772,0.5744801512287335,0.0186168736123107,0.5670289855072463,0.5235507246376812,0.644927536231884,0.5905797101449276,0.5463137996219282
-0.077,0.5751417769376181,0.019756702784372936,0.5706521739130435,0.5235507246376812,0.648550724637681,0.5942028985507247,0.5387523629489603
-0.0768,0.576591052299937,0.019971398338420772,0.5724637681159421,0.5235507246376812,0.6485507246376812,0.5996376811594203,0.5387523629489603
-0.0766,0.5769691241335855,0.020571326938366958,0.5724637681159421,0.519927536231884,0.6503623188405797,0.6014492753623188,0.5406427221172023
-0.0764,0.579174543163201,0.02085448074597643,0.5851449275362318,0.5163043478260869,0.6521739130434783,0.5978260869565217,0.5444234404536863
-0.0762,0.5798991808443604,0.021130825564462885,0.5869565217391304,0.5163043478260869,0.6539855072463768,0.5978260869565217,0.5444234404536862
-0.076,0.5809703843730308,0.021807627947206174,0.5923913043478262,0.5163043478260869,0.657608695652174,0.5960144927536232,0.5425330812854443
-0.0758,0.5853497164461248,0.02228006351477482,0.5960144927536232,0.5217391304347827,0.6666666666666667,0.5960144927536232,0.5463137996219282
-0.0756,0.5868147448015123,0.023432135307425144,0.5978260869565217,0.5181159420289855,0.6721014492753623,0.5978260869565217,0.54820415879017
-0.0754,0.587523629489603,0.023672565232265925,0.6014492753623188,0.5181159420289855,0.6721014492753623,0.5996376811594203,0.5463137996219282
-0.0752,0.5912255828607436,0.024870153740460723,0.6014492753623188,0.5163043478260869,0.6829710144927537,0.5996376811594203,0.555765595463138
-0.075,0.592690611216131,0.02435769742921329,0.6032608695652175,0.519927536231884,0.6829710144927537,0.5996376811594203,0.55765595463138
-0.0748,0.5934310018903591,0.024797186640905643,0.605072463768116,0.519927536231884,0.6865942028985508,0.5960144927536233,0.5595463137996219
-0.0746,0.5945179584120983,0.02484942658400907,0.6032608695652173,0.5217391304347826,0.6884057971014492,0.5996376811594204,0.5595463137996219
-0.0744,0.5955891619407687,0.026026648736347892,0.6032608695652173,0.519927536231884,0.693840579710145,0.6032608695652174,0.55765595463138
-0.0742,0.5966761184625078,0.026098698230266417,0.6050724637681159,0.5199275362318841,0.693840579710145,0.6068840579710144,0.55765595463138
-0.074,0.5981096408317581,0.02708663462916068,0.605072463768116,0.519927536231884,0.6992753623188406,0.6105072463768116,0.555765595463138
-0.0738,0.5977315689981098,0.027939871952874572,0.6032608695652174,0.5181159420289855,0.7028985507246377,0.6105072463768116,0.553875236294896
-0.0736,0.5973219911783239,0.029367716484573182,0.6014492753623188,0.5181159420289855,0.7101449275362319,0.6086956521739131,0.5482041587901701
-0.0734,0.5967076244486453,0.029320035066222223,0.5978260869565217,0.5090579710144927,0.7083333333333333,0.6068840579710145,0.5614366729678639
-0.0732,0.5996376811594202,0.030300774676891414,0.5978260869565217,0.5090579710144927,0.7155797101449275,0.6105072463768115,0.5652173913043478
-0.073,0.600346565847511,0.02940586367529752,0.5923913043478262,0.5181159420289855,0.7155797101449275,0.6123188405797102,0.5633270321361058
-0.0728,0.6010396975425331,0.02910473990403374,0.5905797101449276,0.5235507246376812,0.7155797101449275,0.6159420289855072,0.5595463137996219
-0.0726,0.5999369880277253,0.028837697769977994,0.592391304347826,0.5235507246376812,0.713768115942029,0.6123188405797102,0.55765595463138
-0.0724,0.6002835538752362,0.030278772205390943,0.5905797101449275,0.519927536231884,0.7192028985507246,0.6159420289855073,0.555765595463138
-0.0722,0.6024574669187145,0.030175674645526885,0.5942028985507246,0.5235507246376812,0.7210144927536233,0.6177536231884058,0.5557655954631381
-0.072,0.6028197857592942,0.0305897864402166,0.5905797101449275,0.5235507246376812,0.7228260869565217,0.6213768115942029,0.555765595463138
-0.0718,0.6039540012602395,0.029902337916124132,0.5833333333333333,0.5289855072463767,0.7228260869565217,0.6231884057971014,0.5614366729678639
-0.0716,0.6072148708254568,0.029240698775003272,0.5833333333333333,0.5398550724637681,0.7246376811594204,0.6268115942028986,0.5614366729678639
-0.0714,0.6068525519848771,0.030581843362721343,0.576086956521739,0.536231884057971,0.7282608695652175,0.6322463768115942,0.5614366729678639
-0.0712,0.6032136105860113,0.030923174346031486,0.5634057971014492,0.536231884057971,0.7264492753623188,0.6304347826086957,0.5595463137996219
-0.071,0.6039067422810334,0.03174524308331952,0.5597826086956522,0.5398550724637681,0.7300724637681159,0.6340579710144928,0.555765595463138
-0.0708,0.6020793950850661,0.031675512716998463,0.5543478260869564,0.5398550724637681,0.7264492753623188,0.6358695652173914,0.553875236294896
-0.0706,0.6013074984247007,0.03225821747160708,0.548913043478261,0.5452898550724637,0.7282608695652174,0.6358695652173914,0.5482041587901701
-0.0704,0.6020478890989287,0.03221390098111359,0.5489130434782609,0.5452898550724637,0.7282608695652174,0.6376811594202898,0.5500945179584121
-0.0702,0.5983931947069943,0.032640980155325273,0.5398550724637681,0.5434782608695652,0.7246376811594203,0.6376811594202898,0.546313799621928
-0.07,0.5983774417139256,0.03288431171677383,0.536231884057971,0.5471014492753623,0.7246376811594203,0.6394927536231884,0.5444234404536862
-0.0698,0.5983459357277884,0.03385491276378854,0.5289855072463768,0.552536231884058,0.7264492753623188,0.6431159420289855,0.5406427221172023
-0.0696,0.5972274732199118,0.034687980566268914,0.5253623188405797,0.552536231884058,0.7282608695652174,0.6431159420289856,0.5368620037807184
-0.0694,0.5932262129804663,0.03707630552791167,0.5090579710144928,0.5452898550724637,0.7300724637681159,0.6467391304347826,0.5349716446124764
-0.0692,0.5925330812854442,0.037887264222634845,0.5018115942028986,0.5434782608695653,0.7318840579710144,0.6467391304347825,0.5387523629489602
-0.069,0.591052299936988,0.0386509179316493,0.4981884057971015,0.5416666666666666,0.7318840579710144,0.6485507246376812,0.5349716446124764
-0.0688,0.5913831127914304,0.040285417184771966,0.49637681159420294,0.5362318840579711,0.7336956521739131,0.6594202898550725,0.5311909262759924
-0.0686,0.5913988657844991,0.040144453534254256,0.49637681159420294,0.5344202898550725,0.7318840579710145,0.661231884057971,0.5330812854442344
-0.0684,0.5913673597983617,0.04069803365901231,0.4945652173913043,0.536231884057971,0.7318840579710145,0.6648550724637681,0.5293005671077504
-0.0682,0.5921392564587271,0.039969397261354477,0.4927536231884058,0.5380434782608696,0.7264492753623187,0.6684782608695652,0.5349716446124764
-0.068,0.5917926906112161,0.0403200964173376,0.48731884057971014,0.5398550724637681,0.7264492753623187,0.6684782608695652,0.5368620037807184
-0.0678,0.5899338374291115,0.04102221193770017,0.4855072463768116,0.5380434782608695,0.7282608695652174,0.6666666666666667,0.5311909262759924
-0.0676,0.5862633900441084,0.04236088740734407,0.47463768115942023,0.536231884057971,0.7246376811594203,0.6702898550724639,0.5255198487712666
-0.0674,0.5851449275362319,0.0421568519701356,0.4764492753623188,0.5344202898550725,0.7210144927536232,0.6721014492753623,0.5217391304347826
-0.0672,0.5814902331442975,0.042150768410280134,0.46920289855072456,0.536231884057971,0.717391304347826,0.6666666666666667,0.5179584120982986
-0.067,0.5796313799621929,0.04255376518703483,0.47101449275362317,0.5307971014492754,0.717391304347826,0.6666666666666667,0.5122873345935728
-0.0668,0.5792848141146818,0.04362185883565099,0.46557971014492755,0.5271739130434783,0.7173913043478262,0.6721014492753623,0.5141776937618148
-0.0666,0.5803717706364209,0.04399434805107719,0.4673913043478261,0.5253623188405797,0.7173913043478259,0.677536231884058,0.5141776937618148
-0.0664,0.5810806553245117,0.043651936621513864,0.47101449275362317,0.5271739130434782,0.7173913043478262,0.677536231884058,0.5122873345935728
-0.0662,0.5814744801512287,0.04351056305328093,0.47101449275362317,0.5253623188405796,0.7173913043478259,0.677536231884058,0.5160680529300568
-0.066,0.5840737240075614,0.04350587463147655,0.47101449275362317,0.5253623188405796,0.7155797101449275,0.6847826086956522,0.5236294896030246
-0.0658,0.5818367989918084,0.043968040082944485,0.47644927536231885,0.5163043478260869,0.717391304347826,0.6829710144927537,0.5160680529300568
-0.0656,0.5821518588531822,0.04471344937064568,0.47282608695652173,0.5235507246376812,0.7210144927536232,0.6829710144927537,0.5103969754253308
-0.0654,0.5839792060491493,0.045338189052072576,0.47101449275362317,0.5271739130434783,0.7282608695652174,0.6811594202898551,0.5122873345935728
-0.0652,0.5825141776937619,0.045666427657360474,0.47101449275362317,0.5217391304347826,0.7264492753623188,0.6829710144927537,0.5103969754253308
-0.065,0.58325456836799,0.04423999739343639,0.4764492753623188,0.5235507246376812,0.7210144927536232,0.6829710144927537,0.5122873345935728
-0.0648,0.5839634530560807,0.04314840560703266,0.48188405797101447,0.5271739130434783,0.7155797101449275,0.6847826086956522,0.5103969754253308
-0.0646,0.5824984247006931,0.0423122437928982,0.48188405797101447,0.5289855072463768,0.7083333333333333,0.6847826086956522,0.5085066162570888
-0.0644,0.584294265910523,0.04125176472550799,0.4891304347826087,0.5344202898550724,0.7047101449275361,0.6865942028985507,0.5066162570888468
-0.0642,0.5856962822936358,0.039959950274662114,0.5036231884057971,0.536231884057971,0.7028985507246377,0.6847826086956522,0.500945179584121
-0.064,0.5860586011342155,0.04005869738215436,0.5054347826086957,0.5344202898550724,0.7010869565217391,0.6884057971014493,0.500945179584121
-0.0638,0.5893509766855702,0.03969274508173441,0.5144927536231885,0.5326086956521738,0.7010869565217391,0.6938405797101449,0.5047258979206048
-0.0636,0.5900756143667298,0.040008841345646036,0.519927536231884,0.5271739130434783,0.7010869565217391,0.6974637681159421,0.504725897920605
-0.0634,0.5929741650913674,0.040309010336940565,0.5289855072463768,0.5253623188405797,0.7028985507246377,0.7028985507246377,0.504725897920605
-0.0632,0.59294265910523,0.03979506629350965,0.532608695652174,0.5289855072463768,0.6992753623188406,0.7028985507246377,0.500945179584121
-0.063,0.5929584120982987,0.04006254914180872,0.532608695652174,0.5253623188405797,0.6992753623188406,0.7047101449275363,0.5028355387523629
-0.0628,0.592596093257719,0.039573667007689,0.5344202898550725,0.5253623188405797,0.6956521739130435,0.7047101449275363,0.502835538752363
-0.0626,0.5936672967863894,0.03898182713072479,0.536231884057971,0.5326086956521738,0.693840579710145,0.7047101449275363,0.500945179584121
-0.0624,0.5954631379962192,0.03804539922953802,0.5525362318840579,0.5307971014492754,0.6920289855072465,0.7028985507246377,0.49905482041587906
-0.0622,0.5954001260239445,0.037405298106946226,0.5634057971014492,0.5344202898550725,0.6884057971014493,0.6992753623188406,0.4914933837429112
-0.062,0.59354127284184,0.03677936681598296,0.5634057971014492,0.5398550724637681,0.6829710144927537,0.6956521739130435,0.48582230623818523
-0.0618,0.5957624448645242,0.03563584279952003,0.5688405797101449,0.5416666666666666,0.6829710144927537,0.693840579710145,0.4914933837429112
-0.0616,0.5957309388783869,0.03526767338317244,0.5688405797101449,0.5489130434782609,0.6865942028985507,0.6865942028985507,0.4877126654064272
-0.0614,0.5942186515437934,0.03529685384914632,0.5760869565217391,0.5489130434782609,0.6829710144927537,0.6829710144927537,0.4801512287334594
-0.0612,0.5938563327032136,0.03484546826521945,0.5760869565217391,0.5507246376811594,0.6793478260869565,0.6829710144927535,0.4801512287334594
-0.061,0.593887838689351,0.03420979254747308,0.5742753623188406,0.5507246376811594,0.6793478260869564,0.681159420289855,0.4839319470699433
-0.0608,0.5928008821676117,0.03421776663215128,0.5742753623188406,0.5471014492753623,0.681159420289855,0.677536231884058,0.48393194706994325
-0.0606,0.5921392564587272,0.033936162233017174,0.5652173913043479,0.5434782608695652,0.6847826086956521,0.6757246376811594,0.4914933837429112
-0.0604,0.5910207939508506,0.03403863204019156,0.5688405797101449,0.5416666666666666,0.6847826086956521,0.6721014492753623,0.4877126654064272
-0.0602,0.5921550094517959,0.0343243801974219,0.5706521739130435,0.5344202898550725,0.6865942028985508,0.6757246376811593,0.4933837429111531
-0.06,0.5903119092627599,0.03434534441683363,0.5670289855072463,0.536231884057971,0.6829710144927537,0.6757246376811593,0.4896030245746692
-0.0598,0.5899338374291115,0.0345566124090035,0.5670289855072465,0.536231884057971,0.6811594202898551,0.677536231884058,0.4877126654064272
-0.0596,0.5918241965973536,0.034157294460290935,0.5597826086956522,0.5380434782608696,0.6829710144927537,0.6811594202898551,0.4971644612476371
-0.0594,0.5918872085696283,0.03256504967717021,0.5597826086956522,0.5380434782608696,0.677536231884058,0.6793478260869565,0.504725897920605
-0.0592,0.5908002520478892,0.033147444870812726,0.5561594202898551,0.5344202898550725,0.6793478260869565,0.6793478260869565,0.504725897920605
-0.059,0.5883112791430372,0.03242538021560391,0.5507246376811594,0.5289855072463768,0.6757246376811594,0.6757246376811594,0.5103969754253308
-0.0588,0.587224322621298,0.03222575434373144,0.552536231884058,0.5253623188405797,0.6739130434782609,0.6739130434782609,0.5103969754253308
-0.0586,0.5854127284183995,0.03119384283016889,0.5507246376811594,0.5271739130434783,0.6702898550724637,0.6684782608695652,0.5103969754253308
-0.0584,0.5851449275362319,0.029350062537795114,0.5471014492753623,0.5271739130434783,0.6648550724637682,0.6648550724637681,0.5217391304347827
-0.0582,0.5855229993698803,0.029749504679510288,0.5416666666666667,0.5289855072463768,0.6648550724637682,0.6684782608695652,0.5236294896030246
-0.058,0.5833805923125394,0.030131177740699462,0.5344202898550725,0.5235507246376812,0.6630434782608695,0.6684782608695652,0.5274102079395085
-0.0578,0.5834120982986768,0.030195377219725254,0.536231884057971,0.5181159420289856,0.6630434782608696,0.6684782608695652,0.5311909262759924
-0.0576,0.583396345305608,0.031107956772041027,0.5289855072463767,0.5217391304347826,0.6648550724637682,0.6721014492753623,0.5293005671077504
-0.0574,0.5830812854442344,0.029618453993694935,0.532608695652174,0.519927536231884,0.6630434782608695,0.6648550724637681,0.5349716446124764
-0.0572,0.579080025204789,0.02911181249301484,0.5289855072463768,0.5163043478260869,0.657608695652174,0.6594202898550725,0.5330812854442344
-0.057,0.5779930686830499,0.028508325217577964,0.5271739130434783,0.5181159420289856,0.6594202898550725,0.6521739130434783,0.5330812854442344
-0.0568,0.5765437933207309,0.027379004684705804,0.5271739130434783,0.519927536231884,0.6557971014492754,0.6467391304347826,0.5330812854442344
-0.0566,0.5754410838059231,0.028777656384968583,0.5217391304347826,0.5163043478260869,0.657608695652174,0.6503623188405797,0.5311909262759924
-0.0564,0.5747321991178325,0.028429333672071164,0.516304347826087,0.519927536231884,0.657608695652174,0.6467391304347826,0.5330812854442344
-0.0562,0.5754568367989918,0.026857924617195106,0.5181159420289855,0.5289855072463768,0.6557971014492753,0.6413043478260869,0.5330812854442344
-0.056,0.5751417769376181,0.02645016198107669,0.5144927536231884,0.5289855072463767,0.6539855072463768,0.6394927536231885,0.5387523629489603
-0.0558,0.5748109640831758,0.02603046997133555,0.5126811594202898,0.5289855072463767,0.6521739130434783,0.6376811594202899,0.5425330812854443
-0.0556,0.5770163831127915,0.0250702280023887,0.5126811594202899,0.5380434782608696,0.6521739130434783,0.6358695652173912,0.5463137996219282
-0.0554,0.5788437303087586,0.025337238633601693,0.5163043478260869,0.536231884057971,0.6557971014492754,0.6376811594202899,0.5482041587901701
-0.0552,0.5774417139256458,0.0246577409365198,0.5090579710144927,0.5416666666666667,0.657608695652174,0.625,0.553875236294896
-0.055,0.5778197857592943,0.024688925816700256,0.5090579710144928,0.5416666666666666,0.6594202898550724,0.6231884057971014,0.555765595463138
-0.0548,0.5782136105860113,0.024763835376470533,0.5054347826086957,0.5452898550724637,0.661231884057971,0.6195652173913044,0.5595463137996219
-0.0546,0.5789697542533082,0.024104278536142457,0.5054347826086957,0.5471014492753623,0.6557971014492754,0.6231884057971014,0.5633270321361058
-0.0544,0.5763862633900441,0.024628013935368225,0.5,0.5507246376811594,0.6594202898550724,0.6141304347826088,0.55765595463138
-0.0542,0.5771109010712034,0.024794130175027237,0.5018115942028986,0.5507246376811594,0.6630434782608695,0.6123188405797101,0.55765595463138
-0.054,0.5800567107750473,0.02563927844697615,0.5018115942028986,0.5489130434782609,0.6666666666666666,0.6195652173913043,0.5633270321361059
-0.0538,0.5786231884057971,0.0254429360563808,0.5,0.5471014492753623,0.6648550724637681,0.6159420289855073,0.5652173913043479
-0.0536,0.5804505356017643,0.02417119667803508,0.5054347826086957,0.5507246376811594,0.661231884057971,0.6177536231884058,0.5671077504725898
-0.0534,0.578276622558286,0.023403279752713124,0.5054347826086957,0.5525362318840579,0.661231884057971,0.605072463768116,0.5671077504725898
-0.0532,0.5764650283553875,0.023268513514374912,0.5,0.5543478260869565,0.6557971014492754,0.605072463768116,0.5671077504725898
-0.053,0.5765280403276624,0.022703015549609393,0.5,0.5543478260869564,0.6539855072463768,0.5996376811594203,0.5746691871455576
-0.0528,0.5776149968494014,0.02181163993954865,0.5036231884057971,0.5561594202898551,0.6503623188405797,0.6032608695652173,0.5746691871455577
-0.0526,0.5776307498424701,0.021878889671404222,0.5036231884057971,0.5543478260869565,0.6503623188405797,0.6032608695652174,0.5765595463137996
-0.0524,0.5747164461247637,0.022813865058615806,0.49818840579710144,0.552536231884058,0.6539855072463767,0.5942028985507246,0.5746691871455576
-0.0522,0.5758349086326403,0.02253845851127424,0.49818840579710144,0.552536231884058,0.6503623188405797,0.5996376811594203,0.5784499054820416
-0.052,0.5746849401386264,0.02301292209332137,0.49818840579710144,0.5543478260869565,0.6557971014492753,0.5942028985507246,0.5708884688090737
-0.0518,0.5739287964713295,0.02503534331542771,0.4909420289855072,0.5543478260869565,0.6630434782608696,0.5942028985507246,0.5671077504725898
-0.0516,0.571723377441714,0.02574657543937864,0.4909420289855072,0.5471014492753623,0.6666666666666666,0.5905797101449276,0.5633270321361058
-0.0514,0.5691871455576559,0.02625019321889286,0.48550724637681153,0.5471014492753623,0.6666666666666666,0.5833333333333334,0.5633270321361059
-0.0512,0.5695494643982356,0.02592415272593312,0.4873188405797101,0.5489130434782609,0.6666666666666667,0.5815217391304348,0.5633270321361059
-0.051,0.5677221172022684,0.025924912764672042,0.48550724637681153,0.5471014492753623,0.6648550724637681,0.5797101449275363,0.5614366729678639
-0.0508,0.5666194076874607,0.025731793541703452,0.48550724637681164,0.5452898550724637,0.6630434782608695,0.5797101449275363,0.5595463137996219
-0.0506,0.5677063642091997,0.026719292346059378,0.48369565217391297,0.5471014492753624,0.6684782608695652,0.5797101449275363,0.5595463137996219
-0.0504,0.5665879017013233,0.027743687313855417,0.48007246376811596,0.5471014492753623,0.6721014492753623,0.5778985507246377,0.555765595463138
-0.0502,0.5676591052299937,0.026980264866743313,0.4873188405797102,0.5452898550724637,0.6721014492753623,0.5797101449275363,0.553875236294896
-0.05,0.5658475110270951,0.026764043156600567,0.48731884057971014,0.5416666666666666,0.6702898550724637,0.5760869565217391,0.553875236294896
-0.0498,0.5680371770636421,0.02505011615159198,0.49818840579710144,0.5398550724637682,0.6666666666666667,0.5797101449275363,0.555765595463138
-0.0496,0.5651386263390045,0.025393903005222394,0.4963768115942029,0.5344202898550725,0.6666666666666667,0.572463768115942,0.555765595463138
-0.0494,0.5618304977945809,0.026069866155682384,0.4873188405797102,0.5326086956521738,0.6630434782608696,0.5760869565217391,0.5500945179584121
-0.0492,0.5589477000630119,0.025613316508610533,0.4873188405797101,0.5235507246376812,0.6576086956521738,0.5742753623188406,0.5519848771266541
-0.049,0.5567422810333963,0.02514076619894924,0.4909420289855072,0.5163043478260869,0.6539855072463768,0.5742753623188406,0.5482041587901701
-0.0488,0.5567265280403276,0.02719092916725353,0.4782608695652174,0.5217391304347826,0.6594202898550725,0.5778985507246377,0.5463137996219282
-0.0486,0.5574511657214871,0.027200457342113453,0.48007246376811596,0.519927536231884,0.6594202898550725,0.5815217391304348,0.5463137996219282
-0.0484,0.5563957151858854,0.026941330439140564,0.47644927536231885,0.5163043478260869,0.6521739130434783,0.5869565217391304,0.5500945179584121
-0.0482,0.5516540642722118,0.02632642727847093,0.47644927536231885,0.5090579710144927,0.6467391304347826,0.5797101449275361,0.5463137996219282
-0.048,0.5531033396345306,0.027022058186951123,0.47101449275362317,0.5126811594202899,0.644927536231884,0.5905797101449275,0.5463137996219282
-0.0478,0.554568367989918,0.02771070498849465,0.4692028985507246,0.5144927536231884,0.6485507246376812,0.592391304347826,0.5482041587901701
-0.0476,0.5549306868304977,0.028487532521120514,0.46739130434782605,0.5090579710144927,0.6431159420289856,0.6068840579710145,0.54820415879017
-0.0474,0.5553087586641462,0.02908295548934046,0.4655797101449275,0.5072463768115942,0.6431159420289856,0.6105072463768116,0.550094517958412
-0.0472,0.554221802142407,0.028435654438283914,0.46557971014492755,0.5072463768115942,0.6376811594202898,0.6105072463768116,0.5500945179584121
-0.047,0.5505671077504726,0.028808085527179034,0.4601449275362319,0.5036231884057971,0.6340579710144927,0.6086956521739131,0.5463137996219282
-0.0468,0.5498267170762444,0.02977165324281983,0.4601449275362319,0.4981884057971015,0.6413043478260869,0.605072463768116,0.5444234404536862
-0.0466,0.5494643982356647,0.02967406486959575,0.45652173913043476,0.5018115942028986,0.6376811594202898,0.6068840579710145,0.5444234404536862
-0.0464,0.5509609325771897,0.029535177435684137,0.45652173913043476,0.5036231884057971,0.6376811594202898,0.6068840579710145,0.5500945179584121
-0.0462,0.5531033396345306,0.030323095082257806,0.4619565217391304,0.5018115942028986,0.6485507246376812,0.6068840579710145,0.5463137996219282
-0.046,0.55382797731569,0.031574284824224454,0.4583333333333333,0.5018115942028986,0.6539855072463767,0.6086956521739131,0.5463137996219282
-0.0458,0.5534499054820415,0.03297257319688661,0.4492753623188406,0.5054347826086957,0.6557971014492754,0.6123188405797102,0.5444234404536862
-0.0456,0.5519691241335853,0.03571664831567225,0.4365942028985508,0.503623188405797,0.6594202898550725,0.6195652173913043,0.5406427221172022
-0.0454,0.5512129804662885,0.036328119366273386,0.4365942028985507,0.5,0.661231884057971,0.6213768115942029,0.5368620037807182
-0.0452,0.5512287334593573,0.03582981202321556,0.4347826086956522,0.5036231884057971,0.6557971014492754,0.6231884057971014,0.5387523629489602
-0.045,0.551244486452426,0.03545833647909232,0.43659420289855067,0.5018115942028986,0.6539855072463768,0.6231884057971014,0.5406427221172022
-0.0448,0.5508979206049149,0.035361651325057926,0.4347826086956521,0.5018115942028986,0.6485507246376812,0.6268115942028986,0.5425330812854442
-0.0446,0.5490390674228103,0.03542808986092188,0.43297101449275355,0.5018115942028986,0.644927536231884,0.6286231884057971,0.5368620037807184
-0.0444,0.5475897920604915,0.03537498240620532,0.431159420289855,0.5,0.641304347826087,0.6286231884057971,0.5368620037807184
-0.0442,0.5483459357277883,0.03602358826608566,0.4257246376811593,0.5036231884057971,0.6394927536231884,0.6322463768115942,0.5406427221172023
-0.044,0.5465658475110271,0.03642655709324666,0.4221014492753623,0.49818840579710144,0.6304347826086957,0.6376811594202899,0.5444234404536863
-0.0438,0.5487870195337115,0.03600180778234431,0.42391304347826086,0.5018115942028986,0.628623188405797,0.6394927536231885,0.550094517958412
-0.0436,0.5477000630119723,0.03722582989155785,0.41666666666666663,0.5018115942028986,0.6268115942028986,0.6431159420289856,0.5500945179584121
-0.0434,0.5469911783238814,0.0366179575918747,0.41847826086956524,0.5,0.6213768115942029,0.6431159420289855,0.551984877126654
-0.0432,0.545179584120983,0.03632531308978676,0.41304347826086957,0.5054347826086957,0.6159420289855073,0.6394927536231885,0.551984877126654
-0.043,0.5441398865784498,0.03693978862146492,0.4076086956521739,0.5036231884057971,0.6141304347826088,0.6376811594202898,0.55765595463138
-0.0428,0.5460144927536232,0.03814376016891316,0.40579710144927533,0.5,0.6177536231884058,0.6413043478260869,0.5652173913043479
-0.0426,0.5423755513547575,0.0399343625254282,0.3931159420289855,0.49818840579710144,0.6159420289855072,0.6413043478260869,0.5633270321361059
-0.0424,0.5449590422180214,0.041092614091292855,0.3931159420289855,0.4945652173913043,0.6250000000000001,0.6431159420289855,0.5689981096408316
-0.0422,0.5445967233774417,0.04196261701978591,0.3858695652173913,0.5,0.6231884057971014,0.644927536231884,0.5689981096408316
-0.042,0.5461562696912413,0.04280373755601905,0.3822463768115942,0.5,0.6195652173913043,0.6467391304347826,0.5822306238185255
-0.0418,0.5480151228733459,0.043559641379929265,0.3786231884057972,0.5054347826086956,0.6177536231884058,0.6503623188405797,0.5879017013232514
-0.0416,0.5473062381852551,0.04266180200132129,0.3804347826086956,0.5072463768115941,0.6105072463768116,0.6485507246376812,0.5897920604914935
-0.0414,0.5491808443604285,0.04437018687957332,0.3731884057971014,0.5108695652173912,0.6141304347826088,0.6503623188405797,0.5973534971644612
-0.0412,0.5484877126654064,0.045242972364438354,0.36775362318840576,0.5108695652173912,0.6141304347826088,0.6485507246376812,0.6011342155009451
-0.041,0.5511499684940139,0.0451974076325652,0.36775362318840576,0.5181159420289855,0.6086956521739131,0.644927536231884,0.6162570888468808
-0.0408,0.5486137366099559,0.04538651037901682,0.3659420289855072,0.5126811594202898,0.6032608695652174,0.644927536231884,0.6162570888468809
-0.0406,0.547164461247637,0.04475956442982448,0.36775362318840576,0.5090579710144927,0.6032608695652174,0.6394927536231885,0.6162570888468808
-0.0404,0.5468651543793321,0.045884864352414005,0.36231884057971014,0.5090579710144927,0.6014492753623188,0.6376811594202899,0.6238185255198487
-0.0402,0.5494013862633901,0.04694130998444436,0.358695652173913,0.5144927536231884,0.6086956521739131,0.6413043478260869,0.6238185255198488
-0.04,0.5483459357277882,0.04775891522320893,0.3532608695652174,0.5163043478260869,0.6032608695652174,0.6413043478260869,0.6275992438563327
-0.0398,0.5477000630119723,0.04875416014563704,0.3496376811594203,0.5126811594202898,0.6014492753623188,0.6376811594202899,0.6370510396975426
-0.0396,0.5502678008821675,0.04893137490360856,0.35144927536231885,0.5144927536231884,0.6068840579710144,0.6376811594202898,0.6408317580340264
-0.0394,0.5481096408317581,0.04921465676467937,0.34782608695652173,0.5126811594202898,0.6068840579710145,0.6304347826086957,0.6427221172022684
-0.0392,0.5444864524259609,0.04896211391678853,0.3442028985507246,0.5126811594202898,0.6014492753623188,0.6213768115942029,0.6427221172022684
-0.039,0.5430371770636421,0.048824178275377335,0.34239130434782605,0.5144927536231884,0.5978260869565217,0.6177536231884059,0.6427221172022685
-0.0388,0.539760554505356,0.048880607939930036,0.33876811594202894,0.5126811594202898,0.5905797101449275,0.6159420289855073,0.6408317580340265
-0.0386,0.5390516698172652,0.04982942085996357,0.3351449275362318,0.5090579710144927,0.5905797101449276,0.6177536231884058,0.6427221172022685
-0.0384,0.5354599873976056,0.04948696602282145,0.33695652173913043,0.49818840579710144,0.5851449275362318,0.6105072463768116,0.6465028355387523
-0.0382,0.5373188405797101,0.05059403476406288,0.3333333333333333,0.5018115942028986,0.5905797101449275,0.608695652173913,0.6521739130434783
-0.038,0.5337114051669818,0.05149897505792472,0.3278985507246377,0.4945652173913043,0.5869565217391305,0.605072463768116,0.6540642722117203
-0.0378,0.5341367359798361,0.05242912563608637,0.3242753623188406,0.49818840579710144,0.5851449275362319,0.6014492753623188,0.6616257088846881
-0.0376,0.5335066162570887,0.054613664511684076,0.31702898550724634,0.4945652173913044,0.5887681159420289,0.5942028985507247,0.6729678638941399
-0.0374,0.5305765595463138,0.05413067399725338,0.3152173913043478,0.4945652173913044,0.5851449275362319,0.588768115942029,0.6691871455576559
-0.0372,0.5306238185255199,0.05450419683998899,0.31521739130434784,0.4945652173913043,0.5869565217391304,0.5815217391304349,0.6748582230623819
-0.037,0.5284656584751103,0.05483294712970854,0.3134057971014493,0.49094202898550726,0.5869565217391304,0.5742753623188406,0.6767485822306238
-0.0368,0.5310176433522369,0.054904043941806785,0.3170289855072464,0.48913043478260865,0.5942028985507246,0.5760869565217391,0.6786389413988657
-0.0366,0.5296156269691241,0.054536620839575466,0.3188405797101449,0.4927536231884058,0.588768115942029,0.5634057971014493,0.6843100189035918
-0.0364,0.5252047889098929,0.05363433559037372,0.3170289855072464,0.49275362318840576,0.5869565217391304,0.552536231884058,0.6767485822306238
-0.0362,0.5252047889098929,0.05366369865034058,0.31702898550724634,0.4945652173913044,0.5905797101449275,0.5471014492753623,0.6767485822306238
-0.036,0.5226685570258349,0.05339145280487345,0.3188405797101449,0.48731884057971014,0.588768115942029,0.5416666666666666,0.6767485822306238
-0.0358,0.5227158160050409,0.054426833159990674,0.31702898550724634,0.48731884057971014,0.5923913043478262,0.5344202898550725,0.6824196597353497
-0.0356,0.5212350346565848,0.05404101685727751,0.31702898550724634,0.48731884057971014,0.5942028985507246,0.5289855072463768,0.6786389413988658
-0.0354,0.5201953371140517,0.05538559972371413,0.3134057971014493,0.4818840579710145,0.5942028985507247,0.5271739130434783,0.6843100189035917
-0.0352,0.5198015122873347,0.05354746874712979,0.3206521739130435,0.4855072463768116,0.5905797101449276,0.5217391304347826,0.6805293005671078
-0.035,0.5157687460617517,0.05447161960255659,0.3115942028985508,0.4836956521739131,0.5942028985507247,0.5144927536231885,0.6748582230623819
-0.0348,0.5102709514807813,0.05350236232534895,0.3115942028985507,0.4746376811594203,0.588768115942029,0.5090579710144928,0.6672967863894139
-0.0346,0.5106647763074984,0.05362765218508153,0.3134057971014493,0.47282608695652173,0.5869565217391305,0.5090579710144928,0.6710775047258979
-0.0344,0.5102551984877126,0.05272113477267965,0.3188405797101449,0.4692028985507246,0.5942028985507247,0.5036231884057971,0.6654064272211719
-0.0342,0.5055135475740391,0.05278107502548455,0.3134057971014493,0.46920289855072467,0.5887681159420289,0.4945652173913043,0.6616257088846881
-0.034,0.5055135475740391,0.051968988043591346,0.3170289855072464,0.47282608695652173,0.5851449275362319,0.4909420289855073,0.6616257088846881
-0.0338,0.5029930686830497,0.0528580550046491,0.31521739130434784,0.46557971014492755,0.5869565217391304,0.4836956521739131,0.66351606805293
-0.0336,0.502977315689981,0.05172567849625403,0.31884057971014496,0.4655797101449276,0.5815217391304348,0.4873188405797102,0.6616257088846881
-0.0334,0.5037177063642092,0.051528271011452825,0.3242753623188406,0.46557971014492755,0.5851449275362319,0.48007246376811596,0.6635160680529301
-0.0332,0.5036862003780718,0.0506572238884349,0.32971014492753625,0.4655797101449275,0.588768115942029,0.4746376811594203,0.6597353497164461
-0.033,0.5043950850661626,0.04955070553063525,0.33333333333333337,0.4673913043478261,0.5851449275362319,0.4782608695652174,0.6578449905482041
-0.0328,0.502236925015753,0.04957683711600564,0.3351449275362318,0.46557971014492755,0.5815217391304348,0.4692028985507246,0.659735349716446
-0.0326,0.5007246376811595,0.04841154613087426,0.33876811594202905,0.4655797101449276,0.5833333333333333,0.46376811594202905,0.6521739130434783
-0.0324,0.5033081285444234,0.0492820750137087,0.3369565217391304,0.47101449275362317,0.5851449275362319,0.4655797101449276,0.6578449905482041
-0.0322,0.5010239445494644,0.047400952466703755,0.3405797101449275,0.47101449275362317,0.5869565217391304,0.46195652173913043,0.6446124763705103
-0.032,0.5038752362948961,0.045771846347915014,0.3496376811594203,0.47644927536231885,0.592391304347826,0.46195652173913043,0.6389413988657845
-0.0318,0.5082388153749212,0.044803121899694674,0.358695652173913,0.47644927536231885,0.5960144927536232,0.46920289855072467,0.6408317580340264
-0.0316,0.5096250787649653,0.04294922562493668,0.36594202898550726,0.4818840579710145,0.5978260869565217,0.4692028985507246,0.6332703213610587
-0.0314,0.5099558916194077,0.04177856872201336,0.3677536231884058,0.4873188405797101,0.5942028985507247,0.47101449275362317,0.6294896030245747
-0.0312,0.5121298046628859,0.0414740079416836,0.3713768115942029,0.48913043478260865,0.5978260869565217,0.47282608695652173,0.6294896030245747
-0.031,0.5128544423440454,0.040788477571532665,0.37318840579710144,0.49275362318840576,0.5942028985507246,0.4746376811594203,0.6294896030245747
-0.0308,0.5146502835538753,0.040091630424634865,0.375,0.49818840579710144,0.5942028985507246,0.47826086956521735,0.6275992438563327
-0.0306,0.5175803402646502,0.04042174678973827,0.3786231884057971,0.5,0.5996376811594203,0.4782608695652174,0.6313799621928166
-0.0304,0.5189981096408317,0.03992940583830322,0.38224637681159424,0.5018115942028984,0.605072463768116,0.4782608695652174,0.6275992438563327
-0.0302,0.5179111531190926,0.039579579888404146,0.38405797101449274,0.5036231884057971,0.6014492753623188,0.4728260869565218,0.6275992438563327
-0.03,0.5197227473219913,0.03866882430751327,0.38768115942028986,0.5054347826086957,0.5996376811594204,0.4782608695652174,0.6275992438563327
-0.0298,0.5200535601764336,0.03724974072721453,0.39492753623188404,0.5018115942028986,0.5996376811594204,0.48007246376811596,0.6238185255198487
-0.0296,0.5200220541902961,0.03618974015368217,0.40217391304347827,0.4981884057971014,0.6014492753623188,0.47826086956521746,0.6200378071833648
-0.0294,0.5199905482041588,0.03522599901368351,0.4003623188405797,0.5054347826086957,0.5960144927536233,0.4818840579710145,0.6162570888468809
-0.0292,0.51997479521109,0.034497584509731304,0.40217391304347827,0.5036231884057971,0.5942028985507246,0.48550724637681153,0.6143667296786389
-0.029,0.5228890989287965,0.034720472990427735,0.40398550724637683,0.5036231884057971,0.5996376811594203,0.49094202898550726,0.6162570888468809
-0.0288,0.5203056080655324,0.03405244317433476,0.40217391304347827,0.49818840579710144,0.5960144927536233,0.4945652173913043,0.6105860113421551
-0.0286,0.5195652173913043,0.035155758080177665,0.3967391304347826,0.4963768115942029,0.6014492753623188,0.4945652173913043,0.6086956521739131
-0.0284,0.5210144927536232,0.034160345673765434,0.40398550724637683,0.49818840579710144,0.6014492753623188,0.49275362318840576,0.6086956521739131
-0.0282,0.5221014492753623,0.03442372217821941,0.39855072463768115,0.5054347826086956,0.5996376811594203,0.49818840579710144,0.6086956521739131
-0.028,0.5257403906742281,0.03355094194514547,0.4057971014492754,0.5054347826086956,0.6014492753623188,0.5054347826086957,0.610586011342155
-0.0278,0.5261657214870825,0.03448171065917573,0.4039855072463768,0.5036231884057971,0.5996376811594203,0.5054347826086957,0.6181474480151228
-0.0276,0.5254253308128545,0.03435618649579223,0.4021739130434782,0.5018115942028986,0.5978260869565217,0.5090579710144928,0.6162570888468809
-0.0274,0.5297889098928796,0.03601450777484517,0.39855072463768115,0.5018115942028984,0.6105072463768115,0.519927536231884,0.6181474480151228
-0.0272,0.5265280403276622,0.03671981392448663,0.39492753623188404,0.4873188405797101,0.6068840579710145,0.5253623188405797,0.6181474480151229
-0.027,0.5265437933207309,0.035864206585619805,0.39855072463768115,0.48550724637681153,0.5996376811594204,0.5289855072463768,0.6200378071833648
-0.0268,0.5283553875236295,0.035690796827352225,0.39855072463768115,0.48550724637681153,0.5960144927536233,0.5416666666666666,0.6200378071833649
-0.0266,0.5283238815374921,0.0356586151304151,0.3967391304347826,0.4873188405797101,0.5978260869565217,0.5434782608695652,0.616257088846881
-0.0264,0.5297889098928796,0.035574411929461563,0.4003623188405797,0.48550724637681164,0.5996376811594203,0.5452898550724637,0.6181474480151228
-0.0262,0.530513547574039,0.03515388039433721,0.40579710144927533,0.48007246376811585,0.5996376811594204,0.5489130434782609,0.6181474480151228
-0.026,0.5323408947700063,0.03512064428603258,0.40942028985507245,0.48007246376811585,0.6032608695652174,0.5489130434782609,0.620037807183365
-0.0258,0.534892879647133,0.03470698632086409,0.41304347826086957,0.4818840579710145,0.6014492753623188,0.5561594202898551,0.6219281663516067
-0.0256,0.5363264020163832,0.03486187835106519,0.41304347826086957,0.48188405797101447,0.6032608695652174,0.5634057971014492,0.6200378071833649
-0.0254,0.5319470699432892,0.03578595754310412,0.40579710144927533,0.4746376811594203,0.6014492753623188,0.5615942028985507,0.6162570888468809
-0.0252,0.5304977945809703,0.03684845236934764,0.4003623188405797,0.47101449275362317,0.6014492753623188,0.5634057971014492,0.616257088846881
-0.025,0.5297416509136735,0.03603412785966219,0.40217391304347827,0.47101449275362317,0.5978260869565217,0.5652173913043479,0.6124763705103969
-0.0248,0.5315532451165722,0.03542389390451577,0.4057971014492754,0.4746376811594203,0.5996376811594204,0.5652173913043479,0.6124763705103969
-0.0246,0.5326717076244487,0.0369601166846943,0.4057971014492754,0.4655797101449275,0.6032608695652174,0.572463768115942,0.6162570888468809
-0.0244,0.5337744171392564,0.03850379164776259,0.40398550724637683,0.4601449275362318,0.6105072463768116,0.5760869565217391,0.6181474480151229
-0.0242,0.5326874606175174,0.04015773187895257,0.4003623188405797,0.4510869565217391,0.6141304347826086,0.5797101449275363,0.6181474480151229
-0.024,0.5297889098928796,0.04056412783441495,0.39855072463768115,0.4438405797101449,0.6086956521739131,0.5797101449275361,0.6181474480151229
-0.0238,0.532356647763075,0.04093212322158484,0.40398550724637683,0.4402173913043478,0.6105072463768116,0.5851449275362318,0.6219281663516067
-0.0236,0.5301512287334593,0.04268337585200636,0.3931159420289855,0.43659420289855067,0.608695652173913,0.5942028985507247,0.6181474480151228
-0.0234,0.5301984877126655,0.0436094839024524,0.3931159420289855,0.4311594202898551,0.6050724637681159,0.5978260869565217,0.6238185255198487
-0.0232,0.5309231253938249,0.04427052181736869,0.39855072463768115,0.4221014492753623,0.6068840579710144,0.6032608695652174,0.6238185255198487
-0.023,0.5269218651543792,0.04451164450364867,0.3931159420289855,0.4184782608695652,0.5996376811594202,0.6014492753623188,0.6219281663516069
-0.0228,0.524007561436673,0.045502980086571845,0.38586956521739124,0.4148550724637681,0.592391304347826,0.6068840579710145,0.6200378071833649
-0.0226,0.5240233144297417,0.04678211416397197,0.38405797101449274,0.4094202898550725,0.5942028985507246,0.6105072463768115,0.6219281663516069
-0.0224,0.5262287334593572,0.04704853902539996,0.3858695652173913,0.411231884057971,0.5905797101449275,0.6177536231884058,0.6257088846880907
-0.0222,0.5276937618147448,0.04755440428243232,0.38768115942028986,0.40942028985507245,0.592391304347826,0.6213768115942029,0.6275992438563327
-0.022,0.5269848771266541,0.04802978621606226,0.38768115942028986,0.4057971014492754,0.5887681159420289,0.6231884057971014,0.6294896030245747
-0.0218,0.524102079395085,0.05018393793792997,0.3804347826086956,0.39492753623188404,0.592391304347826,0.6213768115942029,0.6313799621928166
-0.0216,0.5203686200378072,0.04964723952127615,0.38405797101449274,0.3858695652173913,0.592391304347826,0.6213768115942029,0.6181474480151229
-0.0214,0.5149180844360429,0.05155153250489685,0.37681159420289856,0.3713768115942029,0.5942028985507246,0.6159420289855073,0.616257088846881
-0.0212,0.5131222432262129,0.05205295994253738,0.37318840579710144,0.3695652173913043,0.5851449275362318,0.6195652173913043,0.6181474480151228
-0.021,0.5120510396975425,0.05239266458771496,0.37681159420289856,0.3623188405797102,0.5833333333333333,0.6177536231884058,0.6200378071833649
-0.0208,0.5066162570888469,0.05353230028122146,0.36775362318840576,0.35507246376811596,0.5742753623188406,0.6159420289855073,0.6200378071833649
-0.0206,0.5030088216761185,0.05458773473181561,0.3605072463768116,0.3496376811594203,0.5706521739130435,0.6123188405797102,0.6219281663516069
-0.0204,0.4975740390674228,0.05526865901939883,0.3532608695652174,0.34239130434782605,0.5670289855072463,0.6032608695652174,0.6219281663516069
-0.0202,0.4961405166981727,0.056402851984241664,0.35144927536231885,0.3351449275362319,0.5688405797101449,0.6014492753623188,0.6238185255198487
-0.02,0.49574669187145554,0.057430612315166926,0.35144927536231885,0.32789855072463764,0.5760869565217391,0.6032608695652174,0.6200378071833648
-0.0198,0.49061121613106484,0.05791946644494448,0.34601449275362317,0.32065217391304346,0.5688405797101449,0.605072463768116,0.6124763705103969
-0.0196,0.48987082545683674,0.05723604843609554,0.3442028985507246,0.3242753623188406,0.5688405797101449,0.6014492753623188,0.6105860113421551
-0.0194,0.49061121613106484,0.057910399702722985,0.34782608695652173,0.3188405797101449,0.5706521739130435,0.6032608695652174,0.612476370510397
-0.0192,0.48839004410838066,0.05891834048838236,0.3442028985507246,0.3115942028985507,0.5797101449275363,0.5996376811594203,0.6068052930056711
-0.019,0.48323881537492125,0.05924536878168532,0.33695652173913043,0.30615942028985504,0.5815217391304348,0.5942028985507246,0.5973534971644612
-0.0188,0.47997794580970377,0.05976409616623797,0.3351449275362319,0.29891304347826086,0.5815217391304347,0.5869565217391304,0.5973534971644613
-0.0186,0.4781348456206679,0.05909194258028369,0.3351449275362319,0.29891304347826086,0.5851449275362319,0.5778985507246377,0.5935727788279773
-0.0184,0.4766698172652804,0.059166779888967846,0.3315217391304348,0.29891304347826086,0.5833333333333334,0.5778985507246377,0.5916824196597353
-0.0182,0.4719439193446755,0.05979960415371747,0.32427536231884063,0.2934782608695652,0.5851449275362319,0.5670289855072465,0.5897920604914935
-0.018,0.47047889098928797,0.05902197018817615,0.3260869565217392,0.2934782608695652,0.5851449275362318,0.5597826086956522,0.5879017013232515
-0.0178,0.4659892879647133,0.057732630191949776,0.3278985507246377,0.2898550724637681,0.5833333333333333,0.5579710144927537,0.5708884688090737
-0.0176,0.46083805923125387,0.05657227451448616,0.3242753623188406,0.28985507246376807,0.5815217391304348,0.5471014492753623,0.5614366729678639
-0.0174,0.45937303087586645,0.05738924732428481,0.31884057971014496,0.28804347826086957,0.5851449275362319,0.5452898550724637,0.5595463137996219
-0.0172,0.45784499054820416,0.05499527317705187,0.322463768115942,0.29528985507246375,0.5851449275362319,0.536231884057971,0.5500945179584121
-0.017,0.45565532451165724,0.054022087121029454,0.3242753623188406,0.29528985507246375,0.5833333333333334,0.5271739130434783,0.5482041587901701
-0.0168,0.45784499054820416,0.05419941014491139,0.32608695652173914,0.2971014492753623,0.5869565217391304,0.5289855072463767,0.550094517958412
-0.0166,0.4563484562066793,0.054351827656488924,0.322463768115942,0.2971014492753623,0.588768115942029,0.5289855072463767,0.5444234404536862
-0.0164,0.455166981726528,0.05452048043490056,0.3242753623188406,0.29528985507246375,0.5996376811594203,0.5235507246376812,0.5330812854442344
-0.0162,0.4518746061751733,0.05326215317873218,0.322463768115942,0.29891304347826086,0.5978260869565217,0.5108695652173912,0.5293005671077504
-0.016,0.4496376811594203,0.0522377829672563,0.3206521739130435,0.302536231884058,0.5960144927536232,0.5072463768115942,0.5217391304347826
-0.0158,0.45069313169502206,0.05176005402936478,0.32427536231884063,0.30434782608695654,0.5978260869565218,0.5090579710144928,0.5179584120982986
-0.0156,0.44886578449905484,0.05089400975341507,0.3206521739130435,0.30978260869565216,0.5960144927536232,0.5018115942028986,0.5160680529300568
-0.0154,0.4506773787019533,0.050030669721392904,0.33152173913043476,0.30797101449275366,0.5960144927536232,0.5018115942028986,0.5160680529300566
-0.0152,0.4517170762444865,0.04899784081008141,0.3351449275362319,0.3134057971014492,0.5978260869565218,0.5018115942028986,0.5103969754253308
-0.015,0.4502047889098929,0.04910427728515838,0.3351449275362319,0.3134057971014492,0.6032608695652174,0.4963768115942029,0.502835538752363
-0.0148,0.45163831127914306,0.04872209506063119,0.3351449275362319,0.3188405797101449,0.605072463768116,0.49818840579710144,0.500945179584121
-0.0146,0.45316635160680524,0.04937684447884894,0.3333333333333333,0.32065217391304346,0.6086956521739131,0.49275362318840576,0.5103969754253308
-0.0144,0.454221802142407,0.04709668836433744,0.33695652173913043,0.3297101449275362,0.6014492753623188,0.4963768115942029,0.5066162570888468
-0.0142,0.4542060491493384,0.04632137329892713,0.3351449275362319,0.3369565217391304,0.6014492753623187,0.4927536231884058,0.504725897920605
-0.014,0.4559388783868935,0.04587315724390669,0.33695652173913043,0.3442028985507246,0.6068840579710145,0.49637681159420294,0.49527410207939504
-0.0138,0.45667926906112155,0.045685635401295104,0.34057971014492755,0.3442028985507246,0.6086956521739131,0.4927536231884058,0.497164461247637
-0.0136,0.4555765595463138,0.046044761873367694,0.338768115942029,0.34057971014492755,0.6068840579710145,0.49637681159420294,0.49527410207939504
-0.0134,0.45489918084436043,0.045672736233476986,0.33695652173913043,0.34057971014492755,0.6014492753623188,0.4945652173913043,0.500945179584121
-0.0132,0.4585066162570889,0.04451544655826341,0.34057971014492755,0.35144927536231885,0.6032608695652174,0.49818840579710144,0.499054820415879
-0.013,0.456710775047259,0.0442730217834671,0.3423913043478261,0.34782608695652173,0.6014492753623188,0.4909420289855073,0.500945179584121
-0.0128,0.4563011972274732,0.04350771013464393,0.34601449275362317,0.34782608695652173,0.5996376811594203,0.4927536231884058,0.4952741020793951
-0.0126,0.45589161940768747,0.04295404759852818,0.34782608695652173,0.3496376811594203,0.5996376811594203,0.4927536231884058,0.48960302457466914
-0.0124,0.4555293005671078,0.04212719471210193,0.34601449275362317,0.35326086956521735,0.5942028985507246,0.4945652173913044,0.4896030245746692
-0.0122,0.4558758664146188,0.04282235175932499,0.34239130434782605,0.35507246376811596,0.5978260869565218,0.4963768115942029,0.4877126654064272
-0.012,0.4577347195967234,0.041811017186639834,0.34057971014492755,0.36775362318840576,0.5978260869565217,0.48913043478260876,0.4933837429111531
-0.0118,0.4573724007561436,0.040259691113437836,0.34420289855072467,0.3713768115942029,0.592391304347826,0.48550724637681164,0.4933837429111531
-0.0116,0.459940138626339,0.04047040864396206,0.338768115942029,0.37862318840579706,0.5905797101449275,0.4945652173913043,0.497164461247637
-0.0114,0.46027095148078134,0.04011545137310392,0.338768115942029,0.3822463768115942,0.5905797101449276,0.4963768115942029,0.49338374291115306
-0.0112,0.45919974795211094,0.038454750087045145,0.338768115942029,0.3894927536231884,0.5833333333333333,0.4891304347826087,0.4952741020793951
-0.011,0.4565847511027095,0.0372776426144063,0.34239130434782605,0.38949275362318836,0.5815217391304348,0.4836956521739131,0.48582230623818523
-0.0108,0.4550882167611846,0.03724666143572406,0.33876811594202894,0.3913043478260869,0.5797101449275363,0.4855072463768116,0.48015122873345933
-0.0106,0.45437933207309394,0.03699814636452923,0.33514492753623193,0.3967391304347826,0.5778985507246377,0.4800724637681159,0.4820415879017013
-0.0104,0.4543635790800252,0.03613399147782772,0.33514492753623193,0.40217391304347827,0.5742753623188406,0.4800724637681159,0.48015122873345933
-0.0102,0.45363894139886574,0.036094796958180984,0.33152173913043476,0.40398550724637683,0.5706521739130435,0.48188405797101447,0.48015122873345933
-0.01,0.45105545053560175,0.03519111185438149,0.33333333333333337,0.4003623188405797,0.5652173913043479,0.48188405797101447,0.47448015122873344
-0.0098,0.45211090107120355,0.03398003495174804,0.3351449275362319,0.411231884057971,0.5634057971014493,0.48007246376811596,0.47069943289224947
-0.0096,0.4491335853812224,0.03164984014364066,0.338768115942029,0.41485507246376807,0.552536231884058,0.4782608695652174,0.4612476370510397
-0.0094,0.448062381852552,0.031626334415763964,0.3351449275362319,0.4184782608695652,0.5507246376811594,0.4728260869565218,0.4631379962192817
-0.0092,0.44659735349716445,0.032469001467067944,0.32971014492753625,0.4148550724637681,0.5489130434782609,0.4782608695652174,0.4612476370510397
-0.009,0.4447700063011972,0.031415460684850696,0.32971014492753625,0.4184782608695652,0.5434782608695652,0.47282608695652173,0.4593572778827977
-0.0088,0.44366729678638944,0.032786413489126046,0.322463768115942,0.42028985507246375,0.5471014492753623,0.4710144927536232,0.45746691871455575
-0.0086,0.44188720856962826,0.03192420438503119,0.3242753623188406,0.4184782608695652,0.5434782608695652,0.4619565217391304,0.46124763705103966
-0.0084,0.4397290485192187,0.030631940288166726,0.322463768115942,0.42391304347826086,0.532608695652174,0.45652173913043476,0.46313799621928164
-0.0082,0.4382640201638311,0.029367833094147276,0.322463768115942,0.4293478260869565,0.5235507246376812,0.4547101449275362,0.4612476370510397
-0.008,0.442690611216131,0.028670842072662225,0.32971014492753625,0.43478260869565216,0.5253623188405797,0.4528985507246377,0.4706994328922495
-0.0078,0.44374606175173287,0.02841668268216289,0.3315217391304348,0.44021739130434784,0.5271739130434783,0.4528985507246377,0.46691871455576556
-0.0076,0.4463610586011343,0.02853305850583207,0.3315217391304348,0.4384057971014493,0.5235507246376812,0.4619565217391305,0.4763705103969754
-0.0074,0.44339949590422184,0.028169361078262595,0.32971014492753625,0.44202898550724634,0.5217391304347826,0.45471014492753625,0.46880907372400754
-0.0072,0.4456364209199748,0.028447274628002533,0.33333333333333337,0.4420289855072464,0.5271739130434783,0.44927536231884063,0.4763705103969754
-0.007,0.4489287964713296,0.026007066590889166,0.3460144927536232,0.45289855072463764,0.5217391304347825,0.44384057971014496,0.48015122873345933
-0.0068,0.4500787649653434,0.026919568935580975,0.34601449275362317,0.45471014492753625,0.5253623188405797,0.43659420289855067,0.48771266540642716
-0.0066,0.44973219911783235,0.027774116330440107,0.3423913043478261,0.4601449275362318,0.5253623188405797,0.4311594202898551,0.48960302457466914
-0.0064,0.4515595463137996,0.02695842985322646,0.34782608695652173,0.4692028985507246,0.5217391304347826,0.427536231884058,0.4914933837429111
-0.0062,0.45121298046628866,0.026575776467934787,0.34782608695652173,0.47101449275362317,0.5163043478260869,0.427536231884058,0.49338374291115317
-0.006,0.4555923125393825,0.025826506310353152,0.34963768115942034,0.4692028985507246,0.5144927536231885,0.44746376811594196,0.4971644612476371
-0.0058,0.4566950220541902,0.025285034907656077,0.35326086956521735,0.47644927536231885,0.5108695652173912,0.44384057971014496,0.49905482041587906
-0.0056,0.45631695022054186,0.024707529868636398,0.3532608695652174,0.4782608695652174,0.5054347826086956,0.4474637681159421,0.4971644612476371
-0.0054,0.4585381222432262,0.02401544284148604,0.3568840579710145,0.4782608695652174,0.5,0.45471014492753625,0.5028355387523629
-0.0052,0.4636578449905482,0.024846875921640674,0.358695652173913,0.4855072463768116,0.5072463768115941,0.45833333333333326,0.5085066162570888
-0.005,0.4647290485192187,0.025339064197945838,0.3586956521739131,0.4873188405797101,0.5144927536231884,0.4565217391304348,0.5066162570888468
-0.0048,0.4709987397605545,0.023221369477140544,0.3768115942028985,0.4963768115942029,0.5072463768115942,0.45471014492753625,0.5198487712665406
-0.0046,0.4736452425960932,0.02399049583066473,0.37681159420289856,0.5,0.49818840579710144,0.46014492753623193,0.5330812854442344
-0.0044,0.4746849401386264,0.022833501291752413,0.38043478260869557,0.49818840579710144,0.5018115942028987,0.4655797101449275,0.5274102079395084
-0.0042,0.4772684310018903,0.022717188068963976,0.38405797101449274,0.5,0.5,0.4692028985507246,0.5330812854442344
-0.004,0.4798046628859483,0.022128426233062364,0.3876811594202898,0.49818840579710144,0.5036231884057971,0.47644927536231885,0.5330812854442344
-0.0038,0.48304977945809713,0.019873827715044617,0.40036231884057977,0.5,0.5036231884057971,0.4800724637681159,0.5311909262759924
-0.0036,0.4855702583490863,0.019166536610488283,0.40579710144927533,0.49818840579710144,0.5126811594202899,0.48188405797101447,0.5293005671077504
-0.0034,0.4888941398865785,0.01944785949100885,0.4076086956521739,0.5054347826086957,0.5054347826086957,0.4891304347826087,0.5368620037807184
-0.0032,0.49442344045368614,0.018898476518608397,0.41847826086956524,0.5090579710144927,0.5018115942028987,0.4945652173913043,0.5482041587901701
-0.003,0.5002678008821675,0.017938649181565767,0.4293478260869565,0.5108695652173912,0.5054347826086957,0.5018115942028986,0.553875236294896
-0.0028,0.5053717706364209,0.01804310444317535,0.43297101449275366,0.5163043478260869,0.5108695652173914,0.5090579710144927,0.55765595463138
-0.0026,0.5107592942659105,0.016372939864248027,0.44202898550724634,0.5163043478260869,0.519927536231884,0.5235507246376812,0.551984877126654
-0.0024,0.5169817265280404,0.01597105842157943,0.45108695652173914,0.519927536231884,0.5253623188405798,0.5289855072463768,0.5595463137996219
-0.0022,0.5227945809703843,0.014892513394705124,0.46376811594202894,0.5163043478260869,0.5271739130434783,0.5452898550724637,0.5614366729678639
-0.002,0.5264177693761815,0.013555916893062915,0.4746376811594203,0.5144927536231884,0.532608695652174,0.5489130434782609,0.5614366729678639
-0.0018,0.5292690611216131,0.012246178631096623,0.4818840579710145,0.5181159420289855,0.5362318840579711,0.5543478260869565,0.555765595463138
-0.0016,0.5329237555135476,0.012377061592848968,0.48550724637681164,0.519927536231884,0.5416666666666666,0.5579710144927537,0.5595463137996219
-0.0014,0.5350504095778198,0.01197146632763024,0.4909420289855073,0.5181159420289855,0.5489130434782609,0.5634057971014492,0.5538752362948961
-0.0012,0.535790800252048,0.011605340223498732,0.4963768115942029,0.5163043478260869,0.5434782608695652,0.5670289855072463,0.555765595463138
-0.001,0.5405166981726529,0.012644279011247076,0.5072463768115942,0.5090579710144927,0.548913043478261,0.5797101449275363,0.55765595463138
-0.0008,0.5408475110270952,0.011511215529342858,0.5163043478260869,0.5090579710144927,0.5452898550724637,0.5797101449275361,0.5538752362948961
-0.0006,0.545179584120983,0.011637370496595148,0.5289855072463768,0.5108695652173914,0.5452898550724637,0.5887681159420289,0.551984877126654
-0.0004,0.5473534971644612,0.012001287269122776,0.532608695652174,0.5108695652173914,0.5489130434782609,0.592391304347826,0.5519848771266541
-0.0002,0.5503150598613736,0.01095052631503174,0.5398550724637681,0.5163043478260869,0.5452898550724637,0.5905797101449275,0.5595463137996219
0.0,0.5543163201008191,0.010596264575754348,0.5471014492753623,0.5217391304347827,0.5471014492753623,0.5942028985507246,0.5614366729678638
0.0002,0.5560333963453056,0.011320267861907565,0.556159420289855,0.5235507246376812,0.5489130434782609,0.6014492753623188,0.5500945179584121
0.0004,0.5549306868304978,0.012911893465476124,0.5597826086956522,0.5163043478260869,0.5452898550724637,0.605072463768116,0.5482041587901701
0.0006,0.5512759924385633,0.013932255571547935,0.5597826086956521,0.5072463768115942,0.5416666666666666,0.6032608695652174,0.5444234404536862
0.0008,0.5494171392564587,0.014726691278473961,0.5597826086956521,0.5018115942028986,0.5434782608695652,0.6032608695652174,0.5387523629489603
0.001,0.5461405166981727,0.016346725380551815,0.5543478260869565,0.4909420289855072,0.5434782608695652,0.605072463768116,0.5368620037807182
0.0012,0.5442974165091368,0.01612996646287675,0.552536231884058,0.48913043478260865,0.5452898550724637,0.6014492753623188,0.5330812854442344
0.0014,0.540359168241966,0.017786804856867722,0.5489130434782609,0.4746376811594203,0.5398550724637681,0.5996376811594202,0.5387523629489602
0.0016,0.5388941398865784,0.020757811676771706,0.552536231884058,0.4601449275362319,0.5398550724637681,0.605072463768116,0.5368620037807182
0.0018,0.5366572148708254,0.022321202958896714,0.5489130434782608,0.45289855072463764,0.5434782608695652,0.6086956521739131,0.5293005671077504
0.002,0.5318998109640831,0.02148034835628042,0.5416666666666666,0.4528985507246377,0.5380434782608696,0.6032608695652174,0.5236294896030246
0.0022,0.5315217391304348,0.021815084703134095,0.5434782608695652,0.45108695652173914,0.5380434782608696,0.6032608695652174,0.5217391304347825
0.0024,0.528623188405797,0.02371680569777002,0.5380434782608695,0.44202898550724634,0.5326086956521738,0.6086956521739131,0.5217391304347825
0.0026,0.5268431001890359,0.023488398349059816,0.5380434782608696,0.43840579710144933,0.5289855072463768,0.6032608695652174,0.5255198487712666
0.0028,0.5236137366099559,0.022687836664881094,0.536231884057971,0.4311594202898551,0.5344202898550725,0.5869565217391305,0.5293005671077504
0.003,0.5247321991178324,0.022462453486888852,0.5380434782608696,0.4311594202898551,0.5380434782608696,0.5833333333333333,0.5330812854442344
0.0032,0.5207624448645243,0.02193720209073441,0.532608695652174,0.42934782608695654,0.5289855072463767,0.5778985507246377,0.5349716446124764
0.0034,0.5182104599873977,0.022644864798137796,0.5307971014492754,0.42028985507246375,0.5398550724637681,0.5670289855072463,0.5330812854442344
0.0036,0.5182262129804662,0.02354668962910974,0.5253623188405797,0.41666666666666663,0.5471014492753623,0.5670289855072463,0.5349716446124764
0.0038,0.5134530560806553,0.022670843776548127,0.516304347826087,0.41666666666666663,0.5471014492753623,0.5597826086956521,0.5274102079395085
0.004,0.5087271581600504,0.022359523342970318,0.5036231884057971,0.41485507246376807,0.5489130434782609,0.5507246376811594,0.5255198487712666
0.0042,0.5050724637681159,0.022506971078133795,0.49818840579710144,0.411231884057971,0.5471014492753623,0.5471014492753623,0.5217391304347826
0.0044,0.4996061751732829,0.023208302537500704,0.48913043478260865,0.40398550724637683,0.5398550724637681,0.5471014492753623,0.5179584120982987
0.0046,0.49814114681789545,0.024195208670899398,0.4873188405797101,0.39855072463768115,0.5434782608695652,0.5452898550724637,0.5160680529300568
0.0048,0.4959514807813485,0.024346306593238914,0.48731884057971014,0.39492753623188404,0.5380434782608695,0.5452898550724637,0.5141776937618148
0.005,0.49303717706364203,0.0243594211817738,0.48550724637681153,0.3913043478260869,0.5398550724637682,0.536231884057971,0.5122873345935728
0.0052,0.48974480151228733,0.026572627606882254,0.4782608695652174,0.3804347826086957,0.5434782608695652,0.5380434782608696,0.5085066162570888
0.0054,0.4864681789540013,0.025541207504183105,0.47282608695652173,0.38224637681159424,0.5416666666666666,0.5289855072463768,0.5066162570888468
0.0056,0.48360113421550094,0.026958636048130317,0.4746376811594203,0.3713768115942029,0.5434782608695652,0.5181159420289855,0.5103969754253308
0.0058,0.48104914933837434,0.02755029243669658,0.4692028985507246,0.36775362318840576,0.5452898550724639,0.5144927536231884,0.5085066162570888
0.006,0.47703213610586015,0.026780028911309862,0.46014492753623193,0.3695652173913043,0.5434782608695653,0.5072463768115942,0.504725897920605
0.0062,0.4733301827347195,0.027016834113085145,0.4601449275362319,0.3659420289855072,0.5471014492753623,0.49818840579710144,0.4952741020793951
0.0064,0.46677693761814754,0.028082469765793924,0.45108695652173914,0.35507246376811596,0.5416666666666667,0.4945652173913044,0.4914933837429112
0.0066,0.46386263390044113,0.027381714615522804,0.4438405797101449,0.35688405797101447,0.5380434782608696,0.49094202898550726,0.48960302457466925
0.0068,0.4627441713925646,0.028096901715545953,0.4438405797101449,0.35507246376811596,0.5452898550724637,0.4836956521739131,0.4858223062381853
0.007,0.4615942028985507,0.02848019685863302,0.4402173913043479,0.35507246376811596,0.5489130434782609,0.48550724637681164,0.47826086956521746
0.0072,0.4605229993698803,0.02978018573909811,0.44021739130434784,0.34782608695652173,0.5507246376811594,0.483695652173913,0.4801512287334594
0.0074,0.46014492753623193,0.02808847455552797,0.44021739130434784,0.35507246376811596,0.5471014492753623,0.4800724637681159,0.4782608695652174
0.0076,0.45789224952741014,0.028344687472143526,0.4347826086956521,0.35507246376811596,0.5489130434782609,0.48188405797101447,0.46880907372400754
0.0078,0.4575456836798992,0.02894165678431275,0.427536231884058,0.3550724637681159,0.5507246376811594,0.483695652173913,0.4706994328922495
0.008,0.4552772526780088,0.02928085568520268,0.4257246376811594,0.3532608695652174,0.5507246376811594,0.48731884057971014,0.4593572778827978
0.0082,0.4527410207939509,0.028846298336674056,0.4221014492753623,0.3496376811594203,0.5398550724637681,0.49275362318840576,0.45935727788279773
0.0084,0.45092942659105234,0.029134137505876397,0.4166666666666667,0.34601449275362317,0.5307971014492754,0.5018115942028986,0.45935727788279773
0.0086,0.4486609955891619,0.029614792383902012,0.41666666666666663,0.3442028985507246,0.5344202898550724,0.5,0.4480151228733459
0.0088,0.446817895400126,0.02984359863550472,0.42028985507246375,0.33876811594202894,0.5307971014492754,0.5,0.444234404536862
0.009,0.44643982356647766,0.030513161269492155,0.4184782608695652,0.3369565217391304,0.5326086956521738,0.5018115942028986,0.4423440453686201
0.0092,0.44421865154379336,0.031139267781447884,0.4148550724637681,0.33333333333333326,0.5253623188405797,0.5108695652173914,0.43667296786389415
0.0094,0.44385633270321356,0.03122182343718831,0.40942028985507245,0.3351449275362318,0.5217391304347826,0.5163043478260869,0.43667296786389415
0.0096,0.44272211720226845,0.03069317309066468,0.40760869565217395,0.338768115942029,0.519927536231884,0.5163043478260869,0.43100189035916825
0.0098,0.4445179584120983,0.03122550481887832,0.4057971014492754,0.3423913043478261,0.5235507246376812,0.5217391304347827,0.4291115311909262
0.01,0.44042218021424073,0.030154048337997993,0.40760869565217395,0.3442028985507246,0.516304347826087,0.5181159420289855,0.41587901701323254
0.0102,0.4407844990548204,0.029663721690145545,0.4094202898550724,0.3460144927536231,0.5144927536231885,0.5181159420289855,0.4158790170132325
0.0104,0.4423282923755513,0.02974034425429536,0.4076086956521739,0.3442028985507246,0.5090579710144928,0.5235507246376812,0.4272211720226843
0.0106,0.44005986137366104,0.02920086566574714,0.40942028985507245,0.34782608695652173,0.49818840579710144,0.5289855072463768,0.4158790170132325
0.0108,0.44332073093887836,0.030520541686942144,0.40942028985507245,0.3496376811594203,0.5036231884057971,0.5380434782608695,0.4158790170132325
0.011,0.4451165721487083,0.03176247518481029,0.411231884057971,0.3496376811594203,0.5018115942028986,0.5489130434782609,0.4139886578449905
0.0112,0.44406112161310646,0.031453022590221105,0.4148550724637682,0.34601449275362317,0.4909420289855072,0.5507246376811594,0.41776937618147447
0.0114,0.443336483931947,0.031734916534330755,0.41123188405797106,0.34601449275362317,0.48913043478260865,0.552536231884058,0.41776937618147447
0.0116,0.4414618777567738,0.032869422400090734,0.4094202898550725,0.34239130434782605,0.4909420289855072,0.5543478260869565,0.4102079395085066
0.0118,0.44399810964083175,0.032268005874379474,0.4130434782608695,0.3496376811594203,0.4891304347826087,0.5579710144927537,0.41020793950850665
0.012,0.44546313799621934,0.03153006798609064,0.41666666666666663,0.3532608695652174,0.4873188405797102,0.5579710144927537,0.4120982986767486
0.0122,0.44251732829237556,0.032424691423422455,0.40942028985507245,0.3496376811594203,0.49094202898550726,0.5561594202898551,0.4064272211720227
0.0124,0.44577819785759293,0.03316116619663284,0.41304347826086957,0.35144927536231885,0.4963768115942029,0.5615942028985507,0.4064272211720227
0.0126,0.44651858853182097,0.0337571020423716,0.4166666666666667,0.34782608695652173,0.4945652173913043,0.5652173913043478,0.40831758034026466
0.0128,0.44940138626339,0.032872126618769114,0.42391304347826086,0.3550724637681159,0.4963768115942029,0.5652173913043479,0.4064272211720227
0.013,0.4516225582860744,0.032422471882409036,0.427536231884058,0.35688405797101447,0.4945652173913043,0.5670289855072463,0.4120982986767486
0.0132,0.4541745431632009,0.031859005228035635,0.43478260869565216,0.358695652173913,0.49818840579710144,0.5652173913043478,0.4139886578449905
0.0134,0.4604127284183995,0.03216565693452516,0.44202898550724634,0.3605072463768116,0.5054347826086957,0.5706521739130435,0.4234404536862004
0.0136,0.4596880907372401,0.032001563932732416,0.447463768115942,0.35507246376811596,0.5090579710144928,0.5634057971014493,0.4234404536862004
0.0138,0.46151543793320726,0.03217800621656256,0.4583333333333333,0.35144927536231885,0.5108695652173914,0.5615942028985508,0.42533081285444235
0.014,0.46518588531821053,0.03237451258487151,0.463768115942029,0.35144927536231885,0.5181159420289855,0.5615942028985508,0.43100189035916825
0.0142,0.4659735349716446,0.031126040789152747,0.4692028985507246,0.35144927536231885,0.5163043478260869,0.5543478260869565,0.43856332703213613
0.0144,0.46891934467548835,0.031525565749705844,0.4746376811594203,0.3496376811594203,0.5235507246376812,0.552536231884058,0.444234404536862
0.0146,0.47073093887838685,0.03159952717522507,0.4782608695652174,0.35144927536231885,0.5253623188405797,0.5543478260869565,0.44423440453686197
0.0148,0.47438563327032135,0.03321470978065708,0.48188405797101447,0.34782608695652173,0.536231884057971,0.5579710144927537,0.4480151228733459
0.015,0.4772999369880277,0.03390070021662344,0.4909420289855072,0.34601449275362317,0.5452898550724637,0.5543478260869565,0.4499054820415879
0.0152,0.4798834278512917,0.035165060322599424,0.49818840579710144,0.34057971014492755,0.5489130434782609,0.5561594202898551,0.4555765595463137
0.0154,0.4810491493383743,0.035028023266721275,0.5072463768115942,0.33695652173913043,0.5489130434782609,0.5471014492753623,0.46502835538752363
0.0156,0.48764965343415245,0.03631884170574386,0.5271739130434783,0.3351449275362318,0.5543478260869565,0.5471014492753623,0.47448015122873344
0.0158,0.4923913043478261,0.03702182352247411,0.536231884057971,0.3369565217391304,0.5615942028985508,0.5489130434782609,0.4782608695652174
0.016,0.49749527410207933,0.03869136109874559,0.5489130434782609,0.3351449275362318,0.5706521739130435,0.5507246376811594,0.4820415879017014
0.0162,0.5033868935097668,0.03870009949030269,0.5579710144927537,0.3405797101449275,0.5833333333333334,0.5416666666666666,0.49338374291115306
0.0164,0.5107592942659105,0.03992201689562466,0.576086956521739,0.34239130434782605,0.592391304347826,0.5344202898550725,0.5085066162570888
0.0166,0.5174070573408948,0.0395234841953249,0.5815217391304348,0.3496376811594203,0.5978260869565217,0.5344202898550725,0.5236294896030246
0.0168,0.5210932577189665,0.04024118899202798,0.592391304347826,0.3514492753623188,0.6014492753623188,0.5289855072463767,0.5311909262759924
0.017,0.5250945179584121,0.04074604520553236,0.6014492753623188,0.35507246376811596,0.6068840579710144,0.5289855072463768,0.5330812854442344
0.0172,0.5283868935097669,0.040304380488111795,0.6032608695652174,0.3605072463768116,0.6105072463768116,0.5307971014492754,0.5368620037807184
0.0174,0.5301827347195968,0.04041558257279175,0.6159420289855072,0.3641304347826087,0.6068840579710145,0.5289855072463768,0.5349716446124764
0.0176,0.5334751102709514,0.04003804717158627,0.6231884057971014,0.3713768115942029,0.6086956521739131,0.5253623188405797,0.5387523629489603
0.0178,0.5378859483301828,0.03931418779036469,0.6231884057971014,0.3786231884057971,0.6141304347826086,0.5271739130434783,0.5463137996219282
0.018,0.5401386263390043,0.03905153700640807,0.625,0.38224637681159424,0.6141304347826086,0.5235507246376812,0.555765595463138
0.0182,0.5434152488972904,0.039323266129243674,0.6304347826086957,0.3876811594202898,0.6213768115942029,0.519927536231884,0.55765595463138
0.0184,0.5488972904851922,0.03916615697042198,0.6413043478260869,0.39492753623188404,0.6213768115942029,0.5235507246376812,0.5633270321361059
0.0186,0.5557971014492754,0.042173664026357825,0.6521739130434783,0.3913043478260869,0.6413043478260869,0.5289855072463767,0.5652173913043479
0.0188,0.5579867674858223,0.04213261258862754,0.6576086956521738,0.39492753623188404,0.6413043478260869,0.5289855072463768,0.5671077504725898
0.019,0.5609325771896659,0.04251877632906602,0.661231884057971,0.3985507246376811,0.6467391304347825,0.5253623188405797,0.5727788279773157
0.0192,0.563122243226213,0.04201263653057268,0.6702898550724637,0.40942028985507245,0.644927536231884,0.5163043478260869,0.5746691871455577
0.0194,0.5671235034656584,0.042412454679743264,0.6829710144927537,0.4166666666666667,0.644927536231884,0.5144927536231884,0.5765595463137997
0.0196,0.5696439823566477,0.04059971078340356,0.6847826086956521,0.4293478260869565,0.6431159420289855,0.516304347826087,0.5746691871455576
0.0198,0.5725582860743541,0.04008349875678502,0.6884057971014492,0.4347826086956521,0.6431159420289855,0.519927536231884,0.5765595463137997
0.02,0.5758664146187776,0.04052374965709974,0.6938405797101449,0.43659420289855067,0.644927536231884,0.5217391304347827,0.5822306238185255
0.0202,0.5776465028355388,0.037742070058367556,0.6884057971014492,0.44565217391304346,0.6413043478260869,0.5344202898550725,0.5784499054820416
0.0204,0.5780088216761184,0.035654961343253674,0.6847826086956521,0.4565217391304347,0.6376811594202898,0.532608695652174,0.5784499054820416
0.0206,0.5795053560176433,0.035916862888138425,0.6884057971014492,0.46014492753623193,0.6376811594202899,0.5271739130434783,0.5841209829867675
0.0208,0.5817422810333964,0.034112628368448236,0.6865942028985508,0.4692028985507246,0.6322463768115941,0.5289855072463768,0.5916824196597352
0.021,0.5857592942659104,0.03298069894088167,0.6902173913043479,0.47826086956521735,0.6304347826086957,0.5344202898550725,0.5954631379962192
0.0212,0.5857592942659104,0.032272553709939596,0.6847826086956522,0.4800724637681159,0.6340579710144928,0.5344202898550725,0.5954631379962193
0.0214,0.5864839319470698,0.031002530718126687,0.6811594202898551,0.48550724637681153,0.6340579710144927,0.536231884057971,0.5954631379962193
0.0216,0.5879017013232514,0.030034121345065844,0.6811594202898551,0.49275362318840576,0.6358695652173912,0.5380434782608695,0.5916824196597353
0.0218,0.5875551354757403,0.031123151369457404,0.6884057971014493,0.4873188405797102,0.6286231884057971,0.5398550724637681,0.5935727788279773
0.022,0.590107120352867,0.03086081703113667,0.6920289855072463,0.48913043478260865,0.6268115942028986,0.5471014492753623,0.5954631379962193
0.0222,0.5908160050409578,0.030896354582467415,0.6938405797101449,0.48913043478260876,0.6268115942028986,0.5507246376811594,0.5935727788279773
0.0224,0.5922810333963453,0.02909142042476213,0.6920289855072463,0.5,0.6231884057971014,0.5507246376811594,0.5954631379962193
0.0226,0.595919974795211,0.028213293061583728,0.6920289855072463,0.5072463768115941,0.6286231884057971,0.5543478260869565,0.5973534971644613
0.0228,0.5999212350346566,0.027695299436228487,0.6920289855072463,0.5108695652173914,0.6358695652173912,0.5615942028985507,0.5992438563327032
0.023,0.5992123503465658,0.02697367481879362,0.6884057971014493,0.5163043478260869,0.6358695652173912,0.5543478260869565,0.6011342155009451
0.0232,0.6025204788909893,0.026774829907424504,0.6902173913043478,0.5217391304347826,0.6394927536231885,0.5543478260869564,0.6068052930056711
0.0234,0.6028670447385003,0.02602296235279006,0.6902173913043478,0.5271739130434783,0.6376811594202898,0.5543478260869565,0.6049149338374291
0.0236,0.6039540012602396,0.02506319910644036,0.6865942028985508,0.5344202898550725,0.641304347826087,0.5525362318840579,0.6049149338374291
0.0238,0.6043163201008193,0.02661782823943949,0.6920289855072463,0.5344202898550725,0.6449275362318841,0.5452898550724639,0.6049149338374291
0.024,0.6065059861373661,0.02644873962377558,0.6974637681159419,0.5380434782608695,0.641304347826087,0.548913043478261,0.6068052930056711
0.0242,0.6104757403906742,0.027245142847769976,0.7083333333333334,0.5416666666666666,0.6431159420289855,0.5543478260869565,0.6049149338374291
0.0244,0.6082230623818525,0.027038341118246642,0.7065217391304348,0.536231884057971,0.6413043478260869,0.5615942028985508,0.5954631379962193
0.0246,0.6100189035916823,0.02668649459152066,0.7083333333333334,0.5434782608695652,0.6431159420289856,0.5615942028985508,0.5935727788279773
0.0248,0.6092785129174544,0.02590181639886692,0.7065217391304348,0.5489130434782609,0.6394927536231885,0.5597826086956522,0.5916824196597353
0.025,0.6103969754253308,0.026244851435201635,0.7065217391304347,0.5434782608695652,0.6431159420289855,0.5634057971014493,0.5954631379962192
0.0252,0.6114681789540012,0.02712792012894353,0.7083333333333333,0.5416666666666666,0.6503623188405796,0.5634057971014493,0.5935727788279772
0.0254,0.6125393824826717,0.02734412323501482,0.7137681159420289,0.5434782608695652,0.6467391304347826,0.5670289855072463,0.5916824196597354
0.0256,0.6117989918084437,0.027974234107098223,0.7155797101449275,0.5416666666666667,0.6467391304347826,0.5652173913043478,0.5897920604914935
0.0258,0.6132482671707624,0.02815454672277194,0.717391304347826,0.5471014492753623,0.6503623188405796,0.5615942028985507,0.5897920604914935
0.026,0.6128386893509766,0.028438830873948877,0.7192028985507246,0.5507246376811594,0.6503623188405796,0.5597826086956522,0.5841209829867675
0.0262,0.6124763705103969,0.028899869381716892,0.717391304347826,0.5507246376811594,0.6557971014492754,0.5543478260869565,0.5841209829867675
0.0264,0.6117517328292376,0.028523919798105965,0.7155797101449276,0.552536231884058,0.6539855072463768,0.552536231884058,0.5841209829867675
0.0266,0.609199747952111,0.02802068795297572,0.7101449275362319,0.5543478260869564,0.6521739130434783,0.5471014492753623,0.5822306238185255
0.0268,0.6066320100819155,0.028259143181139753,0.7083333333333333,0.552536231884058,0.6503623188405797,0.5434782608695652,0.5784499054820416
0.027,0.6073724007561436,0.02710455611054026,0.7065217391304348,0.556159420289855,0.6467391304347827,0.5471014492753623,0.5803402646502835
0.0272,0.6062854442344046,0.025740300050975048,0.7028985507246377,0.5597826086956521,0.6394927536231885,0.5489130434782609,0.5803402646502835
0.0274,0.6070258349086327,0.02645961177203739,0.7047101449275363,0.5597826086956521,0.6431159420289856,0.5452898550724637,0.5822306238185255
0.0276,0.605576559546314,0.026969258475364577,0.7065217391304348,0.5561594202898551,0.6394927536231885,0.5434782608695652,0.5822306238185255
0.0278,0.6037334593572778,0.02644240188586328,0.7047101449275363,0.5579710144927535,0.6340579710144928,0.5434782608695652,0.5784499054820416
0.028,0.599700693131695,0.026607149450308707,0.7047101449275363,0.5597826086956522,0.6231884057971014,0.5380434782608695,0.5727788279773156
0.0282,0.5971644612476371,0.027220958700067303,0.7065217391304348,0.5561594202898551,0.6159420289855072,0.5344202898550725,0.5727788279773156
0.0284,0.5979363579080024,0.02760141610139864,0.7065217391304348,0.5543478260869564,0.6195652173913043,0.5307971014492753,0.5784499054820416
0.0286,0.600897920604915,0.027733742689944878,0.7101449275362318,0.5489130434782608,0.6213768115942029,0.5380434782608696,0.5860113421550095
0.0288,0.6012759924385633,0.02908244352148016,0.717391304347826,0.5489130434782608,0.6177536231884059,0.5344202898550724,0.5879017013232515
0.029,0.5995116572148709,0.029983244075531497,0.717391304347826,0.5489130434782609,0.6141304347826088,0.5235507246376812,0.5935727788279772
0.0292,0.597715816005041,0.03046643195161983,0.717391304347826,0.5434782608695652,0.6105072463768116,0.5217391304347827,0.5954631379962192
0.0294,0.5936672967863894,0.030139312045850967,0.7155797101449276,0.5452898550724637,0.5996376811594204,0.519927536231884,0.5879017013232515
0.0296,0.5948015122873346,0.030056253373340495,0.7155797101449276,0.5434782608695652,0.5996376811594204,0.5217391304347826,0.5935727788279772
0.0298,0.5933522369250157,0.030006953540038406,0.7137681159420289,0.5398550724637681,0.5978260869565217,0.5217391304347826,0.5935727788279773
0.03,0.5930686830497794,0.03103224963416732,0.713768115942029,0.5416666666666667,0.5960144927536233,0.5108695652173912,0.6030245746691871
0.0302,0.5941871455576558,0.031107541950866947,0.717391304347826,0.5416666666666667,0.588768115942029,0.5163043478260869,0.6068052930056711
0.0304,0.5880434782608697,0.03187005621412969,0.7119565217391304,0.5362318840579711,0.5778985507246377,0.5054347826086957,0.608695652173913
0.0306,0.5854757403906742,0.032481490593654176,0.7119565217391304,0.5344202898550725,0.5760869565217391,0.5,0.6049149338374291
0.0308,0.5807813484562067,0.03277724022370089,0.7047101449275363,0.532608695652174,0.5706521739130435,0.48913043478260865,0.6068052930056711
0.031,0.5764492753623189,0.03383522596759319,0.7028985507246377,0.5271739130434784,0.5615942028985507,0.4818840579710145,0.6086956521739131
0.0312,0.5739130434782609,0.03330733075275706,0.697463768115942,0.5235507246376812,0.5579710144927537,0.48188405797101447,0.6086956521739131
0.0314,0.5691398865784499,0.03181116687064319,0.6865942028985507,0.5199275362318841,0.5579710144927535,0.48007246376811596,0.6011342155009451
0.0316,0.5706521739130435,0.03350225001613574,0.6956521739130435,0.5163043478260869,0.5489130434782609,0.483695652173913,0.6086956521739131
0.0318,0.5681316950220543,0.03276379438171561,0.6865942028985508,0.5144927536231884,0.5489130434782609,0.48007246376811596,0.6105860113421551
0.032,0.5674070573408947,0.03361739212732969,0.6884057971014492,0.5144927536231885,0.5489130434782609,0.4746376811594203,0.6105860113421551
0.0322,0.5674070573408947,0.03508112967391077,0.6956521739130435,0.5054347826086957,0.5489130434782609,0.47644927536231885,0.6105860113421551
0.0324,0.5670919974795211,0.03493215042012616,0.6902173913043479,0.5090579710144928,0.5489130434782609,0.47101449275362317,0.6162570888468809
0.0326,0.566398865784499,0.03782475699529548,0.6992753623188406,0.5072463768115942,0.5452898550724637,0.4601449275362319,0.6200378071833649
0.0328,0.5634373030875867,0.03824601315467928,0.7047101449275363,0.5090579710144928,0.5271739130434783,0.46376811594202894,0.6124763705103969
0.033,0.5612476370510396,0.037438542248797654,0.6992753623188406,0.5054347826086957,0.5253623188405797,0.46557971014492755,0.6105860113421551
0.0332,0.5601449275362319,0.03624057866691702,0.6938405797101449,0.5054347826086957,0.5235507246376812,0.46920289855072467,0.6086956521739131
0.0334,0.5557813484562066,0.03699264598909501,0.6920289855072463,0.5036231884057971,0.5126811594202899,0.463768115942029,0.6068052930056711
0.0336,0.5539855072463767,0.03882529982810538,0.6974637681159419,0.5,0.5018115942028986,0.4619565217391305,0.6086956521739131
0.0338,0.5521581600504095,0.037155219304099936,0.6884057971014492,0.4963768115942029,0.5036231884057971,0.4655797101449275,0.6068052930056711
0.034,0.5503308128544424,0.036598783389676044,0.6847826086956521,0.4927536231884058,0.5,0.46920289855072467,0.6049149338374291
0.0342,0.5471172022684311,0.03732595434967998,0.6793478260869564,0.48550724637681153,0.4963768115942029,0.46376811594202894,0.6105860113421551
0.0344,0.5460302457466919,0.03759448148854873,0.6793478260869565,0.483695652173913,0.4909420289855073,0.4655797101449275,0.610586011342155
0.0346,0.5475110270951481,0.03872646687789132,0.6847826086956521,0.4855072463768116,0.48731884057971014,0.4655797101449275,0.6143667296786389
0.0348,0.5468178954001259,0.03912352543241194,0.6829710144927535,0.483695652173913,0.48550724637681164,0.46376811594202894,0.6181474480151228
0.035,0.541005040957782,0.040475448676612104,0.681159420289855,0.47282608695652173,0.47644927536231885,0.4583333333333333,0.6162570888468809
0.0352,0.5398865784499055,0.04027604185794806,0.6811594202898551,0.47463768115942023,0.46920289855072467,0.4619565217391304,0.612476370510397
0.0354,0.5365942028985506,0.04050653339965211,0.6793478260869565,0.47101449275362317,0.46195652173913043,0.4619565217391304,0.6086956521739131
0.0356,0.5369880277252679,0.041662635015658415,0.6829710144927537,0.4655797101449275,0.4583333333333334,0.46557971014492755,0.6124763705103969
0.0358,0.5325929426591053,0.041810458086968365,0.6793478260869565,0.4619565217391304,0.44384057971014496,0.47101449275362317,0.6068052930056711
0.036,0.531505986137366,0.04207516222834511,0.6775362318840579,0.46739130434782605,0.43297101449275366,0.4728260869565216,0.6068052930056711
0.0362,0.5301197227473219,0.04263265550339891,0.6721014492753623,0.4655797101449275,0.427536231884058,0.47101449275362317,0.6143667296786389
0.0364,0.5312539382482673,0.04420336675908668,0.677536231884058,0.46195652173913043,0.4257246376811594,0.47101449275362317,0.6200378071833648
0.0366,0.5290957781978576,0.04430837614421229,0.6721014492753623,0.45833333333333326,0.4202898550724638,0.47282608695652173,0.6219281663516067
0.0368,0.5279930686830497,0.043682573153663334,0.6684782608695653,0.45833333333333326,0.4202898550724638,0.47282608695652173,0.6200378071833649
0.037,0.5261657214870825,0.04161975589750859,0.6557971014492754,0.4601449275362318,0.4202898550724638,0.47644927536231885,0.6181474480151229
0.0372,0.5258506616257088,0.042612643502017544,0.6539855072463768,0.4583333333333333,0.41304347826086957,0.4800724637681159,0.6238185255198487
0.0374,0.5229521109010712,0.04298915092010509,0.6503623188405797,0.4528985507246377,0.4094202898550725,0.4782608695652174,0.6238185255198487
0.0376,0.5225740390674228,0.04171312609052548,0.644927536231884,0.4528985507246377,0.41304347826086957,0.48007246376811596,0.6219281663516067
0.0378,0.5211090107120352,0.04036829804254151,0.6358695652173912,0.4565217391304348,0.41123188405797095,0.48188405797101447,0.6200378071833648
0.038,0.5203843730308758,0.03986733300659964,0.6304347826086957,0.45108695652173914,0.41123188405797095,0.4891304347826087,0.6200378071833648
0.0382,0.5189193446754883,0.03825334957393364,0.6213768115942029,0.4456521739130435,0.4184782608695652,0.4909420289855073,0.6181474480151228
0.0384,0.5171235034656585,0.03850954144405639,0.6177536231884058,0.4384057971014493,0.4202898550724638,0.48913043478260876,0.6200378071833649
0.0386,0.5149023314429741,0.037206297979952535,0.6123188405797101,0.4384057971014493,0.42210144927536236,0.48731884057971014,0.6143667296786389
0.0388,0.5163673597983618,0.03690169745514266,0.6141304347826086,0.4365942028985508,0.43297101449275366,0.4818840579710145,0.6162570888468809
0.039,0.5141461877756773,0.03555791194333677,0.6068840579710144,0.43478260869565216,0.43297101449275366,0.4855072463768116,0.610586011342155
0.0392,0.5116099558916194,0.03531437810111843,0.5996376811594203,0.42934782608695654,0.43297101449275366,0.4855072463768116,0.6105860113421551
0.0394,0.5116257088846881,0.0346822139867017,0.592391304347826,0.43115942028985504,0.4311594202898551,0.4909420289855072,0.612476370510397
0.0396,0.5098141146817896,0.03386673400330004,0.5851449275362318,0.427536231884058,0.43840579710144933,0.48550724637681153,0.612476370510397
0.0398,0.5124291115311909,0.034630399112380555,0.5833333333333333,0.427536231884058,0.4402173913043479,0.48913043478260865,0.6219281663516067
0.04,0.5145872715816004,0.03319187713616956,0.5815217391304347,0.4311594202898551,0.447463768115942,0.4927536231884058,0.6200378071833648
0.0402,0.5135003150598614,0.03301245276909608,0.5760869565217391,0.42934782608695654,0.44565217391304346,0.4963768115942029,0.6200378071833648
0.0404,0.5120195337114052,0.033229180015204446,0.5797101449275363,0.427536231884058,0.443840579710145,0.49275362318840576,0.6162570888468809
0.0406,0.5146187775677378,0.03353717586641046,0.5797101449275363,0.4293478260869565,0.4510869565217391,0.4891304347826087,0.6238185255198487
0.0408,0.5135790800252048,0.03392708772078815,0.572463768115942,0.427536231884058,0.4528985507246377,0.48550724637681164,0.6294896030245747
0.041,0.5132325141776938,0.03360130777123515,0.5652173913043478,0.427536231884058,0.4528985507246377,0.48913043478260865,0.6313799621928167
0.0412,0.5154379332073094,0.03240142920796726,0.5543478260869565,0.43115942028985504,0.46195652173913043,0.4945652173913043,0.6351606805293005
0.0414,0.5165563957151859,0.032276090643203796,0.5489130434782609,0.43115942028985504,0.46920289855072467,0.4945652173913043,0.6389413988657845
0.0416,0.5184310018903592,0.032826055054389555,0.5452898550724639,0.4347826086956521,0.47101449275362317,0.4945652173913043,0.6465028355387523
0.0418,0.5216918714555765,0.03200326367853392,0.5434782608695652,0.43659420289855067,0.47644927536231885,0.5054347826086957,0.6465028355387523
0.042,0.5235507246376813,0.032305352355302554,0.5380434782608696,0.4365942028985507,0.48550724637681164,0.5054347826086957,0.6521739130434783
0.0422,0.5231726528040328,0.03145022949126442,0.532608695652174,0.4402173913043479,0.4873188405797102,0.5054347826086957,0.6502835538752363
0.0424,0.5260712035286705,0.030613768671028236,0.536231884057971,0.447463768115942,0.4891304347826087,0.5072463768115942,0.6502835538752363
0.0426,0.5268115942028986,0.030775354640785554,0.5307971014492754,0.44565217391304346,0.49275362318840576,0.5126811594202898,0.6521739130434783
0.0428,0.5308758664146188,0.03151412150794195,0.5326086956521738,0.4528985507246377,0.49456521739130427,0.5126811594202899,0.6616257088846881
0.043,0.532703213610586,0.031518864727630505,0.532608695652174,0.4528985507246377,0.5018115942028987,0.5126811594202899,0.6635160680529301
0.0432,0.5367517328292376,0.031948068860072926,0.5307971014492754,0.4583333333333333,0.5072463768115942,0.5163043478260869,0.6710775047258979
0.0434,0.5407687460617517,0.032240713086265374,0.5307971014492754,0.45652173913043476,0.5181159420289856,0.5235507246376812,0.6748582230623819
0.0436,0.5425960932577188,0.03256570349588406,0.5344202898550725,0.4547101449275362,0.5235507246376812,0.5235507246376812,0.6767485822306238
0.0438,0.5451008191556396,0.030684215130718295,0.536231884057971,0.4655797101449275,0.5271739130434783,0.5235507246376812,0.6729678638941399
0.044,0.5494643982356646,0.03026785023833547,0.5398550724637681,0.47101449275362317,0.5416666666666666,0.519927536231884,0.6748582230623817
0.0442,0.5516540642722116,0.030211837416320234,0.5434782608695652,0.47282608695652173,0.5416666666666666,0.5235507246376812,0.6767485822306238
0.0444,0.5556238185255198,0.02936272042793446,0.5489130434782609,0.4746376811594203,0.5507246376811594,0.5289855072463768,0.6748582230623819
0.0446,0.556710775047259,0.02895522684801598,0.5489130434782609,0.47826086956521735,0.552536231884058,0.5289855072463768,0.6748582230623819
0.0448,0.5592312539382484,0.028586634940810818,0.5543478260869565,0.47644927536231885,0.5579710144927537,0.5344202898550725,0.6729678638941399
0.045,0.5646975425330811,0.028420360693333167,0.5634057971014492,0.48007246376811596,0.5597826086956521,0.5434782608695652,0.6767485822306238
0.0452,0.5650598613736608,0.0281030482379687,0.5615942028985507,0.483695652173913,0.5634057971014492,0.5398550724637681,0.6767485822306238
0.0454,0.565406427221172,0.027652373455979217,0.5634057971014492,0.4855072463768116,0.5652173913043479,0.5380434782608695,0.6748582230623819
0.0456,0.5683049779458098,0.027783871443114956,0.5760869565217391,0.4855072463768116,0.5688405797101449,0.5362318840579711,0.6748582230623819
0.0458,0.5697542533081286,0.02731971060488066,0.5797101449275361,0.4891304347826087,0.5670289855072463,0.5380434782608696,0.6748582230623819
0.046,0.570872715816005,0.028009197335526207,0.5815217391304348,0.4891304347826087,0.5688405797101449,0.536231884057971,0.6786389413988658
0.0462,0.5719754253308128,0.02848991751129586,0.5869565217391304,0.4891304347826087,0.568840579710145,0.5344202898550725,0.6805293005671078
0.0464,0.574558916194077,0.02926937143188757,0.592391304347826,0.49094202898550726,0.5688405797101449,0.5344202898550725,0.6862003780718335
0.0466,0.5767643352236925,0.02994096265086752,0.5996376811594203,0.49275362318840576,0.5688405797101449,0.5326086956521738,0.6899810964083175
0.0468,0.5770793950850661,0.030057756002639758,0.6068840579710144,0.4873188405797102,0.5760869565217391,0.5307971014492754,0.6843100189035917
0.047,0.5789382482671708,0.030806043499949518,0.6123188405797101,0.4909420289855072,0.572463768115942,0.5289855072463767,0.6899810964083176
0.0472,0.5792848141146817,0.030231127334838594,0.6123188405797101,0.4945652173913043,0.5742753623188406,0.5271739130434783,0.6880907372400756
0.0474,0.5840894770006301,0.03285787827466316,0.6304347826086957,0.4963768115942029,0.5706521739130436,0.5235507246376812,0.6994328922495274
0.0476,0.5829867674858222,0.03286592817782859,0.6304347826086957,0.4963768115942029,0.5706521739130435,0.519927536231884,0.6975425330812854
0.0478,0.5858695652173913,0.03269553654003604,0.6376811594202899,0.4963768115942029,0.5760869565217391,0.5235507246376812,0.6956521739130435
0.048,0.5906112161310648,0.032496669145226156,0.6413043478260869,0.49818840579710144,0.5815217391304348,0.5326086956521738,0.6994328922495274
0.0482,0.5890989287964713,0.032274714360893506,0.6467391304347826,0.49818840579710144,0.5815217391304348,0.5271739130434783,0.6918714555765596
0.0484,0.5902173913043478,0.03265053676334706,0.6485507246376812,0.5018115942028986,0.5797101449275363,0.5253623188405797,0.6956521739130436
0.0486,0.5931001890359169,0.03253285611114406,0.6576086956521738,0.5054347826086957,0.5815217391304348,0.5271739130434783,0.6937618147448016
0.0488,0.5912728418399495,0.03282444025193513,0.6594202898550724,0.5018115942028986,0.5742753623188406,0.5289855072463768,0.6918714555765595
0.049,0.591650913673598,0.03252868034049384,0.6576086956521738,0.5036231884057971,0.5706521739130435,0.5326086956521738,0.6937618147448015
0.0492,0.5920289855072464,0.03249335478894159,0.6557971014492754,0.5036231884057971,0.5706521739130435,0.5344202898550725,0.6956521739130435
0.0494,0.588768115942029,0.03307635664065855,0.6539855072463768,0.5,0.5597826086956521,0.5344202898550725,0.6956521739130433
0.0496,0.5895242596093258,0.03370489428259864,0.6557971014492754,0.5018115942028986,0.5579710144927537,0.532608695652174,0.6994328922495274
0.0498,0.588421550094518,0.03259266170794545,0.6485507246376813,0.5036231884057971,0.5579710144927537,0.5344202898550725,0.6975425330812854
0.05,0.5895085066162571,0.03277811087820707,0.6539855072463768,0.5090579710144928,0.5561594202898551,0.5307971014492754,0.6975425330812853
0.0502,0.5894927536231884,0.031828838876826894,0.6503623188405797,0.5090579710144927,0.5543478260869565,0.5380434782608695,0.6956521739130435
0.0504,0.5883900441083807,0.030717588409613816,0.6431159420289855,0.5126811594202898,0.5561594202898551,0.536231884057971,0.6937618147448015
0.0506,0.5876181474480151,0.03056795627654085,0.6485507246376812,0.5126811594202898,0.5543478260869565,0.5344202898550725,0.6880907372400756
0.0508,0.5854442344045367,0.03126680954090339,0.6485507246376812,0.5163043478260869,0.5525362318840579,0.5217391304347826,0.6880907372400756
0.051,0.5821203528670447,0.030703853241524,0.6467391304347826,0.5108695652173912,0.5507246376811594,0.5217391304347826,0.6805293005671078
0.0512,0.5828134845620667,0.029425019084237728,0.644927536231884,0.5163043478260869,0.5543478260869565,0.5217391304347827,0.6767485822306238
0.0514,0.579867674858223,0.028957480765631757,0.6431159420289855,0.5126811594202898,0.5489130434782609,0.5235507246376812,0.671077504725898
0.0516,0.579473850031506,0.02766566458063495,0.6394927536231884,0.5144927536231884,0.5471014492753623,0.5289855072463767,0.667296786389414
0.0518,0.5787019533711406,0.027120875521722793,0.6413043478260869,0.5144927536231884,0.5471014492753623,0.5289855072463767,0.6616257088846881
0.052,0.5786704473850032,0.026891253391820132,0.644927536231884,0.5163043478260869,0.5434782608695652,0.5307971014492754,0.6578449905482042
0.0522,0.5786074354127283,0.027291431955744485,0.6539855072463768,0.5126811594202898,0.5471014492753623,0.5289855072463767,0.6502835538752363
0.0524,0.5735034656584751,0.02744711571204563,0.6485507246376812,0.5054347826086956,0.5380434782608695,0.5289855072463768,0.6465028355387523
0.0526,0.5723850031505986,0.025678876642264183,0.6413043478260869,0.5126811594202898,0.5380434782608695,0.5271739130434783,0.6427221172022684
0.0528,0.5723692501575298,0.025029462673116586,0.6394927536231885,0.5163043478260869,0.5416666666666666,0.5235507246376812,0.6408317580340264
0.053,0.5716131064902331,0.025905100444820923,0.6467391304347826,0.5181159420289855,0.5380434782608696,0.5181159420289856,0.6370510396975425
0.0532,0.5715973534971643,0.025990204406474347,0.6485507246376812,0.5163043478260869,0.5398550724637681,0.5181159420289856,0.6351606805293005
0.0534,0.5697700063011972,0.025487704089645184,0.6431159420289855,0.5108695652173914,0.5434782608695652,0.5181159420289856,0.6332703213610585
0.0536,0.5679584120982987,0.025807935801992147,0.6413043478260869,0.5126811594202898,0.5416666666666666,0.5108695652173914,0.6332703213610587
0.0538,0.5708412098298676,0.02550336698509149,0.644927536231884,0.5144927536231884,0.552536231884058,0.5108695652173914,0.6313799621928167
0.054,0.5708569628229363,0.02600301096778825,0.6467391304347826,0.5126811594202898,0.548913043478261,0.5126811594202898,0.6332703213610585
0.0542,0.5712035286704473,0.02625560385752177,0.6503623188405797,0.5126811594202898,0.548913043478261,0.5126811594202899,0.6313799621928166
0.0544,0.5722589792060491,0.025720075371863837,0.6521739130434783,0.5108695652173912,0.552536231884058,0.5181159420289855,0.6275992438563326
0.0546,0.5722589792060491,0.024947992791948766,0.6485507246376812,0.5126811594202898,0.552536231884058,0.519927536231884,0.6275992438563327
0.0548,0.576984877126654,0.024628993322521102,0.6521739130434783,0.5144927536231884,0.5634057971014492,0.5253623188405797,0.6294896030245747
0.055,0.5780875866414619,0.02572841021261423,0.657608695652174,0.5144927536231884,0.5652173913043479,0.5217391304347826,0.6313799621928167
0.0552,0.5792060491493383,0.026193685415298103,0.6576086956521738,0.5108695652173912,0.5688405797101449,0.5235507246376812,0.6351606805293005
0.0554,0.5792375551354757,0.025982746278701327,0.6521739130434782,0.5126811594202898,0.572463768115942,0.519927536231884,0.6389413988657846
0.0556,0.5762602394454946,0.025742293688846517,0.6539855072463768,0.5126811594202898,0.5688405797101449,0.5163043478260869,0.6294896030245747
0.0558,0.5759136735979836,0.025244370700317247,0.6485507246376812,0.5126811594202898,0.5706521739130435,0.5163043478260869,0.6313799621928166
0.056,0.5751260239445495,0.0253876714233354,0.6521739130434783,0.5144927536231885,0.5742753623188406,0.5108695652173914,0.6238185255198487
0.0562,0.5754883427851292,0.02384614600612214,0.6467391304347826,0.5163043478260869,0.572463768115942,0.5181159420289855,0.6238185255198487
0.0564,0.5766068052930058,0.024308125040763483,0.644927536231884,0.5163043478260869,0.5797101449275363,0.5144927536231884,0.6275992438563327
0.0566,0.5762129804662885,0.025045075261578106,0.6485507246376812,0.5072463768115942,0.5833333333333334,0.5181159420289855,0.6238185255198487
0.0568,0.5769061121613107,0.02476408189025051,0.6467391304347826,0.5054347826086956,0.5923913043478262,0.519927536231884,0.6200378071833649
0.057,0.5779615626969125,0.02376802907488831,0.6485507246376812,0.5090579710144928,0.5905797101449275,0.5253623188405797,0.6162570888468809
0.0572,0.5801354757403907,0.023485727345151097,0.6503623188405797,0.5126811594202898,0.5942028985507246,0.5271739130434783,0.6162570888468809
0.0574,0.5826402016383113,0.02376452071348038,0.6557971014492754,0.5144927536231885,0.6014492753623188,0.5289855072463768,0.6124763705103969
0.0576,0.5815217391304348,0.022754084736387813,0.6521739130434783,0.5144927536231884,0.5996376811594203,0.5326086956521738,0.6086956521739131
0.0578,0.5807340894770006,0.02174293136821817,0.6485507246376812,0.5163043478260869,0.6032608695652174,0.5344202898550725,0.6011342155009451
0.058,0.5781978575929426,0.019912286730012992,0.6394927536231884,0.519927536231884,0.5960144927536233,0.5344202898550724,0.6011342155009453
0.0582,0.5788909892879646,0.019335162343775542,0.6376811594202898,0.5235507246376812,0.6014492753623187,0.5344202898550724,0.5973534971644613
0.0584,0.5813957151858853,0.018641743495524575,0.6413043478260869,0.5289855072463768,0.6032608695652174,0.5398550724637681,0.5935727788279772
0.0586,0.5810176433522369,0.018072666868044287,0.6413043478260869,0.5307971014492754,0.5996376811594202,0.5416666666666667,0.5916824196597353
0.0588,0.5783711405166981,0.017356367243723306,0.6376811594202898,0.5307971014492754,0.6014492753623187,0.5434782608695652,0.5784499054820416
0.059,0.5787019533711405,0.0170489950623278,0.6376811594202898,0.5289855072463768,0.6014492753623187,0.5507246376811594,0.5746691871455576
0.0592,0.5830812854442344,0.017259349014958434,0.644927536231884,0.5344202898550724,0.6032608695652174,0.5543478260869565,0.5784499054820416
0.0594,0.585633270321361,0.01721174935096819,0.6485507246376812,0.5362318840579711,0.6032608695652174,0.5597826086956521,0.5803402646502835
0.0596,0.5863264020163832,0.014467063749225562,0.6394927536231885,0.5434782608695652,0.6014492753623188,0.5706521739130435,0.5765595463137996
0.0598,0.5870510396975426,0.013277509989603774,0.6358695652173912,0.5507246376811594,0.6032608695652174,0.5688405797101449,0.5765595463137996
0.06,0.5859640831758033,0.012801894459973312,0.6340579710144927,0.5489130434782609,0.5978260869565217,0.5724637681159419,0.5765595463137996
0.0602,0.584546313799622,0.012569320968011211,0.6322463768115942,0.5471014492753623,0.592391304347826,0.5706521739130435,0.5803402646502835
0.0604,0.5871140516698172,0.011675508049950696,0.6340579710144927,0.5579710144927537,0.5905797101449275,0.568840579710145,0.5841209829867674
0.0606,0.584546313799622,0.010547698808735158,0.6286231884057971,0.5579710144927537,0.5815217391304348,0.5742753623188406,0.5803402646502835
0.0608,0.5827189666036547,0.011490086714391242,0.6304347826086957,0.552536231884058,0.5742753623188406,0.5778985507246377,0.5784499054820416
0.061,0.5831442974165091,0.011400849322157822,0.6304347826086957,0.5579710144927535,0.5652173913043478,0.5760869565217391,0.5860113421550094
0.0612,0.5823881537492124,0.010507305420847615,0.6250000000000001,0.5615942028985508,0.5597826086956522,0.5833333333333333,0.5822306238185255
0.0614,0.580214240705734,0.01300087942264924,0.6322463768115942,0.5597826086956521,0.5471014492753623,0.5797101449275361,0.5822306238185255
0.0616,0.5791430371770636,0.01391718587023357,0.6322463768115942,0.5615942028985508,0.5380434782608695,0.5797101449275361,0.5841209829867675
0.0618,0.5810491493383744,0.013928710597476752,0.6304347826086957,0.5688405797101449,0.536231884057971,0.5742753623188406,0.5954631379962192
0.062,0.5825299306868305,0.013008966271691055,0.6268115942028986,0.572463768115942,0.5398550724637681,0.5742753623188406,0.5992438563327032
0.0622,0.5799621928166352,0.01379439511662691,0.621376811594203,0.5760869565217391,0.5271739130434783,0.5797101449275363,0.5954631379962193
0.0624,0.5789067422810333,0.014448670661707769,0.6177536231884058,0.5742753623188406,0.5217391304347826,0.5815217391304348,0.5992438563327032
0.0626,0.5785601764335224,0.015779980034473326,0.6105072463768116,0.5887681159420289,0.5108695652173914,0.5815217391304348,0.6011342155009451
0.0628,0.5763862633900441,0.01596681290161274,0.6032608695652174,0.592391304347826,0.5072463768115942,0.5778985507246377,0.6011342155009451
0.063,0.5764020163831128,0.017159355801496995,0.6014492753623188,0.5978260869565218,0.5018115942028986,0.5778985507246377,0.6030245746691871
0.0632,0.5767800882167612,0.01759576747660118,0.5996376811594203,0.5996376811594203,0.5,0.5797101449275361,0.604914933837429
0.0634,0.5771739130434782,0.018170931036124608,0.5978260869565217,0.6014492753623188,0.49818840579710144,0.5797101449275361,0.608695652173913
0.0636,0.575346565847511,0.018345246132493456,0.5978260869565217,0.6014492753623188,0.49637681159420294,0.5742753623188406,0.606805293005671
0.0638,0.574952741020794,0.018156274108683153,0.605072463768116,0.5942028985507247,0.4963768115942029,0.5760869565217391,0.603024574669187
0.064,0.573456206679269,0.01879964595232344,0.608695652173913,0.5960144927536232,0.49275362318840576,0.572463768115942,0.5973534971644613
0.0642,0.5701638311279142,0.019877123907465176,0.608695652173913,0.5960144927536232,0.48550724637681164,0.5670289855072463,0.5935727788279772
0.0644,0.5661468178954001,0.02107593172260232,0.6032608695652174,0.5942028985507246,0.4746376811594203,0.5688405797101449,0.5897920604914934
0.0646,0.5603182104599873,0.021872126350593823,0.5978260869565217,0.5905797101449275,0.4655797101449275,0.5615942028985507,0.5860113421550094
0.0648,0.5596250787649653,0.022473608819406413,0.5960144927536232,0.5887681159420289,0.46195652173913043,0.5615942028985507,0.5897920604914934
0.065,0.5606805293005671,0.02217080967916885,0.6032608695652174,0.5887681159420289,0.4655797101449276,0.5597826086956522,0.5860113421550094
0.0652,0.5573881537492124,0.021672026419482286,0.6032608695652174,0.5815217391304348,0.46557971014492755,0.5543478260869565,0.5822306238185255
0.0654,0.5577662255828607,0.023237321184538185,0.6105072463768115,0.5797101449275361,0.46014492753623193,0.5543478260869565,0.5841209829867675
0.0656,0.5541587901701324,0.024678767852954902,0.6086956521739131,0.5778985507246377,0.45108695652173914,0.5471014492753623,0.5860113421550095
0.0658,0.5531033396345305,0.02411922038137194,0.6068840579710145,0.5742753623188406,0.45471014492753625,0.5398550724637681,0.5897920604914934
0.066,0.5494328922495274,0.024367926094589744,0.6014492753623188,0.5797101449275361,0.45108695652173914,0.5307971014492754,0.5841209829867674
0.0662,0.5486925015752993,0.024942608914004127,0.6014492753623188,0.5815217391304348,0.447463768115942,0.5307971014492754,0.5822306238185255
0.0664,0.5479363579080024,0.02250282500499445,0.5942028985507246,0.5815217391304348,0.4583333333333333,0.5271739130434783,0.5784499054820416
0.0666,0.5468336483931947,0.02062770803623418,0.5942028985507246,0.572463768115942,0.46739130434782605,0.5235507246376812,0.5765595463137996
0.0668,0.5453686200378071,0.019861532089894246,0.5887681159420289,0.5706521739130435,0.4673913043478261,0.5253623188405797,0.5746691871455576
0.067,0.5445967233774417,0.020519969947778514,0.5923913043478262,0.5742753623188406,0.4655797101449275,0.5217391304347826,0.5689981096408316
0.0672,0.5435097668557026,0.02020050471256756,0.588768115942029,0.5778985507246377,0.47101449275362317,0.5108695652173914,0.5689981096408318
0.0674,0.5409577819785759,0.019820045025400756,0.5869565217391304,0.572463768115942,0.47101449275362317,0.5072463768115942,0.5671077504725899
0.0676,0.5376496534341525,0.019767175580664213,0.5851449275362319,0.5688405797101448,0.46739130434782605,0.5054347826086957,0.5614366729678639
0.0678,0.532561436672968,0.02014082355465758,0.5797101449275363,0.5615942028985508,0.45833333333333337,0.5036231884057971,0.5595463137996219
0.068,0.5318367989918084,0.019868807462643943,0.5778985507246377,0.5597826086956521,0.45833333333333337,0.5036231884057971,0.5595463137996219
0.0682,0.5275204788909893,0.02039658707166558,0.5778985507246377,0.5434782608695652,0.4528985507246377,0.5,0.5633270321361058
0.0684,0.5231253938248267,0.020029862235839215,0.5778985507246377,0.5326086956521738,0.4528985507246377,0.4945652173913042,0.55765595463138
0.0686,0.5197857592942658,0.018643058663608818,0.5688405797101449,0.536231884057971,0.4528985507246377,0.49275362318840576,0.5482041587901701
0.0688,0.5216446124763705,0.02036303810812601,0.5742753623188406,0.5416666666666666,0.45108695652173914,0.48731884057971014,0.553875236294896
0.069,0.5190768746061752,0.022244112022289673,0.5760869565217391,0.5452898550724637,0.4402173913043479,0.4836956521739131,0.5500945179584122
0.0692,0.5197857592942658,0.021743963098542783,0.5815217391304348,0.5398550724637681,0.44565217391304346,0.4836956521739131,0.5482041587901701
0.0694,0.5161310649023314,0.021234723801478884,0.5760869565217391,0.5344202898550725,0.4420289855072464,0.4836956521739131,0.5444234404536861
0.0696,0.515752993068683,0.020836190414710614,0.5706521739130435,0.5434782608695653,0.447463768115942,0.4746376811594203,0.5425330812854441
0.0698,0.5146345305608065,0.020573510268386087,0.572463768115942,0.5398550724637682,0.4492753623188405,0.47282608695652173,0.5387523629489602
0.07,0.5124763705103969,0.020342093145080505,0.5670289855072463,0.5380434782608695,0.4528985507246377,0.46376811594202894,0.5406427221172022
0.0702,0.5131537492123504,0.02055359357457723,0.572463768115942,0.5398550724637682,0.45471014492753625,0.463768115942029,0.5349716446124764
0.0704,0.5098613736609956,0.019958083587450163,0.5670289855072463,0.5362318840579711,0.4528985507246377,0.46195652173913043,0.5311909262759924
0.0706,0.5102551984877126,0.020040623204533398,0.5670289855072463,0.5344202898550725,0.45289855072463764,0.46195652173913043,0.5349716446124764
0.0708,0.5047889098928797,0.022473988665897667,0.568840579710145,0.532608695652174,0.44021739130434784,0.4510869565217392,0.5311909262759924
0.071,0.5051512287334593,0.022837619930451362,0.5688405797101449,0.536231884057971,0.44021739130434784,0.4492753623188406,0.5311909262759924
0.0712,0.5033553875236295,0.023254284295888012,0.5634057971014492,0.5380434782608695,0.4347826086956522,0.447463768115942,0.5330812854442344
0.0714,0.5011814744801513,0.02326282415151721,0.5543478260869565,0.5416666666666666,0.4293478260869565,0.447463768115942,0.5330812854442344
0.0716,0.4967548834278513,0.02349237048300286,0.5471014492753623,0.5452898550724637,0.4221014492753623,0.44565217391304346,0.5236294896030246
0.0718,0.494187145557656,0.024663154802239576,0.5507246376811594,0.5434782608695652,0.4166666666666667,0.44021739130434784,0.5198487712665407
0.072,0.4923440453686201,0.025230948932147546,0.5525362318840579,0.5416666666666666,0.411231884057971,0.44021739130434784,0.5160680529300568
0.0722,0.4890831758034027,0.02523805106748563,0.5489130434782609,0.5362318840579711,0.40760869565217395,0.43659420289855067,0.5160680529300568
0.0724,0.4847195967233775,0.026971516421288977,0.5452898550724637,0.5380434782608696,0.3967391304347826,0.42934782608695654,0.5141776937618148
0.0726,0.48251417769376187,0.026409825930516266,0.536231884057971,0.5416666666666666,0.39855072463768115,0.4257246376811594,0.5103969754253308
0.0728,0.48106490233144295,0.02789784000742781,0.5326086956521738,0.5489130434782609,0.39492753623188404,0.41847826086956524,0.5103969754253308
0.073,0.4807340894770006,0.02804346569528415,0.5253623188405797,0.552536231884058,0.39673913043478254,0.4148550724637681,0.5141776937618148
0.0732,0.47778827977315685,0.027594343089472888,0.519927536231884,0.5507246376811593,0.391304347826087,0.4184782608695652,0.5085066162570889
0.0734,0.47525204788909886,0.028139726331908026,0.5126811594202898,0.552536231884058,0.3876811594202898,0.41485507246376807,0.5085066162570888
0.0736,0.47454316320100814,0.028821136433913902,0.5072463768115942,0.556159420289855,0.38405797101449274,0.41485507246376807,0.5103969754253308
0.0738,0.47526780088216763,0.028062824177972054,0.5054347826086957,0.5543478260869565,0.3822463768115942,0.42391304347826086,0.5103969754253308
0.074,0.4741650913673599,0.029105699953629403,0.5,0.5615942028985508,0.3804347826086957,0.42028985507246375,0.5085066162570889
0.0742,0.4708727158160051,0.027572565964827826,0.49275362318840576,0.5543478260869565,0.3822463768115942,0.42028985507246375,0.504725897920605
0.0744,0.47166036546943924,0.028834324298459738,0.4909420289855072,0.5561594202898551,0.375,0.42391304347826086,0.5122873345935728
0.0746,0.47166036546943924,0.028797879412778317,0.4873188405797102,0.5561594202898551,0.3713768115942029,0.4311594202898551,0.5122873345935728
0.0748,0.4734877126654064,0.0286331924524296,0.4963768115942029,0.552536231884058,0.3713768115942029,0.43297101449275366,0.5141776937618148
0.075,0.4716761184625079,0.028992335022246192,0.4891304347826087,0.5543478260869565,0.3695652173913043,0.43115942028985504,0.5141776937618148
0.0752,0.4760712035286704,0.028755192686639463,0.49094202898550726,0.5561594202898551,0.3713768115942029,0.4420289855072464,0.5198487712665406
0.0754,0.4750472589792061,0.030049158627379852,0.48731884057971014,0.5543478260869565,0.36413043478260865,0.4420289855072464,0.5274102079395085
0.0756,0.4780245746691872,0.029941869366598216,0.4836956521739131,0.5543478260869565,0.36775362318840576,0.447463768115942,0.5368620037807184
0.0758,0.47874921235034656,0.028910724466405597,0.4782608695652174,0.5507246376811594,0.3695652173913043,0.45833333333333337,0.5368620037807184
0.076,0.4754253308128543,0.02843572774464509,0.47282608695652173,0.5471014492753623,0.3659420289855072,0.46195652173913043,0.5293005671077504
0.0762,0.4787334593572779,0.027492389602473334,0.4746376811594203,0.5471014492753623,0.375,0.46195652173913043,0.5349716446124764
0.0764,0.4798046628859483,0.025981290691449225,0.47101449275362317,0.5452898550724637,0.3822463768115942,0.46739130434782605,0.5330812854442344
0.0766,0.4826874606175173,0.025544899293843622,0.4692028985507246,0.5489130434782609,0.3858695652173913,0.4782608695652174,0.5311909262759924
0.0768,0.48596408317580336,0.023946823176629058,0.46557971014492755,0.5471014492753623,0.3967391304347826,0.48731884057971014,0.5330812854442344
0.077,0.49399810964083174,0.022215310725275998,0.46557971014492755,0.5543478260869565,0.4184782608695652,0.49094202898550726,0.5406427221172022
0.0772,0.4935727788279773,0.0214121668067722,0.4601449275362319,0.5597826086956522,0.427536231884058,0.4873188405797102,0.5330812854442344
0.0774,0.4971329552614997,0.01823122411245536,0.4601449275362319,0.5543478260869565,0.4438405797101449,0.5018115942028987,0.5255198487712665
0.0776,0.4978890989287965,0.01817673424990377,0.46376811594202894,0.5543478260869564,0.44384057971014496,0.49818840579710144,0.5293005671077504
0.0778,0.5014807813484563,0.017470763908343248,0.47101449275362317,0.5579710144927537,0.44746376811594213,0.5054347826086957,0.5255198487712665
0.078,0.49891304347826093,0.016305152959186685,0.4655797101449276,0.5507246376811595,0.4510869565217392,0.5054347826086957,0.5217391304347826
0.0782,0.5014335223692502,0.015516024857528293,0.46739130434782616,0.5543478260869564,0.46014492753623193,0.5054347826086957,0.5198487712665407
0.0784,0.5002835538752363,0.015008404866464532,0.46557971014492755,0.5543478260869564,0.46376811594202894,0.5054347826086957,0.5122873345935728
0.0786,0.5046628859483302,0.013379056984561082,0.4583333333333333,0.5471014492753623,0.4873188405797101,0.5144927536231884,0.5160680529300568
0.0788,0.503134845620668,0.012262051282298035,0.45652173913043476,0.5380434782608696,0.4945652173913043,0.519927536231884,0.5066162570888469
0.079,0.5078449905482041,0.012601067195388223,0.45652173913043476,0.5416666666666667,0.5144927536231885,0.519927536231884,0.5066162570888468
0.0792,0.509294265910523,0.013379976941301575,0.4528985507246377,0.5380434782608694,0.5235507246376812,0.5253623188405797,0.5066162570888468
0.0794,0.5122085696282295,0.014410863545030479,0.45108695652173914,0.5380434782608696,0.5344202898550725,0.5289855072463768,0.5085066162570888
0.0796,0.514366729678639,0.014783671615154858,0.4528985507246377,0.536231884057971,0.5416666666666666,0.5344202898550725,0.5066162570888468
0.0798,0.5198172652804033,0.01700092614262682,0.45108695652173914,0.5452898550724639,0.5579710144927537,0.536231884057971,0.5085066162570888
0.08,0.5241335853812223,0.019783609445771115,0.45108695652173914,0.5434782608695652,0.5833333333333333,0.5380434782608695,0.5047258979206048
0.0802,0.5270006301197228,0.02126158545739135,0.45471014492753625,0.5416666666666667,0.5978260869565217,0.5398550724637681,0.5009451795841209
0.0804,0.5320888468809073,0.023843471365447497,0.4528985507246377,0.5434782608695653,0.6141304347826086,0.5471014492753623,0.502835538752363
0.0806,0.5360901071203529,0.027596774697995204,0.447463768115942,0.5416666666666667,0.6358695652173912,0.5507246376811594,0.5047258979206048
0.0808,0.5408002520478892,0.029387300402129942,0.4492753623188406,0.5434782608695652,0.6485507246376812,0.5579710144927537,0.504725897920605
0.081,0.5433049779458098,0.0301317361282491,0.4528985507246377,0.5434782608695653,0.6539855072463768,0.5652173913043479,0.500945179584121
0.0812,0.548062381852552,0.0296106023436032,0.463768115942029,0.5380434782608696,0.6594202898550725,0.572463768115942,0.5066162570888468
0.0814,0.5549779458097038,0.030914067901940376,0.4746376811594203,0.532608695652174,0.6739130434782609,0.5833333333333334,0.5103969754253308
0.0816,0.558648393194707,0.031459871733880214,0.47826086956521735,0.5289855072463768,0.6793478260869565,0.5905797101449275,0.5160680529300568
0.0818,0.563768115942029,0.03310174750493843,0.47644927536231885,0.5289855072463768,0.6865942028985508,0.605072463768116,0.5217391304347826
0.082,0.5684625078764964,0.03437474474723344,0.48188405797101447,0.5307971014492754,0.6956521739130435,0.6141304347826086,0.5198487712665406
0.0822,0.5724480151228734,0.03503179769652215,0.4891304347826087,0.5326086956521738,0.7047101449275363,0.6159420289855073,0.5198487712665406
0.0824,0.5778985507246377,0.036358474505223504,0.4945652173913043,0.5307971014492754,0.7119565217391305,0.6304347826086958,0.5217391304347826
0.0826,0.583002520478891,0.036393255879484054,0.5018115942028984,0.5344202898550724,0.717391304347826,0.6358695652173914,0.5255198487712666
0.0828,0.5855860113421549,0.03727080659312564,0.5036231884057971,0.5307971014492754,0.7246376811594203,0.6376811594202898,0.5311909262759924
0.083,0.592548834278513,0.03849615743744675,0.5072463768115942,0.5307971014492754,0.7336956521739131,0.6503623188405798,0.5406427221172023
0.0832,0.5951323251417768,0.0386790960611308,0.5090579710144927,0.5307971014492754,0.7373188405797101,0.6521739130434783,0.5463137996219282
0.0834,0.5972432262129805,0.03872883261626418,0.5181159420289856,0.5344202898550725,0.7409420289855072,0.6539855072463768,0.5387523629489603
0.0836,0.6008506616257089,0.03838961165816635,0.5235507246376812,0.5416666666666666,0.7409420289855072,0.661231884057971,0.5368620037807182
0.0838,0.6048046628859483,0.03836491060050146,0.5380434782608696,0.5434782608695652,0.7463768115942029,0.6630434782608695,0.5330812854442344
0.084,0.6099086326402017,0.03848271847751846,0.5452898550724637,0.5471014492753623,0.7518115942028986,0.6684782608695652,0.5368620037807184
0.0842,0.6113579080025205,0.03770988451238877,0.5471014492753623,0.552536231884058,0.7481884057971014,0.6721014492753623,0.5368620037807184
0.0844,0.6157529930686831,0.03636561714231062,0.5615942028985507,0.5543478260869565,0.75,0.6702898550724637,0.5425330812854443
0.0846,0.6164776307498425,0.03696286939503654,0.5597826086956522,0.5543478260869564,0.7518115942028986,0.6739130434782609,0.5425330812854442
0.0848,0.6172180214240706,0.03632786661899792,0.5634057971014492,0.5543478260869565,0.7500000000000001,0.673913043478261,0.5444234404536862
0.085,0.6172495274102079,0.035367413775223774,0.5652173913043478,0.5561594202898551,0.75,0.6666666666666666,0.5482041587901701
0.0852,0.6172652804032766,0.034726889221642965,0.5706521739130435,0.5561594202898551,0.7518115942028986,0.657608695652174,0.5500945179584121
0.0854,0.6197857592942658,0.035190842478815224,0.5760869565217391,0.5597826086956522,0.7572463768115942,0.6576086956521738,0.5482041587901701
0.0856,0.6211562696912413,0.03556096021682176,0.5851449275362318,0.5670289855072463,0.7608695652173914,0.6539855072463767,0.5387523629489603
0.0858,0.6226370510396976,0.03539007975201976,0.5851449275362318,0.5688405797101449,0.7626811594202898,0.6539855072463768,0.5425330812854443
0.086,0.6226212980466288,0.03353299343420484,0.592391304347826,0.5760869565217391,0.7554347826086957,0.6485507246376812,0.5406427221172022
0.0862,0.6229836168872087,0.03331585305242082,0.5942028985507246,0.5778985507246377,0.7554347826086956,0.6467391304347827,0.5406427221172023
0.0864,0.6252047889098928,0.03193859886770903,0.6014492753623187,0.5760869565217391,0.7499999999999999,0.6521739130434783,0.5463137996219282
0.0866,0.6262759924385632,0.032158394793380146,0.6105072463768115,0.5778985507246377,0.753623188405797,0.644927536231884,0.5444234404536862
0.0868,0.6237240075614368,0.03287281962392556,0.6068840579710145,0.5706521739130435,0.753623188405797,0.644927536231884,0.5425330812854442
0.087,0.6252205419029615,0.03155701129639088,0.6068840579710145,0.5742753623188406,0.75,0.6467391304347825,0.5482041587901701
0.0872,0.6226843100189036,0.030552852692725747,0.6014492753623188,0.5742753623188406,0.7427536231884058,0.6467391304347826,0.5482041587901701
0.0874,0.6230466288594833,0.029555557200480528,0.6050724637681159,0.5760869565217391,0.7373188405797102,0.6485507246376812,0.5482041587901701
0.0876,0.6230938878386894,0.028390358607077313,0.6014492753623188,0.576086956521739,0.7318840579710144,0.6521739130434783,0.553875236294896
0.0878,0.6205576559546314,0.027736566481060924,0.6032608695652174,0.5706521739130435,0.7264492753623188,0.6485507246376812,0.553875236294896
0.088,0.6194391934467548,0.028234220920097756,0.6032608695652173,0.5688405797101449,0.7264492753623188,0.6485507246376812,0.550094517958412
0.0882,0.6179899180844359,0.027836782381929187,0.5960144927536232,0.5706521739130435,0.7228260869565217,0.6503623188405796,0.550094517958412
0.0884,0.6162098298676748,0.027317730344479905,0.5887681159420289,0.5688405797101449,0.7192028985507246,0.6503623188405797,0.553875236294896
0.0886,0.6136263390044108,0.026740357495553986,0.592391304347826,0.5652173913043478,0.7101449275362319,0.6521739130434783,0.5482041587901701
0.0888,0.6110901071203528,0.026861108398631484,0.5887681159420289,0.5579710144927537,0.7047101449275361,0.6557971014492753,0.5482041587901701
0.089,0.6122400756143667,0.025443751433003606,0.5869565217391304,0.5615942028985508,0.701086956521739,0.6557971014492753,0.555765595463138
0.0892,0.6097038437303087,0.02422422521184426,0.5797101449275363,0.5670289855072463,0.6956521739130435,0.6503623188405797,0.555765595463138
0.0894,0.6060806553245116,0.02400410255792419,0.5742753623188406,0.5615942028985507,0.6902173913043478,0.6485507246376812,0.555765595463138
0.0896,0.6054347826086957,0.022842759036764335,0.5670289855072465,0.5615942028985507,0.6829710144927537,0.6503623188405797,0.5652173913043478
0.0898,0.6025519848771267,0.02102541309355732,0.5615942028985508,0.5670289855072463,0.6757246376811594,0.6413043478260869,0.5671077504725899
0.09,0.5974795211090107,0.02252603759225095,0.5416666666666666,0.5652173913043478,0.6739130434782608,0.6394927536231885,0.5671077504725899
0.0902,0.5960459987397606,0.02140258012552106,0.5452898550724637,0.5615942028985508,0.6702898550724639,0.6340579710144928,0.5689981096408318
0.0904,0.5952741020793951,0.020136362828064042,0.5471014492753623,0.5688405797101449,0.6630434782608695,0.6340579710144928,0.5633270321361058
0.0906,0.5927221172022683,0.021057543837671878,0.5398550724637681,0.5652173913043479,0.661231884057971,0.6358695652173912,0.5614366729678638
0.0908,0.5880119722747321,0.020737002175812955,0.5326086956521738,0.5597826086956521,0.6503623188405796,0.6358695652173912,0.5614366729678638
0.091,0.5821833648393195,0.020559431560157316,0.5253623188405796,0.5543478260869564,0.6376811594202899,0.6358695652173912,0.55765595463138
0.0912,0.5789224952741021,0.02026803620842989,0.5271739130434783,0.5434782608695652,0.6322463768115941,0.6340579710144927,0.55765595463138
0.0914,0.5741808443604285,0.01890246793551283,0.5289855072463768,0.5380434782608696,0.6231884057971014,0.6268115942028984,0.553875236294896
0.0916,0.5705103969754253,0.019320510081290324,0.5253623188405796,0.5344202898550724,0.6141304347826086,0.6304347826086957,0.54820415879017
0.0918,0.5698015122873346,0.01741646240203395,0.5326086956521738,0.532608695652174,0.6159420289855073,0.6177536231884059,0.550094517958412
0.092,0.5701323251417769,0.018889574197927993,0.5289855072463767,0.5326086956521738,0.621376811594203,0.6213768115942029,0.546313799621928
0.0922,0.56794265910523,0.019737017994529704,0.5271739130434783,0.5253623188405797,0.6213768115942029,0.6213768115942029,0.5444234404536862
0.0924,0.5660838059231255,0.020345647674643003,0.5271739130434783,0.5217391304347827,0.6231884057971016,0.6195652173913043,0.5387523629489602
0.0926,0.5630592312539383,0.021753937771436103,0.5289855072463767,0.5181159420289855,0.6286231884057971,0.6159420289855073,0.5236294896030246
0.0928,0.5604599873976055,0.02381837549087086,0.5235507246376812,0.5126811594202898,0.6358695652173914,0.6141304347826086,0.5160680529300566
0.093,0.5579395085066162,0.02411484932144247,0.5217391304347827,0.5036231884057971,0.6322463768115941,0.6141304347826086,0.5179584120982986
0.0932,0.5572148708254568,0.025509311538620436,0.5181159420289856,0.49818840579710144,0.6376811594202898,0.6141304347826086,0.5179584120982987
0.0934,0.5553875236294896,0.026018550592837534,0.5144927536231884,0.4963768115942029,0.641304347826087,0.608695652173913,0.5160680529300568
0.0936,0.5516383112791429,0.027112933964050782,0.5163043478260869,0.4927536231884058,0.6413043478260869,0.6068840579710144,0.5009451795841209
0.0938,0.5512917454316321,0.027570315839494295,0.5126811594202899,0.4909420289855072,0.6431159420289855,0.6068840579710145,0.502835538752363
0.094,0.5490705734089477,0.029782815501920284,0.5126811594202898,0.4800724637681159,0.6503623188405797,0.605072463768116,0.4971644612476371
0.0942,0.5472432262129805,0.029704459607806568,0.5054347826086956,0.4836956521739131,0.6503623188405797,0.6014492753623187,0.4952741020793951
0.0944,0.5432104599873976,0.028988465918420733,0.5054347826086956,0.4818840579710145,0.644927536231884,0.5942028985507246,0.4896030245746692
0.0946,0.5391304347826087,0.030229639890582607,0.5018115942028986,0.48007246376811596,0.6485507246376812,0.5869565217391304,0.4782608695652174
0.0948,0.5373818525519849,0.030186348812068414,0.4909420289855072,0.4782608695652174,0.6485507246376812,0.5833333333333333,0.48582230623818523
0.095,0.5340579710144927,0.029307092863016884,0.4909420289855072,0.4800724637681159,0.6413043478260869,0.5797101449275361,0.47826086956521735
0.0952,0.5318683049779458,0.030104885573671844,0.48913043478260865,0.47282608695652173,0.641304347826087,0.5797101449275363,0.4763705103969754
0.0954,0.5329710144927536,0.030302507585570123,0.4945652173913043,0.47101449275362317,0.6467391304347826,0.5742753623188406,0.4782608695652174
0.0956,0.5355545053560176,0.03147329431800035,0.4891304347826087,0.47644927536231885,0.6594202898550725,0.568840579710145,0.48393194706994325
0.0958,0.5307971014492753,0.03283736249383246,0.47826086956521735,0.4728260869565218,0.6612318840579711,0.5634057971014492,0.4782608695652174
0.096,0.5326559546313799,0.033256389874526344,0.47282608695652173,0.47644927536231885,0.6648550724637682,0.5652173913043478,0.48393194706994325
0.0962,0.5337271581600505,0.033760324675173176,0.47282608695652173,0.4818840579710145,0.6702898550724637,0.5615942028985507,0.48204158790170126
0.0964,0.531616257088847,0.032975086837795924,0.46739130434782605,0.47826086956521735,0.6648550724637682,0.5579710144927537,0.48960302457466914
0.0966,0.5341839949590422,0.03380851426866044,0.4655797101449275,0.4800724637681159,0.6702898550724637,0.5615942028985508,0.49338374291115306
0.0968,0.5323408947700063,0.03506908941996046,0.4619565217391304,0.48188405797101447,0.677536231884058,0.5507246376811594,0.48960302457466914
0.097,0.5327662255828607,0.0359641556270783,0.4528985507246377,0.483695652173913,0.681159420289855,0.5489130434782609,0.497164461247637
0.0972,0.5341997479521108,0.03813801508903324,0.447463768115942,0.48731884057971014,0.6920289855072463,0.5489130434782609,0.49527410207939504
0.0974,0.5378859483301828,0.039767150992103546,0.4438405797101449,0.48731884057971014,0.7010869565217391,0.5543478260869564,0.502835538752363
0.0976,0.5419344675488343,0.040592370494314065,0.44565217391304346,0.48731884057971014,0.7083333333333334,0.5579710144927537,0.5103969754253308
0.0978,0.5412413358538122,0.04047601272880686,0.44021739130434784,0.4909420289855072,0.7065217391304347,0.5543478260869565,0.5141776937618148
0.098,0.5412728418399496,0.04080075687041261,0.4311594202898551,0.4963768115942029,0.7047101449275363,0.5561594202898551,0.5179584120982986
0.0982,0.5420447385003151,0.04166495673203005,0.4257246376811594,0.5,0.7083333333333334,0.552536231884058,0.5236294896030245
0.0984,0.544580970384373,0.04229704747173356,0.427536231884058,0.5018115942028986,0.713768115942029,0.5561594202898551,0.5236294896030245
0.0986,0.5456206679269061,0.042460072932737,0.4257246376811594,0.5144927536231885,0.7155797101449275,0.5543478260869565,0.5179584120982986
0.0988,0.5456206679269061,0.04372732035462746,0.4221014492753623,0.5144927536231884,0.7210144927536233,0.552536231884058,0.5179584120982986
0.099,0.5467706364209199,0.04275478055918766,0.42028985507246375,0.519927536231884,0.7155797101449276,0.552536231884058,0.5255198487712665
0.0992,0.5515122873345936,0.042453056646493924,0.4221014492753623,0.5344202898550724,0.7173913043478262,0.5543478260869565,0.5293005671077504
0.0994,0.5511657214870825,0.04185052102804689,0.4221014492753623,0.5344202898550724,0.713768115942029,0.5543478260869564,0.5311909262759924
0.0996,0.5548046628859483,0.04281880505441089,0.4221014492753623,0.5434782608695652,0.7210144927536233,0.5543478260869565,0.5330812854442344
0.0998,0.5573408947700063,0.043647254288708116,0.4221014492753623,0.5452898550724639,0.7264492753623188,0.5597826086956522,0.5330812854442344
0.1,0.5613736609955892,0.04299383681641855,0.4257246376811594,0.5543478260869565,0.7264492753623188,0.5615942028985507,0.5387523629489603
0.1002,0.5650283553875236,0.04219535336482151,0.4311594202898551,0.5652173913043478,0.7264492753623188,0.5597826086956522,0.5425330812854442
0.1004,0.5690296156269691,0.04195647335752886,0.4347826086956522,0.572463768115942,0.7282608695652174,0.5652173913043479,0.5444234404536863
0.1006,0.5737397605545054,0.042627694716434676,0.4384057971014492,0.5815217391304347,0.7355072463768115,0.568840579710145,0.5444234404536863
0.1008,0.5762759924385633,0.042137284196730324,0.4402173913043478,0.5851449275362318,0.733695652173913,0.5778985507246377,0.5444234404536862
0.101,0.5777410207939508,0.04236951911021649,0.4402173913043478,0.5869565217391304,0.7355072463768115,0.5797101449275361,0.5463137996219282
0.1012,0.5788437303087586,0.04210437048600825,0.44384057971014496,0.5851449275362318,0.7373188405797102,0.5797101449275361,0.5482041587901701
0.1014,0.583900441083806,0.043131300332401534,0.447463768115942,0.592391304347826,0.7463768115942029,0.5869565217391304,0.5463137996219282
0.1016,0.5835066162570889,0.04428624683384641,0.44384057971014496,0.5942028985507246,0.75,0.5869565217391304,0.5425330812854443
0.1018,0.583900441083806,0.04490867176295397,0.4384057971014493,0.5996376811594203,0.75,0.5851449275362318,0.5463137996219282
0.102,0.5860586011342155,0.04454459340452247,0.44202898550724634,0.5996376811594202,0.75,0.5942028985507246,0.5444234404536862
0.1022,0.5867359798361689,0.044371779701023906,0.44384057971014496,0.6014492753623188,0.7481884057971014,0.6014492753623188,0.5387523629489603
0.1024,0.5878544423440453,0.04426979870668193,0.44202898550724634,0.6068840579710144,0.7463768115942029,0.6014492753623188,0.5425330812854442
0.1026,0.588169502205419,0.04513946208544009,0.4402173913043478,0.6123188405797101,0.7481884057971014,0.6032608695652174,0.5368620037807184
0.1028,0.5870982986767486,0.04447969887741859,0.4402173913043478,0.6105072463768115,0.7445652173913043,0.6014492753623188,0.5387523629489602
0.103,0.5881852551984876,0.04398216819823023,0.44565217391304346,0.6068840579710144,0.7463768115942029,0.6032608695652173,0.5387523629489603
0.1032,0.5860113421550095,0.04342487910401223,0.44202898550724634,0.6068840579710145,0.7391304347826086,0.6032608695652173,0.5387523629489603
0.1034,0.5860586011342155,0.04392135387068386,0.43659420289855067,0.605072463768116,0.7391304347826086,0.605072463768116,0.5444234404536862
0.1036,0.5878859483301827,0.04337094758043934,0.4420289855072464,0.6032608695652174,0.7409420289855072,0.6068840579710144,0.5463137996219282
0.1038,0.5911783238815375,0.04133751432684543,0.4528985507246377,0.6068840579710144,0.7373188405797101,0.6086956521739131,0.550094517958412
0.104,0.592296786389414,0.041057313265735154,0.45108695652173914,0.6105072463768115,0.7336956521739131,0.6123188405797102,0.553875236294896
0.1042,0.5934152488972904,0.041113277851797275,0.45289855072463764,0.6105072463768115,0.7373188405797101,0.608695652173913,0.55765595463138
0.1044,0.5934467548834279,0.03993448432193054,0.45652173913043476,0.6105072463768115,0.733695652173913,0.605072463768116,0.5614366729678639
0.1046,0.5959987397605545,0.03847335923922995,0.46376811594202894,0.6105072463768115,0.730072463768116,0.6123188405797102,0.5633270321361059
0.1048,0.5938248267170763,0.036123501630080795,0.4692028985507246,0.608695652173913,0.7192028985507245,0.6086956521739131,0.5633270321361059
0.105,0.5956994328922496,0.035561208645177846,0.4746376811594203,0.6032608695652173,0.7228260869565217,0.6068840579710145,0.5708884688090737
0.1052,0.5946597353497164,0.035373032172316646,0.47101449275362317,0.6014492753623187,0.7192028985507246,0.605072463768116,0.5765595463137996
0.1054,0.5939666036546944,0.03448976721679452,0.47282608695652173,0.5996376811594203,0.7155797101449275,0.6014492753623188,0.5803402646502835
0.1056,0.5906742281033396,0.03324239432199415,0.4746376811594203,0.592391304347826,0.7083333333333334,0.6014492753623188,0.5765595463137996
0.1058,0.5910680529300567,0.03217216616004307,0.47644927536231885,0.5942028985507246,0.7028985507246377,0.6014492753623188,0.5803402646502835
0.106,0.5910680529300566,0.030663785923020735,0.4818840579710144,0.592391304347826,0.697463768115942,0.6032608695652173,0.5803402646502835
0.1062,0.5903276622558286,0.031017402536121116,0.48007246376811585,0.5887681159420289,0.697463768115942,0.6068840579710145,0.5784499054820416
0.1064,0.590705734089477,0.030196450519808002,0.48188405797101447,0.592391304347826,0.6938405797101449,0.605072463768116,0.5803402646502835
0.1066,0.5899653434152489,0.030320819912925522,0.4782608695652174,0.5960144927536232,0.6902173913043478,0.6068840579710145,0.5784499054820416
0.1068,0.5873976055450536,0.029999709820589433,0.47644927536231885,0.5905797101449276,0.6847826086956522,0.6105072463768115,0.5746691871455576
0.107,0.5863264020163831,0.02994414017946906,0.4746376811594203,0.5887681159420289,0.6829710144927537,0.608695652173913,0.5765595463137996
0.1072,0.5841524889729048,0.030350467210130492,0.4692028985507246,0.5851449275362318,0.6793478260869565,0.6105072463768115,0.5765595463137996
0.1074,0.584940138626339,0.03055156935605048,0.4692028985507246,0.5797101449275363,0.6811594202898551,0.6105072463768115,0.5841209829867675
0.1076,0.5809388783868936,0.029246190845993225,0.47101449275362317,0.5724637681159421,0.6739130434782609,0.605072463768116,0.5822306238185255
0.1078,0.5831285444234404,0.03015991549646229,0.47101449275362317,0.5742753623188406,0.6811594202898551,0.6050724637681159,0.5841209829867675
0.108,0.5786704473850032,0.03023151970583697,0.4692028985507246,0.5706521739130435,0.6793478260869565,0.6032608695652174,0.5708884688090737
0.1082,0.5731096408317581,0.030073172603190305,0.46739130434782605,0.5652173913043478,0.673913043478261,0.6032608695652174,0.5557655954631381
0.1084,0.5735507246376812,0.02948215812238032,0.4692028985507246,0.5561594202898551,0.6702898550724639,0.6068840579710145,0.5652173913043479
0.1086,0.5746376811594203,0.030427880514807455,0.47101449275362317,0.5507246376811594,0.6775362318840581,0.608695652173913,0.5652173913043479
0.1088,0.5739445494643982,0.031482815991758104,0.4692028985507246,0.5434782608695652,0.6829710144927537,0.605072463768116,0.5689981096408318
0.109,0.5750787649653434,0.03275543452038268,0.46739130434782605,0.5380434782608695,0.6884057971014492,0.6068840579710144,0.5746691871455576
0.1092,0.5736609955891618,0.03389324752737137,0.4601449275362319,0.5344202898550724,0.6884057971014492,0.6068840579710144,0.5784499054820416
0.1094,0.571471329552615,0.03400514513299515,0.4601449275362319,0.5289855072463768,0.6884057971014492,0.6032608695652173,0.5765595463137996
0.1096,0.5722117202268431,0.03367192153336049,0.463768115942029,0.5289855072463767,0.6902173913043478,0.5996376811594203,0.5784499054820416
0.1098,0.5722432262129805,0.03390149077908149,0.463768115942029,0.5253623188405797,0.6902173913043479,0.5996376811594203,0.5822306238185255
0.11,0.5726212980466289,0.03376253417674136,0.4692028985507246,0.519927536231884,0.6920289855072463,0.5978260869565217,0.5841209829867675
0.1102,0.5722589792060492,0.03453706836421191,0.47101449275362317,0.5126811594202898,0.6956521739130436,0.5978260869565217,0.5841209829867675
0.1104,0.5722747321991178,0.034936762010112844,0.4746376811594203,0.5054347826086957,0.6974637681159421,0.5978260869565217,0.5860113421550095
0.1106,0.5715343415248897,0.03399062559795353,0.4782608695652174,0.5,0.6884057971014492,0.6068840579710145,0.5841209829867675
0.1108,0.57117202268431,0.034420031029178906,0.47644927536231885,0.4981884057971014,0.6884057971014493,0.6086956521739131,0.5841209829867675
0.111,0.570431632010082,0.035328919747413895,0.4782608695652174,0.4909420289855072,0.6920289855072463,0.6086956521739131,0.5822306238185255
0.1112,0.5730151228733459,0.036823355026402944,0.4782608695652174,0.48550724637681153,0.6956521739130435,0.6177536231884058,0.5879017013232514
0.1114,0.5708727158160051,0.03735169461503122,0.47644927536231885,0.47644927536231885,0.6902173913043479,0.6195652173913043,0.5916824196597353
0.1116,0.5705103969754254,0.03740971626883347,0.4782608695652174,0.47282608695652173,0.6884057971014493,0.6213768115942029,0.5916824196597354
0.1118,0.5698015122873346,0.037193710027976674,0.4782608695652174,0.47101449275362317,0.6847826086956521,0.6213768115942029,0.5935727788279772
0.112,0.5676118462507878,0.03794964102967642,0.47282608695652173,0.46739130434782616,0.6829710144927537,0.6231884057971016,0.5916824196597353
0.1122,0.5683679899180845,0.037453363018667626,0.4818840579710145,0.4619565217391305,0.681159420289855,0.6213768115942029,0.5954631379962193
0.1124,0.567596093257719,0.037716668586182944,0.48550724637681164,0.4565217391304348,0.6793478260869564,0.6268115942028986,0.5897920604914934
0.1126,0.5650598613736609,0.03899260703172981,0.4782608695652174,0.45108695652173914,0.6793478260869565,0.6268115942028986,0.5897920604914934
0.1128,0.5672652804032766,0.0392051774335218,0.4782608695652174,0.45471014492753625,0.6847826086956522,0.625,0.5935727788279772
0.113,0.5665406427221171,0.03933174677692961,0.4746376811594203,0.45471014492753625,0.681159420289855,0.6286231884057971,0.5935727788279773
0.1132,0.5661940768746062,0.03910911169796622,0.48007246376811596,0.4492753623188406,0.677536231884058,0.6286231884057971,0.5954631379962192
0.1134,0.5669659735349717,0.040604636982030755,0.48007246376811596,0.44202898550724634,0.6793478260869565,0.6322463768115942,0.6011342155009451
0.1136,0.5676906112161311,0.040000975740599846,0.4818840579710145,0.4438405797101449,0.6739130434782609,0.6376811594202898,0.6011342155009451
0.1138,0.5676906112161311,0.039730957321374195,0.48550724637681153,0.44202898550724634,0.6721014492753623,0.6376811594202898,0.6011342155009451
0.114,0.5692028985507246,0.03951900470443604,0.48369565217391297,0.44565217391304346,0.6702898550724637,0.6376811594202898,0.6086956521739131
0.1142,0.5673755513547574,0.03848246698420297,0.4855072463768116,0.4456521739130435,0.6648550724637681,0.6340579710144927,0.6068052930056711
0.1144,0.567438563327032,0.03827833656069844,0.48913043478260865,0.44202898550724645,0.657608695652174,0.6340579710144927,0.6143667296786389
0.1146,0.5700063011972275,0.03719854692043247,0.4963768115942029,0.44565217391304346,0.6539855072463768,0.6358695652173914,0.6181474480151229
0.1148,0.5707309388783869,0.03645824607066603,0.5,0.447463768115942,0.6485507246376812,0.6394927536231884,0.6181474480151229
0.115,0.5699905482041588,0.03565861513041509,0.5036231884057971,0.447463768115942,0.6467391304347826,0.6358695652173914,0.616257088846881
0.1152,0.5700063011972274,0.03562667741116458,0.5036231884057971,0.447463768115942,0.6467391304347825,0.6340579710144927,0.6181474480151229
0.1154,0.5718336483931946,0.03650446083727584,0.5072463768115942,0.4438405797101449,0.6467391304347826,0.6413043478260869,0.6200378071833648
0.1156,0.5743856332703213,0.03776798140873702,0.5054347826086957,0.4438405797101449,0.6557971014492754,0.644927536231884,0.6219281663516067
0.1158,0.5758506616257089,0.03761686766047706,0.5072463768115942,0.44565217391304346,0.6557971014492753,0.6467391304347827,0.6238185255198487
0.116,0.5754568367989918,0.0378445192144575,0.5054347826086957,0.44565217391304346,0.6557971014492754,0.6503623188405798,0.6200378071833648
0.1162,0.575047258979206,0.03691893583370453,0.5090579710144928,0.447463768115942,0.6521739130434782,0.6521739130434783,0.6143667296786389
0.1164,0.5739130434782609,0.036539994287419914,0.5126811594202898,0.44565217391304346,0.6503623188405797,0.6521739130434783,0.6086956521739131
0.1166,0.5728103339634532,0.03562750768630989,0.5108695652173912,0.4492753623188406,0.6467391304347826,0.6503623188405798,0.6068052930056711
0.1168,0.5739130434782609,0.03480298316310026,0.5108695652173912,0.45471014492753625,0.6449275362318841,0.6503623188405797,0.6086956521739131
0.117,0.5742911153119092,0.03558063371894166,0.5090579710144928,0.4528985507246376,0.644927536231884,0.6539855072463768,0.610586011342155
0.1172,0.5746219281663516,0.03532051923087713,0.5126811594202898,0.4528985507246376,0.6467391304347826,0.6539855072463768,0.6068052930056711
0.1174,0.5767958412098299,0.034238187307818996,0.5181159420289855,0.45833333333333326,0.6431159420289855,0.657608695652174,0.6068052930056711
0.1176,0.5779143037177064,0.0335444768529264,0.5253623188405797,0.4583333333333333,0.6358695652173914,0.6594202898550724,0.610586011342155
0.1178,0.5793635790800252,0.033678695212146594,0.5289855072463768,0.45833333333333326,0.6358695652173912,0.6630434782608696,0.6105860113421551
0.118,0.5815374921235035,0.03295985003013555,0.5344202898550724,0.4619565217391305,0.6376811594202898,0.6630434782608696,0.6105860113421551
0.1182,0.5822148708254569,0.03180370050127278,0.5434782608695652,0.46376811594202894,0.6394927536231884,0.6594202898550725,0.6049149338374291
0.1184,0.5833333333333334,0.03209335128663558,0.5434782608695652,0.46376811594202894,0.6394927536231884,0.6612318840579711,0.608695652173913
0.1186,0.5829552614996849,0.031953263345253134,0.5434782608695652,0.463768115942029,0.6431159420289855,0.657608695652174,0.6068052930056711
0.1188,0.584735349716446,0.030978054794256502,0.552536231884058,0.46739130434782605,0.6394927536231885,0.661231884057971,0.6030245746691871
0.119,0.5891146817895401,0.03147787498256791,0.5561594202898551,0.47101449275362317,0.6394927536231884,0.6721014492753623,0.6068052930056711
0.1192,0.5891304347826087,0.02985296179397106,0.5615942028985507,0.4746376811594203,0.6340579710144928,0.6666666666666666,0.608695652173913
0.1194,0.5891146817895401,0.028885582602212762,0.5634057971014492,0.4782608695652174,0.6322463768115942,0.6648550724637681,0.6068052930056711
0.1196,0.5905639571518588,0.028458107021179423,0.5652173913043478,0.48188405797101447,0.6322463768115941,0.6666666666666666,0.606805293005671
0.1198,0.5916194076874606,0.0269277352465906,0.5760869565217391,0.4855072463768116,0.6322463768115941,0.661231884057971,0.603024574669187
0.12,0.5927536231884059,0.026994091008596358,0.5833333333333334,0.483695652173913,0.625,0.6630434782608696,0.608695652173913
0.1202,0.5927378701953371,0.027588916160745026,0.5869565217391304,0.48007246376811596,0.6268115942028987,0.6630434782608696,0.606805293005671
0.1204,0.5927063642091998,0.02684413557706262,0.5942028985507246,0.4818840579710145,0.6231884057971014,0.6612318840579711,0.603024574669187
0.1206,0.5942028985507246,0.02623748839164011,0.5996376811594203,0.483695652173913,0.6213768115942029,0.657608695652174,0.608695652173913
0.1208,0.5977945809703844,0.025837450118586864,0.6068840579710145,0.4891304347826087,0.628623188405797,0.6594202898550725,0.6049149338374291
0.121,0.5992596093257718,0.025134683141855314,0.6105072463768115,0.4927536231884058,0.6286231884057971,0.657608695652174,0.6068052930056711
0.1212,0.5977945809703844,0.025903416321571934,0.605072463768116,0.4891304347826087,0.6304347826086957,0.6594202898550725,0.6049149338374291
0.1214,0.6021581600504096,0.02485247225521712,0.6123188405797102,0.49818840579710144,0.6304347826086956,0.6630434782608696,0.6068052930056711
0.1216,0.6028827977315689,0.022112168367442932,0.6177536231884058,0.5090579710144927,0.6268115942028984,0.6539855072463768,0.6068052930056711
0.1218,0.6054190296156269,0.02128367066635749,0.6195652173913043,0.5163043478260869,0.6268115942028986,0.6576086956521738,0.606805293005671
0.122,0.6072463768115943,0.020536799517586482,0.6231884057971014,0.5217391304347827,0.6231884057971014,0.6594202898550725,0.6086956521739131
0.1222,0.6094360428481411,0.01904589110668568,0.625,0.5307971014492754,0.6213768115942029,0.6594202898550725,0.610586011342155
0.1224,0.610491493383743,0.01891767748677817,0.6268115942028986,0.5344202898550724,0.6213768115942029,0.6630434782608696,0.6068052930056711
0.1226,0.6101134215500945,0.018585554533922924,0.6213768115942029,0.5380434782608695,0.6195652173913044,0.6666666666666667,0.6049149338374291
0.1228,0.6104914933837428,0.016831944459924596,0.6195652173913043,0.5471014492753623,0.6141304347826086,0.6648550724637681,0.6068052930056711
0.123,0.617044738500315,0.01581341594073516,0.6268115942028986,0.5615942028985507,0.6141304347826086,0.6721014492753623,0.6105860113421551
0.1232,0.6192344045368621,0.014107865567685361,0.628623188405797,0.572463768115942,0.6123188405797101,0.6702898550724637,0.6124763705103969
0.1234,0.6243698802772526,0.01366234121214957,0.6340579710144928,0.5797101449275363,0.6141304347826086,0.6739130434782609,0.6200378071833648
0.1236,0.6272684310018903,0.012915348622693567,0.6376811594202898,0.5851449275362318,0.6195652173913043,0.6739130434782609,0.6200378071833648
0.1238,0.6294423440453685,0.011942443682997779,0.6431159420289855,0.592391304347826,0.6195652173913043,0.6721014492753623,0.6200378071833647
0.124,0.6327347195967232,0.012672250468325737,0.644927536231884,0.5996376811594203,0.6141304347826086,0.681159420289855,0.6238185255198486
0.1242,0.6360113421550094,0.011804183475316223,0.6485507246376812,0.6068840579710145,0.6177536231884058,0.6811594202898551,0.6257088846880906
0.1244,0.63708254568368,0.01214719414070492,0.6521739130434783,0.6086956521739131,0.6177536231884058,0.6829710144927537,0.6238185255198487
0.1246,0.6403749212350347,0.011633292608642237,0.657608695652174,0.6177536231884058,0.6159420289855072,0.6829710144927537,0.6275992438563326
0.1248,0.6433207309388784,0.011234647672300051,0.6630434782608695,0.6268115942028986,0.6123188405797102,0.6811594202898551,0.6332703213610585
0.125,0.6462665406427222,0.009810662576170753,0.6594202898550725,0.6340579710144928,0.6177536231884058,0.6811594202898551,0.6389413988657845
0.1252,0.6484247006931316,0.009924300616753121,0.6612318840579711,0.6376811594202898,0.6213768115942029,0.6847826086956522,0.6370510396975425
0.1254,0.6528040327662257,0.01078830478138395,0.6630434782608696,0.6485507246376812,0.6195652173913043,0.6920289855072463,0.6408317580340265
0.1256,0.6517170762444866,0.010612173054182486,0.6594202898550725,0.6503623188405797,0.6177536231884058,0.6902173913043479,0.6408317580340265
0.1258,0.653575929426591,0.011024290758708486,0.661231884057971,0.6485507246376812,0.6177536231884058,0.6938405797101449,0.6465028355387523
0.126,0.6558443604284814,0.010224034741151009,0.661231884057971,0.6467391304347826,0.6213768115942029,0.6920289855072465,0.6578449905482041
0.1262,0.6598456206679268,0.009228500786243918,0.661231884057971,0.6594202898550725,0.6268115942028986,0.6920289855072463,0.6597353497164461
0.1264,0.6646187775677379,0.009543037862736104,0.6630434782608696,0.6739130434782609,0.6268115942028987,0.6920289855072463,0.667296786389414
0.1266,0.6683207309388783,0.01038663536542294,0.6648550724637681,0.6884057971014492,0.6249999999999999,0.6865942028985508,0.6767485822306237
0.1268,0.6697700063011972,0.012888058827327083,0.6594202898550725,0.7010869565217391,0.6195652173913043,0.6920289855072463,0.6767485822306238
0.127,0.6723219911783238,0.013033151015491011,0.6521739130434783,0.7119565217391305,0.628623188405797,0.6902173913043478,0.6786389413988657
0.1272,0.6719596723377442,0.012356039639199378,0.6503623188405797,0.713768115942029,0.6340579710144927,0.6829710144927537,0.6786389413988657
0.1274,0.6715343415248898,0.01248202598520006,0.6521739130434783,0.7155797101449276,0.6340579710144927,0.6847826086956522,0.6710775047258979
0.1276,0.6729993698802772,0.012639685689773002,0.6485507246376812,0.7192028985507247,0.6394927536231884,0.6847826086956521,0.6729678638941399
0.1278,0.6752205419029615,0.01370696161062726,0.644927536231884,0.7228260869565217,0.6394927536231884,0.6902173913043478,0.6786389413988657
0.128,0.6770478890989288,0.014971119503498682,0.6413043478260869,0.7300724637681159,0.6413043478260869,0.6920289855072463,0.6805293005671077
0.1282,0.6796156269691241,0.014150828709242468,0.644927536231884,0.7300724637681159,0.6467391304347826,0.6920289855072463,0.6843100189035917
0.1284,0.6799936988027726,0.014689214556429553,0.6394927536231885,0.7318840579710145,0.6503623188405797,0.6920289855072463,0.6862003780718336
0.1286,0.678528670447385,0.014499457368496794,0.6413043478260869,0.7282608695652174,0.644927536231884,0.6938405797101449,0.6843100189035917
0.1288,0.6792848141146818,0.013644973072123081,0.644927536231884,0.7282608695652174,0.6485507246376812,0.6865942028985508,0.6880907372400756
0.129,0.680718336483932,0.013621677870867743,0.6485507246376812,0.7318840579710145,0.6503623188405797,0.6865942028985508,0.6862003780718336
0.1292,0.6811436672967865,0.015171570147025096,0.6376811594202898,0.7355072463768116,0.6539855072463768,0.6847826086956521,0.6937618147448015
0.1294,0.6819155639571519,0.01563805898040039,0.6376811594202898,0.7373188405797101,0.6539855072463768,0.6811594202898551,0.6994328922495274
0.1296,0.6790012602394455,0.015540431058394493,0.6304347826086956,0.7318840579710144,0.6557971014492754,0.6793478260869565,0.6975425330812854
0.1298,0.6757246376811594,0.015768155903615178,0.6231884057971013,0.7264492753623187,0.6539855072463768,0.6793478260869565,0.6956521739130435
0.13,0.6727945809703844,0.015572810112112753,0.6195652173913043,0.7228260869565217,0.6539855072463768,0.6757246376811594,0.6918714555765595
0.1302,0.6712980466288594,0.015973230473018324,0.6159420289855072,0.7246376811594203,0.6557971014492753,0.6739130434782609,0.6862003780718335
0.1304,0.6705734089477001,0.016951766490054313,0.6123188405797102,0.7282608695652174,0.6557971014492753,0.6702898550724637,0.6862003780718336
0.1306,0.6680214240705734,0.019124307464415402,0.6014492753623188,0.7336956521739131,0.6576086956521741,0.6630434782608696,0.6843100189035917
0.1308,0.6680686830497795,0.019651016255188516,0.5996376811594203,0.7336956521739131,0.6594202898550725,0.657608695652174,0.6899810964083175
0.131,0.6626023944549464,0.019501704065309947,0.5942028985507246,0.7264492753623187,0.6557971014492754,0.6503623188405797,0.6862003780718335
0.1312,0.661137366099559,0.01971651056643255,0.5905797101449275,0.7246376811594204,0.657608695652174,0.6485507246376812,0.6843100189035917
0.1314,0.661184625078765,0.01908233859030942,0.5905797101449275,0.7173913043478262,0.657608695652174,0.6503623188405797,0.6899810964083175
0.1316,0.6600976685570258,0.01948751066216103,0.5887681159420289,0.717391304347826,0.6594202898550725,0.644927536231884,0.6899810964083175
0.1318,0.6564744801512287,0.019104758229374637,0.5869565217391304,0.7101449275362319,0.6557971014492754,0.6394927536231884,0.6899810964083175
0.132,0.6550094517958411,0.019581394937508018,0.5815217391304348,0.7083333333333333,0.6576086956521738,0.6394927536231884,0.6880907372400755
0.1322,0.6521424070573408,0.021527288975396474,0.572463768115942,0.7083333333333333,0.6576086956521738,0.6304347826086956,0.6918714555765595
0.1324,0.6484877126654065,0.020802188511698048,0.5706521739130435,0.7010869565217391,0.6539855072463768,0.6286231884057971,0.6880907372400756
0.1326,0.644785759294266,0.020274492534437794,0.5688405797101449,0.697463768115942,0.6557971014492753,0.6231884057971014,0.6786389413988658
0.1328,0.6404221802142407,0.020749238269646603,0.5615942028985508,0.6902173913043478,0.6557971014492754,0.6177536231884059,0.6767485822306238
0.133,0.6382797731568998,0.020188929224922565,0.5615942028985507,0.6829710144927535,0.6485507246376812,0.6177536231884059,0.6805293005671078
0.1332,0.6371613106490234,0.020152377418038228,0.5579710144927535,0.6811594202898551,0.6485507246376812,0.6213768115942029,0.6767485822306238
0.1334,0.6330655324511657,0.01985135408926389,0.552536231884058,0.6757246376811594,0.6539855072463767,0.6195652173913043,0.6635160680529301
0.1336,0.629773156899811,0.021129521959292876,0.5434782608695652,0.6739130434782609,0.6557971014492753,0.6159420289855072,0.6597353497164461
0.1338,0.6268746061751732,0.021980200396803456,0.5362318840579711,0.6702898550724637,0.6539855072463768,0.6141304347826086,0.6597353497164461
0.134,0.624306868304978,0.02115219791899855,0.5362318840579711,0.6648550724637681,0.6503623188405797,0.6141304347826086,0.6559546313799622
0.1342,0.619533711405167,0.020659239321710827,0.5344202898550725,0.6594202898550725,0.6485507246376812,0.6068840579710145,0.6483931947069943
0.1344,0.6155324511657214,0.02291026190520403,0.5217391304347826,0.6576086956521738,0.6521739130434783,0.5996376811594203,0.6465028355387524
0.1346,0.6111216131064903,0.02294876868782091,0.5163043478260869,0.6521739130434783,0.6503623188405797,0.5978260869565217,0.6389413988657845
0.1348,0.6070730938878388,0.02404384239719401,0.5072463768115942,0.6467391304347826,0.6539855072463768,0.5960144927536232,0.6313799621928167
0.135,0.6062696912413358,0.025758772885887897,0.5018115942028986,0.6467391304347826,0.6666666666666666,0.5942028985507246,0.6219281663516067
0.1352,0.6015437933207309,0.02708262888339915,0.4927536231884058,0.644927536231884,0.6648550724637681,0.5851449275362318,0.6200378071833649
0.1354,0.5978890989287965,0.028255068285715765,0.48369565217391297,0.6413043478260869,0.6648550724637681,0.5833333333333334,0.6162570888468809
0.1356,0.5949747952110901,0.028671255796436992,0.4782608695652174,0.6394927536231885,0.661231884057971,0.5815217391304348,0.6143667296786389
0.1358,0.5899180844360429,0.02943098098619368,0.47101449275362317,0.6358695652173914,0.6557971014492753,0.5706521739130435,0.6162570888468809
0.136,0.5825614366729679,0.028363432661118414,0.4692028985507246,0.6286231884057971,0.6485507246376812,0.5634057971014493,0.6030245746691872
0.1362,0.576638311279143,0.027728803048368764,0.4655797101449275,0.6231884057971014,0.6431159420289855,0.5634057971014493,0.5879017013232514
0.1364,0.571565847511027,0.02837766575638663,0.4583333333333333,0.6177536231884058,0.6394927536231884,0.5543478260869565,0.5879017013232514
0.1366,0.5678638941398866,0.028276386481805565,0.4565217391304348,0.6159420289855072,0.6376811594202898,0.5507246376811594,0.5784499054820416
0.1368,0.5631695022054191,0.029051773857560255,0.447463768115942,0.608695652173913,0.6340579710144927,0.5452898550724637,0.5803402646502835
0.137,0.5591367359798362,0.0290056315581078,0.4438405797101449,0.5996376811594203,0.6340579710144927,0.5434782608695652,0.5746691871455576
0.1372,0.5543793320730939,0.02787123958107537,0.4438405797101449,0.5960144927536232,0.625,0.5380434782608695,0.5689981096408318
0.1374,0.5507246376811594,0.028097820246871432,0.4402173913043479,0.592391304347826,0.6231884057971014,0.5326086956521738,0.5652173913043479
0.1376,0.5460144927536232,0.03016443070318306,0.427536231884058,0.5869565217391304,0.625,0.5253623188405797,0.5652173913043479
0.1378,0.5412413358538123,0.029201244686052907,0.427536231884058,0.5742753623188406,0.6231884057971014,0.5235507246376813,0.55765595463138
0.138,0.5324669187145556,0.030138044035830605,0.41304347826086957,0.5652173913043478,0.6159420289855072,0.519927536231884,0.5482041587901701
0.1382,0.5284499054820415,0.03048258622140113,0.40579710144927533,0.5688405797101449,0.6068840579710145,0.516304347826087,0.5444234404536862
0.1384,0.5214870825456838,0.03087002600266563,0.3967391304347826,0.5615942028985508,0.6014492753623188,0.5126811594202898,0.5349716446124764
0.1386,0.5153276622558287,0.03125139416338201,0.38949275362318836,0.5507246376811594,0.5978260869565217,0.5036231884057971,0.5349716446124764
0.1388,0.5138941398865784,0.031002983764100624,0.3913043478260869,0.5434782608695652,0.5996376811594203,0.49818840579710144,0.5368620037807184
0.139,0.5098928796471329,0.02952743474844348,0.3967391304347826,0.532608695652174,0.5960144927536232,0.48913043478260865,0.5349716446124764
0.1392,0.5077662255828608,0.02994435233421109,0.3931159420289855,0.5289855072463768,0.592391304347826,0.4836956521739131,0.5406427221172023
0.1394,0.5034026465028355,0.030636727748640638,0.38586956521739124,0.5253623188405798,0.5887681159420289,0.4782608695652174,0.5387523629489603
0.1396,0.5004725897920606,0.03034908046530944,0.3822463768115942,0.5271739130434783,0.5815217391304348,0.47644927536231885,0.5349716446124764
0.1398,0.4968021424070573,0.03140494667926505,0.375,0.5271739130434783,0.5815217391304348,0.47101449275362317,0.5293005671077504
0.14,0.49245431632010084,0.031998826469834506,0.3659420289855072,0.5271739130434783,0.572463768115942,0.46739130434782605,0.5293005671077504
0.1402,0.4895557655954631,0.031562123899558245,0.36413043478260876,0.5181159420289855,0.5688405797101449,0.46739130434782605,0.5293005671077504
0.1404,0.4891934467548834,0.031268087331234484,0.36413043478260865,0.5163043478260869,0.5670289855072463,0.46920289855072467,0.5293005671077504
0.1406,0.48700378071833644,0.03087289249209287,0.3623188405797101,0.5181159420289855,0.5597826086956522,0.46739130434782605,0.5274102079395084
0.1408,0.48519218651543794,0.029614696857587365,0.3659420289855072,0.5126811594202898,0.5543478260869565,0.4655797101449275,0.5274102079395084
0.141,0.4841367359798362,0.029648343282733358,0.36775362318840576,0.5090579710144927,0.5543478260869565,0.45833333333333337,0.5311909262759924
0.1412,0.4841682419659736,0.030013028049678772,0.36594202898550726,0.5090579710144927,0.552536231884058,0.45833333333333337,0.5349716446124764
0.1414,0.4816320100819156,0.030323831611291457,0.3641304347826087,0.5036231884057971,0.552536231884058,0.4528985507246377,0.5349716446124764
0.1416,0.47953686200378076,0.03294185065459823,0.3532608695652174,0.5018115942028986,0.552536231884058,0.44565217391304346,0.5444234404536863
0.1418,0.47591367359798353,0.03381124759945823,0.34601449275362317,0.5018115942028986,0.5471014492753622,0.4402173913043478,0.5444234404536861
0.142,0.4726528040327661,0.03492934424104935,0.33695652173913043,0.5,0.5434782608695651,0.4384057971014493,0.5444234404536862
0.1422,0.4675173282923756,0.03360110541254768,0.33695652173913043,0.49818840579710144,0.5326086956521738,0.4329710144927536,0.5368620037807184
0.1424,0.46568998109640825,0.03290366695689081,0.338768115942029,0.49818840579710144,0.5271739130434783,0.4293478260869565,0.5349716446124764
0.1426,0.46167296786389417,0.033099063545946605,0.3315217391304348,0.49094202898550726,0.5235507246376812,0.43115942028985504,0.5311909262759924
0.1428,0.45838059231253936,0.03315153371929637,0.3278985507246377,0.48913043478260865,0.519927536231884,0.427536231884058,0.5274102079395085
0.143,0.45656899810964086,0.033235101641980715,0.3278985507246377,0.4855072463768116,0.519927536231884,0.42210144927536236,0.5274102079395085
0.1432,0.45474165091367363,0.033165117172891195,0.3242753623188406,0.48550724637681164,0.5144927536231884,0.42391304347826086,0.5255198487712666
0.1434,0.45179584120982985,0.0346046397100147,0.31521739130434784,0.48369565217391297,0.519927536231884,0.42028985507246386,0.5198487712665406
0.1436,0.44848771266540643,0.03531551927969269,0.30797101449275366,0.4873188405797101,0.5163043478260869,0.41666666666666663,0.5141776937618148
0.1438,0.4488500315059861,0.034073833979735034,0.3152173913043478,0.49094202898550726,0.5108695652173914,0.4130434782608696,0.5141776937618148
0.144,0.44993698802772536,0.03361733454925771,0.32065217391304346,0.4927536231884058,0.5126811594202899,0.4094202898550725,0.5141776937618148
0.1442,0.44812539382482675,0.033725819754494124,0.3242753623188406,0.4945652173913043,0.5108695652173912,0.3967391304347826,0.5141776937618148
0.1444,0.4488657844990548,0.03393654979112444,0.3278985507246377,0.4963768115942029,0.5126811594202899,0.3913043478260869,0.5160680529300566
0.1446,0.45034656584751104,0.033899303511223805,0.3297101449275363,0.4945652173913044,0.5144927536231885,0.3931159420289855,0.5198487712665406
0.1448,0.44891304347826083,0.035039809927754406,0.3260869565217392,0.49094202898550726,0.5181159420289855,0.38768115942028986,0.5217391304347826
0.145,0.45,0.034194914322329364,0.3297101449275363,0.48913043478260865,0.5181159420289855,0.39130434782608703,0.5217391304347826
0.1452,0.4503465658475109,0.03367005101513607,0.3333333333333333,0.48550724637681153,0.5217391304347826,0.391304347826087,0.5198487712665406
0.1454,0.45215816005040954,0.033478632084283394,0.3369565217391305,0.4891304347826087,0.5235507246376812,0.391304347826087,0.5198487712665406
0.1456,0.4546943919344676,0.03235178805226426,0.3460144927536232,0.48731884057971014,0.5271739130434783,0.39311594202898553,0.5198487712665406
0.1458,0.4612791430371771,0.03124505687172348,0.358695652173913,0.49275362318840576,0.5289855072463768,0.3985507246376812,0.5274102079395085
0.146,0.46493383742911154,0.03125840339468075,0.36231884057971014,0.4963768115942029,0.532608695652174,0.40217391304347827,0.5311909262759924
0.1462,0.4678638941398866,0.03138039713690012,0.3695652173913044,0.4945652173913043,0.5398550724637681,0.4003623188405797,0.5349716446124764
0.1464,0.4729678638941399,0.030508658630943767,0.375,0.5018115942028986,0.5398550724637681,0.40942028985507245,0.5387523629489603
0.1466,0.4744643982356648,0.030954157584025567,0.37500000000000006,0.5,0.5416666666666666,0.411231884057971,0.5444234404536862
0.1468,0.47775677378701953,0.03003586963821642,0.3822463768115942,0.49818840579710144,0.5434782608695652,0.4166666666666667,0.5482041587901701
0.147,0.4821361058601134,0.03018195692609681,0.38586956521739135,0.5,0.5507246376811594,0.4221014492753623,0.551984877126654
0.1472,0.48505040957781975,0.030255085462277904,0.3876811594202899,0.5036231884057971,0.5543478260869564,0.4257246376811594,0.553875236294896
0.1474,0.4868620037807183,0.02915135016572028,0.39311594202898553,0.5054347826086957,0.552536231884058,0.42934782608695654,0.553875236294896
0.1476,0.494533711405167,0.029088519998663465,0.39855072463768115,0.5090579710144927,0.5615942028985508,0.4420289855072464,0.5614366729678638
0.1478,0.5003623188405797,0.028705166041079,0.40579710144927533,0.5126811594202899,0.568840579710145,0.44927536231884063,0.5652173913043478
0.148,0.5018273471959672,0.02759607329444846,0.41666666666666663,0.5126811594202898,0.5670289855072463,0.4456521739130435,0.5671077504725898
0.1482,0.5080182734719597,0.02823819161066961,0.41666666666666663,0.5181159420289855,0.5778985507246377,0.45652173913043476,0.5708884688090737
0.1484,0.5135003150598614,0.028319584622124055,0.42391304347826086,0.5217391304347826,0.5851449275362319,0.4601449275362319,0.5765595463137996
0.1486,0.5196754883427852,0.027172642728953807,0.42934782608695654,0.5307971014492754,0.5869565217391304,0.4728260869565218,0.5784499054820416
0.1488,0.525945179584121,0.027119944032800134,0.4347826086956522,0.5307971014492753,0.588768115942029,0.483695652173913,0.5916824196597353
0.149,0.5317895400126024,0.027060786596744327,0.4365942028985508,0.536231884057971,0.592391304347826,0.4963768115942029,0.5973534971644612
0.1492,0.5413201008191556,0.026417300633588728,0.4438405797101449,0.5416666666666667,0.592391304347826,0.5181159420289855,0.610586011342155
0.1494,0.5479048519218652,0.026287525102975516,0.4492753623188406,0.5452898550724637,0.5960144927536232,0.5307971014492754,0.6181474480151228
0.1496,0.5529930686830496,0.026664437629211894,0.4492753623188406,0.5543478260869565,0.6014492753623188,0.5398550724637681,0.6200378071833648
0.1498,0.5569943289224952,0.026424307421331127,0.45108695652173914,0.5597826086956522,0.6014492753623188,0.5507246376811594,0.6219281663516067
0.15,0.564366729678639,0.026980452499479706,0.4565217391304348,0.5688405797101449,0.5996376811594203,0.5597826086956522,0.6370510396975425
0.1502,0.5709514807813484,0.028392097989425078,0.45471014492753625,0.5778985507246377,0.6050724637681159,0.572463768115942,0.6446124763705103
0.1504,0.5764177693761814,0.0294034280720911,0.45471014492753625,0.5833333333333333,0.6159420289855072,0.5797101449275361,0.6483931947069943
0.1506,0.5793163201008191,0.02921593770396796,0.45652173913043476,0.5869565217391304,0.6159420289855073,0.5887681159420289,0.6483931947069943
0.1508,0.5851291745431633,0.029725321056596827,0.45833333333333337,0.5923913043478262,0.6231884057971014,0.6014492753623188,0.6502835538752362
0.151,0.5905639571518588,0.0311912795229276,0.45652173913043476,0.5942028985507246,0.6376811594202898,0.6141304347826086,0.6502835538752363
0.1512,0.5945967233774418,0.032037436401542906,0.45652173913043476,0.5996376811594204,0.641304347826087,0.6195652173913043,0.6559546313799622
0.1514,0.5968021424070574,0.032470033239926456,0.45652173913043476,0.6032608695652175,0.6413043478260869,0.6231884057971014,0.6597353497164462
0.1516,0.6040485192186515,0.03156932039977005,0.4655797101449275,0.6213768115942029,0.6467391304347826,0.6268115942028986,0.6597353497164461
0.1518,0.6040327662255829,0.03215247553719753,0.46195652173913043,0.625,0.6431159420289855,0.6322463768115942,0.6578449905482042
0.152,0.6058286074354127,0.03084609497894648,0.46920289855072456,0.6286231884057971,0.6431159420289855,0.6322463768115942,0.6559546313799622
0.1522,0.6076244486452426,0.030003473332249973,0.4746376811594203,0.6268115942028984,0.644927536231884,0.6376811594202898,0.6540642722117203
0.1524,0.6112791430371771,0.03114233579379517,0.47282608695652173,0.6340579710144927,0.6449275362318839,0.6467391304347826,0.6578449905482042
0.1526,0.6164303717706364,0.03009261573097737,0.4836956521739131,0.6322463768115942,0.6503623188405797,0.6485507246376812,0.667296786389414
0.1528,0.6215500945179583,0.030475657497214318,0.48731884057971014,0.6358695652173912,0.6539855072463768,0.657608695652174,0.6729678638941399
0.153,0.6237870195337114,0.030497937789662054,0.4909420289855072,0.6322463768115942,0.6539855072463768,0.6612318840579711,0.6805293005671077
0.1532,0.6244959042218021,0.03106086476545897,0.4891304347826087,0.6322463768115942,0.6539855072463768,0.6684782608695652,0.6786389413988658
0.1534,0.6299779458097039,0.03104778181099122,0.4945652173913044,0.6376811594202898,0.661231884057971,0.6721014492753623,0.6843100189035917
0.1536,0.6346565847511026,0.03143518036080727,0.49818840579710144,0.6376811594202898,0.6702898550724637,0.6865942028985508,0.6805293005671078
0.1538,0.6375078764965344,0.031121682637744588,0.5036231884057971,0.6394927536231885,0.6702898550724637,0.6992753623188406,0.6748582230623819
0.154,0.6396817895400126,0.03179756849764642,0.5036231884057971,0.6394927536231885,0.6757246376811594,0.7047101449275363,0.6748582230623819
0.1542,0.6415248897290485,0.032990208289669296,0.5018115942028986,0.6358695652173914,0.6811594202898551,0.7101449275362319,0.6786389413988657
0.1544,0.6434152488972905,0.0333927442150228,0.5036231884057971,0.6340579710144928,0.6757246376811594,0.7155797101449275,0.6880907372400756
0.1546,0.643793320730939,0.03404743775930427,0.5018115942028986,0.6340579710144927,0.673913043478261,0.7192028985507246,0.6899810964083176
0.1548,0.6448487712665407,0.033478805533839036,0.5054347826086957,0.6376811594202899,0.6721014492753623,0.7228260869565218,0.6862003780718336
0.155,0.6474165091367359,0.03332359870624708,0.5090579710144928,0.641304347826087,0.6702898550724637,0.7264492753623188,0.6899810964083175
0.1552,0.648865784499055,0.03429011575516793,0.5072463768115942,0.6376811594202899,0.6793478260869565,0.730072463768116,0.6899810964083176
0.1554,0.6481884057971015,0.0355678276447837,0.5036231884057971,0.6286231884057971,0.6811594202898551,0.7318840579710145,0.6956521739130435
0.1556,0.6467548834278511,0.03660036591612562,0.5018115942028986,0.6177536231884058,0.681159420289855,0.7355072463768115,0.6975425330812854
0.1558,0.6482041587901701,0.036612433989447093,0.5036231884057971,0.6195652173913043,0.6811594202898551,0.7391304347826086,0.6975425330812854
0.156,0.6496691871455577,0.03655287389693982,0.5054347826086956,0.6213768115942029,0.6811594202898551,0.7409420289855073,0.6994328922495274
0.1562,0.6456836798991809,0.03703875809674267,0.5,0.6159420289855072,0.6757246376811594,0.7373188405797102,0.6994328922495274
0.1564,0.6460617517328293,0.03807821748161909,0.4963768115942029,0.6141304347826086,0.6793478260869565,0.7391304347826088,0.7013232514177694
0.1566,0.6471802142407057,0.03872011096361343,0.4963768115942029,0.6123188405797101,0.6793478260869565,0.7427536231884058,0.7051039697542534
0.1568,0.6468336483931948,0.040142690504381094,0.49275362318840576,0.6068840579710145,0.6793478260869565,0.7481884057971014,0.7069943289224953
0.157,0.645730938878387,0.04065955479546038,0.49094202898550726,0.6014492753623188,0.6829710144927537,0.7481884057971016,0.7051039697542533
0.1572,0.646817895400126,0.04143754085862115,0.48913043478260865,0.6014492753623188,0.6865942028985508,0.7518115942028986,0.7051039697542533
0.1574,0.6475740390674228,0.042246635150962115,0.48550724637681153,0.6014492753623188,0.6920289855072463,0.75,0.7088846880907371
0.1576,0.648314429741651,0.042403206694511655,0.48731884057971014,0.5978260869565217,0.6956521739130435,0.75,0.7107750472589792
0.1578,0.6493856332703214,0.04134424335075837,0.48913043478260865,0.6050724637681159,0.6992753623188406,0.7445652173913044,0.7088846880907372
0.158,0.6508506616257088,0.040198967868039365,0.49275362318840576,0.6105072463768115,0.7028985507246377,0.7373188405797101,0.7107750472589792
0.1582,0.6515595463137995,0.04026858464171743,0.49275362318840576,0.6123188405797101,0.7047101449275361,0.7391304347826086,0.7088846880907372
0.1584,0.6504883427851291,0.040506943862343825,0.49275362318840576,0.6068840579710144,0.7028985507246377,0.7391304347826086,0.7107750472589792
0.1586,0.6460932577189665,0.04027989131649618,0.4873188405797101,0.6050724637681159,0.7047101449275361,0.7282608695652174,0.7051039697542533
0.1588,0.6450535601764334,0.04123936578004612,0.48188405797101447,0.6032608695652173,0.7065217391304348,0.7228260869565217,0.7107750472589791
0.159,0.6436672967863893,0.042589946583578606,0.47644927536231885,0.5978260869565217,0.7047101449275364,0.7210144927536232,0.718336483931947
0.1592,0.6447385003150599,0.042711350138492275,0.47826086956521735,0.5960144927536232,0.7101449275362319,0.7228260869565217,0.7164461247637052
0.1594,0.6436672967863893,0.043823496016294365,0.4728260869565217,0.5942028985507246,0.7065217391304348,0.7264492753623188,0.718336483931947
0.1596,0.64294265910523,0.04537818787825211,0.463768115942029,0.5960144927536232,0.7101449275362319,0.7264492753623187,0.718336483931947
0.1598,0.6422495274102079,0.04633514697334378,0.46014492753623193,0.592391304347826,0.7119565217391305,0.7246376811594203,0.7221172022684309
0.16,0.6400441083805923,0.04536324291631451,0.4619565217391304,0.5905797101449275,0.7119565217391305,0.717391304347826,0.7183364839319472
0.1602,0.6389571518588533,0.04621618572622027,0.45833333333333337,0.5869565217391304,0.7119565217391304,0.7192028985507246,0.718336483931947
0.1604,0.6382482671707624,0.047204039689460374,0.45471014492753625,0.5833333333333333,0.7119565217391305,0.7210144927536232,0.720226843100189
0.1606,0.6368462507876496,0.04817778641960374,0.44746376811594196,0.5851449275362318,0.7119565217391304,0.713768115942029,0.7258979206049149
0.1608,0.6343257718966604,0.04879592574892759,0.4438405797101449,0.5797101449275363,0.7065217391304348,0.713768115942029,0.7277882797731569
0.161,0.6328922495274101,0.049564811448668825,0.4402173913043478,0.5760869565217391,0.7137681159420289,0.7047101449275363,0.7296786389413988
0.1612,0.6314429741650913,0.05038914106053729,0.43659420289855067,0.572463768115942,0.7210144927536232,0.697463768115942,0.7296786389413988
0.1614,0.6310333963453056,0.05044358100184798,0.43659420289855067,0.5706521739130436,0.7264492753623187,0.697463768115942,0.7240075614366729
0.1616,0.631411468178954,0.05216809857131767,0.42934782608695654,0.5706521739130436,0.730072463768116,0.7010869565217391,0.7258979206049149
0.1618,0.6291430371770635,0.05165254660108701,0.4293478260869565,0.5688405797101449,0.7336956521739131,0.6992753623188406,0.7145557655954631
0.162,0.6262602394454946,0.05184912388702833,0.4275362318840579,0.5634057971014492,0.7336956521739131,0.6902173913043478,0.7164461247637051
0.1622,0.6240863264020164,0.05259464891470595,0.4221014492753623,0.5615942028985508,0.7336956521739131,0.6865942028985508,0.7164461247637051
0.1624,0.6230308758664146,0.05315008035921509,0.42028985507246375,0.5579710144927537,0.7336956521739131,0.6829710144927537,0.7202268431001889
0.1626,0.6222904851921864,0.052335078081050715,0.4221014492753623,0.5597826086956521,0.7318840579710145,0.6793478260869565,0.718336483931947
0.1628,0.6197542533081286,0.053489067478028396,0.4184782608695652,0.5507246376811594,0.7355072463768116,0.6757246376811595,0.718336483931947
0.163,0.6201638311279143,0.05454219737528721,0.41485507246376807,0.5507246376811594,0.7373188405797101,0.6739130434782609,0.7240075614366729
0.1632,0.6165248897290485,0.05403953821041952,0.4184782608695652,0.5416666666666666,0.7391304347826088,0.6612318840579711,0.722117202268431
0.1634,0.6136105860113421,0.05511472559396284,0.4130434782608695,0.5380434782608696,0.7445652173913043,0.6521739130434783,0.720226843100189
0.1636,0.6088374291115312,0.054889488168794624,0.40942028985507245,0.5344202898550725,0.7427536231884058,0.644927536231884,0.7126654064272212
0.1638,0.60586011342155,0.05464155850000118,0.4076086956521739,0.5326086956521738,0.7445652173913043,0.641304347826087,0.7032136105860113
0.164,0.6044108380592312,0.05489117991056802,0.4076086956521739,0.5289855072463767,0.7463768115942028,0.6358695652173914,0.7032136105860113
0.1642,0.6051827347195967,0.05613810927378285,0.4094202898550725,0.5199275362318841,0.7518115942028986,0.6358695652173912,0.7088846880907372
0.1644,0.6059861373660996,0.05689870580151111,0.40942028985507245,0.5181159420289856,0.7518115942028986,0.6322463768115942,0.7183364839319472
0.1646,0.6045368620037808,0.05690658975530942,0.4094202898550724,0.5144927536231884,0.7500000000000001,0.6304347826086957,0.718336483931947
0.1648,0.6053245116572149,0.0573680293719276,0.41304347826086957,0.5108695652173914,0.7518115942028986,0.625,0.7258979206049149
0.165,0.6016698172652803,0.05725399444180912,0.41666666666666663,0.5018115942028986,0.7536231884057971,0.6141304347826088,0.722117202268431
0.1652,0.5977000630119723,0.05845742622024203,0.4130434782608695,0.49275362318840576,0.7536231884057971,0.605072463768116,0.7240075614366729
0.1654,0.5933364839319472,0.0594572219028144,0.4021739130434782,0.4927536231884058,0.7518115942028986,0.5978260869565217,0.722117202268431
0.1656,0.5889571518588532,0.05912162561136946,0.39855072463768115,0.49094202898550726,0.7463768115942029,0.5905797101449275,0.718336483931947
0.1658,0.5849716446124763,0.059033960151997765,0.3985507246376811,0.4836956521739131,0.7409420289855072,0.5833333333333333,0.718336483931947
0.166,0.5853969754253308,0.0606508293579651,0.3967391304347826,0.47644927536231885,0.7427536231884058,0.5851449275362319,0.7258979206049149
0.1662,0.58325456836799,0.06122097108811085,0.3931159420289855,0.4746376811594203,0.7391304347826086,0.5797101449275361,0.7296786389413988
0.1664,0.581112161310649,0.06078199402173546,0.3967391304347826,0.47282608695652173,0.7336956521739131,0.5688405797101449,0.7334593572778828
0.1666,0.5793163201008191,0.060286430740790875,0.39855072463768115,0.47282608695652173,0.7282608695652174,0.5615942028985508,0.7353497164461247
0.1668,0.5790642722117203,0.06257724328107407,0.39492753623188404,0.46739130434782605,0.7282608695652174,0.5561594202898551,0.7485822306238186
0.167,0.5779458097038438,0.061887636095545755,0.3931159420289855,0.47282608695652173,0.7264492753623188,0.552536231884058,0.7448015122873346
0.1672,0.5743068683049779,0.061611442559885946,0.3913043478260869,0.46739130434782605,0.7192028985507246,0.5507246376811594,0.7429111531190926
0.1674,0.5703056080655324,0.06139887273625054,0.3913043478260869,0.45833333333333326,0.7119565217391305,0.548913043478261,0.7410207939508506
0.1676,0.5692344045368619,0.062037478803935855,0.3913043478260869,0.4528985507246377,0.7119565217391304,0.5471014492753623,0.7429111531190926
0.1678,0.5711090107120352,0.06455419873409217,0.38405797101449274,0.4528985507246377,0.7210144927536232,0.5471014492753623,0.7504725897920606
0.168,0.5670762444864523,0.06323432178230239,0.3858695652173913,0.44565217391304346,0.7101449275362318,0.5489130434782609,0.7448015122873346
0.1682,0.5634530560806552,0.06301234089369179,0.3876811594202898,0.4384057971014493,0.7028985507246376,0.5434782608695652,0.7448015122873346
0.1684,0.5623660995589163,0.062486563446290645,0.38768115942028986,0.4420289855072464,0.6992753623188407,0.5380434782608696,0.7448015122873346
0.1686,0.5623818525519848,0.06244149049488378,0.3876811594202898,0.4438405797101449,0.697463768115942,0.536231884057971,0.7466918714555766
0.1688,0.5623345935727788,0.061891625713888274,0.3931159420289855,0.4384057971014492,0.7010869565217391,0.5380434782608696,0.7410207939508506
0.169,0.5634373030875868,0.061601900031055534,0.3967391304347826,0.4402173913043478,0.7010869565217391,0.536231884057971,0.7429111531190926
0.1692,0.5638153749212351,0.06116307813387827,0.39855072463768115,0.44202898550724634,0.697463768115942,0.536231884057971,0.7448015122873346
0.1694,0.5659892879647133,0.06009354290679749,0.4076086956521739,0.4402173913043478,0.6956521739130435,0.5416666666666666,0.7448015122873346
0.1696,0.5649023314429742,0.059621755352670544,0.4039855072463768,0.4402173913043478,0.6865942028985508,0.5489130434782609,0.7448015122873346
0.1698,0.5648708254568368,0.057734178447713225,0.4130434782608695,0.4384057971014492,0.6793478260869564,0.552536231884058,0.7410207939508506
0.17,0.5674385633270321,0.057299469342145276,0.4184782608695652,0.4402173913043478,0.677536231884058,0.556159420289855,0.7448015122873346
0.1702,0.5681789540012602,0.056849950870076334,0.4257246376811594,0.4402173913043478,0.677536231884058,0.5507246376811594,0.7466918714555766
0.1704,0.5663358538122244,0.05534370796000627,0.427536231884058,0.4420289855072464,0.6684782608695652,0.5507246376811594,0.7429111531190927
0.1706,0.5685412728418399,0.054990142419134413,0.43115942028985504,0.44565217391304346,0.6666666666666666,0.5525362318840579,0.7466918714555766
0.1708,0.5700220541902962,0.055602799410061306,0.43115942028985504,0.4420289855072464,0.6648550724637681,0.5615942028985507,0.7504725897920604
0.171,0.5707466918714555,0.05539771733320815,0.4365942028985507,0.4384057971014493,0.6648550724637681,0.5634057971014492,0.7504725897920604
0.1712,0.5707624448645242,0.05550334831747406,0.44202898550724634,0.4347826086956521,0.6648550724637681,0.5597826086956521,0.7523629489603025
0.1714,0.5751417769376183,0.05434452927362988,0.4510869565217391,0.4402173913043478,0.6612318840579711,0.5670289855072465,0.7561436672967864
0.1716,0.5769691241335855,0.054672892495812295,0.4492753623188406,0.44202898550724634,0.6630434782608695,0.572463768115942,0.7580340264650285
0.1718,0.5805765595463137,0.054058314020643754,0.4528985507246377,0.44565217391304346,0.6684782608695652,0.5797101449275361,0.7561436672967864
0.172,0.5805923125393824,0.054716408118738576,0.4474637681159419,0.4492753623188405,0.6721014492753623,0.5760869565217391,0.7580340264650284
0.1722,0.5827347195967233,0.05438521220328748,0.45471014492753614,0.4456521739130434,0.6793478260869565,0.5797101449275363,0.7542533081285444
0.1724,0.5841997479521109,0.05524543450592572,0.45471014492753625,0.44202898550724634,0.6829710144927535,0.5851449275362318,0.7561436672967864
0.1726,0.5852551984877127,0.054049998078940426,0.4619565217391304,0.4438405797101449,0.6847826086956521,0.5833333333333333,0.7523629489603024
0.1728,0.590359168241966,0.05388973170462523,0.47282608695652173,0.44565217391304346,0.6920289855072463,0.5851449275362318,0.7561436672967864
0.173,0.5925015752993069,0.05239441042503341,0.4818840579710145,0.4492753623188406,0.6938405797101449,0.5851449275362319,0.7523629489603025
0.1732,0.5957151858853182,0.0509876248404598,0.4945652173913043,0.447463768115942,0.6956521739130435,0.5942028985507246,0.7466918714555766
0.1734,0.5949590422180215,0.04997294656882231,0.5018115942028986,0.4492753623188406,0.6974637681159421,0.5833333333333333,0.7429111531190926
0.1736,0.5982671707624448,0.049819615023207656,0.5018115942028986,0.45471014492753625,0.6956521739130435,0.5905797101449275,0.7485822306238186
0.1738,0.6000787649653434,0.049945363743331785,0.5036231884057971,0.45471014492753625,0.6992753623188406,0.5942028985507246,0.7485822306238186
0.174,0.6019061121613106,0.049823165429158864,0.5018115942028986,0.4601449275362319,0.7010869565217392,0.5960144927536232,0.7504725897920606
0.1742,0.6026622558286074,0.05069009457579504,0.5036231884057971,0.4565217391304348,0.7028985507246377,0.5960144927536232,0.7542533081285445
0.1744,0.6037334593572778,0.05052583376818623,0.5072463768115942,0.45471014492753625,0.7047101449275363,0.5996376811594202,0.7523629489603025
0.1746,0.6070258349086327,0.05055132972147851,0.5108695652173914,0.45833333333333337,0.7083333333333333,0.6014492753623188,0.7561436672967864
0.1748,0.6062539382482672,0.04975085021805365,0.5126811594202898,0.4583333333333333,0.7083333333333333,0.6014492753623188,0.7504725897920606
0.175,0.6066635160680529,0.05027916831129467,0.5126811594202898,0.4583333333333333,0.7065217391304348,0.5996376811594202,0.7561436672967864
0.1752,0.6077662255828608,0.05023727741082535,0.5126811594202898,0.46195652173913043,0.7083333333333334,0.5978260869565217,0.7580340264650283
0.1754,0.607356647763075,0.04920797824294554,0.5090579710144927,0.4673913043478261,0.7083333333333333,0.5996376811594203,0.7523629489603025
0.1756,0.6081442974165092,0.050839875440030276,0.5036231884057971,0.4692028985507246,0.713768115942029,0.5942028985507246,0.7599243856332704
0.1758,0.6085066162570889,0.05105298181032491,0.49818840579710144,0.47101449275362317,0.713768115942029,0.5996376811594203,0.7599243856332704
0.176,0.6106805293005672,0.05085983247629639,0.5018115942028984,0.47101449275362317,0.7155797101449275,0.605072463768116,0.7599243856332704
0.1762,0.610633270321361,0.04969061668560095,0.5054347826086957,0.4728260869565218,0.7155797101449275,0.605072463768116,0.7542533081285444
0.1764,0.6084278512917454,0.050638714030233796,0.5,0.467391304347826,0.7192028985507246,0.6050724637681159,0.7504725897920604
0.1766,0.605812854442344,0.04974690256539609,0.5036231884057971,0.46195652173913043,0.717391304347826,0.605072463768116,0.7410207939508506
0.1768,0.6065217391304348,0.04903607714737977,0.5072463768115942,0.463768115942029,0.717391304347826,0.605072463768116,0.7391304347826088
0.177,0.6068525519848771,0.04879031600445668,0.5,0.46920289855072467,0.7192028985507246,0.6105072463768115,0.7353497164461248
0.1772,0.6082703213610586,0.048343575031015454,0.5,0.4728260869565218,0.7228260869565217,0.6141304347826086,0.7315689981096408
0.1774,0.606112161310649,0.04979854447333597,0.49275362318840576,0.4673913043478261,0.7228260869565217,0.6141304347826086,0.7334593572778828
0.1776,0.6045841209829868,0.049289805817526344,0.4945652173913043,0.463768115942029,0.7246376811594203,0.6159420289855073,0.7240075614366729
0.1778,0.6041902961562696,0.048665977237346766,0.4945652173913043,0.4673913043478261,0.7264492753623187,0.6123188405797102,0.720226843100189
0.178,0.6052930056710775,0.048826022230293364,0.4945652173913043,0.4692028985507246,0.7282608695652173,0.6123188405797102,0.722117202268431
0.1782,0.6059231253938248,0.046807003790171386,0.4963768115942029,0.47826086956521735,0.730072463768116,0.6141304347826086,0.7107750472589792
0.1784,0.6036231884057972,0.04608547532028659,0.49275362318840576,0.4800724637681159,0.7336956521739131,0.6159420289855073,0.6956521739130435
0.1786,0.6021109010712035,0.04546295568470734,0.4909420289855072,0.48550724637681153,0.7373188405797101,0.6086956521739131,0.6880907372400755
0.1788,0.6038437303087587,0.04516761179790245,0.49275362318840576,0.4873188405797101,0.7427536231884059,0.6177536231884058,0.6786389413988658
0.179,0.6027095148078134,0.0458216795368569,0.48913043478260865,0.4873188405797101,0.7481884057971014,0.6159420289855072,0.6729678638941399
0.1792,0.604127284183995,0.04657901932837428,0.48913043478260865,0.48550724637681153,0.7536231884057971,0.6231884057971014,0.669187145557656
0.1794,0.6033238815374922,0.04616801788588128,0.48731884057971014,0.4891304347826087,0.7554347826086957,0.625,0.6597353497164461
0.1796,0.6010712035286705,0.046786062684102694,0.48007246376811596,0.4909420289855072,0.7590579710144928,0.625,0.6502835538752363
0.1798,0.6006301197227473,0.04676239097334514,0.48369565217391297,0.48913043478260865,0.7626811594202898,0.6268115942028986,0.6408317580340265
0.18,0.6002205419029616,0.0462776103953921,0.4800724637681159,0.4963768115942029,0.7626811594202898,0.6268115942028986,0.6351606805293005
0.1802,0.5998109640831758,0.04842278098325058,0.47282608695652173,0.4963768115942029,0.773550724637681,0.6268115942028986,0.6294896030245747
0.1804,0.5968336483931947,0.048325549037705445,0.47101449275362317,0.4963768115942029,0.7735507246376812,0.6231884057971014,0.6200378071833648
0.1806,0.5949905482041589,0.04813969830426683,0.4692028985507246,0.49637681159420294,0.7717391304347826,0.6213768115942029,0.6162570888468809
0.1808,0.5946124763705103,0.048838686103104385,0.4655797101449275,0.49818840579710144,0.7753623188405796,0.6195652173913043,0.6143667296786389
0.181,0.5956364209199748,0.04894156761134441,0.4655797101449275,0.5036231884057971,0.7789855072463768,0.6231884057971014,0.6068052930056711
0.1812,0.5966761184625079,0.049395526766940125,0.46376811594202894,0.5108695652173914,0.7844202898550724,0.6231884057971014,0.6011342155009451
0.1814,0.5959042218021424,0.04966289704128224,0.463768115942029,0.5108695652173914,0.786231884057971,0.6231884057971014,0.5954631379962193
0.1816,0.5965658475110271,0.05041519443347646,0.463768115942029,0.5163043478260869,0.7934782608695652,0.621376811594203,0.5879017013232515
0.1818,0.5950693131695022,0.05115440504696209,0.4619565217391304,0.5163043478260869,0.7971014492753624,0.6177536231884058,0.5822306238185255
0.182,0.5942344045368619,0.05211043247946007,0.4601449275362319,0.5181159420289855,0.8007246376811594,0.6231884057971014,0.5689981096408318
0.1822,0.59677063642092,0.05286941796094668,0.46195652173913043,0.5217391304347826,0.8079710144927537,0.6231884057971014,0.5689981096408318
0.1824,0.5974795211090107,0.05390805240591592,0.46195652173913043,0.5235507246376812,0.8152173913043479,0.6195652173913044,0.5671077504725898
0.1826,0.5962980466288595,0.05512070015357329,0.4583333333333333,0.5253623188405797,0.818840579710145,0.6231884057971014,0.555765595463138
0.1828,0.5988500315059861,0.05450831986725918,0.46376811594202894,0.5307971014492754,0.8206521739130436,0.6213768115942029,0.55765595463138
0.183,0.5959042218021424,0.05505420511320995,0.463768115942029,0.5271739130434783,0.8224637681159421,0.6141304347826086,0.551984877126654
0.1832,0.5951165721487083,0.05657720126655994,0.46014492753623193,0.5271739130434783,0.8278985507246377,0.6159420289855073,0.5444234404536862
0.1834,0.5965973534971644,0.056681749731092024,0.4565217391304347,0.5307971014492754,0.8278985507246377,0.6195652173913043,0.5482041587901701
0.1836,0.5980308758664147,0.056789907508422256,0.45833333333333326,0.5380434782608695,0.8315217391304349,0.6159420289855073,0.5463137996219282
0.1838,0.5983459357277883,0.05776565895346986,0.45471014492753614,0.5434782608695652,0.835144927536232,0.6177536231884058,0.5406427221172022
0.184,0.5968336483931947,0.05770407844901528,0.4565217391304347,0.5416666666666666,0.8333333333333335,0.6195652173913043,0.5330812854442344
0.1842,0.5945967233774418,0.05834589226009318,0.46195652173913043,0.5344202898550724,0.8369565217391305,0.6141304347826086,0.5255198487712666
0.1844,0.5912885948330182,0.058582180977385,0.46014492753623193,0.5307971014492753,0.8351449275362319,0.6105072463768115,0.5198487712665406
0.1846,0.5890989287964713,0.06005277495967872,0.45108695652173914,0.5307971014492753,0.838768115942029,0.6068840579710144,0.5179584120982986
0.1848,0.5908947700063012,0.06074603735194241,0.4528985507246377,0.5344202898550724,0.8442028985507247,0.6068840579710145,0.5160680529300568
0.185,0.5901543793320732,0.060821413113217426,0.4528985507246377,0.5344202898550724,0.8442028985507247,0.605072463768116,0.5141776937618147
0.1852,0.5886893509766855,0.06123970736913591,0.4528985507246377,0.5326086956521738,0.8460144927536233,0.5996376811594203,0.5122873345935728
0.1854,0.5879804662885948,0.06118292564628219,0.45471014492753625,0.5271739130434783,0.8460144927536233,0.5978260869565217,0.5141776937618148
0.1856,0.5879489603024575,0.061129406281183817,0.45833333333333337,0.5326086956521738,0.8478260869565218,0.5905797101449276,0.5103969754253308
0.1858,0.5912728418399495,0.061087248929219455,0.4601449275362319,0.536231884057971,0.8514492753623188,0.5905797101449276,0.5179584120982987
0.186,0.5901543793320732,0.061414233376348513,0.463768115942029,0.5326086956521738,0.8532608695652175,0.5869565217391305,0.5141776937618148
0.1862,0.5904694391934469,0.061516858308322604,0.46920289855072467,0.5344202898550723,0.8550724637681161,0.5851449275362319,0.5085066162570888
0.1864,0.5911940768746062,0.060995501283610365,0.4746376811594203,0.5380434782608696,0.8550724637681161,0.5797101449275363,0.5085066162570888
0.1866,0.589760554505356,0.06024088977632854,0.47644927536231885,0.536231884057971,0.8514492753623187,0.5742753623188406,0.5103969754253308
0.1868,0.5901386263390045,0.05934672728941973,0.47644927536231885,0.5416666666666666,0.8478260869565217,0.572463768115942,0.5122873345935728
0.187,0.5920132325141776,0.059656501139963944,0.47644927536231885,0.5398550724637681,0.851449275362319,0.5724637681159421,0.5198487712665406
0.1872,0.593494013862634,0.06027775296438076,0.4782608695652174,0.5434782608695653,0.8568840579710145,0.5652173913043479,0.5236294896030246
0.1874,0.5939193446754883,0.05971087854437197,0.48550724637681164,0.5416666666666666,0.8568840579710145,0.5543478260869565,0.5311909262759924
0.1876,0.5946912413358538,0.05998373806701101,0.4836956521739131,0.5416666666666666,0.8586956521739131,0.5525362318840579,0.5368620037807184
0.1878,0.5987555135475741,0.05934315954865599,0.49094202898550726,0.5471014492753624,0.8605072463768116,0.5489130434782609,0.5463137996219282
0.188,0.5976843100189035,0.05993639960616183,0.49094202898550726,0.5489130434782609,0.8623188405797102,0.5380434782608696,0.5482041587901701
0.1882,0.5995274102079395,0.06009459674810245,0.48913043478260876,0.5543478260869564,0.8641304347826088,0.5380434782608696,0.5519848771266541
0.1884,0.6025047258979207,0.05957158240694851,0.4909420289855072,0.5579710144927537,0.8641304347826088,0.5380434782608696,0.5614366729678639
0.1886,0.6043793320730939,0.058952067125996564,0.4909420289855073,0.5615942028985507,0.8623188405797102,0.5380434782608696,0.5689981096408318
0.1888,0.6037019533711405,0.057614157895409496,0.4909420289855072,0.5597826086956522,0.855072463768116,0.5380434782608696,0.5746691871455576
0.189,0.6081600504095779,0.05733495419901651,0.49275362318840576,0.5615942028985507,0.8568840579710145,0.5416666666666667,0.5879017013232514
0.1892,0.6074669187145558,0.05674646010220522,0.4945652173913043,0.5597826086956522,0.8532608695652175,0.5380434782608696,0.5916824196597353
0.1894,0.6053402646502836,0.057084532901598345,0.49275362318840576,0.5543478260869564,0.851449275362319,0.5307971014492754,0.5973534971644613
0.1896,0.6046313799621928,0.05609282540364007,0.4945652173913043,0.5543478260869564,0.8460144927536233,0.5289855072463767,0.5992438563327033
0.1898,0.6031663516068053,0.05629089292789131,0.4963768115942029,0.5507246376811594,0.8460144927536233,0.5253623188405797,0.5973534971644613
0.19,0.6028197857592943,0.055558520156002066,0.5,0.5489130434782609,0.8423913043478262,0.5235507246376812,0.5992438563327033
0.1902,0.6039067422810335,0.054747661200565206,0.5036231884057971,0.5471014492753623,0.8405797101449276,0.5289855072463768,0.5992438563327033
0.1904,0.603969754253308,0.054257246233883234,0.5090579710144927,0.5471014492753623,0.8369565217391305,0.519927536231884,0.6068052930056711
0.1906,0.6072621298046628,0.05346254584556883,0.5090579710144927,0.5634057971014492,0.8351449275362319,0.5181159420289856,0.610586011342155
0.1908,0.60502520478891,0.05333632937019269,0.5090579710144927,0.5652173913043478,0.8333333333333334,0.5144927536231885,0.6030245746691871
0.191,0.6021109010712036,0.05363954329399046,0.5072463768115942,0.5615942028985508,0.8315217391304348,0.5090579710144928,0.6011342155009451
0.1912,0.6032451165721486,0.052334479676172586,0.5108695652173912,0.5615942028985508,0.8260869565217391,0.5108695652173912,0.6068052930056711
0.1914,0.6043478260869566,0.0521074455842753,0.5181159420289855,0.5615942028985507,0.8260869565217391,0.5072463768115942,0.6086956521739131
0.1916,0.6054977945809704,0.05141716898286679,0.519927536231884,0.5615942028985508,0.822463768115942,0.5072463768115941,0.6162570888468809
0.1918,0.6033711405166982,0.051321745722864555,0.5181159420289856,0.5597826086956521,0.8170289855072463,0.5,0.6219281663516069
0.192,0.6022841839949591,0.05026934160099929,0.5126811594202898,0.5670289855072465,0.8097826086956522,0.5,0.6219281663516069
0.1922,0.6034026465028355,0.05105420087682836,0.5126811594202898,0.5742753623188406,0.8115942028985508,0.49275362318840576,0.6257088846880907
0.1924,0.6016225582860744,0.05043724331418839,0.5126811594202898,0.5742753623188405,0.8043478260869564,0.4873188405797101,0.6294896030245747
0.1926,0.5998267170762445,0.050902840313081336,0.5090579710144927,0.5797101449275361,0.8007246376811594,0.47826086956521735,0.6313799621928167
0.1928,0.6005356017643353,0.05067583667739945,0.5108695652173914,0.5833333333333333,0.8007246376811594,0.47826086956521735,0.6294896030245747
0.193,0.5987240075614366,0.04997276779888667,0.5090579710144927,0.5815217391304347,0.7952898550724637,0.47826086956521735,0.6294896030245747
0.1932,0.6008979206049149,0.04885545915450389,0.5126811594202898,0.5851449275362318,0.7934782608695652,0.48369565217391297,0.6294896030245746
0.1934,0.5998267170762445,0.04894652222464212,0.5108695652173914,0.5833333333333333,0.7916666666666665,0.48188405797101447,0.6313799621928167
0.1936,0.600551354757404,0.04952083399905018,0.5108695652173914,0.5887681159420289,0.7934782608695652,0.4782608695652174,0.6313799621928167
0.1938,0.601638311279143,0.04901748567827477,0.5108695652173914,0.5942028985507246,0.7916666666666667,0.48007246376811596,0.6313799621928167
0.194,0.6016540642722117,0.048210838420120396,0.5108695652173914,0.5978260869565217,0.786231884057971,0.48007246376811596,0.6332703213610585
0.1942,0.6001732829237555,0.047476345316473434,0.5072463768115941,0.5978260869565217,0.7826086956521738,0.483695652173913,0.6294896030245747
0.1944,0.5979836168872086,0.04779047899326228,0.5072463768115942,0.6014492753623188,0.7789855072463767,0.47463768115942034,0.6275992438563328
0.1946,0.5983301827347195,0.0474741457622361,0.5108695652173914,0.6014492753623187,0.7789855072463767,0.4746376811594203,0.6257088846880907
0.1948,0.5969439193446755,0.04903448705020327,0.5054347826086957,0.6014492753623187,0.7789855072463767,0.46557971014492755,0.6332703213610585
0.195,0.596219281663516,0.04842193640978916,0.5090579710144927,0.5996376811594203,0.7753623188405796,0.463768115942029,0.6332703213610587
0.1952,0.5932892249527411,0.049069972111242484,0.49818840579710144,0.6032608695652174,0.7735507246376812,0.4619565217391305,0.6294896030245747
0.1954,0.5943919344675489,0.04844663205151893,0.5036231884057971,0.6032608695652174,0.7717391304347826,0.46195652173913043,0.6313799621928167
0.1956,0.5933049779458097,0.048832345429959484,0.5036231884057971,0.6014492753623187,0.7717391304347826,0.45833333333333337,0.6313799621928167
0.1958,0.5966288594833018,0.04835960230224116,0.5054347826086957,0.6032608695652173,0.7717391304347826,0.46376811594202905,0.6389413988657844
0.196,0.5959042218021425,0.04848777203337514,0.5036231884057971,0.6014492753623188,0.7717391304347826,0.46376811594202905,0.6389413988657846
0.1962,0.5941083805923125,0.048023977430369215,0.5054347826086957,0.5978260869565217,0.766304347826087,0.46014492753623193,0.6408317580340265
0.1964,0.5956521739130436,0.04850311314624171,0.5018115942028986,0.6032608695652174,0.7626811594202898,0.45833333333333337,0.6521739130434783
0.1966,0.5971014492753624,0.048120525362288134,0.5018115942028986,0.6068840579710144,0.7626811594202898,0.4619565217391305,0.6521739130434783
0.1968,0.5941713925645873,0.048286090183179434,0.5018115942028986,0.6032608695652174,0.7608695652173912,0.4565217391304348,0.6483931947069943
0.197,0.5956679269061123,0.048946045646310915,0.5,0.6086956521739131,0.7608695652173914,0.45471014492753625,0.6540642722117203
0.1972,0.5957151858853182,0.050336334234512295,0.49456521739130427,0.6105072463768116,0.7626811594202899,0.45108695652173914,0.6597353497164461
0.1974,0.5982829237555135,0.05021683279591653,0.5018115942028984,0.6141304347826088,0.7626811594202899,0.4492753623188406,0.6635160680529301
0.1976,0.599054820415879,0.05073676701407915,0.5018115942028984,0.6141304347826088,0.7626811594202898,0.447463768115942,0.6691871455576559
0.1978,0.5979678638941399,0.05002709336628527,0.5072463768115942,0.6086956521739131,0.7590579710144927,0.44565217391304346,0.6691871455576559
0.198,0.5979678638941398,0.050027093366285275,0.5072463768115941,0.608695652173913,0.7590579710144927,0.44565217391304346,0.669187145557656
0.1982,0.5964555765595464,0.05067855440906,0.5054347826086957,0.6105072463768115,0.7626811594202899,0.44202898550724634,0.6616257088846881
0.1984,0.5983459357277883,0.05066969063858594,0.5090579710144927,0.605072463768116,0.7626811594202899,0.4438405797101449,0.6710775047258979
0.1986,0.5961720226843099,0.05041026208577802,0.5090579710144927,0.5960144927536232,0.7608695652173912,0.4438405797101449,0.6710775047258979
0.1988,0.5968966603654694,0.050551796074915625,0.5108695652173912,0.5923913043478262,0.7644927536231884,0.4456521739130435,0.6710775047258979
0.199,0.5980151228733459,0.05044701960951993,0.5126811594202898,0.5905797101449275,0.7644927536231884,0.447463768115942,0.6748582230623819
0.1992,0.5991650913673598,0.05118932128377572,0.5126811594202898,0.5869565217391304,0.7663043478260869,0.447463768115942,0.6824196597353497
0.1994,0.5959042218021424,0.05079298799577395,0.5108695652173912,0.5742753623188405,0.7626811594202898,0.44927536231884063,0.6824196597353497
0.1996,0.5955734089477001,0.05084227007324466,0.5144927536231884,0.5634057971014492,0.7626811594202898,0.4510869565217392,0.6862003780718336
0.1998,0.5941083805923124,0.05206304581038836,0.5144927536231884,0.5615942028985507,0.7663043478260869,0.44384057971014496,0.6843100189035917
0.2,0.5915563957151859,0.05229027362688806,0.5126811594202898,0.552536231884058,0.7663043478260869,0.44384057971014496,0.6824196597353498
0.2002,0.5904694391934469,0.05282284465485073,0.5163043478260869,0.5434782608695652,0.7681159420289855,0.4420289855072464,0.6824196597353497
0.2004,0.5915406427221171,0.053469879219499965,0.5181159420289855,0.5452898550724636,0.7735507246376812,0.44021739130434784,0.6805293005671077
0.2006,0.5897290485192186,0.053865292567054815,0.5144927536231884,0.5398550724637681,0.7735507246376813,0.44021739130434784,0.6805293005671077
0.2008,0.5886578449905483,0.05314665601719958,0.5181159420289855,0.532608695652174,0.7681159420289855,0.4420289855072464,0.6824196597353497
0.201,0.5879332073093888,0.052877922384852505,0.5163043478260869,0.5307971014492753,0.7663043478260869,0.4438405797101449,0.6824196597353498
0.2012,0.5864681789540012,0.05364837802268896,0.5181159420289855,0.5271739130434783,0.7681159420289855,0.4384057971014493,0.6805293005671077
0.2014,0.5864681789540013,0.05241563337397792,0.5217391304347826,0.5253623188405797,0.7626811594202899,0.4420289855072464,0.6805293005671077
0.2016,0.5886893509766856,0.0534497778051106,0.519927536231884,0.5253623188405797,0.7681159420289855,0.44384057971014496,0.6862003780718336
0.2018,0.5898078134845621,0.05352856103861031,0.5235507246376812,0.5217391304347826,0.7681159420289855,0.4456521739130435,0.6899810964083175
0.202,0.5905482041587902,0.05250782205198427,0.5307971014492754,0.519927536231884,0.7626811594202898,0.4474637681159421,0.6918714555765595
0.2022,0.5898235664776308,0.05291765258831913,0.5271739130434783,0.5163043478260869,0.7644927536231884,0.44927536231884063,0.6918714555765595
0.2024,0.5901858853182105,0.053088096157190234,0.5289855072463767,0.5126811594202899,0.7663043478260869,0.45108695652173914,0.6918714555765596
0.2026,0.5908790170132325,0.05264744744101152,0.5253623188405797,0.5108695652173914,0.769927536231884,0.4601449275362319,0.6880907372400756
0.2028,0.5919187145557656,0.05226983631330235,0.5235507246376812,0.5072463768115942,0.7753623188405797,0.47101449275362317,0.6824196597353497
0.203,0.5911468178954001,0.05166819103131885,0.5271739130434783,0.49818840579710144,0.7753623188405796,0.4782608695652174,0.6767485822306238
0.2032,0.592249527410208,0.05213937725469699,0.5235507246376812,0.49275362318840576,0.7789855072463768,0.4873188405797101,0.6786389413988658
0.2034,0.5940296156269691,0.05130764787719589,0.5235507246376812,0.4945652173913043,0.7807971014492753,0.4963768115942029,0.6748582230623819
0.2036,0.5972904851921864,0.050959164413042726,0.5253623188405797,0.49275362318840576,0.7844202898550724,0.5090579710144928,0.6748582230623819
0.2038,0.5991020793950851,0.051173759344250384,0.5271739130434783,0.4909420289855072,0.7880434782608695,0.5144927536231884,0.6748582230623819
0.204,0.6001260239445495,0.05024683974883907,0.5271739130434783,0.49456521739130427,0.7898550724637682,0.5217391304347826,0.6672967863894139
0.2042,0.6012129804662887,0.049710461024744274,0.5344202898550724,0.4891304347826087,0.7880434782608695,0.5271739130434783,0.6672967863894139
0.2044,0.6030245746691871,0.04956938036445821,0.5326086956521738,0.48913043478260865,0.7898550724637681,0.536231884057971,0.6672967863894139
0.2046,0.6015437933207309,0.04899187631818977,0.5307971014492754,0.4855072463768116,0.786231884057971,0.5416666666666666,0.6635160680529301
0.2048,0.6011657214870826,0.048112439563068744,0.5289855072463767,0.4873188405797101,0.7826086956521738,0.5452898550724637,0.6616257088846881
0.205,0.6037492123503465,0.048251165247670764,0.5307971014492754,0.483695652173913,0.7826086956521738,0.5543478260869565,0.6672967863894139
0.2052,0.6048361688720857,0.04844880077262552,0.5253623188405797,0.48007246376811596,0.7826086956521738,0.5688405797101449,0.6672967863894139
0.2054,0.6059388783868934,0.048828967941016224,0.5235507246376812,0.4800724637681159,0.7844202898550724,0.572463768115942,0.6691871455576559
0.2056,0.6062381852551983,0.0476727548626801,0.5235507246376812,0.4873188405797101,0.7844202898550724,0.5742753623188406,0.6616257088846881
0.2058,0.6065689981096408,0.04674919862956424,0.5235507246376812,0.48731884057971014,0.7807971014492754,0.5833333333333333,0.6578449905482041
0.206,0.6053717706364209,0.04596916857698683,0.5181159420289855,0.49275362318840576,0.7807971014492754,0.5905797101449275,0.6446124763705103
0.2062,0.6078764965343415,0.04504667239729845,0.5181159420289855,0.5036231884057971,0.782608695652174,0.5942028985507246,0.6408317580340264
0.2064,0.606017643352237,0.044764324442444846,0.5163043478260869,0.49999999999999994,0.7789855072463768,0.5996376811594203,0.6351606805293005
0.2066,0.6063484562066793,0.04450390559454788,0.5126811594202898,0.5018115942028986,0.7771739130434783,0.6086956521739131,0.6313799621928166
0.2068,0.6085853812224322,0.04575805279520942,0.5108695652173912,0.49818840579710144,0.7807971014492753,0.6141304347826086,0.6389413988657845
0.207,0.6041587901701323,0.04746016094604205,0.49818840579710144,0.49275362318840576,0.782608695652174,0.6177536231884058,0.6294896030245747
0.2072,0.6041272841839949,0.0469876003623886,0.4963768115942029,0.4963768115942029,0.7807971014492754,0.6213768115942029,0.6257088846880907
0.2074,0.6037334593572778,0.04735001209263956,0.4945652173913043,0.4945652173913043,0.7807971014492754,0.6268115942028986,0.6219281663516067
0.2076,0.6040485192186515,0.04791592332341866,0.4855072463768116,0.5,0.7807971014492754,0.6376811594202898,0.6162570888468808
0.2078,0.6043793320730939,0.04786171716610025,0.4836956521739131,0.5036231884057971,0.7807971014492754,0.6413043478260869,0.612476370510397
0.208,0.6062066792690611,0.04786773745873431,0.48550724637681164,0.5036231884057971,0.7807971014492754,0.6467391304347826,0.6143667296786389
0.2082,0.6083805923125394,0.04776517914706491,0.4873188405797102,0.5072463768115942,0.7826086956521738,0.6503623188405797,0.6143667296786389
0.2084,0.6098141146817896,0.047888422167141245,0.48550724637681153,0.5126811594202899,0.7844202898550725,0.6539855072463768,0.612476370510397
0.2086,0.6109325771896661,0.0486180018800717,0.48369565217391297,0.5126811594202898,0.7880434782608696,0.6539855072463768,0.6162570888468809
0.2088,0.6098456206679269,0.049318511059702565,0.4746376811594203,0.5144927536231884,0.786231884057971,0.657608695652174,0.616257088846881
0.209,0.6094833018273471,0.04940636407896937,0.47644927536231885,0.5108695652173912,0.786231884057971,0.657608695652174,0.6162570888468808
0.2092,0.6105860113421551,0.05129822813335964,0.46739130434782605,0.5108695652173912,0.7898550724637681,0.6666666666666667,0.6181474480151229
0.2094,0.6127441713925645,0.05108496537844683,0.4692028985507246,0.5163043478260869,0.7916666666666666,0.6702898550724637,0.6162570888468809
0.2096,0.6131222432262129,0.05109128391833184,0.4692028985507246,0.5163043478260869,0.7916666666666666,0.6702898550724637,0.6181474480151229
0.2098,0.6160365469439194,0.05114871629281904,0.4692028985507246,0.5235507246376812,0.7952898550724637,0.6721014492753623,0.6200378071833648
0.21,0.6152961562696911,0.05052996612127941,0.47282608695652173,0.5217391304347826,0.7934782608695652,0.6702898550724636,0.6181474480151228
0.2102,0.6166824196597352,0.050811139829832,0.47644927536231885,0.5217391304347826,0.7952898550724637,0.6793478260869565,0.610586011342155
0.2104,0.6177693761814745,0.05092823231209407,0.4746376811594203,0.5253623188405797,0.7952898550724639,0.6829710144927537,0.610586011342155
0.2106,0.6169974795211091,0.05136545769358177,0.47282608695652173,0.5253623188405797,0.7952898550724639,0.6865942028985508,0.6049149338374291
0.2108,0.619580970384373,0.05171594334092237,0.47101449275362317,0.5289855072463768,0.7971014492753623,0.6902173913043478,0.610586011342155
0.211,0.619187145557656,0.05178928375510345,0.47463768115942023,0.5235507246376812,0.7952898550724639,0.6956521739130436,0.606805293005671
0.2112,0.6210144927536232,0.05272305612275255,0.47463768115942023,0.5217391304347826,0.7989130434782608,0.7010869565217391,0.6086956521739131
0.2114,0.6231726528040328,0.05348197244811221,0.47644927536231885,0.5217391304347827,0.8025362318840579,0.7083333333333334,0.6068052930056711
0.2116,0.6253623188405797,0.05359723226089334,0.4782608695652173,0.5235507246376812,0.8043478260869565,0.7119565217391304,0.6086956521739131
0.2118,0.6245904221802142,0.05487174027334894,0.4764492753623188,0.519927536231884,0.8079710144927537,0.7155797101449275,0.6030245746691871
0.212,0.6242596093257718,0.056426476176310206,0.47101449275362317,0.5163043478260869,0.8152173913043479,0.7119565217391304,0.6068052930056711
0.2122,0.6239130434782608,0.057599807900680866,0.47101449275362317,0.5090579710144927,0.8206521739130435,0.7101449275362318,0.608695652173913
0.2124,0.6246691871455577,0.05708059769781602,0.4746376811594203,0.5072463768115942,0.818840579710145,0.7101449275362318,0.6124763705103969
0.2126,0.6269061121613106,0.05877607601452647,0.47101449275362317,0.5036231884057971,0.8242753623188406,0.7155797101449275,0.6200378071833648
0.2128,0.6269061121613106,0.05834117271770129,0.47282608695652173,0.5036231884057971,0.8224637681159421,0.7155797101449275,0.6200378071833648
0.213,0.626543793320731,0.05936378525141599,0.4692028985507246,0.5018115942028986,0.8260869565217392,0.7155797101449276,0.6200378071833648
0.2132,0.6244486452425961,0.0597372232629812,0.46376811594202894,0.4963768115942029,0.8242753623188406,0.7083333333333334,0.6294896030245747
0.2134,0.6233144297416509,0.05995046350319335,0.4655797101449275,0.4927536231884058,0.8242753623188406,0.7101449275362319,0.6238185255198487
0.2136,0.6248109640831758,0.059633198599074726,0.46739130434782605,0.49275362318840576,0.8224637681159421,0.7119565217391305,0.6294896030245747
0.2138,0.6237240075614368,0.059063151332814826,0.46739130434782605,0.4945652173913043,0.8224637681159421,0.7047101449275363,0.6294896030245747
0.214,0.6259294265910522,0.05962487441271035,0.46739130434782605,0.4945652173913043,0.8242753623188406,0.7101449275362318,0.6332703213610585
0.2142,0.6244486452425961,0.0595280908827576,0.46739130434782605,0.49275362318840576,0.8224637681159421,0.7101449275362318,0.6294896030245747
0.2144,0.6240390674228105,0.05940815814374948,0.47101449275362317,0.4909420289855072,0.8224637681159421,0.7119565217391304,0.6238185255198488
0.2146,0.6237240075614366,0.059293853250979585,0.4692028985507246,0.4909420289855072,0.8224637681159421,0.7065217391304348,0.6294896030245747
0.2148,0.6230466288594834,0.059905061496339715,0.47101449275362317,0.48369565217391297,0.8260869565217391,0.6992753623188406,0.6351606805293005
0.215,0.6219124133585382,0.06026552621212273,0.4782608695652174,0.4746376811594203,0.8278985507246377,0.6992753623188406,0.6294896030245747
0.2152,0.6207939508506616,0.05973230289688853,0.47644927536231885,0.47826086956521735,0.8260869565217392,0.697463768115942,0.6257088846880907
0.2154,0.6222589792060491,0.060598962964897855,0.4746376811594203,0.47826086956521735,0.8297101449275363,0.7010869565217391,0.6275992438563327
0.2156,0.6222432262129804,0.06201113648152147,0.47282608695652173,0.4764492753623188,0.838768115942029,0.697463768115942,0.6257088846880907
0.2158,0.6218809073724008,0.06192402231663936,0.47282608695652173,0.47644927536231885,0.838768115942029,0.6956521739130435,0.6257088846880907
0.216,0.620778197857593,0.061921838223439975,0.4746376811594203,0.4746376811594203,0.8405797101449276,0.6902173913043479,0.6238185255198487
0.2162,0.6200850661625708,0.06230857639663284,0.47644927536231885,0.4692028985507246,0.8423913043478262,0.6847826086956521,0.6275992438563327
0.2164,0.6215343415248897,0.06420997270664942,0.4746376811594203,0.46739130434782605,0.8532608695652174,0.6847826086956522,0.6275992438563327
0.2166,0.6219439193446755,0.06456762883871091,0.4782608695652174,0.46195652173913043,0.855072463768116,0.681159420289855,0.6332703213610585
0.2168,0.6193604284814114,0.06510921322232496,0.4710144927536232,0.4655797101449275,0.8586956521739131,0.6739130434782609,0.6275992438563327
0.217,0.6175015752993069,0.06519143327257187,0.4692028985507246,0.4655797101449275,0.8586956521739131,0.6721014492753623,0.6219281663516069
0.2172,0.6152961562696911,0.06517092396820864,0.46739130434782605,0.4655797101449275,0.8586956521739131,0.6666666666666667,0.6181474480151229
0.2174,0.6156584751102709,0.0652288230181308,0.47101449275362317,0.46376811594202894,0.8605072463768116,0.6648550724637681,0.6181474480151228
0.2176,0.6145400126023944,0.06496404236695445,0.4728260869565218,0.4619565217391304,0.8586956521739131,0.6648550724637682,0.6143667296786389
0.2178,0.6108695652173913,0.06483665028617581,0.4746376811594203,0.45652173913043476,0.8568840579710145,0.657608695652174,0.608695652173913
0.218,0.6086326402016383,0.0651684755172107,0.47101449275362317,0.4583333333333333,0.8586956521739131,0.6539855072463768,0.6011342155009451
0.2182,0.6075614366729679,0.064961090273485,0.4692028985507246,0.46014492753623193,0.8586956521739131,0.6467391304347826,0.6030245746691871
0.2184,0.60502520478891,0.06524584170116215,0.46739130434782616,0.45471014492753625,0.8568840579710144,0.6431159420289855,0.6030245746691871
0.2186,0.5995589161940769,0.06565077201928014,0.4619565217391305,0.447463768115942,0.8532608695652175,0.6358695652173912,0.5992438563327033
0.2188,0.5962665406427221,0.06540732792801322,0.4619565217391304,0.447463768115942,0.8532608695652173,0.6231884057971014,0.5954631379962193
0.219,0.5965973534971645,0.06538746017421064,0.46376811594202905,0.4492753623188406,0.855072463768116,0.6231884057971014,0.5916824196597353
0.2192,0.5932734719596723,0.06523012715476091,0.4655797101449275,0.44565217391304346,0.8532608695652173,0.6177536231884058,0.5841209829867674
0.2194,0.5902804032766225,0.06596732225233971,0.46376811594202894,0.44565217391304346,0.8568840579710146,0.6123188405797101,0.5727788279773156
0.2196,0.5866099558916195,0.06652065609401872,0.46376811594202905,0.4420289855072464,0.8586956521739131,0.6014492753623187,0.5671077504725898
0.2198,0.5862476370510397,0.06638673879664202,0.46739130434782605,0.4402173913043478,0.8586956521739131,0.5978260869565217,0.5671077504725898
0.22,0.5862161310649023,0.06675551063016029,0.47101449275362317,0.4402173913043479,0.8623188405797102,0.5942028985507246,0.5633270321361058
0.2202,0.5836326402016383,0.06694154434311464,0.46920289855072467,0.4402173913043479,0.8623188405797102,0.588768115942029,0.55765595463138
0.2204,0.5802772526780089,0.0663759327167282,0.46920289855072467,0.44202898550724634,0.8586956521739131,0.5851449275362319,0.5463137996219282
0.2206,0.5817737870195338,0.06694445803437385,0.46195652173913043,0.44384057971014496,0.8605072463768115,0.5905797101449275,0.551984877126654
0.2208,0.581064902331443,0.06759997320657943,0.45652173913043476,0.44384057971014496,0.8623188405797102,0.5887681159420289,0.5538752362948961
0.221,0.579221802142407,0.06748657759257572,0.45471014492753625,0.4438405797101449,0.8605072463768116,0.5869565217391304,0.5500945179584121
0.2212,0.5762759924385633,0.06772497569274212,0.45652173913043476,0.4402173913043479,0.8605072463768116,0.5797101449275363,0.5444234404536861
0.2214,0.5748109640831759,0.0674940527799999,0.46014492753623193,0.4365942028985508,0.8586956521739131,0.5760869565217391,0.5425330812854442
0.2216,0.5729521109010711,0.06718142146927039,0.4619565217391305,0.43659420289855067,0.8568840579710145,0.572463768115942,0.5368620037807184
0.2218,0.5722747321991178,0.06723422692661699,0.4619565217391304,0.4347826086956522,0.8568840579710145,0.5652173913043478,0.5425330812854442
0.222,0.5719281663516067,0.06679565686366822,0.46376811594202894,0.43478260869565216,0.855072463768116,0.5615942028985508,0.5444234404536862
0.2222,0.5708097038437303,0.06801890310718149,0.45833333333333326,0.4365942028985508,0.8605072463768116,0.5579710144927537,0.5406427221172023
0.2224,0.5685885318210461,0.06847867362790498,0.45652173913043476,0.43840579710144933,0.8623188405797101,0.5507246376811594,0.5349716446124764
0.2226,0.5674858223062381,0.0682245867400732,0.45652173913043476,0.4384057971014492,0.8605072463768115,0.5489130434782608,0.5330812854442344
0.2228,0.5641934467548835,0.06887153801456522,0.4528985507246377,0.43478260869565216,0.8605072463768115,0.5434782608695652,0.5293005671077505
0.223,0.5656584751102709,0.06815302141901948,0.45833333333333326,0.43478260869565216,0.8586956521739131,0.5452898550724637,0.5311909262759925
0.2232,0.5638311279143037,0.06761314773205028,0.4583333333333333,0.4347826086956521,0.8550724637681159,0.5416666666666666,0.5293005671077505
0.2234,0.5637838689350977,0.0673531829586463,0.4601449275362318,0.4384057971014493,0.855072463768116,0.5416666666666666,0.5236294896030246
0.2236,0.56411468178954,0.06696464131729572,0.4619565217391304,0.4438405797101449,0.8550724637681161,0.5398550724637681,0.5198487712665407
0.2238,0.563768115942029,0.06707381970996727,0.4619565217391304,0.44202898550724634,0.855072463768116,0.5380434782608695,0.5217391304347826
0.224,0.5644770006301196,0.06817117387912143,0.4619565217391304,0.4402173913043478,0.8605072463768115,0.5398550724637681,0.5198487712665406
0.2242,0.5659420289855073,0.0677731894556373,0.4655797101449275,0.44202898550724634,0.8605072463768115,0.5398550724637682,0.5217391304347826
0.2244,0.5658947700063012,0.06675557382589355,0.4655797101449275,0.4492753623188406,0.8568840579710145,0.5416666666666666,0.5160680529300566
0.2246,0.5678008821676118,0.06619771473382227,0.4655797101449275,0.45471014492753625,0.8568840579710145,0.5344202898550725,0.5274102079395085
0.2248,0.5692974165091368,0.06613714892522207,0.46739130434782605,0.45108695652173914,0.8568840579710145,0.5380434782608695,0.5330812854442344
0.225,0.5697069943289226,0.06546822245673731,0.4655797101449275,0.4583333333333333,0.855072463768116,0.5307971014492754,0.5387523629489603
0.2252,0.5719281663516067,0.06500078714857369,0.4655797101449275,0.463768115942029,0.855072463768116,0.5307971014492754,0.5444234404536861
0.2254,0.5734247006931318,0.06435629392051709,0.4655797101449275,0.4673913043478261,0.8532608695652174,0.5307971014492754,0.550094517958412
0.2256,0.5730466288594832,0.06525543320019422,0.46376811594202894,0.4655797101449275,0.8568840579710144,0.5307971014492754,0.54820415879017
0.2258,0.5745274102079395,0.06424016260505848,0.46376811594202894,0.4692028985507246,0.8532608695652174,0.5344202898550725,0.5519848771266541
0.226,0.5759924385633269,0.06465570858951435,0.46376811594202894,0.47282608695652173,0.8568840579710144,0.532608695652174,0.553875236294896
0.2262,0.5789067422810334,0.06349446808937577,0.4692028985507246,0.4782608695652174,0.855072463768116,0.5362318840579711,0.555765595463138
0.2264,0.5767013232514178,0.0633876067321267,0.4692028985507246,0.4782608695652174,0.8532608695652174,0.5307971014492754,0.551984877126654
0.2266,0.5763547574039067,0.06396463836044705,0.46739130434782605,0.47644927536231885,0.855072463768116,0.5289855072463768,0.553875236294896
0.2268,0.5764177693761814,0.06391024195290554,0.46739130434782605,0.47101449275362317,0.8532608695652174,0.5289855072463768,0.5614366729678638
0.227,0.5794265910523,0.0628324182489652,0.47282608695652173,0.47101449275362317,0.8496376811594204,0.5289855072463768,0.5746691871455576
0.2272,0.5820100819155639,0.06238838174636234,0.4746376811594203,0.4746376811594203,0.8496376811594204,0.5307971014492754,0.5803402646502835
0.2274,0.5827977315689982,0.0618493459366017,0.47644927536231885,0.47101449275362317,0.8460144927536233,0.532608695652174,0.5879017013232514
0.2276,0.5871928166351607,0.06123108363696098,0.48369565217391297,0.47644927536231885,0.8478260869565218,0.5344202898550725,0.5935727788279773
0.2278,0.5876181474480151,0.060740655334394024,0.48550724637681153,0.4746376811594203,0.8442028985507246,0.532608695652174,0.6011342155009451
0.228,0.5883900441083806,0.06097721088481515,0.48007246376811596,0.47644927536231885,0.8442028985507246,0.5344202898550725,0.606805293005671
0.2282,0.5898550724637681,0.06043799734264306,0.4873188405797101,0.48007246376811596,0.8442028985507246,0.5289855072463767,0.6086956521739131
0.2284,0.5887681159420289,0.060229990485083304,0.4873188405797101,0.4818840579710145,0.8423913043478259,0.5235507246376812,0.608695652173913
0.2286,0.5931947069943289,0.06039231344416882,0.48913043478260865,0.48731884057971014,0.8460144927536232,0.5253623188405797,0.6181474480151229
0.2288,0.5954158790170132,0.060075053079049354,0.4909420289855072,0.49275362318840576,0.8460144927536232,0.5235507246376812,0.6238185255198487
0.229,0.5961562696912412,0.0599882762587025,0.4909420289855072,0.4945652173913043,0.8460144927536232,0.5235507246376812,0.6257088846880907
0.2292,0.5976528040327663,0.05909686755217765,0.4963768115942029,0.49637681159420294,0.8423913043478262,0.5217391304347826,0.6313799621928167
0.2294,0.598408947700063,0.059220236711505385,0.4945652173913043,0.4963768115942029,0.8423913043478262,0.5235507246376812,0.6351606805293005
0.2296,0.5988185255198488,0.05920232840213359,0.4963768115942029,0.4927536231884058,0.8405797101449276,0.5235507246376812,0.6408317580340264
0.2298,0.600299306868305,0.058705344157387776,0.4963768115942029,0.4945652173913044,0.838768115942029,0.5271739130434783,0.6446124763705103
0.23,0.6014177693761814,0.05740151002392756,0.5036231884057971,0.4963768115942029,0.8333333333333334,0.5253623188405797,0.6483931947069943
0.2302,0.5992123503465658,0.05775100800000418,0.49818840579710144,0.49637681159420294,0.8333333333333334,0.5235507246376812,0.6446124763705103
0.2304,0.5999684940138627,0.058296352914444044,0.4945652173913043,0.49818840579710144,0.8351449275362318,0.5235507246376812,0.6483931947069943
0.2306,0.6014177693761814,0.05658381521280928,0.5,0.5018115942028986,0.8297101449275363,0.5271739130434783,0.6483931947069943
0.2308,0.6021109010712035,0.05599322709382203,0.5,0.5072463768115942,0.8297101449275363,0.5289855072463768,0.6446124763705103
0.231,0.5995589161940769,0.05535492379921862,0.49818840579710144,0.5090579710144928,0.8242753623188406,0.5235507246376812,0.6427221172022684
0.2312,0.598408947700063,0.05514059567550238,0.4927536231884058,0.5108695652173914,0.8242753623188406,0.5289855072463767,0.6351606805293005
0.2314,0.5947227473219913,0.05532981144226773,0.4855072463768116,0.5090579710144928,0.822463768115942,0.5289855072463768,0.6275992438563327
0.2316,0.5939666036546944,0.055367447918098014,0.48188405797101447,0.5090579710144927,0.822463768115942,0.532608695652174,0.6238185255198487
0.2318,0.5902961562696911,0.05479938793774662,0.4800724637681159,0.5054347826086957,0.8170289855072463,0.5307971014492754,0.6181474480151229
0.232,0.5891304347826087,0.05443326617325653,0.4782608695652174,0.5126811594202898,0.8170289855072463,0.5289855072463769,0.608695652173913
0.2322,0.586231884057971,0.05494024937957925,0.47282608695652173,0.5090579710144928,0.8152173913043478,0.5253623188405797,0.608695652173913
0.2324,0.5855072463768116,0.05562367174722594,0.4692028985507246,0.5090579710144928,0.8170289855072463,0.5235507246376812,0.608695652173913
0.2326,0.5829080025204789,0.05532132508302009,0.47101449275362317,0.5072463768115942,0.8152173913043478,0.519927536231884,0.6011342155009451
0.2328,0.5814902331442974,0.05614158807536195,0.46376811594202905,0.5072463768115941,0.8152173913043478,0.5163043478260869,0.6049149338374291
0.233,0.5800094517958412,0.05612635755216548,0.45652173913043476,0.5144927536231884,0.8134057971014493,0.5144927536231885,0.6011342155009451
0.2332,0.5785129174543163,0.05552284213471009,0.4528985507246377,0.5181159420289855,0.8097826086956522,0.5163043478260869,0.5954631379962193
0.2334,0.5740705734089476,0.05623238944363311,0.44565217391304346,0.5181159420289855,0.8097826086956522,0.5126811594202898,0.5841209829867675
0.2336,0.5733616887208569,0.05649815565018215,0.4384057971014493,0.5235507246376812,0.8079710144927537,0.5108695652173914,0.5860113421550095
0.2338,0.5692974165091367,0.055924986434771964,0.4347826086956522,0.519927536231884,0.802536231884058,0.5126811594202898,0.5765595463137996
0.234,0.5663673597983616,0.05617742442269414,0.4311594202898551,0.519927536231884,0.8007246376811594,0.5072463768115942,0.5727788279773157
0.2342,0.5597511027095148,0.056160392857527414,0.4257246376811594,0.5144927536231885,0.7952898550724637,0.5018115942028984,0.5614366729678639
0.2344,0.5593887838689351,0.0551184463754319,0.4257246376811594,0.5163043478260869,0.7898550724637681,0.5036231884057971,0.5614366729678639
0.2346,0.5557340894770005,0.054963191084086406,0.41847826086956524,0.5126811594202898,0.7844202898550725,0.5054347826086957,0.55765595463138
0.2348,0.5534971644612476,0.05559488322200004,0.411231884057971,0.5163043478260869,0.7844202898550725,0.5054347826086957,0.550094517958412
0.235,0.5519848771266541,0.056060017761300596,0.4057971014492754,0.5217391304347827,0.7844202898550725,0.5054347826086957,0.5425330812854442
0.2352,0.551638311279143,0.05602581871855116,0.40760869565217395,0.519927536231884,0.7844202898550725,0.5018115942028986,0.5444234404536862
0.2354,0.5530245746691872,0.05495374406599714,0.4130434782608696,0.5271739130434783,0.782608695652174,0.5054347826086957,0.5368620037807184
0.2356,0.5504725897920605,0.05450402382628441,0.40942028985507245,0.5271739130434783,0.7771739130434783,0.5036231884057971,0.5349716446124764
0.2358,0.5497321991178324,0.05440618858404958,0.41123188405797095,0.5235507246376812,0.7771739130434782,0.5036231884057971,0.5330812854442344
0.236,0.5471487082545683,0.05436852751310797,0.411231884057971,0.5235507246376812,0.7753623188405796,0.49818840579710144,0.5274102079395084
0.2362,0.5405639571518589,0.05236001533338633,0.4076086956521739,0.5253623188405797,0.7590579710144928,0.49094202898550726,0.5198487712665406
0.2364,0.5365154379332073,0.05111723963378753,0.40760869565217395,0.5253623188405797,0.75,0.48731884057971014,0.5122873345935728
0.2366,0.5336011342155009,0.050644123931898447,0.4057971014492754,0.5253623188405797,0.7445652173913043,0.4818840579710145,0.5103969754253308
0.2368,0.5299464398235665,0.05099830678740526,0.39855072463768115,0.5253623188405797,0.7409420289855073,0.4782608695652174,0.5066162570888468
0.237,0.5259294265910522,0.05088501282522499,0.3931159420289855,0.5235507246376812,0.7355072463768115,0.47463768115942034,0.502835538752363
0.2372,0.5255671077504726,0.05084814147477749,0.3949275362318841,0.5235507246376812,0.7355072463768115,0.47101449275362317,0.502835538752363
0.2374,0.523708254568368,0.050772632250896794,0.39311594202898553,0.5217391304347825,0.733695652173913,0.47282608695652173,0.497164461247637
0.2376,0.5251102709514808,0.049852005592993895,0.39492753623188404,0.5289855072463767,0.730072463768116,0.4800724637681159,0.4914933837429112
0.2378,0.5229206049149339,0.04914404669944694,0.39492753623188404,0.5289855072463768,0.7246376811594203,0.47644927536231885,0.4896030245746692
0.238,0.5181789540012602,0.048647647316750725,0.3858695652173913,0.5253623188405797,0.7155797101449275,0.4782608695652174,0.48582230623818523
0.2382,0.5159577819785759,0.04953983768014529,0.3822463768115942,0.523550724637681,0.717391304347826,0.47644927536231885,0.48015122873345933
0.2384,0.5123188405797101,0.048408292047131714,0.375,0.5181159420289856,0.7065217391304348,0.483695652173913,0.47826086956521735
0.2386,0.5101606805293006,0.047390082799632735,0.37318840579710144,0.5144927536231884,0.6992753623188406,0.483695652173913,0.48015122873345933
0.2388,0.5065217391304347,0.04726448928180589,0.3695652173913044,0.5054347826086957,0.6956521739130436,0.483695652173913,0.4782608695652174
0.239,0.5050567107750472,0.04712677054233615,0.3713768115942029,0.49818840579710144,0.6956521739130435,0.483695652173913,0.4763705103969754
0.2392,0.5013705103969754,0.047988548365307755,0.3659420289855072,0.4945652173913044,0.6956521739130435,0.48188405797101447,0.46880907372400754
0.2394,0.5002835538752363,0.04791153443386039,0.3641304347826087,0.49275362318840576,0.6938405797101449,0.48188405797101447,0.4688090737240076
0.2396,0.49771581600504095,0.04777900197148216,0.36413043478260865,0.48188405797101447,0.6920289855072463,0.4855072463768116,0.46502835538752363
0.2398,0.49873976055450536,0.04717220030969369,0.37137681159420294,0.48188405797101447,0.6920289855072463,0.49094202898550726,0.45746691871455575
0.24,0.49724322621298045,0.04789663800803523,0.3695652173913043,0.48007246376811596,0.6938405797101449,0.49094202898550726,0.45179584120982985
0.2402,0.49538437303087585,0.04663222071027091,0.3695652173913043,0.48007246376811585,0.6847826086956521,0.4963768115942029,0.44612476370510395
0.2404,0.49617202268430993,0.0466256002028537,0.3677536231884058,0.47463768115942023,0.6847826086956521,0.5,0.45368620037807184
0.2406,0.49327347195967236,0.04571775666676215,0.36775362318840576,0.463768115942029,0.677536231884058,0.5036231884057971,0.45368620037807184
0.2408,0.49292690611216133,0.044170361079816416,0.37318840579710144,0.45652173913043476,0.6702898550724639,0.5090579710144927,0.45557655954631376
0.241,0.49146187775677375,0.04536445514909397,0.3713768115942029,0.447463768115942,0.6739130434782608,0.5108695652173914,0.45368620037807184
0.2412,0.4918557025834908,0.04506928068341601,0.375,0.4384057971014492,0.6721014492753623,0.5163043478260869,0.4574669187145558
0.2414,0.49113106490233144,0.043081510552235254,0.38405797101449274,0.4293478260869565,0.661231884057971,0.5235507246376812,0.4574669187145558
0.2416,0.4918714555765596,0.0426131559711926,0.3858695652173913,0.4293478260869565,0.6594202898550725,0.5253623188405796,0.4593572778827978
0.2418,0.4940453686200378,0.043113352520612894,0.3894927536231884,0.427536231884058,0.6630434782608696,0.5307971014492754,0.4593572778827977
0.242,0.4944391934467548,0.04373703617656347,0.3894927536231884,0.42391304347826086,0.6666666666666667,0.5289855072463768,0.46313799621928164
0.2422,0.49557340894770013,0.04408928383073358,0.3913043478260869,0.41666666666666663,0.6666666666666667,0.5344202898550725,0.46880907372400754
0.2424,0.497416509136736,0.04413864633608964,0.3949275362318841,0.41123188405797095,0.6648550724637681,0.5434782608695652,0.4725897920604915
0.2426,0.4974322621298047,0.04468934838235708,0.3949275362318841,0.40579710144927533,0.6648550724637681,0.5471014492753623,0.4744801512287335
0.2428,0.5025677378701954,0.04544642998497502,0.3949275362318841,0.40579710144927533,0.6648550724637681,0.5652173913043478,0.4820415879017014
0.243,0.5026149968494014,0.04530229631041255,0.39855072463768115,0.4003623188405797,0.6648550724637681,0.5615942028985507,0.4877126654064272
0.2432,0.5026465028355387,0.04527880800039177,0.4003623188405797,0.39492753623188404,0.661231884057971,0.5652173913043478,0.4914933837429111
0.2434,0.5052142407057341,0.04511179979546935,0.4057971014492754,0.3949275362318841,0.6630434782608695,0.5670289855072465,0.49527410207939504
0.2436,0.5052299936988028,0.04553524436955917,0.40398550724637683,0.3931159420289855,0.6630434782608695,0.5688405797101449,0.497164461247637
0.2438,0.5056080655324512,0.046645447201968976,0.40217391304347827,0.3894927536231884,0.6666666666666666,0.5706521739130435,0.499054820415879
0.244,0.5074196597353496,0.047334152562412045,0.40398550724637683,0.3876811594202898,0.6684782608695651,0.5778985507246377,0.499054820415879
0.2442,0.5096408317580339,0.047016647122206746,0.4076086956521739,0.3858695652173913,0.6630434782608695,0.5869565217391304,0.5047258979206048
0.2444,0.5125708884688092,0.04689935951579706,0.41304347826086957,0.3858695652173913,0.6630434782608695,0.592391304347826,0.5085066162570888
0.2446,0.5151386263390044,0.04751469568770655,0.4130434782608695,0.38768115942028986,0.6684782608695651,0.5942028985507246,0.5122873345935728
0.2448,0.5184625078764966,0.047673135898022675,0.41666666666666663,0.3876811594202898,0.6702898550724639,0.5978260869565217,0.5198487712665407
0.245,0.5184467548834278,0.04768980477512301,0.42028985507246375,0.3840579710144927,0.6666666666666666,0.6032608695652174,0.5179584120982986
0.2452,0.5209829867674858,0.04648634640371681,0.427536231884058,0.38949275362318836,0.6666666666666666,0.6032608695652174,0.5179584120982986
0.2454,0.5258034026465028,0.04584737311242117,0.427536231884058,0.3967391304347826,0.6648550724637681,0.6086956521739131,0.5311909262759924
0.2456,0.5269218651543793,0.04491209210913614,0.427536231884058,0.40217391304347827,0.6630434782608695,0.6068840579710145,0.5349716446124764
0.2458,0.5291430371770636,0.04474801766051795,0.4257246376811594,0.4076086956521739,0.6648550724637681,0.6068840579710145,0.5406427221172022
0.246,0.533900441083806,0.04321886746592035,0.4257246376811594,0.42391304347826086,0.6648550724637681,0.6086956521739131,0.5463137996219282
0.2462,0.5383585381222432,0.04180935767150907,0.427536231884058,0.4347826086956522,0.6630434782608695,0.6068840579710145,0.5595463137996219
0.2464,0.5401701323251418,0.04118657921336882,0.4311594202898551,0.43840579710144933,0.6630434782608695,0.6086956521739131,0.5595463137996219
0.2466,0.5427063642091998,0.041241945991964006,0.431159420289855,0.4438405797101449,0.6648550724637681,0.6141304347826086,0.5595463137996219
0.2468,0.5416351606805293,0.042041622609270655,0.4257246376811594,0.44202898550724634,0.6648550724637682,0.6141304347826086,0.5614366729678639
0.247,0.5423440453686201,0.04244037365466131,0.4184782608695652,0.45108695652173914,0.6684782608695652,0.6141304347826086,0.5595463137996219
0.2472,0.5452583490863263,0.04259741919167618,0.4184782608695652,0.4565217391304348,0.6702898550724637,0.6195652173913043,0.5614366729678639
0.2474,0.5456049149338374,0.0397739273215255,0.4257246376811594,0.46376811594202894,0.657608695652174,0.6213768115942029,0.5595463137996219
0.2476,0.5467548834278514,0.03928407743520595,0.427536231884058,0.46376811594202894,0.6539855072463768,0.6213768115942029,0.5671077504725899
0.2478,0.549007561436673,0.038844027888289216,0.42391304347826086,0.47282608695652173,0.6503623188405797,0.6213768115942029,0.5765595463137996
0.248,0.5516225582860743,0.03939652931602087,0.4221014492753623,0.4746376811594203,0.644927536231884,0.6304347826086956,0.5860113421550094
0.2482,0.5520163831127914,0.039588231292704695,0.42391304347826086,0.47101449275362317,0.644927536231884,0.6304347826086957,0.5897920604914934
0.2484,0.5571833648393195,0.039905661634757054,0.427536231884058,0.47463768115942023,0.6485507246376812,0.6340579710144928,0.6011342155009451
0.2486,0.5575771896660365,0.04052184268048644,0.4275362318840579,0.47101449275362317,0.6485507246376812,0.6358695652173912,0.6049149338374291
0.2488,0.5593887838689351,0.03962453654365995,0.4257246376811594,0.483695652173913,0.6503623188405797,0.6322463768115941,0.6049149338374291
0.249,0.5601291745431632,0.03773783021443521,0.4311594202898551,0.4891304347826087,0.6376811594202898,0.6358695652173914,0.6068052930056711
0.2492,0.5627441713925646,0.03963948655830977,0.427536231884058,0.48731884057971014,0.6340579710144927,0.6485507246376812,0.6162570888468809
0.2494,0.5605545053560176,0.03876123355832998,0.42934782608695654,0.4855072463768116,0.6268115942028984,0.6467391304347826,0.614366729678639
0.2496,0.5613106490233144,0.03767489326482697,0.42934782608695643,0.4945652173913043,0.6195652173913043,0.644927536231884,0.6181474480151229
0.2498,0.5616729678638941,0.03705853366724438,0.43297101449275355,0.4945652173913043,0.6177536231884058,0.644927536231884,0.6181474480151229
0.25,0.5617044738500315,0.036867897891003094,0.43115942028985504,0.49818840579710144,0.6159420289855072,0.641304347826087,0.6219281663516067
0.2502,0.560979836168872,0.03505629893244804,0.4347826086956521,0.5036231884057971,0.6105072463768115,0.6340579710144928,0.6219281663516067
0.2504,0.5606175173282923,0.035443832525902025,0.427536231884058,0.5126811594202899,0.605072463768116,0.6358695652173912,0.6219281663516067
0.2506,0.5543950850661625,0.03576258073053534,0.42391304347826086,0.5,0.5996376811594203,0.6340579710144927,0.614366729678639
0.2508,0.5551039697542534,0.03499839034714005,0.427536231884058,0.5018115942028986,0.5996376811594203,0.6340579710144927,0.612476370510397
0.251,0.5507246376811594,0.0356585065661365,0.42391304347826086,0.49275362318840576,0.592391304347826,0.6358695652173912,0.6086956521739131
0.2512,0.5500157529930687,0.0354223064565378,0.4221014492753623,0.4945652173913044,0.592391304347826,0.6304347826086957,0.6105860113421551
0.2514,0.5510712035286705,0.03438045607235211,0.4202898550724638,0.5090579710144928,0.5905797101449275,0.6286231884057971,0.6068052930056711
0.2516,0.5510554505356018,0.03390658507276562,0.41847826086956524,0.5181159420289855,0.5851449275362319,0.6286231884057971,0.6049149338374291
0.2518,0.5491965973534972,0.03400927533781114,0.4166666666666667,0.5163043478260869,0.5833333333333333,0.6304347826086957,0.5992438563327033
0.252,0.5448015122873346,0.03381810197389488,0.41304347826086957,0.5126811594202899,0.5778985507246377,0.6268115942028986,0.5935727788279773
0.2522,0.5426118462507876,0.03302448089050338,0.4166666666666667,0.5054347826086957,0.576086956521739,0.6231884057971014,0.5916824196597354
0.2524,0.541099558916194,0.03190813290439937,0.4166666666666667,0.5090579710144928,0.5797101449275361,0.6159420289855072,0.5841209829867675
0.2526,0.5395715185885319,0.031675838623937164,0.41304347826086957,0.5163043478260869,0.5778985507246376,0.6159420289855072,0.5746691871455576
0.2528,0.538074984247007,0.030745828100065334,0.4148550724637681,0.5181159420289855,0.5742753623188406,0.6141304347826086,0.5689981096408318
0.253,0.5369722747321992,0.03145012060272231,0.411231884057971,0.5144927536231885,0.5797101449275363,0.6123188405797102,0.5671077504725898
0.2532,0.5373188405797101,0.031229277943656764,0.411231884057971,0.519927536231884,0.5760869565217391,0.6141304347826086,0.5652173913043478
0.2534,0.5391304347826086,0.0307207066120687,0.41666666666666663,0.519927536231884,0.5760869565217391,0.6177536231884058,0.5652173913043479
0.2536,0.5372873345935728,0.030801098662947286,0.4148550724637681,0.516304347826087,0.5797101449275363,0.6141304347826086,0.5614366729678639
0.2538,0.5372715816005041,0.03016177332917265,0.41847826086956524,0.516304347826087,0.5760869565217391,0.6159420289855072,0.5595463137996219
0.254,0.5346565847511027,0.029936340791882725,0.41847826086956524,0.5126811594202899,0.5778985507246377,0.6141304347826086,0.550094517958412
0.2542,0.5310018903591682,0.030502209330673897,0.4130434782608695,0.5090579710144927,0.572463768115942,0.6141304347826086,0.5463137996219282
0.2544,0.5291430371770636,0.030614052381522004,0.41304347826086957,0.5054347826086957,0.5706521739130435,0.6159420289855072,0.5406427221172023
0.2546,0.5273314429741651,0.02941314565140553,0.41304347826086957,0.5090579710144928,0.5652173913043478,0.6086956521739131,0.5406427221172023
0.2548,0.5277095148078135,0.028704351668458944,0.41485507246376807,0.5126811594202898,0.5615942028985507,0.6068840579710145,0.5425330812854443
0.255,0.5279930686830498,0.028015028270191394,0.4184782608695652,0.5163043478260869,0.5670289855072463,0.605072463768116,0.5330812854442344
0.2552,0.5287019533711406,0.027894690929857593,0.4202898550724638,0.5181159420289856,0.5670289855072463,0.6068840579710145,0.5311909262759924
0.2554,0.5276149968494014,0.028101605338955636,0.41847826086956524,0.5181159420289856,0.5615942028985508,0.6086956521739131,0.5311909262759924
0.2556,0.5265437933207309,0.026671757241418084,0.4221014492753623,0.5181159420289856,0.556159420289855,0.6032608695652174,0.5330812854442344
0.2558,0.5261184625078765,0.026676944705082698,0.4221014492753623,0.5199275362318841,0.5615942028985508,0.6014492753623188,0.5255198487712666
0.256,0.5257718966603655,0.02579094919880366,0.42391304347826086,0.519927536231884,0.5615942028985508,0.5960144927536232,0.5274102079395084
0.2562,0.5250787649653434,0.025175891200373387,0.42391304347826086,0.5181159420289855,0.5634057971014492,0.588768115942029,0.5311909262759924
0.2564,0.5243383742911154,0.025655982441688645,0.4221014492753623,0.5163043478260869,0.5634057971014492,0.5905797101449276,0.5293005671077505
0.2566,0.5224165091367359,0.024680537553512464,0.42391304347826086,0.5235507246376812,0.5670289855072463,0.5815217391304348,0.5160680529300568
0.2568,0.5249369880277253,0.024836266990876994,0.427536231884058,0.5253623188405797,0.5760869565217391,0.5815217391304348,0.5141776937618148
0.257,0.5249684940138627,0.024524106612153245,0.427536231884058,0.5253623188405797,0.5706521739130435,0.5833333333333333,0.5179584120982987
0.2572,0.5275519848771266,0.024078834065202358,0.43297101449275355,0.5217391304347826,0.5742753623188406,0.5851449275362319,0.5236294896030246
0.2574,0.525393824826717,0.023553528398179563,0.42934782608695654,0.5253623188405797,0.5688405797101449,0.5778985507246377,0.5255198487712665
0.2576,0.5276465028355388,0.023433899609499795,0.4311594202898551,0.5235507246376812,0.5742753623188406,0.5742753623188406,0.5349716446124764
0.2578,0.5261657214870825,0.02372667893456128,0.42934782608695654,0.5217391304347826,0.5778985507246377,0.5706521739130435,0.5311909262759924
0.258,0.527284183994959,0.023958314867224165,0.42934782608695654,0.5217391304347826,0.5815217391304348,0.5688405797101449,0.5349716446124764
0.2582,0.5288122243226214,0.024163092893293627,0.42934782608695654,0.519927536231884,0.5815217391304348,0.5688405797101449,0.5444234404536863
0.2584,0.5273314429741651,0.02228257389314827,0.4365942028985507,0.5181159420289855,0.5797101449275363,0.5615942028985508,0.5406427221172023
0.2586,0.5291745431632011,0.022576172711149492,0.4384057971014493,0.516304347826087,0.5833333333333334,0.5634057971014493,0.5444234404536863
0.2588,0.5328607435412729,0.022170538808095348,0.44384057971014496,0.5181159420289856,0.5851449275362319,0.5652173913043479,0.551984877126654
0.259,0.5339319470699433,0.02159522656601671,0.447463768115942,0.5217391304347826,0.588768115942029,0.5615942028985507,0.5500945179584121
0.2592,0.5347038437303088,0.02048850532882315,0.4528985507246377,0.5217391304347826,0.5869565217391304,0.5561594202898551,0.555765595463138
0.2594,0.5351134215500946,0.02084724462673437,0.45289855072463775,0.519927536231884,0.5887681159420289,0.552536231884058,0.5614366729678639
0.2596,0.534341524889729,0.019728320477009717,0.45471014492753625,0.5253623188405797,0.5851449275362318,0.5507246376811594,0.555765595463138
0.2598,0.5351291745431632,0.019280826941915342,0.45833333333333337,0.5235507246376812,0.5833333333333333,0.5471014492753623,0.5633270321361059
0.26,0.5318683049779458,0.018860386985124784,0.4583333333333333,0.5163043478260869,0.5778985507246376,0.5434782608695652,0.5633270321361059
0.2602,0.5347983616887209,0.018561015807603574,0.46376811594202894,0.5144927536231885,0.5778985507246377,0.5507246376811594,0.5671077504725898
0.2604,0.5351921865154379,0.018247085658032854,0.4692028985507246,0.5090579710144927,0.5778985507246377,0.5489130434782609,0.5708884688090737
0.2606,0.5326086956521741,0.018014207093704424,0.46557971014492755,0.5090579710144928,0.5742753623188406,0.5489130434782609,0.5652173913043479
0.2608,0.5370195337114051,0.018847690923510935,0.4692028985507246,0.5090579710144928,0.5815217391304348,0.5525362318840579,0.5727788279773157
0.261,0.5396187775677379,0.018568055001587886,0.47644927536231885,0.5072463768115942,0.5815217391304348,0.5525362318840579,0.5803402646502837
0.2612,0.5403749212350346,0.018380841809742088,0.4818840579710145,0.5054347826086957,0.5833333333333333,0.5471014492753623,0.5841209829867675
0.2614,0.5411468178954001,0.01850062249821383,0.4891304347826087,0.5018115942028986,0.5851449275362318,0.5398550724637681,0.5897920604914935
0.2616,0.5404064272211719,0.018594898677871105,0.49094202898550726,0.4963768115942029,0.5851449275362318,0.5416666666666666,0.5879017013232514
0.2618,0.543635790800252,0.017312933561170307,0.5018115942028987,0.49818840579710144,0.5887681159420289,0.5452898550724639,0.5841209829867675
0.262,0.5432892249527409,0.017021946938515123,0.5072463768115942,0.4963768115942029,0.5869565217391304,0.5398550724637681,0.5860113421550095
0.2622,0.5414776307498425,0.017217316632554294,0.5054347826086956,0.49275362318840576,0.5833333333333333,0.5398550724637681,0.5860113421550095
0.2624,0.5444076874606175,0.01732044847385603,0.5108695652173914,0.4945652173913043,0.5869565217391304,0.5398550724637681,0.5897920604914934
0.2626,0.5439981096408318,0.016186805572987926,0.5163043478260869,0.4963768115942028,0.5869565217391305,0.536231884057971,0.5841209829867675
0.2628,0.5487712665406428,0.017509186409398875,0.519927536231884,0.49999999999999994,0.5978260869565217,0.5344202898550725,0.5916824196597353
0.263,0.551291745431632,0.018283890409406253,0.5307971014492754,0.4963768115942029,0.6068840579710145,0.5326086956521738,0.5897920604914934
0.2632,0.5531190926275993,0.018779227543648008,0.5398550724637681,0.4927536231884058,0.6086956521739131,0.5326086956521738,0.5916824196597353
0.2634,0.552331442974165,0.017874873408178477,0.5380434782608696,0.49456521739130427,0.6086956521739131,0.536231884057971,0.5841209829867675
0.2636,0.5526465028355387,0.01691138797429122,0.5398550724637681,0.4981884057971014,0.6086956521739131,0.5380434782608696,0.5784499054820416
0.2638,0.5508034026465027,0.01708551356635002,0.5416666666666667,0.4963768115942029,0.6086956521739131,0.532608695652174,0.5746691871455576
0.264,0.5529773156899811,0.01742135176794683,0.5434782608695652,0.49275362318840576,0.6105072463768115,0.5434782608695652,0.5746691871455576
0.2642,0.5536862003780718,0.019365735576988584,0.5398550724637681,0.4891304347826087,0.6213768115942029,0.5452898550724637,0.5727788279773157
0.2644,0.5507718966603655,0.01999292032265853,0.5452898550724637,0.47826086956521735,0.6159420289855073,0.5434782608695652,0.5708884688090737
0.2646,0.5503308128544424,0.018657583236851603,0.5525362318840579,0.4818840579710145,0.6123188405797102,0.5434782608695652,0.5614366729678639
0.2648,0.5510239445494645,0.01867085781959577,0.5597826086956521,0.4818840579710144,0.6123188405797102,0.5434782608695652,0.55765595463138
0.265,0.5535129174543163,0.01809288140757238,0.5634057971014492,0.4891304347826087,0.6159420289855072,0.5471014492753623,0.551984877126654
0.2652,0.5523787019533711,0.018947439170276432,0.5652173913043478,0.48550724637681153,0.6177536231884058,0.5471014492753623,0.5463137996219282
0.2654,0.5508349086326402,0.01913988787499249,0.5706521739130436,0.4836956521739131,0.6141304347826086,0.5507246376811594,0.5349716446124764
0.2656,0.5522369250157529,0.01904285240505169,0.5778985507246377,0.4855072463768116,0.6105072463768116,0.5579710144927537,0.5293005671077504
0.2658,0.5543635790800252,0.02194504905285904,0.5833333333333334,0.4818840579710145,0.625,0.5579710144927537,0.5236294896030245
0.266,0.5524889729048519,0.02356808446550399,0.5869565217391305,0.4746376811594203,0.625,0.5597826086956521,0.5160680529300568
0.2662,0.5483774417139256,0.025418316152011403,0.5851449275362319,0.4692028985507246,0.6268115942028986,0.5597826086956521,0.500945179584121
0.2664,0.5446754883427852,0.026125315775945353,0.5851449275362318,0.46557971014492755,0.6231884057971014,0.5579710144927537,0.4914933837429112
0.2666,0.5438563327032135,0.02718053214728441,0.592391304347826,0.46739130434782605,0.6213768115942029,0.5579710144927535,0.4801512287334594
0.2668,0.5430844360428481,0.028171029540111303,0.592391304347826,0.4655797101449275,0.6231884057971014,0.5597826086956521,0.47448015122873344
0.267,0.5419187145557656,0.029777585745285575,0.5960144927536232,0.46376811594202894,0.625,0.5597826086956522,0.46502835538752363
0.2672,0.5422652804032767,0.030549920432966286,0.5960144927536232,0.46376811594202894,0.6304347826086957,0.5579710144927537,0.46313799621928164
0.2674,0.5418399495904221,0.030331670445275353,0.5942028985507246,0.47282608695652173,0.6304347826086956,0.5561594202898551,0.45557655954631376
0.2676,0.5399495904221803,0.0315257452217815,0.5960144927536232,0.47282608695652173,0.6304347826086957,0.5543478260869565,0.44612476370510395
0.2678,0.5432104599873975,0.03216849591490818,0.5996376811594203,0.47644927536231885,0.6358695652173912,0.5579710144927537,0.44612476370510395
0.268,0.5424228103339636,0.03406032878142722,0.5960144927536232,0.4746376811594203,0.6449275362318841,0.5579710144927537,0.43856332703213613
0.2682,0.5445967233774418,0.03443175770975982,0.5996376811594203,0.47644927536231885,0.6467391304347826,0.5615942028985508,0.43856332703213613
0.2684,0.5452583490863264,0.035623446676594964,0.5996376811594203,0.4782608695652174,0.6485507246376813,0.568840579710145,0.4310018903591683
0.2686,0.5455576559546313,0.03692438804733666,0.5978260869565217,0.48188405797101447,0.6539855072463768,0.5706521739130435,0.42344045368620037
0.2688,0.5465973534971644,0.03774787014034168,0.6014492753623188,0.48731884057971014,0.6557971014492754,0.5706521739130435,0.41776937618147447
0.269,0.550252047889099,0.037221925929242616,0.608695652173913,0.4945652173913043,0.6557971014492754,0.5706521739130436,0.42155009451795844
0.2692,0.5523944549464399,0.037317144218431894,0.6068840579710145,0.5036231884057971,0.6557971014492754,0.5778985507246377,0.4177693761814745
0.2694,0.5505986137366099,0.03670735795424952,0.5996376811594203,0.5036231884057971,0.657608695652174,0.572463768115942,0.41965973534971646
0.2696,0.549858223062382,0.03705255334708033,0.5996376811594203,0.5,0.6557971014492754,0.5760869565217391,0.4177693761814745
0.2698,0.5494801512287334,0.03757855546414945,0.5960144927536232,0.5018115942028986,0.661231884057971,0.572463768115942,0.4158790170132325
0.27,0.5505513547574038,0.03801054840729005,0.6014492753623188,0.5018115942028986,0.6594202898550724,0.5760869565217391,0.4139886578449905
0.2702,0.5490705734089477,0.03825372323431862,0.5996376811594203,0.5018115942028987,0.6576086956521738,0.5760869565217392,0.41020793950850665
0.2704,0.5483459357277883,0.03810854086731026,0.5978260869565217,0.5018115942028986,0.657608695652174,0.5742753623188407,0.4102079395085066
0.2706,0.549102079395085,0.03706993980819624,0.5960144927536233,0.5036231884057971,0.6539855072463768,0.5778985507246377,0.4139886578449905
0.2708,0.5501890359168241,0.03746897269382956,0.5905797101449275,0.5054347826086957,0.6594202898550725,0.5815217391304348,0.4139886578449905
0.271,0.5473219911783239,0.036280120489363216,0.5815217391304348,0.5054347826086956,0.6594202898550725,0.572463768115942,0.4177693761814745
0.2712,0.5436672967863895,0.03631708701863647,0.5742753623188406,0.5036231884057971,0.6576086956521738,0.5688405797101449,0.4139886578449906
0.2714,0.5429584120982986,0.03578280915343239,0.5615942028985507,0.5108695652173914,0.661231884057971,0.5652173913043478,0.4158790170132325
0.2716,0.5444549464398236,0.035541284203297566,0.5615942028985507,0.5090579710144927,0.6648550724637681,0.5652173913043479,0.42155009451795844
0.2718,0.542643352236925,0.03590397491777639,0.5561594202898551,0.5072463768115942,0.6684782608695652,0.5597826086956522,0.4215500945179584
0.272,0.5415721487082545,0.03502700874852337,0.5434782608695652,0.5144927536231884,0.6666666666666666,0.5597826086956522,0.42344045368620037
0.2722,0.5412728418399495,0.03331241459668447,0.5434782608695652,0.5163043478260869,0.6630434782608695,0.5525362318840579,0.4310018903591682
0.2724,0.5402016383112791,0.03306831743903962,0.5344202898550725,0.5126811594202899,0.661231884057971,0.5597826086956521,0.43289224952741023
0.2726,0.5387838689350977,0.03185171524220752,0.5326086956521738,0.5144927536231884,0.657608695652174,0.552536231884058,0.43667296786389415
0.2728,0.5391776937618147,0.031055966894508808,0.5344202898550725,0.5144927536231884,0.6557971014492753,0.5507246376811594,0.44045368620037806
0.273,0.5395872715816005,0.030043701007015602,0.5307971014492754,0.5163043478260869,0.6539855072463768,0.5507246376811594,0.44612476370510395
0.2732,0.5381852551984878,0.029391534096652076,0.5217391304347827,0.5181159420289856,0.6539855072463767,0.5452898550724639,0.45179584120982985
0.2734,0.5364209199747951,0.027812083031426935,0.5253623188405797,0.5163043478260869,0.6485507246376812,0.5344202898550724,0.45746691871455575
0.2736,0.5360901071203529,0.027104281443011673,0.5271739130434783,0.5163043478260869,0.6467391304347826,0.5289855072463768,0.4612476370510397
0.2738,0.5343100189035916,0.02560239514506795,0.5271739130434783,0.5144927536231884,0.6394927536231884,0.5253623188405797,0.46502835538752363
0.274,0.5336641461877757,0.025958003578782675,0.5217391304347826,0.5108695652173914,0.644927536231884,0.516304347826087,0.47448015122873344
0.2742,0.5333333333333333,0.025417125048806985,0.5217391304347826,0.5108695652173914,0.6431159420289855,0.5126811594202899,0.47826086956521735
0.2744,0.5311751732829237,0.024170629953283593,0.519927536231884,0.5126811594202899,0.6358695652173914,0.5072463768115942,0.4801512287334594
0.2746,0.5275992438563326,0.021927788367049863,0.519927536231884,0.5072463768115941,0.6231884057971014,0.5018115942028986,0.4858223062381853
0.2748,0.521817895400126,0.01942980832067429,0.5126811594202898,0.5072463768115942,0.6068840579710145,0.4945652173913043,0.4877126654064272
0.275,0.521124763705104,0.020280697190053994,0.5090579710144928,0.5054347826086957,0.6105072463768115,0.48913043478260876,0.4914933837429111
0.2752,0.5178481411468179,0.018576080116076362,0.5072463768115942,0.5036231884057971,0.5996376811594203,0.4891304347826087,0.4896030245746692
0.2754,0.5160995589161941,0.01755493644182099,0.5054347826086957,0.5054347826086957,0.592391304347826,0.48007246376811596,0.497164461247637
0.2756,0.5106647763074984,0.01750479507939494,0.49818840579710144,0.4963768115942029,0.5869565217391305,0.4746376811594203,0.497164461247637
0.2758,0.5103339634530559,0.016860772223729278,0.49275362318840576,0.49999999999999994,0.5833333333333333,0.4746376811594203,0.5009451795841209
0.276,0.5092312539382482,0.015543621229759969,0.4945652173913043,0.5018115942028986,0.5760869565217391,0.4746376811594203,0.499054820415879
0.2762,0.50705734089477,0.016050322574951096,0.48731884057971014,0.5,0.5760869565217391,0.47282608695652173,0.499054820415879
0.2764,0.5012444864524259,0.014204979694317558,0.4800724637681159,0.4963768115942029,0.5615942028985508,0.47101449275362317,0.497164461247637
0.2766,0.4986925015752993,0.012034226836021044,0.4782608695652174,0.4981884057971014,0.5489130434782609,0.47282608695652173,0.49527410207939504
0.2768,0.49651858853182107,0.012013150299219733,0.4746376811594203,0.4981884057971014,0.5452898550724639,0.4692028985507246,0.49527410207939504
0.277,0.49254883427851287,0.0097682682881975,0.46739130434782605,0.4963768115942029,0.5289855072463768,0.47282608695652173,0.497164461247637
0.2772,0.49585696282293634,0.009345431771364463,0.4692028985507246,0.5,0.5289855072463768,0.4782608695652174,0.5028355387523629
0.2774,0.4940611216131064,0.008182875532141129,0.4673913043478261,0.4909420289855072,0.5217391304347826,0.4855072463768116,0.5047258979206048
0.2776,0.49261184625078763,0.009127589233405837,0.45833333333333326,0.4909420289855072,0.519927536231884,0.4891304347826087,0.5047258979206048
0.2778,0.49298991808443604,0.0077155258975097375,0.46557971014492755,0.48369565217391297,0.5144927536231885,0.4945652173913043,0.5066162570888468
0.278,0.48832703213610584,0.007866673143303872,0.46376811594202894,0.4746376811594203,0.5018115942028984,0.4891304347826087,0.5122873345935728
0.2782,0.4854442344045369,0.008169940215582247,0.4619565217391304,0.47282608695652173,0.4963768115942029,0.4818840579710145,0.5141776937618148
0.2784,0.48689350976685575,0.009003730644647994,0.4601449275362319,0.47282608695652173,0.5054347826086956,0.4818840579710145,0.5141776937618148
0.2786,0.4850661625708884,0.00918197089520968,0.4565217391304348,0.47101449275362317,0.5036231884057971,0.4818840579710145,0.5122873345935728
0.2788,0.4835853812224323,0.008585904379290098,0.45471014492753625,0.47282608695652173,0.5,0.48188405797101447,0.5085066162570888
0.279,0.4813957151858853,0.009742392682260525,0.447463768115942,0.4746376811594203,0.5036231884057971,0.4746376811594203,0.5066162570888468
0.2792,0.48067107750472593,0.009863728779370504,0.447463768115942,0.4746376811594203,0.5036231884057971,0.47101449275362317,0.5066162570888468
0.2794,0.47994643982356655,0.010819097838685416,0.4438405797101449,0.4728260869565218,0.5072463768115942,0.46920289855072467,0.5066162570888468
0.2796,0.4770321361058601,0.010177959936322518,0.4384057971014493,0.4728260869565218,0.4945652173913043,0.4746376811594203,0.5047258979206048
0.2798,0.47592942659105225,0.01024621946451961,0.4384057971014493,0.46739130434782616,0.4963768115942029,0.4746376811594203,0.5028355387523629
0.28,0.4748739760554505,0.011380008422436609,0.4329710144927536,0.4655797101449275,0.4945652173913043,0.4746376811594203,0.5066162570888468
0.2802,0.4752362948960302,0.012388196216516592,0.42934782608695654,0.4601449275362319,0.4963768115942029,0.483695652173913,0.5066162570888468
0.2804,0.47525204788909897,0.012540379868697302,0.42934782608695654,0.4601449275362319,0.4963768115942029,0.48188405797101447,0.5085066162570888
0.2806,0.4745116572148708,0.01211237382913435,0.42934782608695643,0.46014492753623193,0.49094202898550726,0.4855072463768116,0.5066162570888468
0.2808,0.47195967233774416,0.012987614344009924,0.4221014492753623,0.4583333333333333,0.48731884057971014,0.48731884057971014,0.504725897920605
0.281,0.47052614996849407,0.013867133513887544,0.41666666666666663,0.4583333333333333,0.48731884057971014,0.483695652173913,0.5066162570888468
0.2812,0.47156584751102704,0.01271478319749638,0.42391304347826086,0.4547101449275362,0.4909420289855072,0.4873188405797101,0.500945179584121
0.2814,0.4737240075614366,0.013314375318042566,0.42028985507246375,0.4619565217391305,0.4945652173913043,0.49275362318840576,0.499054820415879
0.2816,0.47299936988027724,0.013670392563460783,0.4184782608695652,0.460144927536232,0.49275362318840576,0.4945652173913043,0.49905482041587895
0.2818,0.4726212980466288,0.013549123605347565,0.41847826086956524,0.4601449275362319,0.4909420289855072,0.4963768115942029,0.497164461247637
0.282,0.4686515437933207,0.013658362812683964,0.4184782608695652,0.4492753623188406,0.4818840579710144,0.4945652173913044,0.499054820415879
0.2822,0.46789540012602393,0.012585066063979113,0.4221014492753623,0.4492753623188405,0.48007246376811585,0.49275362318840576,0.49527410207939504
0.2824,0.4686042848141147,0.013723318260269783,0.4221014492753623,0.44202898550724634,0.4873188405797101,0.49818840579710144,0.49338374291115317
0.2826,0.4696754883427852,0.013863403627596365,0.4257246376811594,0.4402173913043478,0.4855072463768116,0.5054347826086957,0.4914933837429112
0.2828,0.4722432262129804,0.014176934097130278,0.4275362318840579,0.44202898550724634,0.48731884057971014,0.5090579710144928,0.4952741020793951
0.283,0.47073093887838685,0.013867101302274285,0.4275362318840579,0.44202898550724634,0.48550724637681153,0.5108695652173914,0.4877126654064272
0.2832,0.47180214240705737,0.014383043419018124,0.4293478260869565,0.44202898550724634,0.483695652173913,0.5181159420289855,0.4858223062381853
0.2834,0.4747637051039698,0.015596777423250281,0.427536231884058,0.447463768115942,0.4782608695652174,0.5271739130434783,0.49338374291115317
0.2836,0.4777410207939508,0.01592803817340238,0.42391304347826086,0.45471014492753625,0.4818840579710144,0.5253623188405797,0.5028355387523629
0.2838,0.4784341524889729,0.015737758859327645,0.4257246376811594,0.45471014492753625,0.48550724637681164,0.5271739130434783,0.499054820415879
0.284,0.47953686200378076,0.016385920824741346,0.4221014492753623,0.45833333333333337,0.4873188405797101,0.5289855072463768,0.500945179584121
0.2842,0.4736767485822305,0.01533199897720999,0.42028985507246375,0.4528985507246377,0.4818840579710144,0.519927536231884,0.49338374291115317
0.2844,0.46855702583490866,0.014662768832787222,0.4184782608695652,0.44927536231884063,0.47282608695652173,0.5144927536231884,0.4877126654064272
0.2846,0.4674070573408948,0.012955673706661782,0.42934782608695654,0.44202898550724634,0.47463768115942034,0.5108695652173914,0.4801512287334594
0.2848,0.46739130434782605,0.013633976610309262,0.43115942028985504,0.44202898550724634,0.4673913043478261,0.5181159420289855,0.4782608695652174
0.285,0.467044738500315,0.013358846490954007,0.43478260869565216,0.4384057971014492,0.46557971014492755,0.5163043478260869,0.48015122873345933
0.2852,0.4674228103339635,0.01208971353132176,0.44565217391304346,0.4347826086956521,0.46376811594202894,0.5108695652173914,0.4820415879017014
0.2854,0.46557971014492755,0.011319202428850239,0.4492753623188405,0.431159420289855,0.46376811594202894,0.5054347826086957,0.47826086956521735
0.2856,0.4677851291745432,0.012072138475403277,0.4456521739130434,0.4347826086956521,0.4655797101449275,0.5108695652173914,0.4820415879017013
0.2858,0.46819470699432897,0.011024538365933473,0.4456521739130435,0.4384057971014492,0.4655797101449275,0.5036231884057971,0.4877126654064272
0.286,0.4681789540012603,0.011275996399918817,0.44384057971014496,0.4384057971014492,0.4673913043478261,0.5054347826086957,0.4858223062381853
0.2862,0.4692501575299307,0.010797469641055536,0.4438405797101449,0.4402173913043478,0.47463768115942034,0.5036231884057971,0.48393194706994336
0.2864,0.46810018903591677,0.011053999943980349,0.4438405797101449,0.43659420289855067,0.4800724637681159,0.5036231884057971,0.4763705103969754
0.2866,0.4670132325141777,0.010540610063422452,0.44202898550724634,0.4365942028985507,0.4836956521739131,0.49637681159420294,0.4763705103969755
0.2868,0.4677693761814745,0.010166855291741106,0.4456521739130435,0.4365942028985507,0.4800724637681159,0.4963768115942029,0.4801512287334594
0.287,0.4670604914933837,0.010401972219672827,0.4420289855072464,0.4365942028985507,0.48007246376811596,0.4945652173913043,0.4820415879017013
0.2872,0.4667296786389413,0.011644149595134,0.4438405797101449,0.4275362318840579,0.48369565217391297,0.4927536231884058,0.4858223062381853
0.2874,0.46928166351606804,0.012913938230797338,0.4438405797101449,0.4257246376811594,0.49275362318840576,0.4963768115942029,0.4877126654064272
0.2876,0.4721802142407057,0.011845609757555914,0.4565217391304348,0.427536231884058,0.49818840579710144,0.49094202898550726,0.4877126654064272
0.2878,0.47399180844360433,0.012893945595890653,0.4583333333333333,0.4257246376811594,0.5072463768115942,0.4909420289855072,0.4877126654064272
0.288,0.4736452425960932,0.013271662466918556,0.45833333333333337,0.42391304347826086,0.5090579710144927,0.4873188405797101,0.4896030245746692
0.2882,0.4765595463137996,0.013782142298913804,0.463768115942029,0.4257246376811594,0.5181159420289855,0.483695652173913,0.4914933837429111
0.2884,0.4736452425960933,0.013823978011088709,0.46557971014492755,0.42391304347826086,0.5181159420289856,0.47101449275362317,0.48960302457466914
0.2886,0.4754410838059231,0.015252320903825098,0.46376811594202894,0.42391304347826086,0.5289855072463767,0.47282608695652173,0.4877126654064272
0.2888,0.4787649653434152,0.015990577640508374,0.46557971014492755,0.4257246376811594,0.5344202898550724,0.47282608695652173,0.49527410207939504
0.289,0.47879647132955255,0.01795330408567438,0.463768115942029,0.42391304347826086,0.5434782608695652,0.46376811594202894,0.499054820415879
0.2892,0.4784341524889729,0.018675083920518143,0.46195652173913043,0.42391304347826086,0.5471014492753623,0.46014492753623193,0.499054820415879
0.2894,0.48062381852551983,0.019977826314161708,0.4583333333333333,0.4257246376811594,0.5561594202898551,0.4619565217391304,0.500945179584121
0.2896,0.48067107750472593,0.022137474395516454,0.4619565217391304,0.4166666666666667,0.5615942028985508,0.4565217391304348,0.5066162570888469
0.2898,0.48575929426591047,0.02343360733334227,0.46739130434782605,0.42028985507246375,0.5742753623188406,0.4583333333333333,0.5085066162570888
0.29,0.48616887208569626,0.023345814550604034,0.4692028985507246,0.42391304347826086,0.572463768115942,0.45108695652173914,0.5141776937618148
0.2902,0.48760239445494646,0.023516803349953385,0.46739130434782605,0.4311594202898551,0.5778985507246377,0.4492753623188406,0.5122873345935728
0.2904,0.4876339004410838,0.023710970626544894,0.4692028985507246,0.4275362318840579,0.5760869565217391,0.4492753623188406,0.5160680529300568
0.2906,0.49163516068052926,0.02515094871815685,0.4692028985507246,0.4347826086956521,0.5887681159420289,0.447463768115942,0.5179584120982986
0.2908,0.49677063642092,0.025095788647903808,0.4746376811594203,0.44021739130434784,0.5923913043478262,0.45108695652173914,0.5255198487712666
0.291,0.4964398235664776,0.025486973854161737,0.46739130434782605,0.43840579710144933,0.5923913043478262,0.4547101449275362,0.5293005671077504
0.2912,0.49533711405166975,0.025675613919507224,0.463768115942029,0.43478260869565216,0.592391304347826,0.45833333333333326,0.5274102079395084
0.2914,0.49426591052299934,0.026030288837632157,0.46376811594202894,0.42934782608695654,0.5905797101449275,0.45833333333333326,0.5293005671077504
0.2916,0.4968651543793321,0.02715231509755842,0.47101449275362317,0.4257246376811594,0.5942028985507246,0.4565217391304348,0.5368620037807184
0.2918,0.498660995589162,0.027139897250880247,0.4746376811594203,0.427536231884058,0.5978260869565217,0.4583333333333333,0.5349716446124764
0.292,0.49831442974165097,0.026279246722300365,0.4692028985507246,0.427536231884058,0.5923913043478262,0.46557971014492755,0.5368620037807184
0.2922,0.49981096408317577,0.027111460337879232,0.47101449275362317,0.42391304347826086,0.5942028985507246,0.46739130434782605,0.5425330812854443
0.2924,0.5020321361058601,0.02848925551797147,0.4746376811594203,0.42028985507246375,0.5996376811594203,0.4673913043478261,0.5482041587901701
0.2926,0.5020478890989288,0.028037610581810056,0.4746376811594203,0.4202898550724638,0.5960144927536232,0.4692028985507246,0.5500945179584121
0.2928,0.4966288594833018,0.027788051157351067,0.47101449275362317,0.4130434782608696,0.5833333333333333,0.46376811594202894,0.551984877126654
0.293,0.4952110901071203,0.02771355261741478,0.47101449275362317,0.41304347826086957,0.5778985507246377,0.45833333333333326,0.555765595463138
0.2932,0.49669187145557653,0.028050441383871853,0.47101449275362317,0.4148550724637681,0.5797101449275361,0.4583333333333333,0.5595463137996219
0.2934,0.49595148078134843,0.028207233905224526,0.47101449275362317,0.41666666666666663,0.5815217391304348,0.4528985507246377,0.55765595463138
0.2936,0.49382482671707617,0.02853329854664683,0.46739130434782605,0.41304347826086957,0.5742753623188406,0.4510869565217391,0.5633270321361058
0.2938,0.49426591052299934,0.030174547972621937,0.46557971014492755,0.4076086956521739,0.5742753623188406,0.45108695652173914,0.5727788279773156
0.294,0.49024889729048515,0.03060415662718558,0.4583333333333333,0.40217391304347827,0.572463768115942,0.4492753623188406,0.5689981096408318
0.2942,0.48668872085696285,0.03177482184233617,0.4547101449275362,0.3949275362318841,0.5634057971014492,0.44384057971014496,0.5765595463137997
0.2944,0.4863421550094518,0.0317480508733596,0.4528985507246376,0.3931159420289855,0.5597826086956521,0.447463768115942,0.5784499054820416
0.2946,0.4852079395085066,0.031788372177591846,0.4565217391304347,0.38768115942028986,0.5615942028985508,0.447463768115942,0.5727788279773157
0.2948,0.4844990548204159,0.03210317295192183,0.45289855072463764,0.3858695652173913,0.5597826086956521,0.4492753623188406,0.5746691871455577
0.295,0.4816162570888468,0.03501974048158398,0.447463768115942,0.3731884057971015,0.5670289855072463,0.4438405797101449,0.5765595463137996
0.2952,0.479820415879017,0.03636906170410405,0.44202898550724634,0.3677536231884058,0.568840579710145,0.44202898550724634,0.5784499054820416
0.2954,0.4780245746691872,0.037674177932121904,0.4384057971014492,0.3550724637681159,0.5652173913043479,0.45108695652173914,0.5803402646502835
0.2956,0.4769061121613106,0.038278168003458464,0.43115942028985504,0.35144927536231885,0.568840579710145,0.4565217391304348,0.5765595463137996
0.2958,0.4725110270951481,0.03877142194528484,0.42572463768115937,0.34420289855072467,0.5670289855072463,0.45471014492753625,0.5708884688090738
0.296,0.47140831758034024,0.039517945978497414,0.4184782608695652,0.34239130434782605,0.5706521739130435,0.45652173913043476,0.5689981096408318
0.2962,0.47104599873976055,0.039516674967544976,0.4148550724637681,0.3405797101449275,0.5670289855072463,0.463768115942029,0.5689981096408318
0.2964,0.4677378701953371,0.039855418654523314,0.4130434782608696,0.33333333333333326,0.5652173913043478,0.46376811594202905,0.5633270321361059
0.2966,0.46811594202898554,0.04111831995698335,0.40760869565217395,0.3315217391304348,0.5706521739130435,0.4655797101449276,0.5652173913043478
0.2968,0.4623030875866414,0.042649020493581644,0.4003623188405797,0.32065217391304346,0.5688405797101449,0.4583333333333333,0.5633270321361059
0.297,0.4612003780718338,0.042438613614953484,0.39311594202898553,0.3242753623188406,0.5688405797101449,0.45833333333333337,0.5614366729678639
0.2972,0.4627126654064272,0.04316827501349057,0.3931159420289855,0.3242753623188406,0.5688405797101449,0.45833333333333337,0.5689981096408318
0.2974,0.46236609955891617,0.04398021482048023,0.3858695652173913,0.32608695652173914,0.572463768115942,0.45652173913043476,0.5708884688090737
0.2976,0.46201953371140514,0.04423739683113138,0.3822463768115942,0.32608695652173914,0.5706521739130435,0.45833333333333337,0.5727788279773156
0.2978,0.4601921865154379,0.04454301121968691,0.37681159420289856,0.322463768115942,0.5670289855072463,0.463768115942029,0.5708884688090737
0.298,0.45945179584120976,0.04416681586951446,0.3713768115942029,0.32608695652173914,0.5652173913043478,0.4655797101449275,0.5689981096408318
0.2982,0.458349086326402,0.0444209679470309,0.3713768115942029,0.322463768115942,0.5652173913043479,0.4655797101449275,0.5671077504725899
0.2984,0.4590737240075614,0.04485499069462792,0.36775362318840576,0.3242753623188406,0.5688405797101449,0.4673913043478261,0.5671077504725898
0.2986,0.45874291115311905,0.04662092589909926,0.36231884057971014,0.3206521739130435,0.5742753623188406,0.4655797101449275,0.5708884688090737
0.2988,0.4584120982986768,0.04722651163649625,0.3568840579710145,0.322463768115942,0.5742753623188406,0.46376811594202894,0.5746691871455576
0.299,0.4573408947700063,0.047500373827142735,0.3514492753623188,0.3242753623188406,0.5724637681159421,0.4619565217391304,0.5765595463137996
0.2992,0.4555608065532451,0.04830814714020506,0.34239130434782605,0.3278985507246377,0.572463768115942,0.4547101449275362,0.5803402646502835
0.2994,0.4544738500315059,0.04869521533623748,0.34239130434782605,0.3242753623188406,0.572463768115942,0.4528985507246377,0.5803402646502835
0.2996,0.45411153119092623,0.05000206759962978,0.33876811594202894,0.3170289855072464,0.5742753623188406,0.4601449275362318,0.5803402646502835
0.2998,0.45264650283553876,0.050338848458173616,0.33695652173913043,0.31521739130434784,0.5760869565217391,0.4565217391304348,0.5784499054820416
0.3,0.4537019533711405,0.05031954487497276,0.33695652173913043,0.3170289855072464,0.5815217391304348,0.4583333333333333,0.5746691871455576
0.3002,0.45590737240075613,0.04978991279908117,0.338768115942029,0.32065217391304346,0.5778985507246377,0.46376811594202894,0.5784499054820416
0.3004,0.4566320100819155,0.04995647221953709,0.33695652173913043,0.3224637681159421,0.5797101449275361,0.4655797101449275,0.5784499054820416
0.3006,0.45770321361058597,0.04939161502551969,0.338768115942029,0.32608695652173914,0.5815217391304348,0.4655797101449275,0.5765595463137996
0.3008,0.4588059231253938,0.050315281803491575,0.338768115942029,0.3242753623188406,0.5869565217391305,0.4655797101449275,0.5784499054820416
0.301,0.45808128544423443,0.05032603446624138,0.338768115942029,0.322463768115942,0.5851449275362319,0.46557971014492755,0.5784499054820416
0.3012,0.45622243226212983,0.04994372309619294,0.33876811594202894,0.3242753623188406,0.588768115942029,0.4565217391304348,0.5727788279773157
0.3014,0.4576559546313799,0.048110010153950056,0.3442028985507246,0.32971014492753614,0.5833333333333333,0.4601449275362319,0.5708884688090737
0.3016,0.45806553245116566,0.04923921286111462,0.338768115942029,0.3260869565217391,0.5797101449275361,0.46920289855072467,0.5765595463137996
0.3018,0.45803402646502833,0.04853018006443363,0.34239130434782605,0.32608695652173914,0.5797101449275361,0.4692028985507246,0.5727788279773156
0.302,0.4587271581600504,0.047866391616797524,0.34057971014492755,0.3297101449275362,0.5778985507246376,0.47644927536231885,0.5689981096408318
0.3022,0.4583018273471959,0.04758681501148492,0.3405797101449275,0.3297101449275362,0.5815217391304347,0.4782608695652174,0.5614366729678639
0.3024,0.46009766855702583,0.04784758215968724,0.33695652173913043,0.3351449275362319,0.5869565217391304,0.4818840579710145,0.5595463137996219
0.3026,0.4597195967233775,0.04746787793729703,0.33514492753623193,0.3351449275362319,0.5815217391304348,0.48913043478260865,0.55765595463138
0.3028,0.4600346565847511,0.0480329171505425,0.3369565217391305,0.3351449275362319,0.5942028985507247,0.48188405797101447,0.551984877126654
0.303,0.45965658475110266,0.04642487184700335,0.3442028985507246,0.3333333333333333,0.5851449275362319,0.4855072463768116,0.5500945179584121
0.3032,0.4617517328292376,0.04446423761355771,0.3532608695652174,0.33695652173913043,0.5833333333333333,0.4945652173913043,0.5406427221172023
0.3034,0.462822936357908,0.04319636728882312,0.3586956521739131,0.3405797101449275,0.5815217391304348,0.4945652173913043,0.5387523629489603
0.3036,0.4649968494013862,0.04117214395372912,0.3677536231884058,0.34601449275362317,0.5760869565217391,0.4963768115942029,0.5387523629489603
0.3038,0.4682577189666037,0.039748756734077045,0.37681159420289856,0.35144927536231885,0.5760869565217391,0.49818840579710144,0.5387523629489603
0.304,0.46573724007561434,0.03845669890875497,0.375,0.3532608695652174,0.5634057971014493,0.4963768115942029,0.5406427221172022
0.3042,0.4686830497794581,0.03816128414865193,0.37681159420289856,0.358695652173913,0.5634057971014492,0.49818840579710144,0.546313799621928
0.3044,0.4642564587271581,0.03717007025740532,0.37681159420289856,0.3550724637681159,0.5579710144927537,0.4945652173913043,0.5368620037807184
0.3046,0.4609168241965974,0.035869128669340604,0.3786231884057971,0.3550724637681159,0.5561594202898551,0.48731884057971014,0.5274102079395085
0.3048,0.46090107120352863,0.03492084049698253,0.3858695652173913,0.3532608695652174,0.552536231884058,0.48731884057971014,0.5255198487712665
0.305,0.46160995589161935,0.03484251978258434,0.3822463768115942,0.3568840579710145,0.552536231884058,0.49275362318840576,0.5236294896030246
0.3052,0.4626654064272212,0.03395848421613292,0.3913043478260869,0.35507246376811596,0.5507246376811594,0.4963768115942029,0.5198487712665407
0.3054,0.4626654064272211,0.03302164786722635,0.3931159420289855,0.358695652173913,0.5489130434782609,0.49275362318840576,0.5198487712665406
0.3056,0.46121613106490233,0.032102316459037716,0.3931159420289855,0.36050724637681164,0.5434782608695652,0.4891304347826087,0.5198487712665407
0.3058,0.4626181474480151,0.030836029043313118,0.4003623188405797,0.36413043478260865,0.5452898550724637,0.4891304347826087,0.5141776937618148
0.306,0.46660365469439197,0.030654061655779614,0.40760869565217395,0.36775362318840576,0.552536231884058,0.49094202898550726,0.5141776937618148
0.3062,0.46513862633900444,0.0310146758232177,0.4130434782608695,0.358695652173913,0.5489130434782609,0.49275362318840576,0.5122873345935728
0.3064,0.46835223692501576,0.029935540017106667,0.4257246376811594,0.36050724637681153,0.5489130434782609,0.5,0.5066162570888468
0.3066,0.46871455576559545,0.030053138893626336,0.43659420289855067,0.3550724637681159,0.5489130434782609,0.4963768115942029,0.5066162570888468
0.3068,0.4672022684310019,0.03126338226524355,0.43659420289855067,0.3496376811594203,0.556159420289855,0.4945652173913043,0.499054820415879
0.307,0.46680844360428475,0.03200605503599306,0.43659420289855067,0.34601449275362317,0.5579710144927537,0.49818840579710144,0.49527410207939504
0.3072,0.46644612476370506,0.030498404840608628,0.43659420289855067,0.35144927536231885,0.552536231884058,0.4963768115942029,0.49527410207939504
0.3074,0.46568998109640825,0.029342448606480224,0.43478260869565216,0.3568840579710144,0.5507246376811594,0.4945652173913043,0.4914933837429111
0.3076,0.46639886578449896,0.029007754947868076,0.4384057971014492,0.35869565217391297,0.552536231884058,0.49275362318840576,0.48960302457466914
0.3078,0.46674543163201,0.028265965559039104,0.4384057971014493,0.3623188405797101,0.5507246376811594,0.4945652173913043,0.4877126654064272
0.308,0.46814744801512287,0.02798670382117135,0.4438405797101449,0.3659420289855072,0.556159420289855,0.49275362318840576,0.48204158790170126
0.3082,0.4692186515437933,0.028196981044061823,0.44202898550724634,0.3695652173913043,0.5615942028985507,0.49275362318840576,0.48015122873345933
0.3084,0.4699275362318841,0.027357351858195836,0.4510869565217391,0.37318840579710144,0.5634057971014492,0.4836956521739131,0.47826086956521735
0.3086,0.469486452425961,0.025709131792676827,0.4528985507246377,0.38224637681159424,0.5615942028985508,0.4818840579710145,0.46880907372400754
0.3088,0.47276307498424697,0.02716273205404268,0.45108695652173914,0.3840579710144927,0.572463768115942,0.48550724637681153,0.4706994328922495
0.309,0.47057340894770006,0.026999891171079683,0.4528985507246377,0.3804347826086957,0.5688405797101449,0.4818840579710145,0.4688090737240076
0.3092,0.47164461247637046,0.026273754058236183,0.4619565217391305,0.3840579710144927,0.5688405797101449,0.47644927536231885,0.4669187145557656
0.3094,0.47088846880907376,0.024947117443744435,0.46739130434782616,0.3876811594202898,0.5634057971014492,0.4728260869565218,0.46313799621928164
0.3096,0.47419659735349723,0.02386923743012451,0.4746376811594203,0.3931159420289855,0.5615942028985508,0.4728260869565218,0.4688090737240076
0.3098,0.4753150598613736,0.024689786196423077,0.47644927536231885,0.3931159420289855,0.5670289855072463,0.467391304347826,0.47258979206049156
0.31,0.4789697542533081,0.025287994749633454,0.4800724637681159,0.3967391304347826,0.5742753623188406,0.46739130434782605,0.4763705103969754
0.3102,0.47752047889098925,0.024507471582863097,0.4800724637681159,0.39673913043478265,0.5688405797101449,0.4655797101449275,0.4763705103969754
0.3104,0.47933207309388787,0.024523768638825588,0.483695652173913,0.39855072463768115,0.5706521739130435,0.46739130434782605,0.47637051039697537
0.3106,0.48224637681159416,0.0240138411393844,0.48913043478260876,0.40217391304347827,0.5706521739130435,0.47101449275362317,0.47826086956521735
0.3108,0.4826086956521739,0.024324523009911933,0.4818840579710145,0.4057971014492754,0.5760869565217391,0.47101449275362317,0.4782608695652174
0.311,0.48621613106490236,0.025685495525914495,0.48913043478260865,0.4057971014492754,0.5851449275362319,0.4746376811594203,0.4763705103969754
0.3112,0.4858380592312539,0.025315392171865233,0.49275362318840576,0.4076086956521739,0.5833333333333333,0.47101449275362317,0.47448015122873344
0.3114,0.48689350976685575,0.025542540496103477,0.4945652173913043,0.411231884057971,0.5869565217391304,0.4710144927536232,0.47069943289224947
0.3116,0.48942974165091363,0.024606683459230727,0.5,0.4166666666666667,0.5851449275362318,0.4746376811594203,0.47069943289224947
0.3118,0.4923913043478261,0.026612066030113,0.5054347826086956,0.41123188405797095,0.5942028985507246,0.47282608695652173,0.4782608695652174
0.312,0.4960775047258979,0.027652326790314076,0.5054347826086957,0.41304347826086957,0.6032608695652174,0.47282608695652173,0.48582230623818523
0.3122,0.49751102709514805,0.0281193759152913,0.5018115942028986,0.4148550724637681,0.6086956521739131,0.47826086956521735,0.48393194706994325
0.3124,0.5004568367989919,0.029102164836656376,0.5,0.4184782608695652,0.6177536231884058,0.47644927536231885,0.4896030245746692
0.3126,0.5012287334593573,0.028396425879440322,0.5054347826086957,0.41666666666666663,0.6123188405797101,0.4764492753623188,0.4952741020793951
0.3128,0.5034499054820416,0.029517623644385052,0.5090579710144928,0.41485507246376807,0.6177536231884058,0.4746376811594203,0.500945179584121
0.313,0.5023629489603025,0.029925355211134815,0.5144927536231885,0.40760869565217395,0.6141304347826086,0.47463768115942023,0.500945179584121
0.3132,0.5012444864524259,0.028833592753840776,0.5144927536231885,0.40942028985507245,0.608695652173913,0.47644927536231885,0.4971644612476371
0.3134,0.5045841209829868,0.0281452551356373,0.5126811594202898,0.41304347826086957,0.6086956521739131,0.4818840579710144,0.5066162570888468
0.3136,0.506805293005671,0.02881163088773878,0.5126811594202898,0.41485507246376807,0.6141304347826088,0.48007246376811596,0.5122873345935728
0.3138,0.5086168872085697,0.029071162582332243,0.5144927536231885,0.41666666666666663,0.6177536231884058,0.48188405797101447,0.5122873345935728
0.314,0.5126654064272211,0.029678433248738364,0.5181159420289855,0.41485507246376807,0.6213768115942029,0.4891304347826087,0.5198487712665406
0.3142,0.5148865784499055,0.032235820501402536,0.5181159420289855,0.41485507246376807,0.6358695652173912,0.48007246376811596,0.5255198487712666
0.3144,0.5163201008191557,0.03144950356052898,0.5235507246376812,0.4184782608695652,0.6340579710144928,0.4818840579710145,0.5236294896030247
0.3146,0.5182104599873976,0.03183920666898063,0.5217391304347826,0.4184782608695652,0.6358695652173912,0.4818840579710145,0.5330812854442344
0.3148,0.5164146187775678,0.031243905220825912,0.519927536231884,0.41847826086956524,0.6304347826086956,0.4782608695652174,0.5349716446124764
0.315,0.5163831127914303,0.03193243215250524,0.5217391304347826,0.4166666666666667,0.6340579710144928,0.4782608695652174,0.5311909262759924
0.3152,0.516698172652804,0.03275659060512212,0.5181159420289855,0.4166666666666667,0.6413043478260869,0.4818840579710145,0.5255198487712666
0.3154,0.51997479521109,0.03283147948325988,0.5217391304347826,0.42391304347826086,0.6467391304347826,0.48007246376811585,0.5274102079395085
0.3156,0.5211405166981725,0.03434037302312003,0.5253623188405797,0.41485507246376807,0.6485507246376812,0.48007246376811596,0.5368620037807184
0.3158,0.5193131695022054,0.035422827674133024,0.5253623188405797,0.40942028985507245,0.6503623188405797,0.47644927536231885,0.5349716446124764
0.316,0.5204631379962193,0.0355594668187811,0.5271739130434783,0.4076086956521739,0.6485507246376812,0.47644927536231885,0.5425330812854443
0.3162,0.5211405166981727,0.03571210546979828,0.5307971014492753,0.40579710144927533,0.6503623188405797,0.4818840579710145,0.5368620037807184
0.3164,0.5174858223062382,0.03779184734115014,0.5289855072463768,0.391304347826087,0.6521739130434783,0.4818840579710145,0.5330812854442344
0.3166,0.5149653434152488,0.03815795064639097,0.5271739130434782,0.38949275362318836,0.6503623188405797,0.47282608695652173,0.5349716446124764
0.3168,0.5150283553875237,0.03779792997451661,0.5235507246376812,0.3894927536231884,0.6467391304347826,0.47282608695652173,0.5425330812854442
0.317,0.5121613106490234,0.03676823229332048,0.5235507246376812,0.38586956521739135,0.6340579710144927,0.47101449275362317,0.5463137996219282
0.3172,0.5099716446124763,0.03598617129390964,0.5235507246376812,0.3876811594202899,0.6286231884057971,0.46557971014492755,0.5444234404536862
0.3174,0.5074354127284184,0.03763076224016853,0.5217391304347826,0.375,0.6286231884057971,0.46739130434782605,0.5444234404536862
0.3176,0.504127284183995,0.03791322688572019,0.5144927536231885,0.36775362318840576,0.6268115942028986,0.47282608695652173,0.5387523629489603
0.3178,0.502678008821676,0.036915047816815864,0.5108695652173914,0.3695652173913043,0.6213768115942029,0.47282608695652173,0.5387523629489603
0.318,0.5004883427851292,0.036007768267166,0.5018115942028986,0.3713768115942029,0.6177536231884058,0.4746376811594203,0.5368620037807182
0.3182,0.49974795211090106,0.034270384973118954,0.503623188405797,0.37681159420289856,0.6105072463768115,0.47282608695652173,0.5349716446124764
0.3184,0.5004725897920606,0.03471898918430023,0.5054347826086957,0.375,0.6123188405797102,0.4746376811594203,0.5349716446124764
0.3186,0.4950378071833648,0.03516946638338694,0.5090579710144928,0.36775362318840576,0.6032608695652173,0.46014492753623193,0.5349716446124764
0.3188,0.49180844360428483,0.0348002621224099,0.5,0.36775362318840576,0.5978260869565217,0.45471014492753625,0.5387523629489603
0.319,0.488563327032136,0.03582020993423463,0.4891304347826087,0.36413043478260865,0.5996376811594202,0.44927536231884063,0.5406427221172023
0.3192,0.48711405166981725,0.03589397232327813,0.49275362318840576,0.3659420289855072,0.5978260869565217,0.4384057971014492,0.5406427221172023
0.3194,0.4859955891619407,0.03582788516198883,0.4963768115942029,0.3641304347826087,0.5960144927536231,0.4365942028985507,0.5368620037807184
0.3196,0.4852709514807813,0.03530799272330324,0.4963768115942028,0.3695652173913043,0.5942028985507246,0.42934782608695654,0.5368620037807184
0.3198,0.482703213610586,0.033864030066411165,0.48913043478260865,0.37318840579710144,0.5887681159420289,0.42934782608695654,0.5330812854442344
0.32,0.48122243226212974,0.033853857226142384,0.4855072463768116,0.375,0.5905797101449275,0.4257246376811594,0.5293005671077504
0.3202,0.47832388153749206,0.03386424111315562,0.48188405797101447,0.375,0.5869565217391304,0.4184782608695652,0.5293005671077504
0.3204,0.47796156269691237,0.03383490179116532,0.4818840579710144,0.3713768115942029,0.5851449275362319,0.4221014492753623,0.5293005671077504
0.3206,0.47618147448015125,0.03414099636429799,0.4836956521739131,0.3695652173913043,0.5797101449275363,0.4148550724637681,0.5330812854442344
0.3208,0.47068367989918086,0.03278947117851658,0.47101449275362317,0.36775362318840576,0.572463768115942,0.4166666666666667,0.5255198487712666
0.321,0.4673597983616887,0.0321896106843949,0.4692028985507246,0.3659420289855072,0.5688405797101449,0.4148550724637682,0.5179584120982987
0.3212,0.464067422810334,0.031497063954054313,0.4655797101449275,0.3659420289855072,0.5634057971014492,0.41123188405797106,0.5141776937618148
0.3214,0.46074354127284184,0.03145188013226547,0.46376811594202894,0.36775362318840576,0.5634057971014493,0.40217391304347827,0.5066162570888468
0.3216,0.4578292375551355,0.03134093186416884,0.46014492753623193,0.3659420289855072,0.5597826086956522,0.39855072463768115,0.5047258979206048
0.3218,0.4545526149968494,0.030406027150298325,0.45833333333333337,0.36413043478260865,0.5507246376811594,0.3967391304347826,0.502835538752363
0.322,0.45343415248897295,0.02942311135783703,0.45833333333333337,0.36775362318840576,0.5471014492753624,0.39492753623188404,0.499054820415879
0.3222,0.44977945809703834,0.029036032031404334,0.4438405797101449,0.37318840579710144,0.5471014492753623,0.38949275362318836,0.49527410207939515
0.3224,0.4461562696912413,0.030070054924297707,0.43659420289855067,0.3713768115942029,0.5471014492753623,0.3804347826086957,0.49527410207939504
0.3226,0.44102079395085064,0.03040968651720218,0.4257246376811594,0.3713768115942029,0.5471014492753623,0.37318840579710144,0.4877126654064272
0.3228,0.4348298676748582,0.031165859397129198,0.40942028985507245,0.36413043478260865,0.5452898550724637,0.3713768115942029,0.4839319470699433
0.323,0.43481411468178954,0.030633683626043,0.40398550724637683,0.36775362318840576,0.5452898550724637,0.37500000000000006,0.4820415879017013
0.3232,0.43339634530560806,0.031362754130623845,0.39311594202898553,0.3695652173913043,0.5452898550724637,0.3731884057971015,0.4858223062381853
0.3234,0.42862318840579716,0.03119983896898864,0.38768115942028986,0.3695652173913043,0.5416666666666667,0.36594202898550726,0.4782608695652174
0.3236,0.42496849401386266,0.031189825138252254,0.38405797101449274,0.3659420289855072,0.5380434782608696,0.36231884057971014,0.47448015122873344
0.3238,0.42422810333963445,0.030330701747120384,0.3804347826086956,0.36956521739130427,0.5344202898550724,0.36413043478260865,0.4725897920604915
0.324,0.42383427851291744,0.02991526979984974,0.375,0.375,0.5344202898550725,0.3659420289855072,0.46880907372400754
0.3242,0.4216446124763705,0.031213524430351382,0.36413043478260865,0.37318840579710144,0.5380434782608696,0.36594202898550726,0.4669187145557656
0.3244,0.41874606175173285,0.031529800388612285,0.3532608695652174,0.37318840579710144,0.5344202898550725,0.36594202898550726,0.4669187145557656
0.3246,0.4154379332073094,0.03241749037305218,0.34601449275362317,0.3713768115942029,0.536231884057971,0.36231884057971014,0.4612476370510397
0.3248,0.4162413358538122,0.03269376955689139,0.3423913043478261,0.37318840579710144,0.532608695652174,0.3623188405797101,0.4706994328922495
0.325,0.4118147448015123,0.03298041452098051,0.3369565217391304,0.36594202898550726,0.532608695652174,0.36231884057971014,0.4612476370510397
0.3252,0.41105860113421555,0.03325706741069745,0.3333333333333333,0.36594202898550726,0.5344202898550725,0.3641304347826087,0.45746691871455575
0.3254,0.40885318210459987,0.03352294961856246,0.3315217391304348,0.3641304347826087,0.5344202898550725,0.3605072463768116,0.45368620037807184
0.3256,0.4084593572778828,0.033272271035176555,0.33152173913043476,0.3695652173913043,0.5344202898550724,0.35688405797101447,0.44990548204158787
0.3258,0.40847511027095146,0.03636170954430628,0.3170289855072464,0.37318840579710144,0.5452898550724637,0.35507246376811596,0.45179584120982985
0.326,0.4070100819155639,0.037850745487377005,0.31340579710144933,0.3713768115942029,0.5507246376811594,0.3496376811594203,0.44990548204158787
0.3262,0.40442659105229994,0.039750052787440454,0.30615942028985504,0.3659420289855072,0.5579710144927537,0.34782608695652173,0.444234404536862
0.3264,0.4058443604284814,0.04180501626779797,0.30434782608695654,0.36775362318840576,0.5706521739130435,0.34601449275362317,0.44045368620037806
0.3266,0.40653749212350354,0.04163143594132413,0.3061594202898551,0.3695652173913043,0.5724637681159421,0.34782608695652173,0.43667296786389415
0.3268,0.40764020163831133,0.0418740312124616,0.30615942028985504,0.36956521739130427,0.5742753623188406,0.3496376811594203,0.4385633270321361
0.327,0.4079867674858223,0.043806393763927226,0.30797101449275366,0.3641304347826087,0.5851449275362318,0.34601449275362317,0.43667296786389415
0.3272,0.4087271581600504,0.04375524426675159,0.30797101449275366,0.36413043478260865,0.5851449275362319,0.34782608695652173,0.4385633270321361
0.3274,0.4075771896660365,0.04423517647166718,0.30797101449275366,0.3623188405797101,0.588768115942029,0.34782608695652173,0.43100189035916825
0.3276,0.4090107120352867,0.0456548939140463,0.3079710144927536,0.3586956521739131,0.5978260869565217,0.35144927536231885,0.42911153119092627
0.3278,0.4130119722747322,0.047952548712217644,0.3079710144927536,0.36413043478260865,0.6123188405797102,0.3496376811594203,0.43100189035916825
0.328,0.41264965343415244,0.04850884000159116,0.30615942028985504,0.36413043478260865,0.6141304347826086,0.34782608695652173,0.43100189035916825
0.3282,0.4119092627599244,0.04807072541286607,0.30072463768115937,0.3695652173913043,0.6105072463768116,0.3496376811594203,0.42911153119092627
0.3284,0.4096880907372401,0.04785460403260094,0.30072463768115937,0.3677536231884058,0.6086956521739131,0.34782608695652173,0.4234404536862003
0.3286,0.41038122243226216,0.04740639892884332,0.3025362318840579,0.3695652173913043,0.6086956521739131,0.35144927536231885,0.41965973534971646
0.3288,0.4111058601134216,0.04751299931223215,0.29891304347826086,0.37681159420289856,0.6086956521739131,0.35144927536231885,0.41965973534971646
0.329,0.41298046628859486,0.047494515966909436,0.29891304347826086,0.37681159420289856,0.6086956521739131,0.3532608695652174,0.4272211720226843
0.3292,0.4085223692501575,0.04679966141721339,0.29528985507246375,0.375,0.6032608695652174,0.35507246376811596,0.41398865784499056
0.3294,0.4063484562066793,0.04656182382238038,0.2934782608695652,0.3713768115942029,0.5996376811594203,0.3532608695652174,0.41398865784499056
0.3296,0.404174543163201,0.04665259256540844,0.28804347826086957,0.375,0.5960144927536232,0.34782608695652173,0.41398865784499056
0.3298,0.40526149968494013,0.04819795191721727,0.28985507246376807,0.37318840579710144,0.6050724637681159,0.3442028985507246,0.41398865784499056
0.33,0.40190611216131067,0.04751623219228312,0.2916666666666667,0.3713768115942029,0.6014492753623188,0.3423913043478261,0.40264650283553877
0.3302,0.39965343415248894,0.04826447149592399,0.286231884057971,0.3713768115942029,0.6032608695652174,0.34420289855072467,0.39319470699432885
0.3304,0.3971014492753623,0.04629294953946704,0.2826086956521739,0.37318840579710144,0.5905797101449275,0.34782608695652173,0.391304347826087
0.3306,0.39779458097038434,0.04541313650367651,0.2880434782608695,0.37681159420289856,0.5887681159420289,0.34782608695652173,0.38752362948960295
0.3308,0.4014650283553875,0.046437349404304454,0.2880434782608695,0.3804347826086957,0.5960144927536232,0.3496376811594203,0.3931947069943289
0.331,0.39741650913673593,0.046691194348333326,0.2807971014492754,0.3804347826086956,0.592391304347826,0.34782608695652173,0.385633270321361
0.3312,0.3970541902961563,0.04682532076798262,0.2807971014492754,0.3822463768115942,0.592391304347826,0.3442028985507246,0.385633270321361
0.3314,0.39810964083175804,0.047884603932910254,0.27717391304347827,0.38405797101449274,0.5978260869565217,0.3496376811594203,0.3818525519848771
0.3316,0.39733774417139256,0.047792076210006154,0.2789855072463768,0.38405797101449274,0.5978260869565217,0.3496376811594203,0.3761814744801512
0.3318,0.3969439193446755,0.04737716056947361,0.27898550724637683,0.3822463768115942,0.5960144927536232,0.35507246376811596,0.3724007561436673
0.332,0.39513232514177693,0.04581802162234459,0.27898550724637683,0.3804347826086956,0.5869565217391304,0.3568840579710145,0.3724007561436673
0.3322,0.39183994959042223,0.044587829923308356,0.26992753623188404,0.3858695652173913,0.5742753623188407,0.36050724637681164,0.3686200378071834
0.3324,0.3925645872715816,0.045338197809608655,0.2644927536231884,0.3876811594202898,0.5760869565217391,0.36594202898550726,0.3686200378071834
0.3326,0.3910680529300567,0.0455109177100156,0.2608695652173913,0.3876811594202898,0.5742753623188406,0.3695652173913044,0.3629489603024575
0.3328,0.39289540012602386,0.0450479878990475,0.2608695652173913,0.38949275362318836,0.572463768115942,0.37681159420289856,0.3648393194706994
0.333,0.39212350346565844,0.04535741980876648,0.25905797101449274,0.38768115942028986,0.5724637681159421,0.3822463768115942,0.35916824196597347
0.3332,0.39034341524889726,0.04413540782364656,0.25905797101449274,0.38224637681159424,0.5652173913043478,0.3822463768115942,0.3629489603024575
0.3334,0.39024889729048523,0.0426544605200958,0.2644927536231884,0.3840579710144927,0.5579710144927537,0.39311594202898553,0.3516068052930057
0.3336,0.38842155009451795,0.0409265403605215,0.2608695652173913,0.3931159420289855,0.5434782608695652,0.39492753623188404,0.3497164461247637
0.3338,0.3879804662885948,0.04137411035891216,0.25905797101449274,0.3967391304347826,0.5416666666666666,0.40217391304347827,0.34026465028355385
0.334,0.3886893509766856,0.04201842353417025,0.2590579710144928,0.39855072463768115,0.5452898550724637,0.4021739130434782,0.3383742911153119
0.3342,0.39119407687460617,0.04148976888954649,0.26086956521739135,0.40760869565217395,0.5398550724637682,0.4130434782608695,0.33459357277882795
0.3344,0.39045368620037807,0.04001168077172676,0.2608695652173913,0.40398550724637683,0.5253623188405797,0.42934782608695654,0.332703213610586
0.3346,0.3940926275992439,0.04088125150967628,0.2608695652173913,0.41123188405797095,0.5307971014492754,0.43297101449275366,0.33459357277882795
0.3348,0.39333648393194703,0.04061477475837804,0.26086956521739135,0.41123188405797095,0.5253623188405797,0.4384057971014493,0.33081285444234404
0.335,0.3940296156269691,0.038624601767413766,0.2717391304347826,0.40942028985507245,0.516304347826087,0.4456521739130435,0.32703213610586007
0.3352,0.39362003780718335,0.03820267180132189,0.27717391304347827,0.4076086956521739,0.5144927536231884,0.4474637681159421,0.3213610586011342
0.3354,0.3910365469439193,0.03837681047682258,0.2717391304347826,0.41123188405797106,0.5036231884057971,0.4528985507246377,0.3156899810964083
0.3356,0.3935570258349086,0.038796245408919516,0.27355072463768115,0.4130434782608695,0.4945652173913043,0.4728260869565218,0.3137996219281663
0.3358,0.39472274732199114,0.03657867107086598,0.2789855072463768,0.41123188405797095,0.48731884057971014,0.4728260869565218,0.3232514177693762
0.336,0.39617202268431,0.03562912917459228,0.286231884057971,0.411231884057971,0.4836956521739131,0.47644927536231885,0.3232514177693762
0.3362,0.39724322621298047,0.03581993420502205,0.2898550724637681,0.40942028985507245,0.4818840579710145,0.4836956521739131,0.32136105860113423
0.3364,0.39492753623188404,0.037299488439510683,0.2934782608695652,0.4076086956521739,0.48007246376811596,0.4891304347826087,0.30434782608695654
0.3366,0.39270636420919974,0.03751413416694795,0.2971014492753623,0.39855072463768115,0.47282608695652173,0.49637681159420294,0.29867674858223064
0.3368,0.3949117832388154,0.03618554336305198,0.30615942028985504,0.39855072463768115,0.4673913043478261,0.5,0.30245746691871456
0.337,0.3963768115942029,0.034836914128713266,0.31521739130434784,0.3985507246376812,0.463768115942029,0.5,0.30434782608695654
0.3372,0.3992911153119092,0.03447313248686558,0.31884057971014496,0.40579710144927533,0.4655797101449275,0.5,0.3062381852551984
0.3374,0.401543793320731,0.03362431996888569,0.322463768115942,0.39855072463768115,0.46920289855072467,0.5018115942028986,0.31568998109640833
0.3376,0.3989445494643983,0.033988666022294084,0.322463768115942,0.39855072463768115,0.463768115942029,0.5018115942028986,0.30812854442344045
0.3378,0.399653434152489,0.0349308333200964,0.32065217391304346,0.4003623188405797,0.46557971014492755,0.5054347826086956,0.30623818525519847
0.338,0.40001575299306874,0.03411631058802644,0.32971014492753625,0.39492753623188404,0.4619565217391305,0.5072463768115942,0.3062381852551985
0.3382,0.3992753623188406,0.034393963998124805,0.3315217391304348,0.3931159420289855,0.45471014492753625,0.5126811594202898,0.30434782608695654
0.3384,0.3992438563327032,0.03479518741211239,0.3351449275362319,0.3913043478260869,0.45471014492753625,0.5144927536231885,0.3005671077504726
0.3386,0.39855072463768115,0.03254018568017059,0.3405797101449275,0.3913043478260869,0.45108695652173914,0.5054347826086957,0.30434782608695654
0.3388,0.3999684940138627,0.03166578880638231,0.3496376811594203,0.3967391304347826,0.45471014492753625,0.49818840579710144,0.3005671077504726
0.339,0.399952741020794,0.03046791272259641,0.36050724637681164,0.3967391304347826,0.4492753623188406,0.4945652173913043,0.29867674858223064
0.3392,0.40176433522369254,0.03040377777582396,0.3659420289855072,0.39492753623188404,0.4583333333333333,0.49094202898550726,0.2986767485822307
0.3394,0.40140201638311285,0.030688168017441408,0.36775362318840576,0.3894927536231884,0.4565217391304348,0.4945652173913043,0.2986767485822306
0.3396,0.4003308128544424,0.028431229525783894,0.37681159420289856,0.391304347826087,0.44565217391304346,0.4873188405797102,0.3005671077504725
0.3398,0.40286704473850027,0.0277948731009809,0.3858695652173913,0.3967391304347826,0.447463768115942,0.483695652173913,0.3005671077504726
0.34,0.40252047889098924,0.026741981487293485,0.3931159420289855,0.391304347826087,0.4492753623188406,0.47644927536231885,0.30245746691871456
0.3402,0.40215816005040955,0.026124128410249484,0.39855072463768115,0.391304347826087,0.44384057971014496,0.4746376811594203,0.30245746691871456
0.3404,0.40252047889098924,0.02580260055856529,0.4039855072463768,0.391304347826087,0.4420289855072464,0.47282608695652173,0.30245746691871456
0.3406,0.40359168241965976,0.02598279403280706,0.4130434782608695,0.391304347826087,0.4420289855072464,0.4710144927536232,0.3005671077504726
0.3408,0.4036074354127284,0.02499121271265645,0.4184782608695652,0.3931159420289855,0.4384057971014493,0.46557971014492755,0.3024574669187145
0.341,0.4054190296156269,0.025675449612669148,0.42028985507246375,0.391304347826087,0.4456521739130435,0.46739130434782605,0.30245746691871456
0.3412,0.40433207309388786,0.024668800862243538,0.4221014492753623,0.3949275362318841,0.4456521739130435,0.4565217391304348,0.30245746691871456
0.3414,0.40510396975425333,0.023402219378204876,0.4221014492753623,0.3967391304347826,0.44565217391304346,0.45289855072463764,0.30812854442344045
0.3416,0.4061594202898551,0.024236936925510842,0.4293478260869565,0.3985507246376812,0.447463768115942,0.45108695652173914,0.3043478260869565
0.3418,0.4061594202898551,0.023766569408858282,0.43115942028985504,0.40398550724637683,0.447463768115942,0.44384057971014496,0.30434782608695654
0.342,0.4088059231253938,0.02129520810456385,0.4347826086956522,0.4057971014492754,0.4438405797101449,0.4420289855072464,0.31758034026465026
0.3422,0.4094990548204159,0.022107371292976463,0.44021739130434784,0.40942028985507245,0.4420289855072464,0.4420289855072464,0.31379962192816635
0.3424,0.41205103969754253,0.022473681697428614,0.4492753623188406,0.40942028985507245,0.447463768115942,0.4384057971014492,0.31568998109640833
0.3426,0.4142407057340895,0.02246566148847256,0.4528985507246377,0.4148550724637681,0.45108695652173914,0.43478260869565216,0.31758034026465026
0.3428,0.4161310649023314,0.02137884185776692,0.4601449275362319,0.411231884057971,0.4528985507246377,0.42934782608695654,0.3270321361058601
0.343,0.4205103969754253,0.021414934205928313,0.45833333333333337,0.41847826086956524,0.46376811594202905,0.4311594202898551,0.33081285444234404
0.3432,0.42274732199117826,0.020589823628161818,0.4619565217391305,0.4166666666666667,0.4655797101449276,0.43115942028985504,0.3383742911153119
0.3434,0.4257088846880907,0.020205010231723816,0.46557971014492755,0.42028985507246375,0.47282608695652173,0.42391304347826086,0.3459357277882798
0.3436,0.4286546943919344,0.020379580830731568,0.47101449275362317,0.41485507246376807,0.4782608695652174,0.427536231884058,0.3516068052930057
0.3438,0.43010396975425336,0.019949455083309434,0.4673913043478261,0.41666666666666663,0.4764492753623189,0.4384057971014492,0.3516068052930057
0.344,0.4323408947700062,0.01897275208232721,0.4673913043478261,0.41666666666666663,0.4782608695652174,0.4402173913043478,0.3591682419659735
0.3442,0.4342155009451797,0.017559032580191297,0.46557971014492755,0.42028985507246375,0.4782608695652174,0.44021739130434784,0.3667296786389414
0.3444,0.4379332073093888,0.015862943325404916,0.463768115942029,0.427536231884058,0.4818840579710144,0.4384057971014492,0.37807183364839325
0.3446,0.43831127914303714,0.015383624882622515,0.46195652173913043,0.43115942028985504,0.4818840579710145,0.4365942028985508,0.3799621928166352
0.3448,0.44122558286074354,0.015343729011670203,0.4692028985507246,0.4329710144927536,0.48007246376811596,0.4420289855072464,0.38185255198487716
0.345,0.4427063642091998,0.015006321372157789,0.47282608695652173,0.4347826086956522,0.4800724637681159,0.44021739130434784,0.3856332703213611
0.3452,0.4423755513547574,0.014767951683042943,0.4746376811594203,0.42934782608695654,0.4800724637681159,0.43840579710144933,0.38941398865784504
0.3454,0.444234404536862,0.013901317968001096,0.47101449275362317,0.427536231884058,0.4818840579710145,0.44565217391304357,0.39508506616257094
0.3456,0.44536862003780725,0.013023612077726612,0.47101449275362317,0.42934782608695654,0.4818840579710144,0.4438405797101449,0.40075614366729684
0.3458,0.44935412728418395,0.014033945351591482,0.47282608695652173,0.42934782608695654,0.48913043478260865,0.4547101449275362,0.4007561436672968
0.346,0.4552142407057341,0.014566921395420188,0.47282608695652173,0.43115942028985504,0.5018115942028986,0.46195652173913043,0.4083175803402647
0.3462,0.4611216131064902,0.013245327909380137,0.47644927536231874,0.43659420289855067,0.5054347826086956,0.4655797101449275,0.42155009451795844
0.3464,0.46553245116572145,0.012671999807376195,0.47826086956521735,0.4438405797101449,0.5108695652173914,0.46557971014492755,0.42911153119092627
0.3466,0.47172337744171394,0.01345497434117607,0.483695652173913,0.4528985507246377,0.5217391304347826,0.46739130434782605,0.43289224952741023
0.3468,0.47608695652173905,0.014082974924877192,0.49275362318840576,0.4601449275362318,0.5271739130434783,0.4655797101449275,0.43478260869565216
0.347,0.4808286074354127,0.014047211648777067,0.5018115942028986,0.463768115942029,0.5289855072463768,0.47101449275362317,0.43856332703213613
0.3472,0.4870982986767486,0.014723822989969467,0.5036231884057971,0.4655797101449275,0.5434782608695652,0.47101449275362317,0.45179584120982985
0.3474,0.49146187775677375,0.01528846603229582,0.5054347826086956,0.46739130434782605,0.5507246376811594,0.48007246376811596,0.45368620037807184
0.3476,0.495526149968494,0.015548250444111228,0.5054347826086956,0.4655797101449275,0.5579710144927535,0.4855072463768116,0.4631379962192817
0.3478,0.5014020163831128,0.016077060499556553,0.5108695652173912,0.46920289855072456,0.5670289855072463,0.4873188405797102,0.4725897920604915
0.348,0.5051039697542532,0.01596909741756089,0.5126811594202898,0.4692028985507246,0.5706521739130435,0.49094202898550726,0.4820415879017014
0.3482,0.5095620667926906,0.017111675215696467,0.5217391304347826,0.46920289855072467,0.5778985507246377,0.4836956521739131,0.4952741020793951
0.3484,0.5146817895400126,0.017638155797001422,0.5217391304347826,0.4728260869565218,0.5869565217391304,0.49094202898550726,0.500945179584121
0.3486,0.5183522369250158,0.018500305938575667,0.5289855072463767,0.47282608695652173,0.592391304347826,0.49094202898550726,0.5066162570888468
0.3488,0.5205576559546314,0.018310806438726686,0.5253623188405797,0.47826086956521735,0.5960144927536232,0.49275362318840576,0.5103969754253308
0.349,0.523456206679269,0.019771147261955044,0.5307971014492754,0.4836956521739131,0.6050724637681159,0.48731884057971014,0.5103969754253308
0.3492,0.5263705103969754,0.02012922360939892,0.536231884057971,0.4891304347826087,0.6086956521739131,0.48550724637681164,0.5122873345935728
0.3494,0.5317895400126023,0.021917464832503602,0.5452898550724637,0.49275362318840576,0.6213768115942028,0.48913043478260865,0.5103969754253308
0.3496,0.5346723377441714,0.023729858250576462,0.5489130434782609,0.4927536231884058,0.6322463768115941,0.4909420289855072,0.5085066162570888
0.3498,0.5365154379332073,0.024580541524476068,0.5452898550724637,0.4945652173913044,0.6394927536231884,0.49094202898550726,0.5122873345935728
0.35,0.5409420289855073,0.02576084408568014,0.5471014492753623,0.5018115942028984,0.6485507246376812,0.4855072463768116,0.5217391304347826
0.3502,0.54497479521109,0.026640309440164094,0.5452898550724637,0.5072463768115942,0.657608695652174,0.48731884057971014,0.5274102079395085
0.3504,0.5464555765595462,0.027010374262190995,0.5434782608695651,0.5072463768115942,0.661231884057971,0.48913043478260865,0.5311909262759924
0.3506,0.5497479521109011,0.028353992474259293,0.5452898550724636,0.5090579710144928,0.6702898550724637,0.48913043478260865,0.5349716446124764
0.3508,0.5570888468809073,0.028340237848887263,0.5525362318840579,0.5217391304347826,0.6757246376811594,0.4891304347826087,0.5463137996219282
0.351,0.5600819155639571,0.028091375762618376,0.5507246376811594,0.5289855072463768,0.6757246376811594,0.48731884057971014,0.55765595463138
0.3512,0.5641776937618148,0.028781329653039516,0.5489130434782609,0.5307971014492754,0.681159420289855,0.4891304347826087,0.5708884688090737
0.3514,0.5652961562696912,0.027764622352701048,0.5543478260869565,0.532608695652174,0.6757246376811594,0.4891304347826087,0.5746691871455577
0.3516,0.568982356647763,0.02912917465220874,0.5543478260869565,0.532608695652174,0.6847826086956521,0.49094202898550726,0.5822306238185255
0.3518,0.5700850661625709,0.028583686766178278,0.5525362318840579,0.5398550724637682,0.6829710144927535,0.49094202898550726,0.5841209829867675
0.352,0.5678796471329552,0.028003960685123334,0.5452898550724637,0.5434782608695652,0.6793478260869565,0.4909420289855072,0.5803402646502835
0.3522,0.570431632010082,0.02761186853935854,0.5452898550724637,0.5471014492753623,0.6811594202898551,0.4963768115942029,0.5822306238185255
0.3524,0.5715343415248897,0.02985360019755297,0.536231884057971,0.5507246376811594,0.6920289855072463,0.4945652173913044,0.5841209829867675
0.3526,0.5726370510396975,0.030233284491506637,0.5380434782608695,0.552536231884058,0.6938405797101449,0.4927536231884058,0.5860113421550095
0.3528,0.5697385003150599,0.029313383514571623,0.536231884057971,0.5471014492753623,0.6865942028985507,0.4927536231884058,0.5860113421550095
0.353,0.5697542533081286,0.027772241741484894,0.536231884057971,0.5489130434782609,0.6793478260869565,0.4963768115942029,0.5879017013232515
0.3532,0.5661310649023314,0.02680552741096052,0.5344202898550725,0.5434782608695652,0.6702898550724637,0.4945652173913043,0.5879017013232515
0.3534,0.5650283553875235,0.028125129303177163,0.5326086956521738,0.5452898550724637,0.6739130434782608,0.4873188405797101,0.5860113421550095
0.3536,0.5661468178954001,0.0274304294963281,0.532608695652174,0.5434782608695652,0.6721014492753623,0.49275362318840576,0.5897920604914935
0.3538,0.5665406427221171,0.028575733164812697,0.5307971014492754,0.5489130434782609,0.6739130434782609,0.4855072463768116,0.5935727788279773
0.354,0.567249527410208,0.02653629346254229,0.5289855072463768,0.5507246376811593,0.6684782608695652,0.4963768115942029,0.5916824196597354
0.3542,0.5679584120982988,0.028159817057046604,0.5307971014492754,0.5634057971014493,0.6721014492753623,0.48369565217391297,0.5897920604914935
0.3544,0.5683207309388785,0.028409915714341517,0.5235507246376812,0.5670289855072465,0.6739130434782609,0.48731884057971014,0.5897920604914935
0.3546,0.5686515437933208,0.029656594959669717,0.5217391304347826,0.5724637681159421,0.6793478260869565,0.483695652173913,0.5860113421550095
0.3548,0.5701480781348456,0.02930390045474095,0.5163043478260869,0.5833333333333333,0.6739130434782609,0.48550724637681153,0.5916824196597353
0.355,0.5646817895400126,0.02817330567716926,0.5108695652173914,0.5778985507246377,0.6630434782608696,0.48369565217391297,0.5879017013232515
0.3552,0.5614524259609326,0.026299501857909156,0.5108695652173914,0.5760869565217391,0.6467391304347827,0.4818840579710145,0.5916824196597353
0.3554,0.5581758034026466,0.02541266475013551,0.5054347826086957,0.572463768115942,0.6394927536231884,0.48369565217391297,0.5897920604914935
0.3556,0.5585066162570888,0.0257249936403894,0.5036231884057971,0.5887681159420289,0.6340579710144928,0.48007246376811596,0.5860113421550095
0.3558,0.5566320100819155,0.025486385755976,0.49818840579710144,0.588768115942029,0.6340579710144928,0.4836956521739131,0.5784499054820416
0.356,0.5555135475740391,0.024875661039879902,0.4963768115942029,0.592391304347826,0.6286231884057971,0.4855072463768116,0.5746691871455577
0.3562,0.5562224322621298,0.025994084460310124,0.4873188405797101,0.6050724637681159,0.6268115942028984,0.48913043478260865,0.5727788279773157
0.3564,0.555119722747322,0.027252199040777216,0.48007246376811596,0.6159420289855072,0.6213768115942029,0.48731884057971014,0.5708884688090737
0.3566,0.5576717076244486,0.026500536910338834,0.48550724637681164,0.6177536231884058,0.6213768115942029,0.49094202898550726,0.5727788279773157
0.3568,0.5580182734719596,0.027914637977860462,0.4818840579710145,0.6286231884057971,0.6195652173913043,0.48913043478260876,0.5708884688090738
0.357,0.5565374921235036,0.02760124347890485,0.4855072463768116,0.6322463768115942,0.6123188405797102,0.4855072463768116,0.5671077504725898
0.3572,0.5598141146817894,0.028741901168735574,0.48731884057971014,0.6413043478260869,0.6159420289855072,0.4855072463768116,0.5689981096408318
0.3574,0.5598298676748582,0.02999942857218798,0.48188405797101447,0.6431159420289856,0.6195652173913043,0.483695652173913,0.5708884688090738
0.3576,0.5609010712035286,0.029873119779455188,0.47826086956521735,0.6394927536231884,0.6268115942028986,0.4909420289855073,0.5689981096408316
0.3578,0.5576244486452426,0.031081917614238185,0.4692028985507246,0.641304347826087,0.6231884057971014,0.48731884057971014,0.5671077504725898
0.358,0.5565059861373661,0.031294934251015004,0.4673913043478261,0.6431159420289855,0.6213768115942029,0.48731884057971014,0.5633270321361059
0.3582,0.5520951480781349,0.031222301914185513,0.46376811594202894,0.6376811594202899,0.6195652173913044,0.4836956521739131,0.555765595463138
0.3584,0.5549779458097038,0.030325595934755752,0.4746376811594203,0.6431159420289855,0.6177536231884058,0.48550724637681164,0.553875236294896
0.3586,0.5557025834908632,0.030407319893998336,0.47282608695652173,0.644927536231884,0.6177536231884058,0.4891304347826087,0.553875236294896
0.3588,0.5546156269691241,0.03120774561953,0.4655797101449275,0.6485507246376812,0.6141304347826086,0.49094202898550726,0.553875236294896
0.359,0.5553875236294896,0.03158744510319121,0.46014492753623193,0.6539855072463768,0.6068840579710145,0.4963768115942029,0.5595463137996219
0.3592,0.5546313799621928,0.032135230167097024,0.4583333333333333,0.6576086956521738,0.605072463768116,0.4963768115942029,0.555765595463138
0.3594,0.5517328292375552,0.03317581387472,0.45108695652173914,0.6594202898550724,0.5996376811594203,0.49275362318840576,0.555765595463138
0.3596,0.5484562066792691,0.03341433305449974,0.44565217391304346,0.657608695652174,0.5942028985507246,0.4909420289855072,0.553875236294896
0.3598,0.5455734089477,0.03277396938448405,0.4438405797101449,0.6503623188405797,0.5905797101449275,0.4873188405797102,0.555765595463138
0.36,0.5459514807813484,0.032899126408372587,0.4420289855072464,0.6503623188405797,0.5905797101449275,0.48913043478260876,0.55765595463138
0.3602,0.5459829867674859,0.032744705077127165,0.4402173913043478,0.6485507246376813,0.5887681159420289,0.4909420289855072,0.5614366729678639
0.3604,0.5430686830497795,0.03354613392894499,0.43297101449275366,0.6449275362318841,0.5905797101449275,0.4873188405797102,0.5595463137996219
0.3606,0.5387208569628229,0.032346343020481644,0.43478260869565216,0.6394927536231884,0.5778985507246377,0.4818840579710145,0.5595463137996219
0.3608,0.5365154379332073,0.032386809813262994,0.4329710144927536,0.641304347826087,0.5706521739130435,0.4818840579710145,0.555765595463138
0.361,0.5339634530560807,0.03311406093839844,0.4275362318840579,0.6376811594202899,0.5742753623188406,0.47644927536231885,0.5538752362948961
0.3612,0.531758034026465,0.033096317885607164,0.4221014492753623,0.6358695652173914,0.5706521739130435,0.4800724637681159,0.5500945179584121
0.3614,0.5307183364839319,0.03391883166776624,0.41666666666666663,0.6358695652173912,0.5670289855072463,0.4782608695652174,0.555765595463138
0.3616,0.5285601764335224,0.03449684357600251,0.41123188405797095,0.6322463768115941,0.5670289855072465,0.4746376811594203,0.55765595463138
0.3618,0.5245431632010081,0.03405931603997836,0.4094202898550724,0.6304347826086957,0.5561594202898551,0.47282608695652173,0.5538752362948961
0.362,0.5219911783238815,0.03376113322545679,0.40760869565217395,0.628623188405797,0.5489130434782609,0.47282608695652173,0.551984877126654
0.3622,0.5219911783238815,0.033287318616031535,0.40942028985507245,0.6268115942028986,0.5489130434782609,0.47282608695652173,0.551984877126654
0.3624,0.5190926275992439,0.033596304575315025,0.40579710144927533,0.625,0.5434782608695652,0.4692028985507246,0.5519848771266541
0.3626,0.520179584120983,0.03218329467172611,0.40942028985507245,0.6213768115942028,0.5416666666666666,0.47644927536231885,0.551984877126654
0.3628,0.5173125393824827,0.0322564173005541,0.4039855072463768,0.6159420289855072,0.5344202898550724,0.47644927536231885,0.5557655954631381
0.363,0.5129332073093887,0.03272042961974816,0.3967391304347826,0.6105072463768115,0.5344202898550724,0.4710144927536232,0.551984877126654
0.3632,0.5144297416509136,0.03308365130916536,0.3967391304347826,0.6123188405797101,0.532608695652174,0.47282608695652173,0.55765595463138
0.3634,0.5107277882797732,0.033206452976883925,0.38949275362318836,0.6105072463768116,0.5289855072463768,0.47644927536231885,0.5482041587901701
0.3636,0.5074039067422811,0.03263646845204347,0.3913043478260869,0.6123188405797102,0.516304347826087,0.47644927536231885,0.5406427221172022
0.3638,0.5070258349086327,0.03262556601610393,0.3913043478260869,0.6141304347826086,0.5108695652173914,0.48007246376811596,0.5387523629489603
0.364,0.5092155009451795,0.03343347794767439,0.3876811594202898,0.6177536231884058,0.5108695652173914,0.48913043478260865,0.5406427221172022
0.3642,0.5037019533711404,0.03265809371595142,0.3858695652173913,0.6123188405797101,0.5,0.48913043478260865,0.5311909262759924
0.3644,0.49669187145557653,0.0315945274449859,0.3804347826086956,0.6014492753623187,0.4981884057971015,0.4873188405797101,0.5160680529300568
0.3646,0.49593572778827977,0.031488066737713885,0.3804347826086957,0.6014492753623188,0.4963768115942029,0.48913043478260865,0.5122873345935728
0.3648,0.49231253938248265,0.03261265725123455,0.375,0.6032608695652174,0.48188405797101447,0.48913043478260865,0.5122873345935728
0.365,0.49343100189035916,0.0355920435508151,0.3677536231884058,0.6159420289855072,0.47463768115942023,0.4927536231884059,0.5160680529300568
0.3652,0.4930529300567108,0.03609161225273095,0.36594202898550726,0.6177536231884058,0.47282608695652173,0.4945652173913043,0.5141776937618148
0.3654,0.49081600504095774,0.03619533648878053,0.3605072463768116,0.6141304347826086,0.4746376811594203,0.49818840579710144,0.5066162570888468
0.3656,0.48894139886578447,0.03487298964711093,0.36413043478260865,0.6086956521739131,0.4728260869565217,0.5,0.49905482041587906
0.3658,0.4896502835538752,0.03455590290246034,0.36231884057971014,0.6032608695652174,0.4746376811594203,0.5108695652173914,0.497164461247637
0.366,0.48596408317580336,0.034989184223122645,0.3586956521739131,0.6014492753623188,0.46739130434782605,0.5126811594202898,0.48960302457466914
0.3662,0.4852079395085066,0.03485592695669628,0.3568840579710145,0.5978260869565217,0.4692028985507246,0.516304347826087,0.4858223062381852
0.3664,0.4825771896660366,0.03454396405986903,0.3586956521739131,0.5960144927536232,0.4655797101449275,0.5181159420289856,0.47448015122873344
0.3666,0.4785286704473849,0.034000277268830835,0.3605072463768116,0.5905797101449275,0.4547101449275362,0.519927536231884,0.4669187145557656
0.3668,0.4796156269691242,0.03346383219333869,0.36413043478260865,0.5869565217391304,0.4528985507246377,0.5271739130434783,0.4669187145557656
0.367,0.4803717706364209,0.03348389298774527,0.36231884057971014,0.5851449275362318,0.4547101449275362,0.5289855072463768,0.4706994328922495
0.3672,0.47999369880277254,0.0330021482700346,0.36775362318840576,0.5833333333333334,0.44746376811594196,0.5326086956521738,0.4688090737240076
0.3674,0.47846565847511024,0.03243476316916463,0.3695652173913043,0.5778985507246377,0.4492753623188406,0.536231884057971,0.4593572778827978
0.3676,0.4799306868304978,0.0329967819804564,0.3713768115942029,0.5815217391304348,0.44565217391304346,0.5398550724637681,0.46124763705103966
0.3678,0.4799149338374291,0.03363075495454792,0.37318840579710144,0.5851449275362318,0.4402173913043478,0.5416666666666667,0.45935727788279773
0.368,0.48281348456206674,0.03417400014753737,0.37681159420289856,0.588768115942029,0.4402173913043478,0.5489130434782609,0.4593572778827977
0.3682,0.48462507876496536,0.03384759515869533,0.3804347826086957,0.5869565217391305,0.44202898550724634,0.5543478260869565,0.45935727788279773
0.3684,0.48607435412728417,0.033903196281598234,0.38224637681159424,0.5887681159420289,0.4438405797101449,0.5561594202898551,0.45935727788279773
0.3686,0.48607435412728417,0.03380625638837618,0.3804347826086957,0.5887681159420289,0.447463768115942,0.5543478260869565,0.45935727788279773
0.3688,0.48640516698172653,0.033378080214069544,0.38768115942028986,0.5887681159420289,0.4438405797101449,0.5561594202898551,0.4555765595463138
0.369,0.48859483301827356,0.03348079495080451,0.391304347826087,0.592391304347826,0.4438405797101449,0.5579710144927537,0.4574669187145557
0.3692,0.4857120352867044,0.031973070444040366,0.3967391304347826,0.5851449275362319,0.43478260869565216,0.552536231884058,0.4593572778827977
0.3694,0.48462507876496536,0.030251295831008742,0.40398550724637683,0.5815217391304348,0.4329710144927536,0.5452898550724637,0.4593572778827977
0.3696,0.4824196597353497,0.0296181942605488,0.40217391304347827,0.5760869565217391,0.43478260869565216,0.5434782608695652,0.45557655954631376
0.3698,0.48201008191556394,0.029660560973107306,0.4057971014492754,0.5742753623188406,0.43297101449275366,0.5471014492753623,0.44990548204158787
0.37,0.480072463768116,0.02970572607647771,0.4094202898550725,0.5742753623188406,0.4365942028985508,0.5452898550724637,0.4347826086956522
0.3702,0.4793163201008192,0.02994304291767181,0.4094202898550725,0.5742753623188406,0.4365942028985507,0.5452898550724637,0.43100189035916825
0.3704,0.47887523629489603,0.030452865456097794,0.4166666666666667,0.572463768115942,0.43297101449275366,0.5507246376811594,0.42155009451795844
0.3706,0.47592942659105225,0.030217202254699812,0.42028985507246375,0.5706521739130435,0.427536231884058,0.5452898550724637,0.4158790170132325
0.3708,0.4774102079395085,0.029985642513855514,0.4221014492753623,0.5778985507246377,0.42934782608695654,0.5380434782608696,0.41965973534971646
0.371,0.478182104599874,0.029883390482544726,0.42028985507246375,0.5760869565217392,0.427536231884058,0.5416666666666667,0.42533081285444235
0.3712,0.4781348456206679,0.028904682729169393,0.42934782608695654,0.572463768115942,0.42934782608695654,0.5398550724637682,0.41965973534971646
0.3714,0.47810333963453056,0.029550020173519397,0.4329710144927536,0.572463768115942,0.4257246376811595,0.5434782608695652,0.4158790170132325
0.3716,0.47522054190296165,0.028496547048694962,0.427536231884058,0.5652173913043479,0.4257246376811594,0.5398550724637681,0.41776937618147447
0.3718,0.47703213610586015,0.02881899412754139,0.4311594202898551,0.5670289855072463,0.4257246376811595,0.5434782608695652,0.4177693761814745
0.372,0.4756301197227473,0.028186860035191344,0.4293478260869565,0.5597826086956521,0.42028985507246375,0.5452898550724637,0.4234404536862004
0.3722,0.47637051039697537,0.027887282968846853,0.4329710144927536,0.5525362318840579,0.4184782608695652,0.552536231884058,0.42533081285444235
0.3724,0.4778512917454316,0.026688428706241954,0.4365942028985508,0.5507246376811594,0.4221014492753623,0.5507246376811594,0.42911153119092627
0.3726,0.47971014492753633,0.026124168306613044,0.4420289855072464,0.5489130434782609,0.4202898550724638,0.552536231884058,0.4347826086956521
0.3728,0.48013547574039067,0.02494143489124816,0.447463768115942,0.5416666666666666,0.4166666666666667,0.552536231884058,0.44234404536862004
0.373,0.47908002520478893,0.024222997930626138,0.447463768115942,0.5344202898550725,0.4148550724637681,0.552536231884058,0.44612476370510395
0.3732,0.4838374291115312,0.02489221550436731,0.45652173913043476,0.5380434782608696,0.41304347826086957,0.5597826086956522,0.45179584120982985
0.3734,0.4831285444234405,0.024329154239833752,0.46195652173913043,0.532608695652174,0.40942028985507245,0.5579710144927537,0.45368620037807184
0.3736,0.48534971644612473,0.024376075802758256,0.4601449275362319,0.5380434782608696,0.411231884057971,0.5579710144927537,0.4593572778827977
0.3738,0.4853969754253308,0.022750535636581824,0.4601449275362319,0.5344202898550725,0.4148550724637681,0.552536231884058,0.46502835538752363
0.374,0.48946124763705107,0.021435782502406523,0.47282608695652173,0.5307971014492754,0.41666666666666663,0.552536231884058,0.47448015122873344
0.3742,0.4921077504725898,0.0220393144537234,0.4746376811594203,0.5271739130434783,0.4130434782608696,0.5579710144927537,0.48771266540642716
0.3744,0.49580970384373035,0.021635316902308088,0.4836956521739131,0.5217391304347826,0.41485507246376807,0.5615942028985508,0.49716446124763697
0.3746,0.5009609325771897,0.021141953435008333,0.49275362318840576,0.5253623188405797,0.4184782608695653,0.5615942028985508,0.5066162570888468
0.3748,0.5039224952741022,0.020110513056966883,0.5018115942028987,0.5235507246376812,0.4221014492753623,0.5579710144927535,0.5141776937618148
0.375,0.5068998109640832,0.019909746711357066,0.5108695652173914,0.5253623188405797,0.4221014492753623,0.552536231884058,0.5236294896030245
0.3752,0.5050409577819786,0.018957115467493065,0.5144927536231885,0.519927536231884,0.42391304347826086,0.5489130434782609,0.5179584120982987
0.3754,0.5039855072463768,0.019085641454372124,0.5163043478260869,0.5126811594202898,0.4221014492753623,0.5471014492753623,0.5217391304347826
0.3756,0.5109483301827347,0.020195238811203567,0.532608695652174,0.5217391304347826,0.4221014492753623,0.5471014492753623,0.5311909262759924
0.3758,0.511326402016383,0.02033190183972166,0.5307971014492754,0.5217391304347826,0.42210144927536225,0.5489130434782609,0.5330812854442344
0.376,0.5142564587271581,0.021267170753110038,0.5326086956521738,0.5217391304347826,0.4221014492753623,0.5579710144927537,0.5368620037807184
0.3762,0.5183364839319471,0.021677977602310338,0.536231884057971,0.5253623188405797,0.42391304347826086,0.5579710144927537,0.54820415879017
0.3764,0.5208884688090737,0.02071845482268425,0.5380434782608695,0.5253623188405797,0.43115942028985504,0.5597826086956521,0.5500945179584121
0.3766,0.5242753623188406,0.021609516989804785,0.5416666666666666,0.5271739130434783,0.43115942028985504,0.5561594202898551,0.5652173913043479
0.3768,0.5301827347195968,0.02159780045930122,0.5452898550724639,0.5326086956521738,0.43840579710144933,0.5561594202898551,0.5784499054820416
0.377,0.5309546313799622,0.021341067574077707,0.5471014492753624,0.5307971014492754,0.44202898550724634,0.5507246376811594,0.5841209829867675
0.3772,0.5334751102709514,0.020432148196472315,0.552536231884058,0.5344202898550725,0.447463768115942,0.5507246376811594,0.5822306238185255
0.3774,0.533097038437303,0.020162789926646378,0.552536231884058,0.5380434782608696,0.447463768115942,0.5471014492753623,0.5803402646502835
0.3776,0.5378544423440454,0.020016415287234836,0.5543478260869565,0.5489130434782609,0.45289855072463764,0.5471014492753623,0.5860113421550095
0.3778,0.5403906742281033,0.0200251388621784,0.556159420289855,0.5579710144927535,0.4547101449275362,0.5471014492753623,0.5860113421550095
0.378,0.5437303087586642,0.020371676595756533,0.5579710144927537,0.556159420289855,0.45833333333333326,0.5507246376811594,0.5954631379962192
0.3782,0.5459357277882798,0.020650165939652097,0.5579710144927537,0.5634057971014492,0.4601449275362319,0.5489130434782609,0.5992438563327032
0.3784,0.548109640831758,0.020866828716449303,0.5597826086956522,0.5670289855072463,0.4601449275362318,0.5543478260869565,0.5992438563327032
0.3786,0.5484877126654064,0.02076522475899086,0.552536231884058,0.568840579710145,0.46195652173913043,0.5579710144927537,0.6011342155009451
0.3788,0.5514020163831128,0.020571775685885856,0.552536231884058,0.568840579710145,0.46557971014492755,0.5670289855072463,0.6030245746691871
0.379,0.5510239445494645,0.019004148634575335,0.5507246376811594,0.5652173913043479,0.4728260869565218,0.5652173913043479,0.6011342155009451
0.3792,0.5513862633900442,0.0176744173583998,0.5507246376811594,0.5634057971014492,0.480072463768116,0.5615942028985508,0.6011342155009451
0.3794,0.5517328292375552,0.017078095798751892,0.5452898550724639,0.5652173913043479,0.4836956521739131,0.5652173913043479,0.5992438563327032
0.3796,0.5542533081285443,0.015172175332779708,0.5416666666666667,0.5706521739130435,0.4963768115942029,0.5652173913043479,0.5973534971644613
0.3798,0.5585853812224324,0.013087360621602925,0.5434782608695652,0.5778985507246377,0.5108695652173914,0.5652173913043479,0.5954631379962193
0.38,0.5593415248897291,0.013821338934944806,0.5344202898550724,0.5815217391304348,0.5144927536231885,0.5670289855072465,0.5992438563327033
0.3802,0.558900441083806,0.01232001696189816,0.5289855072463767,0.5833333333333333,0.5235507246376812,0.568840579710145,0.5897920604914935
0.3804,0.5614996849401386,0.013936892959604895,0.5307971014492754,0.5905797101449275,0.519927536231884,0.568840579710145,0.5973534971644613
0.3806,0.5600661625708885,0.01477692215466657,0.5235507246376812,0.5905797101449275,0.519927536231884,0.5670289855072463,0.5992438563327033
0.3808,0.5589949590422181,0.014397718598826643,0.5253623188405797,0.5887681159420289,0.5217391304347827,0.5579710144927537,0.6011342155009451
0.381,0.5538437303087587,0.013968465958612229,0.519927536231884,0.5887681159420289,0.5217391304347826,0.5471014492753623,0.5916824196597353
0.3812,0.5534499054820416,0.01488961371723037,0.519927536231884,0.5960144927536232,0.5163043478260869,0.5471014492753623,0.5879017013232514
0.3814,0.5549306868304978,0.01646539127912699,0.5217391304347826,0.6050724637681159,0.5144927536231885,0.5416666666666667,0.5916824196597354
0.3816,0.5567422810333963,0.016862364635779042,0.5181159420289855,0.608695652173913,0.5163043478260869,0.548913043478261,0.5916824196597354
0.3818,0.5545683679899182,0.01775970109805858,0.5144927536231884,0.6105072463768115,0.5144927536231884,0.5416666666666667,0.5916824196597354
0.382,0.5534026465028357,0.01662538677659298,0.5144927536231885,0.6105072463768115,0.519927536231884,0.5398550724637682,0.5822306238185255
0.3822,0.549007561436673,0.01870730639349435,0.5018115942028984,0.6159420289855072,0.5163043478260869,0.5344202898550725,0.5765595463137996
0.3824,0.5464555765595464,0.018303139552409097,0.5018115942028986,0.6123188405797101,0.5181159420289856,0.5253623188405797,0.5746691871455576
0.3826,0.5427536231884058,0.01958265460218917,0.4963768115942029,0.6177536231884058,0.5163043478260869,0.5181159420289855,0.5652173913043477
0.3828,0.5412728418399496,0.021079541449467155,0.4836956521739131,0.6213768115942029,0.5253623188405797,0.5144927536231885,0.5614366729678639
0.383,0.5394770006301197,0.020888093395005664,0.483695652173913,0.6177536231884059,0.519927536231884,0.5126811594202898,0.5633270321361059
0.3832,0.5365626969124133,0.020206889281678044,0.4855072463768116,0.6123188405797102,0.5144927536231884,0.5090579710144928,0.5614366729678639
0.3834,0.5313957151858852,0.020179314805721212,0.4836956521739131,0.6105072463768116,0.5108695652173914,0.5018115942028986,0.550094517958412
0.3836,0.529174543163201,0.020606246909924235,0.47826086956521735,0.6105072463768115,0.5144927536231885,0.49818840579710144,0.5444234404536862
0.3838,0.5229678638941399,0.021311914535182015,0.47463768115942023,0.6086956521739131,0.49818840579710144,0.4945652173913043,0.5387523629489603
0.384,0.5178638941398865,0.021282875474139432,0.4728260869565217,0.6032608695652174,0.4945652173913043,0.4836956521739131,0.5349716446124764
0.3842,0.5134530560806554,0.022519788199364177,0.46376811594202894,0.605072463768116,0.4909420289855072,0.48007246376811596,0.5274102079395085
0.3844,0.5102079395085066,0.022354930318945646,0.4565217391304348,0.5978260869565217,0.4927536231884058,0.4746376811594203,0.5293005671077504
0.3846,0.5083963453056081,0.021754793312787575,0.4619565217391305,0.5942028985507247,0.4836956521739131,0.4728260869565218,0.5293005671077504
0.3848,0.50586011342155,0.02128534956700653,0.4619565217391305,0.5887681159420289,0.4782608695652174,0.47101449275362317,0.5293005671077504
0.385,0.5084278512917454,0.021133613365440965,0.4710144927536232,0.5905797101449275,0.47282608695652173,0.4746376811594203,0.5330812854442344
0.3852,0.50586011342155,0.02201299825846157,0.46739130434782605,0.5923913043478262,0.46557971014492755,0.4746376811594203,0.5293005671077504
0.3854,0.5011027095148078,0.020965334097535128,0.4673913043478261,0.5833333333333334,0.4601449275362319,0.47101449275362317,0.5236294896030245
0.3856,0.5025047258979206,0.0207874744072133,0.46920289855072467,0.5869565217391304,0.4619565217391304,0.47644927536231885,0.5179584120982986
0.3858,0.5035129174543164,0.02059886335425961,0.4782608695652174,0.5905797101449275,0.46195652173913043,0.4782608695652174,0.5085066162570888
0.386,0.4994486452425961,0.021023264891137757,0.47644927536231885,0.5887681159420289,0.45289855072463764,0.48007246376811596,0.499054820415879
0.3862,0.4997637051039697,0.021812236100046494,0.47101449275362317,0.592391304347826,0.4510869565217391,0.4909420289855072,0.4933837429111531
0.3864,0.5015280403276622,0.022821619366209727,0.47282608695652173,0.5978260869565217,0.4492753623188405,0.5,0.4877126654064272
0.3866,0.5030403276622558,0.022210240960363167,0.4818840579710145,0.5942028985507246,0.44384057971014496,0.5,0.49527410207939504
0.3868,0.5055765595463138,0.023395325772423425,0.4873188405797101,0.6014492753623188,0.44202898550724634,0.5018115942028986,0.49527410207939504
0.387,0.5085696282293635,0.02527794793640749,0.4909420289855073,0.6068840579710144,0.431159420289855,0.5072463768115942,0.5066162570888469
0.3872,0.5114839319470699,0.02587506101041393,0.49818840579710144,0.6105072463768115,0.42934782608695643,0.5108695652173914,0.5085066162570888
0.3874,0.5148235664776307,0.025997463759711185,0.5036231884057971,0.608695652173913,0.4257246376811594,0.5181159420289855,0.5179584120982987
0.3876,0.5177693761814744,0.026384872387603384,0.5018115942028986,0.6123188405797101,0.427536231884058,0.5235507246376812,0.5236294896030247
0.3878,0.5221014492753623,0.026058760930136912,0.5108695652173914,0.6141304347826086,0.4311594202898551,0.5326086956521738,0.5217391304347827
0.388,0.5253938248267171,0.025248206146465866,0.5181159420289855,0.6123188405797101,0.4347826086956522,0.5362318840579711,0.5255198487712666
0.3882,0.5294580970384373,0.025082772159140232,0.5217391304347826,0.6123188405797101,0.43659420289855067,0.5416666666666667,0.5349716446124764
0.3884,0.5316477630749843,0.024421218432764756,0.5235507246376812,0.6105072463768115,0.4402173913043478,0.5471014492753623,0.5368620037807184
0.3886,0.5360428481411469,0.02374790325684344,0.5307971014492754,0.6141304347826086,0.447463768115942,0.5452898550724637,0.5425330812854443
0.3888,0.5437145557655956,0.02353191363604227,0.5362318840579711,0.6213768115942029,0.4565217391304348,0.5543478260869565,0.5500945179584121
0.389,0.5488972904851922,0.02403161714654667,0.5380434782608695,0.625,0.45833333333333326,0.5597826086956522,0.5633270321361059
0.3892,0.5536862003780718,0.02310003992772706,0.5489130434782609,0.6231884057971014,0.46376811594202894,0.5597826086956522,0.5727788279773156
0.3894,0.5565689981096409,0.022401879430199285,0.5561594202898551,0.625,0.46920289855072467,0.5615942028985508,0.5708884688090736
0.3896,0.5594360428481412,0.02074150122691748,0.556159420289855,0.625,0.4800724637681159,0.568840579710145,0.5671077504725899
0.3898,0.5652804032766225,0.02123638320085676,0.5579710144927535,0.6304347826086957,0.483695652173913,0.5815217391304348,0.5727788279773157
0.39,0.568588531821046,0.019261052630340076,0.5634057971014492,0.625,0.4927536231884059,0.5833333333333334,0.5784499054820416
0.3902,0.5729678638941399,0.020363089291903474,0.5634057971014493,0.6340579710144928,0.4945652173913043,0.5905797101449275,0.5822306238185255
0.3904,0.5762602394454946,0.02064570708395638,0.5670289855072465,0.6376811594202899,0.4963768115942029,0.5942028985507246,0.5860113421550095
0.3906,0.5820888468809073,0.01906689336498107,0.572463768115942,0.6394927536231885,0.5090579710144928,0.5996376811594204,0.5897920604914934
0.3908,0.5879332073093888,0.018960722846739136,0.5724637681159421,0.6467391304347826,0.5181159420289855,0.6068840579710144,0.5954631379962193
0.391,0.5890044108380591,0.019688783715570028,0.5706521739130435,0.6503623188405797,0.5181159420289855,0.6123188405797102,0.5935727788279772
0.3912,0.5923282923755513,0.019852576624851,0.572463768115942,0.6521739130434783,0.519927536231884,0.6159420289855073,0.6011342155009451
0.3914,0.5949432892249527,0.018958484677011053,0.572463768115942,0.6485507246376812,0.5253623188405797,0.6177536231884059,0.610586011342155
0.3916,0.5993068683049779,0.017277929907274614,0.5742753623188406,0.6467391304347826,0.5380434782608696,0.625,0.6124763705103969
0.3918,0.6015437933207309,0.01738100477643594,0.5706521739130435,0.6431159420289855,0.5416666666666666,0.6322463768115942,0.6200378071833648
0.392,0.6004253308128544,0.017497469964984608,0.5634057971014492,0.644927536231884,0.5452898550724637,0.6322463768115942,0.6162570888468809
0.3922,0.601890359168242,0.01731817313514333,0.5652173913043479,0.644927536231884,0.5471014492753623,0.6340579710144927,0.6181474480151229
0.3924,0.6048204158790169,0.016848699143965414,0.5634057971014492,0.6467391304347826,0.5561594202898551,0.6358695652173912,0.6219281663516069
0.3926,0.6110428481411468,0.016341973091283914,0.5670289855072463,0.6503623188405797,0.5670289855072463,0.641304347826087,0.6294896030245747
0.3928,0.6070258349086326,0.014876921817039037,0.5670289855072463,0.644927536231884,0.5670289855072463,0.6304347826086957,0.6257088846880907
0.393,0.608097038437303,0.014232907261296978,0.5706521739130435,0.6413043478260869,0.5688405797101449,0.6358695652173912,0.6238185255198487
0.3932,0.6110270951480782,0.012965767918388762,0.5742753623188406,0.6431159420289856,0.5778985507246377,0.6322463768115942,0.6275992438563327
0.3934,0.612822936357908,0.0127803791024639,0.5742753623188406,0.644927536231884,0.5833333333333333,0.6358695652173912,0.6257088846880907
0.3936,0.612822936357908,0.01278037910246389,0.572463768115942,0.6413043478260869,0.5851449275362319,0.6394927536231884,0.6257088846880907
0.3938,0.6149968494013862,0.013613284173268656,0.5688405797101449,0.644927536231884,0.5905797101449275,0.644927536231884,0.6257088846880907
0.394,0.6168557025834909,0.013659699974834292,0.5652173913043478,0.6467391304347826,0.5996376811594203,0.641304347826087,0.6313799621928167
0.3942,0.6179584120982986,0.013611326236026428,0.5652173913043478,0.6485507246376812,0.6032608695652174,0.6394927536231884,0.6332703213610587
0.3944,0.6194076874606175,0.013735634391862424,0.5670289855072463,0.6503623188405797,0.6032608695652173,0.6431159420289855,0.6332703213610587
0.3946,0.6201008191556395,0.013339900178294836,0.5688405797101449,0.6521739130434783,0.6068840579710144,0.6431159420289855,0.6294896030245747
0.3948,0.6201008191556395,0.013689584822341411,0.5670289855072463,0.6557971014492754,0.6086956521739131,0.6394927536231884,0.6294896030245747
0.395,0.6164461247637051,0.014128943701583296,0.5597826086956521,0.6539855072463768,0.6105072463768115,0.6322463768115941,0.6257088846880907
0.3952,0.6164933837429112,0.014731533407447123,0.5543478260869565,0.6503623188405797,0.6159420289855073,0.6304347826086957,0.6313799621928167
0.3954,0.6160838059231254,0.01435640361173137,0.5543478260869565,0.6485507246376812,0.625,0.6268115942028986,0.6257088846880908
0.3956,0.6126969124133586,0.012700281465144967,0.5597826086956521,0.6431159420289855,0.625,0.625,0.6105860113421551
0.3958,0.613768115942029,0.013502393853741605,0.5597826086956521,0.6503623188405798,0.6286231884057971,0.6213768115942029,0.6086956521739131
0.396,0.6127126654064272,0.013167542357102466,0.5579710144927535,0.644927536231884,0.6286231884057971,0.6195652173913043,0.6124763705103969
0.3962,0.6127441713925645,0.01273513504493463,0.5597826086956522,0.6431159420289855,0.6304347826086956,0.6141304347826086,0.6162570888468809
0.3964,0.6156427221172023,0.011496952658120575,0.5670289855072463,0.6394927536231885,0.6340579710144927,0.6213768115942029,0.6162570888468809
0.3966,0.6152331442974165,0.010754068907827546,0.5724637681159421,0.641304347826087,0.6340579710144928,0.6177536231884058,0.610586011342155
0.3968,0.6147920604914934,0.01109546721300944,0.5742753623188406,0.6413043478260869,0.6376811594202899,0.6195652173913043,0.6011342155009451
0.397,0.6158632640201638,0.010500690425120864,0.5797101449275363,0.6358695652173912,0.6431159420289855,0.6213768115942029,0.5992438563327032
0.3972,0.6166351606805293,0.009110853547353337,0.5851449275362319,0.6322463768115942,0.6431159420289855,0.6177536231884058,0.6049149338374291
0.3974,0.6162255828607435,0.010946813710463632,0.5797101449275363,0.6340579710144927,0.6485507246376812,0.6195652173913043,0.5992438563327033
0.3976,0.6173282923755513,0.011000927634136655,0.5797101449275363,0.6322463768115942,0.6503623188405797,0.6231884057971014,0.6011342155009453
0.3978,0.6169817265280404,0.01167991539614965,0.5760869565217392,0.6286231884057971,0.6539855072463768,0.6231884057971014,0.6030245746691871
0.398,0.6158475110270951,0.01063312796002628,0.5833333333333333,0.6231884057971014,0.6521739130434783,0.6231884057971014,0.5973534971644612
0.3982,0.6143667296786389,0.01149577839749211,0.5833333333333333,0.6195652173913043,0.657608695652174,0.6177536231884059,0.5935727788279773
0.3984,0.6147132955261501,0.011486289251827486,0.5851449275362318,0.6177536231884058,0.657608695652174,0.6213768115942029,0.5916824196597353
0.3986,0.6147132955261501,0.011934690450772896,0.5815217391304347,0.6213768115942029,0.657608695652174,0.6213768115942029,0.5916824196597353
0.3988,0.6088689350976685,0.010673031217932569,0.5887681159420289,0.5996376811594203,0.6503623188405797,0.6195652173913043,0.5860113421550095
0.399,0.6085381222432262,0.010862599706002386,0.5833333333333334,0.6032608695652174,0.6521739130434782,0.6141304347826088,0.5897920604914934
0.3992,0.6074826717076245,0.011664441977085088,0.5797101449275363,0.5978260869565217,0.6557971014492754,0.6105072463768116,0.5935727788279773
0.3994,0.6074826717076244,0.01094445584755796,0.5833333333333333,0.5942028985507246,0.6521739130434783,0.6141304347826086,0.5935727788279773
0.3996,0.6071045998739761,0.011770288129571241,0.5815217391304348,0.5887681159420289,0.6521739130434783,0.6213768115942029,0.5916824196597353
0.3998,0.608947700063012,0.01248427235083766,0.5815217391304348,0.5905797101449275,0.6594202898550725,0.6177536231884058,0.5954631379962193
0.4,0.6074669187145558,0.014537505219696552,0.5815217391304348,0.5778985507246377,0.6648550724637681,0.6213768115942029,0.5916824196597353
0.4002,0.6085696282293636,0.015506492954492685,0.5833333333333334,0.5742753623188406,0.6702898550724637,0.6213768115942029,0.5935727788279772
0.4004,0.6104599873976057,0.01692869437502104,0.5851449275362319,0.5670289855072465,0.677536231884058,0.6195652173913043,0.6030245746691871
0.4006,0.6093730308758664,0.016651302650245805,0.5905797101449275,0.5634057971014492,0.6757246376811594,0.6141304347826086,0.6030245746691871
0.4008,0.6101134215500945,0.01590613963214043,0.5905797101449275,0.5652173913043478,0.6721014492753623,0.6177536231884058,0.6049149338374291
0.401,0.6075614366729679,0.01593313197693505,0.5815217391304347,0.5670289855072465,0.6702898550724637,0.6159420289855072,0.6030245746691871
0.4012,0.6039224952741021,0.014455164810091972,0.5833333333333334,0.5634057971014493,0.6594202898550725,0.6123188405797101,0.6011342155009451
0.4014,0.6043478260869566,0.013620490019532736,0.5815217391304348,0.5634057971014492,0.6521739130434783,0.6159420289855072,0.6086956521739131
0.4016,0.6043005671077506,0.015041120788606295,0.5742753623188406,0.5634057971014493,0.6557971014492754,0.625,0.6030245746691871
0.4018,0.6072621298046629,0.014139527147301772,0.5797101449275363,0.5670289855072465,0.6557971014492754,0.6231884057971016,0.610586011342155
0.402,0.6080182734719597,0.014956794560217767,0.5778985507246377,0.5670289855072465,0.661231884057971,0.6195652173913043,0.6143667296786389
0.4022,0.6080340264650284,0.01640770233094259,0.5760869565217391,0.5597826086956521,0.6630434782608696,0.625,0.6162570888468809
0.4024,0.6084593572778829,0.017737352549468094,0.5760869565217391,0.552536231884058,0.6648550724637681,0.625,0.6238185255198487
0.4026,0.6103497164461248,0.017051507158002212,0.5778985507246377,0.5561594202898551,0.661231884057971,0.6231884057971016,0.6332703213610587
0.4028,0.6121770636420919,0.017882365878975872,0.5833333333333334,0.5507246376811594,0.6630434782608695,0.6286231884057971,0.6351606805293005
0.403,0.6132482671707624,0.018358657343924837,0.5851449275362318,0.5489130434782608,0.6648550724637682,0.6340579710144927,0.6332703213610587
0.4032,0.6143824826717076,0.019378043568087602,0.5815217391304347,0.5471014492753623,0.6648550724637682,0.6394927536231885,0.6389413988657845
0.4034,0.614760554505356,0.020919440989689748,0.5797101449275363,0.5416666666666666,0.6684782608695653,0.6431159420289855,0.6408317580340264
0.4036,0.6194234404536861,0.021005367262183553,0.5869565217391304,0.5452898550724637,0.6721014492753623,0.657608695652174,0.6351606805293005
0.4038,0.6223377441713926,0.02333922113842078,0.5869565217391305,0.5398550724637682,0.677536231884058,0.6702898550724639,0.6370510396975425
0.404,0.6216131064902332,0.022477716121081452,0.5851449275362318,0.5434782608695652,0.6757246376811594,0.6666666666666666,0.6370510396975425
0.4042,0.623408947700063,0.02231601936145159,0.5869565217391305,0.5471014492753624,0.6684782608695652,0.6793478260869565,0.6351606805293006
0.4044,0.6244801512287335,0.023076125041789762,0.5887681159420289,0.5452898550724637,0.6721014492753623,0.6829710144927537,0.6332703213610585
0.4046,0.6244643982356648,0.022808728146033675,0.5942028985507246,0.5434782608695652,0.6721014492753623,0.6811594202898551,0.6313799621928167
0.4048,0.6248267170762445,0.023919511915583502,0.588768115942029,0.5434782608695653,0.6702898550724637,0.6902173913043478,0.6313799621928167
0.405,0.6255828607435413,0.026686301172338788,0.5851449275362319,0.5344202898550725,0.6739130434782609,0.6992753623188406,0.6351606805293006
0.4052,0.6229993698802773,0.027919820276156426,0.5833333333333333,0.5289855072463768,0.6648550724637681,0.7083333333333334,0.6294896030245747
0.4054,0.62117202268431,0.02910693279503271,0.5815217391304347,0.5235507246376812,0.6594202898550725,0.7137681159420289,0.6275992438563327
0.4056,0.6201008191556395,0.030485581938730494,0.5760869565217391,0.5181159420289856,0.6612318840579711,0.7155797101449275,0.6294896030245746
0.4058,0.618289224952741,0.030898237205203138,0.5760869565217391,0.5126811594202898,0.6594202898550725,0.7137681159420289,0.6294896030245746
0.406,0.6186042848141147,0.030540502807864713,0.572463768115942,0.519927536231884,0.6594202898550725,0.717391304347826,0.6238185255198487
0.4062,0.6182262129804663,0.03108342973950232,0.5760869565217391,0.5163043478260869,0.6557971014492754,0.7210144927536232,0.6219281663516067
0.4064,0.6163988657844992,0.03218687225296756,0.5760869565217391,0.5090579710144927,0.6539855072463768,0.7228260869565217,0.6200378071833649
0.4066,0.6142091997479521,0.033881959952126985,0.5778985507246376,0.49818840579710144,0.6503623188405797,0.7264492753623188,0.6181474480151229
0.4068,0.6142091997479521,0.03437049673086279,0.5760869565217391,0.49818840579710144,0.6485507246376812,0.730072463768116,0.6181474480151228
0.407,0.6131379962192816,0.0367555145684088,0.5797101449275363,0.48550724637681153,0.6431159420289855,0.7373188405797101,0.6200378071833648
0.4072,0.6149810964083177,0.03673651619059374,0.5851449275362319,0.483695652173913,0.6467391304347826,0.7355072463768115,0.6238185255198487
0.4074,0.6109325771896661,0.036927734791532475,0.5869565217391305,0.47826086956521735,0.6394927536231884,0.7336956521739131,0.6162570888468808
0.4076,0.6087744171392564,0.038430077982611305,0.5851449275362319,0.4692028985507246,0.6358695652173912,0.7355072463768116,0.6181474480151229
0.4078,0.6058286074354127,0.038884479530862805,0.5851449275362319,0.46376811594202894,0.6340579710144927,0.7336956521739131,0.612476370510397
0.408,0.6072936357908002,0.03802415816346015,0.592391304347826,0.46557971014492755,0.6340579710144927,0.730072463768116,0.614366729678639
0.4082,0.6076559546313799,0.03698874827679095,0.5960144927536232,0.47101449275362317,0.6268115942028986,0.730072463768116,0.6143667296786389
0.4084,0.6054977945809704,0.03514089620518318,0.5905797101449276,0.4782608695652174,0.6177536231884058,0.7246376811594203,0.6162570888468809
0.4086,0.6062224322621298,0.034279081931690755,0.5905797101449275,0.48007246376811596,0.625,0.7192028985507246,0.6162570888468809
0.4088,0.6058443604284814,0.032601475872618677,0.592391304347826,0.4836956521739131,0.6286231884057971,0.7101449275362319,0.6143667296786389
0.409,0.6036074354127285,0.03288259563017453,0.5869565217391304,0.4836956521739131,0.6286231884057971,0.7119565217391305,0.6068052930056711
0.4092,0.5988657844990548,0.03265010961867375,0.5869565217391304,0.47644927536231885,0.625,0.7028985507246377,0.6030245746691871
0.4094,0.5948802772526781,0.03141539117187442,0.5815217391304348,0.47644927536231885,0.6195652173913043,0.6938405797101449,0.6030245746691871
0.4096,0.5901701323251418,0.029853259384839445,0.5778985507246377,0.4746376811594203,0.6159420289855073,0.6793478260869565,0.6030245746691871
0.4098,0.586925015752993,0.029604502261084707,0.572463768115942,0.47282608695652173,0.6086956521739131,0.6757246376811594,0.6049149338374291
0.41,0.5810333963453056,0.028735077793551663,0.5615942028985507,0.4746376811594203,0.6032608695652174,0.6721014492753624,0.5935727788279773
0.4102,0.5806553245116572,0.027693851422068934,0.5652173913043478,0.4782608695652174,0.5978260869565217,0.6702898550724637,0.5916824196597354
0.4104,0.5759609325771896,0.026721205513073745,0.552536231884058,0.48007246376811596,0.5905797101449275,0.6630434782608695,0.5935727788279773
0.4106,0.5766698172652804,0.025103733695491282,0.5561594202898551,0.4855072463768116,0.5923913043478262,0.6576086956521738,0.5916824196597353
0.4108,0.5741020793950851,0.02277291602476409,0.5489130434782609,0.4945652173913043,0.5905797101449276,0.6485507246376812,0.5879017013232514
0.411,0.5733774417139257,0.020767375754679046,0.552536231884058,0.49999999999999994,0.5851449275362319,0.6413043478260869,0.5879017013232514
0.4112,0.5712350346565848,0.019957961734870428,0.5489130434782609,0.5018115942028984,0.5778985507246376,0.6358695652173914,0.5916824196597353
0.4114,0.5701480781348456,0.01951609059497609,0.5471014492753623,0.5036231884057971,0.5742753623188407,0.6340579710144928,0.5916824196597353
0.4116,0.5690296156269692,0.018632675894892443,0.5471014492753623,0.5054347826086957,0.5742753623188406,0.6304347826086957,0.5879017013232514
0.4118,0.5657372400756143,0.018092277906082033,0.5398550724637681,0.5072463768115942,0.5706521739130435,0.6268115942028986,0.5841209829867675
0.412,0.5675645872715815,0.01638208881488066,0.5434782608695652,0.5126811594202898,0.5760869565217391,0.6195652173913044,0.5860113421550095
0.4122,0.5650441083805923,0.01785224090336679,0.532608695652174,0.5090579710144928,0.5742753623188406,0.6213768115942029,0.5879017013232514
0.4124,0.5668714555765596,0.01719716093326116,0.5289855072463768,0.5181159420289855,0.5760869565217391,0.6213768115942029,0.5897920604914934
0.4126,0.5698172652804032,0.01764053335119224,0.5307971014492754,0.519927536231884,0.5778985507246377,0.625,0.5954631379962193
0.4128,0.5691083805923125,0.016605950228056277,0.5289855072463768,0.5253623188405797,0.5742753623188406,0.6195652173913043,0.5973534971644613
0.413,0.5687618147448016,0.01596114837867571,0.5271739130434783,0.5271739130434783,0.5778985507246377,0.6123188405797102,0.5992438563327033
0.4132,0.5727630749842471,0.014471581203222247,0.532608695652174,0.5380434782608696,0.5797101449275363,0.6123188405797102,0.6011342155009451
0.4134,0.57822936357908,0.014611075584451112,0.532608695652174,0.5471014492753623,0.5905797101449275,0.6159420289855072,0.6049149338374291
0.4136,0.5796313799621927,0.015419870996918513,0.5271739130434783,0.552536231884058,0.5978260869565217,0.6213768115942029,0.5992438563327032
0.4138,0.5814429741650914,0.01513820832977524,0.5289855072463768,0.5579710144927535,0.5960144927536233,0.625,0.5992438563327032
0.414,0.5843730308758663,0.015054775395957091,0.5326086956521738,0.5597826086956521,0.5996376811594203,0.6268115942028986,0.6030245746691871
0.4142,0.5876654064272211,0.0171797205262001,0.5253623188405797,0.5652173913043478,0.605072463768116,0.6358695652173912,0.6068052930056711
0.4144,0.5909420289855072,0.01712814178233511,0.5271739130434783,0.572463768115942,0.6068840579710144,0.6394927536231884,0.6086956521739131
0.4146,0.5898393194706995,0.015509549304920166,0.5289855072463767,0.5778985507246376,0.605072463768116,0.6304347826086957,0.6068052930056711
0.4148,0.5960459987397606,0.015438232189792872,0.5344202898550725,0.5851449275362319,0.6141304347826086,0.6340579710144928,0.6124763705103969
0.415,0.5990233144297417,0.01598652357986894,0.5344202898550725,0.5887681159420289,0.6141304347826086,0.6358695652173914,0.6219281663516067
0.4152,0.6056080655324512,0.016710820785524678,0.5380434782608695,0.5942028985507246,0.6231884057971014,0.6431159420289855,0.6294896030245746
0.4154,0.6044580970384373,0.016264023569421474,0.5398550724637681,0.592391304347826,0.6231884057971014,0.6449275362318841,0.6219281663516067
0.4156,0.6080970384373032,0.015376754670812344,0.5452898550724637,0.5996376811594203,0.6286231884057971,0.6431159420289856,0.6238185255198487
0.4158,0.6091682419659735,0.01536767250384849,0.5452898550724637,0.6032608695652174,0.6376811594202898,0.6376811594202898,0.6219281663516069
0.416,0.609152488972905,0.016015478563748537,0.5416666666666666,0.6068840579710144,0.6376811594202899,0.6394927536231885,0.6200378071833649
0.4162,0.6109798361688721,0.014737091301085881,0.5489130434782609,0.6086956521739131,0.641304347826087,0.6340579710144927,0.6219281663516067
0.4164,0.6138941398865784,0.01595237714907344,0.5471014492753623,0.6141304347826086,0.6521739130434783,0.6322463768115942,0.6238185255198487
0.4166,0.6124448645242596,0.016155807662373296,0.5434782608695652,0.6159420289855072,0.6485507246376812,0.6304347826086957,0.6238185255198487
0.4168,0.6153434152488974,0.01646203000987832,0.5452898550724637,0.6195652173913043,0.6521739130434783,0.6358695652173914,0.6238185255198487
0.417,0.6171077504725898,0.016209108796269064,0.5507246376811594,0.6213768115942029,0.6594202898550724,0.6358695652173914,0.6181474480151228
0.4172,0.6166824196597352,0.015443905329939576,0.5543478260869565,0.625,0.6557971014492754,0.6376811594202898,0.610586011342155
0.4174,0.6203213610586011,0.015518251004219047,0.5579710144927537,0.6304347826086956,0.6594202898550725,0.6413043478260869,0.6124763705103969
0.4176,0.6228733459357277,0.0159484565298278,0.5579710144927537,0.6358695652173914,0.6594202898550725,0.6467391304347826,0.6143667296786389
0.4178,0.627536231884058,0.01569806744701713,0.5688405797101449,0.6431159420289855,0.6684782608695653,0.6485507246376812,0.608695652173913
0.418,0.6293005671077505,0.015030643855672677,0.5778985507246377,0.6413043478260869,0.6648550724637681,0.6594202898550725,0.6030245746691871
0.4182,0.6354757403906742,0.015565918180287052,0.5833333333333334,0.6539855072463768,0.6684782608695652,0.6666666666666666,0.6049149338374291
0.4184,0.6343572778827976,0.01656853051562737,0.5797101449275361,0.6521739130434782,0.6684782608695652,0.6702898550724637,0.6011342155009451
0.4186,0.6343257718966603,0.015223401042332411,0.5905797101449275,0.6467391304347826,0.6648550724637682,0.6721014492753623,0.5973534971644613
0.4188,0.634294265910523,0.015001663881716643,0.5942028985507246,0.6503623188405797,0.6684782608695653,0.6648550724637681,0.5935727788279773
0.419,0.6382325141776938,0.016617727781021528,0.5996376811594203,0.6557971014492753,0.677536231884058,0.6702898550724637,0.5879017013232515
0.4192,0.6396660365469439,0.017015440707124605,0.6032608695652174,0.6557971014492753,0.6811594202898551,0.6721014492753623,0.5860113421550095
0.4194,0.6425015752993068,0.018978053828127037,0.6068840579710145,0.6630434782608695,0.6884057971014492,0.6757246376811594,0.5784499054820416
0.4196,0.6468966603654694,0.017637584573515074,0.6195652173913043,0.6648550724637681,0.6920289855072463,0.673913043478261,0.5841209829867675
0.4198,0.6494013862633901,0.018052729363013373,0.6304347826086956,0.6684782608695652,0.6956521739130435,0.6721014492753623,0.5803402646502835
0.42,0.6519376181474481,0.01813480840021526,0.6394927536231885,0.673913043478261,0.6992753623188406,0.6666666666666667,0.5803402646502835
0.4202,0.6511657214870825,0.018829438681225344,0.644927536231884,0.673913043478261,0.6992753623188406,0.6630434782608695,0.5746691871455576
0.4204,0.6533553875236294,0.018612852949525166,0.6539855072463767,0.673913043478261,0.7010869565217391,0.661231884057971,0.5765595463137996
0.4206,0.6554977945809703,0.020312144078004767,0.6503623188405797,0.677536231884058,0.7083333333333333,0.6684782608695652,0.5727788279773156
0.4208,0.6543320730938879,0.022332384400126002,0.6521739130434783,0.677536231884058,0.713768115942029,0.6648550724637681,0.5633270321361058
0.421,0.6510396975425331,0.02225935937057598,0.6539855072463767,0.6775362318840579,0.7083333333333334,0.6557971014492754,0.5595463137996219
0.4212,0.6499369880277254,0.02258759048890703,0.6521739130434783,0.6739130434782609,0.7101449275362319,0.6557971014492754,0.55765595463138
0.4214,0.6472589792060491,0.025205188638922287,0.6594202898550725,0.6702898550724637,0.7083333333333334,0.6576086956521738,0.5406427221172023
0.4216,0.6472432262129806,0.025813302628698995,0.6666666666666667,0.6630434782608696,0.7119565217391305,0.6557971014492754,0.5387523629489603
0.4218,0.6464870825456835,0.026415147504653198,0.661231884057971,0.6648550724637681,0.7119565217391304,0.6594202898550725,0.5349716446124764
0.422,0.6464870825456835,0.02669199901137712,0.6612318840579711,0.661231884057971,0.7155797101449275,0.6594202898550725,0.5349716446124764
0.4222,0.644234404536862,0.028413276691751907,0.6648550724637681,0.6576086956521738,0.717391304347826,0.6557971014492754,0.5255198487712665
0.4224,0.6405797101449275,0.028852047825520227,0.664855072463768,0.644927536231884,0.717391304347826,0.6539855072463768,0.5217391304347827
0.4226,0.6368620037807183,0.030798310900851417,0.6684782608695652,0.6358695652173912,0.717391304347826,0.6521739130434783,0.5103969754253308
0.4228,0.6335696282293636,0.030942651175159572,0.6630434782608695,0.6340579710144927,0.7155797101449276,0.6485507246376812,0.5066162570888468
0.423,0.6335538752362948,0.03136587148811546,0.6666666666666667,0.6340579710144927,0.7155797101449276,0.6467391304347826,0.5047258979206048
0.4232,0.6339792060491494,0.030151302807003493,0.6666666666666666,0.6286231884057971,0.7155797101449276,0.6467391304347827,0.5122873345935728
0.4234,0.6335381222432261,0.03269189468942649,0.6648550724637682,0.625,0.7246376811594203,0.6503623188405797,0.5028355387523629
0.4236,0.6313011972274731,0.03470763696958552,0.6648550724637681,0.6141304347826086,0.7300724637681159,0.6521739130434783,0.4952741020793951
0.4238,0.6283396345305607,0.03611395976235256,0.6684782608695653,0.6068840579710144,0.730072463768116,0.6485507246376812,0.4877126654064272
0.424,0.6250472589792061,0.03669570115650254,0.661231884057971,0.6014492753623188,0.7318840579710145,0.6467391304347827,0.48393194706994325
0.4242,0.6224480151228734,0.03837880205213527,0.6739130434782609,0.5887681159420289,0.7282608695652174,0.644927536231884,0.4763705103969754
0.4244,0.6169659735349716,0.03787793343373718,0.6630434782608695,0.5851449275362318,0.7192028985507247,0.6467391304347826,0.4706994328922495
0.4246,0.6147763074984247,0.03794534328472608,0.6612318840579711,0.5797101449275363,0.7155797101449276,0.6485507246376812,0.4688090737240076
0.4248,0.6089319470699432,0.03800841740285988,0.6485507246376812,0.572463768115942,0.7101449275362318,0.6503623188405797,0.46313799621928164
0.425,0.6034499054820416,0.03863701255959452,0.6521739130434783,0.5579710144927537,0.7010869565217391,0.6485507246376812,0.45746691871455575
0.4252,0.6030875866414618,0.038628532283019844,0.6521739130434783,0.556159420289855,0.6992753623188406,0.6503623188405797,0.4574669187145558
0.4254,0.5993856332703213,0.03997325265937117,0.6539855072463768,0.5507246376811594,0.6956521739130435,0.6485507246376812,0.44801512287334594
0.4256,0.597558286074354,0.04052003360302398,0.6521739130434783,0.5452898550724637,0.697463768115942,0.6467391304347826,0.44612476370510395
0.4258,0.593935097668557,0.03962412696062375,0.6485507246376812,0.5416666666666667,0.6902173913043479,0.6431159420289855,0.44612476370510395
0.426,0.5906112161310648,0.0411601177373439,0.6485507246376812,0.5326086956521738,0.6884057971014492,0.644927536231884,0.4385633270321361
0.4262,0.5873503465658475,0.04081278561262662,0.6394927536231884,0.5271739130434783,0.6865942028985508,0.644927536231884,0.4385633270321361
0.4264,0.5811279143037178,0.04137612319719317,0.6340579710144928,0.5181159420289856,0.6793478260869565,0.6431159420289855,0.4310018903591683
0.4266,0.5763705103969754,0.04099331743313618,0.6322463768115942,0.5163043478260869,0.6684782608695652,0.6394927536231885,0.42533081285444235
0.4268,0.5727315689981096,0.04057282129490653,0.6231884057971014,0.5144927536231884,0.6684782608695652,0.6340579710144927,0.42344045368620037
0.427,0.5661468178954001,0.04107995447404526,0.6195652173913043,0.5054347826086956,0.6630434782608695,0.6268115942028986,0.41587901701323254
0.4272,0.562129804662886,0.04141765601582976,0.6177536231884059,0.49818840579710144,0.6594202898550725,0.6231884057971014,0.4120982986767486
0.4274,0.5551512287334593,0.04259382346126066,0.608695652173913,0.4891304347826087,0.6521739130434783,0.6250000000000001,0.4007561436672968
0.4276,0.5503623188405797,0.04384926252500213,0.6032608695652174,0.483695652173913,0.6539855072463767,0.6195652173913043,0.391304347826087
0.4278,0.5488500315059861,0.04490075810567566,0.6032608695652174,0.483695652173913,0.6521739130434783,0.6213768115942029,0.38374291115311904
0.428,0.5438248267170762,0.043472539188643286,0.5905797101449275,0.4746376811594203,0.6521739130434783,0.6123188405797101,0.38941398865784504
0.4282,0.53911468178954,0.042665076755423526,0.5851449275362319,0.4692028985507246,0.6485507246376812,0.6032608695652174,0.389413988657845
0.4284,0.5332545683679899,0.04293669150766043,0.5815217391304347,0.46376811594202905,0.6431159420289855,0.5960144927536232,0.3818525519848771
0.4286,0.5288752362948961,0.043572656949986285,0.5797101449275363,0.4547101449275362,0.6431159420289854,0.588768115942029,0.37807183364839325
0.4288,0.5233774417139256,0.044040046310899444,0.5797101449275363,0.4492753623188406,0.6394927536231884,0.5778985507246377,0.37051039697542537
0.429,0.5182892249527409,0.04326152452958008,0.5706521739130436,0.447463768115942,0.6376811594202898,0.5670289855072463,0.36862003780718333
0.4292,0.5172180214240705,0.042788119586689405,0.5706521739130435,0.4492753623188406,0.6413043478260869,0.5543478260869564,0.3705103969754253
0.4294,0.5146187775677378,0.044131062446127654,0.5706521739130435,0.447463768115942,0.644927536231884,0.5471014492753623,0.3629489603024574
0.4296,0.5087901701323252,0.04391635331302494,0.5670289855072463,0.4456521739130435,0.6431159420289856,0.5289855072463767,0.35916824196597347
0.4298,0.5004410838059231,0.04277266068496112,0.5507246376811595,0.44021739130434784,0.6376811594202898,0.5163043478260869,0.35727788279773154
0.43,0.4982041587901701,0.04506883909056588,0.5561594202898551,0.4329710144927536,0.6431159420289855,0.5090579710144928,0.3497164461247637
0.4302,0.4953056080655324,0.04461704628443817,0.5507246376811594,0.4311594202898551,0.6413043478260869,0.5036231884057971,0.3497164461247637
0.4304,0.4916509136735979,0.044974544155683735,0.5489130434782609,0.4311594202898551,0.6413043478260869,0.4909420289855072,0.34593572778827975
0.4306,0.4858380592312539,0.044734869213738954,0.5416666666666667,0.42028985507246375,0.6358695652173912,0.4873188405797101,0.34404536862003776
0.4308,0.48295526149968493,0.04419959512681592,0.536231884057971,0.41666666666666663,0.6340579710144927,0.48188405797101447,0.34593572778827975
0.431,0.4775519848771267,0.04329530100836733,0.5271739130434783,0.4094202898550725,0.6304347826086956,0.47101449275362317,0.34971644612476366
0.4312,0.47756773787019535,0.04353725119738986,0.5253623188405797,0.4094202898550724,0.6340579710144928,0.46739130434782605,0.35160680529300564
0.4314,0.47284183994959045,0.04418223630410877,0.5217391304347826,0.40217391304347827,0.6340579710144927,0.4565217391304348,0.3497164461247637
0.4316,0.4707151858853182,0.04415926941098531,0.5253623188405797,0.39492753623188404,0.6322463768115941,0.44565217391304346,0.3553875236294896
0.4318,0.4659577819785759,0.04457143073157428,0.5144927536231884,0.3913043478260869,0.6322463768115941,0.4420289855072464,0.3497164461247637
0.432,0.46419344675488344,0.04391370872015268,0.5054347826086957,0.38768115942028986,0.6322463768115942,0.44021739130434784,0.3553875236294896
0.4322,0.4604599873976055,0.04475748308192956,0.5090579710144928,0.3858695652173913,0.6268115942028987,0.43840579710144933,0.34215500945179583
0.4324,0.46044423440453686,0.0446253427969825,0.5090579710144927,0.3858695652173913,0.625,0.44202898550724634,0.3402646502835539
0.4326,0.46012917454316316,0.043832314128523904,0.5072463768115941,0.38405797101449274,0.6231884057971014,0.4402173913043478,0.34593572778827975
0.4328,0.45727788279773157,0.04256136075907615,0.49999999999999994,0.37862318840579706,0.6177536231884059,0.4384057971014493,0.35160680529300564
0.433,0.4573724007561437,0.04096742288743277,0.4945652173913043,0.3804347826086957,0.6159420289855072,0.4329710144927536,0.36294896030245744
0.4332,0.4555608065532451,0.04158867979642921,0.4963768115942029,0.37499999999999994,0.6159420289855072,0.427536231884058,0.36294896030245744
0.4334,0.4534026465028355,0.040333782075427656,0.4945652173913043,0.37499999999999994,0.6086956521739131,0.42391304347826086,0.3648393194706994
0.4336,0.4552142407057341,0.04098791121960004,0.49818840579710144,0.375,0.6123188405797101,0.4257246376811594,0.3648393194706994
0.4338,0.4537334593572779,0.04211633094261104,0.4909420289855072,0.3713768115942029,0.6177536231884059,0.427536231884058,0.3610586011342155
0.434,0.45189035916824194,0.04156170648729763,0.48913043478260865,0.37681159420289845,0.6141304347826086,0.4221014492753623,0.35727788279773154
0.4342,0.4515437933207309,0.041947918755283135,0.4855072463768116,0.37681159420289856,0.6177536231884058,0.4184782608695652,0.3591682419659735
0.4344,0.45045683679899184,0.04159391007942433,0.4800724637681159,0.38224637681159424,0.6177536231884058,0.41304347826086957,0.3591682419659735
0.4346,0.4519691241335854,0.041123002996180866,0.4818840579710145,0.3804347826086957,0.6177536231884058,0.41304347826086957,0.3667296786389414
0.4348,0.45053560176433516,0.040426999139607546,0.4746376811594203,0.3822463768115942,0.6159420289855072,0.411231884057971,0.3686200378071834
0.435,0.45419029615626966,0.039640244052600776,0.4746376811594203,0.3931159420289855,0.6177536231884058,0.41304347826086957,0.3724007561436673
0.4352,0.45456836798991807,0.038498925368125166,0.47282608695652173,0.4003623188405797,0.6141304347826086,0.411231884057971,0.3742911153119093
0.4354,0.45458412098298673,0.03853548283106321,0.4746376811594203,0.40398550724637683,0.6141304347826088,0.40398550724637683,0.3761814744801512
0.4356,0.4575456836798992,0.038883658810090635,0.47644927536231885,0.4057971014492754,0.6195652173913043,0.40217391304347827,0.3837429111531191
0.4358,0.4604757403906742,0.03788579702254591,0.4800724637681159,0.4130434782608695,0.6177536231884058,0.40398550724637683,0.38752362948960306
0.436,0.4579237555135475,0.037431580479482626,0.47463768115942023,0.4130434782608695,0.6141304347826086,0.40217391304347827,0.385633270321361
0.4362,0.4568052930056711,0.03590934489167051,0.47463768115942023,0.4202898550724637,0.605072463768116,0.40217391304347827,0.3818525519848771
0.4364,0.458648393194707,0.035520739389671804,0.4728260869565217,0.4184782608695652,0.6068840579710145,0.4094202898550725,0.3856332703213611
0.4366,0.45716761184625077,0.03556863557239365,0.46557971014492744,0.42028985507246375,0.6068840579710144,0.411231884057971,0.38185255198487716
0.4368,0.4560333963453056,0.034860582799096755,0.4710144927536231,0.42210144927536225,0.5996376811594203,0.411231884057971,0.37618147448015127
0.437,0.45568683049779457,0.0351079376102749,0.46920289855072467,0.4184782608695652,0.6014492753623188,0.41123188405797106,0.3780718336483932
0.4372,0.45609640831758036,0.033156960284200454,0.4673913043478261,0.42391304347826086,0.5942028985507246,0.411231884057971,0.38374291115311904
0.4374,0.4524102079395084,0.03381810197389489,0.4637681159420289,0.4257246376811594,0.5923913043478262,0.40398550724637683,0.3761814744801512
0.4376,0.4553245116572149,0.03439374032848546,0.467391304347826,0.4257246376811594,0.5978260869565217,0.40760869565217395,0.37807183364839314
0.4378,0.45422180214240704,0.03520402676918811,0.46195652173913043,0.4257246376811594,0.6014492753623188,0.4057971014492754,0.3761814744801512
0.438,0.45168557025834905,0.03593007775675215,0.4583333333333333,0.41847826086956524,0.6032608695652174,0.40217391304347827,0.3761814744801512
0.4382,0.45315059861373663,0.035617899829254646,0.46014492753623193,0.42028985507246375,0.6032608695652174,0.40398550724637683,0.3780718336483932
0.4384,0.45568683049779457,0.03638591270045752,0.45652173913043476,0.4221014492753623,0.6105072463768115,0.411231884057971,0.3780718336483932
0.4386,0.45677378701953375,0.03620500770247765,0.45833333333333337,0.42028985507246375,0.6105072463768115,0.41666666666666663,0.3780718336483932
0.4388,0.45712035286704467,0.03621772140392586,0.45833333333333337,0.42028985507246375,0.6105072463768115,0.42028985507246375,0.37618147448015127
0.439,0.45712035286704467,0.03501616885600914,0.4565217391304347,0.4221014492753623,0.6050724637681159,0.4257246376811594,0.3761814744801512
0.4392,0.45856962822936354,0.034323548765757404,0.4619565217391304,0.41666666666666663,0.6014492753623188,0.4365942028985507,0.37618147448015116
0.4394,0.46033396345305605,0.03548883702065697,0.4619565217391304,0.42028985507246375,0.6068840579710145,0.44202898550724634,0.3705103969754253
0.4396,0.4585066162570889,0.03617814293361605,0.46014492753623193,0.4184782608695652,0.6086956521739131,0.4365942028985507,0.3686200378071834
0.4398,0.46063327032136103,0.03668054178129129,0.4619565217391304,0.42391304347826086,0.6105072463768115,0.4438405797101449,0.36294896030245744
0.44,0.46061751732829237,0.036121705851860246,0.45833333333333337,0.4257246376811594,0.6068840579710145,0.4510869565217391,0.3610586011342154
0.4402,0.46058601134215504,0.03675700663125288,0.45652173913043476,0.4275362318840579,0.6086956521739131,0.4528985507246377,0.35727788279773154
0.4404,0.45617517328292384,0.03741139582952492,0.447463768115942,0.427536231884058,0.6068840579710145,0.4492753623188406,0.3497164461247637
0.4406,0.45354442344045365,0.0394691510120617,0.447463768115942,0.42210144927536225,0.6105072463768115,0.4492753623188406,0.3383742911153119
0.4408,0.4531505986137366,0.040418548145101506,0.447463768115942,0.4257246376811595,0.6141304347826086,0.4438405797101449,0.33459357277882795
0.441,0.45204788909892873,0.04127085402890923,0.4365942028985507,0.427536231884058,0.6177536231884058,0.44565217391304346,0.332703213610586
0.4412,0.45419029615626966,0.04190507927998119,0.44202898550724634,0.4275362318840579,0.6195652173913044,0.4528985507246376,0.3289224952741021
0.4414,0.4570730938878387,0.042246561138480646,0.4402173913043478,0.4365942028985507,0.6213768115942029,0.46014492753623193,0.3270321361058601
0.4416,0.4595778197857593,0.04250049744927175,0.44565217391304346,0.44565217391304346,0.6213768115942029,0.4619565217391304,0.32325141776937616
0.4418,0.4635633270321361,0.04175211631038951,0.4528985507246377,0.46195652173913043,0.6177536231884058,0.46195652173913043,0.3232514177693762
0.442,0.4649495904221802,0.043318181743178474,0.4528985507246377,0.4692028985507246,0.6213768115942029,0.4655797101449275,0.31568998109640833
0.4422,0.46674543163201,0.04357847026439688,0.45833333333333326,0.47644927536231885,0.6213768115942029,0.46376811594202894,0.31379962192816635
0.4424,0.4681789540012603,0.043331836807510564,0.47101449275362317,0.47826086956521735,0.6177536231884058,0.4619565217391304,0.31190926275992437
0.4426,0.47188090737240074,0.04219739642347948,0.4746376811594202,0.47644927536231885,0.6195652173913044,0.46739130434782605,0.32136105860113423
0.4428,0.47191241335853806,0.041395656317439494,0.47101449275362317,0.47644927536231885,0.6177536231884058,0.4692028985507246,0.32514177693761814
0.443,0.47668557025834907,0.04058293277602852,0.47282608695652184,0.4800724637681159,0.6195652173913043,0.4782608695652174,0.332703213610586
0.4432,0.47811909262759933,0.04136391871204793,0.48007246376811596,0.4746376811594203,0.6231884057971014,0.48188405797101447,0.3308128544423441
0.4434,0.48149023314429745,0.04001612495595854,0.4782608695652174,0.4782608695652174,0.6268115942028986,0.4800724637681159,0.3440453686200378
0.4436,0.48438878386893514,0.040053306278965556,0.4746376811594203,0.4873188405797101,0.6268115942028986,0.4891304347826087,0.3440453686200378
0.4438,0.4847511027095148,0.040366777167262974,0.47282608695652173,0.4836956521739131,0.6286231884057971,0.4945652173913043,0.34404536862003776
0.444,0.484042218021424,0.039313560358304925,0.4746376811594203,0.4818840579710144,0.6231884057971014,0.4945652173913044,0.34593572778827975
0.4442,0.48588531821046,0.0392982552368732,0.4746376811594203,0.48369565217391297,0.6268115942028984,0.4945652173913044,0.3497164461247637
0.4444,0.4906427221172023,0.03976076920484036,0.4800724637681159,0.4873188405797102,0.6358695652173914,0.4945652173913043,0.3553875236294896
0.4446,0.49286389413988657,0.03981822954435942,0.47826086956521735,0.4891304347826087,0.6413043478260869,0.4945652173913044,0.3610586011342155
0.4448,0.49577819785759286,0.039600797537613766,0.4800724637681159,0.4891304347826087,0.6413043478260869,0.5054347826086956,0.3629489603024575
0.445,0.4954316320100819,0.03886899651603346,0.47463768115942023,0.4981884057971014,0.6376811594202898,0.5018115942028986,0.3648393194706994
0.4452,0.492895400126024,0.037772598916087356,0.47644927536231885,0.49094202898550726,0.6304347826086957,0.5018115942028986,0.3648393194706994
0.4454,0.4943446754883428,0.03804301447427147,0.47826086956521735,0.4909420289855072,0.6322463768115942,0.5054347826086956,0.3648393194706995
0.4456,0.49437618147448015,0.03749994358564717,0.47101449275362317,0.4909420289855072,0.6304347826086957,0.5108695652173914,0.36862003780718333
0.4458,0.4914303717706364,0.03842180134069541,0.463768115942029,0.4909420289855072,0.6304347826086957,0.5090579710144928,0.3629489603024575
0.446,0.48958727158160054,0.03855451258551465,0.4673913043478261,0.48550724637681153,0.6286231884057971,0.5072463768115942,0.3591682419659735
0.4462,0.4906899810964084,0.039061886003161565,0.4673913043478261,0.48550724637681164,0.6340579710144927,0.5054347826086957,0.3610586011342155
0.4464,0.48993383742911156,0.04019833202207267,0.46195652173913043,0.4891304347826087,0.6376811594202899,0.5036231884057971,0.35727788279773154
0.4466,0.4899495904221802,0.03912956341169589,0.463768115942029,0.4891304347826087,0.6322463768115942,0.5054347826086957,0.3591682419659735
0.4468,0.4895872715816004,0.03944316937327441,0.46376811594202894,0.4836956521739131,0.6340579710144927,0.5072463768115942,0.3591682419659735
0.447,0.4899495904221802,0.038102922035948346,0.46739130434782605,0.4873188405797101,0.625,0.5108695652173914,0.3591682419659735
0.4472,0.48668872085696285,0.037566750190521435,0.46557971014492755,0.4746376811594203,0.6195652173913044,0.5144927536231884,0.3591682419659735
0.4474,0.4888941398865785,0.03695002121120064,0.4673913043478261,0.4800724637681159,0.6195652173913044,0.5144927536231885,0.36294896030245744
0.4476,0.4878071833648393,0.03642477216825483,0.4673913043478261,0.47463768115942023,0.6141304347826086,0.519927536231884,0.36294896030245744
0.4478,0.49147763074984246,0.03503783962139866,0.4764492753623188,0.4782608695652174,0.6105072463768115,0.5235507246376812,0.3686200378071834
0.448,0.49144612476370514,0.03435345029176955,0.4818840579710145,0.48007246376811585,0.5996376811594203,0.5307971014492754,0.3648393194706994
0.4482,0.4920762444864525,0.037312210966447414,0.4818840579710144,0.4818840579710144,0.608695652173913,0.5344202898550725,0.3534971644612476
0.4484,0.4946439823566478,0.037318830605251416,0.48007246376811596,0.4818840579710145,0.6086956521739131,0.5452898550724639,0.35727788279773154
0.4486,0.49319470699432894,0.03681798086466491,0.480072463768116,0.4782608695652174,0.6032608695652174,0.5471014492753623,0.35727788279773154
0.4488,0.49398235664776313,0.03489054755726851,0.4818840579710145,0.48007246376811596,0.5978260869565217,0.5452898550724639,0.3648393194706994
0.449,0.4929584120982987,0.03300984424409042,0.47644927536231885,0.48007246376811596,0.5905797101449276,0.5452898550724637,0.3724007561436673
0.4492,0.4904221802142407,0.03259520464646155,0.4746376811594203,0.4746376811594203,0.5869565217391304,0.5434782608695652,0.3724007561436673
0.4494,0.49005986137366103,0.032892335535018545,0.47644927536231885,0.46739130434782605,0.5851449275362319,0.5489130434782609,0.3724007561436673
0.4496,0.4951480781348456,0.0332570166705813,0.4873188405797102,0.47101449275362317,0.5905797101449276,0.552536231884058,0.37429111531190923
0.4498,0.49477000630119716,0.03331242651568821,0.4927536231884059,0.46920289855072467,0.5905797101449276,0.5489130434782608,0.3724007561436673
0.45,0.49552614996849387,0.032727102995107706,0.4945652173913043,0.46739130434782605,0.5887681159420289,0.5507246376811594,0.3761814744801512
0.4502,0.49590422180214244,0.03237094807528388,0.4945652173913043,0.46739130434782605,0.5869565217391304,0.552536231884058,0.3780718336483932
0.4504,0.49732199117832393,0.03214286194843272,0.5036231884057971,0.47463768115942034,0.5815217391304348,0.552536231884058,0.3742911153119093
0.4506,0.4998424700693132,0.03259464430339944,0.5090579710144927,0.48007246376811596,0.5815217391304348,0.5561594202898551,0.3724007561436673
0.4508,0.501638311279143,0.033276283394408086,0.5126811594202898,0.48188405797101447,0.5815217391304348,0.5615942028985508,0.3705103969754253
0.451,0.5008821676118462,0.03414392402547682,0.5054347826086956,0.483695652173913,0.5797101449275361,0.5688405797101449,0.36672967863894135
0.4512,0.502331442974165,0.034306753871712274,0.5108695652173912,0.4836956521739131,0.5760869565217391,0.5742753623188406,0.3667296786389414
0.4514,0.5074039067422811,0.03473034483359115,0.5217391304347826,0.4927536231884058,0.5760869565217391,0.5797101449275363,0.36672967863894146
0.4516,0.5063011972274732,0.03477499534268366,0.5217391304347826,0.49275362318840576,0.5706521739130435,0.5815217391304347,0.3648393194706994
0.4518,0.5069943289224953,0.03501899500569293,0.5235507246376812,0.5018115942028986,0.5724637681159421,0.5760869565217391,0.3610586011342155
0.452,0.5087901701323252,0.03584147348658781,0.5271739130434783,0.5054347826086956,0.5634057971014492,0.588768115942029,0.3591682419659735
0.4522,0.5087429111531191,0.03688261828055382,0.5307971014492754,0.5090579710144928,0.5579710144927537,0.592391304347826,0.3534971644612476
0.4524,0.5090579710144928,0.038100371537284815,0.5380434782608695,0.5108695652173914,0.552536231884058,0.5960144927536232,0.34782608695652173
0.4526,0.5057498424700693,0.03822479917090796,0.536231884057971,0.5144927536231884,0.5452898550724637,0.5905797101449275,0.34215500945179583
0.4528,0.5108065532451166,0.03989905321804379,0.536231884057971,0.5289855072463767,0.5452898550724637,0.6032608695652174,0.34026465028355385
0.453,0.5122400756143667,0.040226350322622555,0.5380434782608695,0.536231884057971,0.548913043478261,0.5996376811594203,0.3383742911153119
0.4532,0.5107120352867045,0.04238217997689182,0.5380434782608695,0.5307971014492754,0.548913043478261,0.6068840579710144,0.32892249527410206
0.4534,0.5124448645242596,0.044723415945265285,0.5471014492753623,0.5344202898550724,0.5507246376811594,0.6105072463768116,0.31947069943289225
0.4536,0.5120510396975426,0.04567027702484288,0.552536231884058,0.532608695652174,0.5452898550724639,0.6141304347826086,0.3156899810964083
0.4538,0.5163831127914305,0.04719241794466744,0.5615942028985508,0.532608695652174,0.552536231884058,0.621376811594203,0.31379962192816635
0.454,0.5119880277252677,0.0474839865119264,0.5471014492753623,0.5344202898550725,0.5507246376811594,0.6195652173913043,0.30812854442344045
0.4542,0.5115626969124134,0.04915993717818431,0.5380434782608695,0.5416666666666666,0.5543478260869565,0.6231884057971014,0.30056710775047263
0.4544,0.5114996849401386,0.050781634429205386,0.5362318840579711,0.5489130434782609,0.5543478260869565,0.625,0.29300567107750475
0.4546,0.5121928166351607,0.051610182747299616,0.5416666666666667,0.548913043478261,0.5561594202898551,0.6249999999999999,0.2892249527410208
0.4548,0.5143824826717076,0.051907714208811344,0.5416666666666666,0.5471014492753624,0.5615942028985507,0.6304347826086956,0.2911153119092627
0.455,0.5136263390044109,0.05266580166415,0.5398550724637681,0.5489130434782609,0.5597826086956522,0.6322463768115942,0.2873345935727788
0.4552,0.5139571518588533,0.053779968056888144,0.5398550724637682,0.5434782608695652,0.5670289855072463,0.6358695652173914,0.2835538752362949
0.4554,0.5150283553875236,0.05466261537752022,0.5416666666666666,0.5380434782608695,0.5742753623188406,0.6394927536231884,0.28166351606805295
0.4556,0.5161310649023314,0.054910872975988186,0.5380434782608695,0.536231884057971,0.5778985507246377,0.644927536231884,0.28355387523629494
0.4558,0.5161310649023314,0.054829529223884975,0.5344202898550725,0.5398550724637681,0.5797101449275363,0.6431159420289855,0.28355387523629494
0.456,0.5157844990548204,0.054078089199329854,0.5344202898550724,0.5434782608695652,0.576086956521739,0.6394927536231885,0.28544423440453687
0.4562,0.5180056710775047,0.05331403372769632,0.5344202898550725,0.5452898550724637,0.5797101449275361,0.6394927536231885,0.2911153119092627
0.4564,0.515453686200378,0.053116454916828724,0.5307971014492753,0.5416666666666666,0.5815217391304347,0.6340579710144928,0.2892249527410208
0.4566,0.515800252047889,0.05367870054202384,0.532608695652174,0.5398550724637681,0.5833333333333334,0.6358695652173912,0.2873345935727788
0.4568,0.5136105860113421,0.054259068368476465,0.5217391304347826,0.536231884057971,0.5851449275362319,0.6394927536231885,0.28544423440453687
0.457,0.5132955261499685,0.052828743956541496,0.5181159420289856,0.5398550724637681,0.5815217391304348,0.6358695652173912,0.2911153119092627
0.4572,0.5147763074984246,0.052226138137397675,0.519927536231884,0.5380434782608695,0.588768115942029,0.6322463768115941,0.2948960302457467
0.4574,0.5144612476370509,0.050986034279919476,0.5181159420289855,0.5344202898550724,0.5905797101449275,0.6286231884057971,0.3005671077504725
0.4576,0.5140989287964712,0.050607127091385984,0.5181159420289855,0.536231884057971,0.5942028985507246,0.6213768115942029,0.3005671077504726
0.4578,0.5122558286074355,0.05116802327351878,0.5144927536231885,0.5344202898550725,0.5960144927536232,0.6195652173913043,0.2967863894139886
0.458,0.5133585381222432,0.05072476781441349,0.5144927536231884,0.5416666666666666,0.5942028985507246,0.6177536231884059,0.29867674858223064
0.4582,0.5144770006301197,0.050512204528290645,0.5108695652173914,0.5398550724637681,0.6032608695652173,0.6159420289855072,0.30245746691871456
0.4584,0.5116099558916194,0.04933838233862069,0.5036231884057971,0.536231884057971,0.5960144927536232,0.6159420289855072,0.30623818525519847
0.4586,0.5102079395085066,0.04809310405252962,0.4981884057971015,0.532608695652174,0.5942028985507246,0.6141304347826086,0.31190926275992437
0.4588,0.5087586641461878,0.047799977389858354,0.4945652173913044,0.5326086956521738,0.5960144927536231,0.608695652173913,0.3119092627599244
0.459,0.5080655324511657,0.046975502458079785,0.4873188405797101,0.5380434782608696,0.5942028985507246,0.6050724637681159,0.3156899810964083
0.4592,0.5084593572778828,0.04595958662037161,0.4891304347826087,0.5398550724637681,0.5905797101449275,0.6032608695652174,0.31947069943289225
0.4594,0.5103339634530559,0.045385985483195154,0.4855072463768116,0.536231884057971,0.5996376811594202,0.6032608695652174,0.32703213610586007
0.4596,0.5107435412728418,0.044206270213879725,0.48731884057971014,0.532608695652174,0.6014492753623188,0.5996376811594203,0.33270321361058597
0.4598,0.5151701323251417,0.042989554996327436,0.48913043478260865,0.5416666666666666,0.6014492753623188,0.6014492753623188,0.34215500945179583
0.46,0.5140831758034026,0.04305278538024156,0.483695652173913,0.5434782608695652,0.605072463768116,0.5960144927536232,0.34215500945179583
0.4602,0.516650913673598,0.0424748229919222,0.48913043478260865,0.5452898550724637,0.6014492753623188,0.6014492753623188,0.34593572778827975
0.4604,0.5178166351606805,0.04098143129944546,0.4873188405797101,0.5434782608695652,0.605072463768116,0.5978260869565217,0.3553875236294896
0.4606,0.5181947069943289,0.04074974430300802,0.4873188405797101,0.5434782608695652,0.6105072463768115,0.592391304347826,0.3572778827977316
0.4608,0.5193289224952741,0.039757874408997265,0.48913043478260865,0.5416666666666666,0.6105072463768115,0.5923913043478262,0.3629489603024575
0.461,0.5215973534971645,0.037701210174709496,0.4927536231884058,0.5416666666666666,0.6141304347826086,0.5851449275362319,0.37429111531190923
0.4612,0.5227473219911783,0.03648998097584581,0.4927536231884058,0.5398550724637681,0.6141304347826086,0.5851449275362319,0.3818525519848771
0.4614,0.5239287964713296,0.0351925630621387,0.48913043478260865,0.5344202898550724,0.6177536231884058,0.5851449275362319,0.39319470699432896
0.4616,0.5250157529930687,0.03496793749546154,0.49275362318840576,0.5398550724637681,0.6195652173913043,0.5797101449275363,0.39319470699432896
0.4618,0.5272841839949589,0.03276669211048808,0.4963768115942029,0.5434782608695652,0.6195652173913043,0.572463768115942,0.40453686200378075
0.462,0.5243698802772527,0.0320689820621273,0.49818840579710144,0.5416666666666666,0.6159420289855073,0.5634057971014492,0.40264650283553877
0.4622,0.5284183994959043,0.031901155969062275,0.49818840579710144,0.5471014492753623,0.6231884057971014,0.5634057971014492,0.41020793950850665
0.4624,0.5321045998739761,0.031382062521602694,0.49818840579710144,0.5489130434782609,0.6250000000000001,0.5706521739130435,0.41776937618147447
0.4626,0.5303245116572148,0.02961560183135856,0.5018115942028986,0.5452898550724637,0.6195652173913043,0.5634057971014492,0.42155009451795844
0.4628,0.5278197857592943,0.02926890342168822,0.4945652173913044,0.5398550724637682,0.6213768115942029,0.5579710144927537,0.42533081285444235
0.463,0.5296943919344675,0.02726758009037489,0.5,0.5380434782608695,0.6141304347826086,0.5634057971014493,0.4328922495274102
0.4632,0.5315689981096409,0.02637737344246293,0.5,0.5362318840579711,0.6141304347826088,0.5670289855072463,0.44045368620037806
0.4634,0.5326559546313799,0.027216655425316736,0.49818840579710144,0.5344202898550725,0.6177536231884058,0.5724637681159421,0.44045368620037806
0.4636,0.5333648393194708,0.026929073326842776,0.5018115942028986,0.5416666666666667,0.6159420289855072,0.568840579710145,0.4385633270321361
0.4638,0.5337744171392564,0.026126360613120177,0.49818840579710144,0.5434782608695652,0.6141304347826088,0.568840579710145,0.44423440453686197
0.464,0.5345148078134845,0.026098249430057122,0.49456521739130443,0.5452898550724637,0.6105072463768116,0.5760869565217391,0.44612476370510395
0.4642,0.5356647763074983,0.025716213804507514,0.49275362318840576,0.5416666666666666,0.6159420289855072,0.5742753623188406,0.45368620037807184
0.4644,0.5386105860113422,0.02584197153981318,0.4909420289855072,0.5452898550724637,0.6195652173913043,0.5778985507246377,0.4593572778827977
0.4646,0.5390359168241966,0.024791493745615584,0.4909420289855072,0.5398550724637681,0.6177536231884058,0.5797101449275361,0.4669187145557656
0.4648,0.5427221172022685,0.022914325593844688,0.49818840579710144,0.5471014492753623,0.6141304347826086,0.5797101449275363,0.47448015122873344
0.465,0.5471172022684311,0.021891927156127512,0.5090579710144927,0.5471014492753623,0.6159420289855073,0.5833333333333334,0.4801512287334594
0.4652,0.5500157529930687,0.022163268824828195,0.5181159420289856,0.5434782608695652,0.6195652173913043,0.5887681159420289,0.4801512287334594
0.4654,0.5496219281663516,0.022495053470842408,0.5163043478260869,0.5489130434782609,0.6177536231884058,0.588768115942029,0.4763705103969754
0.4656,0.5489445494643983,0.02137856559538487,0.5144927536231885,0.5452898550724637,0.6123188405797102,0.5905797101449275,0.4820415879017013
0.4658,0.5452741020793951,0.022220828281810233,0.5072463768115942,0.5434782608695652,0.6105072463768116,0.588768115942029,0.4763705103969754
0.466,0.5452741020793951,0.022746311769883076,0.5090579710144927,0.536231884057971,0.6141304347826086,0.5905797101449275,0.4763705103969755
0.4662,0.5456521739130434,0.023151011515125913,0.5090579710144927,0.5307971014492754,0.6159420289855072,0.5942028985507246,0.4782608695652174
0.4664,0.5452898550724637,0.02337447987868015,0.5036231884057971,0.5344202898550725,0.6141304347826086,0.5960144927536232,0.4782608695652174
0.4666,0.5438248267170762,0.02298380151716026,0.5090579710144927,0.5271739130434783,0.6105072463768115,0.5960144927536233,0.4763705103969754
0.4668,0.5445337114051669,0.023182514799217374,0.5108695652173912,0.5289855072463767,0.6086956521739131,0.5996376811594204,0.47448015122873344
0.467,0.5452898550724637,0.02200919209925716,0.5108695652173914,0.5344202898550725,0.6032608695652173,0.5996376811594204,0.47826086956521735
0.4672,0.5427221172022685,0.023491411316425584,0.5090579710144927,0.5217391304347826,0.6014492753623188,0.6068840579710146,0.47448015122873344
0.4674,0.5434152488972905,0.024807432160767924,0.5054347826086957,0.5253623188405797,0.6032608695652174,0.6123188405797102,0.4706994328922495
0.4676,0.5437303087586641,0.026921947191491515,0.5,0.5271739130434783,0.6068840579710145,0.6195652173913044,0.46502835538752363
0.4678,0.5474007561436671,0.02641575813932598,0.503623188405797,0.5326086956521738,0.6032608695652173,0.6268115942028984,0.4706994328922495
0.468,0.5500157529930687,0.025080852743728194,0.5126811594202898,0.5271739130434783,0.5996376811594203,0.6304347826086956,0.4801512287334594
0.4682,0.5528827977315689,0.02509295645496138,0.519927536231884,0.5344202898550724,0.6050724637681159,0.628623188405797,0.4763705103969754
0.4684,0.5510081915563957,0.027703747662897002,0.5144927536231885,0.5271739130434783,0.608695652173913,0.6358695652173914,0.46880907372400765
0.4686,0.5524574669187146,0.028533702088972747,0.5108695652173914,0.5307971014492754,0.6123188405797101,0.6394927536231885,0.4688090737240076
0.4688,0.5520793950850662,0.028184754042475408,0.5144927536231885,0.5307971014492754,0.6105072463768115,0.6376811594202899,0.4669187145557656
0.469,0.5531663516068053,0.028163118004827983,0.519927536231884,0.5307971014492754,0.605072463768116,0.6431159420289855,0.4669187145557656
0.4692,0.5549936988027725,0.02833010495070576,0.5253623188405797,0.5289855072463768,0.6032608695652174,0.6485507246376812,0.46880907372400754
0.4694,0.554269061121613,0.029516140599608012,0.5235507246376812,0.519927536231884,0.6068840579710145,0.6521739130434783,0.46880907372400754
0.4696,0.5572148708254568,0.029535400930046755,0.5253623188405797,0.519927536231884,0.6105072463768115,0.6557971014492754,0.47448015122873344
0.4698,0.555371770636421,0.030929877659002,0.5253623188405797,0.5108695652173914,0.6105072463768115,0.6594202898550725,0.47069943289224947
0.47,0.5539224952741021,0.03240831069499025,0.5253623188405797,0.4963768115942029,0.6177536231884058,0.6594202898550725,0.4706994328922496
0.4702,0.5554032766225583,0.03342960768205886,0.519927536231884,0.4945652173913043,0.625,0.6630434782608695,0.47448015122873344
0.4704,0.5568683049779459,0.033660692441468264,0.5181159420289856,0.49637681159420294,0.6304347826086957,0.6630434782608696,0.4763705103969754
0.4706,0.5561594202898551,0.03358443543842454,0.5217391304347826,0.48913043478260876,0.6322463768115942,0.6594202898550725,0.4782608695652174
0.4708,0.5569313169502206,0.033912490860400636,0.5144927536231884,0.4891304347826087,0.6376811594202898,0.6594202898550725,0.48393194706994325
0.471,0.5584436042848141,0.03319961882563283,0.5181159420289856,0.4873188405797101,0.6322463768115942,0.6630434782608696,0.4914933837429111
0.4712,0.557703213610586,0.03302697254776411,0.5217391304347827,0.4855072463768116,0.6286231884057971,0.6630434782608696,0.4896030245746692
0.4714,0.5613579080025205,0.03279856384913814,0.5217391304347827,0.4927536231884058,0.6340579710144928,0.6648550724637681,0.4933837429111531
0.4716,0.5632325141776938,0.03283077502335183,0.5253623188405798,0.48731884057971014,0.6376811594202899,0.6648550724637681,0.500945179584121
0.4718,0.5679741650913673,0.03376454068461924,0.5253623188405798,0.49094202898550726,0.6557971014492753,0.6630434782608696,0.5047258979206048
0.472,0.5701953371140517,0.03356091083558429,0.5253623188405797,0.49275362318840576,0.6612318840579711,0.661231884057971,0.5103969754253308
0.4722,0.569833018273472,0.03503880424964042,0.5289855072463768,0.48188405797101447,0.6684782608695651,0.6594202898550725,0.5103969754253308
0.4724,0.5731884057971015,0.035122882672249,0.532608695652174,0.4782608695652174,0.6721014492753623,0.661231884057971,0.5217391304347826
0.4726,0.5761027095148078,0.0365843001616858,0.536231884057971,0.4746376811594203,0.677536231884058,0.6684782608695652,0.5236294896030246
0.4728,0.5779458097038437,0.03779023590960976,0.5416666666666667,0.46739130434782605,0.6847826086956521,0.6684782608695652,0.5274102079395084
0.473,0.5790327662255829,0.03874906876844601,0.5452898550724639,0.463768115942029,0.6920289855072463,0.6666666666666666,0.5274102079395085
0.4732,0.5779458097038437,0.038259753193048356,0.5398550724637681,0.4673913043478261,0.6938405797101449,0.661231884057971,0.5274102079395084
0.4734,0.5783553875236296,0.03916682858071799,0.5344202898550724,0.463768115942029,0.6956521739130436,0.6648550724637681,0.5330812854442344
0.4736,0.5816792690611216,0.04012777459624611,0.5416666666666666,0.4583333333333333,0.7047101449275361,0.6630434782608696,0.5406427221172023
0.4738,0.5776937618147449,0.04157814205430732,0.5362318840579711,0.4474637681159421,0.7083333333333334,0.6557971014492754,0.5406427221172022
0.474,0.579867674858223,0.04292984560673815,0.5344202898550724,0.4492753623188406,0.7210144927536232,0.6539855072463768,0.5406427221172022
0.4742,0.5835223692501575,0.04222726412758879,0.536231884057971,0.4583333333333333,0.7264492753623188,0.6521739130434783,0.5444234404536862
0.4744,0.581758034026465,0.04317962354137843,0.5289855072463768,0.45289855072463775,0.730072463768116,0.6467391304347826,0.550094517958412
0.4746,0.583947700063012,0.04310507932584829,0.5307971014492754,0.4565217391304348,0.7336956521739131,0.6467391304347826,0.551984877126654
0.4748,0.5835381222432261,0.04390867338189035,0.5253623188405796,0.4601449275362318,0.7391304347826086,0.6467391304347826,0.546313799621928
0.475,0.5835381222432262,0.04391465242861978,0.519927536231884,0.46376811594202894,0.7391304347826086,0.6485507246376812,0.5463137996219282
0.4752,0.5847038437303087,0.044341827546741173,0.519927536231884,0.4601449275362318,0.7427536231884058,0.644927536231884,0.555765595463138
0.4754,0.5828922495274103,0.04519740214205549,0.5163043478260869,0.45652173913043476,0.7463768115942029,0.6394927536231885,0.555765595463138
0.4756,0.5789067422810334,0.04667127428539099,0.5126811594202898,0.4438405797101449,0.7463768115942029,0.6358695652173914,0.555765595463138
0.4758,0.5807655954631381,0.046148454899938136,0.5126811594202898,0.447463768115942,0.7463768115942029,0.6358695652173914,0.5614366729678639
0.476,0.5814902331442974,0.0456434301101779,0.5163043478260869,0.4492753623188406,0.7463768115942029,0.6340579710144927,0.5614366729678638
0.4762,0.5793163201008191,0.04629537459971348,0.5108695652173914,0.44565217391304346,0.7463768115942029,0.6322463768115942,0.5614366729678639
0.4764,0.5804505356017644,0.04489327532201353,0.5090579710144928,0.45289855072463764,0.7427536231884058,0.6304347826086957,0.5671077504725899
0.4766,0.5809073724007561,0.044740582546039895,0.5054347826086957,0.45108695652173914,0.7391304347826086,0.6304347826086957,0.5784499054820416
0.4768,0.579080025204789,0.04541059219497284,0.5018115942028986,0.447463768115942,0.7391304347826086,0.6304347826086957,0.5765595463137996
0.477,0.5743068683049779,0.047050535902861325,0.4963768115942029,0.4347826086956521,0.7355072463768115,0.6358695652173912,0.5689981096408318
0.4772,0.5801354757403907,0.04792940548322983,0.5,0.4402173913043479,0.7463768115942029,0.6413043478260869,0.5727788279773156
0.4774,0.5805765595463137,0.04895434657176704,0.4945652173913044,0.4365942028985507,0.7481884057971014,0.6413043478260869,0.5822306238185255
0.4776,0.5831915563957153,0.04916896208022185,0.4909420289855072,0.4402173913043478,0.75,0.6431159420289856,0.5916824196597353
0.4778,0.5810806553245117,0.049185237039263315,0.48550724637681164,0.43659420289855067,0.7445652173913043,0.6394927536231884,0.5992438563327032
0.478,0.5818525519848772,0.05029395313121553,0.4927536231884058,0.4257246376811594,0.7463768115942029,0.6394927536231885,0.6049149338374291
0.4782,0.5822148708254569,0.049804035672115485,0.4963768115942029,0.4257246376811594,0.7445652173913043,0.6394927536231885,0.6049149338374291
0.4784,0.5818998109640832,0.05026992805894403,0.4945652173913044,0.4221014492753623,0.7427536231884058,0.6394927536231885,0.610586011342155
0.4786,0.5782608695652174,0.05126625950446433,0.4927536231884059,0.41304347826086957,0.7427536231884059,0.6340579710144927,0.608695652173913
0.4788,0.5790327662255829,0.05214657405722038,0.48550724637681164,0.41485507246376807,0.7463768115942029,0.6340579710144927,0.6143667296786389
0.479,0.5771739130434783,0.05182704745729922,0.4818840579710145,0.4184782608695652,0.7481884057971013,0.6286231884057971,0.6086956521739131
0.4792,0.5731726528040328,0.05206004094286693,0.47282608695652173,0.41666666666666663,0.7445652173913043,0.625,0.6068052930056711
0.4794,0.5728733459357278,0.05268564639688134,0.46739130434782605,0.4148550724637681,0.7427536231884058,0.625,0.6143667296786389
0.4796,0.5736137366099558,0.05351458269181866,0.4601449275362319,0.42028985507246375,0.75,0.6213768115942029,0.6162570888468809
0.4798,0.5703213610586011,0.05276790601331645,0.45289855072463764,0.42391304347826086,0.7445652173913043,0.6177536231884059,0.612476370510397
0.48,0.5703213610586012,0.053479587430718616,0.45652173913043476,0.4184782608695652,0.7481884057971014,0.6159420289855073,0.6124763705103969
0.4802,0.5758191556395715,0.052701489868951866,0.4655797101449275,0.42391304347826086,0.75,0.6195652173913044,0.6200378071833648
0.4804,0.5707151858853182,0.05375854421908924,0.45471014492753625,0.41847826086956524,0.7481884057971014,0.6159420289855073,0.6162570888468808
0.4806,0.5688720856962823,0.05278200875983277,0.4528985507246377,0.4221014492753623,0.7445652173913043,0.6123188405797102,0.6124763705103969
0.4808,0.5681474480151228,0.051527611224168914,0.4528985507246377,0.4275362318840579,0.7409420289855072,0.6068840579710145,0.6124763705103969
0.481,0.5670919974795211,0.05218324129188108,0.45108695652173914,0.42210144927536236,0.7391304347826088,0.6068840579710144,0.6162570888468809
0.4812,0.5652331442974164,0.050141806137314046,0.4528985507246377,0.4275362318840579,0.7318840579710145,0.6032608695652174,0.6105860113421551
0.4814,0.5630434782608695,0.05043238791582913,0.4456521739130435,0.42934782608695654,0.7318840579710144,0.5996376811594203,0.608695652173913
0.4816,0.561925015752993,0.0497930327339274,0.44384057971014496,0.4329710144927536,0.730072463768116,0.5978260869565217,0.604914933837429
0.4818,0.5597826086956521,0.050026248098820884,0.44021739130434784,0.43115942028985504,0.7282608695652174,0.5905797101449275,0.608695652173913
0.482,0.5579080025204789,0.04946372295944171,0.4365942028985507,0.4365942028985507,0.7282608695652174,0.5869565217391304,0.6011342155009451
0.4822,0.5564744801512287,0.05085139851688555,0.42934782608695654,0.43297101449275366,0.730072463768116,0.5869565217391305,0.6030245746691871
0.4824,0.555765595463138,0.05081006731292824,0.427536231884058,0.4347826086956521,0.730072463768116,0.5815217391304348,0.604914933837429
0.4826,0.5542848141146818,0.050435226028702713,0.4221014492753623,0.4402173913043478,0.7282608695652174,0.5797101449275363,0.6011342155009451
0.4828,0.5510239445494645,0.050427643265748945,0.41304347826086957,0.44202898550724634,0.7228260869565217,0.5760869565217392,0.6011342155009451
0.483,0.5480938878386893,0.050705170682419344,0.4021739130434782,0.44565217391304346,0.7192028985507246,0.5760869565217391,0.5973534971644613
0.4832,0.5473850031505986,0.04940615111307325,0.40398550724637683,0.44565217391304346,0.7101449275362318,0.5778985507246377,0.5992438563327032
0.4834,0.5459829867674858,0.049886365942232974,0.39492753623188404,0.4492753623188406,0.7065217391304347,0.5742753623188406,0.6049149338374291
0.4836,0.5478890989287966,0.050322294670228404,0.3894927536231884,0.4565217391304348,0.7047101449275361,0.572463768115942,0.6162570888468809
0.4838,0.5425015752993068,0.04962553172020632,0.3822463768115942,0.4565217391304347,0.6902173913043478,0.5615942028985508,0.6219281663516067
0.484,0.5442659105229993,0.047308627564920484,0.38949275362318836,0.4655797101449275,0.6865942028985507,0.5634057971014493,0.616257088846881
0.4842,0.5421077504725897,0.04656468360822484,0.38768115942028986,0.4655797101449275,0.6775362318840579,0.5615942028985508,0.6181474480151229
0.4844,0.5439666036546944,0.04662153270150571,0.38768115942028986,0.47282608695652173,0.6793478260869565,0.5561594202898551,0.6238185255198487
0.4846,0.5454473850031507,0.04685173726277977,0.3894927536231884,0.47282608695652173,0.6811594202898551,0.5561594202898551,0.6275992438563327
0.4848,0.5462665406427222,0.04715157191752953,0.3858695652173913,0.4764492753623188,0.6739130434782609,0.5561594202898551,0.6389413988657846
0.485,0.5454946439823567,0.04614485192903093,0.38224637681159424,0.4855072463768116,0.6684782608695652,0.5579710144927537,0.6332703213610587
0.4852,0.5411940768746061,0.04528243822998666,0.3786231884057971,0.4873188405797101,0.6521739130434783,0.5489130434782609,0.6389413988657845
0.4854,0.540500945179584,0.045085960034238905,0.37318840579710144,0.4945652173913043,0.6413043478260869,0.5507246376811593,0.6427221172022684
0.4856,0.5434782608695652,0.04525650946342718,0.37318840579710144,0.5018115942028986,0.6358695652173912,0.5543478260869565,0.6521739130434783
0.4858,0.5398393194706994,0.043914922540244386,0.375,0.49818840579710144,0.6231884057971014,0.552536231884058,0.6502835538752363
0.486,0.5372873345935728,0.043173034585092876,0.3713768115942029,0.503623188405797,0.6105072463768116,0.552536231884058,0.6483931947069943
0.4862,0.5365942028985506,0.04278861255543626,0.37137681159420294,0.5090579710144927,0.6014492753623187,0.5489130434782609,0.6521739130434782
0.4864,0.5333805923125394,0.04366672508311496,0.36594202898550726,0.5090579710144927,0.592391304347826,0.5416666666666667,0.6578449905482041
0.4866,0.5348298676748582,0.043418589134961084,0.36594202898550726,0.5144927536231884,0.5887681159420289,0.5471014492753623,0.6578449905482041
0.4868,0.53588531821046,0.04262827220454534,0.36594202898550726,0.5253623188405797,0.5833333333333334,0.5507246376811594,0.6540642722117203
0.487,0.5344360428481412,0.04237696500126211,0.36413043478260865,0.5326086956521738,0.5706521739130435,0.5507246376811594,0.6540642722117201
0.4872,0.532955261499685,0.04198393188914454,0.3623188405797101,0.5398550724637681,0.5615942028985507,0.5507246376811594,0.6502835538752363
0.4874,0.5307813484562066,0.042723310277340956,0.3568840579710145,0.5398550724637681,0.5543478260869565,0.5525362318840579,0.6502835538752363
0.4876,0.5319155639571519,0.04267233383156885,0.36050724637681164,0.5489130434782609,0.5489130434782609,0.5452898550724637,0.6559546313799621
0.4878,0.5326402016383113,0.043105028664045184,0.3586956521739131,0.5579710144927537,0.5489130434782609,0.5416666666666666,0.6559546313799621
0.488,0.5311436672967864,0.04285035693333035,0.3568840579710145,0.5634057971014493,0.5471014492753623,0.5380434782608695,0.6502835538752363
0.4882,0.5318840579710145,0.043840879146180664,0.3532608695652174,0.5688405797101449,0.5489130434782609,0.5362318840579711,0.6521739130434783
0.4884,0.5336641461877758,0.04376442655620941,0.3532608695652174,0.5760869565217391,0.552536231884058,0.5380434782608696,0.6483931947069943
0.4886,0.5340422180214242,0.04500813671156311,0.3496376811594203,0.588768115942029,0.5452898550724637,0.5362318840579711,0.6502835538752363
0.4888,0.5344045368620038,0.04516131948042233,0.35144927536231885,0.5978260869565217,0.5416666666666666,0.5307971014492754,0.6502835538752363
0.489,0.5329080025204789,0.044803663593808336,0.35144927536231885,0.6014492753623188,0.5398550724637681,0.5271739130434783,0.6446124763705103
0.4892,0.5317737870195337,0.045278429834737385,0.34782608695652173,0.608695652173913,0.5344202898550725,0.5289855072463768,0.6389413988657845
0.4894,0.5318210459987398,0.04723715101860119,0.34057971014492755,0.6123188405797101,0.5326086956521738,0.5289855072463769,0.6446124763705104
0.4896,0.5329395085066162,0.048260149270225684,0.34057971014492755,0.6213768115942029,0.5289855072463768,0.5253623188405798,0.6483931947069943
0.4898,0.5325456836798992,0.049040974646592295,0.3351449275362319,0.625,0.5326086956521738,0.5253623188405797,0.6446124763705103
0.49,0.5325614366729678,0.05066971512627545,0.32971014492753625,0.6322463768115941,0.5326086956521738,0.5217391304347826,0.6465028355387523
0.4902,0.5288752362948961,0.051102299663406264,0.32608695652173914,0.6376811594202899,0.5271739130434783,0.5144927536231884,0.6389413988657845
0.4904,0.5306710775047259,0.05002238171098571,0.3315217391304348,0.6376811594202898,0.5271739130434783,0.519927536231884,0.6370510396975425
0.4906,0.5288122243226213,0.04963062105672457,0.3333333333333333,0.6413043478260869,0.519927536231884,0.5181159420289856,0.6313799621928166
0.4908,0.5255198487712665,0.05053126557678168,0.32971014492753625,0.6467391304347826,0.5126811594202899,0.5108695652173914,0.6275992438563326
0.491,0.5233774417139256,0.051788521875095084,0.3242753623188406,0.6467391304347826,0.5054347826086957,0.5090579710144927,0.6313799621928167
0.4912,0.5218966603654694,0.0526904109594526,0.3188405797101449,0.6503623188405797,0.5090579710144928,0.5036231884057971,0.6275992438563327
0.4914,0.521471329552615,0.052765781246506646,0.31521739130434784,0.6521739130434784,0.5090579710144928,0.5108695652173914,0.6200378071833649
0.4916,0.5174070573408948,0.0530542564947207,0.30797101449275366,0.6503623188405797,0.5108695652173914,0.5072463768115942,0.610586011342155
0.4918,0.5181474480151229,0.054116718194272766,0.30978260869565216,0.6612318840579711,0.5054347826086957,0.5018115942028986,0.612476370510397
0.492,0.5184467548834278,0.05265291017118364,0.3188405797101449,0.6648550724637682,0.5018115942028986,0.5018115942028986,0.6049149338374291
0.4922,0.5180529300567107,0.0535717832784806,0.31521739130434784,0.6702898550724637,0.5018115942028986,0.5018115942028984,0.6011342155009453
0.4924,0.5180686830497795,0.054475397064612525,0.30978260869565216,0.6702898550724637,0.5036231884057971,0.5036231884057971,0.6030245746691871
0.4926,0.5177378701953371,0.055767123571528736,0.30434782608695654,0.6721014492753623,0.5036231884057971,0.5018115942028986,0.6068052930056711
0.4928,0.5173440453686201,0.05669201450524977,0.302536231884058,0.6793478260869564,0.5072463768115942,0.4945652173913044,0.6030245746691871
0.493,0.5184152488972904,0.05724052180869949,0.3007246376811594,0.6829710144927535,0.5126811594202898,0.4945652173913044,0.6011342155009451
0.4932,0.5180529300567108,0.05821734823172623,0.2989130434782609,0.6884057971014493,0.5108695652173914,0.49094202898550726,0.6011342155009451
0.4934,0.5205734089477001,0.05811607901137248,0.3007246376811595,0.6920289855072465,0.5108695652173914,0.5,0.5992438563327032
0.4936,0.5212507876496535,0.05796754016875748,0.3007246376811594,0.6938405797101449,0.5144927536231885,0.5036231884057971,0.5935727788279773
0.4938,0.5212822936357908,0.0579764909675887,0.29891304347826086,0.6902173913043479,0.5108695652173914,0.5090579710144927,0.5973534971644612
0.494,0.5223219911783239,0.058788522207703246,0.2971014492753623,0.697463768115942,0.5144927536231885,0.5108695652173914,0.5916824196597353
0.4942,0.5233459357277883,0.05861488090080898,0.2971014492753623,0.6992753623188406,0.519927536231884,0.5163043478260869,0.5841209829867674
0.4944,0.5218651543793321,0.06002515319394928,0.28985507246376807,0.7028985507246377,0.5144927536231885,0.5217391304347826,0.5803402646502837
0.4946,0.5214870825456837,0.06072042785555596,0.286231884057971,0.7047101449275363,0.5181159420289855,0.519927536231884,0.5784499054820416
0.4948,0.5225897920604915,0.0602923801413952,0.28804347826086957,0.7028985507246377,0.5181159420289856,0.5235507246376812,0.5803402646502835
0.495,0.5203528670447385,0.059558034039931616,0.2898550724637681,0.7010869565217392,0.5108695652173914,0.5271739130434783,0.5727788279773157
0.4952,0.521817895400126,0.059201885759829424,0.2898550724637681,0.6974637681159421,0.5144927536231885,0.5326086956521738,0.5746691871455577
0.4954,0.5228575929426591,0.059125309969526196,0.29166666666666674,0.6992753623188406,0.5090579710144927,0.5452898550724637,0.5689981096408318
0.4956,0.5250630119722748,0.05959669955973756,0.28804347826086957,0.697463768115942,0.5181159420289856,0.5489130434782609,0.5727788279773157
0.4958,0.5254253308128545,0.05935073216998146,0.28623188405797106,0.6920289855072463,0.5217391304347826,0.5543478260869565,0.5727788279773157
0.496,0.5260869565217391,0.05991443524322495,0.28260869565217395,0.6920289855072463,0.5271739130434783,0.5634057971014492,0.5652173913043479
0.4962,0.5267958412098299,0.05786340214624406,0.2898550724637681,0.6847826086956522,0.5344202898550725,0.5615942028985508,0.5633270321361059
0.4964,0.5260554505356018,0.05595427392070066,0.29528985507246375,0.6757246376811594,0.536231884057971,0.5615942028985508,0.5614366729678639
0.4966,0.5267800882167613,0.05581058904215792,0.2952898550724638,0.6739130434782608,0.5416666666666667,0.5615942028985508,0.5614366729678639
0.4968,0.5256616257088847,0.05503745179527094,0.2971014492753623,0.6702898550724637,0.5416666666666667,0.5615942028985507,0.55765595463138
0.497,0.5249369880277251,0.054687937908127295,0.2971014492753623,0.6666666666666666,0.5398550724637681,0.5634057971014492,0.55765595463138
0.4972,0.5238185255198488,0.05460577580272749,0.29528985507246375,0.6630434782608695,0.5416666666666666,0.5652173913043478,0.553875236294896
0.4974,0.5227158160050409,0.05413883911895263,0.2934782608695652,0.6539855072463768,0.5452898550724639,0.5688405797101449,0.5519848771266541
0.4976,0.5205103969754253,0.05340377382902469,0.29528985507246375,0.6503623188405797,0.536231884057971,0.572463768115942,0.54820415879017
0.4978,0.5205261499684941,0.05334552692246837,0.29528985507246375,0.6467391304347826,0.5307971014492754,0.5797101449275363,0.550094517958412
0.498,0.5212350346565847,0.051928047453743596,0.3007246376811594,0.6413043478260869,0.536231884057971,0.5797101449275363,0.5482041587901701
0.4982,0.5208569628229364,0.05222022588412234,0.29891304347826086,0.6413043478260869,0.5380434782608695,0.5797101449275363,0.5463137996219282
0.4984,0.5234877126654064,0.05142811299427798,0.3007246376811594,0.6286231884057971,0.5452898550724637,0.5851449275362318,0.55765595463138
0.4986,0.5245746691871455,0.05083169886507048,0.30434782608695654,0.628623188405797,0.5471014492753623,0.5851449275362318,0.55765595463138
0.4988,0.5230938878386894,0.05085629979151167,0.302536231884058,0.6231884057971013,0.5452898550724637,0.5905797101449275,0.553875236294896
0.499,0.5249684940138626,0.05033402005178503,0.30615942028985504,0.6231884057971014,0.5452898550724637,0.5887681159420289,0.5614366729678638
0.4992,0.5260554505356018,0.04958052002510698,0.3097826086956522,0.6195652173913044,0.5489130434782609,0.5905797101449275,0.5614366729678638
0.4994,0.5242438563327033,0.04856643624271928,0.3115942028985507,0.6105072463768115,0.5471014492753623,0.5905797101449276,0.5614366729678639
0.4996,0.5235192186515437,0.04716878391498139,0.3170289855072464,0.605072463768116,0.5434782608695652,0.5905797101449275,0.5614366729678639
0.4998,0.5246061751732829,0.045935482524975715,0.322463768115942,0.5942028985507246,0.5489130434782609,0.5960144927536232,0.5614366729678638
0.5,0.5249369880277251,0.04516430970427519,0.32608695652173914,0.5905797101449275,0.552536231884058,0.5978260869565217,0.5576559546313798
0.5002,0.5234719596723377,0.044778580385262584,0.32608695652173914,0.5815217391304347,0.5543478260869565,0.5996376811594203,0.555765595463138
0.5004,0.5234719596723377,0.0444106127604615,0.3278985507246377,0.5742753623188406,0.556159420289855,0.6032608695652173,0.555765595463138
0.5006,0.5234877126654064,0.04344717412349765,0.3315217391304348,0.5742753623188405,0.556159420289855,0.5978260869565217,0.55765595463138
0.5008,0.5209199747952111,0.0430834344057956,0.3315217391304348,0.5652173913043478,0.552536231884058,0.6014492753623188,0.553875236294896
0.501,0.5223377441713926,0.040271938156712477,0.34601449275362317,0.5597826086956522,0.5543478260869565,0.6014492753623188,0.550094517958412
0.5012,0.5219596723377442,0.03938680757600845,0.3496376811594203,0.5597826086956521,0.552536231884058,0.5996376811594203,0.5482041587901701
0.5014,0.5216131064902332,0.03830134543759834,0.35507246376811596,0.556159420289855,0.5452898550724639,0.6014492753623188,0.5500945179584121
0.5016,0.5194076874606175,0.03728141826635195,0.3568840579710145,0.5489130434782609,0.5489130434782609,0.5960144927536232,0.5463137996219282
0.5018,0.5186830497794581,0.037372948693868556,0.3568840579710145,0.5434782608695652,0.5471014492753623,0.5996376811594203,0.5463137996219282
0.502,0.5165091367359798,0.036514014835265694,0.35869565217391297,0.5307971014492754,0.5525362318840579,0.5942028985507246,0.5463137996219282
0.5022,0.5139886578449906,0.0355292308610578,0.36231884057971014,0.5181159420289855,0.548913043478261,0.592391304347826,0.5482041587901701
0.5024,0.5172652804032766,0.03642430207803805,0.36413043478260865,0.5163043478260869,0.552536231884058,0.6032608695652174,0.5500945179584121
0.5026,0.5172495274102078,0.03615881237321487,0.3659420289855072,0.5163043478260869,0.5507246376811594,0.605072463768116,0.5482041587901701
0.5028,0.5164776307498424,0.03585963537550606,0.36775362318840576,0.5144927536231884,0.5507246376811594,0.6068840579710145,0.5425330812854442
0.503,0.5135318210459987,0.035875167919525316,0.3659420289855072,0.5108695652173914,0.5471014492753623,0.6068840579710145,0.5368620037807184
0.5032,0.5091839949590421,0.03565580348740222,0.3659420289855072,0.49818840579710144,0.5380434782608695,0.6068840579710144,0.5368620037807184
0.5034,0.5099086326402016,0.03469844381629373,0.375,0.4909420289855073,0.536231884057971,0.6105072463768115,0.5368620037807184
0.5036,0.5076402016383114,0.033640110053831086,0.38224637681159424,0.4836956521739131,0.5344202898550725,0.6123188405797102,0.5255198487712666
0.5038,0.5050882167611845,0.03270454606204593,0.3876811594202898,0.4746376811594204,0.5289855072463767,0.6105072463768115,0.5236294896030246
0.504,0.5036231884057971,0.03189640735807791,0.3913043478260869,0.4692028985507246,0.5289855072463767,0.6068840579710144,0.5217391304347827
0.5042,0.502882797731569,0.032573217658617315,0.3931159420289855,0.4601449275362318,0.5307971014492754,0.6105072463768116,0.5198487712665407
0.5044,0.5028985507246377,0.03289168670014135,0.391304347826087,0.4619565217391305,0.5271739130434783,0.6123188405797101,0.5217391304347827
0.5046,0.49853497164461247,0.03305208901546836,0.38949275362318836,0.4565217391304348,0.5144927536231885,0.6123188405797102,0.5198487712665407
0.5048,0.4992438563327032,0.03209620903326468,0.3931159420289855,0.46014492753623193,0.5144927536231885,0.6105072463768116,0.5179584120982986
0.505,0.49847195967233776,0.031217182942639636,0.40579710144927533,0.4492753623188406,0.5126811594202898,0.6123188405797102,0.5122873345935728
0.5052,0.4984562066792691,0.030648204886284378,0.4094202898550725,0.447463768115942,0.5144927536231884,0.6105072463768116,0.5103969754253308
0.5054,0.49806238185255197,0.031223851747804825,0.4130434782608696,0.43659420289855067,0.5235507246376812,0.6105072463768116,0.5066162570888468
0.5056,0.4966288594833019,0.03206211597963805,0.41123188405797106,0.427536231884058,0.5271739130434783,0.608695652173913,0.5085066162570889
0.5058,0.49442344045368614,0.03197743827924761,0.4130434782608696,0.4221014492753623,0.5253623188405797,0.6068840579710144,0.504725897920605
0.506,0.4951480781348456,0.03162555760035216,0.4130434782608696,0.427536231884058,0.5217391304347826,0.6086956521739131,0.504725897920605
0.5062,0.48894139886578447,0.030884269010840012,0.40942028985507245,0.42028985507246375,0.5181159420289856,0.5978260869565217,0.499054820415879
0.5064,0.48747637051039694,0.030915159596754952,0.41304347826086957,0.41304347826086957,0.5181159420289855,0.5960144927536233,0.497164461247637
0.5066,0.48530245746691875,0.030616140409873708,0.41123188405797106,0.41123188405797095,0.5144927536231885,0.592391304347826,0.497164461247637
0.5068,0.4845620667926906,0.03004780092220859,0.4130434782608696,0.4130434782608695,0.5090579710144928,0.592391304347826,0.4952741020793951
0.507,0.479773156899811,0.029318596197220787,0.41123188405797106,0.41123188405797095,0.5036231884057971,0.5869565217391304,0.48582230623818523
0.5072,0.4761184625078765,0.02875214614166367,0.411231884057971,0.4039855072463767,0.5054347826086957,0.5778985507246377,0.48204158790170126
0.5074,0.47578764965343423,0.027337916823796635,0.40942028985507245,0.4094202898550725,0.5036231884057971,0.5706521739130435,0.4858223062381853
0.5076,0.4735664776307499,0.026942284682594735,0.40760869565217395,0.4094202898550725,0.5036231884057971,0.5670289855072465,0.48015122873345933
0.5078,0.47396030245746684,0.027537715220912636,0.40760869565217395,0.40036231884057966,0.5217391304347826,0.5561594202898551,0.48393194706994325
0.508,0.4713925645872716,0.026250541106213374,0.4130434782608696,0.39855072463768115,0.5108695652173912,0.5543478260869565,0.48015122873345933
0.5082,0.4717391304347826,0.025633129752232166,0.42391304347826086,0.3931159420289855,0.5126811594202898,0.5507246376811594,0.47826086956521735
0.5084,0.4717076244486453,0.025104611490723364,0.42934782608695654,0.3931159420289855,0.5108695652173914,0.5507246376811594,0.47448015122873344
0.5086,0.4691556395715186,0.025837911132333517,0.42210144927536225,0.391304347826087,0.5072463768115942,0.552536231884058,0.47258979206049145
0.5088,0.46950220541902954,0.025723479091402456,0.4221014492753623,0.3931159420289855,0.5090579710144928,0.5525362318840579,0.47069943289224947
0.509,0.46907687460617514,0.02627794354620092,0.43115942028985504,0.38586956521739124,0.5126811594202898,0.552536231884058,0.46313799621928164
0.5092,0.46728103339634536,0.026488165764320566,0.4275362318840579,0.3822463768115943,0.5126811594202899,0.5489130434782609,0.46502835538752363
0.5094,0.46835223692501565,0.027667273724468644,0.43115942028985504,0.3786231884057971,0.5126811594202898,0.556159420289855,0.4631379962192816
0.5096,0.46721802142407054,0.027818362066186878,0.4275362318840579,0.38043478260869573,0.5144927536231884,0.5561594202898551,0.4574669187145558
0.5098,0.46795841209829875,0.02839335657150833,0.42391304347826086,0.3804347826086957,0.519927536231884,0.5561594202898551,0.45935727788279773
0.51,0.4686515437933208,0.027887051605206013,0.427536231884058,0.3840579710144928,0.5181159420289856,0.5579710144927535,0.45557655954631376
0.5102,0.4704473850031506,0.028522118850770255,0.4257246376811594,0.38586956521739124,0.5326086956521738,0.5543478260869565,0.4536862003780718
0.5104,0.46970699432892254,0.028355795348183922,0.4257246376811594,0.38586956521739124,0.5326086956521738,0.552536231884058,0.4517958412098298
0.5106,0.4726212980466288,0.028596942480766576,0.431159420289855,0.38586956521739124,0.5434782608695652,0.5489130434782609,0.45368620037807184
0.5108,0.47151858853182105,0.028293731539310186,0.43115942028985504,0.38586956521739135,0.5398550724637681,0.5489130434782609,0.45179584120982985
0.511,0.471865154379332,0.027916591897295912,0.431159420289855,0.38949275362318836,0.5398550724637681,0.5489130434782609,0.44990548204158787
0.5112,0.47700063011972277,0.02815693171529585,0.4347826086956522,0.3931159420289855,0.552536231884058,0.5471014492753623,0.45746691871455575
0.5114,0.48144297416509135,0.027074199489622926,0.4347826086956522,0.4021739130434782,0.5579710144927537,0.5434782608695652,0.46880907372400754
0.5116,0.48401071203528667,0.028243284667201513,0.4384057971014492,0.39855072463768115,0.5670289855072463,0.5434782608695652,0.47258979206049145
0.5118,0.4891619407687461,0.028651404174414332,0.44202898550724634,0.4003623188405797,0.568840579710145,0.5525362318840581,0.4820415879017013
0.512,0.49136735979836166,0.028523747538496277,0.4492753623188406,0.39855072463768115,0.5670289855072463,0.5561594202898551,0.48582230623818523
0.5122,0.49319470699432894,0.027899601200897597,0.4528985507246377,0.4021739130434782,0.5706521739130435,0.552536231884058,0.4877126654064272
0.5124,0.49287964713295523,0.026914454051728817,0.4528985507246377,0.40398550724637683,0.5706521739130435,0.5434782608695652,0.49338374291115306
0.5126,0.49661310649023316,0.0282907265262952,0.4528985507246377,0.4021739130434782,0.5815217391304348,0.5398550724637681,0.5066162570888468
0.5128,0.4999212350346566,0.02776647243168323,0.45471014492753625,0.40760869565217384,0.5815217391304348,0.5434782608695652,0.5122873345935728
0.513,0.5043005671077505,0.026864156936052215,0.46014492753623193,0.4148550724637681,0.5815217391304348,0.5489130434782609,0.5160680529300568
0.5132,0.5065374921235034,0.026792048554205344,0.46376811594202905,0.4148550724637681,0.5815217391304348,0.5489130434782608,0.5236294896030246
0.5134,0.5069313169502204,0.026933076112137043,0.4619565217391304,0.4148550724637681,0.5797101449275361,0.5507246376811594,0.5274102079395085
0.5136,0.5094202898550725,0.02779908865363567,0.463768115942029,0.41666666666666663,0.588768115942029,0.5561594202898551,0.5217391304347826
0.5138,0.5116257088846881,0.028056974873302692,0.45833333333333337,0.42210144927536225,0.588768115942029,0.5634057971014492,0.5255198487712666
0.514,0.5178008821676119,0.030066286541059327,0.45833333333333337,0.4257246376811594,0.6032608695652174,0.5742753623188406,0.5274102079395085
0.5142,0.5206521739130434,0.029155299792424323,0.46739130434782605,0.43115942028985504,0.605072463768116,0.5778985507246377,0.5217391304347826
0.5144,0.5254568367989918,0.027220109039550102,0.4746376811594203,0.44021739130434784,0.6032608695652173,0.5760869565217391,0.5330812854442344
0.5146,0.5302299936988029,0.026772510881751206,0.47826086956521735,0.447463768115942,0.6086956521739131,0.5760869565217391,0.5406427221172023
0.5148,0.5342627599243857,0.02755544779606029,0.47644927536231885,0.4528985507246377,0.6177536231884058,0.5778985507246377,0.5463137996219283
0.515,0.5390044108380592,0.02785109037725834,0.4818840579710145,0.45652173913043476,0.625,0.5815217391304348,0.5500945179584121
0.5152,0.5401228733459357,0.02738033883801115,0.4873188405797101,0.4547101449275362,0.6213768115942029,0.5833333333333334,0.553875236294896
0.5154,0.5419344675488343,0.027648765608780504,0.48913043478260865,0.45471014492753625,0.6195652173913043,0.592391304347826,0.553875236294896
0.5156,0.5448172652804033,0.026208246567357485,0.4945652173913043,0.46376811594202894,0.6195652173913043,0.5942028985507246,0.551984877126654
0.5158,0.5478418399495905,0.025243310984317757,0.49275362318840576,0.47101449275362317,0.6159420289855072,0.592391304347826,0.5671077504725897
0.516,0.5496849401386263,0.025123721630488687,0.4927536231884058,0.47463768115942034,0.6177536231884059,0.5923913043478262,0.5708884688090737
0.5162,0.5511184625078764,0.02438195933045116,0.4945652173913044,0.48007246376811596,0.6177536231884058,0.5942028985507246,0.5689981096408318
0.5164,0.5548046628859483,0.024666998126794203,0.49275362318840576,0.48550724637681153,0.6159420289855072,0.6032608695652174,0.5765595463137996
0.5166,0.5596250787649654,0.024346555296044882,0.4945652173913043,0.49275362318840576,0.6141304347826086,0.6068840579710145,0.5897920604914934
0.5168,0.5636420919974794,0.02312948194464778,0.5054347826086957,0.4963768115942028,0.6123188405797101,0.6105072463768116,0.5935727788279772
0.517,0.5643982356647762,0.0239997725714957,0.5,0.4981884057971014,0.6159420289855072,0.6105072463768115,0.5973534971644612
0.5172,0.5654694391934468,0.023793751681534,0.5,0.5018115942028986,0.6159420289855072,0.6141304347826086,0.5954631379962192
0.5174,0.5705576559546313,0.02459028997985298,0.4963768115942029,0.5126811594202899,0.625,0.6213768115942029,0.5973534971644612
0.5176,0.5735349716446125,0.025924416923285787,0.49275362318840576,0.5144927536231885,0.628623188405797,0.625,0.6068052930056711
0.5178,0.5731253938248267,0.02391797849176294,0.49818840579710144,0.519927536231884,0.6286231884057971,0.6177536231884058,0.6011342155009453
0.518,0.5723692501575299,0.023749855167418864,0.49818840579710144,0.519927536231884,0.6286231884057971,0.6177536231884059,0.5973534971644613
0.5182,0.5724165091367359,0.025802542853435705,0.49094202898550726,0.516304347826087,0.6358695652173914,0.6159420289855072,0.6030245746691871
0.5184,0.572715816005041,0.025535338403253418,0.4909420289855072,0.519927536231884,0.6340579710144928,0.6231884057971014,0.5954631379962193
0.5186,0.576039697542533,0.023819813229711276,0.5,0.5253623188405797,0.6340579710144927,0.6177536231884058,0.6030245746691871
0.5188,0.5767800882167612,0.024580317399801613,0.4963768115942029,0.5271739130434783,0.6376811594202899,0.6177536231884059,0.6049149338374291
0.519,0.5789855072463769,0.024821352882471837,0.49456521739130443,0.532608695652174,0.6376811594202898,0.6213768115942029,0.6086956521739131
0.5192,0.5789067422810333,0.024563724478608814,0.49818840579710144,0.5326086956521738,0.6449275362318841,0.6195652173913043,0.5992438563327032
0.5194,0.5774574669187145,0.02375754630705543,0.5036231884057971,0.5271739130434783,0.6431159420289855,0.6141304347826086,0.5992438563327032
0.5196,0.5755828607435414,0.02318762027449528,0.5072463768115942,0.5235507246376812,0.6413043478260869,0.6141304347826088,0.5916824196597354
0.5198,0.5741020793950851,0.02334225123501936,0.5072463768115941,0.519927536231884,0.6394927536231885,0.6159420289855072,0.5879017013232515
0.52,0.5748424700693131,0.023137038235574052,0.5126811594202898,0.5163043478260869,0.6394927536231884,0.6159420289855072,0.5897920604914934
0.5202,0.5748582230623819,0.02364198997227763,0.5090579710144927,0.519927536231884,0.6485507246376812,0.605072463768116,0.5916824196597353
0.5204,0.5745116572148709,0.022740764571755664,0.5090579710144927,0.5235507246376812,0.644927536231884,0.6014492753623188,0.5935727788279773
0.5206,0.5755513547574039,0.022995392445091207,0.5108695652173914,0.5253623188405797,0.6503623188405797,0.6032608695652174,0.5879017013232515
0.5208,0.5754883427851292,0.022854727694247623,0.5126811594202898,0.5271739130434783,0.6521739130434783,0.6050724637681159,0.5803402646502835
0.521,0.57619722747322,0.022448226267261114,0.5144927536231885,0.5289855072463768,0.6503623188405797,0.6086956521739131,0.5784499054820416
0.5212,0.5757718966603655,0.023058066592124317,0.5144927536231885,0.5289855072463768,0.6539855072463767,0.6105072463768116,0.5708884688090737
0.5214,0.5749684940138626,0.02263403507790143,0.5217391304347825,0.5271739130434783,0.6539855072463769,0.6105072463768115,0.5614366729678639
0.5216,0.5764492753623188,0.022773691878962925,0.5235507246376812,0.5253623188405797,0.6539855072463768,0.6141304347826088,0.5652173913043478
0.5218,0.576039697542533,0.023279828374390212,0.5235507246376812,0.5253623188405797,0.6557971014492753,0.6159420289855073,0.5595463137996219
0.522,0.5763390044108381,0.023332064295898264,0.5271739130434783,0.5271739130434783,0.6557971014492754,0.6195652173913043,0.551984877126654
0.5222,0.5723377441713925,0.024040188481235836,0.5271739130434783,0.5144927536231885,0.6539855072463768,0.6159420289855073,0.550094517958412
0.5224,0.5734089477000629,0.023256145321238302,0.5289855072463767,0.519927536231884,0.6503623188405797,0.6195652173913044,0.5482041587901701
0.5226,0.5762759924385632,0.023911493034609037,0.536231884057971,0.519927536231884,0.6521739130434782,0.6286231884057971,0.5444234404536862
0.5228,0.574747952110901,0.025058640160157696,0.5416666666666666,0.5144927536231884,0.657608695652174,0.6250000000000001,0.5349716446124764
0.523,0.5724952741020795,0.026380903066021668,0.5416666666666666,0.5108695652173914,0.6612318840579711,0.6231884057971014,0.5255198487712665
0.5232,0.571723377441714,0.02849606808757161,0.5398550724637681,0.5054347826086957,0.6684782608695653,0.625,0.5198487712665406
0.5234,0.572763074984247,0.029947847698690157,0.5434782608695652,0.5036231884057971,0.6739130434782609,0.6286231884057971,0.5141776937618148
0.5236,0.5720384373030876,0.02978491181317253,0.5452898550724637,0.5018115942028986,0.6739130434782609,0.6250000000000001,0.5141776937618147
0.5238,0.5723850031505986,0.0305389556738819,0.5471014492753623,0.5,0.677536231884058,0.625,0.5122873345935728
0.524,0.5737870195337114,0.030761908251333667,0.552536231884058,0.5036231884057971,0.677536231884058,0.628623188405797,0.5066162570888468
0.5242,0.5686988027725267,0.031128890081111745,0.5507246376811593,0.4927536231884058,0.6757246376811593,0.6195652173913043,0.5047258979206048
0.5244,0.5657214870825457,0.031260881815531896,0.5489130434782609,0.4927536231884058,0.6684782608695652,0.6231884057971014,0.4952741020793951
0.5246,0.5653276622558285,0.0327314869653834,0.552536231884058,0.4855072463768116,0.6702898550724639,0.6268115942028986,0.4914933837429111
0.5248,0.5645872715816005,0.03356400591376344,0.5579710144927537,0.4782608695652174,0.6702898550724637,0.6268115942028984,0.4896030245746692
0.525,0.5637838689350977,0.03411724744653281,0.5579710144927537,0.48369565217391297,0.6739130434782609,0.6231884057971014,0.4801512287334594
0.5252,0.5600976685570258,0.03511575721230061,0.5579710144927537,0.48007246376811596,0.6793478260869564,0.6105072463768115,0.47258979206049145
0.5254,0.5590107120352867,0.03488366773076243,0.5597826086956521,0.4800724637681159,0.681159420289855,0.6014492753623188,0.47258979206049145
0.5256,0.5629962192816635,0.036695950017776216,0.5670289855072465,0.48007246376811596,0.6938405797101449,0.6014492753623188,0.47258979206049145
0.5258,0.5615154379332072,0.03739827573799528,0.5670289855072463,0.4764492753623188,0.6938405797101449,0.6014492753623187,0.46880907372400754
0.526,0.5596723377441715,0.03713675551337137,0.5670289855072465,0.47826086956521735,0.6920289855072463,0.5960144927536232,0.46502835538752363
0.5262,0.5589161940768747,0.03746676452247991,0.5706521739130436,0.47644927536231885,0.6902173913043479,0.5960144927536233,0.46124763705103966
0.5264,0.558900441083806,0.03774178075413441,0.5688405797101449,0.4782608695652174,0.6920289855072463,0.5960144927536233,0.4593572778827977
0.5266,0.5570888468809074,0.03695289823879015,0.572463768115942,0.4782608695652174,0.6884057971014492,0.5869565217391305,0.45935727788279773
0.5268,0.5574511657214871,0.03637965127894625,0.5742753623188406,0.4800724637681159,0.6847826086956522,0.5887681159420289,0.45935727788279773
0.527,0.5589634530560806,0.03578649149361538,0.5778985507246376,0.47644927536231885,0.6829710144927537,0.5905797101449275,0.4669187145557656
0.5272,0.5567895400126025,0.035043983891645966,0.5833333333333334,0.47644927536231885,0.6793478260869565,0.5778985507246377,0.4669187145557656
0.5274,0.5546156269691241,0.0341272850565758,0.5778985507246377,0.4764492753623188,0.6739130434782609,0.5778985507246377,0.4669187145557656
0.5276,0.5528040327662256,0.033894691339351184,0.5760869565217391,0.47463768115942023,0.6721014492753623,0.5742753623188406,0.46691871455576556
0.5278,0.5502047889098929,0.034350148931881666,0.5706521739130435,0.47826086956521735,0.6739130434782608,0.5688405797101449,0.45935727788279773
0.528,0.5454946439823567,0.03235812486006339,0.5597826086956521,0.48188405797101447,0.6648550724637681,0.5615942028985507,0.45935727788279773
0.5282,0.5436672967863894,0.03134033009210812,0.5634057971014492,0.483695652173913,0.6576086956521738,0.556159420289855,0.4574669187145558
0.5284,0.5451165721487082,0.03027064094454164,0.5634057971014492,0.4945652173913043,0.6557971014492754,0.5543478260869565,0.4574669187145558
0.5286,0.5414933837429111,0.027825952470726018,0.5615942028985507,0.49818840579710144,0.6413043478260869,0.5489130434782609,0.4574669187145558
0.5288,0.5396502835538752,0.02775321170122489,0.5615942028985507,0.49818840579710144,0.6376811594202898,0.5471014492753623,0.4536862003780719
0.529,0.5403749212350346,0.027438418440354415,0.5615942028985507,0.49999999999999994,0.6358695652173914,0.5507246376811594,0.4536862003780719
0.5292,0.5349401386263389,0.026874306995913942,0.5525362318840579,0.4945652173913044,0.6322463768115941,0.5416666666666667,0.4536862003780718
0.5294,0.5346880907372402,0.02348168011086858,0.5471014492753623,0.5,0.6231884057971014,0.5362318840579711,0.4669187145557656
0.5296,0.5321361058601134,0.022815370448721107,0.5452898550724637,0.4963768115942029,0.6159420289855073,0.5380434782608695,0.46502835538752363
0.5298,0.526339004410838,0.02066718967209879,0.5344202898550725,0.4963768115942029,0.6032608695652174,0.532608695652174,0.46502835538752363
0.53,0.5267013232514177,0.01998163938490167,0.5434782608695652,0.4945652173913043,0.5960144927536232,0.5344202898550724,0.46502835538752363
0.5302,0.5278197857592942,0.019683368306364465,0.5398550724637681,0.4981884057971014,0.5996376811594203,0.532608695652174,0.46880907372400754
0.5304,0.5285601764335224,0.018972105937047117,0.5452898550724637,0.49999999999999994,0.5960144927536233,0.5307971014492754,0.4706994328922495
0.5306,0.5278512917454317,0.016921275323413417,0.5507246376811594,0.5018115942028986,0.5815217391304348,0.532608695652174,0.4725897920604915
0.5308,0.5271581600504096,0.01577829411161003,0.5471014492753623,0.5018115942028986,0.5778985507246377,0.532608695652174,0.4763705103969754
0.531,0.5256616257088846,0.016521614163426766,0.5452898550724637,0.5036231884057971,0.5797101449275363,0.5289855072463767,0.4706994328922495
0.5312,0.5267958412098299,0.015847955737558383,0.5507246376811594,0.5,0.5760869565217391,0.5307971014492753,0.4763705103969754
0.5314,0.527930056710775,0.015846173688750992,0.552536231884058,0.49818840579710144,0.5797101449275363,0.5271739130434783,0.4820415879017013
0.5316,0.5293950850661626,0.015975917939001702,0.5561594202898551,0.5,0.5815217391304348,0.5253623188405797,0.4839319470699433
0.5318,0.5282923755513547,0.015620749265262827,0.552536231884058,0.49818840579710144,0.5778985507246377,0.5307971014492754,0.4820415879017014
0.532,0.5254253308128545,0.014339644235569729,0.5525362318840579,0.4945652173913043,0.568840579710145,0.5253623188405796,0.4858223062381853
0.5322,0.526890359168242,0.014279957448073255,0.5543478260869565,0.4945652173913043,0.5688405797101449,0.5289855072463768,0.4877126654064272
0.5324,0.528780718336484,0.013161069015938174,0.5597826086956521,0.4945652173913043,0.5634057971014492,0.5289855072463768,0.4971644612476371
0.5326,0.5306395715185885,0.01200142373994206,0.5507246376811594,0.4963768115942029,0.5652173913043478,0.5380434782608696,0.502835538752363
0.5328,0.5295526149968494,0.012113988166037662,0.5543478260869565,0.49275362318840576,0.5597826086956521,0.5380434782608695,0.502835538752363
0.533,0.5302772526780088,0.011456501079093673,0.5543478260869565,0.4963768115942029,0.5561594202898551,0.5416666666666666,0.502835538752363
0.5332,0.5299464398235665,0.01072403790295982,0.552536231884058,0.4963768115942029,0.5543478260869565,0.5398550724637682,0.5066162570888468
0.5334,0.5281505986137367,0.01072198285291039,0.5507246376811594,0.49275362318840576,0.5543478260869565,0.5344202898550725,0.5085066162570888
0.5336,0.5241178323881537,0.01154464199063529,0.552536231884058,0.4873188405797102,0.5507246376811594,0.5271739130434783,0.502835538752363
0.5338,0.5215658475110272,0.011530080415913748,0.5507246376811594,0.48550724637681153,0.5489130434782609,0.5217391304347826,0.500945179584121
0.534,0.525252047889099,0.011200003627342676,0.5579710144927537,0.48913043478260865,0.5471014492753623,0.5235507246376812,0.5085066162570889
0.5342,0.5238342785129175,0.011082062120372828,0.552536231884058,0.4855072463768116,0.5489130434782609,0.519927536231884,0.5122873345935728
0.5344,0.5241808443604284,0.011780184697655547,0.5561594202898551,0.483695652173913,0.5489130434782609,0.5217391304347826,0.5103969754253308
0.5346,0.5223062381852552,0.013373417157459589,0.5579710144927537,0.47644927536231885,0.5489130434782609,0.5253623188405797,0.502835538752363
0.5348,0.5215816005040957,0.014577860981122768,0.5634057971014492,0.47101449275362317,0.5471014492753623,0.5235507246376812,0.5028355387523629
0.535,0.5204946439823567,0.014910312376576985,0.5652173913043478,0.46920289855072467,0.5452898550724639,0.519927536231884,0.5028355387523629
0.5352,0.5168872085696282,0.015184277251204468,0.5579710144927537,0.46014492753623193,0.5434782608695652,0.5181159420289855,0.5047258979206048
0.5354,0.5143509766855703,0.01452910088298709,0.5489130434782609,0.45833333333333337,0.5434782608695652,0.5163043478260869,0.504725897920605
0.5356,0.509987397605545,0.01519357031136714,0.5416666666666666,0.45108695652173914,0.5452898550724637,0.5090579710144927,0.502835538752363
0.5358,0.5063169502205419,0.01662192946820246,0.5362318840579711,0.4402173913043478,0.5452898550724637,0.5126811594202898,0.4971644612476371
0.536,0.5066162570888469,0.01891098101743762,0.5398550724637681,0.4329710144927536,0.5507246376811594,0.519927536231884,0.4896030245746692
0.5362,0.5076874606175175,0.01955840005344092,0.5398550724637681,0.4329710144927536,0.5561594202898551,0.5217391304347827,0.4877126654064272
0.5364,0.5073408947700063,0.02037004421453739,0.5344202898550725,0.4275362318840579,0.5579710144927537,0.5271739130434783,0.4896030245746692
0.5366,0.5080970384373031,0.020634537689988366,0.536231884057971,0.4257246376811594,0.5579710144927537,0.5271739130434783,0.4933837429111531
0.5368,0.5062381852551986,0.022378039044829868,0.5307971014492754,0.41847826086956524,0.5634057971014492,0.5307971014492754,0.48771266540642727
0.537,0.5091682419659737,0.023222312013486953,0.5380434782608696,0.4166666666666667,0.5652173913043479,0.5344202898550725,0.4914933837429112
0.5372,0.509892879647133,0.024656172907338358,0.5398550724637681,0.41304347826086957,0.5742753623188406,0.5307971014492754,0.4914933837429112
0.5374,0.5109640831758033,0.023868517980717492,0.5434782608695652,0.4184782608695652,0.572463768115942,0.5307971014492753,0.4896030245746692
0.5376,0.5091052299936989,0.02641789243147579,0.5452898550724637,0.40760869565217395,0.5778985507246377,0.5307971014492754,0.4839319470699433
0.5378,0.5061436672967864,0.027585357588254644,0.5434782608695653,0.40217391304347827,0.5797101449275363,0.5289855072463768,0.4763705103969754
0.538,0.5057813484562067,0.027707823033377,0.5380434782608695,0.40217391304347827,0.5833333333333333,0.5289855072463768,0.4763705103969754
0.5382,0.5039067422810334,0.02827291092707407,0.536231884057971,0.40217391304347827,0.5869565217391304,0.5253623188405797,0.46880907372400754
0.5384,0.5053560176433523,0.02690625050691286,0.5344202898550725,0.41123188405797095,0.5869565217391305,0.5253623188405797,0.46880907372400754
0.5386,0.5039382482671708,0.027439046096220616,0.5289855072463768,0.4057971014492754,0.588768115942029,0.5235507246376812,0.47258979206049145
0.5388,0.5020478890989288,0.0282553985146399,0.5271739130434782,0.4057971014492754,0.592391304347826,0.5217391304347826,0.46313799621928164
0.539,0.5009136735979836,0.028940084200122076,0.5253623188405797,0.4057971014492754,0.5960144927536232,0.519927536231884,0.4574669187145557
0.5392,0.4986925015752993,0.03012789144501663,0.5271739130434783,0.39855072463768115,0.5942028985507245,0.5217391304347826,0.45179584120982985
0.5394,0.49651858853182107,0.030245610493812226,0.5181159420289855,0.3967391304347826,0.5960144927536232,0.519927536231884,0.45179584120982985
0.5396,0.49688090737240076,0.03144293154674456,0.519927536231884,0.39311594202898553,0.6014492753623188,0.5181159420289855,0.45179584120982985
0.5398,0.4961405166981726,0.03150080297629644,0.5181159420289855,0.3931159420289855,0.6014492753623188,0.5181159420289856,0.4499054820415879
0.54,0.49358853182104606,0.03180947558334614,0.5126811594202898,0.391304347826087,0.6032608695652174,0.5126811594202899,0.44801512287334594
0.5402,0.4877441713925646,0.034376514839750315,0.5036231884057971,0.3786231884057971,0.6105072463768115,0.5036231884057971,0.44234404536862
0.5404,0.485586011342155,0.03538881054932639,0.5036231884057971,0.3695652173913043,0.6105072463768115,0.5,0.44423440453686197
0.5406,0.48596408317580336,0.03608897874559298,0.49818840579710144,0.36594202898550726,0.6123188405797101,0.5072463768115942,0.44612476370510395
0.5408,0.4837744171392565,0.035729253805949254,0.4963768115942029,0.3677536231884058,0.6123188405797102,0.49818840579710144,0.444234404536862
0.541,0.48120667926906113,0.037515868585396954,0.4873188405797101,0.3641304347826087,0.6213768115942029,0.49275362318840576,0.44045368620037806
0.5412,0.4793635790800252,0.03942979514685862,0.48007246376811596,0.36050724637681164,0.6304347826086956,0.4891304347826087,0.43667296786389415
0.5414,0.4735349716446125,0.04032520692942898,0.4746376811594202,0.35144927536231885,0.6286231884057971,0.48007246376811596,0.4328922495274102
0.5416,0.4698960302457468,0.04132488649709858,0.46557971014492755,0.34601449275362317,0.6304347826086957,0.47644927536231885,0.4310018903591682
0.5418,0.4699275362318841,0.041632310978016826,0.46376811594202894,0.34057971014492755,0.6286231884057971,0.4818840579710145,0.43478260869565216
0.542,0.4659105229993699,0.041231414727570276,0.45471014492753625,0.33876811594202894,0.6231884057971014,0.4818840579710145,0.4310018903591683
0.5422,0.46192501575299305,0.042375759832517144,0.4492753623188406,0.32608695652173914,0.6195652173913043,0.483695652173913,0.43100189035916825
0.5424,0.4619565217391305,0.041734349565165,0.4492753623188406,0.32608695652173914,0.6159420289855072,0.483695652173913,0.4347826086956522
0.5426,0.4644770006301197,0.04352158854972454,0.4492753623188405,0.3242753623188406,0.625,0.49094202898550726,0.43289224952741023
0.5428,0.4641304347826087,0.04412978034306873,0.44202898550724634,0.3242753623188405,0.6286231884057971,0.4909420289855072,0.4347826086956522
0.543,0.4623030875866415,0.045470957052824036,0.44021739130434784,0.3152173913043478,0.6286231884057971,0.4945652173913044,0.43289224952741023
0.5432,0.4607908002520478,0.04659943254763756,0.43478260869565216,0.31521739130434784,0.6340579710144928,0.4945652173913043,0.42533081285444235
0.5434,0.45563957151858847,0.04844263036794754,0.4311594202898551,0.3061594202898551,0.6376811594202898,0.48731884057971014,0.41587901701323243
0.5436,0.4519848771266541,0.05006553793915656,0.42934782608695654,0.29891304347826086,0.6431159420289855,0.47644927536231885,0.4120982986767486
0.5438,0.4501732829237556,0.050474166050087026,0.427536231884058,0.29528985507246375,0.6431159420289856,0.47282608695652173,0.4120982986767486
0.544,0.44768431001890363,0.04886014417543954,0.4257246376811594,0.2934782608695652,0.6322463768115942,0.4692028985507246,0.41776937618147447
0.5442,0.4418714555765595,0.04860791183939057,0.42391304347826086,0.2844202898550725,0.6231884057971014,0.46195652173913043,0.41587901701323243
0.5444,0.44081600504095775,0.04821050384291972,0.4221014492753623,0.28442028985507245,0.6213768115942029,0.4565217391304348,0.4196597353497164
0.5446,0.4383427851291746,0.04779878331450797,0.41666666666666663,0.28260869565217395,0.6177536231884058,0.447463768115942,0.42722117202268434
0.5448,0.4346408317580341,0.048614448194907976,0.4184782608695652,0.28079710144927533,0.6213768115942029,0.4347826086956522,0.41776937618147447
0.545,0.4309861373660996,0.0470244516729122,0.4166666666666667,0.2807971014492754,0.6105072463768115,0.4329710144927536,0.41398865784499056
0.5452,0.4310333963453056,0.046763378020306695,0.411231884057971,0.28079710144927533,0.6086956521739131,0.4347826086956521,0.4196597353497165
0.5454,0.4284814114681789,0.04637073259520383,0.41304347826086957,0.2753623188405797,0.6014492753623188,0.4347826086956521,0.4177693761814745
0.5456,0.4273471959672338,0.04559831996568995,0.41666666666666663,0.2753623188405797,0.5960144927536232,0.4365942028985507,0.41209829867674863
0.5458,0.42337744171392566,0.04445103537233484,0.4166666666666667,0.2753623188405797,0.588768115942029,0.4221014492753623,0.41398865784499056
0.546,0.41822621298046625,0.045580410405660333,0.41304347826086957,0.26992753623188404,0.5905797101449275,0.4130434782608695,0.40453686200378075
0.5462,0.4146345305608065,0.04405706011618939,0.41123188405797106,0.2717391304347826,0.5815217391304348,0.4003623188405797,0.40831758034026466
0.5464,0.4135475740390674,0.044402049218789104,0.41485507246376807,0.26992753623188404,0.5815217391304348,0.3931159420289855,0.40831758034026466
0.5466,0.41253938248267163,0.04338519348931421,0.41123188405797095,0.26992753623188404,0.5742753623188406,0.38949275362318836,0.41776937618147447
0.5468,0.4132482671707625,0.04193421663639839,0.40942028985507245,0.27355072463768115,0.568840579710145,0.39855072463768115,0.41587901701323254
0.547,0.4132640201638312,0.042154876410613065,0.40398550724637683,0.2717391304347826,0.568840579710145,0.40398550724637683,0.4177693761814745
0.5472,0.41359483301827343,0.0416001502365222,0.40398550724637683,0.27355072463768115,0.5670289855072463,0.4094202898550725,0.4139886578449905
0.5474,0.4132955261499685,0.041367788114386905,0.4039855072463768,0.2717391304347826,0.5634057971014492,0.4057971014492754,0.42155009451795844
0.5476,0.4111216131064902,0.039538302957739364,0.40579710144927533,0.2717391304347826,0.5507246376811594,0.4057971014492754,0.42155009451795844
0.5478,0.4089319470699433,0.040308005606419214,0.40217391304347827,0.2663043478260869,0.5507246376811594,0.4057971014492754,0.41965973534971646
0.548,0.41079080025204784,0.03960606101373024,0.40217391304347827,0.26992753623188404,0.5489130434782609,0.40760869565217395,0.4253308128544424
0.5482,0.40902646502835543,0.039255510501837634,0.40579710144927533,0.2644927536231884,0.5398550724637681,0.40398550724637683,0.43100189035916825
0.5484,0.407955261499685,0.03757580294912532,0.40398550724637683,0.2681159420289855,0.5307971014492754,0.4039855072463768,0.43289224952741023
0.5486,0.408301827347196,0.03563459627807029,0.40942028985507245,0.26992753623188404,0.5181159420289856,0.41304347826086957,0.43100189035916825
0.5488,0.408301827347196,0.03542399057821987,0.4094202898550725,0.2699275362318841,0.5163043478260869,0.4148550724637681,0.43100189035916825
0.549,0.4094833018273471,0.035633252214467864,0.40942028985507245,0.26811594202898553,0.5126811594202898,0.4148550724637681,0.44234404536862004
0.5492,0.410932577189666,0.035671033815953115,0.40942028985507245,0.266304347826087,0.5090579710144927,0.427536231884058,0.44234404536862004
0.5494,0.41424070573408944,0.03641344743823693,0.411231884057971,0.2644927536231884,0.5090579710144927,0.4384057971014493,0.4480151228733459
0.5496,0.41539067422810333,0.03576480669463937,0.4094202898550724,0.2681159420289855,0.5054347826086956,0.4384057971014493,0.45557655954631376
0.5498,0.41945494643982356,0.03662076312726116,0.4076086956521739,0.26992753623188404,0.5108695652173914,0.4438405797101449,0.46502835538752363
0.55,0.42197542533081284,0.037130340006818204,0.40398550724637683,0.26992753623188404,0.5090579710144927,0.463768115942029,0.46313799621928164
0.5502,0.4270951480781348,0.035971438650477534,0.40760869565217395,0.27898550724637683,0.5036231884057971,0.47644927536231885,0.46880907372400754
0.5504,0.43000945179584116,0.03632842812542375,0.40760869565217395,0.2807971014492754,0.49637681159420294,0.4945652173913043,0.47069943289224947
0.5506,0.4293163201008191,0.03635063550792867,0.40398550724637683,0.2807971014492754,0.4909420289855072,0.4963768115942029,0.47448015122873344
0.5508,0.4337271581600504,0.036653045201608815,0.40760869565217395,0.28442028985507245,0.4873188405797102,0.5072463768115942,0.4820415879017013
0.551,0.43700378071833657,0.03716470216241652,0.411231884057971,0.286231884057971,0.4855072463768116,0.5181159420289855,0.4839319470699433
0.5512,0.4399338374291116,0.038881773511860805,0.41123188405797106,0.28442028985507245,0.4836956521739131,0.532608695652174,0.4877126654064272
0.5514,0.4406742281033396,0.03878138241627241,0.411231884057971,0.286231884057971,0.4818840579710144,0.5344202898550725,0.48960302457466914
0.5516,0.44141461877756766,0.03955743998210777,0.40398550724637683,0.28804347826086957,0.4818840579710144,0.5416666666666666,0.4914933837429111
0.5518,0.4439666036546944,0.03890987119535913,0.40398550724637683,0.29528985507246375,0.4818840579710144,0.5452898550724637,0.4933837429111531
0.552,0.44651858853182097,0.040085204959039146,0.4076086956521739,0.2916666666666667,0.48913043478260865,0.5489130434782609,0.49527410207939504
0.5522,0.44796786389413984,0.03956268539109415,0.4021739130434782,0.3007246376811594,0.4855072463768116,0.556159420289855,0.49527410207939504
0.5524,0.45018903591682413,0.04015404622503177,0.40398550724637683,0.3007246376811594,0.4855072463768116,0.5597826086956521,0.5009451795841209
0.5526,0.4534499054820416,0.041196049716554384,0.4021739130434782,0.30434782608695654,0.48731884057971014,0.572463768115942,0.500945179584121
0.5528,0.4586011342155009,0.041068210640961805,0.4076086956521739,0.30978260869565216,0.48913043478260865,0.576086956521739,0.5103969754253308
0.553,0.4597195967233774,0.041775723455789227,0.40217391304347827,0.3134057971014492,0.48550724637681153,0.5833333333333334,0.5141776937618148
0.5532,0.46301197227473223,0.041756235003985905,0.41123188405797106,0.3134057971014492,0.4873188405797101,0.5851449275362319,0.5179584120982987
0.5534,0.4641304347826087,0.04198648525822833,0.40579710144927533,0.31702898550724634,0.48913043478260865,0.5869565217391304,0.5217391304347827
0.5536,0.4674228103339635,0.041940767089346694,0.411231884057971,0.3188405797101449,0.49275362318840576,0.5887681159420289,0.5255198487712666
0.5538,0.46965973534971645,0.04169188109807858,0.4094202898550725,0.32789855072463764,0.4836956521739131,0.5942028985507247,0.5330812854442344
0.554,0.47148708254568367,0.041071771966585464,0.40398550724637683,0.3351449275362318,0.49094202898550726,0.592391304347826,0.5349716446124764
0.5542,0.4707624448645243,0.04149507862030639,0.4003623188405797,0.3351449275362318,0.4891304347826087,0.5942028985507246,0.5349716446124764
0.5544,0.47077819785759295,0.04134577028453812,0.3913043478260869,0.34239130434782605,0.48913043478260876,0.5942028985507246,0.5368620037807184
0.5546,0.47299936988027724,0.04184512948971395,0.39492753623188404,0.34239130434782605,0.4873188405797102,0.5978260869565217,0.5425330812854443
0.5548,0.4759609325771897,0.04248910419905964,0.3967391304347826,0.34239130434782605,0.4909420289855072,0.5996376811594203,0.5500945179584121
0.555,0.4774102079395085,0.04361270342987836,0.3931159420289855,0.3442028985507246,0.4909420289855072,0.608695652173913,0.550094517958412
0.5552,0.4803875236294896,0.04428210343204577,0.3931159420289855,0.34601449275362317,0.49275362318840576,0.6105072463768115,0.5595463137996219
0.5554,0.4807813484562066,0.04451251198048071,0.3913043478260869,0.34601449275362317,0.4945652173913043,0.608695652173913,0.5633270321361059
0.5556,0.4830497794580969,0.04532194638501221,0.38949275362318836,0.34782608695652173,0.4945652173913043,0.608695652173913,0.5746691871455576
0.5558,0.488169502205419,0.0449078042023932,0.39492753623188404,0.35507246376811585,0.49818840579710144,0.6123188405797101,0.5803402646502835
0.556,0.4867044738500315,0.045096620179519646,0.38949275362318836,0.3532608695652174,0.5036231884057971,0.6086956521739131,0.5784499054820416
0.5562,0.48454631379962193,0.04490399115790739,0.3913043478260869,0.34601449275362317,0.5072463768115942,0.5978260869565217,0.5803402646502835
0.5564,0.48489287964713296,0.04304823733419916,0.39311594202898553,0.35507246376811596,0.5036231884057971,0.5942028985507246,0.5784499054820416
0.5566,0.48558601134215496,0.042105973582345066,0.3931159420289855,0.3605072463768116,0.5054347826086956,0.5942028985507246,0.5746691871455576
0.5568,0.48235664776307496,0.04217710847579014,0.3858695652173913,0.3623188405797101,0.4963768115942029,0.588768115942029,0.5784499054820416
0.557,0.4831127914303718,0.0423710102672663,0.3858695652173913,0.3623188405797101,0.49818840579710144,0.5869565217391305,0.5822306238185255
0.5572,0.48457781978575926,0.043328288279342285,0.3768115942028985,0.36413043478260865,0.5126811594202899,0.5851449275362319,0.5841209829867675
0.5574,0.48240390674228106,0.04304352853389671,0.37681159420289856,0.35869565217391297,0.519927536231884,0.572463768115942,0.5841209829867675
0.5576,0.48355387523629495,0.043933555102069845,0.3786231884057971,0.3550724637681159,0.5217391304347826,0.5706521739130435,0.5916824196597353
0.5578,0.4839319470699433,0.043792045739918344,0.3786231884057971,0.35507246376811596,0.5307971014492754,0.5615942028985507,0.5935727788279773
0.558,0.48251417769376187,0.04429497394358098,0.375,0.3532608695652174,0.5344202898550725,0.552536231884058,0.5973534971644613
0.5582,0.48026149968494014,0.043486990347641176,0.375,0.35144927536231885,0.5398550724637681,0.5471014492753623,0.5879017013232515
0.5584,0.4799149338374291,0.043431598980116094,0.37318840579710144,0.3532608695652174,0.5452898550724637,0.5380434782608696,0.5897920604914934
0.5586,0.4777095148078135,0.04330612115448025,0.37318840579710144,0.3496376811594203,0.5471014492753623,0.532608695652174,0.5860113421550094
0.5588,0.478481411468179,0.04336606094893606,0.375,0.35144927536231885,0.552536231884058,0.5217391304347827,0.5916824196597354
0.559,0.47673282923755506,0.04448909420924818,0.3677536231884058,0.3514492753623189,0.5507246376811593,0.5144927536231884,0.5992438563327032
0.5592,0.47526780088216763,0.04433631694032378,0.36775362318840576,0.35144927536231885,0.556159420289855,0.5036231884057971,0.5973534971644613
0.5594,0.47602394454946434,0.04457369224145815,0.36775362318840576,0.3550724637681159,0.5615942028985507,0.4945652173913043,0.6011342155009451
0.5596,0.4731411468178954,0.04481941638442378,0.36050724637681164,0.35688405797101447,0.556159420289855,0.4891304347826087,0.6030245746691872
0.5598,0.46950220541902954,0.04488880760837548,0.35326086956521735,0.35688405797101447,0.5507246376811594,0.4855072463768116,0.6011342155009451
0.56,0.46430371770636414,0.043512786169670935,0.34782608695652173,0.3605072463768116,0.5543478260869565,0.47282608695652173,0.5860113421550095
0.5602,0.4609955891619407,0.0430579496256607,0.34601449275362317,0.358695652173913,0.5525362318840579,0.46739130434782605,0.5803402646502835
0.5604,0.4617517328292376,0.043000677146451054,0.34782608695652173,0.358695652173913,0.5489130434782609,0.4692028985507246,0.5841209829867675
0.5606,0.45992438563327037,0.04330204901636516,0.3423913043478261,0.3623188405797101,0.552536231884058,0.4601449275362319,0.5822306238185255
0.5608,0.45767170762444864,0.042780138502312506,0.34057971014492755,0.3605072463768116,0.5543478260869565,0.4601449275362319,0.5727788279773156
0.561,0.4540800252047889,0.044084570267997954,0.3369565217391305,0.3532608695652174,0.552536231884058,0.45108695652173914,0.5765595463137996
0.5612,0.45152804032766225,0.04406654555799735,0.33695652173913043,0.3496376811594203,0.5507246376811594,0.44565217391304346,0.5746691871455576
0.5614,0.4500787649653434,0.044497509385253715,0.33152173913043476,0.35144927536231885,0.5507246376811594,0.4420289855072464,0.5746691871455576
0.5616,0.44637681159420295,0.044609675008789665,0.3278985507246377,0.3496376811594203,0.5561594202898551,0.43297101449275366,0.5652173913043478
0.5618,0.44453371140516695,0.044303715017757705,0.32608695652173914,0.35507246376811596,0.5579710144927535,0.4221014492753623,0.5614366729678639
0.562,0.44267485822306235,0.04460499640923657,0.3206521739130435,0.35326086956521735,0.5597826086956521,0.42391304347826086,0.555765595463138
0.5622,0.442643352236925,0.04496023112826749,0.31702898550724634,0.35326086956521735,0.5634057971014493,0.427536231884058,0.551984877126654
0.5624,0.4436830497794581,0.044487952951339976,0.3170289855072464,0.35688405797101447,0.5670289855072463,0.43115942028985504,0.5463137996219282
0.5626,0.4451165721487082,0.04425956065832634,0.31884057971014496,0.35688405797101447,0.5688405797101449,0.43659420289855067,0.5444234404536862
0.5628,0.44766855702583486,0.04467451404620066,0.32065217391304346,0.358695652173913,0.5742753623188406,0.4384057971014493,0.5463137996219282
0.563,0.44503780718336483,0.04407999018811539,0.32065217391304346,0.35688405797101447,0.576086956521739,0.4365942028985507,0.5349716446124764
0.5632,0.4424858223062381,0.04501632917318429,0.3170289855072464,0.35144927536231885,0.5778985507246376,0.43297101449275366,0.5330812854442345
0.5634,0.4402488972904853,0.043848334387513885,0.3170289855072464,0.3532608695652174,0.5742753623188406,0.4311594202898551,0.5255198487712666
0.5636,0.4390989287964713,0.04458380583295499,0.3188405797101449,0.34601449275362317,0.5815217391304348,0.43115942028985504,0.5179584120982986
0.5638,0.4346565847511027,0.04284911758960068,0.32065217391304346,0.3442028985507246,0.5742753623188406,0.427536231884058,0.5066162570888468
0.564,0.43643667296786387,0.041122753167092754,0.3278985507246377,0.3496376811594203,0.572463768115942,0.42934782608695654,0.5028355387523629
0.5642,0.4334751102709514,0.04007740139992084,0.3278985507246377,0.34782608695652173,0.5670289855072463,0.42934782608695654,0.4952741020793951
0.5644,0.43086011342155006,0.03965584020962733,0.3297101449275362,0.3442028985507246,0.5670289855072463,0.427536231884058,0.48582230623818523
0.5646,0.4315847511027095,0.039058558205214595,0.3315217391304347,0.34601449275362317,0.5652173913043479,0.4293478260869565,0.4858223062381853
0.5648,0.42934782608695643,0.039630460619928455,0.32608695652173914,0.3442028985507246,0.5670289855072463,0.431159420289855,0.4782608695652174
0.565,0.4322306238185255,0.03938970696183973,0.3351449275362319,0.34420289855072467,0.572463768115942,0.4329710144927536,0.47637051039697537
0.5652,0.43073408947700054,0.040432416521902735,0.3333333333333333,0.34057971014492755,0.5778985507246376,0.4311594202898551,0.47069943289224947
0.5654,0.42961562696912414,0.040022707841783224,0.33333333333333337,0.34057971014492755,0.5760869565217391,0.43115942028985504,0.4669187145557656
0.5656,0.4295368620037808,0.03903953132669357,0.338768115942029,0.3423913043478261,0.576086956521739,0.4329710144927536,0.4574669187145558
0.5658,0.42588216761184616,0.03756460986456159,0.33695652173913043,0.3442028985507246,0.5670289855072463,0.4275362318840579,0.45368620037807184
0.566,0.4265437933207309,0.037984400086171634,0.3442028985507246,0.34239130434782605,0.5742753623188406,0.4257246376811594,0.446124763705104
0.5662,0.4268903591682419,0.037189032655135866,0.3496376811594203,0.34601449275362317,0.5742753623188406,0.42028985507246375,0.444234404536862
0.5664,0.42608695652173917,0.038074176710168134,0.3496376811594203,0.34420289855072467,0.5797101449275363,0.4221014492753623,0.4347826086956522
0.5666,0.42978890989287966,0.03747194762474509,0.3568840579710145,0.3423913043478261,0.5778985507246377,0.427536231884058,0.444234404536862
0.5668,0.43164776307498426,0.03677797552237175,0.3659420289855072,0.34420289855072467,0.5778985507246377,0.4202898550724638,0.44990548204158787
0.567,0.4319943289224953,0.03686139519852643,0.3659420289855072,0.3460144927536232,0.5797101449275361,0.42028985507246375,0.4480151228733459
0.5672,0.43379017013232507,0.03655776978263822,0.36413043478260865,0.3532608695652174,0.5815217391304348,0.42391304347826086,0.446124763705104
0.5674,0.4366572148708254,0.03670893850408507,0.37318840579710144,0.3532608695652174,0.5869565217391304,0.4275362318840579,0.44234404536862
0.5676,0.4367044738500315,0.03612616147111547,0.3695652173913044,0.3568840579710145,0.5833333333333333,0.42572463768115937,0.44801512287334594
0.5678,0.44001260239445494,0.03500309813586123,0.375,0.36231884057971014,0.5815217391304348,0.4275362318840579,0.4536862003780718
0.568,0.44113106490233134,0.0351587297013086,0.3786231884057971,0.3623188405797101,0.5833333333333333,0.42391304347826086,0.4574669187145558
0.5682,0.44256458727158166,0.03460758981592408,0.3804347826086956,0.3659420289855072,0.5833333333333334,0.427536231884058,0.45557655954631376
0.5684,0.4462192816635161,0.034446486089928945,0.3804347826086957,0.375,0.5869565217391305,0.4293478260869565,0.45935727788279773
0.5686,0.4484247006931317,0.03332831820363554,0.38949275362318836,0.3786231884057971,0.5851449275362318,0.4257246376811594,0.4631379962192817
0.5688,0.45250472589792057,0.032646283308435164,0.39492753623188404,0.3804347826086957,0.5833333333333333,0.4293478260869565,0.47448015122873344
0.569,0.4539382482671708,0.0323713191092062,0.39492753623188404,0.38586956521739124,0.5851449275362319,0.43115942028985504,0.4725897920604915
0.5692,0.4597983616887208,0.031057668852404772,0.4057971014492754,0.3931159420289855,0.5851449275362319,0.4347826086956521,0.4801512287334594
0.5694,0.46455576559546313,0.02986276410699476,0.41666666666666663,0.4003623188405797,0.5851449275362318,0.4347826086956521,0.4858223062381853
0.5696,0.46895085066162573,0.028809019284478776,0.42391304347826086,0.4094202898550725,0.5851449275362319,0.43478260869565216,0.49149338374291124
0.5698,0.4766225582860744,0.029151835385762086,0.44202898550724634,0.4148550724637682,0.5942028985507246,0.43297101449275366,0.499054820415879
0.57,0.4824354127284184,0.028259113324129295,0.4492753623188406,0.42391304347826086,0.5978260869565217,0.4402173913043478,0.500945179584121
0.5702,0.48900441083805923,0.02829601183823755,0.4565217391304348,0.43297101449275355,0.6050724637681159,0.4438405797101449,0.5066162570888468
0.5704,0.48971329552615,0.026333855919962706,0.4619565217391305,0.43478260869565216,0.5978260869565217,0.4492753623188406,0.504725897920605
0.5706,0.4919502205419029,0.0258906697635057,0.4655797101449276,0.4402173913043478,0.5960144927536232,0.44565217391304346,0.5122873345935728
0.5708,0.49451795841209834,0.025947906325064093,0.47101449275362317,0.4420289855072464,0.5978260869565217,0.4456521739130434,0.5160680529300568
0.571,0.4970226843100189,0.024975041828573095,0.4873188405797102,0.4438405797101449,0.5960144927536232,0.44565217391304346,0.5122873345935728
0.5712,0.5021266540642723,0.025208589032998642,0.4963768115942029,0.44565217391304346,0.6014492753623188,0.45108695652173914,0.5160680529300568
0.5714,0.5040012602394455,0.025101507437515554,0.5,0.45108695652173914,0.5996376811594203,0.44565217391304346,0.5236294896030246
0.5716,0.507309388783869,0.025594686335339095,0.5090579710144928,0.45471014492753625,0.6014492753623188,0.44202898550724634,0.5293005671077504
0.5718,0.5073251417769377,0.02462619612182595,0.5144927536231885,0.45289855072463764,0.5942028985507246,0.4438405797101449,0.5311909262759924
0.572,0.5124921235034657,0.02443565572278495,0.5235507246376812,0.4619565217391304,0.592391304347826,0.4420289855072464,0.5425330812854442
0.5722,0.5165248897290484,0.024952675383236506,0.536231884057971,0.4655797101449275,0.5923913043478262,0.4402173913043479,0.5482041587901701
0.5724,0.5216603654694392,0.02521118775107724,0.5452898550724637,0.47101449275362317,0.5942028985507246,0.4420289855072464,0.555765595463138
0.5726,0.5209672337744171,0.025148245097861104,0.5452898550724637,0.47282608695652173,0.588768115942029,0.43840579710144933,0.5595463137996219
0.5728,0.524653434152489,0.024816159526447588,0.5507246376811594,0.4746376811594203,0.5869565217391304,0.44384057971014496,0.5671077504725898
0.573,0.5243226212980466,0.02380269850532097,0.5543478260869564,0.4782608695652174,0.5742753623188406,0.443840579710145,0.5708884688090737
0.5732,0.5250472589792061,0.02445420687818024,0.5597826086956522,0.4800724637681159,0.5742753623188406,0.4402173913043479,0.5708884688090736
0.5734,0.5272526780088217,0.024297907968135857,0.5634057971014493,0.4836956521739131,0.572463768115942,0.4420289855072464,0.5746691871455577
0.5736,0.5253938248267171,0.02335813101409992,0.5615942028985508,0.48550724637681153,0.5688405797101449,0.44202898550724645,0.5689981096408318
0.5738,0.5268588531821047,0.02283795025873863,0.5652173913043479,0.4873188405797101,0.5652173913043479,0.4456521739130435,0.5708884688090737
0.574,0.5271896660365469,0.022707636522279362,0.5706521739130435,0.48913043478260865,0.5634057971014492,0.44565217391304346,0.5671077504725898
0.5742,0.5283081285444234,0.022815496618524854,0.5778985507246377,0.4963768115942029,0.552536231884058,0.44384057971014484,0.5708884688090737
0.5744,0.5298361688720857,0.02450544432173956,0.5815217391304348,0.4945652173913043,0.552536231884058,0.44021739130434784,0.5803402646502835
0.5746,0.5301669817265281,0.023649476948933452,0.5797101449275363,0.49818840579710144,0.5543478260869565,0.4420289855072464,0.5765595463137996
0.5748,0.5272369250157529,0.024639598840466584,0.5833333333333333,0.49275362318840576,0.5507246376811594,0.4365942028985507,0.5727788279773157
0.575,0.5279773156899811,0.024628003859166296,0.5851449275362318,0.4963768115942029,0.5471014492753623,0.4365942028985507,0.5746691871455576
0.5752,0.5298204158790171,0.023668782704984487,0.5851449275362319,0.49818840579710144,0.5434782608695652,0.4438405797101449,0.5784499054820416
0.5754,0.5268588531821046,0.024523195894947038,0.588768115942029,0.4927536231884058,0.5434782608695652,0.4384057971014493,0.5708884688090737
0.5756,0.5246849401386264,0.02500745451122269,0.5905797101449275,0.4855072463768116,0.5380434782608696,0.4384057971014493,0.5708884688090737
0.5758,0.52763074984247,0.024772746393004,0.5923913043478262,0.48731884057971014,0.5380434782608696,0.4438405797101449,0.5765595463137996
0.576,0.5261499684940139,0.023902414591124473,0.592391304347826,0.48731884057971014,0.5307971014492754,0.4474637681159421,0.5727788279773156
0.5762,0.5236452425960932,0.024582164853005857,0.5905797101449275,0.48188405797101447,0.5235507246376812,0.44565217391304346,0.5765595463137996
0.5764,0.5211090107120353,0.02520425724076929,0.592391304347826,0.4800724637681159,0.5126811594202898,0.443840579710145,0.5765595463137996
0.5766,0.5192659105229993,0.025152993014696867,0.5960144927536232,0.4800724637681159,0.5,0.4474637681159421,0.5727788279773157
0.5768,0.5178008821676119,0.026373305134749767,0.6014492753623188,0.4782608695652174,0.4945652173913044,0.4438405797101449,0.5708884688090737
0.577,0.5130277252678008,0.025512969036961222,0.5960144927536232,0.4782608695652174,0.483695652173913,0.443840579710145,0.5633270321361059
0.5772,0.5090579710144927,0.025424354772244685,0.5887681159420289,0.47463768115942023,0.47101449275362317,0.44565217391304346,0.5652173913043478
0.5774,0.507955261499685,0.025830412875152538,0.5905797101449276,0.4746376811594203,0.4655797101449275,0.44565217391304346,0.5633270321361059
0.5776,0.5046628859483302,0.025194275532607058,0.5851449275362318,0.47282608695652173,0.45471014492753625,0.45108695652173914,0.5595463137996219
0.5778,0.5014020163831128,0.024924833467464862,0.5778985507246377,0.4692028985507246,0.4528985507246377,0.447463768115942,0.5595463137996219
0.578,0.49924385633270313,0.025607570533273623,0.5760869565217391,0.46376811594202905,0.447463768115942,0.447463768115942,0.5614366729678639
0.5782,0.4981884057971014,0.025331243902823954,0.5688405797101449,0.463768115942029,0.44202898550724634,0.45108695652173914,0.5652173913043478
0.5784,0.49711720226843104,0.02467111444796756,0.5615942028985508,0.4601449275362319,0.4438405797101449,0.4528985507246377,0.5671077504725898
0.5786,0.49601449275362325,0.024682397613337112,0.5615942028985508,0.4583333333333333,0.4456521739130435,0.4492753623188406,0.5652173913043479
0.5788,0.49560491493383746,0.0244665272822667,0.5652173913043478,0.45652173913043476,0.44384057971014496,0.45289855072463764,0.5595463137996219
0.579,0.49224952741020794,0.022306912349770888,0.5579710144927537,0.4547101449275362,0.44565217391304346,0.4547101449275362,0.5482041587901701
0.5792,0.4918714555765596,0.022130879805458664,0.5579710144927537,0.447463768115942,0.44927536231884063,0.45833333333333337,0.5463137996219282
0.5794,0.4875236294896029,0.021295070596652702,0.5452898550724636,0.44565217391304346,0.45108695652173914,0.44927536231884063,0.5463137996219282
0.5796,0.4867832388153749,0.019666214720009054,0.536231884057971,0.4438405797101449,0.45471014492753625,0.45471014492753625,0.5444234404536862
0.5798,0.4853497164461248,0.019567183245784023,0.5289855072463768,0.43659420289855067,0.46014492753623193,0.45471014492753625,0.5463137996219282
0.58,0.48386893509766854,0.018871183625203503,0.5253623188405797,0.4347826086956522,0.4619565217391305,0.45471014492753625,0.5425330812854442
0.5802,0.48386893509766854,0.01933843229325109,0.5271739130434783,0.4311594202898551,0.463768115942029,0.4547101449275362,0.5425330812854442
0.5804,0.4842470069313169,0.018185532483985595,0.5181159420289855,0.4347826086956521,0.46739130434782605,0.4565217391304348,0.5444234404536862
0.5806,0.4816792690611216,0.017746046996055875,0.5126811594202898,0.4311594202898551,0.4692028985507246,0.45471014492753625,0.5406427221172023
0.5808,0.4802299936988028,0.017303700255933026,0.5036231884057971,0.4311594202898551,0.4746376811594203,0.45108695652173914,0.5406427221172023
0.581,0.4791430371770636,0.01741607769087999,0.5036231884057971,0.4329710144927536,0.47101449275362317,0.447463768115942,0.5406427221172022
0.5812,0.4787334593572779,0.015799851542989324,0.4981884057971015,0.43115942028985504,0.4692028985507246,0.46014492753623193,0.5349716446124764
0.5814,0.4784183994959042,0.016728447427511294,0.49275362318840576,0.4275362318840579,0.46557971014492755,0.46557971014492755,0.5406427221172023
0.5816,0.4798676748582231,0.01653151246794739,0.49275362318840576,0.427536231884058,0.4673913043478261,0.47101449275362317,0.5406427221172023
0.5818,0.47655954631379965,0.016719954050209127,0.48731884057971014,0.41847826086956524,0.46739130434782605,0.4746376811594203,0.5349716446124764
0.582,0.4740075614366729,0.017504758220446733,0.4873188405797102,0.411231884057971,0.46739130434782605,0.47101449275362317,0.5330812854442344
0.5822,0.4728733459357278,0.016451987332873372,0.48550724637681164,0.41304347826086957,0.4655797101449275,0.47282608695652173,0.5274102079395085
0.5824,0.47394454946439823,0.016784966025776414,0.48731884057971014,0.40942028985507245,0.4692028985507246,0.4782608695652174,0.5255198487712666
0.5826,0.4747164461247637,0.018628671963980253,0.48731884057971014,0.40217391304347827,0.4710144927536231,0.4818840579710145,0.5311909262759924
0.5828,0.47279458097038435,0.01720788781180006,0.4855072463768116,0.40217391304347827,0.47101449275362317,0.48731884057971014,0.5179584120982987
0.583,0.4702425960932577,0.016739708894380617,0.47644927536231885,0.40217391304347827,0.4710144927536231,0.4855072463768116,0.5160680529300568
0.5832,0.4701953371140517,0.015865956036140917,0.47644927536231885,0.40398550724637683,0.4746376811594203,0.48550724637681164,0.5103969754253308
0.5834,0.4719754253308128,0.015199269464231197,0.48007246376811596,0.40760869565217395,0.4746376811594203,0.4909420289855072,0.5066162570888468
0.5836,0.47263705103969755,0.014791156218564205,0.483695652173913,0.4076086956521739,0.4818840579710145,0.49094202898550726,0.499054820415879
0.5838,0.4755828607435412,0.015944036898688292,0.48731884057971014,0.40579710144927533,0.4836956521739131,0.4963768115942029,0.5047258979206048
0.584,0.4780718336483932,0.01551510040104287,0.49818840579710144,0.40942028985507245,0.48550724637681164,0.49818840579710144,0.499054820415879
0.5842,0.47772526780088215,0.015339216032587942,0.4927536231884058,0.40942028985507245,0.49275362318840576,0.49275362318840576,0.500945179584121
0.5844,0.4773944549464398,0.016159868394714127,0.4927536231884058,0.40579710144927533,0.49275362318840576,0.4909420289855072,0.5047258979206048
0.5846,0.47559861373661,0.01519664060770443,0.4891304347826087,0.40942028985507245,0.48913043478260865,0.4836956521739131,0.5066162570888469
0.5848,0.4795998739760554,0.016368686392236407,0.4927536231884058,0.4076086956521739,0.5,0.4891304347826087,0.5085066162570888
0.585,0.48437303087586636,0.01747647587082265,0.4945652173913044,0.4076086956521739,0.5054347826086957,0.49818840579710144,0.5160680529300568
0.5852,0.4898393194706994,0.01796223939141012,0.4945652173913044,0.41123188405797095,0.5126811594202898,0.5108695652173914,0.5198487712665407
0.5854,0.49056395715185885,0.01849385821059933,0.4963768115942029,0.4094202898550725,0.5163043478260869,0.5108695652173914,0.5198487712665407
0.5856,0.4905797101449275,0.0198674984918661,0.4945652173913044,0.40398550724637683,0.5217391304347826,0.5108695652173914,0.5217391304347827
0.5858,0.49240705734089485,0.020599019966105567,0.4927536231884058,0.40398550724637683,0.5307971014492754,0.5108695652173914,0.5236294896030246
0.586,0.4935255198487713,0.02097092492850634,0.49275362318840576,0.40398550724637683,0.5326086956521738,0.5108695652173914,0.5274102079395085
0.5862,0.4953213610586012,0.02092714544851943,0.4927536231884058,0.40760869565217395,0.5416666666666667,0.5090579710144928,0.5255198487712666
0.5864,0.497117202268431,0.0190086948977046,0.49275362318840576,0.41847826086956524,0.5416666666666667,0.5090579710144927,0.5236294896030246
0.5866,0.49636105860113416,0.019161395803788235,0.49818840579710144,0.4166666666666667,0.5434782608695652,0.5036231884057971,0.5198487712665406
0.5868,0.4974322621298047,0.020079210137570115,0.4945652173913043,0.4148550724637681,0.5489130434782609,0.5108695652173914,0.5179584120982986
0.587,0.4984877126654064,0.020418083830784892,0.4963768115942029,0.4148550724637681,0.5525362318840581,0.5144927536231885,0.5141776937618148
0.5872,0.5024574669187146,0.020162654541916805,0.49818840579710144,0.42210144927536236,0.5597826086956521,0.5199275362318841,0.5122873345935728
0.5874,0.5068367989918083,0.020577212955909013,0.5036231884057971,0.42391304347826086,0.5634057971014493,0.5271739130434783,0.5160680529300568
0.5876,0.5075614366729679,0.02193618849920932,0.5,0.42210144927536236,0.5724637681159421,0.5271739130434783,0.5160680529300568
0.5878,0.5119250157529931,0.022171470053454316,0.5054347826086957,0.4257246376811594,0.5778985507246377,0.532608695652174,0.5179584120982987
0.588,0.5140831758034027,0.022105905250222362,0.5126811594202899,0.427536231884058,0.5797101449275361,0.5344202898550724,0.5160680529300568
0.5882,0.5165879017013232,0.02284561601015708,0.5163043478260869,0.4311594202898551,0.5905797101449276,0.5326086956521738,0.5122873345935728
0.5884,0.5191713925645873,0.021989232810886113,0.5144927536231884,0.4384057971014493,0.592391304347826,0.5326086956521738,0.5179584120982987
0.5886,0.5206049149338374,0.02258568975800845,0.5126811594202898,0.44021739130434784,0.5978260869565217,0.536231884057971,0.5160680529300568
0.5888,0.5212350346565847,0.02391800961771648,0.5126811594202898,0.4420289855072464,0.6068840579710145,0.5398550724637681,0.5047258979206048
0.589,0.5212507876496535,0.023902948224101505,0.5090579710144928,0.4438405797101449,0.6086956521739131,0.5380434782608695,0.5066162570888468
0.5892,0.5219124133585381,0.02432600224305293,0.5090579710144927,0.447463768115942,0.6123188405797102,0.5416666666666666,0.499054820415879
0.5894,0.5222747321991178,0.024429955780162178,0.5018115942028986,0.4528985507246377,0.6159420289855073,0.5416666666666666,0.499054820415879
0.5896,0.5208097038437303,0.025127534013679984,0.5018115942028986,0.447463768115942,0.6159420289855072,0.5416666666666666,0.4971644612476371
0.5898,0.5200850661625709,0.025856588717835843,0.49637681159420294,0.44565217391304346,0.6177536231884058,0.5434782608695652,0.497164461247637
0.59,0.5208097038437304,0.02501758217803243,0.5036231884057971,0.447463768115942,0.6159420289855072,0.5398550724637681,0.497164461247637
0.5902,0.5204158790170132,0.02603739977229227,0.5018115942028986,0.44565217391304346,0.6195652173913043,0.5416666666666667,0.49338374291115306
0.5904,0.5226055450535603,0.026145441489094496,0.4981884057971015,0.45108695652173914,0.6231884057971014,0.5452898550724637,0.49527410207939515
0.5906,0.5218336483931948,0.028327363102962366,0.4981884057971015,0.44565217391304346,0.6322463768115942,0.5434782608695652,0.4896030245746692
0.5908,0.5232671707624448,0.0303272537815351,0.49818840579710144,0.44202898550724634,0.6413043478260869,0.5471014492753623,0.4877126654064272
0.591,0.5232356647763076,0.031132290713272233,0.5018115942028986,0.4384057971014492,0.6431159420289855,0.548913043478261,0.4839319470699433
0.5912,0.5235507246376812,0.03190875196565797,0.5018115942028986,0.4384057971014492,0.644927536231884,0.5543478260869565,0.47826086956521735
0.5914,0.5249842470069315,0.032498065044813736,0.5072463768115942,0.4365942028985507,0.6467391304347826,0.5579710144927537,0.4763705103969755
0.5916,0.5275834908632641,0.032890290907313754,0.5072463768115942,0.43659420289855067,0.6521739130434782,0.5579710144927537,0.48393194706994325
0.5918,0.527930056710775,0.03286291535867247,0.5108695652173914,0.4384057971014492,0.6539855072463768,0.5543478260869565,0.4820415879017013
0.592,0.5282608695652173,0.03386702563454328,0.5072463768115942,0.4402173913043478,0.6594202898550724,0.5561594202898551,0.47826086956521746
0.5922,0.525299306868305,0.03430464742129536,0.5036231884057971,0.4402173913043478,0.6594202898550724,0.5525362318840581,0.4706994328922495
0.5924,0.5253308128544424,0.03472004415124133,0.5072463768115942,0.4347826086956522,0.6612318840579711,0.548913043478261,0.4744801512287335
0.5926,0.524212350346566,0.03481929353856746,0.5090579710144928,0.4347826086956522,0.6612318840579711,0.5452898550724637,0.4706994328922496
0.5928,0.5227473219911782,0.035429720475827466,0.5054347826086957,0.4329710144927536,0.6630434782608695,0.5434782608695652,0.4688090737240076
0.593,0.5204631379962192,0.03690739292708436,0.5036231884057971,0.43297101449275366,0.6666666666666666,0.5434782608695652,0.4555765595463138
0.5932,0.5204316320100819,0.03691214094746159,0.5018115942028986,0.43478260869565216,0.6648550724637681,0.5489130434782609,0.4517958412098299
0.5934,0.5219754253308129,0.0359176532919264,0.5,0.4384057971014492,0.6666666666666667,0.5416666666666666,0.46313799621928164
0.5936,0.5194234404536862,0.03664942284382134,0.4963768115942029,0.43478260869565216,0.6684782608695652,0.5362318840579711,0.4612476370510397
0.5938,0.5175803402646503,0.037264905621864665,0.4963768115942029,0.43297101449275366,0.6702898550724639,0.5307971014492754,0.45746691871455575
0.594,0.5168241965973535,0.03763992750596133,0.49818840579710144,0.431159420289855,0.6702898550724639,0.5307971014492754,0.45368620037807184
0.5942,0.5146345305608067,0.038080953231489446,0.4963768115942029,0.427536231884058,0.6702898550724637,0.5271739130434783,0.4517958412098299
0.5944,0.5127756773787019,0.038294119306029654,0.4945652173913043,0.42934782608695643,0.6702898550724637,0.5235507246376812,0.4461247637051039
0.5946,0.5124133585381221,0.03777103002556857,0.4963768115942029,0.431159420289855,0.6684782608695652,0.519927536231884,0.44612476370510395
0.5948,0.5106647763074983,0.03653370493323182,0.4963768115942029,0.4257246376811594,0.661231884057971,0.5163043478260869,0.4536862003780719
0.595,0.5103654694391935,0.0353217136057634,0.49818840579710144,0.42391304347826086,0.6557971014492754,0.5126811594202898,0.4612476370510397
0.5952,0.5089004410838059,0.035476971509090426,0.4945652173913043,0.42391304347826086,0.6557971014492754,0.5108695652173912,0.45935727788279773
0.5954,0.5066950220541904,0.035414746537942604,0.49275362318840576,0.42391304347826086,0.6539855072463768,0.5072463768115942,0.4555765595463138
0.5956,0.5056080655324512,0.03517927571874592,0.49094202898550726,0.4311594202898551,0.6557971014492754,0.4945652173913043,0.45557655954631376
0.5958,0.5037964713295526,0.03476440665759359,0.483695652173913,0.4347826086956522,0.6539855072463768,0.4909420289855073,0.4555765595463138
0.596,0.5030718336483933,0.033926549375591884,0.4818840579710145,0.43840579710144933,0.6503623188405797,0.48913043478260865,0.4555765595463138
0.5962,0.5005986137366099,0.03392567600937193,0.4782608695652174,0.427536231884058,0.6467391304347826,0.4873188405797101,0.46313799621928164
0.5964,0.5005986137366099,0.03514210374644425,0.4782608695652174,0.42028985507246375,0.6503623188405797,0.49094202898550726,0.46313799621928164
0.5966,0.49878701953371146,0.035997051368491406,0.4782608695652174,0.41123188405797106,0.6503623188405797,0.4909420289855072,0.46313799621928164
0.5968,0.4969439193446755,0.03573038867923373,0.4782608695652174,0.41304347826086957,0.6485507246376812,0.4855072463768116,0.45935727788279773
0.597,0.4951480781348456,0.03530652095696942,0.4746376811594203,0.40760869565217384,0.6431159420289854,0.4891304347826087,0.46124763705103966
0.5972,0.4944076874606175,0.0353714368291051,0.47644927536231885,0.4076086956521739,0.6431159420289855,0.48550724637681164,0.45935727788279773
0.5974,0.49517958412098306,0.033921358587433136,0.47644927536231885,0.41485507246376807,0.6394927536231884,0.48007246376811596,0.46502835538752363
0.5976,0.49705419029615633,0.03329532580850007,0.47826086956521735,0.4148550724637681,0.6376811594202898,0.4818840579710145,0.47258979206049145
0.5978,0.49669187145557653,0.03472643616513523,0.47644927536231885,0.41485507246376807,0.644927536231884,0.4746376811594203,0.47258979206049145
0.598,0.4942501575299307,0.034717066431745096,0.4746376811594203,0.40579710144927533,0.6394927536231885,0.46739130434782605,0.48393194706994325
0.5982,0.49384057971014494,0.03565335216622598,0.4746376811594203,0.40760869565217395,0.644927536231884,0.46376811594202894,0.4782608695652174
0.5984,0.4924228103339634,0.03504542419746644,0.46557971014492755,0.4094202898550725,0.6413043478260869,0.46376811594202894,0.4820415879017013
0.5986,0.49102079395085074,0.036023254849987266,0.4565217391304348,0.4057971014492754,0.6431159420289855,0.4619565217391305,0.48771266540642727
0.5988,0.4902331442974165,0.03608068916344352,0.4655797101449276,0.39855072463768115,0.6413043478260869,0.4655797101449275,0.4801512287334593
0.599,0.48985507246376814,0.03584430379686276,0.46376811594202905,0.40217391304347827,0.641304347826087,0.46376811594202905,0.4782608695652174
0.5992,0.4880119722747322,0.035729291311517454,0.4673913043478261,0.40217391304347827,0.6394927536231884,0.4565217391304348,0.47448015122873344
0.5994,0.4902331442974165,0.034659191057408376,0.4673913043478261,0.40942028985507245,0.6376811594202898,0.4565217391304348,0.4801512287334593
0.5996,0.49204473850031516,0.035534276164140906,0.4655797101449276,0.4148550724637681,0.644927536231884,0.45471014492753625,0.4801512287334594
0.5998,0.48909892879647127,0.03481165256585547,0.463768115942029,0.4148550724637681,0.6394927536231884,0.4528985507246377,0.4744801512287335
0.6,0.48911468178954004,0.03530445307081416,0.46195652173913043,0.41304347826086957,0.6413043478260869,0.4528985507246377,0.4763705103969754
