time,mean_auc,se_auc,fold_1,fold_2,fold_3,fold_4,fold_5
-0.1,0.4618147448015123,0.03845308770279144,0.4003623188405797,0.4057971014492754,0.5905797101449275,0.5380434782608695,0.3742911153119093
-0.0998,0.4621455576559546,0.03939290725294183,0.40398550724637683,0.40398550724637683,0.5978260869565217,0.5344202898550725,0.3705103969754253
-0.0996,0.4672495274102079,0.039795798377708975,0.41123188405797106,0.4076086956521739,0.6068840579710144,0.536231884057971,0.3742911153119093
-0.0994,0.46943919344675483,0.04076451542099615,0.40942028985507245,0.40942028985507245,0.6141304347826086,0.5380434782608695,0.37618147448015116
-0.0992,0.47128229363579077,0.04070091524165758,0.4130434782608695,0.4076086956521739,0.6159420289855072,0.5398550724637681,0.3799621928166351
-0.099,0.47273156899810964,0.041330819031521124,0.4076086956521739,0.41304347826086957,0.6177536231884058,0.5452898550724639,0.3799621928166352
-0.0988,0.47347195967233774,0.041124626244833595,0.40217391304347827,0.42028985507246375,0.6177536231884058,0.5452898550724639,0.3818525519848771
-0.0986,0.4723850031505986,0.041139529379729714,0.4003623188405797,0.42028985507246375,0.6195652173913043,0.5398550724637681,0.3818525519848771
-0.0984,0.4741965973534971,0.04085203133314746,0.4076086956521739,0.4221014492753623,0.6231884057971013,0.536231884057971,0.3818525519848771
-0.0982,0.47711090107120346,0.041083030346667486,0.41304347826086957,0.4221014492753623,0.6268115942028986,0.5398550724637681,0.3837429111531191
-0.098,0.4793005671077505,0.04024622690002118,0.4166666666666667,0.427536231884058,0.625,0.5416666666666666,0.3856332703213611
-0.0978,0.48145872715816,0.04102936887756035,0.4184782608695652,0.4311594202898551,0.6304347826086957,0.5434782608695652,0.38374291115311904
-0.0976,0.48366414618777565,0.03987025968946039,0.4275362318840579,0.4311594202898551,0.6286231884057971,0.5434782608695652,0.387523629489603
-0.0974,0.4854757403906742,0.04000859324292502,0.4293478260869565,0.43297101449275366,0.6286231884057971,0.5489130434782609,0.387523629489603
-0.0972,0.4865626969124134,0.041168575638543724,0.4257246376811594,0.4347826086956522,0.6358695652173912,0.5489130434782609,0.387523629489603
-0.097,0.4872873345935728,0.040987808294844635,0.42391304347826086,0.4420289855072464,0.6376811594202899,0.5452898550724639,0.38752362948960306
-0.0968,0.4897920604914933,0.041227262864863536,0.4329710144927536,0.4438405797101449,0.6394927536231884,0.5489130434782609,0.3837429111531191
-0.0966,0.49054820415879014,0.039915442272020714,0.4384057971014493,0.4438405797101449,0.6358695652173914,0.5471014492753623,0.387523629489603
-0.0964,0.49168241965973536,0.039770118742191385,0.43297101449275355,0.44565217391304346,0.6358695652173914,0.5507246376811594,0.3931947069943289
-0.0962,0.494234404536862,0.03920630663473444,0.4384057971014492,0.4492753623188406,0.6358695652173914,0.552536231884058,0.3950850661625709
-0.096,0.4968021424070573,0.03922755664332605,0.44202898550724634,0.45108695652173914,0.6413043478260869,0.5507246376811594,0.39886578449905485
-0.0958,0.4986137366099559,0.03892799249431358,0.4492753623188406,0.4528985507246377,0.6431159420289856,0.5489130434782609,0.39886578449905485
-0.0956,0.501890359168242,0.038748962458578305,0.4565217391304348,0.4565217391304348,0.6467391304347826,0.548913043478261,0.4007561436672968
-0.0954,0.5019061121613106,0.038646631392816766,0.45833333333333337,0.4528985507246377,0.6467391304347825,0.5489130434782609,0.4026465028355388
-0.0952,0.5037334593572778,0.03905083799445183,0.463768115942029,0.45108695652173914,0.6521739130434783,0.5471014492753623,0.4045368620037807
-0.095,0.5034183994959043,0.03739423183699215,0.463768115942029,0.4528985507246377,0.6467391304347827,0.5434782608695652,0.4102079395085066
-0.0948,0.5048519218651543,0.0372032377717578,0.47101449275362317,0.45471014492753625,0.6467391304347826,0.5434782608695652,0.40831758034026466
-0.0946,0.5077347195967234,0.03796195740218947,0.4782608695652174,0.45652173913043476,0.6521739130434783,0.5452898550724637,0.4064272211720227
-0.0944,0.507750472589792,0.03802746815511441,0.47644927536231885,0.4565217391304348,0.6539855072463768,0.5434782608695652,0.4083175803402646
-0.0942,0.5070573408947701,0.03556354350778556,0.48731884057971014,0.4547101449275362,0.6431159420289855,0.5380434782608695,0.4120982986767485
-0.094,0.5077819785759294,0.03580197120811656,0.4891304347826087,0.4547101449275362,0.644927536231884,0.5380434782608695,0.4120982986767486
-0.0938,0.5063327032136107,0.03490930512160529,0.4891304347826087,0.4547101449275362,0.6394927536231885,0.536231884057971,0.4120982986767486
-0.0936,0.5062854442344046,0.036265849398466304,0.49094202898550726,0.4547101449275362,0.6449275362318841,0.5344202898550725,0.4064272211720227
-0.0934,0.5062381852551985,0.03609002392024994,0.4945652173913044,0.46195652173913043,0.6431159420289856,0.5307971014492754,0.4007561436672968
-0.0932,0.5080655324511657,0.035858190403148915,0.5,0.46195652173913043,0.6431159420289855,0.532608695652174,0.4026465028355387
-0.093,0.5084593572778828,0.03558465916712681,0.49818840579710144,0.4601449275362319,0.6431159420289855,0.5344202898550725,0.4064272211720226
-0.0928,0.5074196597353497,0.03396048206946511,0.4945652173913043,0.4619565217391304,0.6376811594202899,0.5307971014492754,0.41209829867674863
-0.0926,0.5085381222432261,0.033209294146813645,0.49818840579710144,0.46195652173913043,0.6358695652173912,0.5307971014492754,0.41587901701323254
-0.0924,0.506710775047259,0.03345043680934831,0.49275362318840576,0.4619565217391304,0.6358695652173912,0.5289855072463768,0.41398865784499056
-0.0922,0.5067895400126023,0.03071974533469693,0.49637681159420294,0.46376811594202894,0.6268115942028986,0.5235507246376812,0.42344045368620037
-0.092,0.5075141776937617,0.03011163589423385,0.5018115942028986,0.4673913043478261,0.625,0.519927536231884,0.4234404536862004
-0.0918,0.5070888468809074,0.031154426397935683,0.5036231884057971,0.46920289855072467,0.6268115942028986,0.519927536231884,0.41587901701323254
-0.0916,0.5045683679899181,0.029275215842085717,0.5018115942028986,0.47282608695652173,0.6177536231884058,0.5126811594202898,0.41776937618147447
-0.0914,0.5023944549464398,0.028789271277126383,0.4981884057971015,0.47101449275362317,0.6141304347826086,0.5108695652173914,0.41776937618147447
-0.0912,0.4994328922495274,0.028945218363014728,0.49818840579710144,0.4692028985507246,0.6086956521739131,0.5108695652173912,0.41020793950850665
-0.091,0.4994328922495274,0.02908998560305424,0.5036231884057971,0.4655797101449275,0.6086956521739131,0.5090579710144927,0.4102079395085066
-0.0908,0.4983774417139257,0.02804444791772691,0.5,0.4655797101449275,0.605072463768116,0.5072463768115942,0.4139886578449905
-0.0906,0.49729048519218655,0.02747179813123843,0.5,0.4655797101449275,0.6014492753623188,0.5054347826086957,0.41398865784499056
-0.0904,0.4910365469439193,0.028210865332888763,0.4963768115942029,0.4601449275362318,0.5960144927536232,0.5,0.40264650283553877
-0.0902,0.4877756773787019,0.027920254016674705,0.48913043478260865,0.4583333333333333,0.5942028985507246,0.4945652173913043,0.4026465028355387
-0.09,0.48854757403906734,0.026512278910531758,0.48913043478260865,0.46195652173913043,0.5905797101449275,0.4927536231884058,0.40831758034026466
-0.0898,0.4856017643352238,0.026894833679586123,0.4800724637681159,0.46376811594202905,0.588768115942029,0.49275362318840576,0.40264650283553877
-0.0896,0.4834120982986767,0.026558056932125457,0.4746376811594203,0.4655797101449275,0.5851449275362319,0.49094202898550726,0.4007561436672968
-0.0894,0.4805135475740391,0.025853475124198694,0.4710144927536232,0.46195652173913043,0.5797101449275363,0.48913043478260876,0.4007561436672968
-0.0892,0.4790485192186516,0.026010810562383958,0.4692028985507246,0.46376811594202894,0.5797101449275363,0.483695652173913,0.39886578449905485
-0.089,0.47537807183364833,0.0265341443779368,0.4619565217391304,0.46376811594202894,0.5778985507246377,0.48007246376811596,0.3931947069943289
-0.0888,0.4742438563327032,0.02664243319526614,0.4655797101449275,0.463768115942029,0.5742753623188406,0.48007246376811596,0.38752362948960306
-0.0886,0.47320415879017014,0.024463788598395077,0.46739130434782605,0.4655797101449275,0.5652173913043478,0.4746376811594203,0.3931947069943289
-0.0884,0.4699590422180214,0.02388559593295788,0.45471014492753625,0.4655797101449275,0.5615942028985507,0.47282608695652173,0.3950850661625709
-0.0882,0.46597353497164457,0.024088041758427523,0.4492753623188406,0.4583333333333333,0.5615942028985507,0.4655797101449275,0.3950850661625709
-0.088,0.464161940768746,0.02331307792535252,0.44565217391304346,0.46195652173913043,0.5561594202898551,0.46195652173913043,0.3950850661625709
-0.0878,0.4623818525519849,0.02230713484183895,0.4384057971014493,0.46557971014492755,0.5507246376811594,0.45833333333333337,0.39886578449905485
-0.0876,0.4594833018273472,0.0220733286300213,0.4311594202898551,0.46376811594202894,0.5471014492753623,0.4565217391304348,0.3988657844990548
-0.0874,0.45915248897290484,0.02068987099068183,0.43297101449275366,0.46195652173913043,0.5416666666666666,0.45652173913043476,0.4026465028355387
-0.0872,0.4595305608065533,0.020771483537418853,0.43297101449275366,0.4601449275362319,0.5434782608695652,0.45652173913043476,0.4045368620037807
-0.087,0.46069628229363574,0.01835236538244957,0.4384057971014492,0.4601449275362319,0.536231884057971,0.4547101449275362,0.4139886578449905
-0.0868,0.4585381222432262,0.016998605114762633,0.4384057971014492,0.4565217391304348,0.5289855072463768,0.4528985507246377,0.4158790170132325
-0.0866,0.4571203528670448,0.016217514710587026,0.43659420289855067,0.4565217391304348,0.5253623188405797,0.447463768115942,0.41965973534971646
-0.0864,0.4568052930056711,0.014394212401815326,0.4384057971014492,0.45471014492753625,0.5181159420289855,0.447463768115942,0.4253308128544423
-0.0862,0.455718336483932,0.013722537058647155,0.4402173913043478,0.4510869565217391,0.5144927536231885,0.4474637681159421,0.42533081285444235
-0.086,0.45647448015122877,0.013351469697270055,0.44202898550724645,0.4492753623188406,0.5144927536231885,0.4474637681159421,0.42911153119092627
-0.0858,0.45538752362948964,0.012773833892994574,0.44202898550724634,0.44565217391304346,0.5108695652173914,0.4492753623188406,0.4291115311909263
-0.0856,0.4568683049779458,0.013459300490287983,0.44565217391304346,0.4438405797101449,0.5163043478260869,0.44565217391304346,0.4328922495274102
-0.0854,0.45724637681159425,0.013009214255079041,0.447463768115942,0.44021739130434784,0.5144927536231885,0.4492753623188406,0.4347826086956522
-0.0852,0.4551039697542533,0.013387208269331107,0.43840579710144933,0.4365942028985507,0.5144927536231884,0.447463768115942,0.4385633270321361
-0.085,0.4514965343415248,0.013840372083206596,0.4293478260869565,0.4329710144927536,0.5126811594202898,0.44202898550724634,0.44045368620037806
-0.0848,0.45371770636420916,0.01353229967911606,0.4365942028985508,0.427536231884058,0.5126811594202898,0.44565217391304346,0.44612476370510395
-0.0846,0.45080340264650287,0.012546833255504385,0.4329710144927536,0.4275362318840579,0.5054347826086957,0.44384057971014496,0.44423440453686197
-0.0844,0.4519218651543794,0.012037566961017111,0.4384057971014492,0.4257246376811594,0.5036231884057971,0.44384057971014496,0.4480151228733459
-0.0842,0.4482986767485822,0.01239866837615664,0.4329710144927536,0.4148550724637681,0.49818840579710144,0.447463768115942,0.4480151228733459
-0.084,0.44653434152488974,0.01322578744017279,0.4311594202898551,0.40942028985507245,0.49818840579710144,0.44021739130434784,0.45368620037807184
-0.0838,0.4487397605545054,0.01352769236173696,0.4384057971014492,0.4076086956521739,0.5,0.44021739130434784,0.45746691871455575
-0.0836,0.4498739760554506,0.013430303833187551,0.43659420289855067,0.4076086956521739,0.49818840579710144,0.44384057971014496,0.4631379962192817
-0.0834,0.4499212350346566,0.014422971090816727,0.43115942028985504,0.40579710144927544,0.5,0.44384057971014496,0.4688090737240076
-0.0832,0.4492438563327032,0.01563258329544263,0.43478260869565216,0.3985507246376812,0.5,0.4384057971014493,0.47448015122873344
-0.083,0.4477788279773157,0.017251908177741106,0.4311594202898551,0.38949275362318847,0.5036231884057971,0.4420289855072464,0.4725897920604914
-0.0828,0.44891304347826083,0.017189346700546775,0.42934782608695654,0.3894927536231884,0.5,0.447463768115942,0.47826086956521735
-0.0826,0.4504253308128545,0.018043230975417948,0.427536231884058,0.3894927536231884,0.5018115942028986,0.4474637681159421,0.48582230623818523
-0.0824,0.4467863894139887,0.019573721144855935,0.42391304347826086,0.3786231884057971,0.5018115942028986,0.44565217391304346,0.4839319470699433
-0.0822,0.44751102709514806,0.020627467429534235,0.42028985507246375,0.37681159420289856,0.5072463768115942,0.4492753623188406,0.48393194706994336
-0.082,0.4482986767485822,0.02169572756451128,0.42028985507246375,0.37318840579710144,0.5072463768115942,0.4492753623188406,0.4914933837429111
-0.0818,0.44910207939508506,0.023330756047274533,0.4166666666666667,0.3713768115942029,0.5108695652173914,0.44565217391304346,0.5009451795841209
-0.0816,0.4498424700693132,0.02360254081850062,0.42028985507246375,0.3677536231884058,0.5090579710144927,0.4492753623188406,0.502835538752363
-0.0814,0.4524259609325771,0.02337976633249962,0.42028985507246375,0.37318840579710144,0.5090579710144927,0.45108695652173914,0.5085066162570888
-0.0812,0.4517013232514177,0.023553621113607277,0.4184782608695652,0.3713768115942029,0.5072463768115942,0.4528985507246377,0.5085066162570888
-0.081,0.4517328292375552,0.024740379287679807,0.42028985507246375,0.3659420289855072,0.5090579710144928,0.45108695652173914,0.5122873345935728
-0.0808,0.4554505356017643,0.025564594718831185,0.42028985507246375,0.3695652173913043,0.5108695652173914,0.4528985507246377,0.5236294896030245
-0.0806,0.4558286074354127,0.026525808247923197,0.41666666666666663,0.36775362318840576,0.5144927536231885,0.45471014492753625,0.5255198487712665
-0.0804,0.4551039697542533,0.02725724872525283,0.4166666666666667,0.3623188405797101,0.5144927536231885,0.4565217391304348,0.5255198487712665
-0.0802,0.4595148078134845,0.02817790847910425,0.41847826086956524,0.36413043478260865,0.519927536231884,0.4619565217391304,0.5330812854442344
-0.08,0.4606647763074984,0.029213411513602357,0.41485507246376807,0.36413043478260865,0.519927536231884,0.463768115942029,0.5406427221172022
-0.0798,0.46323251417769373,0.030606289114055857,0.4184782608695652,0.3586956521739131,0.5253623188405797,0.4692028985507246,0.5444234404536862
-0.0796,0.4632482671707625,0.030548393272106737,0.42028985507246375,0.3586956521739131,0.5235507246376812,0.46739130434782605,0.5463137996219282
-0.0794,0.46439823566477634,0.03149335758246762,0.4184782608695652,0.35869565217391297,0.5235507246376812,0.46739130434782605,0.553875236294896
-0.0792,0.464366729678639,0.0316447370069548,0.4221014492753623,0.35507246376811596,0.5271739130434783,0.46739130434782605,0.5500945179584121
-0.079,0.4690768746061752,0.031114714387202768,0.42934782608695643,0.3605072463768116,0.5344202898550725,0.47101449275362317,0.5500945179584121
-0.0788,0.4716603654694391,0.032731204928933506,0.4293478260869565,0.35869565217391297,0.5434782608695652,0.47101449275362317,0.555765595463138
-0.0786,0.47459042218021424,0.033004348377012695,0.4347826086956521,0.358695652173913,0.5452898550724639,0.4746376811594203,0.5595463137996219
-0.0784,0.4768115942028984,0.033260001251650906,0.4402173913043478,0.36050724637681153,0.5471014492753623,0.47101449275362317,0.5652173913043478
-0.0782,0.4793950850661625,0.03374501884070703,0.43840579710144933,0.36413043478260865,0.5507246376811594,0.47282608695652173,0.5708884688090736
-0.078,0.4834120982986768,0.034727205071421366,0.44202898550724634,0.36413043478260865,0.5597826086956522,0.47644927536231885,0.5746691871455576
-0.0778,0.4845305608065532,0.03515927317729187,0.4492753623188405,0.36050724637681164,0.5579710144927537,0.47644927536231885,0.5784499054820416
-0.0776,0.48673597983616884,0.03594876922052662,0.4510869565217391,0.36050724637681164,0.5634057971014492,0.4764492753623188,0.5822306238185255
-0.0774,0.4875078764965344,0.036462327081147036,0.4547101449275362,0.3568840579710145,0.5579710144927537,0.4800724637681159,0.5879017013232515
-0.0772,0.48783868935097663,0.035715273988575845,0.46014492753623193,0.3568840579710145,0.5561594202898551,0.48188405797101447,0.5841209829867674
-0.077,0.48711405166981725,0.03568649685599153,0.463768115942029,0.3568840579710145,0.5561594202898551,0.4746376811594203,0.5841209829867675
-0.0768,0.4871298046628859,0.035356873365003004,0.463768115942029,0.3586956521739131,0.552536231884058,0.47463768115942023,0.5860113421550094
-0.0766,0.490059861373661,0.03601598230467648,0.4655797101449275,0.36050724637681164,0.5597826086956521,0.47463768115942023,0.5897920604914934
-0.0764,0.4900756143667297,0.03616149569433795,0.4655797101449275,0.3586956521739131,0.5561594202898551,0.4782608695652174,0.5916824196597353
-0.0762,0.48827977315689974,0.037409610132923383,0.4655797101449275,0.3532608695652174,0.5579710144927537,0.47101449275362317,0.5935727788279773
-0.076,0.48898865784499057,0.03664172871596267,0.4655797101449275,0.3568840579710145,0.5579710144927537,0.47282608695652173,0.5916824196597353
-0.0758,0.4911940768746062,0.03584886588627078,0.4692028985507246,0.3641304347826087,0.5561594202898551,0.47101449275362317,0.5954631379962192
-0.0756,0.49050094517958415,0.03571858117764078,0.46557971014492755,0.3677536231884058,0.552536231884058,0.46739130434782605,0.5992438563327032
-0.0754,0.492296786389414,0.03480616884920171,0.47282608695652173,0.3713768115942029,0.5525362318840581,0.46739130434782616,0.5973534971644612
-0.0752,0.4936830497794581,0.032497629787152406,0.4746376811594203,0.3804347826086956,0.5525362318840581,0.47101449275362317,0.5897920604914935
-0.075,0.49590422180214244,0.03356346618106831,0.47282608695652173,0.3804347826086957,0.5579710144927537,0.47282608695652173,0.5954631379962192
-0.0748,0.49810964083175796,0.033984058676168785,0.4746376811594203,0.38224637681159424,0.5615942028985507,0.47282608695652173,0.5992438563327032
-0.0746,0.49774732199117827,0.033104925990540206,0.47101449275362317,0.3858695652173913,0.5561594202898551,0.47644927536231885,0.5992438563327032
-0.0744,0.49993698802772524,0.03230646155928229,0.4746376811594203,0.3931159420289855,0.556159420289855,0.4746376811594203,0.6011342155009453
-0.0742,0.4999212350346566,0.032052676585751665,0.47282608695652173,0.391304347826087,0.5543478260869565,0.4818840579710145,0.5992438563327032
-0.074,0.5002678008821676,0.03194736977695739,0.4800724637681159,0.38768115942028986,0.552536231884058,0.48369565217391297,0.5973534971644613
-0.0738,0.5013547574039067,0.031832752530448746,0.4818840579710144,0.38768115942028986,0.552536231884058,0.4873188405797101,0.5973534971644612
-0.0736,0.4998897290485192,0.031858960050529454,0.4836956521739131,0.3840579710144927,0.5489130434782609,0.4873188405797101,0.5954631379962193
-0.0734,0.501339004410838,0.031746037294108076,0.48731884057971014,0.38224637681159424,0.5452898550724637,0.4963768115942029,0.5954631379962193
-0.0732,0.5020793950850662,0.031989504931846664,0.48550724637681164,0.38224637681159424,0.5452898550724637,0.5,0.5973534971644613
-0.073,0.5020321361058601,0.030666707295301084,0.4909420289855072,0.3840579710144928,0.5398550724637682,0.5036231884057971,0.5916824196597353
-0.0728,0.5020478890989288,0.030802552066584842,0.4909420289855073,0.3840579710144928,0.5380434782608696,0.5036231884057971,0.5935727788279773
-0.0726,0.5027725267800882,0.030379167432762505,0.4963768115942029,0.3858695652173913,0.536231884057971,0.5018115942028986,0.5935727788279773
-0.0724,0.4991178323881538,0.029744424245650266,0.4909420289855073,0.3858695652173913,0.5307971014492754,0.49818840579710144,0.5897920604914935
-0.0722,0.4994801512287334,0.03018204901263122,0.4909420289855073,0.38405797101449274,0.5344202898550724,0.4981884057971015,0.5897920604914934
-0.072,0.5017013232514177,0.0305905733335523,0.4909420289855072,0.38586956521739124,0.5344202898550725,0.5018115942028984,0.5954631379962193
-0.0718,0.5038594833018274,0.028584759811928415,0.4909420289855072,0.3967391304347826,0.5307971014492754,0.5072463768115942,0.5935727788279773
-0.0716,0.5020163831127914,0.028000745552335882,0.49275362318840576,0.3967391304347826,0.5289855072463768,0.5018115942028987,0.5897920604914934
-0.0714,0.5049464398235666,0.027182778021213126,0.4963768115942029,0.4057971014492754,0.5307971014492754,0.4981884057971015,0.5935727788279773
-0.0712,0.504867674858223,0.024741602970607363,0.4945652173913043,0.41485507246376807,0.532608695652174,0.49818840579710144,0.5841209829867674
-0.071,0.5055923125393825,0.02338442548844101,0.48913043478260865,0.42391304347826086,0.5289855072463768,0.5018115942028986,0.5841209829867675
-0.0708,0.5073724007561436,0.021157443802076348,0.49094202898550726,0.4347826086956522,0.5253623188405797,0.5054347826086956,0.5803402646502835
-0.0706,0.5099086326402016,0.019937905603519896,0.49275362318840576,0.4438405797101449,0.5271739130434783,0.5054347826086957,0.5803402646502835
-0.0704,0.5099086326402016,0.020023317116628917,0.49275362318840576,0.4438405797101449,0.5289855072463767,0.5036231884057971,0.5803402646502835
-0.0702,0.5120825456836798,0.019941741240438595,0.49094202898550726,0.44565217391304346,0.532608695652174,0.5108695652173912,0.5803402646502835
-0.07,0.5083648393194706,0.01825675255810443,0.4873188405797101,0.4492753623188406,0.5344202898550725,0.5018115942028984,0.5689981096408318
-0.0698,0.5083648393194707,0.017915612448291682,0.48550724637681153,0.45289855072463764,0.5344202898550725,0.5,0.5689981096408316
-0.0696,0.5080340264650284,0.018565462065546115,0.4855072463768116,0.45289855072463764,0.5344202898550725,0.4945652173913043,0.5727788279773157
-0.0694,0.510239445494644,0.01882749596808214,0.4891304347826087,0.4528985507246377,0.5344202898550725,0.49818840579710144,0.5765595463137996
-0.0692,0.5087271581600504,0.017766853847712594,0.4927536231884058,0.45108695652173914,0.532608695652174,0.49818840579710144,0.5689981096408318
-0.069,0.5095148078134846,0.019315551577909467,0.4873188405797101,0.4492753623188405,0.5344202898550725,0.5,0.5765595463137997
-0.0688,0.5088059231253939,0.01955221748737609,0.483695652173913,0.4492753623188406,0.5307971014492754,0.5018115942028986,0.5784499054820416
-0.0686,0.5098928796471329,0.018630944426908266,0.483695652173913,0.4547101449275362,0.5253623188405797,0.5072463768115942,0.5784499054820416
-0.0684,0.5135003150598613,0.017176002044787045,0.48550724637681153,0.46557971014492755,0.5307971014492753,0.5090579710144927,0.5765595463137996
-0.0682,0.515658475110271,0.01565672221433622,0.4909420289855072,0.4728260869565217,0.5289855072463767,0.5108695652173912,0.5746691871455576
-0.068,0.5157057340894771,0.016178754897320107,0.4945652173913043,0.47282608695652173,0.5217391304347826,0.5090579710144928,0.5803402646502835
-0.0678,0.5156112161310649,0.01456647505488278,0.49275362318840576,0.47463768115942023,0.5307971014492754,0.5108695652173914,0.5689981096408318
-0.0676,0.5160050409577819,0.014981243833079371,0.4927536231884058,0.47463768115942023,0.5271739130434783,0.5126811594202898,0.5727788279773156
-0.0674,0.5167296786389415,0.014768825451569108,0.4927536231884058,0.47644927536231885,0.5271739130434783,0.5144927536231885,0.5727788279773156
-0.0672,0.5185570258349086,0.01489579568156653,0.49094202898550726,0.4800724637681159,0.5307971014492754,0.516304347826087,0.5746691871455576
-0.067,0.5170604914933837,0.01389236443582713,0.49094202898550726,0.4818840579710145,0.5307971014492754,0.5126811594202898,0.5689981096408318
-0.0668,0.5180529300567107,0.011550938428164369,0.4945652173913043,0.48731884057971014,0.5344202898550725,0.5163043478260869,0.55765595463138
-0.0666,0.5198960302457467,0.011929075047497769,0.49275362318840576,0.49275362318840576,0.5380434782608696,0.5144927536231884,0.5614366729678639
-0.0664,0.5216761184625078,0.010432440324739762,0.5018115942028986,0.4945652173913043,0.5380434782608695,0.5163043478260869,0.55765595463138
-0.0662,0.5198015122873345,0.008817613161049873,0.5,0.5,0.5344202898550725,0.5144927536231885,0.550094517958412
-0.066,0.5190611216131065,0.008819228438898923,0.5036231884057971,0.4945652173913044,0.5344202898550725,0.5144927536231884,0.5482041587901701
-0.0658,0.5172180214240705,0.009113255577409593,0.5018115942028984,0.49275362318840576,0.5380434782608696,0.5090579710144927,0.5444234404536862
-0.0656,0.5183364839319471,0.00827622737479639,0.5018115942028986,0.5,0.5307971014492754,0.5108695652173914,0.5482041587901701
-0.0654,0.5186988027725268,0.008698151746169737,0.5036231884057971,0.4945652173913044,0.532608695652174,0.5144927536231884,0.5482041587901701
-0.0652,0.5198015122873346,0.009038171835337666,0.5090579710144927,0.4909420289855072,0.5326086956521738,0.5163043478260869,0.5500945179584121
-0.065,0.5183049779458097,0.008701888351302756,0.5090579710144927,0.4891304347826087,0.5344202898550725,0.5144927536231885,0.5444234404536862
-0.0648,0.51794265910523,0.00846489688007866,0.5054347826086957,0.4927536231884058,0.5344202898550724,0.5126811594202898,0.5444234404536862
-0.0646,0.5183207309388784,0.009188995105646807,0.5072463768115942,0.4891304347826087,0.536231884057971,0.5126811594202898,0.5463137996219282
-0.0644,0.5186672967863893,0.009075474171336523,0.5072463768115942,0.48913043478260865,0.5380434782608695,0.5144927536231884,0.5444234404536862
-0.0642,0.5175645872715816,0.008263732485027523,0.5054347826086956,0.49094202898550726,0.532608695652174,0.5163043478260869,0.5425330812854442
-0.064,0.5193289224952741,0.00612560964075702,0.5163043478260869,0.4963768115942029,0.5289855072463768,0.5181159420289855,0.5368620037807184
-0.0638,0.5193289224952741,0.005540468976043992,0.5144927536231885,0.5,0.5271739130434783,0.5181159420289856,0.5368620037807184
-0.0636,0.5185570258349086,0.004493255128076991,0.5144927536231885,0.5018115942028986,0.5253623188405797,0.519927536231884,0.5311909262759924
-0.0634,0.5185412728418399,0.004925958665596527,0.519927536231884,0.5018115942028986,0.5307971014492754,0.5108695652173914,0.5293005671077504
-0.0632,0.5192344045368621,0.004965187482158366,0.5181159420289855,0.5036231884057971,0.5362318840579711,0.5126811594202898,0.5255198487712665
-0.063,0.5178323881537492,0.004495794932014523,0.5163043478260869,0.5018115942028986,0.5253623188405798,0.5144927536231885,0.5311909262759924
-0.0628,0.5185412728418399,0.0036384026202562437,0.5144927536231884,0.5090579710144927,0.5271739130434783,0.5126811594202898,0.5293005671077504
-0.0626,0.5159735349716446,0.003654042485803524,0.5144927536231884,0.5072463768115942,0.5253623188405797,0.5072463768115942,0.5255198487712665
-0.0624,0.5160050409577819,0.004183622469583082,0.5144927536231884,0.5090579710144927,0.5235507246376812,0.5036231884057971,0.5293005671077504
-0.0622,0.5167926906112161,0.005305340519830768,0.5126811594202898,0.5108695652173912,0.5217391304347826,0.5018115942028987,0.5368620037807184
-0.062,0.5138783868935097,0.00520294437671799,0.5108695652173914,0.5054347826086957,0.5163043478260869,0.5018115942028986,0.5349716446124764
-0.0618,0.5094517958412098,0.004644702620828459,0.5126811594202898,0.5,0.5126811594202898,0.4963768115942029,0.5255198487712665
-0.0616,0.5057340894770006,0.0026415660438726934,0.5090579710144927,0.5,0.5072463768115942,0.49818840579710144,0.5141776937618148
-0.0614,0.5045841209829868,0.0013712163837938172,0.5072463768115942,0.5,0.5072463768115942,0.5018115942028986,0.5066162570888468
-0.0612,0.5027567737870196,0.0017081649639695885,0.5090579710144928,0.5,0.5018115942028986,0.49818840579710144,0.504725897920605
-0.061,0.5045998739760554,0.002227987862213243,0.5036231884057971,0.5108695652173914,0.5036231884057971,0.4963768115942029,0.5085066162570888
-0.0608,0.5020321361058601,0.002650475609085932,0.5018115942028986,0.5108695652173914,0.5,0.49275362318840576,0.5047258979206048
-0.0606,0.5020006301197227,0.0023806937166240875,0.5036231884057971,0.5090579710144927,0.503623188405797,0.49275362318840576,0.500945179584121
-0.0604,0.49981096408317577,0.002764513395182449,0.5036231884057971,0.5090579710144928,0.4963768115942029,0.4909420289855072,0.499054820415879
-0.0602,0.5024259609325771,0.004019662568279765,0.5072463768115942,0.5126811594202899,0.4945652173913043,0.48913043478260865,0.5085066162570888
-0.06,0.4970226843100189,0.005745909350430224,0.5018115942028986,0.5072463768115942,0.483695652173913,0.48007246376811596,0.5122873345935728
-0.0598,0.49339949590422183,0.007270152223991402,0.4891304347826087,0.5126811594202898,0.47644927536231885,0.47644927536231885,0.5122873345935728
-0.0596,0.49300567107750465,0.008945076028343121,0.4909420289855072,0.5217391304347826,0.46739130434782605,0.47644927536231885,0.5085066162570888
-0.0594,0.49152488972904856,0.008553907148376004,0.4855072463768116,0.5217391304347825,0.47101449275362317,0.4746376811594203,0.5047258979206048
-0.0592,0.4915091367359798,0.008752922054614386,0.48550724637681164,0.523550724637681,0.4692028985507246,0.47644927536231885,0.502835538752363
-0.059,0.490406427221172,0.007557215005063389,0.4891304347826087,0.5163043478260869,0.4692028985507246,0.4764492753623189,0.500945179584121
-0.0588,0.4900441083805923,0.00814420905301256,0.4891304347826087,0.5181159420289855,0.4673913043478261,0.47463768115942023,0.500945179584121
-0.0586,0.49117832388153754,0.009200152557761606,0.49275362318840576,0.519927536231884,0.4673913043478261,0.4692028985507246,0.5066162570888469
-0.0584,0.4882955261499685,0.009804959515585202,0.4891304347826087,0.516304347826087,0.4619565217391305,0.46557971014492755,0.5085066162570888
-0.0582,0.4850189035916824,0.011110906628034033,0.48550724637681164,0.5181159420289855,0.4565217391304348,0.45833333333333337,0.5066162570888469
-0.058,0.4849558916194077,0.01072648123376431,0.48550724637681153,0.5217391304347826,0.45833333333333337,0.4601449275362319,0.499054820415879
-0.0578,0.48423125393824823,0.0123318551048587,0.48007246376811596,0.5289855072463768,0.4528985507246377,0.4601449275362318,0.499054820415879
-0.0576,0.48536546943919345,0.012980493053361275,0.4782608695652174,0.5307971014492753,0.45108695652173914,0.4619565217391305,0.504725897920605
-0.0574,0.4850346565847511,0.013647638979324368,0.48007246376811596,0.5289855072463767,0.4438405797101449,0.463768115942029,0.5085066162570888
-0.0572,0.481710775047259,0.013516295716646766,0.47644927536231885,0.5289855072463767,0.44565217391304346,0.45652173913043476,0.500945179584121
-0.057,0.48319155639571515,0.014900842660805892,0.47282608695652173,0.536231884057971,0.44384057971014496,0.4583333333333333,0.5047258979206048
-0.0568,0.4801984877126654,0.017151755839178183,0.46739130434782605,0.5471014492753623,0.43478260869565216,0.4583333333333333,0.4933837429111531
-0.0566,0.47840264650283554,0.018802797866698244,0.4583333333333333,0.5507246376811594,0.427536231884058,0.4601449275362319,0.4952741020793951
-0.0564,0.47618147448015125,0.01909186852904303,0.45652173913043476,0.5507246376811594,0.42391304347826086,0.4601449275362319,0.4896030245746692
-0.0562,0.4761657214870826,0.018572272427148862,0.4528985507246377,0.548913043478261,0.4257246376811594,0.4655797101449275,0.4877126654064272
-0.056,0.4747321991178325,0.019069912620209024,0.44565217391304346,0.5489130434782609,0.4257246376811594,0.463768115942029,0.4896030245746692
-0.0558,0.4743698802772527,0.019366722246771585,0.4384057971014492,0.5507246376811594,0.43115942028985504,0.4619565217391305,0.4896030245746692
-0.0556,0.47252678008821675,0.01940801223551689,0.44202898550724634,0.5489130434782608,0.42391304347826086,0.4619565217391305,0.4858223062381853
-0.0554,0.47362948960302464,0.019846813297973703,0.44021739130434784,0.5525362318840579,0.427536231884058,0.46014492753623193,0.4877126654064272
-0.0552,0.47367674858223063,0.02106649830411354,0.4384057971014493,0.5561594202898551,0.4257246376811594,0.45471014492753625,0.49338374291115306
-0.055,0.46969124133585377,0.021007623609376438,0.4329710144927536,0.5489130434782609,0.4184782608695652,0.45471014492753625,0.49338374291115317
-0.0548,0.47036862003780716,0.020993632711682777,0.4347826086956522,0.552536231884058,0.42028985507246375,0.45652173913043476,0.4877126654064272
-0.0546,0.4725740390674229,0.02137706582301408,0.43297101449275366,0.5543478260869565,0.4202898550724638,0.463768115942029,0.4914933837429112
-0.0544,0.471424070573409,0.021338665066387486,0.4257246376811594,0.5543478260869565,0.42391304347826086,0.4692028985507246,0.48393194706994336
-0.0542,0.47177063642091993,0.02190210637057236,0.4221014492753623,0.5561594202898551,0.42391304347826086,0.4746376811594203,0.4820415879017013
-0.054,0.4735349716446125,0.021639452584127316,0.42391304347826086,0.5543478260869565,0.42391304347826086,0.4891304347826087,0.4763705103969754
-0.0538,0.4742753623188406,0.0224193108467852,0.42391304347826086,0.5543478260869565,0.41847826086956524,0.4963768115942029,0.4782608695652174
-0.0536,0.47169187145557656,0.023077910108993908,0.42028985507246375,0.5543478260869565,0.41485507246376807,0.4963768115942029,0.47258979206049156
-0.0534,0.4720384373030876,0.02436289887857532,0.4184782608695652,0.5579710144927537,0.411231884057971,0.5018115942028986,0.47069943289224947
-0.0532,0.4723850031505986,0.025304334378884748,0.4166666666666667,0.5634057971014492,0.411231884057971,0.5018115942028986,0.4688090737240076
-0.053,0.4720226843100189,0.02588978794724734,0.411231884057971,0.5652173913043478,0.41304347826086957,0.5018115942028986,0.4688090737240076
-0.0528,0.47017958412098304,0.026597403133414698,0.40760869565217395,0.5670289855072463,0.41123188405797106,0.5,0.4650283553875237
-0.0526,0.4719754253308128,0.026308681287527835,0.411231884057971,0.5688405797101449,0.41485507246376807,0.5018115942028984,0.46313799621928164
-0.0524,0.47339319470699437,0.025945130804315167,0.4221014492753623,0.5688405797101449,0.411231884057971,0.5054347826086957,0.45935727788279773
-0.0522,0.47665406427221174,0.026299833995906238,0.4257246376811594,0.5742753623188405,0.4148550724637681,0.5090579710144927,0.45935727788279773
-0.052,0.4751732829237555,0.025844967457937743,0.42391304347826086,0.5706521739130433,0.41666666666666663,0.5090579710144927,0.4555765595463138
-0.0518,0.47522054190296154,0.02533412977872715,0.42391304347826086,0.5670289855072463,0.4148550724637682,0.5090579710144927,0.46124763705103966
-0.0516,0.4784814114681789,0.026202748490762078,0.4257246376811594,0.5724637681159419,0.41666666666666663,0.5163043478260869,0.46124763705103966
-0.0514,0.47695337114051667,0.026291991777463584,0.42934782608695654,0.5742753623188406,0.4166666666666667,0.5126811594202898,0.45179584120982985
-0.0512,0.4787964713295526,0.024547888644019793,0.4384057971014492,0.5688405797101449,0.4184782608695652,0.5126811594202898,0.4555765595463138
-0.051,0.48468809073724006,0.023924742247042188,0.4492753623188406,0.572463768115942,0.42028985507246375,0.5144927536231884,0.46691871455576556
-0.0508,0.485790800252048,0.02390436219006569,0.4456521739130435,0.572463768115942,0.42391304347826086,0.5181159420289856,0.4688090737240076
-0.0506,0.4890831758034026,0.024343839813088807,0.4438405797101449,0.5742753623188406,0.427536231884058,0.5271739130434783,0.4725897920604915
-0.0504,0.48941398865784497,0.024476527974933944,0.44202898550724634,0.5778985507246377,0.4329710144927536,0.5253623188405797,0.4688090737240076
-0.0502,0.4886735979836169,0.02210742068322935,0.44746376811594196,0.5688405797101449,0.43840579710144933,0.5217391304347826,0.4669187145557656
-0.05,0.4882955261499684,0.02227286716273674,0.4438405797101449,0.5670289855072463,0.4402173913043478,0.5253623188405797,0.46502835538752363
-0.0498,0.4927063642091998,0.021717631808628627,0.4492753623188406,0.5688405797101449,0.4438405797101449,0.5289855072463768,0.47258979206049145
-0.0496,0.4934625078764965,0.02173918751076953,0.44746376811594196,0.5670289855072463,0.4438405797101449,0.532608695652174,0.4763705103969754
-0.0494,0.4908790170132325,0.020495369261056617,0.4492753623188406,0.5615942028985508,0.44565217391304346,0.5271739130434783,0.4706994328922495
-0.0492,0.49089477000630116,0.020612797148882013,0.45108695652173914,0.5615942028985507,0.4420289855072464,0.5271739130434783,0.47258979206049156
-0.049,0.4904851921865154,0.0201259317148546,0.4528985507246377,0.5597826086956521,0.44565217391304346,0.5271739130434783,0.4669187145557656
-0.0488,0.49261184625078763,0.020837040763692416,0.4601449275362319,0.5634057971014492,0.44565217391304346,0.532608695652174,0.4612476370510397
-0.0486,0.4943919344675488,0.02182745770311577,0.46195652173913043,0.5688405797101449,0.447463768115942,0.536231884057971,0.4574669187145558
-0.0484,0.49653434152488973,0.020665777567402403,0.4710144927536231,0.5652173913043478,0.45471014492753625,0.5380434782608696,0.45368620037807184
-0.0482,0.49658160050409583,0.019459309593419474,0.47282608695652173,0.5634057971014492,0.45471014492753625,0.532608695652174,0.4593572778827977
-0.048,0.4973219911783239,0.01857625912504659,0.4782608695652174,0.5597826086956522,0.45471014492753625,0.532608695652174,0.4612476370510397
-0.0478,0.4969596723377442,0.017950348624720995,0.4764492753623188,0.5579710144927537,0.4583333333333333,0.5307971014492754,0.46124763705103966
-0.0476,0.49733774417139254,0.01778773680836101,0.4746376811594203,0.552536231884058,0.45833333333333337,0.5380434782608696,0.46313799621928164
-0.0474,0.49799936988027727,0.0180441249279388,0.47826086956521735,0.5543478260869565,0.463768115942029,0.5380434782608695,0.4555765595463138
-0.0472,0.4976370510396976,0.01758201993904717,0.4800724637681159,0.552536231884058,0.46376811594202894,0.5362318840579711,0.4555765595463138
-0.047,0.4976212980466288,0.017999480451445088,0.4818840579710144,0.552536231884058,0.4619565217391304,0.5380434782608695,0.4536862003780718
-0.0468,0.4961405166981726,0.01871806936098412,0.48007246376811585,0.5561594202898551,0.4601449275362319,0.5344202898550725,0.44990548204158787
-0.0466,0.4979048519218652,0.0192195760414783,0.4873188405797102,0.5579710144927537,0.463768115942029,0.5362318840579711,0.444234404536862
-0.0464,0.4978890989287965,0.018715131244877996,0.49094202898550726,0.5579710144927537,0.46739130434782605,0.5307971014492754,0.44234404536862004
-0.0462,0.4975740390674228,0.017692419281175903,0.4855072463768116,0.5561594202898551,0.46920289855072467,0.5289855072463768,0.4480151228733459
-0.046,0.4975897920604915,0.017604342958790847,0.4855072463768116,0.5561594202898551,0.4673913043478261,0.5289855072463768,0.44990548204158787
-0.0458,0.4971802142407057,0.01737792056907098,0.48913043478260865,0.5507246376811594,0.47101449275362317,0.5307971014492754,0.444234404536862
-0.0456,0.4990233144297417,0.016555977528642296,0.48731884057971014,0.5507246376811594,0.4782608695652174,0.5307971014492754,0.448015122873346
-0.0454,0.4975740390674228,0.01523667731500817,0.49275362318840576,0.5452898550724637,0.4782608695652174,0.5235507246376812,0.448015122873346
-0.0452,0.49867674858223054,0.0149913116652138,0.4945652173913043,0.5471014492753623,0.48007246376811596,0.5217391304347826,0.44990548204158787
-0.045,0.5001732829237555,0.015010104519018798,0.4945652173913043,0.552536231884058,0.4782608695652174,0.519927536231884,0.45557655954631376
-0.0448,0.49985822306238176,0.013997691611208653,0.49275362318840576,0.5489130434782609,0.47644927536231885,0.519927536231884,0.4612476370510397
-0.0446,0.5009766855702584,0.01334791920799279,0.48913043478260865,0.5489130434782609,0.4818840579710145,0.5199275362318841,0.46502835538752363
-0.0444,0.5017643352236925,0.012489165245667606,0.48731884057971014,0.5525362318840579,0.4873188405797101,0.5090579710144928,0.4725897920604915
-0.0442,0.5002993068683049,0.012832732757931975,0.4818840579710145,0.5525362318840579,0.4891304347826087,0.5072463768115942,0.4706994328922495
-0.044,0.5028827977315691,0.012203590667147022,0.4855072463768116,0.5543478260869565,0.4945652173913044,0.5036231884057971,0.4763705103969754
-0.0438,0.5036389413988658,0.012086855936053636,0.483695652173913,0.5543478260869565,0.49275362318840576,0.5072463768115942,0.48015122873345933
-0.0436,0.5017958412098299,0.011360986082964632,0.483695652173913,0.5489130434782609,0.4963768115942029,0.5036231884057971,0.4763705103969754
-0.0434,0.49962192816635165,0.011237227315801982,0.4818840579710145,0.5471014492753623,0.4927536231884058,0.5,0.4763705103969754
-0.0432,0.4985192186515438,0.011913083706401205,0.48007246376811596,0.5489130434782609,0.48913043478260876,0.5,0.47448015122873344
-0.043,0.4996849401386264,0.010454125831627428,0.48188405797101447,0.5452898550724639,0.4909420289855072,0.4963768115942029,0.48393194706994336
-0.0428,0.5018746061751733,0.009822073922245276,0.4909420289855072,0.5452898550724637,0.49094202898550726,0.4963768115942029,0.48582230623818523
-0.0426,0.5018746061751732,0.009426515235450857,0.4909420289855072,0.5434782608695652,0.4927536231884058,0.4963768115942029,0.4858223062381853
-0.0424,0.5037019533711404,0.009008012691592895,0.4945652173913044,0.5434782608695652,0.4963768115942029,0.4963768115942029,0.4877126654064272
-0.0422,0.5059388783868934,0.007617923332658356,0.49818840579710144,0.5398550724637682,0.5,0.4963768115942029,0.49527410207939504
-0.042,0.5041272841839949,0.008441740758722715,0.49275362318840576,0.5416666666666666,0.49818840579710144,0.49275362318840576,0.4952741020793951
-0.0418,0.5041902961562696,0.007404959101497152,0.4909420289855072,0.536231884057971,0.49818840579710144,0.49275362318840576,0.502835538752363
-0.0416,0.5027410207939509,0.006729806962661477,0.49275362318840576,0.5307971014492754,0.5,0.4873188405797102,0.5028355387523629
-0.0414,0.5008821676118462,0.006554509778121504,0.49818840579710144,0.5271739130434783,0.5,0.4818840579710144,0.497164461247637
-0.0412,0.5005198487712665,0.006592193765984727,0.4963768115942029,0.5271739130434782,0.49999999999999994,0.4818840579710144,0.4971644612476371
-0.041,0.5001732829237555,0.0064328326566769605,0.49818840579710144,0.5235507246376812,0.5018115942028984,0.47826086956521735,0.499054820415879
-0.0408,0.5009294265910522,0.007247589005758137,0.5018115942028986,0.5235507246376812,0.5036231884057971,0.47282608695652173,0.502835538752363
-0.0406,0.5013547574039068,0.008005044280988258,0.5054347826086957,0.519927536231884,0.5036231884057971,0.4673913043478261,0.5103969754253308
-0.0404,0.5010081915563958,0.008907851663984594,0.5072463768115942,0.5217391304347826,0.5,0.463768115942029,0.5122873345935728
-0.0402,0.5010239445494644,0.01062929048721201,0.5072463768115941,0.5217391304347826,0.5072463768115942,0.45471014492753625,0.5141776937618148
-0.04,0.500693131695022,0.01223080480211456,0.5072463768115942,0.5235507246376812,0.5072463768115942,0.447463768115942,0.5179584120982987
-0.0398,0.49818840579710144,0.012027675849781035,0.5018115942028984,0.519927536231884,0.5,0.447463768115942,0.5217391304347826
-0.0396,0.4978418399495904,0.013995248423340182,0.5,0.5235507246376812,0.5036231884057971,0.4384057971014493,0.5236294896030246
-0.0394,0.49821991178323877,0.01515954648090123,0.4981884057971014,0.5289855072463768,0.5036231884057971,0.43478260869565216,0.5255198487712666
-0.0392,0.4960459987397606,0.01558233648428582,0.49818840579710144,0.5217391304347826,0.5054347826086956,0.42934782608695654,0.5255198487712666
-0.039,0.49680214240705745,0.01611001538460582,0.5018115942028986,0.519927536231884,0.5054347826086957,0.427536231884058,0.5293005671077505
-0.0388,0.49755828607435415,0.018004644278337947,0.5054347826086957,0.5253623188405796,0.5036231884057971,0.42028985507246375,0.5330812854442344
-0.0386,0.4982986767485822,0.01950557204440889,0.5144927536231884,0.5289855072463768,0.4981884057971014,0.41485507246376807,0.5349716446124764
-0.0384,0.49836168872085695,0.021204598348938605,0.5163043478260869,0.5253623188405797,0.5,0.40760869565217395,0.5425330812854443
-0.0382,0.4991335853812224,0.021611579360422798,0.5163043478260869,0.5235507246376812,0.5,0.4076086956521739,0.5482041587901701
-0.038,0.4976685570258349,0.02143292516896903,0.5181159420289856,0.5217391304347826,0.4945652173913043,0.40760869565217395,0.5463137996219282
-0.0378,0.4973534971644612,0.02269276036330968,0.519927536231884,0.5217391304347826,0.4891304347826087,0.40398550724637683,0.5519848771266541
-0.0376,0.5003308128544424,0.022774060182518787,0.519927536231884,0.5217391304347825,0.4891304347826087,0.40942028985507245,0.5614366729678639
-0.0374,0.5028985507246377,0.022119854536440685,0.5235507246376812,0.5235507246376812,0.48369565217391297,0.4184782608695652,0.5652173913043478
-0.0372,0.4992753623188405,0.023009956476239518,0.5217391304347826,0.519927536231884,0.47644927536231885,0.41304347826086957,0.5652173913043478
-0.037,0.499606175173283,0.02296900914491843,0.5271739130434783,0.5217391304347826,0.4746376811594203,0.41304347826086957,0.5614366729678639
-0.0368,0.5007088846880908,0.022329521773124972,0.5289855072463768,0.5181159420289856,0.4746376811594203,0.41847826086956524,0.5633270321361059
-0.0366,0.5028985507246377,0.02127894571567977,0.5307971014492753,0.5163043478260869,0.4746376811594203,0.427536231884058,0.5652173913043479
-0.0364,0.5065847511027095,0.021817145840504353,0.5326086956521738,0.5235507246376812,0.4692028985507246,0.43478260869565216,0.5727788279773157
-0.0362,0.5062224322621299,0.022311177136301194,0.5362318840579711,0.5217391304347827,0.46739130434782605,0.43297101449275366,0.5727788279773156
-0.036,0.5051512287334594,0.023400991404487974,0.5380434782608696,0.5217391304347827,0.4601449275362319,0.43115942028985504,0.5746691871455576
-0.0358,0.5073566477630751,0.023283921352647216,0.5398550724637681,0.5217391304347827,0.4601449275362319,0.4365942028985508,0.5784499054820416
-0.0356,0.5096093257718967,0.024098094485063382,0.5434782608695652,0.516304347826087,0.4583333333333333,0.4420289855072464,0.5879017013232514
-0.0354,0.5103182104599874,0.023466916058178494,0.5380434782608695,0.5253623188405796,0.45471014492753625,0.4474637681159421,0.5860113421550095
-0.0352,0.5135790800252048,0.02253163324987283,0.5398550724637681,0.5289855072463769,0.45471014492753625,0.4583333333333333,0.5860113421550094
-0.035,0.5136263390044109,0.024619977862520674,0.5452898550724637,0.5289855072463769,0.4510869565217391,0.45108695652173914,0.5916824196597353
-0.0348,0.5100189035916824,0.025540313622237788,0.5398550724637681,0.5235507246376812,0.4365942028985507,0.4565217391304348,0.5935727788279773
-0.0346,0.5123030875866414,0.028065710352611614,0.5380434782608695,0.5307971014492754,0.43478260869565216,0.45108695652173914,0.6068052930056711
-0.0344,0.5093572778827978,0.028296045164320896,0.5416666666666666,0.5271739130434783,0.42934782608695654,0.4474637681159421,0.6011342155009451
-0.0342,0.5101134215500945,0.029381562747374922,0.536231884057971,0.5362318840579711,0.4221014492753623,0.45108695652173914,0.6049149338374291
-0.034,0.5145242596093258,0.03074248642735542,0.5434782608695652,0.5416666666666666,0.42028985507246375,0.45471014492753625,0.6124763705103969
-0.0338,0.515658475110271,0.03218272407242966,0.5507246376811594,0.5380434782608695,0.41485507246376807,0.45652173913043476,0.6181474480151229
-0.0336,0.5131064902331444,0.03177389714190225,0.5452898550724637,0.532608695652174,0.41123188405797106,0.4601449275362319,0.6162570888468809
-0.0334,0.5142407057340895,0.03371884211497912,0.5471014492753623,0.5398550724637681,0.4057971014492754,0.4565217391304348,0.6219281663516067
-0.0332,0.5153749212350347,0.03532732522193363,0.5434782608695652,0.5489130434782608,0.4003623188405797,0.45652173913043476,0.6275992438563326
-0.033,0.5103024574669186,0.03798883451180496,0.5398550724637681,0.5489130434782609,0.3804347826086957,0.4547101449275362,0.6275992438563327
-0.0328,0.5099716446124762,0.03888292869866986,0.5398550724637682,0.5471014492753623,0.37681159420289856,0.4547101449275362,0.6313799621928166
-0.0326,0.5088531821045998,0.03835730956319158,0.5380434782608696,0.5471014492753623,0.37681159420289856,0.4547101449275362,0.6275992438563327
-0.0324,0.5092155009451795,0.03943233140072342,0.5398550724637682,0.5543478260869565,0.3731884057971015,0.45108695652173914,0.6275992438563327
-0.0322,0.5070888468809074,0.04179294296710913,0.5398550724637681,0.5543478260869565,0.3641304347826087,0.4438405797101449,0.6332703213610587
-0.032,0.5034814114681789,0.04381361019252747,0.5380434782608695,0.5507246376811594,0.3496376811594203,0.4438405797101449,0.6351606805293005
-0.0318,0.5013232514177695,0.04455576626381244,0.5289855072463768,0.556159420289855,0.3496376811594203,0.4347826086956521,0.6370510396975426
-0.0316,0.4966603654694392,0.04710104148708753,0.5217391304347827,0.552536231884058,0.33514492753623193,0.4311594202898551,0.6427221172022685
-0.0314,0.4908947700063012,0.04968074249289363,0.5144927536231885,0.5507246376811594,0.322463768115942,0.42028985507246375,0.6465028355387524
-0.0312,0.4887366099558917,0.051020702899753544,0.5144927536231884,0.5489130434782609,0.31521739130434784,0.41666666666666663,0.6483931947069944
-0.031,0.48659420289855077,0.05266376325019261,0.5108695652173914,0.5507246376811594,0.3097826086956522,0.4094202898550724,0.6521739130434783
-0.0308,0.48775992438563326,0.05419845412722177,0.5072463768115942,0.5543478260869565,0.30978260869565216,0.4057971014492754,0.6616257088846881
-0.0306,0.4896502835538752,0.055879073324647546,0.5090579710144928,0.556159420289855,0.30797101449275366,0.4039855072463768,0.6710775047258979
-0.0304,0.48859483301827356,0.056670500471808244,0.5036231884057971,0.5525362318840581,0.3007246376811594,0.411231884057971,0.6748582230623819
-0.0302,0.48716131064902324,0.05792213392221259,0.5054347826086956,0.5507246376811594,0.29347826086956524,0.4094202898550724,0.6767485822306237
-0.03,0.48534971644612473,0.05796872427053301,0.5090579710144928,0.5434782608695653,0.29347826086956524,0.40398550724637683,0.6767485822306237
-0.0298,0.4835696282293635,0.059389651321846884,0.5090579710144927,0.5398550724637681,0.286231884057971,0.4021739130434783,0.6805293005671077
-0.0296,0.48142722117202263,0.061849763212140724,0.5090579710144927,0.5416666666666666,0.27355072463768115,0.39855072463768115,0.6843100189035917
-0.0294,0.4788909892879647,0.06247030892854157,0.5036231884057971,0.5434782608695652,0.27173913043478265,0.3913043478260869,0.6843100189035917
-0.0292,0.4778197857592943,0.06390872061634306,0.5090579710144928,0.5416666666666666,0.2644927536231884,0.3876811594202899,0.6862003780718336
-0.029,0.4753150598613736,0.06326825089346441,0.49818840579710144,0.532608695652174,0.26992753623188404,0.38586956521739135,0.6899810964083175
-0.0288,0.47495274102079393,0.06350388097466596,0.5,0.532608695652174,0.26992753623188404,0.38224637681159424,0.6899810964083175
-0.0286,0.47355072463768116,0.06514811135035595,0.49275362318840576,0.532608695652174,0.2608695652173913,0.38586956521739135,0.6956521739130435
-0.0284,0.4713768115942029,0.06561153043372721,0.48913043478260876,0.5307971014492754,0.25724637681159424,0.3840579710144928,0.6956521739130435
-0.0282,0.4735979836168872,0.06615467666770485,0.48731884057971014,0.5326086956521738,0.25724637681159424,0.38949275362318847,0.7013232514177694
-0.028,0.474354127284184,0.06626190745456319,0.4818840579710145,0.536231884057971,0.2626811594202899,0.38586956521739135,0.7051039697542533
-0.0278,0.47622873345935723,0.06722437068426294,0.4818840579710145,0.536231884057971,0.26268115942028986,0.3876811594202899,0.7126654064272212
-0.0276,0.4736452425960932,0.06597223198915032,0.47826086956521735,0.5271739130434783,0.26086956521739135,0.39492753623188404,0.7069943289224953
-0.0274,0.4758506616257089,0.06581979650901906,0.4800724637681159,0.5253623188405797,0.2644927536231884,0.39855072463768115,0.7107750472589792
-0.0272,0.4725425330812854,0.06541292842237909,0.47463768115942023,0.5235507246376812,0.2608695652173913,0.3985507246376812,0.7051039697542533
-0.027,0.4721487082545684,0.06446240484800221,0.47101449275362317,0.5271739130434783,0.266304347826087,0.39492753623188404,0.7013232514177693
-0.0268,0.46811594202898554,0.06364984090653338,0.4655797101449275,0.5217391304347827,0.266304347826087,0.3913043478260869,0.6956521739130435
-0.0266,0.4692028985507246,0.06310383584124339,0.46557971014492755,0.5217391304347826,0.2699275362318841,0.3931159420289855,0.6956521739130433
-0.0264,0.4662728418399496,0.06335871594046344,0.4619565217391305,0.5235507246376812,0.266304347826087,0.38768115942028986,0.6918714555765596
-0.0262,0.4592785129174543,0.06145798428299191,0.4583333333333333,0.5126811594202898,0.266304347826087,0.3804347826086957,0.6786389413988657
-0.026,0.45811279143037165,0.05917218176070753,0.4547101449275362,0.5090579710144927,0.2699275362318841,0.38768115942028986,0.6691871455576558
-0.0258,0.4533081285444235,0.05762605665113167,0.4456521739130435,0.5090579710144928,0.2717391304347826,0.38224637681159424,0.6578449905482041
-0.0256,0.45,0.05733024493081226,0.43840579710144933,0.5090579710144928,0.2681159420289855,0.38224637681159424,0.6521739130434782
-0.0254,0.4481096408317581,0.056109673149391,0.44021739130434784,0.5108695652173914,0.2699275362318841,0.37681159420289856,0.6427221172022685
-0.0252,0.442596093257719,0.054892829105164395,0.4347826086956522,0.5072463768115942,0.27355072463768115,0.3641304347826087,0.6332703213610585
-0.025,0.43746061751732823,0.05394342387084684,0.43115942028985504,0.5,0.27355072463768115,0.35688405797101447,0.6257088846880907
-0.0248,0.43561751732829246,0.05270926810764357,0.4347826086956522,0.48913043478260876,0.2753623188405797,0.35688405797101447,0.6219281663516067
-0.0246,0.4344675488342785,0.051373556078577375,0.42934782608695654,0.4927536231884058,0.27898550724637683,0.35688405797101447,0.6143667296786389
-0.0244,0.4304505356017643,0.050501378485769625,0.4148550724637681,0.48731884057971014,0.27898550724637683,0.3605072463768116,0.6105860113421551
-0.0242,0.4274574669187146,0.04883210353511732,0.41304347826086957,0.4855072463768116,0.27898550724637683,0.36050724637681164,0.5992438563327032
-0.024,0.4263074984247007,0.04647243812290479,0.4148550724637681,0.4764492753623188,0.2844202898550725,0.3641304347826087,0.5916824196597354
-0.0238,0.42296786389413993,0.04553106638114343,0.4130434782608695,0.4782608695652174,0.286231884057971,0.35507246376811596,0.5822306238185255
-0.0236,0.42252678008821676,0.043453531911642876,0.41304347826086957,0.4782608695652174,0.2916666666666667,0.3568840579710145,0.5727788279773157
-0.0234,0.421424070573409,0.04322800754439335,0.40942028985507245,0.4782608695652174,0.29166666666666663,0.3568840579710145,0.5708884688090736
-0.0232,0.42022684310018904,0.0407469209853244,0.4148550724637681,0.4746376811594203,0.29347826086956524,0.3605072463768116,0.55765595463138
-0.023,0.4176591052299937,0.04028085362365269,0.4094202898550725,0.4728260869565218,0.29347826086956524,0.358695652173913,0.553875236294896
-0.0228,0.41584751102709516,0.040038106672575645,0.40217391304347827,0.4710144927536232,0.2971014492753623,0.35507246376811596,0.553875236294896
-0.0226,0.4132797731568999,0.03843341629195991,0.39492753623188404,0.4601449275362319,0.29891304347826086,0.3623188405797102,0.5500945179584122
-0.0224,0.4136105860113421,0.03731242246191693,0.39492753623188404,0.4583333333333333,0.3007246376811594,0.36775362318840576,0.5463137996219283
-0.0222,0.4157844990548204,0.03639527417577245,0.39492753623188404,0.45833333333333326,0.3061594202898551,0.3731884057971015,0.5463137996219283
-0.022,0.4143194706994329,0.035484912595312376,0.3894927536231884,0.45108695652173914,0.3079710144927536,0.3786231884057971,0.5444234404536863
-0.0218,0.41580025204788906,0.0357575454327266,0.38768115942028986,0.4492753623188406,0.30797101449275366,0.38586956521739124,0.54820415879017
-0.0216,0.41729678638941403,0.035929555609546755,0.391304347826087,0.44202898550724634,0.3097826086956522,0.38949275362318836,0.553875236294896
-0.0214,0.4164933837429111,0.034200806600713625,0.38768115942028986,0.4420289855072464,0.3115942028985508,0.3967391304347826,0.5444234404536862
-0.0212,0.41724952741020793,0.034400270883192585,0.3840579710144928,0.4365942028985507,0.31340579710144933,0.4039855072463768,0.54820415879017
-0.021,0.4172180214240705,0.033744028994055195,0.3731884057971015,0.4347826086956522,0.3170289855072464,0.41666666666666663,0.5444234404536862
-0.0208,0.4200378071833649,0.03163884557750335,0.3804347826086957,0.4384057971014493,0.3206521739130435,0.42572463768115937,0.5349716446124764
-0.0206,0.41970699432892256,0.03160389324195612,0.3804347826086957,0.43115942028985504,0.3242753623188406,0.42391304347826086,0.5387523629489603
-0.0204,0.41791115311909255,0.031235078194178978,0.375,0.4221014492753623,0.3315217391304348,0.42028985507246375,0.5406427221172022
-0.0202,0.4186515437933207,0.03133843601830929,0.3786231884057971,0.4184782608695652,0.3315217391304348,0.4221014492753623,0.5425330812854442
-0.02,0.41572148708254575,0.031130393547518162,0.3786231884057971,0.41666666666666674,0.3278985507246377,0.4166666666666667,0.5387523629489603
-0.0198,0.41568998109640826,0.030545013751142738,0.3786231884057971,0.4184782608695652,0.3278985507246377,0.41847826086956524,0.5349716446124764
-0.0196,0.41759609325771896,0.03233229124835863,0.3786231884057971,0.41666666666666663,0.3278985507246377,0.41847826086956524,0.5463137996219282
-0.0194,0.4197227473219911,0.030355076700122347,0.37681159420289856,0.4184782608695652,0.338768115942029,0.42391304347826086,0.5406427221172022
-0.0192,0.42263705103969756,0.03107065659373838,0.375,0.42391304347826086,0.3369565217391305,0.4347826086956522,0.5425330812854442
-0.019,0.423708254568368,0.03025476721713108,0.37681159420289856,0.427536231884058,0.34057971014492755,0.43297101449275366,0.5406427221172023
-0.0188,0.4237240075614367,0.030601141702096678,0.37318840579710144,0.4257246376811594,0.3423913043478261,0.4347826086956522,0.5425330812854442
-0.0186,0.4262759924385633,0.030453400018029583,0.37318840579710144,0.42391304347826086,0.34782608695652173,0.4420289855072464,0.5444234404536862
-0.0184,0.42733144297416503,0.02939707396198938,0.37681159420289856,0.42028985507246375,0.35144927536231885,0.447463768115942,0.5406427221172022
-0.0182,0.42950535601764334,0.029897769847514695,0.3804347826086956,0.42028985507246375,0.34782608695652173,0.4583333333333333,0.5406427221172023
-0.018,0.43128544423440457,0.029662485218927677,0.37318840579710144,0.41666666666666663,0.35688405797101447,0.47282608695652173,0.5368620037807184
-0.0178,0.4334908632640201,0.03203620169118142,0.378623188405797,0.4130434782608696,0.34601449275362317,0.48913043478260865,0.5406427221172022
-0.0176,0.43386893509766855,0.03261350947241957,0.3786231884057971,0.4130434782608695,0.3442028985507246,0.4909420289855073,0.5425330812854442
-0.0174,0.43642091997479515,0.03265052004248629,0.3858695652173913,0.4130434782608695,0.3442028985507246,0.4945652173913043,0.5444234404536862
-0.0172,0.43783868935097664,0.033061261080303744,0.3840579710144928,0.4148550724637681,0.3442028985507246,0.5054347826086957,0.5406427221172022
-0.017,0.43747637051039695,0.03389292537026115,0.38224637681159424,0.4148550724637681,0.34057971014492755,0.5090579710144928,0.5406427221172023
-0.0168,0.4385318210459987,0.033786425192322465,0.3876811594202898,0.4148550724637681,0.338768115942029,0.5144927536231885,0.5368620037807184
-0.0166,0.4410365469439193,0.03305582030651065,0.3931159420289855,0.4166666666666667,0.34239130434782605,0.519927536231884,0.5330812854442344
-0.0164,0.4424858223062381,0.033993998373459816,0.3949275362318841,0.42210144927536225,0.33695652173913043,0.5253623188405796,0.5330812854442344
-0.0162,0.4439193446754883,0.03382767375707122,0.40036231884057966,0.42572463768115937,0.3351449275362319,0.5271739130434783,0.5311909262759925
-0.016,0.4493856332703213,0.03482161686011165,0.4076086956521739,0.43115942028985504,0.3351449275362319,0.5380434782608696,0.5349716446124764
-0.0158,0.45302457466918716,0.034982248600967235,0.41304347826086957,0.4384057971014493,0.33514492753623193,0.5416666666666666,0.5368620037807184
-0.0156,0.4584436042848141,0.03519464457345451,0.41485507246376807,0.447463768115942,0.3405797101449276,0.5543478260869564,0.5349716446124763
-0.0154,0.46280718336483934,0.0355322676270945,0.411231884057971,0.45833333333333337,0.34601449275362317,0.5615942028985508,0.5368620037807184
-0.0152,0.46093257718966607,0.03493005895007911,0.411231884057971,0.4528985507246377,0.34782608695652173,0.5634057971014493,0.5293005671077504
-0.015,0.463815374921235,0.03609238370328697,0.4148550724637681,0.46014492753623193,0.3442028985507246,0.572463768115942,0.5274102079395084
-0.0148,0.46743856332703204,0.03614958462088786,0.41666666666666663,0.463768115942029,0.3496376811594203,0.5797101449275363,0.5274102079395085
-0.0146,0.46923440453686205,0.036916355967791706,0.4094202898550725,0.46739130434782605,0.35507246376811596,0.5887681159420289,0.5255198487712666
-0.0144,0.47104599873976055,0.03732275102710074,0.4039855072463768,0.4746376811594203,0.3586956521739131,0.592391304347826,0.5255198487712665
-0.0142,0.472416509136736,0.036607653875851257,0.411231884057971,0.4746376811594203,0.36231884057971014,0.5978260869565217,0.5160680529300566
-0.014,0.475945179584121,0.03617793852585347,0.4094202898550724,0.48007246376811596,0.37681159420289856,0.6086956521739131,0.504725897920605
-0.0138,0.47815059861373665,0.03629293095525766,0.4076086956521739,0.4873188405797101,0.3786231884057971,0.6086956521739131,0.5085066162570888
-0.0136,0.47700063011972277,0.03478708887797137,0.40942028985507245,0.4855072463768116,0.3840579710144928,0.605072463768116,0.500945179584121
-0.0134,0.48026149968494014,0.03483483403786528,0.40942028985507245,0.4927536231884058,0.3894927536231884,0.608695652173913,0.5009451795841209
-0.0132,0.48386893509766854,0.036624386964510675,0.40942028985507245,0.4945652173913043,0.39311594202898553,0.6231884057971014,0.499054820415879
-0.013,0.4845620667926906,0.03735523957280294,0.40217391304347827,0.4963768115942028,0.4003623188405797,0.6286231884057971,0.4952741020793951
-0.0128,0.4860270951480781,0.0368960764334052,0.40217391304347827,0.4963768115942029,0.4057971014492754,0.628623188405797,0.497164461247637
-0.0126,0.4852709514807814,0.037119239899126584,0.40217391304347827,0.4945652173913043,0.4057971014492754,0.6304347826086957,0.49338374291115306
-0.0124,0.4885633270321361,0.035891841486590186,0.4076086956521739,0.49275362318840576,0.4148550724637682,0.6304347826086957,0.497164461247637
-0.0122,0.48820100819155643,0.03498460224193111,0.40217391304347827,0.4891304347826087,0.4257246376811594,0.6268115942028986,0.49716446124763697
-0.012,0.48782293635790797,0.03520631201402317,0.39855072463768115,0.4909420289855072,0.4275362318840579,0.6268115942028986,0.49527410207939504
-0.0118,0.4860270951480781,0.035303308722813696,0.39492753623188404,0.48550724637681153,0.427536231884058,0.625,0.497164461247637
-0.0116,0.48752362948960304,0.03504449090870573,0.3967391304347826,0.48913043478260876,0.4257246376811594,0.6231884057971014,0.502835538752363
-0.0114,0.48927221172022684,0.03718399431302295,0.3985507246376811,0.49094202898550726,0.42391304347826086,0.6376811594202899,0.49527410207939504
-0.0112,0.4896030245746692,0.037624262120477786,0.39855072463768115,0.4909420289855073,0.4257246376811594,0.6413043478260869,0.4914933837429111
-0.011,0.49105229993698807,0.03714443929686313,0.40217391304347827,0.49818840579710144,0.4239130434782609,0.6394927536231885,0.4914933837429111
-0.0108,0.4851606805293006,0.03512542046790261,0.40217391304347827,0.49818840579710144,0.42028985507246386,0.625,0.48015122873345933
-0.0106,0.48407372400756143,0.03548248583575095,0.40217391304347827,0.49275362318840576,0.4184782608695652,0.6268115942028986,0.48015122873345933
-0.0104,0.4880434782608695,0.03604517108196438,0.40398550724637683,0.4927536231884058,0.42934782608695654,0.6358695652173912,0.4782608695652174
-0.0102,0.4854757403906742,0.03629532403873169,0.4003623188405797,0.48550724637681153,0.4311594202898551,0.6358695652173914,0.4744801512287335
-0.01,0.4869092627599244,0.034017182623821175,0.4076086956521739,0.48731884057971014,0.4384057971014493,0.6286231884057971,0.4725897920604915
-0.0098,0.4868620037807183,0.03402420702442803,0.4148550724637681,0.4800724637681159,0.44021739130434784,0.6322463768115941,0.4669187145557656
-0.0096,0.49092627599243854,0.034001450874650015,0.41666666666666663,0.4800724637681159,0.44565217391304346,0.6358695652173912,0.4763705103969754
-0.0094,0.49163516068052926,0.03291091997517585,0.4221014492753623,0.483695652173913,0.4456521739130435,0.6322463768115942,0.4744801512287335
-0.0092,0.49272211720226833,0.03159400590697821,0.427536231884058,0.4909420289855072,0.4438405797101449,0.6268115942028986,0.47448015122873344
-0.009,0.4952741020793951,0.029899770123331018,0.4347826086956521,0.4909420289855072,0.45108695652173914,0.6231884057971014,0.4763705103969754
-0.0088,0.4945494643982357,0.03002412536714881,0.431159420289855,0.48731884057971014,0.45471014492753625,0.6231884057971016,0.4763705103969754
-0.0086,0.49311594202898557,0.029077751769576592,0.4347826086956521,0.48550724637681164,0.44927536231884063,0.6177536231884058,0.4782608695652174
-0.0084,0.49640831758034026,0.028649810461270016,0.4384057971014492,0.4945652173913044,0.4492753623188406,0.6177536231884058,0.4820415879017013
-0.0082,0.4993698802772527,0.02663063862490656,0.447463768115942,0.4945652173913044,0.4528985507246377,0.6123188405797102,0.4896030245746692
-0.008,0.49971644612476374,0.026356999261723076,0.44565217391304346,0.5,0.45471014492753625,0.6105072463768115,0.4877126654064272
-0.0078,0.5007876496534341,0.024515635636400662,0.4583333333333333,0.49999999999999994,0.45471014492753625,0.605072463768116,0.48582230623818523
-0.0076,0.5014965343415249,0.02463303741628913,0.45471014492753625,0.5,0.46195652173913043,0.6068840579710145,0.48393194706994325
-0.0074,0.5018746061751733,0.02307175642138272,0.45833333333333337,0.5090579710144927,0.45833333333333337,0.5978260869565217,0.48582230623818523
-0.0072,0.5040800252047889,0.021239970332443323,0.4692028985507246,0.5144927536231884,0.4565217391304348,0.5905797101449275,0.4896030245746692
-0.007,0.5026149968494014,0.020417512595383408,0.4782608695652173,0.5072463768115942,0.4528985507246377,0.5869565217391304,0.4877126654064272
-0.0068,0.5047416509136736,0.020267245246675163,0.48913043478260876,0.5126811594202899,0.4528985507246377,0.5869565217391304,0.48204158790170126
-0.0066,0.5084278512917455,0.017852151939329968,0.4963768115942029,0.519927536231884,0.45833333333333337,0.5778985507246377,0.4896030245746692
-0.0064,0.509892879647133,0.016615168023715845,0.5,0.5271739130434783,0.46014492753623193,0.5706521739130435,0.4914933837429112
-0.0062,0.5113894139886579,0.0159577524319673,0.5036231884057971,0.5235507246376812,0.46195652173913043,0.5706521739130435,0.497164461247637
-0.006,0.5146817895400126,0.015405454306217752,0.5072463768115941,0.5253623188405797,0.4673913043478261,0.572463768115942,0.500945179584121
-0.0058,0.5161153119092627,0.015155191522841064,0.5036231884057971,0.5380434782608695,0.47101449275362317,0.5688405797101449,0.499054820415879
-0.0056,0.5183049779458098,0.01636375243543021,0.5072463768115942,0.5416666666666666,0.4673913043478261,0.5742753623188406,0.500945179584121
-0.0054,0.5208569628229364,0.015582654991404054,0.5054347826086956,0.5507246376811593,0.4746376811594203,0.5706521739130435,0.502835538752363
-0.0052,0.5240863264020164,0.015931322071827236,0.5126811594202898,0.5579710144927535,0.4782608695652174,0.572463768115942,0.499054820415879
-0.005,0.524054820415879,0.016000568715625323,0.5108695652173914,0.5597826086956521,0.48188405797101447,0.572463768115942,0.49527410207939504
-0.0048,0.5218021424070574,0.016036723351712297,0.5090579710144927,0.5597826086956521,0.48550724637681164,0.5688405797101449,0.4858223062381853
-0.0046,0.522574039067423,0.014522988379415848,0.5072463768115942,0.5579710144927537,0.4909420289855072,0.5652173913043479,0.4914933837429112
-0.0044,0.5273314429741651,0.014936014108130577,0.5126811594202898,0.5597826086956522,0.49275362318840576,0.5742753623188406,0.4971644612476371
-0.0042,0.526937618147448,0.013786308182766289,0.5163043478260869,0.5597826086956521,0.49818840579710144,0.5670289855072463,0.49338374291115317
-0.004,0.526890359168242,0.012806623375352263,0.5181159420289856,0.5579710144927537,0.5090579710144928,0.5615942028985508,0.48771266540642727
-0.0038,0.5276465028355386,0.011483726659317168,0.5163043478260869,0.5579710144927535,0.5163043478260869,0.5561594202898551,0.4914933837429111
-0.0036,0.529773156899811,0.011866908579262666,0.5289855072463768,0.5579710144927537,0.519927536231884,0.5561594202898551,0.4858223062381853
-0.0034,0.5326402016383114,0.012420385422809457,0.5344202898550725,0.5561594202898551,0.5307971014492754,0.5597826086956522,0.4820415879017014
-0.0032,0.5348141146817895,0.012705606808655429,0.5416666666666666,0.5543478260869564,0.532608695652174,0.5634057971014492,0.4820415879017014
-0.003,0.5354914933837429,0.014023360085387526,0.552536231884058,0.556159420289855,0.5307971014492754,0.5615942028985508,0.4763705103969754
-0.0028,0.5340264650283554,0.013884473974204331,0.5471014492753623,0.552536231884058,0.5344202898550724,0.5615942028985508,0.47448015122873344
-0.0026,0.5369407687460617,0.014042395095684028,0.556159420289855,0.556159420289855,0.536231884057971,0.5597826086956522,0.4763705103969754
-0.0024,0.541304347826087,0.014469183732429333,0.5615942028985508,0.5543478260869564,0.5452898550724639,0.5670289855072463,0.4782608695652174
-0.0022,0.5409262759924386,0.014781086365122965,0.5652173913043479,0.5543478260869564,0.5452898550724637,0.5634057971014492,0.4763705103969754
-0.002,0.5427536231884058,0.014534360565605897,0.5634057971014492,0.5543478260869565,0.5543478260869565,0.5634057971014492,0.47826086956521735
-0.0018,0.5445337114051669,0.016243522179312055,0.5615942028985508,0.5525362318840579,0.5543478260869565,0.5797101449275363,0.47448015122873344
-0.0016,0.5470699432892249,0.01681160424040987,0.5634057971014492,0.5543478260869565,0.5597826086956521,0.5833333333333334,0.4744801512287335
-0.0014,0.5514650283553876,0.016657903435503937,0.5724637681159421,0.5543478260869565,0.5634057971014492,0.5869565217391304,0.48015122873345933
-0.0012,0.5529615626969124,0.015633900809337232,0.5688405797101449,0.5543478260869564,0.5706521739130435,0.5851449275362319,0.4858223062381853
-0.001,0.5547889098928797,0.01578755817200799,0.5797101449275361,0.5507246376811594,0.5742753623188406,0.5815217391304348,0.48771266540642727
-0.0008,0.5562381852551985,0.016482584818419205,0.5833333333333334,0.5471014492753623,0.5815217391304347,0.5815217391304348,0.4877126654064272
-0.0006,0.5591682419659734,0.016762434158028302,0.5815217391304348,0.5452898550724637,0.5887681159420289,0.588768115942029,0.4914933837429111
-0.0004,0.562129804662886,0.01563150062862523,0.5869565217391304,0.5489130434782609,0.5905797101449275,0.5851449275362319,0.49905482041587906
-0.0002,0.5643194706994328,0.015976899605744863,0.5960144927536231,0.5489130434782609,0.5905797101449275,0.5851449275362318,0.500945179584121
0.0,0.5621140516698173,0.016322345010199857,0.5905797101449275,0.5471014492753623,0.5942028985507246,0.5815217391304348,0.497164461247637
0.0002,0.5638941398865784,0.017903197268325823,0.5869565217391304,0.5471014492753623,0.605072463768116,0.5869565217391305,0.49338374291115317
0.0004,0.5686672967863894,0.018351992177311198,0.5996376811594203,0.5434782608695652,0.6123188405797101,0.5869565217391304,0.5009451795841209
0.0006,0.5719754253308128,0.018805014977328817,0.605072463768116,0.5398550724637681,0.6177536231884058,0.5905797101449275,0.5066162570888468
0.0008,0.5719754253308129,0.019246604399326052,0.6014492753623188,0.5380434782608696,0.6231884057971016,0.5905797101449276,0.5066162570888468
0.001,0.5745431632010082,0.019596123133625687,0.6032608695652174,0.536231884057971,0.6268115942028986,0.5960144927536232,0.5103969754253308
0.0012,0.5730938878386893,0.020287274254959447,0.6014492753623188,0.5289855072463769,0.628623188405797,0.5960144927536232,0.5103969754253308
0.0014,0.5738500315059862,0.02120179179086115,0.6014492753623188,0.5217391304347826,0.6340579710144927,0.5978260869565217,0.5141776937618148
0.0016,0.5735034656584752,0.020893759529025207,0.6068840579710144,0.5181159420289855,0.625,0.6014492753623188,0.5160680529300568
0.0018,0.5782608695652174,0.02224885507604643,0.6123188405797102,0.5144927536231884,0.6322463768115941,0.6105072463768116,0.5217391304347826
0.002,0.5793950850661627,0.022013070406782253,0.6123188405797102,0.5126811594202898,0.6322463768115942,0.6123188405797102,0.5274102079395084
0.0022,0.5823251417769376,0.023190924854952923,0.6141304347826088,0.5090579710144927,0.6376811594202898,0.6195652173913043,0.5311909262759924
0.0024,0.5808916194076875,0.023518305952052503,0.6123188405797102,0.5036231884057971,0.6376811594202899,0.6177536231884058,0.5330812854442344
0.0026,0.5787649653434153,0.023857511444017925,0.6086956521739131,0.4945652173913043,0.6358695652173914,0.6159420289855073,0.5387523629489603
0.0028,0.575897920604915,0.02371736024783495,0.6032608695652174,0.4891304347826087,0.6358695652173912,0.6086956521739131,0.5425330812854443
0.003,0.5795841209829867,0.024389272062348567,0.6014492753623188,0.4891304347826087,0.644927536231884,0.6123188405797101,0.5500945179584121
0.0032,0.5818052930056711,0.024458565991393292,0.605072463768116,0.4891304347826087,0.6467391304347826,0.6123188405797101,0.555765595463138
0.0034,0.5800882167611846,0.024246076389727995,0.5978260869565217,0.483695652173913,0.644927536231884,0.6068840579710144,0.5671077504725898
0.0036,0.5804820415879017,0.0257776676181759,0.5996376811594203,0.47644927536231885,0.6485507246376812,0.6068840579710145,0.5708884688090737
0.0038,0.5805135475740391,0.025975404473555817,0.5978260869565217,0.4746376811594203,0.6485507246376812,0.6068840579710145,0.5746691871455576
0.004,0.5805450535601764,0.026393185334777875,0.592391304347826,0.47282608695652184,0.6503623188405796,0.6086956521739131,0.5784499054820416
0.0042,0.5853654694391934,0.027896076923614874,0.5905797101449275,0.47101449275362317,0.6594202898550725,0.6141304347826088,0.5916824196597354
0.0044,0.5901386263390045,0.02934687987743337,0.5996376811594203,0.46739130434782616,0.6630434782608695,0.6213768115942029,0.5992438563327032
0.0046,0.5941871455576558,0.03126749209378827,0.6105072463768115,0.4619565217391305,0.6702898550724636,0.6213768115942029,0.6068052930056711
0.0048,0.5975425330812854,0.030785819272752417,0.6159420289855072,0.4655797101449276,0.6684782608695652,0.6195652173913043,0.6181474480151228
0.005,0.5983301827347195,0.030693570874072314,0.6177536231884058,0.4655797101449275,0.6648550724637681,0.6177536231884058,0.6257088846880907
0.0052,0.5987712665406427,0.030806386660550487,0.6159420289855073,0.4655797101449275,0.6630434782608696,0.6141304347826088,0.6351606805293005
0.0054,0.5981096408317581,0.031925317503857034,0.6159420289855073,0.4601449275362318,0.6612318840579711,0.6105072463768115,0.6427221172022684
0.0056,0.5978260869565217,0.03255631864381922,0.6068840579710144,0.4583333333333333,0.6594202898550724,0.6123188405797102,0.6521739130434783
0.0058,0.5992911153119093,0.034222213440693525,0.6086956521739131,0.4528985507246377,0.6666666666666667,0.6141304347826086,0.6540642722117203
0.006,0.597511027095148,0.03566122057394957,0.6032608695652174,0.44565217391304357,0.6666666666666666,0.6141304347826086,0.6578449905482042
0.0062,0.5968336483931947,0.036315754547728625,0.5978260869565217,0.44384057971014496,0.6666666666666667,0.6123188405797102,0.6635160680529301
0.0064,0.5998109640831757,0.037134488827680945,0.5978260869565217,0.4438405797101449,0.6666666666666666,0.6177536231884058,0.6729678638941399
0.0066,0.6031190926275993,0.03765546247893256,0.605072463768116,0.44384057971014496,0.6666666666666666,0.6213768115942029,0.6786389413988658
0.0068,0.6013232514177694,0.03745312846622196,0.5996376811594203,0.44384057971014496,0.6612318840579711,0.6213768115942029,0.6805293005671078
0.007,0.6032293635790801,0.038643447643017956,0.6014492753623188,0.4420289855072464,0.6594202898550724,0.6213768115942029,0.6918714555765595
0.0072,0.6025677378701955,0.04044765814572865,0.5923913043478262,0.4365942028985507,0.6612318840579711,0.6231884057971014,0.6994328922495274
0.0074,0.6018746061751733,0.0409888678020222,0.588768115942029,0.43478260869565216,0.657608695652174,0.625,0.7032136105860114
0.0076,0.6044265910522999,0.04086552548982176,0.5905797101449275,0.4384057971014492,0.6630434782608695,0.625,0.7051039697542534
0.0078,0.6011814744801512,0.040697970244827374,0.5851449275362318,0.4384057971014492,0.657608695652174,0.6177536231884058,0.7069943289224953
0.008,0.6033868935097668,0.04039349787184456,0.5887681159420289,0.4420289855072464,0.6557971014492754,0.6195652173913043,0.7107750472589792
0.0082,0.6045368620037805,0.04106293998905643,0.5942028985507246,0.44202898550724634,0.6557971014492753,0.6123188405797102,0.718336483931947
0.0084,0.6030718336483931,0.040683870330255195,0.5996376811594203,0.4402173913043478,0.6467391304347826,0.6123188405797102,0.7164461247637052
0.0086,0.6044896030245747,0.038100043268671606,0.5996376811594203,0.4528985507246377,0.6431159420289855,0.6141304347826086,0.7126654064272212
0.0088,0.6030718336483931,0.03809085841675262,0.5960144927536232,0.45471014492753625,0.6394927536231884,0.6086956521739131,0.7164461247637051
0.009,0.6031348456206679,0.03866722631950215,0.5942028985507246,0.45652173913043476,0.6376811594202899,0.6032608695652174,0.724007561436673
0.0092,0.6027882797731569,0.038199062566164836,0.592391304347826,0.4601449275362319,0.6322463768115942,0.6032608695652174,0.7258979206049149
0.0094,0.5998739760554506,0.03793641926625994,0.5851449275362318,0.4601449275362318,0.6286231884057971,0.6014492753623188,0.724007561436673
0.0096,0.5994801512287335,0.03764960070443167,0.5869565217391304,0.4583333333333333,0.6268115942028986,0.605072463768116,0.7202268431001891
0.0098,0.6002362948960303,0.037826460114037175,0.5851449275362319,0.4601449275362319,0.6231884057971014,0.608695652173913,0.724007561436673
0.01,0.6002205419029616,0.036373668500262454,0.5869565217391304,0.46739130434782605,0.6195652173913043,0.605072463768116,0.7221172022684311
0.0102,0.5998582230623818,0.03575751350878628,0.5797101449275361,0.47282608695652173,0.6213768115942029,0.6032608695652174,0.7221172022684309
0.0104,0.600551354757404,0.0345151752136039,0.5797101449275363,0.4782608695652174,0.6231884057971014,0.6032608695652174,0.7183364839319472
0.0106,0.6020006301197227,0.0345356413479902,0.5815217391304348,0.4782608695652174,0.625,0.6068840579710145,0.718336483931947
0.0108,0.5998109640831759,0.03442486693075133,0.5742753623188406,0.4782608695652174,0.6231884057971014,0.6068840579710145,0.7164461247637052
0.011,0.5972117202268431,0.03371054683876886,0.5706521739130435,0.47644927536231885,0.6177536231884059,0.6123188405797102,0.7088846880907372
0.0112,0.5935570258349087,0.03349036236548064,0.5652173913043479,0.47463768115942034,0.608695652173913,0.6141304347826086,0.7051039697542533
0.0114,0.5920919974795211,0.03271342111048344,0.5579710144927537,0.4800724637681159,0.6032608695652174,0.6159420289855072,0.7032136105860113
0.0116,0.5913201008191555,0.031835225212534006,0.5561594202898551,0.48188405797101447,0.6032608695652174,0.6177536231884058,0.6975425330812853
0.0118,0.5902016383112793,0.031180115303233207,0.5543478260869565,0.48369565217391297,0.5996376811594203,0.6195652173913044,0.6937618147448015
0.012,0.5891461877756774,0.031970406609839734,0.5489130434782609,0.48369565217391297,0.5942028985507246,0.6213768115942029,0.6975425330812853
0.0122,0.590957781978576,0.0306751946902118,0.5543478260869565,0.4909420289855072,0.592391304347826,0.6195652173913043,0.6975425330812854
0.0124,0.5919817265280403,0.029086496353654796,0.5543478260869565,0.4963768115942029,0.5960144927536231,0.6231884057971014,0.6899810964083176
0.0126,0.5931001890359169,0.029799192132038573,0.5507246376811594,0.49818840579710144,0.5942028985507246,0.6286231884057972,0.6937618147448016
0.0128,0.5916036546943919,0.028484460833464113,0.5507246376811594,0.5018115942028986,0.5905797101449275,0.6268115942028986,0.6880907372400756
0.013,0.5890044108380591,0.027687318288106253,0.5471014492753623,0.5018115942028986,0.5887681159420289,0.6268115942028984,0.6805293005671078
0.0132,0.5864366729678638,0.026995304457870177,0.5452898550724637,0.5036231884057971,0.5815217391304347,0.6249999999999999,0.6767485822306237
0.0134,0.5853339634530561,0.02676589378816246,0.5416666666666666,0.5054347826086957,0.5797101449275363,0.6249999999999999,0.6748582230623819
0.0136,0.5823724007561436,0.0265204377642971,0.5380434782608695,0.5036231884057971,0.5742753623188406,0.6286231884057971,0.6672967863894139
0.0138,0.5783081285444235,0.02621305998848874,0.5362318840579711,0.49637681159420294,0.5742753623188406,0.6268115942028986,0.6578449905482041
0.014,0.5749369880277253,0.02495479558795659,0.5344202898550725,0.4963768115942029,0.5706521739130433,0.6286231884057971,0.6446124763705103
0.0142,0.575299306868305,0.024131271677990212,0.5289855072463768,0.5036231884057971,0.5742753623188406,0.625,0.6446124763705103
0.0144,0.5742281033396346,0.025080156177274073,0.5271739130434783,0.5,0.5706521739130435,0.6268115942028986,0.6465028355387523
0.0146,0.5742123503465658,0.025056277182689813,0.5235507246376812,0.5036231884057971,0.5688405797101449,0.6304347826086957,0.6446124763705103
0.0148,0.5719754253308129,0.0248597044784243,0.5181159420289856,0.5036231884057971,0.5688405797101449,0.6322463768115942,0.6370510396975425
0.015,0.5719596723377441,0.024507795605060903,0.519927536231884,0.5036231884057971,0.5688405797101449,0.6322463768115942,0.6351606805293005
0.0152,0.5715816005040958,0.025883460993263895,0.519927536231884,0.4963768115942029,0.5688405797101449,0.6394927536231885,0.6332703213610587
0.0154,0.5718966603654694,0.025428965258553888,0.5217391304347826,0.5,0.5652173913043479,0.644927536231884,0.6275992438563327
0.0156,0.5692659105229992,0.02458380220639669,0.5217391304347826,0.5018115942028984,0.5597826086956521,0.6467391304347826,0.6162570888468808
0.0158,0.5700063011972275,0.024182485284290088,0.519927536231884,0.5090579710144928,0.5561594202898551,0.6467391304347826,0.6181474480151229
0.016,0.56854127284184,0.024380416314182533,0.516304347826087,0.5090579710144928,0.5543478260869565,0.6467391304347826,0.6162570888468809
0.0162,0.5655954631379962,0.024399310522496904,0.5126811594202899,0.5090579710144928,0.5489130434782609,0.6467391304347826,0.6105860113421551
0.0164,0.560790800252048,0.02419121653374515,0.516304347826087,0.5036231884057971,0.5380434782608696,0.6467391304347826,0.5992438563327032
0.0166,0.5625551354757403,0.023495454762068074,0.5217391304347826,0.5090579710144927,0.5380434782608696,0.6503623188405797,0.5935727788279773
0.0168,0.5581442974165091,0.02359397036363898,0.5144927536231885,0.5090579710144927,0.532608695652174,0.6485507246376812,0.5860113421550095
0.017,0.5559703843730308,0.023693764713811506,0.5144927536231884,0.5126811594202898,0.519927536231884,0.6467391304347827,0.5860113421550095
0.0172,0.5537492123503466,0.021761203098973315,0.5163043478260869,0.5144927536231884,0.519927536231884,0.6376811594202898,0.5803402646502835
0.0174,0.5533711405166981,0.02048800873077672,0.5144927536231885,0.5235507246376812,0.5181159420289856,0.6322463768115941,0.5784499054820416
0.0176,0.5449117832388154,0.019818259522274603,0.5126811594202898,0.5235507246376812,0.5018115942028986,0.6231884057971014,0.5633270321361059
0.0178,0.5419502205419029,0.02022325541816918,0.5090579710144928,0.5253623188405796,0.4963768115942029,0.6231884057971014,0.555765595463138
0.018,0.5371613106490232,0.020330754509939857,0.5090579710144927,0.5235507246376812,0.4873188405797101,0.6195652173913043,0.546313799621928
0.0182,0.5334436042848141,0.020692305653746027,0.5036231884057971,0.5235507246376812,0.48550724637681164,0.6195652173913043,0.5349716446124764
0.0184,0.5319943289224953,0.020776154286959097,0.5,0.5235507246376812,0.483695652173913,0.6177536231884058,0.5349716446124764
0.0186,0.5287177063642092,0.01967895773137577,0.4963768115942029,0.5235507246376812,0.48188405797101447,0.6086956521739131,0.5330812854442344
0.0188,0.5265280403276622,0.01983933473085837,0.49275362318840576,0.5271739130434783,0.4764492753623188,0.605072463768116,0.5311909262759924
0.019,0.5239287964713297,0.02022759638349434,0.4909420289855072,0.5307971014492754,0.4710144927536232,0.6032608695652174,0.5236294896030247
0.0192,0.5187618147448015,0.021302117316603985,0.483695652173913,0.5289855072463767,0.46557971014492755,0.6032608695652174,0.5122873345935728
0.0194,0.5209672337744171,0.021157347623618924,0.48188405797101447,0.5380434782608696,0.46739130434782605,0.6014492753623188,0.5160680529300568
0.0196,0.5209514807813485,0.02043965268089982,0.4836956521739131,0.5434782608695652,0.4673913043478261,0.5960144927536232,0.5141776937618148
0.0198,0.5202583490863264,0.0227915967422818,0.4836956521739131,0.5416666666666667,0.45471014492753625,0.6032608695652174,0.5179584120982987
0.02,0.5210302457466918,0.02499034483640113,0.47826086956521735,0.5471014492753623,0.447463768115942,0.6086956521739131,0.5236294896030246
0.0202,0.5200063011972273,0.024263588164617843,0.4746376811594202,0.5452898550724637,0.447463768115942,0.6014492753623188,0.5311909262759924
0.0204,0.5178481411468179,0.024003815157049184,0.47101449275362317,0.5434782608695652,0.44565217391304346,0.5960144927536232,0.5330812854442344
0.0206,0.5141934467548834,0.025351126853844462,0.46376811594202894,0.5434782608695652,0.4384057971014493,0.5960144927536232,0.5293005671077504
0.0208,0.5123976055450535,0.025021710248244823,0.4655797101449275,0.5434782608695652,0.43297101449275366,0.588768115942029,0.5311909262759924
0.021,0.5123976055450535,0.026706788376625004,0.46195652173913043,0.5489130434782609,0.427536231884058,0.592391304347826,0.5311909262759924
0.0212,0.5083648393194707,0.026433986130293744,0.45833333333333337,0.5489130434782609,0.42391304347826086,0.5851449275362319,0.5255198487712666
0.0214,0.5083333333333333,0.026519165155843568,0.4601449275362318,0.5561594202898551,0.4221014492753623,0.5815217391304348,0.5217391304347827
0.0216,0.5057498424700693,0.027193955331325743,0.45833333333333326,0.5579710144927537,0.41666666666666663,0.5797101449275363,0.5160680529300568
0.0218,0.5072463768115941,0.027040736459485903,0.46376811594202894,0.556159420289855,0.4148550724637682,0.5797101449275361,0.5217391304347826
0.022,0.5046471329552614,0.02810096422296612,0.46376811594202894,0.556159420289855,0.4076086956521739,0.5815217391304348,0.5141776937618148
0.0222,0.5028040327662255,0.027978332165325238,0.4619565217391304,0.5507246376811594,0.4076086956521739,0.5833333333333333,0.5103969754253308
0.0224,0.5046471329552615,0.027899364602583066,0.4619565217391304,0.5579710144927537,0.4094202898550725,0.5797101449275361,0.5141776937618148
0.0226,0.5079395085066162,0.02776467061719706,0.467391304347826,0.5652173913043478,0.411231884057971,0.5778985507246377,0.5179584120982987
0.0228,0.5120037807183364,0.026898129337629046,0.4728260869565217,0.5634057971014492,0.4166666666666667,0.5797101449275363,0.5274102079395085
0.023,0.5138626339004411,0.027119947692937095,0.47463768115942023,0.5634057971014492,0.4166666666666667,0.5815217391304348,0.5330812854442344
0.0232,0.513169502205419,0.02749759191642812,0.47101449275362317,0.5652173913043479,0.4148550724637681,0.5778985507246377,0.5368620037807184
0.0234,0.512822936357908,0.028365374912678924,0.4692028985507246,0.5652173913043478,0.411231884057971,0.5797101449275363,0.5387523629489603
0.0236,0.5117517328292376,0.02859087436215033,0.47282608695652173,0.5615942028985507,0.4057971014492754,0.5778985507246376,0.5406427221172023
0.0238,0.5117832388153749,0.029687564295395694,0.47282608695652173,0.5634057971014492,0.4003623188405797,0.5778985507246377,0.5444234404536862
0.024,0.5124921235034656,0.02995760902417552,0.47644927536231885,0.5670289855072463,0.39855072463768115,0.5778985507246376,0.5425330812854442
0.0242,0.5150756143667297,0.032241829132047733,0.4746376811594203,0.576086956521739,0.39311594202898553,0.5833333333333333,0.5482041587901701
0.0244,0.5179899180844361,0.03166421044610371,0.4746376811594203,0.5851449275362318,0.4003623188405797,0.5797101449275361,0.5500945179584121
0.0246,0.5187145557655954,0.03148851595030884,0.4692028985507246,0.5869565217391305,0.4057971014492754,0.5815217391304347,0.5500945179584121
0.0248,0.5179584120982987,0.03176492521327207,0.4692028985507246,0.588768115942029,0.40398550724637683,0.5815217391304348,0.5463137996219282
0.025,0.5194391934467548,0.03273111394891512,0.47463768115942023,0.5942028985507246,0.39855072463768115,0.5797101449275363,0.550094517958412
0.0252,0.5175645872715816,0.03458617611563622,0.47644927536231885,0.5960144927536232,0.38768115942028986,0.5851449275362319,0.5425330812854442
0.0254,0.5186830497794581,0.03510902471268249,0.4818840579710144,0.6014492753623188,0.38405797101449274,0.5797101449275361,0.5463137996219282
0.0256,0.5212350346565847,0.03557931691077483,0.48188405797101447,0.6032608695652173,0.3858695652173913,0.5869565217391304,0.54820415879017
0.0258,0.5241965973534971,0.03489110801273324,0.483695652173913,0.6014492753623188,0.3913043478260869,0.588768115942029,0.555765595463138
0.026,0.5230938878386894,0.034996850252286126,0.4800724637681159,0.6014492753623188,0.391304347826087,0.5887681159420289,0.553875236294896
0.0262,0.5220069313169502,0.0364082077072737,0.4818840579710144,0.5996376811594203,0.3822463768115942,0.592391304347826,0.553875236294896
0.0264,0.5230938878386894,0.035566130797516915,0.48188405797101447,0.5978260869565217,0.38768115942028986,0.5942028985507246,0.553875236294896
0.0266,0.5245274102079395,0.03452102001632235,0.48550724637681153,0.5923913043478262,0.3931159420289855,0.5996376811594203,0.551984877126654
0.0268,0.5248582230623817,0.033569954228247274,0.48550724637681153,0.5960144927536232,0.39855072463768115,0.5960144927536232,0.5482041587901701
0.027,0.523408947700063,0.03368428586059253,0.4800724637681159,0.5960144927536232,0.3985507246376811,0.5942028985507246,0.54820415879017
0.0272,0.5227158160050409,0.03386332656776356,0.4782608695652174,0.5942028985507246,0.39673913043478254,0.592391304347826,0.551984877126654
0.0274,0.5208412098298677,0.03365582342106735,0.48007246376811596,0.5942028985507246,0.394927536231884,0.5905797101449275,0.5444234404536862
0.0276,0.5204631379962193,0.03385359187052967,0.47826086956521735,0.5960144927536232,0.39492753623188404,0.5905797101449275,0.5425330812854442
0.0278,0.5189666036546944,0.032592538362768826,0.4764492753623188,0.5978260869565217,0.4003623188405797,0.5833333333333334,0.5368620037807184
0.028,0.5207624448645243,0.03137333922663743,0.4746376811594203,0.6032608695652174,0.41123188405797106,0.5797101449275363,0.5349716446124764
0.0282,0.5178481411468179,0.03119969739130614,0.4746376811594203,0.6032608695652174,0.4076086956521739,0.5706521739130435,0.5330812854442344
0.0284,0.5189035916824196,0.030329294461572922,0.47644927536231885,0.6014492753623188,0.4130434782608695,0.5742753623188406,0.5293005671077504
0.0286,0.516304347826087,0.029811597725687262,0.47282608695652173,0.5978260869565217,0.4148550724637681,0.5742753623188406,0.5217391304347826
0.0288,0.5155639571518588,0.029334387728074493,0.48007246376811596,0.592391304347826,0.41123188405797095,0.5742753623188406,0.5198487712665406
0.029,0.5159735349716446,0.029192446067354987,0.48188405797101447,0.5887681159420289,0.4094202898550724,0.5742753623188406,0.5255198487712665
0.0292,0.5163673597983618,0.02884581141829272,0.48369565217391297,0.5869565217391305,0.40942028985507245,0.572463768115942,0.5293005671077504
0.0294,0.5166981726528042,0.027782179730454045,0.4818840579710145,0.5851449275362319,0.41666666666666663,0.5742753623188406,0.5255198487712665
0.0296,0.5177693761814744,0.0270385026498454,0.48550724637681153,0.5833333333333333,0.42028985507246375,0.5760869565217391,0.5236294896030245
0.0298,0.5199590422180215,0.027656411532599533,0.4873188405797101,0.588768115942029,0.42028985507246375,0.5778985507246377,0.5255198487712665
0.03,0.5213768115942029,0.025912257226343053,0.49818840579710144,0.5869565217391305,0.42572463768115937,0.5742753623188406,0.5217391304347826
0.0302,0.5206049149338374,0.023463718035610377,0.49818840579710144,0.5797101449275363,0.4365942028985507,0.572463768115942,0.5160680529300568
0.0304,0.5209514807813485,0.023804310244467712,0.4981884057971015,0.5778985507246377,0.4365942028985507,0.5778985507246377,0.5141776937618148
0.0306,0.5194391934467549,0.02326083350592047,0.5,0.5760869565217391,0.4384057971014492,0.5760869565217391,0.5066162570888468
0.0308,0.5201638311279143,0.02278264062336883,0.5,0.5797101449275363,0.44202898550724634,0.572463768115942,0.5066162570888469
0.031,0.5175330812854442,0.020975293355069993,0.4963768115942029,0.576086956521739,0.4528985507246377,0.5670289855072463,0.49527410207939504
0.0312,0.5182262129804662,0.022130960539963978,0.49818840579710144,0.5833333333333333,0.45108695652173914,0.5670289855072463,0.4914933837429112
0.0314,0.5149338374291116,0.022417639382727436,0.49637681159420294,0.5778985507246377,0.4456521739130435,0.5670289855072463,0.48771266540642727
0.0316,0.5098298676748583,0.021217958932225073,0.4927536231884058,0.5634057971014492,0.44384057971014496,0.5652173913043478,0.48393194706994336
0.0318,0.507955261499685,0.021382075487265985,0.49637681159420294,0.5615942028985507,0.4420289855072464,0.5634057971014492,0.4763705103969754
0.032,0.5053875236294896,0.02010366585077363,0.4945652173913043,0.5579710144927537,0.4456521739130435,0.5561594202898551,0.47258979206049145
0.0322,0.5075614366729678,0.018636796141669396,0.4963768115942029,0.5543478260869565,0.45652173913043476,0.5579710144927537,0.47258979206049145
0.0324,0.5049306868304978,0.01887381607929658,0.4945652173913043,0.5543478260869565,0.46014492753623193,0.5543478260869565,0.46124763705103977
0.0326,0.5038279773156901,0.01797041076517141,0.4945652173913044,0.5489130434782609,0.463768115942029,0.552536231884058,0.4593572778827978
0.0328,0.5005828607435413,0.016963605301366674,0.48913043478260876,0.5416666666666667,0.4619565217391304,0.548913043478261,0.4612476370510397
0.033,0.49651858853182107,0.016542373960469054,0.4855072463768116,0.5380434782608696,0.4655797101449276,0.5416666666666667,0.45179584120982985
0.0332,0.49357277882797723,0.016330416073806454,0.4855072463768116,0.5289855072463767,0.4655797101449275,0.5416666666666666,0.446124763705104
0.0334,0.49061121613106484,0.016610638945521526,0.48731884057971014,0.5253623188405796,0.46376811594202894,0.5380434782608695,0.4385633270321361
0.0336,0.4899180844360428,0.0147799513982669,0.4873188405797101,0.5217391304347826,0.46739130434782605,0.5307971014492753,0.44234404536862004
0.0338,0.4898865784499056,0.015235784771958168,0.49094202898550726,0.5235507246376812,0.46739130434782605,0.5289855072463767,0.43856332703213613
0.034,0.4917611846250788,0.013223408064887449,0.4945652173913043,0.519927536231884,0.47282608695652173,0.5253623188405797,0.446124763705104
0.0342,0.4928323881537492,0.01267752886305077,0.5018115942028986,0.5144927536231885,0.48007246376811596,0.5235507246376812,0.444234404536862
0.0344,0.4917769376181475,0.01129843495586886,0.5018115942028986,0.5126811594202898,0.4800724637681159,0.5163043478260869,0.44801512287334594
0.0346,0.4907214870825457,0.010361695694935712,0.5,0.5072463768115942,0.4782608695652174,0.5163043478260869,0.45179584120982985
0.0348,0.49256458727158164,0.009497228551632162,0.5,0.5090579710144927,0.483695652173913,0.5144927536231884,0.45557655954631376
0.035,0.4911153119092627,0.009159235058099362,0.5,0.5054347826086956,0.4818840579710145,0.5126811594202898,0.45557655954631376
0.0352,0.48820100819155643,0.008250069722739659,0.5,0.4963768115942029,0.48550724637681164,0.5054347826086957,0.45368620037807184
0.0354,0.48750787649653426,0.007268793577993083,0.5,0.48913043478260865,0.48731884057971014,0.503623188405797,0.4574669187145558
0.0356,0.4915406427221172,0.007425413534322643,0.5090579710144927,0.48731884057971014,0.4909420289855073,0.5072463768115942,0.46313799621928164
0.0358,0.49596723377441715,0.00670194608411833,0.5108695652173914,0.48731884057971014,0.4963768115942029,0.5126811594202898,0.47258979206049145
0.036,0.4974795211090107,0.006279380947919002,0.5144927536231884,0.48188405797101447,0.5018115942028986,0.5090579710144927,0.4801512287334594
0.0362,0.5004410838059231,0.00649862421823095,0.519927536231884,0.4800724637681159,0.5054347826086956,0.5090579710144927,0.4877126654064272
0.0364,0.5004883427851292,0.0066015153679833335,0.519927536231884,0.47644927536231885,0.5036231884057971,0.5090579710144927,0.4933837429111531
0.0366,0.5024102079395085,0.008016078894211433,0.5163043478260869,0.46739130434782605,0.5072463768115942,0.5144927536231884,0.5066162570888468
0.0368,0.5020636420919974,0.009054789721059699,0.5144927536231884,0.463768115942029,0.5018115942028986,0.5217391304347826,0.5085066162570888
0.037,0.5039067422810334,0.010291072408738056,0.5181159420289856,0.4601449275362319,0.5036231884057971,0.5253623188405797,0.5122873345935728
0.0372,0.5046943919344675,0.01122879268762618,0.5144927536231884,0.4565217391304348,0.5054347826086957,0.5271739130434783,0.5198487712665406
0.0374,0.5072463768115942,0.011013539241717865,0.5126811594202898,0.4619565217391305,0.5054347826086957,0.5344202898550725,0.5217391304347826
0.0376,0.5094360428481411,0.01136249314254675,0.5126811594202898,0.463768115942029,0.5072463768115942,0.5398550724637682,0.5236294896030246
0.0378,0.5116414618777567,0.011636342628180377,0.5108695652173912,0.46557971014492755,0.5108695652173914,0.5434782608695653,0.5274102079395085
0.038,0.5120352867044738,0.01260202819253527,0.5144927536231885,0.4583333333333333,0.5181159420289855,0.5380434782608696,0.5311909262759924
0.0382,0.5127914303717707,0.011914608409421983,0.5126811594202899,0.46195652173913043,0.5217391304347826,0.532608695652174,0.5349716446124764
0.0384,0.512822936357908,0.012066245642159265,0.5108695652173914,0.4619565217391304,0.5235507246376812,0.5289855072463768,0.5387523629489603
0.0386,0.5146817895400126,0.012503483139736253,0.5181159420289855,0.46195652173913043,0.519927536231884,0.5289855072463768,0.5444234404536862
0.0388,0.5157687460617518,0.01420681389481838,0.519927536231884,0.45471014492753625,0.5235507246376812,0.5362318840579711,0.5444234404536863
0.039,0.5139886578449906,0.013909912503973465,0.5144927536231884,0.4565217391304348,0.5181159420289856,0.532608695652174,0.5482041587901701
0.0392,0.517296786389414,0.01430407509359241,0.5126811594202898,0.4619565217391304,0.5144927536231884,0.5434782608695652,0.553875236294896
0.0394,0.5180686830497795,0.014538034383427613,0.5054347826086957,0.4655797101449275,0.5163043478260869,0.5434782608695652,0.5595463137996219
0.0396,0.5166351606805293,0.015159019368326202,0.5,0.4655797101449275,0.5108695652173912,0.5452898550724637,0.5614366729678639
0.0398,0.5162885948330183,0.015658465601419144,0.49999999999999994,0.46376811594202894,0.5090579710144928,0.5452898550724637,0.5633270321361059
0.04,0.5156269691241336,0.015806173623882248,0.5072463768115942,0.46376811594202894,0.5036231884057971,0.5326086956521738,0.5708884688090737
0.0402,0.5170919974795212,0.015982605126255236,0.5126811594202899,0.46739130434782605,0.4963768115942029,0.536231884057971,0.5727788279773157
0.0404,0.5185727788279773,0.016585521377454095,0.519927536231884,0.4692028985507246,0.4909420289855072,0.536231884057971,0.5765595463137996
0.0406,0.5182419659735349,0.016985563511982268,0.5181159420289856,0.4692028985507246,0.4909420289855072,0.5326086956521738,0.5803402646502835
0.0408,0.5208097038437303,0.017434420381171552,0.5271739130434783,0.46920289855072467,0.4927536231884058,0.5307971014492754,0.5841209829867675
0.041,0.5233301827347197,0.01681613231819056,0.536231884057971,0.47282608695652173,0.4945652173913043,0.5307971014492754,0.5822306238185255
0.0412,0.5236767485822307,0.016022778054550036,0.5380434782608696,0.48007246376811596,0.49094202898550726,0.5289855072463767,0.5803402646502835
0.0414,0.5273314429741651,0.01757566738492431,0.552536231884058,0.480072463768116,0.48731884057971014,0.5326086956521738,0.5841209829867675
0.0416,0.5288122243226214,0.01725724968346012,0.5507246376811594,0.4836956521739131,0.49094202898550726,0.5307971014492754,0.5879017013232514
0.0418,0.5306553245116572,0.018776066385893363,0.5597826086956521,0.4945652173913043,0.47644927536231885,0.5307971014492754,0.5916824196597354
0.042,0.5270006301197228,0.019136682553410382,0.5597826086956522,0.4891304347826087,0.47282608695652173,0.5253623188405796,0.5879017013232514
0.0422,0.5284656584751103,0.018641690247898877,0.5579710144927537,0.4945652173913043,0.4746376811594203,0.5253623188405796,0.5897920604914934
0.0424,0.5266225582860743,0.018680951033495926,0.5543478260869565,0.4963768115942029,0.46739130434782605,0.5289855072463767,0.5860113421550094
0.0426,0.5251417769376182,0.01942833182566512,0.5579710144927537,0.5,0.4583333333333333,0.5271739130434783,0.5822306238185255
0.0428,0.5236767485822307,0.020869257004381418,0.5634057971014492,0.5,0.4492753623188406,0.5253623188405797,0.5803402646502835
0.043,0.522164461247637,0.019472720707184598,0.5634057971014493,0.496376811594203,0.45471014492753625,0.5235507246376812,0.5727788279773157
0.0432,0.5210932577189666,0.01953842911097063,0.5634057971014492,0.5018115942028986,0.45471014492753614,0.5108695652173914,0.5746691871455576
0.0434,0.5171077504725897,0.020260644532407807,0.556159420289855,0.5036231884057971,0.44565217391304346,0.5054347826086957,0.5746691871455576
0.0436,0.5178954001260239,0.021770720771081248,0.552536231884058,0.5090579710144928,0.4384057971014493,0.5072463768115942,0.5822306238185255
0.0438,0.5153119092627599,0.02192189141689876,0.5543478260869565,0.5108695652173914,0.43478260869565216,0.5,0.5765595463137997
0.044,0.5120667926906112,0.024151834267502198,0.5579710144927537,0.5108695652173912,0.4257246376811594,0.48731884057971014,0.5784499054820416
0.0442,0.5128071833648393,0.025195715521860073,0.5597826086956521,0.5181159420289856,0.4221014492753623,0.4836956521739131,0.5803402646502835
0.0444,0.5149968494013862,0.027064326119024255,0.5706521739130435,0.5217391304347826,0.41666666666666663,0.4836956521739131,0.5822306238185255
0.0446,0.5142722117202269,0.029274007041811365,0.5778985507246377,0.5217391304347826,0.4057971014492754,0.483695652173913,0.5822306238185255
0.0448,0.5131222432262129,0.030828060865299618,0.5869565217391304,0.5235507246376812,0.3967391304347826,0.4836956521739131,0.5746691871455576
0.045,0.5123818525519849,0.031219128886612435,0.588768115942029,0.5271739130434783,0.3967391304347826,0.47644927536231885,0.5727788279773156
0.0452,0.5112633900441084,0.032216515411361085,0.5905797101449275,0.532608695652174,0.3913043478260869,0.47282608695652173,0.5689981096408319
0.0454,0.5086956521739131,0.03284695564697133,0.5869565217391304,0.5380434782608695,0.3858695652173913,0.4673913043478261,0.5652173913043479
0.0456,0.5046628859483302,0.031886699445513124,0.5851449275362319,0.5253623188405797,0.3858695652173913,0.46739130434782616,0.5595463137996219
0.0458,0.5006143667296786,0.032072617271147526,0.5869565217391304,0.5144927536231885,0.3804347826086957,0.4692028985507246,0.5519848771266541
0.046,0.49656584751102706,0.03240951285248321,0.5869565217391305,0.5126811594202898,0.37681159420289856,0.4619565217391305,0.5444234404536862
0.0462,0.49620352867044737,0.033021455483358296,0.5905797101449275,0.5090579710144928,0.375,0.4619565217391305,0.5444234404536862
0.0464,0.49294265910523,0.03458092790178545,0.5942028985507246,0.4963768115942029,0.36594202898550726,0.46376811594202894,0.5444234404536862
0.0466,0.49120982986767486,0.03585803123117765,0.5942028985507246,0.4855072463768116,0.36231884057971014,0.46014492753623193,0.553875236294896
0.0468,0.48935097668557026,0.035074359396865575,0.592391304347826,0.483695652173913,0.3641304347826087,0.4583333333333333,0.5482041587901701
0.047,0.489760554505356,0.034964576339123976,0.588768115942029,0.48007246376811596,0.3641304347826087,0.4619565217391305,0.553875236294896
0.0472,0.4904851921865154,0.03652146815403114,0.5978260869565217,0.47644927536231885,0.3605072463768116,0.46376811594202894,0.553875236294896
0.0474,0.48541272841839955,0.03661075166669973,0.5923913043478262,0.4692028985507246,0.358695652173913,0.4528985507246377,0.553875236294896
0.0476,0.4864996849401386,0.03667794514713951,0.5942028985507246,0.46739130434782616,0.358695652173913,0.4583333333333333,0.553875236294896
0.0478,0.48360113421550094,0.03864722213641914,0.5996376811594203,0.45471014492753625,0.35144927536231885,0.45833333333333337,0.553875236294896
0.048,0.4832545683679899,0.03891742807577619,0.5996376811594203,0.4492753623188406,0.3514492753623188,0.46014492753623193,0.555765595463138
0.0482,0.4814272211720227,0.04003890496896502,0.605072463768116,0.4420289855072464,0.3496376811594203,0.4565217391304348,0.5538752362948961
0.0484,0.4836168872085696,0.039872602374775974,0.6068840579710145,0.4402173913043478,0.35326086956521735,0.4619565217391305,0.555765595463138
0.0486,0.48468809073724,0.038074900170120315,0.5996376811594203,0.4438405797101449,0.35688405797101447,0.4692028985507246,0.553875236294896
0.0488,0.4875866414618777,0.03632534041582209,0.5978260869565217,0.4438405797101449,0.36775362318840576,0.4746376811594203,0.553875236294896
0.049,0.48941398865784497,0.037462502794458154,0.6032608695652174,0.4402173913043478,0.36594202898550726,0.48188405797101447,0.555765595463138
0.0492,0.4905482041587902,0.04075400692284633,0.6123188405797102,0.43297101449275366,0.3550724637681159,0.49094202898550726,0.5614366729678639
0.0494,0.4898393194706995,0.04108074339813415,0.6123188405797101,0.4257246376811594,0.3568840579710145,0.49094202898550726,0.5633270321361059
0.0496,0.48802772526780086,0.040517525012608,0.6032608695652174,0.4221014492753623,0.35507246376811596,0.4963768115942029,0.5633270321361058
0.0498,0.4920604914933836,0.041766704047309394,0.608695652173913,0.42391304347826086,0.3532608695652174,0.5054347826086956,0.5689981096408316
0.05,0.491698172652804,0.04179189553174519,0.605072463768116,0.4257246376811594,0.3496376811594203,0.5090579710144927,0.5689981096408318
0.0502,0.49133585381222433,0.04112957162904136,0.5996376811594203,0.4275362318840579,0.3496376811594203,0.5108695652173914,0.5689981096408318
0.0504,0.49497479521109006,0.04140547935537651,0.6068840579710145,0.42391304347826086,0.3568840579710145,0.5163043478260869,0.5708884688090736
0.0506,0.4949590422180214,0.04005532973141348,0.5996376811594203,0.43115942028985504,0.3568840579710144,0.5181159420289855,0.5689981096408318
0.0508,0.4986137366099558,0.03995871816436245,0.6014492753623188,0.43115942028985504,0.3623188405797101,0.5253623188405797,0.5727788279773157
0.051,0.4996849401386262,0.039118757814799315,0.5978260869565217,0.4347826086956521,0.36413043478260865,0.5307971014492753,0.5708884688090736
0.0512,0.4996849401386263,0.03956256244997918,0.5978260869565217,0.427536231884058,0.3659420289855072,0.536231884057971,0.5708884688090737
0.0514,0.5018746061751733,0.03869115585814054,0.5942028985507246,0.4293478260869565,0.3713768115942029,0.5416666666666666,0.5727788279773157
0.0516,0.49858223062381846,0.039012089348260684,0.588768115942029,0.42028985507246375,0.3695652173913043,0.5452898550724637,0.5689981096408318
0.0518,0.5000157529930688,0.03879556610396065,0.5869565217391305,0.42391304347826086,0.3695652173913043,0.552536231884058,0.5671077504725898
0.052,0.5018588531821047,0.03932107121134628,0.588768115942029,0.4221014492753623,0.3713768115942029,0.556159420289855,0.5708884688090737
0.0522,0.5033238815374921,0.03916415474308186,0.5851449275362319,0.4257246376811594,0.3713768115942029,0.5615942028985508,0.5727788279773156
0.0524,0.5033238815374921,0.03917085800067465,0.5815217391304348,0.42028985507246375,0.375,0.5670289855072463,0.5727788279773157
0.0526,0.5047574039067423,0.038628539992039614,0.5851449275362319,0.42028985507246375,0.3804347826086957,0.5670289855072463,0.5708884688090737
0.0528,0.5091524889729049,0.03798539180142793,0.5833333333333334,0.4293478260869565,0.3840579710144928,0.572463768115942,0.5765595463137996
0.053,0.5127914303717706,0.03880024935655656,0.5905797101449276,0.4402173913043478,0.3786231884057971,0.5760869565217391,0.5784499054820416
0.0532,0.5149180844360428,0.03821370656628389,0.5942028985507246,0.4420289855072464,0.3840579710144928,0.5815217391304348,0.5727788279773157
0.0534,0.5171550094517958,0.03865004088644528,0.5905797101449275,0.443840579710145,0.3840579710144928,0.5869565217391305,0.5803402646502835
0.0536,0.5171865154379331,0.0393998663587002,0.5887681159420289,0.4438405797101449,0.3804347826086957,0.588768115942029,0.5841209829867675
0.0538,0.5193289224952741,0.03963796526571689,0.5942028985507246,0.4402173913043479,0.3858695652173913,0.5960144927536232,0.5803402646502835
0.054,0.5200535601764334,0.03988643908669016,0.5942028985507246,0.4311594202898551,0.3931159420289855,0.6014492753623188,0.5803402646502835
0.0542,0.5200220541902961,0.039184457400453405,0.5905797101449275,0.42934782608695654,0.39855072463768115,0.605072463768116,0.5765595463137996
0.0544,0.5236452425960932,0.03860215200075379,0.5905797101449275,0.43297101449275366,0.40579710144927533,0.6123188405797101,0.5765595463137996
0.0546,0.5258506616257088,0.03760378626255168,0.5887681159420289,0.43297101449275366,0.41485507246376807,0.6123188405797101,0.5803402646502835
0.0548,0.5291587901701323,0.038995734274721985,0.5887681159420289,0.4347826086956522,0.41304347826086957,0.6231884057971014,0.5860113421550094
0.055,0.5308916194076875,0.03646140691987028,0.588768115942029,0.4402173913043479,0.42572463768115937,0.6231884057971014,0.5765595463137996
0.0552,0.5323566477630749,0.03611250847405177,0.5851449275362319,0.4420289855072464,0.42934782608695643,0.6268115942028986,0.5784499054820416
0.0554,0.5334278512917454,0.035391647610291975,0.5815217391304348,0.4420289855072464,0.43659420289855067,0.6304347826086956,0.5765595463137996
0.0556,0.5344833018273472,0.03424886477762294,0.5815217391304347,0.44565217391304346,0.44202898550724634,0.6304347826086956,0.5727788279773156
0.0558,0.5373818525519849,0.03403863933063625,0.5797101449275361,0.45108695652173914,0.44565217391304346,0.6376811594202899,0.5727788279773156
0.056,0.5344833018273472,0.033913756775183594,0.5742753623188406,0.447463768115942,0.4438405797101449,0.6340579710144927,0.5727788279773156
0.0562,0.535192186515438,0.03339299688365362,0.572463768115942,0.44746376811594213,0.4492753623188406,0.6358695652173912,0.5708884688090737
0.0564,0.5362948960302457,0.03324851511564941,0.5706521739130435,0.447463768115942,0.4528985507246377,0.6376811594202898,0.5727788279773156
0.0566,0.5355860113421549,0.032573536107450056,0.5579710144927535,0.4492753623188406,0.4565217391304348,0.6394927536231884,0.5746691871455576
0.0568,0.5384373030875866,0.03272067686224784,0.5634057971014492,0.45108695652173914,0.4619565217391305,0.6467391304347826,0.5689981096408318
0.057,0.5395557655954631,0.03138851287858917,0.556159420289855,0.45471014492753625,0.4692028985507246,0.644927536231884,0.5727788279773156
0.0572,0.5432419659735349,0.030488541548607914,0.5579710144927537,0.45833333333333337,0.47644927536231885,0.6431159420289855,0.5803402646502834
0.0574,0.5439981096408318,0.029617006161828455,0.5561594202898551,0.4619565217391305,0.4782608695652174,0.6394927536231884,0.5841209829867675
0.0576,0.5429111531190925,0.029122929421056338,0.5543478260869565,0.4619565217391305,0.4782608695652174,0.6358695652173914,0.5841209829867674
0.0578,0.5435885318210459,0.027540139214271196,0.5507246376811594,0.46739130434782605,0.48550724637681164,0.6358695652173914,0.5784499054820416
0.058,0.5443131695022053,0.02590667334387613,0.5507246376811594,0.47282608695652173,0.4891304347826087,0.6304347826086957,0.5784499054820416
0.0582,0.5431947069943289,0.024072579563861655,0.556159420289855,0.47282608695652173,0.49275362318840576,0.6195652173913043,0.5746691871455576
0.0584,0.5424700693131695,0.024144928572234336,0.5597826086956521,0.4692028985507246,0.49275362318840576,0.6159420289855073,0.5746691871455576
0.0586,0.5428638941398867,0.023276222972980116,0.5489130434782609,0.47282608695652173,0.49818840579710144,0.6159420289855072,0.5784499054820417
0.0588,0.5420919974795211,0.021777344657827494,0.5489130434782609,0.48007246376811596,0.4963768115942029,0.6123188405797102,0.5727788279773157
0.059,0.5413673597983617,0.022266569004065206,0.5543478260869565,0.4818840579710145,0.4873188405797102,0.6105072463768116,0.5727788279773157
0.0592,0.5384057971014492,0.022611714774261514,0.5507246376811594,0.4764492753623188,0.48731884057971014,0.6123188405797102,0.5652173913043478
0.0594,0.5376181474480152,0.020936037156286776,0.5489130434782609,0.4782608695652174,0.4945652173913043,0.6086956521739131,0.55765595463138
0.0596,0.537271581600504,0.02117002299120098,0.5452898550724637,0.47282608695652173,0.5,0.6086956521739131,0.5595463137996219
0.0598,0.5387208569628229,0.0207447313266081,0.5416666666666666,0.4692028985507246,0.5144927536231884,0.6086956521739131,0.5595463137996219
0.06,0.5343100189035918,0.021483970988768277,0.5416666666666666,0.45833333333333337,0.5144927536231885,0.605072463768116,0.551984877126654
0.0602,0.5310018903591682,0.020949734850573602,0.5344202898550725,0.4565217391304348,0.5163043478260869,0.6014492753623188,0.5463137996219282
0.0604,0.5280875866414618,0.021399495709402538,0.5307971014492754,0.4492753623188406,0.5181159420289856,0.5978260869565217,0.5444234404536863
0.0606,0.5276937618147448,0.02130873547508678,0.532608695652174,0.4456521739130435,0.5253623188405796,0.5942028985507246,0.5406427221172023
0.0608,0.5225267800882167,0.02099723294984089,0.519927536231884,0.44202898550724634,0.532608695652174,0.5887681159420289,0.5293005671077505
0.061,0.522117202268431,0.02127793109043447,0.5181159420289855,0.4420289855072464,0.536231884057971,0.5905797101449275,0.5236294896030245
0.0612,0.5192186515437933,0.02112480482025839,0.5108695652173914,0.4384057971014492,0.5398550724637681,0.5833333333333333,0.5236294896030246
0.0614,0.5152331442974165,0.021665338261732524,0.503623188405797,0.4329710144927537,0.5344202898550725,0.5815217391304348,0.5236294896030245
0.0616,0.5112003780718337,0.022335259992886058,0.503623188405797,0.42391304347826086,0.5344202898550725,0.5760869565217391,0.5179584120982986
0.0618,0.5093100189035915,0.023292891411951257,0.49818840579710144,0.42028985507246375,0.5452898550724637,0.5742753623188406,0.5085066162570888
0.062,0.507104599873976,0.025052206317486114,0.4945652173913043,0.411231884057971,0.552536231884058,0.572463768115942,0.5047258979206048
0.0622,0.5023944549464398,0.02626766696608073,0.4891304347826087,0.40036231884057966,0.5471014492753623,0.5706521739130435,0.5047258979206048
0.0624,0.5005671077504725,0.02523768529044988,0.48913043478260865,0.4021739130434782,0.5416666666666666,0.5670289855072463,0.502835538752363
0.0626,0.49833018273471963,0.026183790882797438,0.4855072463768116,0.39855072463768115,0.5434782608695653,0.5688405797101449,0.49527410207939504
0.0628,0.49540012602394456,0.02603611499113133,0.48369565217391297,0.3967391304347826,0.536231884057971,0.5688405797101449,0.4914933837429112
0.063,0.49538437303087585,0.026500051839434643,0.4818840579710145,0.39673913043478254,0.5362318840579711,0.572463768115942,0.48960302457466925
0.0632,0.49423440453686196,0.02669781832894245,0.48007246376811596,0.39855072463768115,0.5344202898550725,0.576086956521739,0.48204158790170126
0.0634,0.4953213610586012,0.02736387489776918,0.4891304347826087,0.39311594202898553,0.5380434782608696,0.5742753623188406,0.4820415879017013
0.0636,0.4953056080655324,0.026630979678701986,0.49094202898550726,0.39673913043478265,0.5344202898550725,0.5742753623188406,0.48015122873345933
0.0638,0.49823566477630754,0.0268065179636026,0.4927536231884058,0.3985507246376812,0.5398550724637682,0.5760869565217391,0.4839319470699433
0.064,0.4982514177693761,0.02733908596595885,0.49275362318840576,0.394927536231884,0.5434782608695652,0.5742753623188406,0.48582230623818523
0.0642,0.4989287964713296,0.02957795167567137,0.49275362318840576,0.3894927536231884,0.5507246376811594,0.5815217391304348,0.4801512287334594
0.0644,0.5007403906742282,0.029355004954727572,0.5,0.391304347826087,0.548913043478261,0.5833333333333334,0.48015122873345933
0.0646,0.4981726528040328,0.02805350574980913,0.49818840579710144,0.3949275362318841,0.5416666666666666,0.5797101449275363,0.47637051039697537
0.0648,0.49632955261499695,0.02767747176223407,0.5,0.39311594202898553,0.5452898550724639,0.5706521739130435,0.4725897920604915
0.065,0.49740075614366724,0.02742230067356926,0.5072463768115942,0.39492753623188404,0.5434782608695652,0.5706521739130435,0.47069943289224947
0.0652,0.49919659735349714,0.027944285866575738,0.5144927536231885,0.3949275362318841,0.5452898550724637,0.572463768115942,0.46880907372400754
0.0654,0.5025204788909894,0.02759445999863191,0.5144927536231885,0.39855072463768115,0.5471014492753623,0.5760869565217391,0.47637051039697537
0.0656,0.5049936988027726,0.028770594805304254,0.5163043478260869,0.4021739130434782,0.552536231884058,0.5851449275362318,0.46880907372400754
0.0658,0.5046156269691242,0.027659910722147834,0.516304347826087,0.40760869565217395,0.5489130434782609,0.5833333333333334,0.4669187145557656
0.066,0.5060964083175803,0.028069708416692346,0.5181159420289856,0.40579710144927533,0.5507246376811594,0.5851449275362318,0.4706994328922495
0.0662,0.505671077504726,0.0283050470316478,0.5217391304347827,0.4076086956521739,0.5507246376811594,0.5851449275362318,0.46313799621928164
0.0664,0.5063957151858853,0.028167148055597106,0.5271739130434783,0.4076086956521739,0.552536231884058,0.5815217391304348,0.46313799621928164
0.0666,0.5048991808443604,0.029665177280332345,0.5253623188405798,0.40217391304347827,0.5561594202898551,0.5833333333333333,0.4574669187145558
0.0668,0.506364209199748,0.0296827641996985,0.5253623188405797,0.4039855072463768,0.5561594202898551,0.5869565217391304,0.45935727788279773
0.067,0.5093257718966603,0.02865976105573015,0.5217391304347826,0.40942028985507245,0.5652173913043478,0.5833333333333334,0.46691871455576556
0.0672,0.5081915563957151,0.028692717968403694,0.519927536231884,0.411231884057971,0.5670289855072463,0.5815217391304348,0.4612476370510396
0.0674,0.5118935097668557,0.02776668692561959,0.5235507246376812,0.4148550724637681,0.572463768115942,0.5778985507246376,0.47069943289224947
0.0676,0.5133427851291745,0.02717479063083421,0.5235507246376812,0.4202898550724638,0.5742753623188406,0.5778985507246376,0.4706994328922495
0.0678,0.5156112161310649,0.025980992687152097,0.519927536231884,0.42391304347826086,0.5742753623188406,0.5778985507246376,0.4820415879017013
0.068,0.5144612476370509,0.026321989074053063,0.5181159420289855,0.42572463768115937,0.5797101449275363,0.5742753623188405,0.47448015122873344
0.0682,0.5158947700063011,0.02614983943302928,0.5217391304347826,0.4293478260869565,0.5760869565217391,0.5797101449275363,0.47258979206049145
0.0684,0.5133585381222432,0.024963366061966284,0.5217391304347826,0.42934782608695654,0.5688405797101449,0.5742753623188406,0.4725897920604915
0.0686,0.5097353497164462,0.024290324584601248,0.5144927536231884,0.427536231884058,0.5634057971014492,0.5706521739130435,0.4725897920604915
0.0688,0.5082703213610585,0.023979895064528512,0.5054347826086957,0.4311594202898551,0.5742753623188406,0.5597826086956521,0.4706994328922496
0.069,0.5068525519848771,0.023193788158522403,0.5054347826086957,0.4293478260869565,0.572463768115942,0.552536231884058,0.47448015122873344
0.0692,0.5065217391304347,0.021254254426653837,0.5018115942028986,0.4384057971014493,0.5760869565217391,0.5380434782608696,0.4782608695652174
0.0694,0.5028670447385004,0.020914049976745154,0.49818840579710144,0.4384057971014493,0.5760869565217391,0.5271739130434783,0.47448015122873344
0.0696,0.5058601134215501,0.020936037156286773,0.4909420289855072,0.44202898550724645,0.5815217391304348,0.5289855072463768,0.48582230623818523
0.0698,0.5055293005671078,0.0210811000575862,0.4909420289855072,0.4402173913043479,0.5833333333333334,0.5235507246376812,0.48960302457466914
0.07,0.5029930686830497,0.021031006832585124,0.48550724637681153,0.44021739130434784,0.5833333333333334,0.516304347826087,0.48960302457466914
0.0702,0.5030088216761184,0.020943335018872966,0.48550724637681153,0.44021739130434784,0.5833333333333334,0.5144927536231884,0.4914933837429111
0.0704,0.5030560806553245,0.021521314572591207,0.48550724637681153,0.43478260869565216,0.5833333333333334,0.5144927536231885,0.497164461247637
0.0706,0.5008664146187776,0.02215976396198013,0.48007246376811585,0.4329710144927536,0.5851449275362319,0.5108695652173914,0.49527410207939504
0.0708,0.5008821676118462,0.022589829410653392,0.4764492753623188,0.4311594202898551,0.5851449275362319,0.5144927536231885,0.497164461247637
0.071,0.5005513547574039,0.021735534345453757,0.47644927536231885,0.4329710144927536,0.5815217391304348,0.5108695652173912,0.500945179584121
0.0712,0.4995274102079395,0.022127298036719464,0.47826086956521735,0.42391304347826086,0.5760869565217391,0.5108695652173914,0.5085066162570888
0.0714,0.4995589161940769,0.02373038321507327,0.4764492753623188,0.4184782608695652,0.5815217391304348,0.5090579710144928,0.5122873345935728
0.0716,0.4984404536862003,0.02511092715290644,0.47101449275362317,0.4184782608695652,0.5905797101449275,0.5036231884057971,0.5085066162570888
0.0718,0.5002993068683049,0.025844564181495687,0.4692028985507246,0.4184782608695652,0.5942028985507246,0.5054347826086957,0.5141776937618147
0.072,0.5025362318840579,0.025933526256160674,0.46376811594202894,0.4221014492753623,0.5942028985507246,0.5108695652173912,0.5217391304347826
0.0722,0.5088216761184625,0.027492028544851586,0.46195652173913043,0.42391304347826086,0.6014492753623188,0.519927536231884,0.5368620037807184
0.0724,0.5092155009451795,0.027052709984304625,0.46376811594202894,0.42391304347826086,0.5978260869565217,0.519927536231884,0.5406427221172023
0.0726,0.5099716446124763,0.02717832443668331,0.46739130434782605,0.4239130434782608,0.5996376811594203,0.5144927536231884,0.5444234404536862
0.0728,0.5096250787649653,0.028440155447512987,0.46376811594202894,0.42210144927536225,0.605072463768116,0.5108695652173914,0.5463137996219282
0.073,0.5078607435412729,0.0298342674734766,0.45471014492753625,0.4202898550724637,0.6068840579710145,0.5054347826086957,0.5519848771266541
0.0732,0.5082703213610585,0.030584719011218887,0.4492753623188406,0.4202898550724637,0.6068840579710144,0.5072463768115942,0.55765595463138
0.0734,0.5119407687460618,0.030119859514629116,0.45471014492753614,0.42391304347826086,0.6068840579710144,0.5108695652173914,0.5633270321361058
0.0736,0.5123503465658474,0.02987369295876864,0.45471014492753625,0.4257246376811594,0.6032608695652174,0.5090579710144928,0.5689981096408318
0.0738,0.5130907372400757,0.030298845102412778,0.4565217391304348,0.4221014492753623,0.6032608695652174,0.5126811594202899,0.5708884688090737
0.074,0.5141776937618148,0.030818306299658704,0.45833333333333337,0.42028985507246375,0.6068840579710145,0.5144927536231885,0.5708884688090737
0.0742,0.5127441713925646,0.030853534096600996,0.4601449275362318,0.41666666666666674,0.6032608695652174,0.5108695652173914,0.5727788279773157
0.0744,0.5131064902331443,0.0307314579443305,0.4619565217391304,0.41666666666666663,0.6032608695652174,0.5108695652173914,0.5727788279773157
0.0746,0.5127599243856332,0.03212364776991975,0.45652173913043476,0.41304347826086957,0.6068840579710145,0.5126811594202898,0.5746691871455577
0.0748,0.513169502205419,0.03151236072877695,0.4601449275362319,0.4130434782608695,0.5996376811594203,0.5126811594202898,0.5803402646502835
0.075,0.5157372400756144,0.03243891583964695,0.45652173913043476,0.41666666666666663,0.6068840579710144,0.5144927536231885,0.5841209829867675
0.0752,0.5142879647132955,0.03224061302510122,0.4601449275362318,0.41304347826086957,0.6032608695652174,0.5108695652173914,0.5841209829867674
0.0754,0.5142407057340895,0.03224495231553976,0.4601449275362318,0.4094202898550724,0.6032608695652174,0.5199275362318841,0.5784499054820416
0.0756,0.5120667926906112,0.03245420453039337,0.4601449275362318,0.4076086956521739,0.6032608695652174,0.5108695652173912,0.5784499054820417
0.0758,0.5164933837429111,0.03371106360502784,0.463768115942029,0.4039855072463768,0.605072463768116,0.5217391304347826,0.5879017013232514
0.076,0.5139886578449906,0.03299114252557124,0.46557971014492755,0.4039855072463768,0.5960144927536232,0.5126811594202898,0.5916824196597353
0.0762,0.5158160050409577,0.03472376629885155,0.47101449275362317,0.39855072463768115,0.6068840579710145,0.5090579710144928,0.5935727788279772
0.0764,0.5161783238815374,0.03527390003078099,0.47282608695652173,0.39855072463768115,0.6123188405797102,0.5036231884057971,0.5935727788279772
0.0766,0.5177063642091998,0.03573297916679937,0.47282608695652173,0.39855072463768115,0.6086956521739131,0.5054347826086957,0.6030245746691871
0.0768,0.5187460617517329,0.03520744964692507,0.4746376811594203,0.40217391304347827,0.6141304347826086,0.5054347826086957,0.5973534971644613
0.077,0.5195494643982357,0.03505069206855712,0.47644927536231885,0.40217391304347827,0.605072463768116,0.5072463768115941,0.6068052930056711
0.0772,0.5210302457466918,0.03573480975736311,0.47826086956521735,0.4003623188405797,0.6068840579710145,0.5090579710144927,0.610586011342155
0.0774,0.5210459987397605,0.03492943659989787,0.4782608695652174,0.4039855072463768,0.6014492753623188,0.5090579710144928,0.6124763705103969
0.0776,0.5184310018903592,0.03408610639231729,0.4836956521739131,0.40217391304347827,0.6014492753623188,0.5018115942028986,0.6030245746691871
0.0778,0.5188248267170762,0.032606633238584884,0.4873188405797102,0.411231884057971,0.5942028985507246,0.4945652173913043,0.6068052930056711
0.078,0.5181159420289856,0.03194986621021538,0.48550724637681153,0.41304347826086957,0.5869565217391305,0.4963768115942029,0.6086956521739131
0.0782,0.5177378701953371,0.03271023492804204,0.4873188405797101,0.4076086956521739,0.5905797101449276,0.4963768115942029,0.606805293005671
0.0784,0.5188090737240075,0.0325259170495607,0.48913043478260865,0.40942028985507245,0.5942028985507246,0.4963768115942029,0.604914933837429
0.0786,0.5217706364209199,0.03462885268402545,0.4873188405797101,0.4057971014492754,0.6032608695652174,0.5,0.6124763705103969
0.0788,0.5217706364209199,0.033519294018255485,0.49275362318840576,0.4076086956521739,0.5960144927536232,0.5,0.6124763705103969
0.079,0.5192659105229993,0.03317898676076816,0.4945652173913043,0.4057971014492754,0.5833333333333334,0.4963768115942029,0.6162570888468809
0.0792,0.5207466918714555,0.03266850673897294,0.5054347826086956,0.411231884057971,0.5797101449275363,0.4873188405797101,0.6200378071833649
0.0794,0.5232986767485822,0.03288103945311219,0.5126811594202898,0.41304347826086957,0.5833333333333333,0.48550724637681153,0.6219281663516067
0.0796,0.5244013862633901,0.03305904674538484,0.5181159420289855,0.4094202898550725,0.5797101449275363,0.4909420289855072,0.6238185255198487
0.0798,0.524054820415879,0.033362054538191736,0.5217391304347826,0.4057971014492754,0.5742753623188406,0.49275362318840576,0.6257088846880907
0.08,0.5251417769376181,0.032544466726995055,0.5289855072463768,0.4094202898550725,0.5688405797101449,0.4927536231884058,0.6257088846880907
0.0802,0.527284183994959,0.03101526791153505,0.5344202898550724,0.4184782608695652,0.5706521739130435,0.4909420289855072,0.6219281663516067
0.0804,0.5301984877126655,0.030428426933269838,0.5362318840579711,0.4221014492753623,0.5706521739130435,0.4981884057971015,0.6238185255198487
0.0806,0.5283711405166981,0.030110768904798257,0.5380434782608695,0.42028985507246375,0.5634057971014492,0.49818840579710144,0.6219281663516067
0.0808,0.5286862003780718,0.02827384831572706,0.536231884057971,0.4275362318840579,0.5634057971014492,0.49999999999999994,0.6162570888468809
0.081,0.5290327662255828,0.028126479237515056,0.5398550724637681,0.42572463768115937,0.5615942028985508,0.5036231884057971,0.6143667296786389
0.0812,0.5286389413988657,0.028581266188196505,0.5434782608695652,0.42028985507246375,0.5634057971014492,0.5054347826086956,0.610586011342155
0.0814,0.5307813484562066,0.02773656469167724,0.5579710144927537,0.4239130434782608,0.5579710144927537,0.5072463768115942,0.6068052930056711
0.0816,0.5274732199117832,0.027490028199718727,0.5615942028985508,0.4221014492753623,0.5507246376811594,0.5018115942028984,0.6011342155009451
0.0818,0.5281978575929426,0.027395646133071123,0.5634057971014492,0.4221014492753623,0.5489130434782609,0.5054347826086956,0.6011342155009451
0.082,0.5274417139256459,0.027081027152268882,0.5615942028985507,0.42028985507246375,0.5489130434782609,0.5090579710144928,0.5973534971644612
0.0822,0.5259609325771897,0.026784995287849844,0.5652173913043479,0.42028985507246375,0.5434782608695652,0.5072463768115942,0.5935727788279773
0.0824,0.5263232514177694,0.027290280777149314,0.568840579710145,0.41847826086956513,0.5434782608695652,0.5072463768115942,0.5935727788279772
0.0826,0.52559861373661,0.027869364401534032,0.5742753623188406,0.41666666666666663,0.5380434782608696,0.5054347826086957,0.5935727788279773
0.0828,0.5229836168872086,0.027321806981035875,0.5742753623188406,0.41485507246376807,0.5380434782608695,0.5036231884057971,0.5841209829867675
0.083,0.5222589792060491,0.027455886151187044,0.5797101449275361,0.41666666666666663,0.5307971014492754,0.5,0.5841209829867675
0.0832,0.5204001260239446,0.02795315244002249,0.5833333333333333,0.4148550724637681,0.5344202898550725,0.4909420289855072,0.5784499054820417
0.0834,0.5206836798991807,0.0267278169580265,0.5851449275362319,0.4184782608695652,0.536231884057971,0.4945652173913044,0.5689981096408316
0.0836,0.5224952741020793,0.028129708229363136,0.592391304347826,0.4148550724637681,0.5416666666666666,0.4945652173913043,0.5689981096408316
0.0838,0.5216918714555765,0.02765642947829069,0.5960144927536232,0.41666666666666663,0.5416666666666666,0.4945652173913043,0.5595463137996219
0.084,0.5219911783238815,0.028750514855993958,0.6050724637681159,0.41123188405797095,0.5380434782608696,0.5036231884057971,0.5519848771266541
0.0842,0.5223062381852552,0.02995113717833926,0.608695652173913,0.4057971014492753,0.5452898550724639,0.5054347826086956,0.5463137996219282
0.0844,0.51973850031506,0.030513727305645416,0.6068840579710145,0.4003623188405797,0.5452898550724637,0.5036231884057971,0.5425330812854442
0.0846,0.5175015752993068,0.03245736997236898,0.6177536231884058,0.39492753623188404,0.5416666666666666,0.49818840579710144,0.5349716446124764
0.0848,0.5149023314429741,0.0343660662210966,0.6268115942028984,0.3876811594202899,0.5344202898550725,0.49818840579710144,0.5274102079395084
0.085,0.5115626969124134,0.034113006647173205,0.6268115942028984,0.3894927536231884,0.532608695652174,0.4909420289855072,0.5179584120982987
0.0852,0.5137838689350976,0.03374367599565494,0.6268115942028987,0.391304347826087,0.5307971014492754,0.4963768115942029,0.5236294896030247
0.0854,0.5112003780718337,0.034372860494767496,0.6268115942028984,0.38768115942028986,0.532608695652174,0.49094202898550726,0.5179584120982987
0.0856,0.5108065532451166,0.03535037913266975,0.6286231884057971,0.38224637681159424,0.5344202898550725,0.4945652173913043,0.5141776937618147
0.0858,0.5089634530560806,0.035056164434848186,0.6286231884057971,0.38405797101449274,0.5307971014492754,0.4909420289855072,0.5103969754253308
0.086,0.5070730938878387,0.035073984411251126,0.6322463768115942,0.3876811594202898,0.5271739130434783,0.4873188405797101,0.500945179584121
0.0862,0.5052457466918714,0.03501460261164032,0.632246376811594,0.38768115942028986,0.5217391304347827,0.48550724637681153,0.499054820415879
0.0864,0.5037334593572778,0.03443327983814442,0.6322463768115941,0.39311594202898553,0.519927536231884,0.48188405797101447,0.4914933837429112
0.0866,0.5015280403276622,0.034002897390267205,0.6268115942028984,0.391304347826087,0.5217391304347826,0.48007246376811596,0.48771266540642716
0.0868,0.5011657214870825,0.034718262982466455,0.6268115942028984,0.38768115942028986,0.5271739130434783,0.4764492753623188,0.48771266540642716
0.087,0.5007718966603655,0.034205587888376604,0.6213768115942028,0.3894927536231884,0.5362318840579711,0.47282608695652173,0.48393194706994325
0.0872,0.5007876496534343,0.03441514541545606,0.6195652173913043,0.38586956521739135,0.5380434782608696,0.4746376811594203,0.48582230623818523
0.0874,0.49896030245746703,0.034780763663018514,0.6195652173913044,0.38224637681159424,0.5344202898550725,0.4746376811594203,0.4839319470699433
0.0876,0.5007718966603655,0.0349158856566299,0.6195652173913044,0.3822463768115942,0.5398550724637681,0.4782608695652174,0.48393194706994325
0.0878,0.4986137366099559,0.03436555497167543,0.6177536231884058,0.38405797101449274,0.5344202898550725,0.47101449275362317,0.4858223062381853
0.088,0.4949590422180215,0.036220204413203325,0.6231884057971016,0.375,0.5271739130434783,0.4673913043478261,0.4820415879017013
0.0882,0.494234404536862,0.036397490081646465,0.6231884057971016,0.3731884057971015,0.5253623188405796,0.46739130434782605,0.4820415879017013
0.0884,0.491304347826087,0.035920400224370166,0.6195652173913043,0.3731884057971015,0.5217391304347826,0.463768115942029,0.4782608695652174
0.0886,0.49240705734089474,0.03583516541077024,0.6177536231884058,0.37318840579710144,0.5271739130434783,0.46376811594202894,0.4801512287334594
0.0888,0.48982356647763076,0.035777342502570385,0.6141304347826086,0.3695652173913043,0.5253623188405798,0.4655797101449275,0.47448015122873344
0.089,0.4924228103339635,0.03492159233185955,0.6123188405797102,0.3713768115942029,0.5235507246376812,0.47282608695652173,0.4820415879017014
0.0892,0.4916509136735979,0.0356583812992505,0.6159420289855072,0.3713768115942029,0.5253623188405797,0.4692028985507246,0.4763705103969754
0.0894,0.4891304347826087,0.03657446734288374,0.6159420289855072,0.36413043478260865,0.5217391304347826,0.4655797101449275,0.4782608695652174
0.0896,0.48988657844990546,0.03635204861822237,0.6141304347826086,0.36413043478260865,0.5235507246376812,0.4655797101449275,0.48204158790170126
0.0898,0.4902804032766225,0.0351884532670514,0.6105072463768115,0.3695652173913043,0.5235507246376812,0.4619565217391304,0.48582230623818523
0.09,0.49172967863894146,0.034631392287130615,0.6068840579710145,0.3695652173913044,0.5271739130434783,0.4692028985507246,0.48582230623818523
0.0902,0.4913988657844991,0.03444550631499876,0.605072463768116,0.36775362318840576,0.5235507246376812,0.47101449275362317,0.48960302457466914
0.0904,0.4921550094517958,0.033344309486297866,0.5978260869565217,0.3695652173913043,0.5271739130434783,0.47282608695652173,0.4933837429111531
0.0906,0.4903591682419659,0.03366876119617632,0.5960144927536232,0.36594202898550726,0.5253623188405797,0.46920289855072467,0.49527410207939504
0.0908,0.49068998109640827,0.0348824725853628,0.5996376811594203,0.36231884057971014,0.5307971014492754,0.4692028985507246,0.4914933837429111
0.091,0.4922337744171393,0.034394650871279964,0.592391304347826,0.3623188405797102,0.536231884057971,0.46739130434782605,0.5028355387523629
0.0912,0.4915091367359798,0.03428388704675706,0.5887681159420289,0.3623188405797102,0.5398550724637681,0.46376811594202894,0.5028355387523629
0.0914,0.49478575929426594,0.03493021098371207,0.5905797101449275,0.3623188405797102,0.5489130434782609,0.4673913043478261,0.5047258979206048
0.0916,0.4984404536862003,0.035316969591366626,0.5960144927536232,0.36231884057971014,0.5489130434782609,0.4764492753623188,0.5085066162570888
0.0918,0.5021109010712035,0.035143917098888026,0.5978260869565217,0.36594202898550726,0.552536231884058,0.4800724637681159,0.5141776937618148
0.092,0.5068840579710144,0.036251443995604316,0.5996376811594203,0.36413043478260865,0.5634057971014492,0.48550724637681153,0.5217391304347827
0.0922,0.5087114051669818,0.03600201456869191,0.5960144927536232,0.3641304347826087,0.5670289855072463,0.4927536231884058,0.5236294896030245
0.0924,0.5130907372400756,0.03578134443369347,0.5978260869565217,0.3695652173913044,0.5742753623188406,0.4963768115942029,0.5274102079395084
0.0926,0.5149180844360428,0.036841853291727567,0.5978260869565217,0.3659420289855073,0.5815217391304348,0.49999999999999994,0.5293005671077504
0.0928,0.5174385633270322,0.03559701442124812,0.5978260869565217,0.37499999999999994,0.5851449275362319,0.5018115942028986,0.5274102079395084
0.093,0.5200535601764334,0.035809783398613085,0.592391304347826,0.37500000000000006,0.5923913043478262,0.503623188405797,0.5368620037807184
0.0932,0.520778197857593,0.036360784106821455,0.5869565217391305,0.375,0.6032608695652175,0.5018115942028986,0.5368620037807184
0.0934,0.5218966603654694,0.035379181357813615,0.5797101449275361,0.38224637681159424,0.6086956521739131,0.4981884057971014,0.5406427221172022
0.0936,0.5259766855702583,0.03688254023235793,0.5778985507246377,0.3822463768115942,0.6213768115942029,0.4963768115942029,0.551984877126654
0.0938,0.5281978575929427,0.038068521517049,0.5778985507246377,0.37862318840579706,0.6268115942028986,0.49999999999999994,0.55765595463138
0.094,0.5322306238185256,0.03782599301051937,0.5742753623188406,0.38224637681159424,0.6322463768115942,0.5090579710144928,0.5633270321361059
0.0942,0.5366099558916194,0.039324969977588754,0.5724637681159419,0.38224637681159424,0.6467391304347826,0.5144927536231884,0.5671077504725898
0.0944,0.5392249527410208,0.04064096360551411,0.5742753623188406,0.3786231884057971,0.6503623188405797,0.516304347826087,0.5765595463137996
0.0946,0.5428796471329552,0.041427302518678655,0.5742753623188406,0.378623188405797,0.6576086956521738,0.5235507246376812,0.5803402646502835
0.0948,0.5422022684310018,0.04252232354794155,0.5615942028985507,0.37318840579710144,0.661231884057971,0.5289855072463768,0.5860113421550095
0.095,0.5440611216131066,0.04401913737163043,0.5579710144927537,0.3713768115942029,0.6702898550724639,0.5289855072463768,0.5916824196597354
0.0952,0.5455103969754254,0.042956915335698315,0.5597826086956521,0.37681159420289856,0.6684782608695652,0.5307971014492754,0.5916824196597353
0.0954,0.5444549464398236,0.04202896543221294,0.5579710144927537,0.37862318840579706,0.6612318840579711,0.5289855072463768,0.5954631379962193
0.0956,0.545179584120983,0.04329525286184447,0.552536231884058,0.375,0.6684782608695652,0.5344202898550725,0.5954631379962193
0.0958,0.5483931947069943,0.043992695309108036,0.5543478260869565,0.37681159420289856,0.6793478260869565,0.5416666666666667,0.5897920604914934
0.096,0.551039697542533,0.046285151391438316,0.552536231884058,0.3695652173913043,0.6847826086956521,0.5452898550724637,0.6030245746691871
0.0962,0.5529458097038437,0.04713436837645899,0.5543478260869564,0.36775362318840576,0.6847826086956522,0.5434782608695652,0.6143667296786389
0.0964,0.552583490863264,0.04733898185293747,0.5507246376811594,0.36775362318840576,0.6865942028985508,0.5434782608695652,0.6143667296786389
0.0966,0.552930056710775,0.04673844286228254,0.552536231884058,0.3695652173913043,0.6847826086956521,0.5452898550724637,0.6124763705103969
0.0968,0.5544738500315061,0.04689549673558942,0.5507246376811594,0.3713768115942029,0.6829710144927537,0.5434782608695652,0.6238185255198488
0.097,0.5541272841839949,0.047528168440778056,0.5507246376811594,0.3695652173913043,0.6847826086956522,0.5398550724637681,0.6257088846880907
0.0972,0.5563957151858853,0.04723466608361074,0.5489130434782609,0.3768115942028985,0.6847826086956521,0.5344202898550725,0.6370510396975425
0.0974,0.556064902331443,0.047874827907103144,0.5507246376811594,0.375,0.6847826086956522,0.5289855072463768,0.6408317580340265
0.0976,0.5550252047889098,0.04724061605009323,0.5543478260869564,0.37499999999999994,0.673913043478261,0.5253623188405797,0.6465028355387523
0.0978,0.5565059861373661,0.047034926776381214,0.5561594202898551,0.3786231884057971,0.673913043478261,0.5235507246376812,0.6502835538752363
0.098,0.553623188405797,0.04685722637903516,0.552536231884058,0.37681159420289856,0.6666666666666667,0.519927536231884,0.6521739130434783
0.0982,0.5540170132325141,0.04625859588227334,0.5489130434782609,0.38224637681159424,0.6648550724637681,0.5181159420289855,0.6559546313799621
0.0984,0.5510869565217392,0.046394923999343425,0.5543478260869565,0.37681159420289856,0.6594202898550725,0.5126811594202898,0.6521739130434783
0.0986,0.5492911153119093,0.04518658893617106,0.5543478260869565,0.3822463768115941,0.6503623188405797,0.5054347826086957,0.6540642722117201
0.0988,0.5478890989287964,0.04534438786976388,0.5507246376811594,0.3786231884057971,0.6413043478260869,0.5090579710144927,0.6597353497164461
0.099,0.5446439823566478,0.045544555991282855,0.5507246376811594,0.37500000000000006,0.6322463768115941,0.5036231884057971,0.6616257088846881
0.0992,0.5402961562696913,0.04599292157488153,0.5416666666666666,0.3677536231884058,0.6249999999999999,0.5054347826086957,0.6616257088846881
0.0994,0.538468809073724,0.04564075509827507,0.5416666666666666,0.3677536231884058,0.6213768115942029,0.5018115942028986,0.6597353497164461
0.0996,0.5348298676748582,0.04490196292841892,0.5380434782608696,0.3677536231884058,0.6123188405797101,0.49818840579710144,0.6578449905482041
0.0998,0.530072463768116,0.04460084589709482,0.5380434782608696,0.36231884057971014,0.6032608695652174,0.4945652173913043,0.6521739130434783
0.1,0.5260869565217391,0.04459790247143829,0.5235507246376812,0.3605072463768116,0.5996376811594203,0.4945652173913043,0.6521739130434783
0.1002,0.5238815374921234,0.04413876440236637,0.5253623188405797,0.358695652173913,0.5942028985507246,0.4927536231884058,0.6483931947069943
0.1004,0.5206049149338374,0.043633564851243374,0.5181159420289855,0.3586956521739131,0.588768115942029,0.49094202898550726,0.6465028355387523
0.1006,0.5187618147448015,0.043585935090232196,0.5163043478260869,0.3550724637681159,0.5869565217391304,0.49275362318840576,0.6427221172022685
0.1008,0.5132797731568999,0.04279286924930218,0.5108695652173912,0.3532608695652174,0.5778985507246377,0.48731884057971014,0.6370510396975425
0.101,0.5081758034026465,0.04274595147738809,0.5,0.35144927536231885,0.5760869565217391,0.48007246376811596,0.6332703213610585
0.1012,0.5052614996849402,0.04253695167808814,0.49275362318840576,0.35326086956521735,0.5760869565217392,0.47282608695652173,0.6313799621928167
0.1014,0.49940138626339003,0.041439011655992106,0.4800724637681159,0.35144927536231885,0.5670289855072463,0.47463768115942023,0.6238185255198487
0.1016,0.4950063011972275,0.041171149437508894,0.47101449275362317,0.3496376811594203,0.5652173913043479,0.47101449275362317,0.6181474480151229
0.1018,0.48987082545683674,0.04029564266218746,0.46739130434782605,0.34601449275362317,0.5561594202898551,0.4692028985507246,0.6105860113421551
0.102,0.48509766855702574,0.0399337249519612,0.46376811594202894,0.34057971014492755,0.5507246376811594,0.46739130434782605,0.6030245746691871
0.1022,0.4799779458097039,0.0392111041113535,0.45108695652173914,0.338768115942029,0.5416666666666667,0.47101449275362317,0.5973534971644612
0.1024,0.47556710775047256,0.03854606051173628,0.45108695652173914,0.3351449275362319,0.536231884057971,0.4655797101449275,0.5897920604914935
0.1026,0.47010081915563956,0.03866167456274783,0.4438405797101449,0.32971014492753625,0.5289855072463767,0.46195652173913043,0.5860113421550095
0.1028,0.4635003150598614,0.03731937986147759,0.4402173913043478,0.32608695652173914,0.5144927536231885,0.4601449275362319,0.5765595463137996
0.103,0.4609640831758034,0.03722980276619286,0.43297101449275366,0.32608695652173914,0.5090579710144927,0.4601449275362319,0.5765595463137996
0.1032,0.4550567107750473,0.036067746895769345,0.42391304347826086,0.3242753623188406,0.5072463768115942,0.45652173913043476,0.5633270321361059
0.1034,0.4491650913673598,0.03477766127613564,0.4221014492753623,0.32065217391304346,0.49818840579710144,0.4528985507246377,0.5519848771266541
0.1036,0.4451165721487083,0.03398501086355982,0.42028985507246375,0.3188405797101449,0.4945652173913044,0.4474637681159421,0.5444234404536863
0.1038,0.4432577189666037,0.03395438145236691,0.4239130434782609,0.31340579710144933,0.4927536231884058,0.447463768115942,0.5387523629489603
0.104,0.4410680529300567,0.03373242517883746,0.42028985507246375,0.3115942028985507,0.4855072463768116,0.4510869565217391,0.5368620037807184
0.1042,0.4377441713925646,0.03261423992999683,0.4184782608695652,0.3115942028985507,0.48007246376811596,0.4492753623188406,0.5293005671077504
0.1044,0.43514492753623185,0.030775354640785568,0.4257246376811594,0.3134057971014492,0.4692028985507246,0.44565217391304346,0.5217391304347827
0.1046,0.43366414618777566,0.029517539573544187,0.4257246376811594,0.3170289855072464,0.46376811594202894,0.44384057971014496,0.5179584120982987
0.1048,0.43139571518588526,0.028013171574332568,0.4311594202898551,0.31702898550724634,0.45833333333333337,0.44384057971014496,0.5066162570888468
0.105,0.42589792060491494,0.026851820236087634,0.42210144927536236,0.3170289855072464,0.4492753623188406,0.4420289855072464,0.499054820415879
0.1052,0.42440138626339,0.026603166653086086,0.4202898550724638,0.3152173913043478,0.4438405797101449,0.4492753623188406,0.4933837429111531
0.1054,0.42367674858223064,0.026140923193242287,0.4202898550724638,0.31702898550724634,0.4402173913043478,0.447463768115942,0.49338374291115317
0.1056,0.4221959672337744,0.025751054996022545,0.41666666666666663,0.31702898550724634,0.44202898550724634,0.44565217391304346,0.4896030245746692
0.1058,0.421424070573409,0.02451532791385602,0.4166666666666667,0.32065217391304346,0.44021739130434784,0.4456521739130435,0.48393194706994325
0.106,0.4199432892249527,0.02348566394738055,0.4221014492753623,0.322463768115942,0.4329710144927536,0.4420289855072464,0.4801512287334594
0.1062,0.41698172652804033,0.02178370679773243,0.42391304347826086,0.32608695652173914,0.4257246376811594,0.4365942028985508,0.4725897920604915
0.1064,0.4136105860113422,0.020170099352589503,0.4221014492753623,0.3278985507246377,0.4202898550724638,0.43840579710144933,0.45935727788279773
0.1066,0.41173597983616883,0.02034149537663469,0.42391304347826086,0.3242753623188406,0.4166666666666667,0.44202898550724634,0.45179584120982985
0.1068,0.40688405797101457,0.019875425937213913,0.4221014492753623,0.3188405797101449,0.4221014492753623,0.4365942028985507,0.4347826086956522
0.107,0.40322936357907996,0.01946609279433777,0.4221014492753623,0.3170289855072464,0.41485507246376807,0.43115942028985504,0.43100189035916825
0.1072,0.4032136105860113,0.020164783669214863,0.4221014492753623,0.3134057971014492,0.42028985507246375,0.43115942028985504,0.42911153119092627
0.1074,0.4013232514177695,0.019274756187282215,0.4221014492753623,0.31521739130434784,0.42391304347826086,0.42572463768115937,0.41965973534971646
0.1076,0.40132325141776937,0.019315577272917384,0.4257246376811594,0.31521739130434784,0.4184782608695652,0.427536231884058,0.41965973534971646
0.1078,0.40168557025834906,0.019006381426968807,0.42391304347826086,0.31702898550724634,0.4184782608695652,0.42934782608695654,0.41965973534971646
0.108,0.3991493383742911,0.019271913242862943,0.4257246376811594,0.3134057971014492,0.4130434782608696,0.42391304347826086,0.41965973534971646
0.1082,0.39839319470699436,0.01986305634122834,0.42391304347826086,0.30978260869565216,0.4184782608695652,0.42391304347826086,0.41587901701323254
0.1084,0.39436042848141145,0.019780934979097515,0.41847826086956524,0.30615942028985504,0.4166666666666667,0.42028985507246375,0.4102079395085066
0.1086,0.3943604284814115,0.019780934979097508,0.41847826086956524,0.3061594202898551,0.4166666666666667,0.4202898550724638,0.4102079395085066
0.1088,0.3936042848141147,0.02064781043774966,0.42391304347826086,0.302536231884058,0.4094202898550725,0.4257246376811594,0.40642722117202273
0.109,0.3928796471329553,0.021342718705213894,0.4257246376811594,0.29891304347826086,0.4076086956521739,0.4257246376811594,0.40642722117202273
0.1092,0.396471329552615,0.020207272439043553,0.4275362318840579,0.30797101449275366,0.4166666666666667,0.427536231884058,0.40264650283553877
0.1094,0.3950063011972275,0.02157955366778761,0.4257246376811594,0.3007246376811594,0.4166666666666667,0.4311594202898551,0.4007561436672968
0.1096,0.3957309388783869,0.02184866199390502,0.4329710144927536,0.3007246376811594,0.4148550724637682,0.42934782608695654,0.4007561436672968
0.1098,0.3960617517328292,0.021383927697939585,0.43478260869565216,0.30434782608695654,0.4130434782608695,0.43115942028985504,0.39697542533081287
0.11,0.3942501575299307,0.02220390492046003,0.43297101449275366,0.29891304347826086,0.4094202898550725,0.43297101449275366,0.39697542533081287
0.1102,0.3945967233774417,0.022542058615075446,0.4365942028985507,0.29891304347826086,0.40760869565217395,0.4347826086956522,0.3950850661625709
0.1104,0.3928166351606805,0.02255107286646327,0.4329710144927536,0.29528985507246375,0.40760869565217395,0.42934782608695654,0.39886578449905485
0.1106,0.39754253308128545,0.023244761283712907,0.4438405797101449,0.29891304347826086,0.4076086956521739,0.4365942028985507,0.4007561436672968
0.1108,0.396817895400126,0.023550466476848008,0.44565217391304346,0.2971014492753623,0.4057971014492754,0.43478260869565216,0.40075614366729684
0.111,0.39716446124763705,0.02389959672839798,0.4510869565217391,0.2971014492753623,0.4057971014492754,0.43297101449275366,0.3988657844990548
0.1112,0.3978890989287965,0.024416535553648314,0.46014492753623193,0.2971014492753623,0.4076086956521739,0.4257246376811594,0.39886578449905485
0.1114,0.39752678008821674,0.024448959894427722,0.46195652173913043,0.2971014492753623,0.4076086956521739,0.4221014492753623,0.39886578449905485
0.1116,0.4000787649653434,0.025555487884188093,0.4619565217391304,0.2934782608695652,0.41304347826086957,0.43115942028985504,0.4007561436672968
0.1118,0.4015437933207309,0.0261308586349334,0.46376811594202894,0.29166666666666663,0.4202898550724638,0.4293478260869565,0.40264650283553877
0.112,0.4004253308128544,0.026116318948722878,0.46376811594202894,0.29166666666666663,0.4166666666666667,0.43115942028985504,0.39886578449905485
0.1122,0.4007403906742281,0.02548736331568987,0.4655797101449275,0.29710144927536225,0.4148550724637681,0.4329710144927536,0.39319470699432896
0.1124,0.40545053560176425,0.026021985840900198,0.47282608695652173,0.30072463768115937,0.4257246376811594,0.4347826086956521,0.3931947069943289
0.1126,0.40910522999369886,0.026154902701026526,0.4782608695652174,0.3043478260869565,0.427536231884058,0.4384057971014492,0.39697542533081287
0.1128,0.41017643352236927,0.025649884190121,0.48188405797101447,0.30978260869565216,0.427536231884058,0.4365942028985507,0.3950850661625709
0.113,0.4090264650283554,0.02759542223212556,0.48550724637681153,0.3025362318840579,0.42934782608695654,0.44021739130434784,0.38752362948960306
0.1132,0.4089634530560806,0.028397796123926365,0.4909420289855072,0.3043478260869565,0.4221014492753623,0.447463768115942,0.3799621928166352
0.1134,0.4130119722747322,0.027651458076630553,0.4963768115942029,0.3134057971014492,0.4148550724637681,0.45289855072463764,0.38752362948960306
0.1136,0.40782923755513545,0.02789423544062322,0.4963768115942029,0.3134057971014492,0.40760869565217395,0.447463768115942,0.3742911153119093
0.1138,0.4107592942659105,0.027895512926762726,0.49818840579710144,0.3170289855072464,0.4057971014492754,0.4547101449275362,0.3780718336483932
0.114,0.40957781978575925,0.02780494758505082,0.49818840579710144,0.322463768115942,0.4057971014492754,0.4547101449275362,0.36672967863894135
0.1142,0.4113579080025205,0.028296415256608337,0.5018115942028986,0.32608695652173914,0.40760869565217395,0.45833333333333326,0.3629489603024575
0.1144,0.41064902331442976,0.027946241265034106,0.5018115942028986,0.3260869565217391,0.4057971014492754,0.45471014492753625,0.3648393194706995
0.1146,0.41394139886578457,0.027495888005268605,0.5054347826086957,0.3315217391304348,0.40942028985507245,0.45471014492753625,0.3686200378071834
0.1148,0.41904536862003783,0.028582888032833934,0.5163043478260869,0.3351449275362319,0.411231884057971,0.46014492753623193,0.3724007561436673
0.115,0.41827347195967235,0.029585962968922262,0.5217391304347826,0.3369565217391304,0.4057971014492754,0.4601449275362319,0.3667296786389414
0.1152,0.4207939508506616,0.029122198309168873,0.5271739130434783,0.3496376811594203,0.40398550724637683,0.4583333333333333,0.3648393194706995
0.1154,0.4252047889098929,0.028111820599881442,0.5289855072463767,0.35688405797101447,0.40760869565217384,0.46014492753623193,0.3724007561436673
0.1156,0.42844990548204154,0.028775528089323963,0.5344202898550725,0.3623188405797101,0.4094202898550724,0.46557971014492755,0.3705103969754253
0.1158,0.4269533711405168,0.029551192490851298,0.5344202898550725,0.3605072463768116,0.40760869565217395,0.46739130434782616,0.3648393194706994
0.116,0.4272999369880277,0.02954619050338566,0.5344202898550725,0.36413043478260865,0.4057971014492754,0.46920289855072467,0.3629489603024575
0.1162,0.42945809703843735,0.03057022928810416,0.5398550724637681,0.36775362318840576,0.40398550724637683,0.47463768115942034,0.3610586011342155
0.1164,0.4305450535601764,0.0314524860819846,0.5452898550724637,0.3695652173913043,0.4003623188405797,0.4764492753623189,0.3610586011342155
0.1166,0.43489287964713297,0.031692270641643205,0.5489130434782609,0.36775362318840576,0.41847826086956524,0.47826086956521735,0.3610586011342155
0.1168,0.43856332703213613,0.03138477787389261,0.5507246376811594,0.3713768115942029,0.4202898550724638,0.483695652173913,0.3667296786389414
0.117,0.43966603654694386,0.030840771948588353,0.5489130434782608,0.3713768115942029,0.4257246376811594,0.48369565217391297,0.36862003780718333
0.1172,0.440752993068683,0.03174899508548331,0.552536231884058,0.3713768115942028,0.42210144927536236,0.48913043478260865,0.36862003780718344
0.1174,0.4399968494013863,0.032261048306640526,0.556159420289855,0.3713768115942029,0.4239130434782609,0.4836956521739131,0.3648393194706995
0.1176,0.44327347195967237,0.032387145419368546,0.5579710144927535,0.37318840579710144,0.42934782608695654,0.48913043478260865,0.3667296786389414
0.1178,0.44617202268431005,0.03258960078228809,0.5579710144927535,0.37681159420289856,0.4311594202898551,0.49818840579710144,0.3667296786389414
0.118,0.4479521109010712,0.033234853746359275,0.5579710144927535,0.3786231884057971,0.4347826086956522,0.5054347826086956,0.3629489603024575
0.1182,0.44823566477630755,0.03464181961923005,0.5615942028985507,0.3804347826086956,0.43840579710144933,0.5072463768115942,0.3534971644612476
0.1184,0.4518588531821046,0.035148704238728304,0.5652173913043478,0.38405797101449274,0.4438405797101449,0.5126811594202899,0.3534971644612477
0.1186,0.4510869565217391,0.036148454670251934,0.5670289855072463,0.3822463768115941,0.44565217391304346,0.5126811594202898,0.34782608695652173
0.1188,0.45363894139886585,0.03626847827342844,0.5688405797101449,0.38586956521739135,0.44565217391304357,0.5181159420289855,0.3497164461247637
0.119,0.4558286074354127,0.03625214769917207,0.5652173913043478,0.38586956521739124,0.4492753623188405,0.5271739130434783,0.35160680529300564
0.1192,0.4551039697542533,0.03488221363179563,0.5597826086956521,0.38949275362318836,0.45289855072463764,0.5217391304347826,0.3516068052930057
0.1194,0.45652173913043476,0.03564377773173443,0.5597826086956521,0.39311594202898553,0.4528985507246377,0.5289855072463768,0.34782608695652173
0.1196,0.45729363579080023,0.034407395940300116,0.556159420289855,0.3949275362318841,0.4528985507246377,0.5289855072463768,0.3534971644612477
0.1198,0.4587271581600504,0.035132805314474734,0.5579710144927537,0.39492753623188404,0.45652173913043476,0.5326086956521738,0.3516068052930057
0.12,0.46197227473219915,0.0347233232069631,0.5561594202898551,0.4057971014492754,0.46195652173913043,0.5362318840579711,0.3497164461247637
0.1202,0.4660365469439194,0.03341194158536546,0.5561594202898551,0.40760869565217395,0.47101449275362317,0.5362318840579711,0.3591682419659735
0.1204,0.4675173282923756,0.03324213453655348,0.5561594202898551,0.4057971014492754,0.4746376811594203,0.5380434782608695,0.3629489603024574
0.1206,0.46824196597353496,0.03280270526374868,0.5543478260869565,0.40942028985507245,0.4764492753623189,0.5380434782608695,0.36294896030245744
0.1208,0.46819470699432897,0.03312898562416004,0.5489130434782609,0.41666666666666663,0.47282608695652173,0.5452898550724637,0.35727788279773154
0.121,0.4704316320100819,0.031726102534583064,0.5452898550724637,0.42028985507246375,0.4746376811594203,0.5471014492753623,0.3648393194706994
0.1212,0.47443289224952734,0.0313001356464257,0.5489130434782609,0.4293478260869565,0.48007246376811596,0.5471014492753623,0.3667296786389414
0.1214,0.47660680529300564,0.032275080350073995,0.5507246376811594,0.42391304347826086,0.49094202898550726,0.5507246376811594,0.36672967863894135
0.1216,0.47774102079395087,0.031671748875619424,0.5489130434782609,0.4221014492753623,0.4927536231884058,0.5525362318840579,0.3724007561436673
0.1218,0.4784341524889729,0.03242264792051959,0.5543478260869565,0.4239130434782609,0.4945652173913043,0.5507246376811594,0.36862003780718333
0.122,0.4792060491493384,0.03133251709172188,0.552536231884058,0.4257246376811595,0.49275362318840576,0.5507246376811594,0.3742911153119093
0.1222,0.4784814114681789,0.031351965998705905,0.5543478260869565,0.4221014492753623,0.4963768115942029,0.5452898550724637,0.3742911153119093
0.1224,0.481758034026465,0.03147473718099709,0.5579710144927537,0.4257246376811594,0.5018115942028984,0.5471014492753623,0.37618147448015116
0.1226,0.4824826717076244,0.03197024515820914,0.5634057971014492,0.4257246376811594,0.5,0.5471014492753623,0.37618147448015116
0.1228,0.4851291745431633,0.029708803470588636,0.5561594202898551,0.4257246376811595,0.5072463768115942,0.5471014492753624,0.389413988657845
0.123,0.4865469439193447,0.030955937287566085,0.5597826086956521,0.4257246376811595,0.5108695652173914,0.5507246376811594,0.385633270321361
0.1232,0.49132010081915567,0.030430659807041415,0.5579710144927535,0.427536231884058,0.5235507246376813,0.5543478260869565,0.39319470699432896
0.1234,0.4921077504725898,0.02966424035690864,0.5652173913043478,0.4257246376811594,0.5217391304347827,0.5471014492753623,0.4007561436672968
0.1236,0.4925015752993069,0.02951324323478752,0.5652173913043478,0.42391304347826086,0.5181159420289856,0.5507246376811594,0.4045368620037807
0.1238,0.4932104599873976,0.029036782405445178,0.5652173913043478,0.4311594202898551,0.5163043478260869,0.5507246376811594,0.40264650283553877
0.124,0.4954631379962192,0.028572695277412262,0.5652173913043478,0.427536231884058,0.5181159420289856,0.5543478260869565,0.4120982986767486
0.1242,0.5002520478890988,0.02767691407011466,0.5652173913043478,0.4311594202898551,0.5253623188405797,0.5579710144927537,0.4215500945179584
0.1244,0.5014335223692502,0.02604689070175333,0.5670289855072463,0.43297101449275366,0.5181159420289856,0.5561594202898551,0.43289224952741023
0.1246,0.5032923755513548,0.025534045853768703,0.5652173913043478,0.43297101449275366,0.5217391304347826,0.5579710144927537,0.4385633270321361
0.1248,0.5051039697542533,0.026032567217169997,0.5670289855072463,0.43297101449275366,0.5271739130434783,0.5597826086956521,0.43856332703213613
0.125,0.5051512287334593,0.025232957243453,0.5688405797101449,0.43297101449275366,0.5235507246376812,0.556159420289855,0.444234404536862
0.1252,0.5062696912413358,0.024201033629630615,0.5706521739130435,0.4384057971014493,0.519927536231884,0.5543478260869565,0.44801512287334594
0.1254,0.5110743541272842,0.023192574828645063,0.572463768115942,0.4420289855072464,0.5253623188405797,0.5561594202898551,0.45935727788279773
0.1256,0.5117832388153749,0.023232792748073584,0.5742753623188406,0.4438405797101449,0.5307971014492754,0.552536231884058,0.4574669187145558
0.1258,0.515107120352867,0.022510331483377017,0.5742753623188406,0.447463768115942,0.5307971014492754,0.5579710144927537,0.46502835538752363
0.126,0.5192028985507247,0.021426495933734,0.5742753623188406,0.4492753623188406,0.5344202898550725,0.5597826086956521,0.47826086956521735
0.1262,0.5199590422180214,0.02026510484243483,0.572463768115942,0.4528985507246377,0.536231884057971,0.556159420289855,0.48204158790170126
0.1264,0.5181789540012602,0.020610061714009992,0.5742753623188406,0.447463768115942,0.5289855072463767,0.5543478260869565,0.48582230623818523
0.1266,0.5171550094517958,0.02036726642938822,0.5742753623188406,0.4438405797101449,0.5235507246376812,0.5507246376811594,0.49338374291115306
0.1268,0.5175330812854442,0.021037785771701952,0.5797101449275363,0.44202898550724634,0.5217391304347826,0.548913043478261,0.4952741020793951
0.127,0.5168557025834908,0.018380023640674134,0.5778985507246377,0.45289855072463764,0.5163043478260869,0.536231884057971,0.500945179584121
0.1272,0.5180214240705734,0.016753638071624163,0.572463768115942,0.4565217391304348,0.5181159420289856,0.5326086956521738,0.5103969754253308
0.1274,0.5191713925645873,0.01692967649581091,0.5742753623188406,0.4565217391304348,0.5144927536231884,0.532608695652174,0.5179584120982986
0.1276,0.5206521739130434,0.016393476194868896,0.5742753623188406,0.4601449275362318,0.5144927536231884,0.532608695652174,0.5217391304347826
0.1278,0.5210775047258979,0.016574867823148928,0.5760869565217391,0.4601449275362318,0.5144927536231885,0.5253623188405797,0.5293005671077504
0.128,0.5199905482041588,0.016121207039272348,0.5742753623188406,0.46195652173913043,0.5108695652173914,0.523550724637681,0.5293005671077504
0.1282,0.5207309388783868,0.016104542995943043,0.572463768115942,0.46014492753623193,0.5163043478260869,0.5235507246376812,0.5311909262759924
0.1284,0.5207939508506616,0.017664058085881035,0.5742753623188406,0.4528985507246377,0.5181159420289855,0.519927536231884,0.5387523629489603
0.1286,0.5226685570258349,0.01862226868119022,0.5742753623188406,0.4492753623188406,0.5163043478260869,0.5271739130434783,0.5463137996219282
0.1288,0.52236925015753,0.01934956240393421,0.5742753623188406,0.447463768115942,0.5144927536231885,0.5217391304347826,0.5538752362948961
0.129,0.5246061751732829,0.02044986795130449,0.5797101449275363,0.447463768115942,0.5163043478260869,0.5181159420289855,0.5614366729678638
0.1292,0.5249842470069314,0.02060112567744824,0.5797101449275363,0.447463768115942,0.5144927536231884,0.519927536231884,0.5633270321361058
0.1294,0.5250315059861373,0.02119802025914569,0.5760869565217391,0.4438405797101449,0.5163043478260869,0.519927536231884,0.5689981096408318
0.1296,0.5217863894139887,0.022860731383502076,0.5760869565217391,0.4347826086956522,0.5126811594202898,0.5144927536231884,0.5708884688090737
0.1298,0.5221802142407057,0.0241081183154916,0.5797101449275363,0.4311594202898551,0.5126811594202898,0.5126811594202898,0.5746691871455576
0.13,0.522211720226843,0.02593965540555848,0.5815217391304347,0.4221014492753623,0.5144927536231884,0.5144927536231884,0.5784499054820416
0.1302,0.5218809073724009,0.02704546594701494,0.5833333333333333,0.4184782608695652,0.5144927536231884,0.5108695652173914,0.5822306238185255
0.1304,0.5233774417139256,0.027545164941547476,0.5833333333333334,0.4184782608695652,0.5163043478260869,0.5108695652173912,0.5879017013232514
0.1306,0.5219281663516068,0.027716285349649827,0.5815217391304348,0.41666666666666663,0.5144927536231884,0.5090579710144927,0.5879017013232514
0.1308,0.5211877756773786,0.027505808556548435,0.5833333333333333,0.4184782608695652,0.5108695652173912,0.5072463768115942,0.5860113421550094
0.131,0.5230466288594833,0.028184183495619845,0.5851449275362319,0.4184782608695652,0.5126811594202898,0.5072463768115942,0.5916824196597353
0.1312,0.5216131064902331,0.028990648772779442,0.5869565217391304,0.41666666666666663,0.5090579710144927,0.5018115942028984,0.5935727788279773
0.1314,0.5223062381852551,0.028896274732483913,0.5887681159420289,0.4148550724637681,0.5072463768115941,0.5108695652173914,0.5897920604914932
0.1316,0.5230623818525519,0.028871213114427672,0.5851449275362318,0.41485507246376807,0.5090579710144927,0.5126811594202898,0.5935727788279772
0.1318,0.5223692501575299,0.029673780534728206,0.5833333333333334,0.41123188405797095,0.5072463768115941,0.5126811594202898,0.5973534971644612
0.132,0.5238342785129173,0.030141495532884928,0.5869565217391304,0.41123188405797095,0.5072463768115942,0.5144927536231884,0.5992438563327032
0.1322,0.5260081915563957,0.029500821532225732,0.5869565217391304,0.4148550724637681,0.5090579710144927,0.519927536231884,0.5992438563327032
0.1324,0.5281663516068054,0.02793668497567447,0.5851449275362318,0.4221014492753623,0.5144927536231884,0.5217391304347826,0.5973534971644612
0.1326,0.5292533081285444,0.027908272123347927,0.5869565217391304,0.42391304347826086,0.5090579710144927,0.5289855072463768,0.5973534971644612
0.1328,0.530718336483932,0.02814337352436413,0.5887681159420289,0.42391304347826086,0.5126811594202898,0.5289855072463768,0.5992438563327032
0.133,0.5296156269691241,0.028647570451516252,0.592391304347826,0.4221014492753623,0.5090579710144927,0.5271739130434783,0.5973534971644612
0.1332,0.5299464398235665,0.02694022878014671,0.5887681159420289,0.4293478260869565,0.5072463768115942,0.5307971014492754,0.5935727788279773
0.1334,0.5306710775047259,0.02688432399645337,0.5887681159420289,0.42934782608695654,0.5090579710144927,0.5326086956521738,0.5935727788279772
0.1336,0.5306553245116572,0.02622125705456293,0.5869565217391304,0.43115942028985504,0.5108695652173914,0.5326086956521738,0.5916824196597352
0.1338,0.5339319470699433,0.025200834598441996,0.5869565217391304,0.4384057971014492,0.5144927536231884,0.536231884057971,0.5935727788279772
0.134,0.5368935097668557,0.025988243154948572,0.5887681159420289,0.4402173913043478,0.5108695652173914,0.5434782608695652,0.6011342155009451
0.1342,0.5416036546943919,0.024983049115059167,0.592391304347826,0.4492753623188405,0.5126811594202898,0.552536231884058,0.6011342155009451
0.1344,0.5455891619407687,0.024728390011658035,0.5960144927536232,0.4547101449275362,0.5126811594202898,0.5634057971014492,0.6011342155009451
0.1346,0.5448015122873345,0.024202179996870018,0.5960144927536232,0.4547101449275362,0.5126811594202898,0.5670289855072463,0.5935727788279773
0.1348,0.5440453686200378,0.02418350118509416,0.5942028985507246,0.4547101449275362,0.5090579710144927,0.572463768115942,0.5897920604914935
0.135,0.5454946439823567,0.024927394072264204,0.5996376811594203,0.4547101449275362,0.5072463768115942,0.5760869565217391,0.5897920604914935
0.1352,0.5491335853812225,0.025394121903756818,0.6068840579710144,0.4565217391304348,0.5108695652173914,0.5797101449275363,0.5916824196597354
0.1354,0.5476685570258348,0.026038676865809674,0.608695652173913,0.45471014492753625,0.5054347826086956,0.5797101449275363,0.5897920604914934
0.1356,0.5494959042218021,0.026294596672598664,0.6141304347826086,0.4583333333333333,0.503623188405797,0.5797101449275363,0.5916824196597353
0.1358,0.5509609325771897,0.02737447786758076,0.6159420289855072,0.45289855072463775,0.5072463768115941,0.5851449275362319,0.5935727788279773
0.136,0.5539067422810333,0.028858147018093975,0.6231884057971014,0.45108695652173914,0.5072463768115941,0.588768115942029,0.5992438563327032
0.1362,0.553528670447385,0.029658234978903103,0.6322463768115942,0.45108695652173914,0.503623188405797,0.5833333333333334,0.5973534971644613
0.1364,0.5524417139256459,0.030488675033591144,0.6358695652173912,0.4456521739130435,0.5054347826086956,0.5778985507246377,0.5973534971644612
0.1366,0.5528040327662256,0.030378474723332105,0.6358695652173912,0.4456521739130435,0.5072463768115942,0.5778985507246377,0.5973534971644612
0.1368,0.5535601764335224,0.031908837513379806,0.6413043478260869,0.4456521739130435,0.49818840579710144,0.5815217391304348,0.6011342155009451
0.137,0.5546313799621927,0.03180997486570359,0.644927536231884,0.45108695652173914,0.4945652173913043,0.5833333333333334,0.5992438563327032
0.1372,0.5571991178323881,0.032982136051552056,0.6485507246376812,0.4528985507246377,0.48913043478260865,0.592391304347826,0.6030245746691871
0.1374,0.5582703213610586,0.03266208579248196,0.6485507246376812,0.45471014492753625,0.4909420289855072,0.5960144927536233,0.6011342155009451
0.1376,0.5571833648393195,0.03370293134729367,0.6503623188405797,0.4492753623188406,0.4891304347826087,0.5960144927536232,0.6011342155009453
0.1378,0.5594045368620038,0.03405897942428212,0.6521739130434783,0.45108695652173914,0.4891304347826087,0.5978260869565217,0.6068052930056711
0.138,0.5597826086956522,0.03510194592690685,0.6557971014492754,0.4510869565217392,0.483695652173913,0.5996376811594203,0.6086956521739131
0.1382,0.55908947700063,0.03573999268119643,0.6576086956521738,0.447463768115942,0.48369565217391297,0.5942028985507246,0.612476370510397
0.1384,0.5561909262759924,0.035309634506766184,0.6557971014492754,0.447463768115942,0.48188405797101447,0.5833333333333333,0.6124763705103969
0.1386,0.5598613736609955,0.035451655037809914,0.657608695652174,0.45108695652173914,0.483695652173913,0.5887681159420289,0.6181474480151229
0.1388,0.5613579080025204,0.03568185419657805,0.657608695652174,0.45108695652173914,0.4855072463768116,0.5887681159420289,0.6238185255198487
0.139,0.5613421550094518,0.03526440694379698,0.657608695652174,0.45471014492753625,0.4836956521739131,0.5887681159420289,0.6219281663516069
0.1392,0.562129804662886,0.036010524864467396,0.6594202898550724,0.45652173913043476,0.48007246376811596,0.5851449275362318,0.6294896030245747
0.1394,0.5639886578449904,0.03643121111226283,0.6594202898550724,0.46195652173913043,0.4746376811594203,0.5887681159420289,0.6351606805293005
0.1396,0.5629332073093887,0.0368626029281496,0.6576086956521738,0.45833333333333326,0.4746376811594203,0.5851449275362319,0.6389413988657845
0.1398,0.5636735979836168,0.03684717413450265,0.6576086956521738,0.4583333333333333,0.47644927536231885,0.5851449275362319,0.6408317580340265
0.14,0.5687933207309388,0.03598976387489136,0.6594202898550725,0.4746376811594203,0.4746376811594203,0.5887681159420289,0.6465028355387524
0.1402,0.5709829867674857,0.03422592447358091,0.6576086956521738,0.48913043478260865,0.47644927536231885,0.5833333333333333,0.6483931947069943
0.1404,0.5698960302457468,0.03406502051438161,0.6539855072463767,0.48913043478260876,0.4746376811594203,0.5833333333333333,0.6483931947069944
0.1406,0.5706679269061122,0.034627525480991135,0.6521739130434783,0.4873188405797101,0.4746376811594203,0.5851449275362318,0.6540642722117201
0.1408,0.5688563327032136,0.033763933599945034,0.644927536231884,0.4909420289855072,0.47282608695652173,0.5815217391304348,0.6540642722117201
0.141,0.5695494643982355,0.03254688838795334,0.6431159420289854,0.4963768115942028,0.4746376811594203,0.5833333333333333,0.6502835538752363
0.1412,0.5684940138626339,0.03325231541218051,0.6394927536231884,0.4963768115942028,0.4692028985507246,0.5833333333333333,0.6540642722117201
0.1414,0.5692659105229992,0.03386110605429012,0.6394927536231884,0.5036231884057971,0.46376811594202894,0.5797101449275363,0.6597353497164461
0.1416,0.5693131695022053,0.03508139564767053,0.6394927536231884,0.4963768115942029,0.46376811594202894,0.5815217391304347,0.6654064272211719
0.1418,0.5660838059231253,0.035812093739455854,0.6340579710144927,0.5,0.45471014492753614,0.572463768115942,0.669187145557656
0.142,0.5661153119092627,0.0360492410310857,0.6304347826086956,0.5054347826086956,0.45108695652173914,0.5706521739130435,0.6729678638941398
0.1422,0.5661153119092628,0.035815423860548104,0.6286231884057971,0.5144927536231884,0.447463768115942,0.5670289855072463,0.6729678638941399
0.1424,0.5660838059231255,0.03504134246903419,0.6268115942028986,0.5181159420289855,0.447463768115942,0.568840579710145,0.669187145557656
0.1426,0.5660838059231252,0.03414192963806879,0.6213768115942029,0.5235507246376812,0.4492753623188406,0.5670289855072463,0.6691871455576559
0.1428,0.5686988027725268,0.03476068029491263,0.6177536231884058,0.5253623188405797,0.45108695652173914,0.5706521739130436,0.6786389413988657
0.143,0.5676275992438563,0.034989100532871034,0.6159420289855071,0.5235507246376812,0.451086956521739,0.5670289855072463,0.6805293005671077
0.1432,0.566556395715186,0.03564708459243726,0.6159420289855072,0.5253623188405797,0.4474637681159421,0.5615942028985508,0.6824196597353497
0.1434,0.5658160050409577,0.03512260853412822,0.6105072463768115,0.5307971014492754,0.44565217391304346,0.5615942028985508,0.6805293005671077
0.1436,0.5636420919974794,0.03452086474284752,0.6032608695652174,0.5253623188405796,0.4492753623188406,0.5597826086956521,0.6805293005671077
0.1438,0.564366729678639,0.03476089446450661,0.605072463768116,0.5344202898550725,0.44565217391304346,0.556159420289855,0.6805293005671078
0.144,0.5614366729678638,0.03465878293996786,0.5996376811594203,0.5398550724637681,0.4402173913043478,0.5507246376811594,0.6767485822306238
0.1442,0.5584908632640201,0.03443113932588253,0.5942028985507246,0.5398550724637681,0.43478260869565216,0.552536231884058,0.6710775047258979
0.1444,0.5566005040957782,0.03312784852784994,0.592391304347826,0.5398550724637681,0.4347826086956522,0.5543478260869564,0.6616257088846881
0.1446,0.5565689981096409,0.0322674783024226,0.5905797101449275,0.5416666666666666,0.4365942028985508,0.5561594202898551,0.6578449905482041
0.1448,0.5565689981096409,0.032042938572344144,0.5869565217391304,0.5471014492753623,0.4365942028985508,0.5543478260869565,0.6578449905482041
0.145,0.555072463768116,0.03097179778328999,0.5833333333333334,0.5434782608695651,0.4384057971014493,0.5579710144927537,0.6521739130434783
0.1452,0.55322936357908,0.030452156495158533,0.5815217391304348,0.5416666666666665,0.43840579710144933,0.5561594202898551,0.6483931947069943
0.1454,0.5510554505356018,0.031476832762568956,0.5797101449275363,0.5416666666666666,0.4311594202898551,0.5543478260869565,0.6483931947069943
0.1456,0.5476843100189036,0.029699732429224756,0.572463768115942,0.5398550724637681,0.4311594202898551,0.5597826086956522,0.6351606805293006
0.1458,0.5462035286704474,0.0297896687926092,0.568840579710145,0.5398550724637681,0.427536231884058,0.5634057971014492,0.6313799621928167
0.146,0.5469124133585381,0.029457697735265017,0.5615942028985508,0.5489130434782609,0.427536231884058,0.5670289855072463,0.6294896030245747
0.1462,0.5465185885318211,0.02920947824037531,0.5615942028985508,0.5452898550724637,0.427536231884058,0.572463768115942,0.6257088846880907
0.1464,0.5453371140516697,0.02776867627793156,0.5597826086956522,0.5489130434782609,0.42934782608695654,0.5742753623188406,0.6143667296786389
0.1466,0.5460459987397606,0.028734354085716906,0.5652173913043479,0.552536231884058,0.4239130434782609,0.576086956521739,0.6124763705103969
0.1468,0.542690611216131,0.02833035547052713,0.5597826086956521,0.5543478260869565,0.42028985507246375,0.5778985507246377,0.6011342155009451
0.147,0.5379804662885947,0.02887172023278133,0.5489130434782609,0.5489130434782609,0.41485507246376807,0.5760869565217391,0.6011342155009453
0.1472,0.5339161940768746,0.028445426953106003,0.5452898550724639,0.5489130434782609,0.411231884057971,0.572463768115942,0.5916824196597353
0.1474,0.5327819785759293,0.028209545827488938,0.5471014492753623,0.5543478260869565,0.40942028985507245,0.5670289855072463,0.5860113421550095
0.1476,0.53205734089477,0.02927281684186226,0.5452898550724637,0.5561594202898551,0.40398550724637683,0.5688405797101449,0.5860113421550095
0.1478,0.5284026465028356,0.02970203846398371,0.5398550724637681,0.5543478260869565,0.39855072463768115,0.5670289855072463,0.5822306238185255
0.148,0.5298676748582231,0.030523271891541304,0.5416666666666667,0.552536231884058,0.3967391304347826,0.5742753623188406,0.5841209829867675
0.1482,0.5254095778197858,0.02898671951657976,0.5380434782608696,0.5471014492753622,0.3985507246376812,0.572463768115942,0.5708884688090737
0.1484,0.5209672337744171,0.02821817427503768,0.5344202898550725,0.5471014492753623,0.39673913043478265,0.5670289855072463,0.5595463137996219
0.1486,0.5187303087586641,0.028395148206709013,0.532608695652174,0.5398550724637681,0.3949275362318841,0.5742753623188406,0.551984877126654
0.1488,0.5169187145557655,0.028906921701487558,0.5289855072463768,0.5380434782608696,0.3913043478260869,0.5742753623188406,0.551984877126654
0.149,0.5168714555765596,0.028151302949718876,0.5253623188405797,0.5434782608695652,0.3949275362318841,0.5742753623188406,0.5463137996219282
0.1492,0.5153906742281034,0.028040173671900745,0.5271739130434783,0.5344202898550724,0.39492753623188404,0.5778985507246377,0.5425330812854442
0.1494,0.5139256458727159,0.029296055984081172,0.5235507246376812,0.5326086956521738,0.3894927536231884,0.5833333333333334,0.5406427221172023
0.1496,0.5121298046628859,0.02985355531024732,0.519927536231884,0.5289855072463768,0.3858695652173913,0.5833333333333333,0.5425330812854442
0.1498,0.5099243856332704,0.029757674933710645,0.519927536231884,0.5253623188405797,0.3840579710144928,0.5815217391304348,0.5387523629489603
0.15,0.5033081285444234,0.02918018205367889,0.5144927536231884,0.5126811594202898,0.3822463768115942,0.5797101449275363,0.5274102079395084
0.1502,0.5011027095148078,0.029466747278482,0.5126811594202898,0.5072463768115942,0.3804347826086956,0.5815217391304348,0.5236294896030246
0.1504,0.5054820415879017,0.030925020028429156,0.5253623188405796,0.5072463768115942,0.3786231884057971,0.5887681159420289,0.5274102079395084
0.1506,0.5054820415879017,0.031237566409855314,0.5217391304347826,0.5072463768115942,0.3786231884057971,0.592391304347826,0.5274102079395085
0.1508,0.5028985507246376,0.03156377340623917,0.5253623188405797,0.5018115942028984,0.375,0.5905797101449275,0.5217391304347826
0.151,0.5032923755513548,0.031671159657628435,0.5271739130434783,0.4945652173913043,0.37681159420289856,0.592391304347826,0.5255198487712665
0.1512,0.5025677378701954,0.03229599942169998,0.5289855072463768,0.48913043478260865,0.375,0.5942028985507246,0.5255198487712665
0.1514,0.5044423440453686,0.03391775324346215,0.5326086956521738,0.48913043478260876,0.3695652173913043,0.5978260869565217,0.5330812854442344
0.1516,0.5032923755513548,0.03444302793635702,0.5416666666666666,0.483695652173913,0.3677536231884058,0.5978260869565217,0.5255198487712665
0.1518,0.5021739130434784,0.03561209010971943,0.5416666666666666,0.48007246376811596,0.36413043478260876,0.6032608695652174,0.5217391304347826
0.152,0.5011342155009453,0.03590243358001932,0.5398550724637681,0.4746376811594203,0.36231884057971014,0.6014492753623188,0.5274102079395085
0.1522,0.4970856962822937,0.03563660601124363,0.5416666666666666,0.4746376811594203,0.3568840579710145,0.592391304347826,0.5198487712665407
0.1524,0.4948487712665406,0.03641723773093084,0.5434782608695652,0.4746376811594203,0.35144927536231885,0.5923913043478262,0.5122873345935728
0.1526,0.4911940768746062,0.03695813594920272,0.5434782608695652,0.47282608695652173,0.34420289855072467,0.5869565217391304,0.5085066162570888
0.1528,0.48755513547574036,0.037645230472116584,0.5416666666666666,0.4619565217391304,0.34057971014492755,0.5869565217391304,0.5066162570888469
0.153,0.48609010712035283,0.037856730818308475,0.5398550724637681,0.4565217391304348,0.34057971014492755,0.5887681159420289,0.504725897920605
0.1532,0.4835381222432262,0.037465565670689566,0.5380434782608696,0.4547101449275362,0.33876811594202905,0.5833333333333334,0.502835538752363
0.1534,0.4821361058601134,0.037962068530791745,0.5380434782608696,0.4492753623188406,0.3351449275362319,0.5797101449275363,0.5085066162570888
0.1536,0.47882797731568993,0.03864691392349235,0.536231884057971,0.4492753623188406,0.3278985507246377,0.5778985507246377,0.502835538752363
0.1538,0.47849716446124757,0.039600480453497865,0.536231884057971,0.4492753623188406,0.322463768115942,0.5778985507246377,0.5066162570888468
0.154,0.47882797731568993,0.03991682492272508,0.5398550724637681,0.44565217391304346,0.3242753623188406,0.5815217391304348,0.5028355387523629
0.1542,0.4776937618147448,0.039898518327480585,0.5434782608695652,0.4438405797101449,0.3242753623188406,0.5797101449275363,0.497164461247637
0.1544,0.47767800882167605,0.040115550350022185,0.5489130434782609,0.44202898550724634,0.3242753623188406,0.5778985507246377,0.49527410207939504
0.1546,0.4754410838059231,0.040847504344374834,0.5489130434782609,0.4365942028985507,0.322463768115942,0.5815217391304348,0.4877126654064272
0.1548,0.4736452425960932,0.04048212483384532,0.5471014492753623,0.4257246376811594,0.32608695652173914,0.5797101449275363,0.48960302457466914
0.155,0.4725267800882168,0.041849517727938615,0.5543478260869565,0.4257246376811594,0.31884057971014496,0.5778985507246377,0.48582230623818523
0.1552,0.4703528670447385,0.04218820717429152,0.5597826086956522,0.4184782608695652,0.3170289855072464,0.5706521739130435,0.4858223062381852
0.1554,0.47216446124763706,0.041705712816373815,0.5652173913043478,0.4184782608695652,0.3224637681159421,0.5688405797101449,0.4858223062381852
0.1556,0.4696439823566477,0.040021225918789885,0.5543478260869565,0.4184782608695652,0.3242753623188406,0.5634057971014492,0.48771266540642716
0.1558,0.46855702583490866,0.039213812717512904,0.5507246376811594,0.41485507246376807,0.3278985507246377,0.5615942028985508,0.4877126654064272
0.156,0.46891934467548835,0.0390990087672649,0.552536231884058,0.4166666666666667,0.3278985507246377,0.5597826086956521,0.4877126654064272
0.1562,0.47221172022684305,0.03942722348319673,0.5597826086956521,0.41123188405797095,0.33514492753623193,0.5634057971014492,0.4914933837429112
0.1564,0.47257403906742274,0.03932300107953245,0.5615942028985508,0.4076086956521739,0.33876811594202894,0.5634057971014492,0.4914933837429111
0.1566,0.46789540012602393,0.037713380009116865,0.5543478260869565,0.4003623188405797,0.34057971014492755,0.5489130434782609,0.4952741020793951
0.1568,0.4682262129804663,0.036947540233028556,0.5597826086956521,0.4003623188405797,0.34601449275362317,0.5434782608695652,0.4914933837429111
0.157,0.46934467548834274,0.03722740842673902,0.5615942028985508,0.4003623188405797,0.34601449275362317,0.5434782608695652,0.4952741020793951
0.1572,0.4645715185885318,0.03669400236272588,0.552536231884058,0.3931159420289855,0.34601449275362317,0.5434782608695652,0.48771266540642716
0.1574,0.46458727158160046,0.03682191687137265,0.5543478260869565,0.38949275362318836,0.34782608695652173,0.5416666666666666,0.48960302457466925
0.1576,0.46532766225582856,0.03687743309916427,0.5543478260869565,0.38586956521739135,0.3514492753623188,0.5434782608695652,0.4914933837429112
0.1578,0.4635003150598614,0.0368752002725013,0.552536231884058,0.3840579710144927,0.3496376811594203,0.5416666666666666,0.48960302457466925
0.158,0.4631379962192817,0.0363201235030213,0.5543478260869565,0.38224637681159424,0.3532608695652174,0.5362318840579711,0.4896030245746692
0.1582,0.4639098928796471,0.03564272225644909,0.5543478260869565,0.38224637681159424,0.3568840579710145,0.5307971014492754,0.49527410207939515
0.1584,0.4620982986767486,0.03562942866822,0.552536231884058,0.3822463768115942,0.3532608695652174,0.5271739130434783,0.49527410207939515
0.1586,0.4609798361688721,0.03627421159792773,0.5507246376811594,0.3786231884057971,0.35144927536231885,0.532608695652174,0.4914933837429112
0.1588,0.4609168241965974,0.035500776856468935,0.5543478260869565,0.38586956521739135,0.35144927536231885,0.5289855072463768,0.4839319470699433
0.159,0.458349086326402,0.03492017818668633,0.5489130434782609,0.3858695652173913,0.3496376811594203,0.5271739130434783,0.4801512287334593
0.1592,0.45537177063642087,0.034741508197863306,0.5489130434782608,0.38768115942028986,0.3460144927536232,0.5235507246376812,0.4706994328922495
0.1594,0.4564902331442974,0.034783112388250895,0.5507246376811593,0.38224637681159424,0.35144927536231885,0.5235507246376812,0.4744801512287335
0.1596,0.45574984247006933,0.03491212570586864,0.5489130434782608,0.38224637681159424,0.3496376811594203,0.5253623188405797,0.4725897920604915
0.1598,0.45573408947700056,0.03563328424973415,0.5489130434782609,0.3786231884057971,0.3496376811594203,0.5307971014492753,0.47069943289224947
0.16,0.4546786389413988,0.036250163877239824,0.5489130434782609,0.37318840579710144,0.34782608695652173,0.5289855072463768,0.47448015122873344
0.1602,0.45244171392564586,0.03608043743404391,0.5471014492753623,0.3713768115942029,0.34782608695652173,0.5289855072463768,0.4669187145557656
0.1604,0.4509609325771898,0.03529816291589159,0.5416666666666667,0.37318840579710144,0.34782608695652173,0.5289855072463769,0.4631379962192817
0.1606,0.4490863264020164,0.0336782015283287,0.5380434782608695,0.3786231884057971,0.3496376811594203,0.5235507246376812,0.4555765595463138
0.1608,0.45022054190296157,0.03316417736211466,0.5362318840579711,0.38405797101449274,0.34782608695652173,0.5217391304347826,0.4612476370510397
0.161,0.44946439823566475,0.03259740481341557,0.5307971014492754,0.3822463768115942,0.35144927536231885,0.5253623188405797,0.4574669187145557
0.1612,0.44755828607435416,0.03144779913555439,0.5235507246376812,0.3894927536231884,0.35144927536231885,0.5271739130434783,0.446124763705104
0.1614,0.4482514177693762,0.030283530275237478,0.5181159420289855,0.39855072463768115,0.3532608695652174,0.5289855072463768,0.44234404536862004
0.1616,0.4445967233774416,0.02968498126825497,0.5108695652173912,0.40398550724637683,0.34601449275362317,0.5235507246376812,0.4385633270321361
0.1618,0.44240705734089475,0.029962088459086093,0.5072463768115942,0.40217391304347827,0.34239130434782605,0.5235507246376812,0.4366729678638941
0.162,0.44243856332703213,0.02919422266363516,0.503623188405797,0.40217391304347827,0.34420289855072467,0.5217391304347826,0.44045368620037806
0.1622,0.44240705734089475,0.02832240432731814,0.49818840579710144,0.411231884057971,0.3442028985507246,0.5217391304347826,0.43667296786389415
0.1624,0.44199747952110896,0.029258338983076247,0.4981884057971014,0.411231884057971,0.34239130434782605,0.5271739130434783,0.43100189035916825
0.1626,0.4404694391934467,0.030072644485513337,0.49999999999999994,0.4202898550724638,0.3351449275362318,0.5253623188405797,0.42155009451795833
0.1628,0.4408002520478891,0.030480096621434933,0.5018115942028984,0.42210144927536236,0.3351449275362319,0.5271739130434783,0.41776937618147447
0.163,0.43898865784499047,0.029882506905666392,0.4981884057971014,0.4166666666666667,0.3369565217391304,0.5253623188405797,0.4177693761814744
0.1632,0.4367202268431002,0.030353304279532697,0.4945652173913044,0.42028985507246375,0.3351449275362319,0.5271739130434783,0.4064272211720227
0.1634,0.438169502205419,0.02945390155756159,0.49094202898550726,0.4311594202898551,0.33695652173913043,0.5253623188405797,0.4064272211720227
0.1636,0.4374606175173283,0.028507120459835077,0.4909420289855072,0.42934782608695654,0.33876811594202894,0.519927536231884,0.40831758034026466
0.1638,0.4371298046628859,0.028352231498381324,0.48731884057971014,0.42934782608695654,0.33695652173913043,0.519927536231884,0.4120982986767485
0.164,0.43783868935097675,0.029165622475102196,0.4855072463768116,0.4329710144927536,0.3351449275362319,0.5253623188405797,0.4102079395085066
0.1642,0.4374606175173283,0.02914468906573675,0.48731884057971014,0.4329710144927536,0.3351449275362318,0.5235507246376812,0.40831758034026466
0.1644,0.43856332703213613,0.02877696306769342,0.483695652173913,0.4365942028985507,0.3369565217391304,0.5253623188405797,0.41020793950850665
0.1646,0.43747637051039695,0.028680368323049345,0.48188405797101447,0.4329710144927536,0.3369565217391304,0.5253623188405797,0.4102079395085067
0.1648,0.43672022684310025,0.028859032721433933,0.4782608695652174,0.43840579710144933,0.3351449275362319,0.5253623188405797,0.40642722117202273
0.165,0.4341682419659735,0.028058476670825047,0.4746376811594203,0.43659420289855067,0.3351449275362318,0.519927536231884,0.4045368620037807
0.1652,0.4338059231253938,0.027955643382437684,0.47282608695652173,0.4365942028985507,0.3351449275362319,0.519927536231884,0.40453686200378075
0.1654,0.43453056080655317,0.027216507716097724,0.46920289855072467,0.4329710144927536,0.34239130434782605,0.5235507246376812,0.4045368620037807
0.1656,0.4334436042848141,0.025938115121815222,0.4673913043478261,0.43478260869565216,0.3442028985507246,0.5163043478260869,0.4045368620037807
0.1658,0.4346093257718967,0.0251144845730073,0.4673913043478261,0.43478260869565216,0.3442028985507246,0.5126811594202898,0.4139886578449906
0.166,0.4335696282293636,0.024951235291556458,0.4655797101449275,0.4329710144927536,0.3405797101449275,0.5090579710144927,0.41965973534971646
0.1662,0.43509766855702575,0.023580383757722354,0.45652173913043476,0.4347826086956522,0.34601449275362317,0.5090579710144928,0.42911153119092627
0.1664,0.4373345935727788,0.022502207439379227,0.46195652173913043,0.427536231884058,0.3532608695652174,0.5072463768115942,0.43667296786389415
0.1666,0.43736609955891614,0.021218496923069926,0.4601449275362319,0.427536231884058,0.35688405797101447,0.5018115942028986,0.44045368620037806
0.1668,0.4370195337114051,0.019711603838406366,0.45833333333333326,0.4257246376811595,0.36231884057971014,0.4963768115942029,0.44234404536862004
0.167,0.4359010712035286,0.020365572769207627,0.45652173913043476,0.42391304347826086,0.3605072463768116,0.5,0.4385633270321361
0.1672,0.4358695652173913,0.021105500088968776,0.45652173913043476,0.4221014492753623,0.3605072463768116,0.5054347826086957,0.43478260869565216
0.1674,0.43697227473219913,0.019867446031316162,0.45289855072463764,0.42572463768115937,0.36594202898550726,0.5036231884057971,0.43667296786389415
0.1676,0.43700378071833645,0.018578455184262037,0.4510869565217391,0.42572463768115937,0.3695652173913043,0.49818840579710144,0.44045368620037806
0.1678,0.4359483301827347,0.018242855628651484,0.44565217391304346,0.4275362318840579,0.36775362318840576,0.4945652173913043,0.444234404536862
0.168,0.43705103969754255,0.01874753638568896,0.44565217391304346,0.4275362318840579,0.36775362318840576,0.4981884057971015,0.44612476370510395
0.1682,0.437822936357908,0.018156164765747967,0.44565217391304346,0.427536231884058,0.3695652173913044,0.4945652173913043,0.4517958412098299
0.1684,0.438563327032136,0.017627873757683838,0.4492753623188406,0.4239130434782608,0.37318840579710144,0.49275362318840576,0.45368620037807184
0.1686,0.43890989287964716,0.017179584745001183,0.447463768115942,0.4184782608695652,0.3804347826086957,0.4963768115942029,0.45179584120982985
0.1688,0.44108380592312535,0.01659446041178014,0.447463768115942,0.4166666666666667,0.3894927536231884,0.5,0.45179584120982985
0.169,0.4396187775677379,0.01612645834016275,0.4420289855072464,0.4184782608695652,0.38949275362318847,0.49818840579710144,0.4499054820415879
0.1692,0.44072148708254566,0.01653008634846418,0.4438405797101449,0.41123188405797095,0.3949275362318841,0.5018115942028986,0.4517958412098299
0.1694,0.4382167611846251,0.01676006825737744,0.4438405797101449,0.4003623188405797,0.39492753623188404,0.4963768115942029,0.45557655954631376
0.1696,0.4426275992438563,0.01611087797895527,0.4510869565217391,0.40579710144927533,0.39855072463768115,0.4945652173913043,0.4631379962192816
0.1698,0.43862633900441084,0.01556244874562202,0.4384057971014492,0.39855072463768115,0.40398550724637683,0.4909420289855072,0.46124763705103966
0.17,0.4434152488972905,0.015699477467181682,0.4384057971014493,0.4003623188405797,0.41304347826086957,0.4945652173913043,0.4706994328922495
0.1702,0.4449117832388154,0.01656272118465044,0.4438405797101449,0.39492753623188404,0.4148550724637681,0.4945652173913043,0.4763705103969754
0.1704,0.4434940138626339,0.01696549230858142,0.4384057971014492,0.39492753623188404,0.411231884057971,0.49275362318840576,0.48015122873345933
0.1706,0.44751102709514806,0.016377577102677395,0.4438405797101449,0.3967391304347826,0.42028985507246375,0.49275362318840576,0.4839319470699433
0.1708,0.44793635790800257,0.017769739278668813,0.44202898550724634,0.394927536231884,0.4166666666666667,0.4945652173913043,0.4914933837429112
0.171,0.44648708254568364,0.017654440547532967,0.4293478260869565,0.3967391304347826,0.42028985507246375,0.4945652173913043,0.4914933837429112
0.1712,0.4435255198487712,0.0174538613540826,0.42028985507246375,0.39855072463768115,0.4184782608695652,0.4963768115942029,0.4839319470699433
0.1714,0.44061121613106485,0.01783393277080222,0.41666666666666663,0.39492753623188404,0.41485507246376807,0.4945652173913043,0.4820415879017013
0.1716,0.44106805293005663,0.020052940194380985,0.4094202898550724,0.38949275362318836,0.41666666666666663,0.4963768115942029,0.4933837429111531
0.1718,0.4414776307498425,0.02106882584200819,0.4076086956521739,0.3858695652173913,0.4184782608695652,0.4963768115942029,0.49905482041587895
0.172,0.4440926275992439,0.021517843538432745,0.4076086956521739,0.38949275362318836,0.4202898550724638,0.4945652173913043,0.5085066162570888
0.1722,0.44447069943289225,0.021618502250187046,0.40760869565217395,0.38768115942028986,0.42391304347826086,0.49275362318840576,0.5103969754253308
0.1724,0.4430686830497795,0.02339882585685936,0.4003623188405797,0.3822463768115942,0.42391304347826086,0.49275362318840576,0.5160680529300568
0.1726,0.44306868304977937,0.02370538536126173,0.39311594202898553,0.3858695652173913,0.4257246376811594,0.4945652173913043,0.5160680529300566
0.1728,0.44458097038437294,0.02491055416822494,0.3931159420289855,0.3822463768115942,0.42934782608695654,0.4945652173913043,0.5236294896030246
0.173,0.44677063642091996,0.0257393147435246,0.39492753623188404,0.3804347826086956,0.431159420289855,0.5018115942028986,0.5255198487712666
0.1732,0.44858223062381847,0.02651763045853801,0.3931159420289855,0.3822463768115942,0.4311594202898551,0.5108695652173914,0.5255198487712665
0.1734,0.4489287964713295,0.027244796730372275,0.3931159420289855,0.3804347826086957,0.42934782608695654,0.5181159420289855,0.5236294896030246
0.1736,0.4518273471959673,0.02787888679900958,0.40217391304347827,0.37681159420289856,0.42934782608695654,0.5271739130434783,0.5236294896030246
0.1738,0.4540170132325142,0.02872632817022853,0.39855072463768115,0.37681159420289856,0.43659420289855067,0.532608695652174,0.5255198487712666
0.174,0.45656899810964086,0.029386241460961603,0.4003623188405797,0.3786231884057971,0.4365942028985507,0.5398550724637681,0.5274102079395085
0.1742,0.4551039697542533,0.029281894708210503,0.3967391304347826,0.3786231884057971,0.4365942028985508,0.5380434782608695,0.5255198487712665
0.1744,0.45434782608695656,0.02942332389581308,0.3913043478260869,0.37681159420289856,0.4438405797101449,0.5380434782608696,0.5217391304347826
0.1746,0.45693131695022055,0.030505730257940254,0.38949275362318836,0.37862318840579706,0.44565217391304346,0.5434782608695652,0.5274102079395084
0.1748,0.4591209829867675,0.030629660513561852,0.38949275362318836,0.3804347826086956,0.45108695652173914,0.5452898550724637,0.5293005671077505
0.175,0.4587586641461878,0.03247217769403255,0.3804347826086957,0.3786231884057971,0.4528985507246377,0.552536231884058,0.5293005671077505
0.1752,0.4591209829867674,0.03306970871941656,0.3786231884057971,0.3786231884057971,0.45289855072463764,0.5561594202898551,0.5293005671077504
0.1754,0.4605702583490864,0.03192103427113248,0.3804347826086957,0.38405797101449274,0.4565217391304348,0.552536231884058,0.5293005671077505
0.1756,0.4642879647132956,0.03242156259207988,0.3804347826086957,0.38949275362318836,0.45833333333333337,0.552536231884058,0.5406427221172023
0.1758,0.46795841209829864,0.03394105391545046,0.3786231884057971,0.3913043478260869,0.46195652173913043,0.5615942028985508,0.5463137996219282
0.176,0.4683364839319471,0.03418987460287959,0.3786231884057971,0.3931159420289855,0.4583333333333333,0.5634057971014492,0.5482041587901701
0.1762,0.4672495274102079,0.035167154752168535,0.3713768115942029,0.3931159420289855,0.45833333333333337,0.5652173913043479,0.5482041587901701
0.1764,0.4664776307498425,0.035003027240124815,0.3713768115942029,0.3913043478260869,0.4601449275362318,0.5670289855072463,0.5425330812854443
0.1766,0.4645715185885318,0.03504046714405355,0.3713768115942029,0.3876811594202898,0.4601449275362319,0.572463768115942,0.5311909262759924
0.1768,0.463768115942029,0.03418493141446687,0.3695652173913043,0.3949275362318841,0.4583333333333333,0.5742753623188406,0.5217391304347826
0.177,0.4644770006301197,0.035371191277366244,0.3713768115942029,0.391304347826087,0.4565217391304348,0.5833333333333333,0.5198487712665407
0.1772,0.46557971014492755,0.035251221301319684,0.375,0.39311594202898553,0.4528985507246377,0.5851449275362319,0.5217391304347826
0.1774,0.46702898550724636,0.03633102378443185,0.3713768115942029,0.3967391304347826,0.4528985507246377,0.592391304347826,0.5217391304347826
0.1776,0.46887208569628236,0.03722591521949516,0.375,0.39311594202898553,0.4528985507246377,0.5978260869565218,0.5255198487712666
0.1778,0.47216446124763706,0.03810062294744508,0.37681159420289856,0.3949275362318841,0.4547101449275362,0.605072463768116,0.5293005671077504
0.178,0.47359798361688715,0.03877477822633313,0.37318840579710144,0.39855072463768115,0.4583333333333333,0.6105072463768115,0.5274102079395084
0.1782,0.4742596093257719,0.03825615193786049,0.37681159420289856,0.40217391304347827,0.4583333333333333,0.6141304347826086,0.5198487712665406
0.1784,0.47350346565847506,0.037829031704270356,0.3786231884057971,0.40398550724637683,0.4547101449275362,0.6141304347826086,0.5160680529300566
0.1786,0.4727000630119722,0.038584625014758726,0.3786231884057971,0.40398550724637683,0.4528985507246377,0.6213768115942029,0.5066162570888468
0.1788,0.4723534971644613,0.037925244931953865,0.3786231884057971,0.40760869565217395,0.4492753623188405,0.6177536231884058,0.5085066162570888
0.179,0.4741965973534971,0.03709412506942181,0.3804347826086957,0.4094202898550724,0.4547101449275362,0.6141304347826086,0.5122873345935728
0.1792,0.47418084436042846,0.036521155590988265,0.38768115942028986,0.40760869565217395,0.45108695652173914,0.6141304347826086,0.5103969754253308
0.1794,0.4741335853812224,0.0356943120723458,0.39492753623188404,0.4076086956521739,0.4492753623188406,0.6141304347826086,0.5047258979206048
0.1796,0.4752047889098928,0.03466879403428704,0.40217391304347827,0.40760869565217384,0.4510869565217391,0.61231884057971,0.502835538752363
0.1798,0.4766383112791431,0.03379054541133482,0.4094202898550725,0.41123188405797095,0.4492753623188405,0.6123188405797102,0.500945179584121
0.18,0.47695337114051667,0.03308546797456272,0.4148550724637681,0.4130434782608696,0.4492753623188405,0.6123188405797101,0.4952741020793951
0.1802,0.4765595463137996,0.03255015612464576,0.42028985507246375,0.4094202898550725,0.4510869565217391,0.6105072463768116,0.4914933837429111
0.1804,0.4776465028355387,0.03177223979895414,0.4221014492753623,0.4130434782608695,0.4528985507246377,0.6086956521739131,0.4914933837429111
0.1806,0.47906427221172015,0.03125876858114097,0.43115942028985504,0.41666666666666663,0.4492753623188406,0.6105072463768115,0.4877126654064272
0.1808,0.48125393824826723,0.029902940410870507,0.43115942028985504,0.42391304347826086,0.45471014492753625,0.6068840579710144,0.4896030245746692
0.181,0.4823408947700063,0.028424916505872977,0.43478260869565216,0.4257246376811594,0.4601449275362319,0.6014492753623188,0.4896030245746692
0.1812,0.48525519848771265,0.027212103424775265,0.4474637681159421,0.427536231884058,0.4601449275362318,0.5996376811594203,0.4914933837429111
0.1814,0.48780718336483925,0.02461327812269047,0.4601449275362318,0.431159420289855,0.46376811594202894,0.5905797101449275,0.4933837429111531
0.1816,0.49005986137366103,0.024123242949807853,0.46014492753623193,0.43478260869565216,0.46376811594202905,0.588768115942029,0.502835538752363
0.1818,0.4904221802142407,0.0231960199205696,0.4619565217391305,0.43659420289855067,0.4655797101449275,0.5851449275362319,0.502835538752363
0.182,0.49259609325771897,0.02138888702610148,0.4746376811594203,0.4347826086956521,0.47282608695652173,0.5778985507246377,0.502835538752363
0.1822,0.4955103969754253,0.020722282501215303,0.4764492753623188,0.4384057971014493,0.4800724637681159,0.5778985507246377,0.504725897920605
0.1824,0.500299306868305,0.020316077623861954,0.48550724637681153,0.4402173913043479,0.483695652173913,0.5778985507246377,0.5141776937618148
0.1826,0.5006616257088846,0.01976740908337304,0.4855072463768116,0.44202898550724634,0.4855072463768116,0.5760869565217391,0.5141776937618148
0.1828,0.5029143037177064,0.02090235201512309,0.49275362318840576,0.43659420289855067,0.483695652173913,0.5778985507246377,0.5236294896030246
0.183,0.5069155639571518,0.019985357359689072,0.5,0.44565217391304346,0.483695652173913,0.5797101449275363,0.5255198487712665
0.1832,0.5069470699432891,0.01988159287116628,0.5036231884057971,0.4402173913043478,0.48731884057971014,0.5742753623188406,0.5293005671077504
0.1834,0.5054977945809703,0.019242323269168485,0.5072463768115942,0.4384057971014493,0.4855072463768116,0.5670289855072463,0.5293005671077504
0.1836,0.5102236925015753,0.019845662932619624,0.5235507246376812,0.4365942028985507,0.49094202898550726,0.568840579710145,0.5311909262759924
0.1838,0.5106805293005672,0.02091880752279806,0.5235507246376812,0.4329710144927536,0.48731884057971014,0.5670289855072463,0.5425330812854442
0.184,0.5117989918084437,0.022535188193818154,0.5271739130434783,0.4293478260869565,0.483695652173913,0.572463768115942,0.5463137996219282
0.1842,0.5129174543163201,0.023291289031874846,0.5380434782608695,0.4221014492753623,0.48913043478260865,0.5652173913043479,0.550094517958412
0.1844,0.5162255828607435,0.023246283605202017,0.5452898550724639,0.427536231884058,0.48731884057971014,0.5652173913043478,0.555765595463138
0.1846,0.5191556395715186,0.022930432459221092,0.552536231884058,0.43297101449275366,0.4873188405797101,0.5634057971014492,0.5595463137996219
0.1848,0.523156899810964,0.022682198581983833,0.5561594202898551,0.43840579710144933,0.49094202898550726,0.5688405797101449,0.5614366729678639
0.185,0.524606175173283,0.023090992802977887,0.5615942028985507,0.4365942028985507,0.4945652173913043,0.5688405797101449,0.5614366729678639
0.1852,0.525393824826717,0.02495579993725716,0.5634057971014493,0.4293478260869565,0.4945652173913043,0.5706521739130435,0.5689981096408319
0.1854,0.5290642722117203,0.02536984198049333,0.5670289855072465,0.4293478260869565,0.5018115942028986,0.572463768115942,0.5746691871455577
0.1856,0.5330812854442344,0.026511168782969403,0.5778985507246376,0.427536231884058,0.5072463768115942,0.5742753623188406,0.5784499054820416
0.1858,0.5348928796471328,0.02640049367519468,0.5815217391304348,0.427536231884058,0.5144927536231884,0.5724637681159419,0.5784499054820416
0.186,0.5352867044738501,0.02668732776581688,0.5778985507246377,0.427536231884058,0.5126811594202898,0.5760869565217391,0.5822306238185255
0.1862,0.5374606175173282,0.027036896468880807,0.5833333333333333,0.4275362318840579,0.5163043478260869,0.5778985507246377,0.5822306238185255
0.1864,0.5389256458727159,0.026651358567631858,0.5851449275362319,0.4329710144927536,0.5126811594202898,0.5797101449275361,0.5841209829867675
0.1866,0.5418557025834909,0.026841700502807576,0.5887681159420289,0.4347826086956521,0.5163043478260869,0.5815217391304348,0.5879017013232515
0.1868,0.5472904851921865,0.029164245761252608,0.6068840579710145,0.4329710144927536,0.5163043478260869,0.592391304347826,0.5879017013232514
0.187,0.5487240075614366,0.029162288639595052,0.6123188405797101,0.43478260869565216,0.5181159420289856,0.592391304347826,0.5860113421550095
0.1872,0.5498267170762445,0.02957931920180202,0.6159420289855073,0.4347826086956522,0.5181159420289855,0.592391304347826,0.5879017013232514
0.1874,0.5531505986137366,0.029226598980928834,0.6177536231884058,0.44202898550724634,0.5163043478260869,0.5942028985507246,0.5954631379962192
0.1876,0.556064902331443,0.029537440868093724,0.625,0.4438405797101449,0.519927536231884,0.5942028985507246,0.5973534971644613
0.1878,0.5571518588531821,0.03023912150449079,0.6304347826086957,0.44384057971014484,0.5181159420289856,0.5960144927536232,0.5973534971644612
0.188,0.561925015752993,0.031181882110256808,0.6358695652173912,0.4456521739130434,0.519927536231884,0.6032608695652174,0.6049149338374291
0.1882,0.5637051039697543,0.03216197514439368,0.6431159420289855,0.4438405797101449,0.5217391304347826,0.6086956521739131,0.6011342155009451
0.1884,0.5637523629489604,0.03223361567042978,0.6358695652173914,0.4402173913043478,0.5253623188405797,0.6105072463768115,0.6068052930056711
0.1886,0.5623030875866414,0.03126679842945408,0.628623188405797,0.4456521739130435,0.5181159420289855,0.6123188405797102,0.6068052930056711
0.1888,0.5623818525519849,0.029999299527921318,0.6195652173913043,0.45108695652173914,0.5181159420289855,0.6068840579710145,0.6162570888468809
0.189,0.5620667926906112,0.030076478079088993,0.6123188405797101,0.4492753623188406,0.519927536231884,0.6068840579710145,0.6219281663516067
0.1892,0.562775677378702,0.029629700767824202,0.6105072463768115,0.4492753623188406,0.5253623188405797,0.608695652173913,0.6200378071833649
0.1894,0.5613264020163831,0.030178472230930314,0.6050724637681159,0.44565217391304346,0.5235507246376812,0.6123188405797101,0.6200378071833648
0.1896,0.5612791430371771,0.029511600203343032,0.605072463768116,0.447463768115942,0.5253623188405797,0.6141304347826088,0.6143667296786389
0.1898,0.5616729678638942,0.029308696557059373,0.6014492753623188,0.4492753623188405,0.5253623188405797,0.6141304347826088,0.6181474480151229
0.19,0.5617044738500314,0.02977670402917251,0.5996376811594202,0.44565217391304346,0.5289855072463768,0.6123188405797101,0.6219281663516069
0.1902,0.5616887208569629,0.029059574964130676,0.5942028985507246,0.4492753623188405,0.5289855072463768,0.6159420289855072,0.6200378071833649
0.1904,0.5624133585381221,0.028862377511215148,0.5905797101449275,0.4528985507246377,0.5271739130434782,0.6213768115942029,0.6200378071833648
0.1906,0.5616414618777568,0.02731984685605225,0.5778985507246377,0.4601449275362319,0.5289855072463768,0.6268115942028986,0.6143667296786389
0.1908,0.5619880277252679,0.02624659496163622,0.5706521739130435,0.4655797101449275,0.532608695652174,0.6286231884057971,0.612476370510397
0.191,0.5612633900441083,0.02603585573976788,0.5634057971014492,0.4655797101449275,0.5362318840579711,0.6286231884057971,0.6124763705103969
0.1912,0.5594675488342785,0.026901269617006472,0.5634057971014492,0.45833333333333337,0.536231884057971,0.625,0.6143667296786389
0.1914,0.5605702583490864,0.027074377305625598,0.5597826086956521,0.4601449275362319,0.5380434782608696,0.6286231884057971,0.6162570888468809
0.1916,0.5568840579710145,0.026009345096448425,0.5579710144927537,0.4583333333333333,0.5380434782608696,0.6213768115942029,0.6086956521739131
0.1918,0.5568683049779457,0.025416095968799547,0.5597826086956521,0.4583333333333333,0.5416666666666667,0.6177536231884058,0.6068052930056711
0.192,0.5550252047889099,0.025900791246744156,0.5579710144927537,0.4547101449275362,0.5398550724637682,0.6195652173913044,0.6030245746691871
0.1922,0.5550252047889099,0.025254102671906285,0.5471014492753623,0.45833333333333326,0.5471014492753623,0.6195652173913043,0.6030245746691871
0.1924,0.5524732199117832,0.02527581753037075,0.5398550724637681,0.45833333333333337,0.5434782608695652,0.6195652173913043,0.6011342155009451
0.1926,0.550645872715816,0.025758547452233268,0.532608695652174,0.45833333333333326,0.5398550724637681,0.6231884057971014,0.5992438563327032
0.1928,0.5528040327662256,0.025609343880739134,0.5380434782608695,0.45833333333333337,0.5452898550724637,0.625,0.5973534971644613
0.193,0.5506301197227473,0.0252494622218003,0.5271739130434783,0.4601449275362318,0.5471014492753623,0.6213768115942029,0.5973534971644612
0.1932,0.550252047889099,0.02526257553369508,0.5326086956521738,0.45652173913043476,0.5471014492753623,0.6195652173913044,0.5954631379962193
0.1934,0.5488185255198487,0.025828956389330346,0.5326086956521738,0.4510869565217391,0.5471014492753623,0.6159420289855073,0.5973534971644612
0.1936,0.5469754253308128,0.02514401344730904,0.5307971014492754,0.4528985507246377,0.5434782608695652,0.6141304347826088,0.5935727788279773
0.1938,0.5454946439823567,0.026325863588806737,0.5253623188405797,0.44565217391304346,0.5507246376811594,0.6159420289855072,0.5897920604914935
0.194,0.5461562696912413,0.02581546942594711,0.5235507246376812,0.4474637681159421,0.5615942028985508,0.6159420289855072,0.5822306238185255
0.1942,0.545778197857593,0.026565594550232916,0.519927536231884,0.44565217391304346,0.5634057971014492,0.6195652173913044,0.5803402646502835
0.1944,0.5435570258349086,0.026281054063925665,0.5181159420289856,0.44384057971014496,0.5652173913043479,0.6159420289855073,0.5746691871455576
0.1946,0.5416824196597354,0.02440539181195033,0.519927536231884,0.4474637681159421,0.5670289855072463,0.6068840579710145,0.5671077504725898
0.1948,0.541650913673598,0.02501038965486552,0.519927536231884,0.4456521739130435,0.5688405797101449,0.6105072463768116,0.5633270321361059
0.195,0.5376181474480152,0.0249261894659136,0.5163043478260869,0.4402173913043478,0.5742753623188406,0.5996376811594203,0.55765595463138
0.1952,0.5346565847511028,0.024692966124833807,0.5144927536231884,0.4384057971014492,0.5742753623188406,0.5960144927536233,0.5500945179584121
0.1954,0.5335538752362948,0.02561660460325949,0.5144927536231884,0.4329710144927536,0.5760869565217391,0.5960144927536232,0.5482041587901701
0.1956,0.5298834278512917,0.02670782904908093,0.5090579710144927,0.4257246376811595,0.5797101449275361,0.592391304347826,0.5425330812854442
0.1958,0.5284183994959042,0.025749927470173024,0.5090579710144928,0.427536231884058,0.5778985507246377,0.5869565217391304,0.5406427221172022
0.196,0.5254568367989918,0.026072211510372718,0.5072463768115942,0.42391304347826086,0.5797101449275363,0.5833333333333333,0.5330812854442344
0.1962,0.5232829237555136,0.026776238649889973,0.4945652173913044,0.4239130434782609,0.5742753623188406,0.5905797101449275,0.5330812854442344
0.1964,0.5236294896030246,0.02509114067708108,0.4927536231884058,0.4329710144927536,0.5778985507246377,0.5833333333333334,0.5311909262759924
0.1966,0.5213610586011341,0.025988317635558183,0.4891304347826087,0.4311594202898551,0.5797101449275361,0.5869565217391304,0.5198487712665406
0.1968,0.5227945809703843,0.02603572420683901,0.48913043478260865,0.4347826086956521,0.5815217391304347,0.5905797101449275,0.5179584120982986
0.197,0.5195022054190296,0.02480706403569985,0.48913043478260865,0.4347826086956521,0.5778985507246376,0.5815217391304348,0.5141776937618148
0.1972,0.5190768746061751,0.025455027480044575,0.4891304347826087,0.43478260869565216,0.5797101449275361,0.5851449275362319,0.5066162570888468
0.1974,0.51471329552615,0.02529751571116674,0.48550724637681164,0.42934782608695654,0.5778985507246377,0.5760869565217391,0.5047258979206048
0.1976,0.5143037177063643,0.026233899743056212,0.4855072463768116,0.427536231884058,0.5851449275362318,0.5742753623188406,0.49905482041587906
0.1978,0.5106332703213611,0.026417191666183316,0.47644927536231885,0.427536231884058,0.5815217391304348,0.5742753623188406,0.49338374291115317
0.198,0.5077347195967234,0.0264795152685981,0.46920289855072467,0.4257246376811594,0.572463768115942,0.5778985507246377,0.4933837429111531
0.1982,0.5069943289224953,0.026455522342329903,0.4710144927536232,0.42391304347826086,0.572463768115942,0.5760869565217391,0.4914933837429111
0.1984,0.5052142407057341,0.025666865534236315,0.46739130434782605,0.42391304347826086,0.5706521739130435,0.568840579710145,0.4952741020793951
0.1986,0.5023471959672338,0.026114313953573047,0.4583333333333333,0.42028985507246375,0.5670289855072465,0.5670289855072465,0.499054820415879
0.1988,0.4957466918714556,0.026195868114737467,0.4565217391304348,0.41123188405797106,0.5597826086956521,0.5615942028985508,0.4896030245746692
0.199,0.48799621928166353,0.025700143765922563,0.45833333333333326,0.40398550724637683,0.5507246376811594,0.5543478260869565,0.4725897920604915
0.1992,0.4854757403906742,0.02560199774055469,0.4547101449275362,0.4003623188405797,0.5452898550724637,0.5525362318840579,0.4744801512287335
0.1994,0.4818210459987397,0.026036866043009393,0.45108695652173914,0.39492753623188404,0.5416666666666666,0.5507246376811594,0.4706994328922495
0.1996,0.47851291745431634,0.02588300079082627,0.44565217391304346,0.3949275362318841,0.5380434782608696,0.5489130434782609,0.46502835538752363
0.1998,0.4774417139256458,0.025758235310069672,0.44202898550724634,0.3949275362318841,0.5326086956521738,0.5507246376811594,0.46691871455576556
0.2,0.4760239445494644,0.026594790573317748,0.4384057971014492,0.3894927536231884,0.5271739130434783,0.5543478260869565,0.4706994328922495
0.2002,0.47310964083175805,0.026796397791282497,0.43478260869565216,0.3858695652173913,0.5235507246376812,0.552536231884058,0.4688090737240075
0.2004,0.4719911783238815,0.02616600695517695,0.43478260869565216,0.38768115942028986,0.5235507246376812,0.5489130434782609,0.46502835538752363
0.2006,0.4705419029615626,0.027288594840293317,0.43115942028985504,0.3822463768115941,0.5235507246376812,0.5507246376811594,0.4650283553875236
0.2008,0.46652488972904854,0.028026146382432178,0.42391304347826086,0.37681159420289856,0.5235507246376812,0.5471014492753623,0.4612476370510397
0.201,0.46212980466288595,0.026699621502185723,0.4221014492753622,0.3768115942028985,0.5181159420289855,0.5380434782608696,0.45557655954631376
0.2012,0.4606805293005671,0.026426737760303312,0.4221014492753623,0.375,0.5144927536231884,0.536231884057971,0.45557655954631376
0.2014,0.4585381222432262,0.02638282195955173,0.4130434782608695,0.37499999999999994,0.5144927536231885,0.5307971014492753,0.45935727788279773
0.2016,0.4582073093887839,0.026227504413264414,0.41123188405797095,0.37499999999999994,0.5108695652173912,0.5307971014492753,0.4631379962192817
0.2018,0.457104599873976,0.02620065729006424,0.4094202898550724,0.375,0.5090579710144928,0.5307971014492753,0.46124763705103966
0.202,0.4560333963453056,0.026506229743092996,0.4130434782608695,0.36775362318840576,0.5090579710144927,0.5271739130434783,0.46313799621928164
0.2022,0.4582545683679899,0.025163373740623312,0.42028985507246375,0.3713768115942029,0.5054347826086957,0.5253623188405797,0.46880907372400754
0.2024,0.45822306238185256,0.023999731211603034,0.4184782608695652,0.3786231884057971,0.5072463768115942,0.5217391304347826,0.46502835538752363
0.2026,0.45708884688090745,0.023697867878241498,0.4148550724637681,0.3822463768115942,0.5090579710144928,0.5199275362318841,0.45935727788279773
0.2028,0.4582073093887839,0.022782941250602786,0.4148550724637681,0.3876811594202898,0.5036231884057971,0.5217391304347826,0.4631379962192817
0.203,0.45929426591052297,0.021774208478111193,0.41666666666666663,0.3931159420289855,0.5036231884057971,0.519927536231884,0.4631379962192817
0.2032,0.4629804662885948,0.021458618221461057,0.4184782608695652,0.39855072463768115,0.5036231884057971,0.5235507246376812,0.4706994328922495
0.2034,0.4636893509766856,0.01993982973684906,0.4257246376811594,0.40217391304347827,0.5,0.5217391304347826,0.46880907372400754
0.2036,0.46398865784499055,0.019989566255887596,0.42391304347826086,0.4076086956521739,0.5018115942028986,0.5253623188405797,0.46124763705103966
0.2038,0.4657687460617518,0.019999869965418995,0.4293478260869565,0.40942028985507245,0.5036231884057971,0.5289855072463768,0.4574669187145558
0.204,0.4657687460617518,0.019298369380947013,0.43115942028985504,0.41123188405797106,0.5018115942028986,0.5271739130434783,0.45746691871455575
0.2042,0.4653906742281033,0.018998208913165535,0.43115942028985504,0.4130434782608695,0.5,0.5271739130434783,0.45557655954631376
0.2044,0.46613106490233147,0.017427467242096036,0.4384057971014492,0.4148550724637681,0.49818840579710144,0.5217391304347826,0.4574669187145557
0.2046,0.46608380592312537,0.01703478587604495,0.4438405797101449,0.41666666666666663,0.4945652173913043,0.5235507246376812,0.45179584120982985
0.2048,0.46351606805293005,0.01678251162466399,0.44565217391304346,0.4130434782608695,0.4909420289855073,0.519927536231884,0.44801512287334594
0.205,0.4646345305608065,0.015120165557833947,0.4492753623188406,0.4184782608695652,0.48731884057971014,0.5163043478260869,0.45179584120982985
0.2052,0.46608380592312537,0.014773126327751834,0.4583333333333333,0.42028985507246375,0.48007246376811596,0.519927536231884,0.45179584120982985
0.2054,0.46641461877756774,0.014659116118406456,0.4619565217391304,0.4221014492753623,0.48007246376811596,0.519927536231884,0.44801512287334594
0.2056,0.4638153749212351,0.01395102711680071,0.4601449275362318,0.42391304347826086,0.4818840579710145,0.5126811594202899,0.44045368620037806
0.2058,0.4638626339004411,0.013286963768902876,0.45833333333333326,0.42391304347826086,0.48007246376811596,0.5108695652173914,0.446124763705104
0.206,0.4642407057340895,0.012023713824763414,0.4601449275362319,0.42934782608695654,0.4746376811594203,0.5090579710144927,0.44801512287334594
0.2062,0.4657214870825457,0.011739698644935603,0.4655797101449275,0.42934782608695654,0.47282608695652173,0.5090579710144927,0.45179584120982985
0.2064,0.46461877756773784,0.010063423297500691,0.4655797101449275,0.4347826086956522,0.47101449275362317,0.5018115942028986,0.44990548204158787
0.2066,0.4646030245746692,0.009177131871638058,0.4619565217391304,0.4384057971014493,0.48007246376811596,0.4945652173913043,0.4480151228733459
0.2068,0.4639256458727158,0.00930061833685513,0.4565217391304348,0.43478260869565216,0.4818840579710145,0.49275362318840576,0.4536862003780719
0.207,0.462822936357908,0.008216843331724318,0.4565217391304348,0.4384057971014493,0.4782608695652174,0.4891304347826087,0.4517958412098298
0.2072,0.4631379962192816,0.00797303784178084,0.46376811594202894,0.44021739130434784,0.4836956521739131,0.4818840579710145,0.44612476370510395
0.2074,0.46461877756773784,0.008161856633975947,0.46739130434782605,0.4384057971014493,0.4873188405797102,0.48007246376811596,0.44990548204158787
0.2076,0.46537492123503454,0.007469729795565326,0.46739130434782605,0.4402173913043478,0.48550724637681164,0.48007246376811585,0.45368620037807184
0.2078,0.4643194706994329,0.005028734392622249,0.4692028985507246,0.44565217391304346,0.4746376811594203,0.4746376811594203,0.4574669187145558
0.208,0.465752993068683,0.00571090648581434,0.46739130434782605,0.447463768115942,0.48188405797101447,0.47644927536231885,0.4555765595463138
0.2082,0.4609955891619408,0.006408483317652147,0.45833333333333337,0.44202898550724634,0.4782608695652174,0.47644927536231885,0.4499054820415879
0.2084,0.46140516698172657,0.005588872447604097,0.4565217391304348,0.4438405797101449,0.4782608695652174,0.47282608695652173,0.45557655954631376
0.2086,0.4603182104599874,0.004686582950274359,0.45108695652173914,0.44927536231884063,0.4746376811594203,0.47101449275362317,0.45557655954631376
0.2088,0.4617517328292376,0.0038134348976476095,0.45289855072463764,0.45833333333333337,0.47282608695652173,0.4710144927536233,0.45368620037807184
0.209,0.4613894139886578,0.003754001378698908,0.4510869565217391,0.4601449275362318,0.47101449275362317,0.47101449275362317,0.45368620037807184
0.2092,0.4632482671707624,0.0042333424831574136,0.447463768115942,0.46376811594202894,0.47282608695652173,0.47282608695652173,0.45935727788279773
0.2094,0.46069628229363574,0.002959550993274701,0.4492753623188406,0.46376811594202894,0.46557971014492755,0.46739130434782605,0.4574669187145557
0.2096,0.4585066162570889,0.0038046918976434446,0.4438405797101449,0.4619565217391304,0.46920289855072467,0.4619565217391305,0.45557655954631376
0.2098,0.4617989918084436,0.004481941084760902,0.4438405797101449,0.47101449275362317,0.47101449275362317,0.46376811594202894,0.45935727788279773
0.21,0.4628544423440454,0.0051133739900051725,0.44565217391304346,0.4782608695652174,0.47101449275362317,0.463768115942029,0.4555765595463138
0.2102,0.4617517328292376,0.0050566175321725415,0.447463768115942,0.4782608695652174,0.47101449275362317,0.45833333333333326,0.45368620037807184
0.2104,0.4621140516698173,0.004404870389143251,0.45108695652173914,0.47826086956521735,0.46739130434782605,0.4601449275362318,0.45368620037807184
0.2106,0.45915248897290495,0.005342127732437321,0.447463768115942,0.47826086956521735,0.46557971014492755,0.45833333333333337,0.446124763705104
0.2108,0.4602551984877127,0.005884901601572391,0.4438405797101449,0.48007246376811596,0.46739130434782605,0.4619565217391304,0.44801512287334594
0.211,0.4624291115311909,0.006520559451797498,0.447463768115942,0.48731884057971014,0.4655797101449276,0.46376811594202894,0.44801512287334594
0.2112,0.46203528670447386,0.007580087531620687,0.44565217391304346,0.4909420289855073,0.4655797101449275,0.46376811594202894,0.4442344045368619
0.2114,0.46203528670447386,0.007440250527449105,0.45108695652173914,0.49275362318840576,0.46014492753623193,0.4619565217391304,0.44423440453686197
0.2116,0.4613421550094518,0.007518862501110542,0.44565217391304346,0.4927536231884058,0.46014492753623193,0.4601449275362318,0.4480151228733459
0.2118,0.462822936357908,0.007176417726480332,0.4528985507246377,0.4945652173913043,0.4583333333333333,0.4565217391304348,0.45179584120982985
0.212,0.4624291115311909,0.007667841182631838,0.447463768115942,0.4945652173913043,0.4619565217391304,0.4601449275362319,0.4480151228733459
0.2122,0.45986137366099555,0.007677498787849084,0.4438405797101449,0.4909420289855072,0.45833333333333326,0.4619565217391304,0.444234404536862
0.2124,0.45842785129174535,0.006743436644600954,0.4474637681159421,0.4873188405797101,0.4528985507246377,0.45833333333333337,0.44612476370510395
0.2126,0.4602709514807814,0.005274482245454623,0.4528985507246377,0.4818840579710145,0.4528985507246377,0.46376811594202905,0.4499054820415879
0.2128,0.4606805293005672,0.005612108523326373,0.45108695652173914,0.4818840579710145,0.447463768115942,0.46739130434782605,0.45557655954631376
0.213,0.45962507876496533,0.004507591726977244,0.45471014492753625,0.47644927536231885,0.44565217391304346,0.4619565217391305,0.45935727788279773
0.2132,0.46183049779458096,0.003648482977500589,0.46195652173913043,0.47282608695652173,0.447463768115942,0.46376811594202905,0.46313799621928164
0.2134,0.4633742911153119,0.005016876950060002,0.4673913043478261,0.4692028985507246,0.44202898550724634,0.463768115942029,0.47448015122873344
0.2136,0.46120037807183356,0.004778202469438881,0.46557971014492755,0.46014492753623193,0.44202898550724634,0.46376811594202894,0.47448015122873344
0.2138,0.4604757403906742,0.006248813449751912,0.4692028985507246,0.4528985507246377,0.4365942028985507,0.4692028985507246,0.47448015122873344
0.214,0.46269691241335853,0.0071555567277186635,0.4782608695652174,0.45108695652173914,0.4384057971014493,0.4655797101449275,0.48015122873345933
0.2142,0.46268115942028987,0.007435926685429159,0.48007246376811596,0.45108695652173914,0.4365942028985507,0.4673913043478261,0.47826086956521735
0.2144,0.46192501575299305,0.008188635512400734,0.48188405797101447,0.44565217391304346,0.43478260869565216,0.47282608695652173,0.47448015122873344
0.2146,0.46668241965973534,0.008557515346906783,0.48913043478260865,0.44565217391304346,0.44202898550724634,0.47644927536231885,0.4801512287334593
0.2148,0.46597353497164457,0.009366740805872636,0.4909420289855072,0.4402173913043478,0.4420289855072464,0.4746376811594203,0.48204158790170126
0.215,0.46739130434782605,0.01092978487608576,0.5036231884057971,0.4365942028985508,0.44384057971014496,0.4746376811594203,0.4782608695652174
0.2152,0.46743856332703215,0.009697438126717242,0.4945652173913043,0.44202898550724634,0.44202898550724634,0.4746376811594203,0.4839319470699433
0.2154,0.4707466918714556,0.010614001538249832,0.5,0.4438405797101449,0.4420289855072464,0.4782608695652174,0.4896030245746692
0.2156,0.4707151858853182,0.010770541513626136,0.5054347826086957,0.44565217391304346,0.4420289855072464,0.4746376811594203,0.48582230623818523
0.2158,0.4729048519218651,0.01209035803919284,0.5108695652173912,0.4402173913043478,0.44384057971014496,0.4818840579710145,0.4877126654064272
0.216,0.4736452425960932,0.011982522228668567,0.5126811594202898,0.4365942028985508,0.4528985507246377,0.47644927536231885,0.48960302457466914
0.2162,0.47252678008821675,0.01244251930076948,0.5163043478260869,0.4329710144927536,0.4583333333333333,0.4692028985507246,0.4858223062381853
0.2164,0.46923440453686205,0.012314702205848327,0.5126811594202898,0.42934782608695654,0.4583333333333333,0.463768115942029,0.4820415879017014
0.2166,0.47397605545053556,0.014381138514526286,0.5271739130434783,0.4293478260869565,0.463768115942029,0.463768115942029,0.48582230623818523
0.2168,0.4765752993068683,0.014043571999594759,0.5253623188405797,0.43115942028985504,0.4673913043478261,0.4655797101449276,0.4933837429111531
0.217,0.47841839949590426,0.014756863775020182,0.5289855072463768,0.43115942028985504,0.4728260869565218,0.4619565217391305,0.4971644612476371
0.2172,0.47878071833648395,0.014697257186706995,0.5253623188405797,0.4257246376811594,0.47463768115942034,0.47101449275362317,0.4971644612476371
0.2174,0.47985192186515435,0.01525762403458498,0.5289855072463767,0.4239130434782609,0.47644927536231885,0.4746376811594203,0.49527410207939504
0.2176,0.483900441083806,0.015590491401037304,0.532608695652174,0.427536231884058,0.4710144927536232,0.48550724637681153,0.5028355387523629
0.2178,0.4871770636420919,0.015449814108115266,0.5344202898550724,0.4293478260869565,0.4782608695652174,0.48913043478260876,0.5047258979206048
0.218,0.48757088846880914,0.014990070110742715,0.532608695652174,0.4329710144927536,0.4746376811594203,0.48913043478260876,0.5085066162570888
0.2182,0.4886578449905482,0.016146810211011425,0.5398550724637681,0.4311594202898551,0.4746376811594203,0.48913043478260876,0.5085066162570888
0.2184,0.48827977315689974,0.016057151867631386,0.5398550724637681,0.43115942028985504,0.4746376811594203,0.48913043478260865,0.5066162570888468
0.2186,0.49081600504095774,0.0164200240971057,0.5398550724637681,0.427536231884058,0.4836956521739131,0.4963768115942029,0.5066162570888468
0.2188,0.4929741650913673,0.016712290877389204,0.5434782608695652,0.427536231884058,0.4927536231884058,0.4963768115942029,0.5047258979206048
0.219,0.49735349716446126,0.01571552885973263,0.5452898550724637,0.4365942028985507,0.4927536231884058,0.5036231884057971,0.5085066162570888
0.2192,0.49951165721487084,0.016032250660290202,0.5507246376811594,0.4402173913043478,0.48913043478260876,0.5108695652173914,0.5066162570888468
0.2194,0.5053402646502836,0.016237743285117432,0.552536231884058,0.4402173913043478,0.5090579710144927,0.5144927536231884,0.5103969754253308
0.2196,0.5053245116572148,0.016416109348197896,0.5543478260869565,0.4402173913043478,0.5108695652173914,0.5126811594202898,0.5085066162570888
0.2198,0.5053245116572148,0.017559784424495118,0.556159420289855,0.43478260869565216,0.5144927536231885,0.5126811594202898,0.5085066162570888
0.22,0.5093257718966603,0.01637439482552201,0.552536231884058,0.44202898550724634,0.5253623188405797,0.5163043478260869,0.5103969754253308
0.2202,0.5114681789540012,0.017266180140203376,0.5579710144927535,0.44202898550724634,0.5307971014492754,0.519927536231884,0.5066162570888468
0.2204,0.5133112791430371,0.01779418937255092,0.5634057971014492,0.44202898550724634,0.5289855072463767,0.5217391304347825,0.5103969754253308
0.2206,0.5140201638311279,0.01900215848621546,0.5634057971014492,0.4365942028985507,0.5307971014492754,0.5307971014492754,0.5085066162570888
0.2208,0.5121770636420921,0.01900671044788318,0.5597826086956522,0.4347826086956522,0.5344202898550724,0.5271739130434783,0.5047258979206048
0.221,0.5114051669817264,0.018231861125901982,0.556159420289855,0.4384057971014492,0.5326086956521738,0.5307971014492754,0.499054820415879
0.2212,0.5121140516698173,0.01891662804009355,0.556159420289855,0.43659420289855067,0.5344202898550725,0.536231884057971,0.497164461247637
0.2214,0.515012602394455,0.01934959574872446,0.5579710144927537,0.4384057971014492,0.5398550724637681,0.5416666666666667,0.4971644612476371
0.2216,0.5157057340894771,0.020555109968441104,0.5652173913043479,0.4365942028985507,0.5398550724637681,0.5434782608695652,0.4933837429111531
0.2218,0.5160207939508507,0.02209244364507045,0.5688405797101449,0.43297101449275366,0.5452898550724637,0.5452898550724637,0.48771266540642716
0.222,0.5178638941398865,0.022486738508312707,0.5652173913043479,0.4311594202898551,0.5543478260869565,0.5471014492753623,0.4914933837429111
0.2222,0.5185885318210459,0.023530152464573715,0.5670289855072463,0.427536231884058,0.5579710144927537,0.5489130434782609,0.4914933837429112
0.2224,0.5196597353497164,0.023676057872060452,0.5652173913043479,0.42934782608695654,0.5634057971014492,0.5507246376811594,0.4896030245746692
0.2226,0.5232986767485822,0.025070891190815264,0.5670289855072463,0.427536231884058,0.572463768115942,0.5579710144927537,0.4914933837429111
0.2228,0.5225582860743542,0.025536807748466776,0.5615942028985508,0.4257246376811594,0.5778985507246377,0.5579710144927537,0.4896030245746692
0.223,0.5247164461247638,0.026655147966725863,0.5615942028985508,0.4257246376811594,0.5869565217391304,0.5615942028985508,0.4877126654064272
0.2232,0.5269061121613107,0.02735447803469468,0.5652173913043479,0.4257246376811594,0.5942028985507246,0.5597826086956522,0.4896030245746692
0.2234,0.524306868304978,0.028217023967810142,0.5634057971014492,0.4221014492753623,0.5942028985507246,0.5597826086956522,0.4820415879017014
0.2236,0.5239445494643983,0.028211521543928572,0.5579710144927537,0.4221014492753623,0.5960144927536232,0.5615942028985508,0.4820415879017014
0.2238,0.5268115942028986,0.028350841545553878,0.5597826086956521,0.427536231884058,0.5942028985507246,0.5742753623188406,0.47826086956521746
0.224,0.5264492753623189,0.028268300769543876,0.5579710144927535,0.427536231884058,0.5942028985507246,0.5742753623188406,0.4782608695652174
0.2242,0.5286546943919344,0.028831836971025034,0.5543478260869564,0.4275362318840579,0.6014492753623188,0.5778985507246377,0.4820415879017013
0.2244,0.5271581600504096,0.029274905593761256,0.5507246376811594,0.4275362318840579,0.6032608695652174,0.5778985507246377,0.4763705103969754
0.2246,0.5264020163831128,0.030046119396946066,0.5489130434782609,0.4257246376811594,0.605072463768116,0.5797101449275361,0.47258979206049145
0.2248,0.5260396975425331,0.029993530020229038,0.5471014492753623,0.4257246376811594,0.605072463768116,0.5797101449275361,0.47258979206049145
0.225,0.5260081915563957,0.03039785972227791,0.5434782608695653,0.427536231884058,0.6068840579710145,0.5833333333333333,0.46880907372400754
0.2252,0.5253308128544424,0.030475463698265235,0.536231884057971,0.42391304347826086,0.6068840579710145,0.5851449275362319,0.47448015122873344
0.2254,0.525,0.03065140301219925,0.5344202898550725,0.42028985507246375,0.605072463768116,0.5869565217391304,0.47826086956521735
0.2256,0.5239130434782608,0.031228437215225367,0.5326086956521738,0.41666666666666663,0.6086956521739131,0.5833333333333334,0.47826086956521735
0.2258,0.5271581600504096,0.031641112245022036,0.5344202898550724,0.4221014492753623,0.6141304347826086,0.588768115942029,0.47637051039697537
0.226,0.5286074354127284,0.032075565062769575,0.5326086956521738,0.42391304347826086,0.6177536231884058,0.592391304347826,0.4763705103969754
0.2262,0.5311751732829237,0.032492444427299545,0.5307971014492753,0.4257246376811594,0.6231884057971014,0.5960144927536232,0.48015122873345933
0.2264,0.5308286074354127,0.03214507454818528,0.5181159420289855,0.4311594202898551,0.625,0.5978260869565217,0.4820415879017014
0.2266,0.5312224322621298,0.03277345450042721,0.5126811594202898,0.42934782608695654,0.6268115942028984,0.6014492753623188,0.4858223062381853
0.2268,0.5282923755513547,0.03290675749015058,0.5090579710144927,0.427536231884058,0.6286231884057971,0.5942028985507246,0.4820415879017013
0.227,0.5297889098928796,0.03338658296757976,0.5072463768115941,0.4257246376811594,0.6304347826086956,0.5978260869565217,0.48771266540642727
0.2272,0.5286862003780718,0.03395866252237756,0.5036231884057971,0.42391304347826086,0.6304347826086956,0.5996376811594203,0.4858223062381853
0.2274,0.5298519218651544,0.03503482658066674,0.49637681159420294,0.42028985507246375,0.6358695652173912,0.6014492753623188,0.4952741020793951
0.2276,0.5287964713295525,0.03617189494228019,0.48731884057971014,0.4166666666666667,0.6394927536231884,0.6014492753623188,0.49905482041587906
0.2278,0.5280875866414619,0.03713608728315079,0.48007246376811596,0.41485507246376807,0.6431159420289855,0.6014492753623188,0.5009451795841211
0.228,0.5295998739760555,0.03738774634886575,0.48007246376811596,0.41304347826086957,0.644927536231884,0.6014492753623188,0.5085066162570888
0.2282,0.5292375551354758,0.0373622434629074,0.47644927536231885,0.41485507246376807,0.644927536231884,0.6014492753623188,0.5085066162570888
0.2284,0.5288909892879647,0.03744924422316156,0.4782608695652174,0.411231884057971,0.6431159420289855,0.6014492753623188,0.5103969754253308
0.2286,0.5291902961562697,0.03878216434956657,0.4746376811594203,0.41304347826086957,0.6503623188405798,0.605072463768116,0.5028355387523629
0.2288,0.5295526149968495,0.0379689970835766,0.47644927536231885,0.41666666666666663,0.6503623188405798,0.6014492753623188,0.502835538752363
0.229,0.5299464398235665,0.038603643401111096,0.4746376811594203,0.4130434782608696,0.6485507246376812,0.6068840579710144,0.5066162570888468
0.2292,0.5306710775047259,0.03765526609064897,0.4746376811594203,0.4184782608695652,0.644927536231884,0.6086956521739131,0.5066162570888468
0.2294,0.5320888468809073,0.03823569515039217,0.4800724637681159,0.41666666666666663,0.6431159420289856,0.6177536231884058,0.5028355387523629
0.2296,0.5320888468809073,0.038923045362590634,0.483695652173913,0.41123188405797095,0.644927536231884,0.6177536231884058,0.5028355387523629
0.2298,0.5328292375551354,0.03896708077590043,0.4764492753623188,0.4166666666666667,0.6467391304347826,0.6195652173913043,0.5047258979206048
0.23,0.5313484562066793,0.03844861904353547,0.47282608695652173,0.42028985507246375,0.6431159420289856,0.6195652173913043,0.500945179584121
0.2302,0.5313484562066793,0.03946959489723411,0.4692028985507246,0.4184782608695652,0.6467391304347827,0.6213768115942029,0.500945179584121
0.2304,0.5302772526780088,0.03936093676529088,0.46739130434782605,0.41666666666666663,0.644927536231884,0.6195652173913043,0.502835538752363
0.2306,0.5270321361058602,0.039042295057450396,0.4601449275362319,0.41485507246376807,0.6394927536231885,0.6159420289855072,0.504725897920605
0.2308,0.5270478890989287,0.039649914918354796,0.4528985507246377,0.41666666666666663,0.6394927536231885,0.6195652173913043,0.5066162570888468
0.231,0.5281033396345306,0.040578379435495644,0.4492753623188406,0.42028985507246375,0.644927536231884,0.6231884057971014,0.502835538752363
0.2312,0.5244643982356648,0.04092027631812825,0.44021739130434784,0.4184782608695653,0.6394927536231884,0.6231884057971013,0.500945179584121
0.2314,0.5233931947069943,0.04159842623316704,0.4384057971014493,0.41304347826086957,0.6394927536231885,0.6231884057971014,0.5028355387523629
0.2316,0.524889729048519,0.04212917628200294,0.44202898550724634,0.40760869565217395,0.6376811594202898,0.6286231884057971,0.5085066162570888
0.2318,0.526291745431632,0.043105752891889955,0.4384057971014493,0.41304347826086957,0.6467391304347826,0.6304347826086957,0.5028355387523629
0.232,0.5251575299306869,0.042871999130907154,0.44021739130434784,0.41304347826086957,0.6431159420289856,0.6322463768115942,0.4971644612476371
0.2322,0.5284341524889729,0.04322617853513242,0.44202898550724634,0.4166666666666667,0.6431159420289855,0.6413043478260868,0.49905482041587906
0.2324,0.5258664146187775,0.043137952039085666,0.44202898550724634,0.41304347826086957,0.6376811594202899,0.6413043478260869,0.4952741020793951
0.2326,0.5266068052930056,0.04394214556509138,0.4384057971014493,0.4130434782608695,0.6431159420289855,0.641304347826087,0.4971644612476371
0.2328,0.5284499054820416,0.04397831326891368,0.43478260869565216,0.4184782608695652,0.6413043478260869,0.6467391304347826,0.500945179584121
0.233,0.5298834278512917,0.04647117255641889,0.43478260869565216,0.41123188405797095,0.6503623188405797,0.6539855072463768,0.49905482041587906
0.2332,0.5287964713295527,0.047350114814214604,0.4293478260869566,0.40942028985507245,0.6449275362318841,0.6612318840579711,0.499054820415879
0.2334,0.5302457466918715,0.047407794470966456,0.4329710144927536,0.4094202898550724,0.6485507246376813,0.6612318840579711,0.499054820415879
0.2336,0.5298834278512917,0.047579430249912034,0.4311594202898551,0.4094202898550724,0.6467391304347826,0.6630434782608695,0.49905482041587906
0.2338,0.5313484562066793,0.047344786624639174,0.42934782608695654,0.4148550724637681,0.6467391304347826,0.6648550724637682,0.500945179584121
0.234,0.5313799621928166,0.04662044258065474,0.427536231884058,0.41847826086956524,0.6376811594202899,0.6684782608695651,0.504725897920605
0.2342,0.5284499054820416,0.04667749490185022,0.4257246376811594,0.41485507246376807,0.6340579710144927,0.6666666666666667,0.500945179584121
0.2344,0.5280718336483932,0.04655437028630478,0.4221014492753623,0.42028985507246375,0.6268115942028986,0.6721014492753623,0.499054820415879
0.2346,0.526591052299937,0.04700037731930159,0.4148550724637681,0.42391304347826086,0.6268115942028986,0.6721014492753623,0.4952741020793951
0.2348,0.5283553875236295,0.04616969273043703,0.42391304347826086,0.427536231884058,0.6286231884057971,0.6721014492753623,0.4896030245746692
0.235,0.5287492123503467,0.04573422990371416,0.4257246376811594,0.427536231884058,0.621376811594203,0.6757246376811594,0.4933837429111531
0.2352,0.5323881537492123,0.04482023804015115,0.43115942028985504,0.43659420289855067,0.6177536231884059,0.6811594202898551,0.4952741020793951
0.2354,0.5324196597353497,0.04542010311434403,0.4293478260869565,0.43297101449275355,0.6177536231884059,0.6829710144927537,0.499054820415879
0.2356,0.5287492123503466,0.044026022445260736,0.4293478260869565,0.43297101449275355,0.6159420289855073,0.6721014492753623,0.4933837429111531
0.2358,0.527678008821676,0.045158765380158616,0.42210144927536225,0.42934782608695654,0.6213768115942029,0.6702898550724637,0.4952741020793951
0.236,0.5291430371770637,0.04470271450544328,0.4239130434782608,0.43297101449275355,0.6195652173913043,0.6721014492753623,0.497164461247637
0.2362,0.5305923125393825,0.04412948792838265,0.4293478260869565,0.4347826086956521,0.6177536231884058,0.6739130434782609,0.497164461247637
0.2364,0.5331285444234405,0.04353164900204189,0.4311594202898551,0.4438405797101449,0.6159420289855072,0.6775362318840579,0.497164461247637
0.2366,0.533144297416509,0.04221071681110413,0.4365942028985507,0.4438405797101449,0.6123188405797102,0.6739130434782609,0.499054820415879
0.2368,0.5331442974165091,0.04175733325366828,0.4365942028985507,0.447463768115942,0.6068840579710145,0.6757246376811594,0.499054820415879
0.237,0.5338846880907373,0.04130118388867917,0.4384057971014492,0.447463768115942,0.6105072463768116,0.6721014492753623,0.500945179584121
0.2372,0.5353654694391935,0.040059282169767986,0.44202898550724634,0.45108695652173914,0.6105072463768116,0.6684782608695653,0.5047258979206048
0.2374,0.5353654694391933,0.03940842245910021,0.4402173913043478,0.4565217391304347,0.608695652173913,0.6666666666666666,0.5047258979206048
0.2376,0.5353654694391935,0.038224747234580865,0.44202898550724634,0.4601449275362319,0.6086956521739131,0.6612318840579711,0.5047258979206048
0.2378,0.5353969754253308,0.037394676461879696,0.44021739130434784,0.463768115942029,0.6068840579710145,0.6576086956521738,0.5085066162570888
0.238,0.5343415248897291,0.03726648782905874,0.4365942028985507,0.463768115942029,0.6014492753623188,0.6576086956521738,0.5122873345935728
0.2382,0.5343415248897291,0.03643647886431945,0.43478260869565216,0.4710144927536232,0.5978260869565217,0.6557971014492754,0.5122873345935728
0.2384,0.5361531190926276,0.03548078350823995,0.4402173913043478,0.4746376811594203,0.5996376811594203,0.6539855072463768,0.5122873345935728
0.2386,0.5376181474480151,0.03517158030628032,0.4438405797101449,0.4746376811594203,0.6014492753623188,0.6539855072463768,0.5141776937618148
0.2388,0.5376496534341525,0.034159354785748844,0.44202898550724634,0.48007246376811596,0.5978260869565217,0.6503623188405796,0.5179584120982986
0.239,0.5369407687460617,0.03387636383411694,0.44202898550724634,0.4782608695652174,0.5960144927536232,0.6485507246376812,0.5198487712665407
0.2392,0.5380592312539382,0.03291583585551791,0.4456521739130435,0.48188405797101447,0.588768115942029,0.6503623188405796,0.5236294896030246
0.2394,0.5384057971014493,0.03225818054603059,0.447463768115942,0.4855072463768116,0.588768115942029,0.6485507246376812,0.5217391304347826
0.2396,0.5395242596093258,0.03044653311683562,0.4492753623188406,0.4945652173913043,0.5851449275362319,0.6431159420289855,0.5255198487712665
0.2398,0.5399023314429742,0.030525631150989028,0.447463768115942,0.4963768115942029,0.5851449275362318,0.6431159420289855,0.5274102079395085
0.24,0.5399180844360428,0.029789433877305597,0.4492753623188406,0.4963768115942029,0.5851449275362318,0.6394927536231884,0.5293005671077504
0.2402,0.540658475110271,0.0295437412698877,0.45108695652173914,0.4963768115942029,0.5851449275362319,0.6394927536231884,0.5311909262759924
0.2404,0.541398865784499,0.02914888307995,0.45108695652173914,0.5018115942028986,0.5797101449275363,0.6413043478260869,0.5330812854442344
0.2406,0.5410365469439193,0.029450202635981353,0.45108695652173914,0.49818840579710144,0.5815217391304348,0.6413043478260869,0.5330812854442344
0.2408,0.541052299936988,0.02969043796245661,0.4510869565217391,0.4963768115942029,0.5797101449275363,0.6431159420289855,0.5349716446124764
0.241,0.5403434152488973,0.028564345936876713,0.45289855072463764,0.5,0.5706521739130435,0.6413043478260869,0.5368620037807184
0.2412,0.540705734089477,0.028528156361090823,0.4547101449275362,0.5,0.5688405797101449,0.6431159420289855,0.5368620037807184
0.2414,0.5418399495904221,0.0279483439205176,0.45833333333333337,0.5,0.5652173913043479,0.6431159420289855,0.5425330812854443
0.2416,0.5422022684310018,0.027680760303338197,0.4583333333333333,0.5036231884057971,0.5634057971014492,0.6431159420289854,0.5425330812854442
0.2418,0.5432734719596723,0.02690296322304278,0.4583333333333333,0.5108695652173914,0.5670289855072463,0.6394927536231885,0.5406427221172023
0.242,0.5425330812854442,0.026653086674926822,0.45833333333333337,0.5108695652173914,0.5670289855072463,0.6376811594202898,0.5387523629489603
0.2422,0.5458254568367991,0.025611812796099608,0.4655797101449275,0.5144927536231885,0.5688405797101449,0.6376811594202898,0.5425330812854443
0.2424,0.5483931947069942,0.025325145845412015,0.4673913043478261,0.5181159420289855,0.572463768115942,0.6376811594202898,0.5463137996219282
0.2426,0.5476685570258348,0.024562168633276118,0.46920289855072467,0.519927536231884,0.5670289855072463,0.6358695652173912,0.5463137996219282
0.2428,0.5462350346565847,0.02343120968406196,0.46920289855072467,0.5235507246376812,0.5597826086956522,0.6304347826086957,0.5482041587901701
0.243,0.548109640831758,0.02300460661480957,0.4692028985507246,0.5253623188405797,0.5634057971014492,0.6268115942028986,0.555765595463138
0.2432,0.5510712035286705,0.02170955176122294,0.4764492753623189,0.5289855072463768,0.5615942028985508,0.625,0.5633270321361058
0.2434,0.5525519848771266,0.021203229057169662,0.480072463768116,0.5307971014492754,0.5597826086956521,0.625,0.5671077504725899
0.2436,0.5540642722117204,0.021360554406467638,0.480072463768116,0.532608695652174,0.5579710144927537,0.6250000000000001,0.5746691871455576
0.2438,0.5555135475740391,0.021786661644055242,0.48007246376811596,0.5344202898550725,0.5597826086956521,0.628623188405797,0.5746691871455576
0.244,0.5591524889729048,0.0219738499750396,0.48369565217391297,0.5380434782608695,0.5634057971014492,0.6340579710144927,0.5765595463137997
0.2442,0.5580970384373031,0.021673950027818828,0.483695652173913,0.536231884057971,0.5597826086956521,0.6304347826086957,0.5803402646502837
0.2444,0.5573881537492124,0.021101175082688637,0.4855072463768116,0.5344202898550724,0.5579710144927537,0.6268115942028986,0.5822306238185255
0.2446,0.5574354127284183,0.0213630845537263,0.4855072463768116,0.536231884057971,0.5507246376811594,0.6268115942028986,0.5879017013232515
0.2448,0.5606805293005671,0.020161315414898896,0.4945652173913043,0.5380434782608695,0.556159420289855,0.6286231884057971,0.5860113421550094
0.245,0.5640044108380592,0.021187905683093665,0.4945652173913043,0.5398550724637681,0.5579710144927537,0.6340579710144928,0.5935727788279773
0.2452,0.5639729048519219,0.01992640173502985,0.49818840579710144,0.5416666666666666,0.5597826086956522,0.6304347826086957,0.5897920604914934
0.2454,0.5643037177063641,0.020388214743526225,0.49818840579710144,0.5452898550724637,0.556159420289855,0.6358695652173914,0.5860113421550094
0.2456,0.5653906742281033,0.020593945136461744,0.49818840579710144,0.5452898550724637,0.5597826086956521,0.6376811594202899,0.5860113421550094
0.2458,0.5661310649023314,0.02100675181390341,0.49999999999999994,0.5452898550724637,0.5561594202898551,0.6413043478260869,0.5879017013232514
0.246,0.5664933837429111,0.021266953717195308,0.5,0.5452898550724637,0.5561594202898551,0.6431159420289855,0.5879017013232514
0.2462,0.5683364839319471,0.020991341759425297,0.503623188405797,0.5434782608695652,0.5597826086956522,0.6431159420289855,0.5916824196597353
0.2464,0.5701323251417769,0.021074415123237253,0.5054347826086956,0.5452898550724637,0.5634057971014492,0.6467391304347826,0.5897920604914934
0.2466,0.5723377441713925,0.022180746792884894,0.5054347826086956,0.5489130434782609,0.5597826086956521,0.6539855072463768,0.5935727788279774
0.2468,0.5719754253308128,0.02266277508230786,0.5054347826086956,0.5434782608695652,0.5615942028985508,0.6557971014492753,0.5935727788279773
0.247,0.5723377441713925,0.024255748512332448,0.5018115942028986,0.5416666666666666,0.5615942028985508,0.6630434782608696,0.5935727788279773
0.2472,0.5720069313169501,0.025541411538067854,0.5,0.5344202898550724,0.5615942028985508,0.6666666666666666,0.5973534971644613
0.2474,0.5738500315059861,0.026430749021050262,0.5,0.536231884057971,0.5597826086956521,0.6721014492753623,0.6011342155009453
0.2476,0.5723692501575299,0.02669075317789798,0.4963768115942029,0.536231884057971,0.5597826086956521,0.6721014492753623,0.5973534971644613
0.2478,0.5709672337744172,0.02781648510628134,0.4945652173913043,0.532608695652174,0.5507246376811594,0.6739130434782609,0.6030245746691871
0.248,0.5716918714555765,0.029190116777330105,0.48913043478260876,0.5307971014492754,0.5561594202898551,0.6793478260869565,0.6030245746691871
0.2482,0.5717233774417139,0.029973020835745916,0.4873188405797101,0.5289855072463768,0.5543478260869564,0.6811594202898551,0.6068052930056711
0.2484,0.5728103339634532,0.028956431815912485,0.48913043478260865,0.532608695652174,0.5579710144927535,0.677536231884058,0.6068052930056711
0.2486,0.5735507246376812,0.02977899410344589,0.4873188405797101,0.532608695652174,0.5579710144927537,0.6811594202898551,0.6086956521739131
0.2488,0.5742753623188406,0.030841826007290442,0.48550724637681164,0.5307971014492754,0.5597826086956521,0.6865942028985507,0.6086956521739131
0.249,0.5742753623188406,0.031142563691223608,0.48550724637681164,0.5307971014492754,0.5579710144927537,0.6884057971014492,0.6086956521739131
0.2492,0.5738972904851922,0.030281747111022928,0.48550724637681164,0.536231884057971,0.5561594202898551,0.6847826086956521,0.6068052930056711
0.2494,0.571030245746692,0.030890092269490185,0.48007246376811596,0.532608695652174,0.5507246376811594,0.681159420289855,0.6105860113421551
0.2496,0.571030245746692,0.030586872324899067,0.48007246376811596,0.532608695652174,0.552536231884058,0.6793478260869565,0.6105860113421551
0.2498,0.5743226212980466,0.031112521035145318,0.4818840579710145,0.5362318840579711,0.5543478260869565,0.6847826086956522,0.6143667296786389
0.25,0.5735979836168872,0.032160888735175815,0.4746376811594203,0.5380434782608695,0.5543478260869565,0.6865942028985508,0.6143667296786389
0.2502,0.5714083175803403,0.03271949068796051,0.46739130434782605,0.5380434782608695,0.5543478260869565,0.6847826086956521,0.6124763705103969
0.2504,0.5692028985507246,0.03330338919673308,0.46195652173913043,0.536231884057971,0.5543478260869565,0.6847826086956521,0.6086956521739131
0.2506,0.5688720856962823,0.034338537472021036,0.46195652173913043,0.5289855072463768,0.552536231884058,0.6884057971014492,0.6124763705103969
0.2508,0.5703056080655324,0.03542717225682022,0.4601449275362318,0.5289855072463768,0.556159420289855,0.6956521739130435,0.6105860113421551
0.251,0.571030245746692,0.03506957626090699,0.46195652173913043,0.532608695652174,0.5543478260869565,0.6956521739130435,0.6105860113421551
0.2512,0.5702898550724638,0.034101883500872475,0.4655797101449275,0.5307971014492754,0.5543478260869565,0.6920289855072463,0.6086956521739131
0.2514,0.5732199117832388,0.0334060379343241,0.46739130434782605,0.5380434782608695,0.5579710144927537,0.6902173913043478,0.6124763705103969
0.2516,0.5739287964713295,0.033140902562487314,0.46739130434782605,0.5416666666666666,0.5597826086956521,0.6902173913043478,0.6105860113421551
0.2518,0.5742596093257719,0.0332671765808621,0.4692028985507246,0.5416666666666666,0.5597826086956521,0.6938405797101449,0.6068052930056711
0.252,0.5746376811594203,0.03285494780155735,0.47101449275362317,0.5416666666666666,0.5597826086956521,0.6920289855072463,0.6086956521739131
0.2522,0.5749684940138626,0.032705811688900736,0.4692028985507246,0.5471014492753623,0.5615942028985508,0.6920289855072463,0.6049149338374291
0.2524,0.5727315689981096,0.03282467612691093,0.47282608695652173,0.5416666666666665,0.556159420289855,0.6956521739130436,0.5973534971644612
0.2526,0.5745274102079396,0.03334847539934612,0.4746376811594203,0.5398550724637681,0.5615942028985508,0.7010869565217391,0.5954631379962192
0.2528,0.5729993698802772,0.034732541212169114,0.4746376811594203,0.5380434782608696,0.5561594202898551,0.7101449275362318,0.5860113421550094
0.253,0.5740863264020164,0.03397096777606228,0.4782608695652174,0.5380434782608696,0.5597826086956522,0.7083333333333334,0.5860113421550094
0.2532,0.5733616887208569,0.033143156353072835,0.4782608695652174,0.536231884057971,0.5634057971014493,0.7028985507246377,0.5860113421550094
0.2534,0.5725897920604914,0.032930934779221606,0.4800724637681159,0.5344202898550725,0.5652173913043478,0.7028985507246377,0.5803402646502835
0.2536,0.5733774417139257,0.032804060907365165,0.48188405797101447,0.5289855072463768,0.5670289855072463,0.7010869565217391,0.5879017013232514
0.2538,0.573015122873346,0.032526379394545724,0.4800724637681159,0.5271739130434783,0.572463768115942,0.6974637681159421,0.5879017013232514
0.254,0.5704473850031506,0.032299687446869244,0.4818840579710145,0.5217391304347826,0.5688405797101449,0.6956521739130435,0.5841209829867675
0.2542,0.573015122873346,0.03187820454300896,0.4818840579710145,0.5253623188405797,0.5760869565217391,0.6938405797101449,0.5879017013232515
0.2544,0.5722747321991178,0.03128108607869139,0.4800724637681159,0.5253623188405797,0.5815217391304348,0.6884057971014492,0.5860113421550095
0.2546,0.5715343415248897,0.029879972290184676,0.48188405797101447,0.5271739130434783,0.5833333333333334,0.6811594202898551,0.5841209829867674
0.2548,0.5741178323881537,0.030179930951252112,0.4836956521739131,0.5235507246376812,0.5923913043478262,0.6811594202898551,0.5897920604914934
0.255,0.5726370510396975,0.028741908075912936,0.4855072463768116,0.5253623188405797,0.5923913043478262,0.6739130434782609,0.5860113421550095
0.2552,0.5726528040327662,0.028052384075020656,0.4873188405797101,0.5253623188405797,0.592391304347826,0.6702898550724637,0.5879017013232515
0.2554,0.5727315689981096,0.0282135762829905,0.4873188405797101,0.5199275362318841,0.5923913043478262,0.6666666666666666,0.5973534971644612
0.2556,0.5715973534971645,0.02663573533993957,0.48913043478260865,0.5253623188405797,0.5905797101449275,0.6612318840579711,0.5916824196597353
0.2558,0.5723377441713925,0.025211114911871047,0.4909420289855072,0.5289855072463768,0.5960144927536232,0.6521739130434783,0.5935727788279773
0.256,0.5700850661625709,0.0251173103865055,0.4927536231884058,0.5217391304347827,0.6032608695652174,0.6485507246376812,0.5841209829867675
0.2562,0.5708097038437303,0.02484524192201629,0.4927536231884058,0.5235507246376812,0.6086956521739131,0.644927536231884,0.5841209829867675
0.2564,0.5701165721487083,0.02490062813220649,0.49275362318840576,0.5199275362318841,0.6068840579710145,0.6431159420289855,0.5879017013232514
0.2566,0.57117202268431,0.025754892068813436,0.4909420289855072,0.5217391304347826,0.6105072463768116,0.6485507246376812,0.5841209829867675
0.2568,0.5686042848141147,0.026019462379734383,0.48913043478260865,0.516304347826087,0.6123188405797101,0.644927536231884,0.5803402646502835
0.257,0.5675015752993069,0.026714484677128527,0.4873188405797101,0.5126811594202899,0.6123188405797101,0.6467391304347826,0.5784499054820416
0.2572,0.5663673597983616,0.02781232394126173,0.48550724637681153,0.5090579710144927,0.6123188405797102,0.6521739130434783,0.5727788279773156
0.2574,0.5627284183994959,0.02784523758997311,0.4782608695652174,0.5072463768115941,0.6141304347826086,0.6431159420289856,0.5708884688090737
0.2576,0.5623976055450537,0.028074701218513735,0.4746376811594203,0.5072463768115942,0.6159420289855073,0.6394927536231885,0.5746691871455577
0.2578,0.5620195337114052,0.028132469340959577,0.47282608695652173,0.5090579710144928,0.6159420289855073,0.6394927536231885,0.5727788279773156
0.258,0.5612633900441084,0.028647340030678717,0.47282608695652173,0.5054347826086957,0.6195652173913044,0.6394927536231885,0.5689981096408318
0.2582,0.558349086326402,0.02828691410357825,0.47282608695652173,0.5,0.6195652173913043,0.6322463768115942,0.5671077504725898
0.2584,0.5557655954631381,0.028681031096634158,0.46739130434782605,0.5,0.6213768115942029,0.6286231884057971,0.5614366729678639
0.2586,0.5524889729048519,0.02973878553315556,0.4619565217391304,0.4927536231884058,0.6195652173913043,0.6286231884057971,0.5595463137996219
0.2588,0.5517013232514177,0.02967263145959845,0.46376811594202894,0.49275362318840576,0.6195652173913043,0.6304347826086957,0.551984877126654
0.259,0.5509766855702584,0.030370850608471806,0.4619565217391304,0.4891304347826087,0.6195652173913043,0.6322463768115942,0.5519848771266541
0.2592,0.549905482041588,0.030187927169838334,0.45833333333333326,0.49094202898550726,0.6141304347826086,0.6322463768115942,0.5538752362948961
0.2594,0.5495589161940768,0.030981274939802225,0.45471014492753625,0.48913043478260865,0.6141304347826086,0.6340579710144927,0.555765595463138
0.2596,0.5473692501575299,0.03183641003626369,0.45108695652173914,0.483695652173913,0.6141304347826086,0.6340579710144928,0.5538752362948961
0.2598,0.5465816005040958,0.03219703380735018,0.4528985507246376,0.48188405797101447,0.6123188405797102,0.6394927536231885,0.5463137996219282
0.26,0.5425488342785129,0.03327447118054196,0.44565217391304346,0.4764492753623188,0.6123188405797102,0.6376811594202899,0.5406427221172022
0.2602,0.5410365469439193,0.03431305653638191,0.44202898550724634,0.47463768115942023,0.6195652173913043,0.6358695652173914,0.5330812854442344
0.2604,0.5396030245746691,0.03469412385216583,0.43478260869565216,0.47644927536231885,0.6159420289855072,0.6358695652173914,0.5349716446124764
0.2606,0.5403119092627598,0.03545667638517544,0.431159420289855,0.48007246376811596,0.6177536231884058,0.6394927536231884,0.5330812854442344
0.2608,0.5392091997479521,0.03624499365581661,0.427536231884058,0.47826086956521735,0.6177536231884058,0.6413043478260869,0.5311909262759924
0.261,0.5406742281033396,0.03653309359917574,0.4257246376811594,0.48188405797101447,0.6213768115942029,0.6413043478260869,0.5330812854442344
0.2612,0.5410365469439193,0.03753604730094236,0.42391304347826086,0.48007246376811596,0.6195652173913043,0.6485507246376812,0.5330812854442344
0.2614,0.5403119092627598,0.036693907682415,0.4257246376811594,0.48007246376811596,0.6195652173913043,0.6431159420289855,0.5330812854442344
0.2616,0.5388311279143038,0.0368913640149651,0.4257246376811593,0.47644927536231885,0.6231884057971014,0.6394927536231885,0.5293005671077504
0.2618,0.5388626339004411,0.037206952943861164,0.4239130434782608,0.4746376811594203,0.6231884057971014,0.6394927536231884,0.5330812854442344
0.262,0.5388626339004411,0.03841857958136321,0.42028985507246375,0.47282608695652173,0.6213768115942029,0.6467391304347826,0.5330812854442344
0.2622,0.5381852551984878,0.03814878884344649,0.42028985507246375,0.4692028985507247,0.6177536231884058,0.644927536231884,0.5387523629489603
0.2624,0.5363894139886579,0.036552728612443484,0.4221014492753623,0.4692028985507246,0.6177536231884058,0.6322463768115942,0.5406427221172023
0.2626,0.5357277882797731,0.03678078369524893,0.41666666666666663,0.4692028985507246,0.6159420289855072,0.6286231884057971,0.5482041587901701
0.2628,0.5353654694391934,0.03620566295919513,0.4184782608695652,0.4692028985507246,0.6141304347826088,0.6268115942028986,0.54820415879017
0.263,0.5342312539382482,0.03616842336960856,0.4184782608695652,0.4692028985507246,0.6123188405797101,0.6286231884057971,0.5425330812854442
0.2632,0.5335066162570888,0.034921565328618676,0.42391304347826086,0.4673913043478261,0.608695652173913,0.625,0.5425330812854443
0.2634,0.5324196597353497,0.03542573626377096,0.4221014492753623,0.46376811594202894,0.6086956521739131,0.625,0.5425330812854442
0.2636,0.5339319470699433,0.03295009845085923,0.43115942028985504,0.46739130434782605,0.6014492753623188,0.6195652173913043,0.550094517958412
0.2638,0.5324826717076244,0.03332376253717128,0.4293478260869565,0.463768115942029,0.5996376811594203,0.6195652173913043,0.5500945179584121
0.264,0.5321518588531822,0.03301774285638373,0.427536231884058,0.4655797101449276,0.5960144927536232,0.6177536231884058,0.553875236294896
0.2642,0.5340264650283555,0.03182669941731805,0.4347826086956521,0.4655797101449276,0.5942028985507246,0.6141304347826086,0.5614366729678639
0.2644,0.5351764335223692,0.03349527618244525,0.42934782608695654,0.46376811594202905,0.5942028985507247,0.6195652173913043,0.5689981096408318
0.2646,0.5359483301827348,0.0350683747138854,0.42391304347826086,0.4619565217391304,0.5960144927536232,0.6231884057971016,0.5746691871455576
0.2648,0.5355860113421549,0.03505430973111335,0.4257246376811594,0.4583333333333333,0.5996376811594203,0.6195652173913043,0.5746691871455576
0.265,0.5389098928796472,0.03405757026531782,0.43659420289855067,0.45833333333333337,0.5942028985507247,0.6231884057971014,0.5822306238185255
0.2652,0.5400126023944549,0.034693842034492536,0.4329710144927536,0.4619565217391304,0.592391304347826,0.6286231884057971,0.5841209829867675
0.2654,0.5392564587271582,0.03364083002304486,0.4384057971014493,0.4601449275362318,0.592391304347826,0.625,0.5803402646502835
0.2656,0.5381537492123503,0.03353645071207718,0.4384057971014493,0.45833333333333326,0.592391304347826,0.6231884057971014,0.5784499054820416
0.2658,0.5386263390044108,0.0341083447966509,0.4384057971014493,0.45471014492753625,0.5869565217391304,0.6213768115942029,0.5916824196597353
0.266,0.5386578449905481,0.03389190030453763,0.4384057971014492,0.45471014492753625,0.5905797101449276,0.6141304347826086,0.5954631379962193
0.2662,0.5394139886578451,0.03337348523878877,0.4420289855072464,0.45471014492753625,0.592391304347826,0.6086956521739131,0.5992438563327032
0.2664,0.536531190926276,0.03266173629632562,0.44021739130434784,0.4547101449275362,0.5869565217391304,0.5996376811594203,0.6011342155009451
0.2666,0.5398550724637681,0.031698239823332475,0.4438405797101449,0.46376811594202894,0.5869565217391304,0.5960144927536232,0.6086956521739131
0.2668,0.5423913043478261,0.031204046237231796,0.4492753623188406,0.4655797101449275,0.592391304347826,0.5960144927536232,0.6086956521739131
0.267,0.5449905482041588,0.030889586152326485,0.4583333333333333,0.46376811594202905,0.5942028985507246,0.592391304347826,0.616257088846881
0.2672,0.5471959672337745,0.030809724624335882,0.45833333333333337,0.46920289855072467,0.5978260869565217,0.5905797101449275,0.6200378071833648
0.2674,0.5468021424070575,0.030611356214997252,0.4565217391304348,0.4710144927536233,0.5996376811594203,0.5905797101449275,0.6162570888468809
0.2676,0.5471329552614997,0.02930589892609576,0.46376811594202894,0.47101449275362317,0.5978260869565217,0.5905797101449275,0.612476370510397
0.2678,0.5489760554505356,0.02907344848251495,0.4673913043478261,0.47282608695652173,0.5996376811594203,0.5887681159420289,0.6162570888468808
0.268,0.5508034026465027,0.027210421764027933,0.4746376811594203,0.48007246376811585,0.5923913043478262,0.5887681159420289,0.6181474480151229
0.2682,0.5522526780088216,0.026749283591438248,0.48188405797101447,0.4782608695652173,0.5960144927536233,0.5869565217391304,0.6181474480151229
0.2684,0.5511972274732198,0.026611305101457632,0.4800724637681159,0.48007246376811585,0.5905797101449276,0.5833333333333333,0.6219281663516067
0.2686,0.5534183994959042,0.02723099216960344,0.48369565217391297,0.4782608695652173,0.592391304347826,0.5851449275362319,0.6275992438563327
0.2688,0.5527095148078136,0.02747981658892475,0.4855072463768116,0.4746376811594203,0.5905797101449276,0.5833333333333333,0.6294896030245747
0.269,0.5501102709514807,0.026100179596517503,0.48731884057971014,0.4746376811594203,0.5869565217391304,0.5797101449275361,0.6219281663516067
0.2692,0.5508191556395715,0.02652084947748715,0.4891304347826087,0.47101449275362317,0.5851449275362318,0.588768115942029,0.6200378071833648
0.2694,0.5501102709514807,0.026970876045071403,0.48550724637681153,0.47101449275362317,0.5833333333333334,0.588768115942029,0.6219281663516067
0.2696,0.5504568367989918,0.02677922271480304,0.48913043478260865,0.4692028985507246,0.5815217391304348,0.5923913043478262,0.6200378071833648
0.2698,0.5537649653434152,0.026880437658798925,0.4927536231884058,0.47282608695652173,0.5797101449275363,0.5978260869565217,0.6257088846880907
0.27,0.5548361688720858,0.025913251280260077,0.4963768115942029,0.47644927536231885,0.5797101449275363,0.5978260869565217,0.6238185255198488
0.2702,0.5566792690611215,0.026058484762552375,0.49818840579710144,0.47826086956521746,0.5797101449275363,0.5996376811594203,0.6275992438563327
0.2704,0.5584908632640202,0.026051255749234243,0.5,0.480072463768116,0.5797101449275363,0.605072463768116,0.6275992438563327
0.2706,0.5588216761184626,0.025470942347859755,0.5036231884057971,0.480072463768116,0.5797101449275363,0.6068840579710145,0.6238185255198487
0.2708,0.5569155639571519,0.024328105659698784,0.5036231884057971,0.4818840579710145,0.5760869565217391,0.6105072463768115,0.612476370510397
0.271,0.5594833018273472,0.024157936765215538,0.5126811594202898,0.4818840579710145,0.572463768115942,0.6141304347826088,0.6162570888468809
0.2712,0.5587586641461877,0.024627596777160945,0.5126811594202898,0.4782608695652174,0.572463768115942,0.6141304347826086,0.6162570888468809
0.2714,0.5606017643352237,0.024654361196184787,0.5144927536231884,0.48007246376811596,0.5742753623188406,0.6141304347826088,0.6200378071833648
0.2716,0.5594675488342784,0.023252549054365492,0.5181159420289856,0.4818840579710145,0.572463768115942,0.6105072463768115,0.6143667296786389
0.2718,0.5605387523629489,0.02292702539038863,0.5181159420289856,0.4855072463768116,0.572463768115942,0.6141304347826086,0.612476370510397
0.272,0.5601606805293006,0.023422782075860283,0.519927536231884,0.4818840579710145,0.5706521739130435,0.6177536231884059,0.6105860113421551
0.2722,0.5627284183994959,0.023627584464261463,0.5217391304347826,0.48369565217391297,0.5742753623188406,0.6195652173913044,0.6143667296786389
0.2724,0.5620352867044739,0.025102784693144004,0.519927536231884,0.4782608695652174,0.5706521739130435,0.6231884057971014,0.6181474480151228
0.2726,0.5612948960302457,0.025215227044661132,0.5181159420289855,0.4782608695652174,0.568840579710145,0.625,0.6162570888468809
0.2728,0.5594517958412099,0.024412559279387097,0.5181159420289855,0.48007246376811596,0.5634057971014493,0.6231884057971014,0.6124763705103969
0.273,0.563815374921235,0.02421869273475098,0.5253623188405796,0.48369565217391297,0.5670289855072463,0.6286231884057971,0.6143667296786389
0.2732,0.5619565217391305,0.02357245374392209,0.5289855072463768,0.4818840579710145,0.5634057971014492,0.6268115942028986,0.6086956521739131
0.2734,0.56088531821046,0.02373557367320118,0.5253623188405797,0.4818840579710144,0.5615942028985507,0.625,0.6105860113421551
0.2736,0.5594360428481412,0.024598363998871334,0.5181159420289856,0.4836956521739131,0.5543478260869565,0.6304347826086957,0.6105860113421551
0.2738,0.5594202898550724,0.02504144852214777,0.5199275362318841,0.483695652173913,0.5489130434782609,0.6358695652173914,0.6086956521739131
0.274,0.5575929426591053,0.024845765293006642,0.5144927536231885,0.48550724637681153,0.5471014492753623,0.6340579710144928,0.6068052930056711
0.2742,0.5546943919344676,0.02489290536710582,0.5108695652173914,0.48188405797101447,0.5452898550724637,0.6286231884057971,0.6068052930056711
0.2744,0.5546628859483302,0.024163766600860608,0.5126811594202899,0.48731884057971014,0.5398550724637681,0.6304347826086957,0.6030245746691871
0.2746,0.5524732199117832,0.022979793310185796,0.5144927536231885,0.48550724637681164,0.5398550724637681,0.6213768115942029,0.6011342155009451
0.2748,0.5517800882167612,0.02265606394475192,0.5163043478260869,0.4855072463768116,0.536231884057971,0.6159420289855072,0.6049149338374291
0.275,0.5546786389413989,0.02237585434606746,0.5235507246376812,0.4873188405797101,0.5380434782608696,0.6195652173913044,0.6049149338374291
0.2752,0.5546786389413989,0.022632522012216393,0.5271739130434783,0.483695652173913,0.5380434782608696,0.6195652173913043,0.6049149338374291
0.2754,0.553575929426591,0.023764541598116317,0.5217391304347826,0.4782608695652174,0.5416666666666666,0.6231884057971014,0.6030245746691871
0.2756,0.5524889729048519,0.02363338132203378,0.5217391304347826,0.4782608695652174,0.5380434782608696,0.6213768115942029,0.6030245746691871
0.2758,0.5506773787019533,0.02379871768835227,0.5217391304347826,0.4764492753623188,0.532608695652174,0.6195652173913043,0.6030245746691871
0.276,0.5510396975425331,0.023400582065595796,0.5289855072463768,0.47644927536231885,0.5289855072463767,0.6177536231884058,0.6030245746691871
0.2762,0.5477473219911783,0.021577913758847028,0.5235507246376812,0.483695652173913,0.5235507246376812,0.608695652173913,0.5992438563327032
0.2764,0.5477315689981096,0.020492179780339743,0.5253623188405797,0.48369565217391297,0.5289855072463767,0.6032608695652174,0.5973534971644613
0.2766,0.5499369880277253,0.020849382399632296,0.5271739130434783,0.483695652173913,0.5326086956521738,0.605072463768116,0.6011342155009451
0.2768,0.5507088846880908,0.02133472232093551,0.5289855072463768,0.4855072463768116,0.5271739130434783,0.605072463768116,0.6068052930056711
0.277,0.5517643352236925,0.02055278945409579,0.5271739130434782,0.4927536231884058,0.5271739130434783,0.608695652173913,0.6030245746691871
0.2772,0.5528040327662256,0.019123829942082865,0.5289855072463768,0.49818840579710144,0.5307971014492754,0.6086956521739131,0.5973534971644613
0.2774,0.5542690611216131,0.01863449243141835,0.5307971014492754,0.5,0.5344202898550725,0.6068840579710145,0.5992438563327033
0.2776,0.5527882797731569,0.019445376215417202,0.532608695652174,0.4909420289855072,0.536231884057971,0.6086956521739131,0.5954631379962193
0.2778,0.5542533081285443,0.019677391474646304,0.536231884057971,0.49094202898550726,0.536231884057971,0.6105072463768115,0.5973534971644613
0.278,0.5535601764335224,0.02010148580730077,0.5344202898550725,0.48731884057971014,0.5380434782608695,0.6068840579710145,0.6011342155009453
0.2782,0.5539224952741021,0.02004809105072822,0.5398550724637682,0.4873188405797101,0.5344202898550725,0.6068840579710145,0.6011342155009451
0.2784,0.5550252047889099,0.01951239003451838,0.5416666666666666,0.4909420289855072,0.5344202898550725,0.605072463768116,0.6030245746691871
0.2786,0.555765595463138,0.018567119447865512,0.5434782608695652,0.4945652173913043,0.536231884057971,0.5996376811594203,0.6049149338374291
0.2788,0.5554032766225583,0.01813926336471718,0.5452898550724637,0.49275362318840576,0.5398550724637681,0.5942028985507246,0.6049149338374291
0.279,0.5531978575929426,0.017526542503266813,0.5398550724637682,0.4945652173913043,0.5380434782608695,0.592391304347826,0.6011342155009451
0.2792,0.5532136105860113,0.0166035889322413,0.5380434782608695,0.4981884057971015,0.5416666666666666,0.5851449275362319,0.6030245746691871
0.2794,0.5517800882167612,0.016948208841440625,0.5380434782608696,0.49818840579710144,0.5344202898550725,0.5833333333333334,0.6049149338374291
0.2796,0.5525677378701953,0.01737523857719319,0.5344202898550725,0.49818840579710144,0.5416666666666666,0.5760869565217391,0.6124763705103969
0.2798,0.5532766225582861,0.01663493094779407,0.5362318840579711,0.5,0.5452898550724639,0.5742753623188406,0.6105860113421551
0.28,0.5528827977315689,0.016714684326057837,0.5398550724637681,0.4963768115942029,0.5434782608695652,0.5778985507246377,0.6068052930056711
0.2802,0.5547258979206049,0.016688233420060768,0.5398550724637681,0.5,0.5452898550724637,0.5778985507246377,0.6105860113421551
0.2804,0.5547101449275362,0.014959863686848577,0.5416666666666666,0.5072463768115942,0.5471014492753623,0.568840579710145,0.6086956521739131
0.2806,0.5506931316950221,0.015047309773947207,0.5344202898550725,0.5036231884057971,0.5452898550724637,0.5652173913043478,0.6049149338374291
0.2808,0.549905482041588,0.014048819154698765,0.5344202898550725,0.5036231884057971,0.5471014492753623,0.5670289855072463,0.5973534971644612
0.281,0.5470069313169502,0.014234315973942853,0.5289855072463767,0.5018115942028986,0.5471014492753623,0.5597826086956522,0.5973534971644612
0.2812,0.5473534971644612,0.013808869217518178,0.5289855072463768,0.5036231884057971,0.5471014492753623,0.5615942028985508,0.5954631379962192
0.2814,0.5469281663516068,0.012614644329945678,0.5271739130434783,0.5072463768115942,0.5471014492753623,0.5652173913043478,0.5879017013232514
0.2816,0.5476843100189036,0.012530525222451192,0.5271739130434783,0.5126811594202898,0.5416666666666667,0.5652173913043478,0.5916824196597353
0.2818,0.548109640831758,0.014157767976407058,0.5217391304347826,0.5108695652173914,0.5434782608695652,0.5652173913043478,0.5992438563327032
0.282,0.5495904221802143,0.014095515528158768,0.5217391304347826,0.516304347826087,0.5434782608695653,0.5634057971014492,0.6030245746691871
0.2822,0.5492438563327033,0.014553538865731502,0.5181159420289856,0.5181159420289855,0.5416666666666667,0.5634057971014493,0.604914933837429
0.2824,0.5492438563327032,0.014634494951198711,0.5144927536231884,0.5181159420289855,0.5507246376811594,0.5579710144927537,0.6049149338374291
0.2826,0.5477630749842469,0.013696076523328927,0.5163043478260869,0.519927536231884,0.5452898550724637,0.5561594202898551,0.6011342155009451
0.2828,0.5459672337744171,0.014093085777442558,0.5126811594202898,0.5217391304347826,0.5434782608695652,0.5489130434782609,0.6030245746691871
0.283,0.5466918714555765,0.0137998988615671,0.5108695652173912,0.5307971014492753,0.5398550724637681,0.5489130434782609,0.6030245746691871
0.2832,0.5448802772526781,0.014127710674738028,0.5090579710144927,0.5271739130434783,0.5416666666666666,0.5434782608695652,0.6030245746691871
0.2834,0.5441398865784499,0.013835802784844245,0.5090579710144927,0.5271739130434783,0.5398550724637681,0.5434782608695652,0.6011342155009451
0.2836,0.5412255828607435,0.014231512358923103,0.5018115942028984,0.5307971014492753,0.5380434782608696,0.536231884057971,0.5992438563327032
0.2838,0.5405482041587901,0.015195873091777666,0.5036231884057971,0.5289855072463768,0.5307971014492754,0.5344202898550724,0.6049149338374291
0.284,0.5379962192816634,0.015408659538831745,0.5,0.5307971014492754,0.5307971014492754,0.5253623188405797,0.6030245746691871
0.2842,0.5376969124133585,0.017460224114440873,0.49275362318840576,0.5271739130434783,0.532608695652174,0.5253623188405797,0.610586011342155
0.2844,0.5343730308758664,0.016886159317157482,0.4873188405797101,0.5307971014492754,0.5289855072463768,0.5217391304347826,0.6030245746691871
0.2846,0.5321361058601134,0.01614433564764567,0.48369565217391297,0.5326086956521738,0.5289855072463768,0.519927536231884,0.5954631379962192
0.2848,0.52882797731569,0.015442545894740384,0.48369565217391297,0.5289855072463768,0.5271739130434783,0.5144927536231884,0.5897920604914934
0.285,0.5255671077504726,0.01590006331712589,0.48188405797101447,0.5253623188405797,0.5217391304347827,0.5090579710144928,0.5897920604914935
0.2852,0.5225897920604915,0.01454374812490659,0.4818840579710144,0.5235507246376812,0.5217391304347826,0.5054347826086957,0.5803402646502835
0.2854,0.5214555765595463,0.014363250471387807,0.48007246376811596,0.5289855072463767,0.5253623188405797,0.49818840579710144,0.5746691871455576
0.2856,0.5170604914933838,0.014538785421461397,0.4782608695652174,0.5307971014492754,0.519927536231884,0.48731884057971014,0.5689981096408319
0.2858,0.5159262759924386,0.013997532054625561,0.4782608695652174,0.536231884057971,0.5144927536231885,0.48731884057971014,0.5633270321361059
0.286,0.5151858853182105,0.015443259372106988,0.47282608695652173,0.5471014492753623,0.5108695652173914,0.483695652173913,0.5614366729678639
0.2862,0.5144297416509136,0.01646728715433335,0.47282608695652173,0.5543478260869565,0.5126811594202898,0.4746376811594203,0.55765595463138
0.2864,0.511877756773787,0.01759627518480946,0.4655797101449275,0.5579710144927537,0.5072463768115942,0.4728260869565217,0.555765595463138
0.2866,0.5118777567737871,0.01790687006507891,0.4692028985507246,0.5579710144927537,0.5108695652173914,0.46557971014492755,0.555765595463138
0.2868,0.5089161940768746,0.018696863739986868,0.4601449275362319,0.5615942028985508,0.5108695652173914,0.463768115942029,0.5482041587901701
0.287,0.5070888468809074,0.019986805121330695,0.4492753623188406,0.5652173913043478,0.5090579710144928,0.46557971014492755,0.5463137996219282
0.2872,0.5100031505986137,0.02077757083362404,0.44565217391304346,0.5688405797101449,0.5181159420289855,0.4692028985507246,0.54820415879017
0.2874,0.5125551354757405,0.021372168774668333,0.4438405797101449,0.572463768115942,0.5235507246376812,0.47282608695652173,0.5500945179584121
0.2876,0.5085381222432261,0.02132613880549365,0.4402173913043478,0.5688405797101449,0.5181159420289855,0.4692028985507246,0.5463137996219282
0.2878,0.504521109010712,0.02094907150087538,0.43659420289855067,0.5634057971014492,0.5126811594202898,0.4673913043478261,0.5425330812854443
0.288,0.5005040957781979,0.02068456891037733,0.43115942028985504,0.5561594202898551,0.5108695652173914,0.4655797101449275,0.5387523629489603
0.2882,0.4994486452425962,0.02039879397061683,0.43297101449275366,0.552536231884058,0.5054347826086957,0.463768115942029,0.5425330812854443
0.2884,0.4994328922495274,0.019821289523612968,0.4384057971014493,0.552536231884058,0.5054347826086957,0.4601449275362319,0.5406427221172023
0.2886,0.498708254568368,0.02016908062180339,0.43115942028985504,0.5507246376811594,0.5054347826086957,0.4655797101449275,0.5406427221172023
0.2888,0.4961090107120352,0.020634347673841473,0.42391304347826086,0.552536231884058,0.5036231884057971,0.46739130434782605,0.5330812854442344
0.289,0.4957781978575929,0.01995347256513819,0.4257246376811594,0.5471014492753623,0.5,0.4692028985507246,0.5368620037807184
0.2892,0.49833018273471963,0.020403858959297465,0.4257246376811594,0.552536231884058,0.5,0.4746376811594203,0.5387523629489603
0.2894,0.4939666036546944,0.019922842158795542,0.42028985507246375,0.5416666666666666,0.4963768115942029,0.4746376811594203,0.5368620037807184
0.2896,0.49204473850031505,0.019827530868227056,0.4166666666666667,0.5434782608695652,0.5036231884057971,0.47282608695652173,0.5236294896030245
0.2898,0.49089477000630116,0.018319011980489467,0.42210144927536225,0.5416666666666667,0.5018115942028984,0.47282608695652173,0.5160680529300568
0.29,0.4904851921865155,0.016199384211913668,0.4275362318840579,0.5362318840579711,0.4963768115942029,0.4818840579710145,0.5103969754253308
0.2902,0.49302142407057337,0.01608035100244777,0.42934782608695654,0.5380434782608696,0.5,0.4873188405797102,0.5103969754253308
0.2904,0.4944549464398236,0.016521121495821006,0.427536231884058,0.5398550724637681,0.5036231884057971,0.49275362318840576,0.5085066162570888
0.2906,0.4940768746061752,0.01802108532295832,0.4202898550724638,0.5434782608695652,0.5018115942028986,0.49818840579710144,0.5066162570888468
0.2908,0.49513232514177685,0.01929956265472906,0.4148550724637681,0.5452898550724637,0.5018115942028986,0.5108695652173914,0.5028355387523629
0.291,0.49473850031505984,0.02062385558569023,0.40942028985507245,0.5489130434782609,0.5036231884057971,0.5126811594202899,0.499054820415879
0.2912,0.49833018273471963,0.02043348900559999,0.4148550724637681,0.5507246376811593,0.5072463768115942,0.5235507246376812,0.4952741020793951
0.2914,0.5012917454316319,0.02048914725480348,0.4166666666666667,0.552536231884058,0.5072463768115942,0.5271739130434783,0.502835538752363
0.2916,0.5023471959672338,0.020917061237581,0.4166666666666667,0.5543478260869565,0.5108695652173914,0.5307971014492754,0.499054820415879
0.2918,0.5052614996849402,0.02162438324254294,0.41666666666666663,0.5579710144927535,0.5144927536231885,0.536231884057971,0.500945179584121
0.292,0.5070730938878386,0.022160921859773197,0.41666666666666663,0.5561594202898551,0.5144927536231884,0.5471014492753623,0.5009451795841209
0.2922,0.5088846880907372,0.02253963659018538,0.41666666666666663,0.5579710144927537,0.519927536231884,0.5489130434782609,0.500945179584121
0.2924,0.5077504725897921,0.023629432892181487,0.41123188405797095,0.552536231884058,0.5253623188405797,0.5543478260869565,0.49527410207939504
0.2926,0.5073724007561438,0.024435797899651453,0.40942028985507245,0.5525362318840579,0.519927536231884,0.5615942028985508,0.49338374291115306
0.2928,0.505166981726528,0.024611727426495644,0.40760869565217395,0.5452898550724637,0.5181159420289855,0.5652173913043479,0.48960302457466914
0.293,0.5025519848771267,0.024934600583662297,0.4057971014492754,0.5434782608695652,0.519927536231884,0.5634057971014492,0.4801512287334594
0.2932,0.5047101449275362,0.025765939491724326,0.4076086956521739,0.5452898550724637,0.519927536231884,0.572463768115942,0.4782608695652174
0.2934,0.5010554505356017,0.025980421502694927,0.40217391304347827,0.5380434782608696,0.5217391304347827,0.5688405797101449,0.47448015122873344
0.2936,0.5014020163831128,0.02621980902950166,0.4039855072463768,0.536231884057971,0.519927536231884,0.5742753623188406,0.4725897920604915
0.2938,0.5010239445494643,0.02800656229745783,0.3967391304347826,0.5344202898550725,0.5235507246376812,0.5797101449275363,0.4706994328922495
0.294,0.500645872715816,0.028183662245186664,0.3967391304347826,0.5289855072463768,0.5271739130434783,0.5815217391304348,0.46880907372400754
0.2942,0.49883427851291745,0.027708197399986784,0.39673913043478254,0.5271739130434783,0.5217391304347826,0.5797101449275363,0.46880907372400754
0.2944,0.4992281033396345,0.02832356086852099,0.3967391304347826,0.5144927536231885,0.5235507246376812,0.5887681159420289,0.4725897920604915
0.2946,0.4988342785129175,0.02870417876259372,0.3967391304347826,0.5144927536231885,0.5235507246376812,0.5905797101449275,0.46880907372400754
0.2948,0.49810964083175796,0.030634683246223083,0.38949275362318836,0.5090579710144928,0.5253623188405797,0.5978260869565217,0.46880907372400754
0.295,0.49954316320100817,0.03113443006738524,0.38949275362318836,0.5126811594202898,0.5289855072463767,0.5996376811594203,0.4669187145557656
0.2952,0.4969596723377441,0.03144982865332134,0.38949275362318836,0.5054347826086956,0.5271739130434782,0.6014492753623188,0.46124763705103966
0.2954,0.49625078764965347,0.03231473483522801,0.38949275362318847,0.4927536231884058,0.5271739130434783,0.608695652173913,0.46313799621928164
0.2956,0.4976685570258349,0.033789098618045056,0.39311594202898553,0.48913043478260865,0.5253623188405797,0.6213768115942029,0.4593572778827977
0.2958,0.4965500945179584,0.0330767197617504,0.3967391304347826,0.49094202898550726,0.519927536231884,0.6195652173913043,0.45557655954631376
0.296,0.49580970384373035,0.03317707049954401,0.40036231884057977,0.48188405797101447,0.5217391304347826,0.6213768115942029,0.45368620037807184
0.2962,0.4939823566477631,0.033846966102173234,0.3949275362318841,0.48188405797101447,0.519927536231884,0.6213768115942029,0.4517958412098298
0.2964,0.49688090737240076,0.0347357790810865,0.39673913043478265,0.48550724637681153,0.5217391304347826,0.6286231884057971,0.4517958412098298
0.2966,0.4961405166981726,0.03464069206545364,0.39673913043478265,0.48369565217391297,0.5235507246376812,0.6268115942028984,0.4499054820415878
0.2968,0.49651858853182107,0.03484399263070154,0.3967391304347826,0.4818840579710145,0.5235507246376812,0.6286231884057971,0.4517958412098298
0.297,0.49648708254568363,0.034687444014329674,0.39855072463768115,0.48188405797101447,0.5271739130434783,0.6268115942028984,0.4480151228733459
0.2972,0.49758979206049136,0.033342768904317095,0.40942028985507245,0.4782608695652174,0.5235507246376812,0.6268115942028984,0.44990548204158787
0.2974,0.5001102709514808,0.03316834943977014,0.4166666666666667,0.4782608695652174,0.5289855072463768,0.6286231884057971,0.44801512287334594
0.2976,0.4986452425960932,0.03220282774139606,0.4184782608695652,0.4782608695652174,0.5271739130434783,0.6231884057971014,0.446124763705104
0.2978,0.4975267800882167,0.030945042615215954,0.4257246376811594,0.4728260869565216,0.5307971014492754,0.6159420289855073,0.44234404536862
0.298,0.5000630119722748,0.0310262019110806,0.43115942028985504,0.4746376811594203,0.532608695652174,0.6195652173913044,0.44234404536862
0.2982,0.5015122873345935,0.03192400227828794,0.43297101449275355,0.4746376811594203,0.5307971014492754,0.6268115942028986,0.44234404536862
0.2984,0.5000630119722748,0.031836455245769474,0.4329710144927536,0.4692028985507246,0.5307971014492754,0.625,0.44234404536862
0.2986,0.5022526780088217,0.03279503483626292,0.43478260869565216,0.47101449275362317,0.5271739130434783,0.6340579710144927,0.444234404536862
0.2988,0.5000787649653435,0.03161231270776445,0.4384057971014493,0.4673913043478261,0.5217391304347826,0.6286231884057971,0.444234404536862
0.299,0.5000787649653434,0.03179863298217392,0.4402173913043478,0.4655797101449275,0.519927536231884,0.6304347826086957,0.4442344045368619
0.2992,0.5011814744801513,0.031145280801320844,0.45108695652173914,0.46376811594202894,0.5126811594202899,0.6322463768115942,0.4461247637051039
0.2994,0.501543793320731,0.030689891989419474,0.45471014492753625,0.46739130434782605,0.5072463768115942,0.6322463768115941,0.44612476370510395
0.2996,0.5000945179584121,0.029198497952211102,0.4601449275362319,0.4655797101449275,0.5036231884057971,0.625,0.4461247637051039
0.2998,0.5030403276622558,0.028411295789559223,0.4673913043478261,0.4655797101449275,0.5054347826086956,0.625,0.45179584120982985
0.3,0.5052614996849402,0.027424096026052634,0.4710144927536232,0.46739130434782605,0.5072463768115942,0.6231884057971014,0.4574669187145558
0.3002,0.5049464398235666,0.026334268665528064,0.47282608695652173,0.46739130434782605,0.5018115942028986,0.6195652173913043,0.4631379962192817
0.3004,0.5046471329552614,0.024228523279243425,0.4800724637681159,0.46376811594202894,0.4981884057971015,0.6105072463768115,0.4706994328922495
0.3006,0.5031978575929427,0.02308347949148671,0.4782608695652174,0.4692028985507246,0.49275362318840576,0.605072463768116,0.4706994328922495
0.3008,0.5035601764335224,0.02378723235465249,0.47463768115942023,0.4710144927536231,0.49275362318840576,0.6086956521739131,0.47069943289224947
0.301,0.5054032766225582,0.022952155229972505,0.4782608695652174,0.4728260869565217,0.4945652173913043,0.6068840579710144,0.47448015122873344
0.3012,0.5050724637681159,0.021711334887378354,0.4818840579710145,0.47282608695652173,0.4909420289855073,0.6014492753623188,0.47826086956521735
0.3014,0.5057813484562067,0.021306720660337848,0.48731884057971014,0.4710144927536232,0.4945652173913043,0.5996376811594204,0.4763705103969754
0.3016,0.5068998109640831,0.01921149163683829,0.4963768115942029,0.47101449275362317,0.4963768115942029,0.5905797101449275,0.48015122873345933
0.3018,0.5054347826086956,0.018937875862857955,0.5054347826086957,0.47101449275362317,0.4855072463768116,0.5869565217391305,0.47826086956521735
0.302,0.5083805923125395,0.01840945481921131,0.5036231884057971,0.47644927536231874,0.48913043478260865,0.588768115942029,0.48393194706994325
0.3022,0.5087429111531192,0.01829338321592309,0.5018115942028986,0.4764492753623188,0.4927536231884058,0.588768115942029,0.4839319470699433
0.3024,0.5080182734719596,0.016443520183319377,0.5108695652173912,0.4764492753623188,0.4909420289855073,0.5778985507246377,0.48393194706994325
0.3026,0.5061279143037176,0.019083688412488434,0.5144927536231884,0.46739130434782605,0.48913043478260865,0.5851449275362319,0.47448015122873344
0.3028,0.5109010712035287,0.020377732318260754,0.5235507246376812,0.46739130434782605,0.4873188405797102,0.5942028985507246,0.4820415879017013
0.303,0.5138153749212351,0.020318571732581857,0.5289855072463768,0.47101449275362317,0.48913043478260865,0.5960144927536232,0.4839319470699433
0.3032,0.5109168241965973,0.019818875576591746,0.5307971014492754,0.46739130434782605,0.4836956521739131,0.5887681159420289,0.48393194706994325
0.3034,0.5131064902331443,0.019388416278546962,0.536231884057971,0.46739130434782605,0.48913043478260876,0.5869565217391305,0.48582230623818523
0.3036,0.5131379962192817,0.019910953198304146,0.5362318840579711,0.46376811594202894,0.4873188405797102,0.5887681159420289,0.4896030245746691
0.3038,0.5120195337114052,0.020316189999695606,0.5344202898550725,0.4655797101449275,0.4836956521739131,0.5905797101449275,0.48582230623818523
0.304,0.5116414618777567,0.020039855463152543,0.5344202898550724,0.46557971014492755,0.4855072463768116,0.5887681159420289,0.4839319470699433
0.3042,0.5094360428481411,0.020596138117505963,0.5344202898550724,0.4692028985507246,0.4746376811594203,0.5887681159420289,0.48015122873345933
0.3044,0.5094360428481411,0.021451578951883116,0.5380434782608695,0.47101449275362317,0.46739130434782616,0.5905797101449275,0.4801512287334594
0.3046,0.5101449275362318,0.021383565624258572,0.5398550724637681,0.47101449275362317,0.47101449275362317,0.5905797101449275,0.4782608695652174
0.3048,0.5091052299936989,0.018553984642903313,0.5362318840579711,0.47282608695652173,0.47463768115942023,0.5778985507246377,0.48393194706994325
0.305,0.5109483301827348,0.01829041215528845,0.5416666666666666,0.4746376811594203,0.4746376811594203,0.5760869565217391,0.4877126654064272
0.3052,0.5120352867044738,0.018415368829866854,0.5452898550724637,0.4728260869565217,0.47826086956521735,0.5760869565217391,0.4877126654064272
0.3054,0.5134845620667926,0.017753537923553563,0.5543478260869565,0.47826086956521735,0.4782608695652174,0.5688405797101449,0.48771266540642716
0.3056,0.511326402016383,0.017692475385746604,0.5507246376811594,0.47644927536231885,0.47282608695652173,0.5670289855072463,0.4896030245746692
0.3058,0.5117044738500314,0.018318917155395617,0.552536231884058,0.4764492753623188,0.4692028985507246,0.568840579710145,0.49149338374291107
0.306,0.5106175173282924,0.019049497306937446,0.5471014492753623,0.4746376811594203,0.4655797101449275,0.5742753623188406,0.4914933837429112
0.3062,0.5070258349086326,0.018790348158264636,0.5416666666666666,0.4710144927536231,0.45833333333333326,0.5688405797101449,0.49527410207939504
0.3064,0.5033238815374921,0.020007794574849247,0.5398550724637681,0.46739130434782605,0.4528985507246377,0.5706521739130435,0.48582230623818523
0.3066,0.5040642722117201,0.019761620918043763,0.5398550724637681,0.4673913043478261,0.45471014492753625,0.5706521739130435,0.4877126654064272
0.3068,0.5018746061751733,0.019735217435122306,0.532608695652174,0.4728260869565218,0.447463768115942,0.5706521739130435,0.4858223062381852
0.307,0.5007876496534341,0.020290833495647323,0.5289855072463768,0.4746376811594203,0.44202898550724634,0.572463768115942,0.4858223062381852
0.3072,0.5000157529930687,0.02205401476210637,0.532608695652174,0.47101449275362317,0.4384057971014492,0.5778985507246376,0.48015122873345933
0.3074,0.49925960932577196,0.021956333895921415,0.5344202898550725,0.4692028985507246,0.4402173913043478,0.5760869565217391,0.47637051039697537
0.3076,0.4982041587901701,0.02217300115070432,0.5326086956521738,0.4710144927536233,0.43297101449275366,0.5742753623188406,0.4801512287334593
0.3078,0.4941713925645872,0.022979940174934425,0.5289855072463768,0.4710144927536232,0.42391304347826086,0.572463768115942,0.47448015122873344
0.308,0.49306868304977947,0.02228698363354237,0.5307971014492754,0.4692028985507246,0.4257246376811594,0.5670289855072465,0.4725897920604915
0.3082,0.4923282923755513,0.02297492464441257,0.532608695652174,0.46376811594202905,0.4257246376811594,0.568840579710145,0.4706994328922495
0.3084,0.4923282923755513,0.023766924414569117,0.5344202898550725,0.463768115942029,0.4221014492753623,0.5706521739130436,0.4706994328922495
0.3086,0.4901228733459357,0.02541358265139759,0.5344202898550725,0.4601449275362319,0.4148550724637681,0.5742753623188406,0.4669187145557656
0.3088,0.4911940768746062,0.02656446423069801,0.5398550724637682,0.4601449275362319,0.41304347826086957,0.5778985507246377,0.4650283553875237
0.309,0.4922337744171393,0.027499091776268095,0.5416666666666666,0.463768115942029,0.41304347826086957,0.5833333333333334,0.45935727788279773
0.3092,0.49261184625078763,0.028268827482091814,0.5398550724637681,0.46739130434782605,0.4076086956521739,0.5869565217391304,0.46124763705103966
0.3094,0.49040642722117206,0.030244420785892453,0.5398550724637682,0.4673913043478261,0.39673913043478265,0.5905797101449275,0.45746691871455575
0.3096,0.4885318210459987,0.02990891158951019,0.5380434782608696,0.47101449275362317,0.3967391304347826,0.5869565217391305,0.44990548204158787
0.3098,0.4849243856332704,0.03079660266760409,0.5344202898550725,0.4673913043478261,0.3858695652173913,0.5851449275362318,0.45179584120982985
0.31,0.4834908632640202,0.030057929378109766,0.5307971014492754,0.4655797101449275,0.3858695652173913,0.5815217391304348,0.45368620037807184
0.3102,0.4812539382482671,0.030826985405974488,0.5344202898550725,0.4673913043478261,0.3804347826086957,0.5778985507246377,0.4461247637051039
0.3104,0.4809073724007562,0.031096317342715257,0.536231884057971,0.47101449275362317,0.37500000000000006,0.5742753623188407,0.4480151228733459
0.3106,0.480166981726528,0.03144906957219491,0.536231884057971,0.47826086956521735,0.3695652173913043,0.5706521739130435,0.44612476370510395
0.3108,0.48092312539382476,0.030059785258589204,0.5326086956521738,0.47826086956521735,0.375,0.5688405797101449,0.44990548204158787
0.311,0.48056080655324507,0.03073295016971145,0.5289855072463768,0.4764492753623188,0.3731884057971015,0.5742753623188406,0.44990548204158787
0.3112,0.48021424070573404,0.031171216077321817,0.5289855072463768,0.4764492753623188,0.3695652173913044,0.5742753623188406,0.45179584120982985
0.3114,0.4824196597353497,0.03194666912497485,0.5307971014492754,0.48731884057971014,0.36413043478260876,0.5742753623188406,0.45557655954631376
0.3116,0.4824196597353498,0.03137447663503967,0.5289855072463768,0.4891304347826087,0.36594202898550726,0.572463768115942,0.4555765595463138
0.3118,0.48350661625708885,0.03258024109422097,0.5307971014492754,0.48731884057971014,0.3641304347826087,0.5797101449275363,0.4555765595463138
0.312,0.48426275992438567,0.03155504529493233,0.5235507246376812,0.4909420289855072,0.36775362318840576,0.5797101449275363,0.4593572778827977
0.3122,0.48501890359168237,0.0328435693481538,0.5217391304347826,0.4927536231884058,0.36231884057971014,0.5851449275362318,0.46313799621928164
0.3124,0.48252993068683053,0.03316445721301249,0.519927536231884,0.4927536231884058,0.3532608695652174,0.5778985507246377,0.46880907372400754
0.3126,0.48106490233144295,0.03429462120126856,0.5217391304347826,0.4891304347826087,0.34782608695652173,0.5797101449275363,0.4669187145557656
0.3128,0.48297101449275354,0.03524973167672093,0.5217391304347826,0.49094202898550726,0.34239130434782605,0.5815217391304347,0.4782608695652174
0.313,0.48371140516698174,0.035153942514871375,0.5181159420289856,0.4963768115942029,0.34239130434782605,0.5815217391304348,0.48015122873345933
0.3132,0.4837271581600504,0.03600623964300643,0.5217391304347826,0.49818840579710144,0.33695652173913043,0.5797101449275363,0.4820415879017013
0.3134,0.485586011342155,0.037636666509625154,0.5253623188405797,0.5036231884057971,0.32971014492753625,0.5815217391304348,0.48771266540642727
0.3136,0.48782293635790797,0.038470509482077905,0.5289855072463768,0.5144927536231885,0.3242753623188406,0.576086956521739,0.4952741020793951
0.3138,0.48673597983616884,0.03999443022936875,0.5344202898550725,0.5163043478260869,0.31521739130434784,0.572463768115942,0.4952741020793951
0.314,0.4878071833648393,0.04090328520239162,0.536231884057971,0.5181159420289855,0.3134057971014493,0.5778985507246377,0.4933837429111531
0.3142,0.49224952741020794,0.04096813281063066,0.5344202898550724,0.5289855072463768,0.31521739130434784,0.5778985507246377,0.5047258979206048
0.3144,0.49740075614366736,0.041282022048151346,0.5344202898550725,0.5344202898550725,0.3188405797101449,0.5851449275362318,0.5141776937618148
0.3146,0.4992123503465658,0.04178826374414252,0.536231884057971,0.5380434782608695,0.3188405797101449,0.588768115942029,0.5141776937618148
0.3148,0.5054347826086956,0.043123553097559504,0.5416666666666667,0.5489130434782608,0.3188405797101449,0.5960144927536232,0.5217391304347826
0.315,0.5061751732829237,0.04306877869696109,0.5434782608695652,0.5525362318840579,0.3188405797101449,0.5923913043478262,0.5236294896030245
0.3152,0.5061436672967865,0.04276366352678104,0.5452898550724637,0.552536231884058,0.32065217391304346,0.5923913043478262,0.5198487712665407
0.3154,0.5083175803402645,0.04268085952280807,0.5489130434782609,0.5634057971014492,0.322463768115942,0.5869565217391304,0.5198487712665406
0.3156,0.5124291115311909,0.0437556072396704,0.5471014492753623,0.5670289855072463,0.3206521739130435,0.592391304347826,0.5349716446124764
0.3158,0.5135790800252049,0.045853456552095176,0.5489130434782609,0.572463768115942,0.3115942028985507,0.5923913043478262,0.5425330812854443
0.316,0.5157844990548204,0.04612134504979396,0.5434782608695652,0.5797101449275363,0.3134057971014493,0.5960144927536232,0.5463137996219282
0.3162,0.520872715816005,0.04496735951474988,0.5471014492753623,0.5815217391304347,0.3242753623188406,0.6032608695652174,0.5482041587901701
0.3164,0.5245116572148708,0.045668388245317465,0.5543478260869565,0.5942028985507246,0.3242753623188406,0.5996376811594203,0.5500945179584121
0.3166,0.531758034026465,0.04427124379517004,0.5615942028985508,0.5996376811594202,0.33876811594202894,0.608695652173913,0.5500945179584121
0.3168,0.5321518588531822,0.04550599039528533,0.5615942028985508,0.605072463768116,0.3333333333333333,0.6068840579710145,0.553875236294896
0.317,0.5361531190926275,0.04369699687659734,0.5615942028985507,0.6123188405797101,0.34601449275362317,0.6050724637681159,0.555765595463138
0.3172,0.5383427851291746,0.04267843375265288,0.5706521739130435,0.6105072463768115,0.35144927536231885,0.6014492753623187,0.55765595463138
0.3174,0.5423597983616887,0.04227092186465556,0.5778985507246377,0.6141304347826086,0.3568840579710145,0.6014492753623188,0.5614366729678639
0.3176,0.5456049149338374,0.04229485315669857,0.5851449275362319,0.6159420289855072,0.36050724637681164,0.6068840579710144,0.5595463137996219
0.3178,0.5499369880277254,0.042494445566920315,0.5887681159420289,0.6304347826086957,0.3659420289855072,0.6068840579710145,0.55765595463138
0.318,0.5513862633900442,0.04241448025996668,0.592391304347826,0.6304347826086957,0.36775362318840576,0.608695652173913,0.55765595463138
0.3182,0.5568525519848772,0.04206762634509062,0.5996376811594203,0.6358695652173912,0.375,0.6123188405797102,0.5614366729678639
0.3184,0.5590737240075614,0.043565106684110066,0.6105072463768115,0.6376811594202898,0.3695652173913043,0.6105072463768115,0.5671077504725899
0.3186,0.5594202898550724,0.043831296178412166,0.6141304347826088,0.6413043478260869,0.3695652173913043,0.6068840579710144,0.5652173913043479
0.3188,0.5594517958412097,0.04348386195349487,0.608695652173913,0.6467391304347826,0.3713768115942029,0.6014492753623188,0.5689981096408318
0.319,0.5619880277252677,0.04353780180161339,0.6105072463768115,0.6539855072463767,0.375,0.6014492753623188,0.5689981096408318
0.3192,0.5656427221172022,0.043550884298412085,0.6213768115942029,0.6557971014492754,0.37862318840579706,0.5996376811594204,0.5727788279773157
0.3194,0.5685570258349086,0.04375550061668784,0.6231884057971014,0.6648550724637681,0.3822463768115942,0.5978260869565217,0.5746691871455576
0.3196,0.5685570258349086,0.042300207320070435,0.6213768115942029,0.6648550724637681,0.38949275362318836,0.5923913043478262,0.5746691871455576
0.3198,0.5700063011972274,0.042937887867655025,0.628623188405797,0.6684782608695652,0.3894927536231884,0.5887681159420289,0.5746691871455576
0.32,0.5704316320100818,0.043772816640369076,0.6304347826086956,0.6739130434782609,0.38768115942028986,0.5778985507246377,0.5822306238185254
0.3202,0.5719281663516068,0.0434724980884506,0.6322463768115941,0.6721014492753623,0.3894927536231884,0.5778985507246377,0.5879017013232514
0.3204,0.572715816005041,0.043687724299631574,0.6340579710144927,0.6684782608695652,0.38768115942028986,0.5778985507246377,0.5954631379962193
0.3206,0.5727000630119722,0.04345211788110507,0.6413043478260869,0.6648550724637682,0.38949275362318836,0.5742753623188406,0.5935727788279773
0.3208,0.5719439193446754,0.041982235467808396,0.6431159420289855,0.6576086956521738,0.39492753623188404,0.5742753623188406,0.5897920604914934
0.321,0.5744959042218022,0.042740192145504265,0.6449275362318841,0.6648550724637681,0.39492753623188404,0.5760869565217392,0.5916824196597354
0.3212,0.5729993698802772,0.042081250821272356,0.6431159420289855,0.6630434782608695,0.3967391304347826,0.5760869565217392,0.5860113421550095
0.3214,0.5722904851921865,0.04218731778588748,0.6485507246376812,0.6557971014492754,0.3949275362318841,0.5742753623188406,0.5879017013232515
0.3216,0.5694076874606174,0.041569300655791896,0.6485507246376812,0.6431159420289855,0.3931159420289855,0.5724637681159421,0.5897920604914934
0.3218,0.5697385003150599,0.04086598214090272,0.6521739130434783,0.6431159420289855,0.39855072463768115,0.568840579710145,0.5860113421550095
0.322,0.5664461247637051,0.04118960736041361,0.6539855072463769,0.6376811594202898,0.39492753623188404,0.5634057971014493,0.5822306238185255
0.3222,0.5657214870825458,0.04096255970388969,0.6557971014492754,0.6394927536231884,0.3985507246376812,0.5525362318840579,0.5822306238185255
0.3224,0.564603024574669,0.0403522651106107,0.6557971014492753,0.6358695652173912,0.4003623188405797,0.5525362318840579,0.5784499054820416
0.3226,0.5639098928796471,0.04011213550520986,0.6576086956521738,0.6286231884057971,0.4003623188405797,0.5507246376811594,0.5822306238185255
0.3228,0.5594990548204158,0.03991169072034025,0.661231884057971,0.6159420289855072,0.39855072463768115,0.5471014492753623,0.5746691871455576
0.323,0.5609483301827348,0.03989532749409541,0.6684782608695652,0.6123188405797101,0.40217391304347827,0.5471014492753623,0.5746691871455577
0.3232,0.5579867674858223,0.03988213227443223,0.6648550724637682,0.6105072463768116,0.39855072463768115,0.5489130434782609,0.5671077504725898
0.3234,0.5564587271581601,0.03878088970061681,0.6648550724637682,0.6068840579710145,0.40398550724637683,0.5489130434782609,0.55765595463138
0.3236,0.5579080025204789,0.03894889483568305,0.6648550724637682,0.6105072463768115,0.40398550724637683,0.552536231884058,0.55765595463138
0.3238,0.5560806553245117,0.038361400725668085,0.6666666666666667,0.605072463768116,0.40760869565217395,0.5452898550724637,0.555765595463138
0.324,0.5575299306868305,0.03846588414391244,0.6721014492753623,0.6050724637681161,0.411231884057971,0.5434782608695652,0.555765595463138
0.3242,0.5582230623818525,0.03891989442594158,0.6811594202898551,0.6050724637681159,0.41666666666666663,0.536231884057971,0.5519848771266541
0.3244,0.5589004410838059,0.04006383132765954,0.6865942028985507,0.608695652173913,0.4148550724637681,0.5380434782608695,0.5463137996219282
0.3246,0.5599716446124765,0.0401125190711124,0.6865942028985508,0.6141304347826088,0.4166666666666667,0.5380434782608695,0.5444234404536863
0.3248,0.5567265280403276,0.039911105013726945,0.6847826086956521,0.6068840579710144,0.4148550724637681,0.5307971014492754,0.5463137996219283
0.325,0.5571045998739761,0.04010940342003158,0.6829710144927537,0.6105072463768116,0.41304347826086957,0.5307971014492754,0.54820415879017
0.3252,0.5581915563957152,0.040168386484913006,0.6865942028985508,0.6086956521739131,0.41485507246376807,0.532608695652174,0.5482041587901701
0.3254,0.557750472589792,0.040905893893033604,0.6902173913043478,0.608695652173913,0.41304347826086957,0.5380434782608696,0.5387523629489603
0.3256,0.5588531821045999,0.040728743781975885,0.6920289855072465,0.6068840579710145,0.4148550724637681,0.5398550724637682,0.5406427221172022
0.3258,0.5610428481411469,0.040662512339088394,0.6920289855072465,0.608695652173913,0.4148550724637681,0.5471014492753623,0.5425330812854442
0.326,0.5632482671707624,0.04153883559884969,0.6992753623188406,0.608695652173913,0.4148550724637681,0.5471014492753624,0.546313799621928
0.3262,0.565406427221172,0.042884986150829224,0.7065217391304348,0.6159420289855072,0.41485507246376807,0.5452898550724639,0.5444234404536862
0.3264,0.567596093257719,0.042969951767615734,0.7083333333333334,0.6195652173913043,0.41666666666666663,0.5471014492753623,0.5463137996219282
0.3266,0.5675645872715817,0.0430373177563224,0.7101449275362319,0.6195652173913043,0.41847826086956524,0.5471014492753623,0.5425330812854442
0.3268,0.5704473850031506,0.04363549848741601,0.7155797101449275,0.6231884057971014,0.42028985507246375,0.552536231884058,0.5406427221172023
0.327,0.5744171392564587,0.044614486611835064,0.7192028985507246,0.6340579710144928,0.42028985507246375,0.5597826086956521,0.5387523629489603
0.3272,0.5750787649653434,0.04593686981205853,0.7282608695652174,0.6322463768115942,0.42028985507246375,0.5634057971014492,0.5311909262759925
0.3274,0.5761499684940139,0.046082884126337514,0.730072463768116,0.6340579710144927,0.4221014492753623,0.5652173913043479,0.5293005671077504
0.3276,0.5768588531821046,0.046487167422796905,0.7318840579710145,0.6394927536231884,0.4239130434782609,0.5615942028985508,0.5274102079395084
0.3278,0.5812066792690611,0.046131370020079,0.7355072463768115,0.6431159420289855,0.43115942028985504,0.5688405797101449,0.5274102079395084
0.328,0.5808286074354128,0.04674879732356447,0.733695652173913,0.644927536231884,0.4257246376811594,0.5742753623188406,0.5255198487712665
0.3282,0.5873188405797102,0.04797791009592709,0.75,0.6503623188405796,0.4365942028985507,0.5778985507246377,0.5217391304347825
0.3284,0.5887838689350977,0.047753116100847176,0.75,0.6557971014492754,0.44021739130434784,0.5742753623188406,0.5236294896030246
0.3286,0.5909105229993699,0.048981162113127474,0.7554347826086957,0.6630434782608696,0.4420289855072464,0.5760869565217391,0.5179584120982986
0.3288,0.5912255828607436,0.05193194112166659,0.7717391304347826,0.6612318840579711,0.4384057971014493,0.572463768115942,0.5122873345935728
0.329,0.5919187145557656,0.052413339978449325,0.7771739130434783,0.6594202898550725,0.44202898550724634,0.572463768115942,0.5085066162570888
0.3292,0.5947857592942659,0.05311893659238535,0.7844202898550725,0.661231884057971,0.447463768115942,0.576086956521739,0.5047258979206048
0.3294,0.5973062381852552,0.05395752935539296,0.7898550724637682,0.6648550724637681,0.4492753623188406,0.5797101449275363,0.5028355387523629
0.3296,0.6006143667296787,0.05457209055351207,0.7952898550724637,0.6721014492753623,0.45108695652173914,0.5760869565217391,0.5085066162570889
0.3298,0.603481411468179,0.05570449199386704,0.8007246376811594,0.6811594202898551,0.45471014492753625,0.5760869565217391,0.5047258979206048
0.33,0.6027095148078134,0.05622400136016562,0.7971014492753623,0.6884057971014492,0.4528985507246377,0.5760869565217391,0.499054820415879
0.3302,0.6034341524889728,0.05630148548799624,0.7971014492753624,0.6902173913043478,0.4528985507246377,0.5778985507246377,0.49905482041587906
0.3304,0.6030088216761185,0.05704796922537948,0.7989130434782609,0.6920289855072463,0.45471014492753625,0.5778985507246377,0.4914933837429112
0.3306,0.6048046628859483,0.057550065285948346,0.8061594202898551,0.6884057971014492,0.4583333333333333,0.5815217391304348,0.4896030245746692
0.3308,0.6033868935097668,0.055740209566156905,0.7952898550724637,0.6884057971014492,0.4583333333333333,0.5815217391304348,0.4933837429111531
0.331,0.6011814744801512,0.05559984302243398,0.7934782608695653,0.6847826086956522,0.4583333333333333,0.5797101449275361,0.48960302457466925
0.3312,0.6022841839949591,0.05581345067860906,0.7934782608695652,0.6902173913043478,0.45833333333333337,0.5778985507246377,0.4914933837429112
0.3314,0.6051827347195966,0.05554210303466924,0.7934782608695652,0.6956521739130435,0.463768115942029,0.5815217391304348,0.4914933837429111
0.3316,0.6014807813484562,0.055938705817933906,0.7898550724637682,0.6956521739130435,0.463768115942029,0.5760869565217391,0.48204158790170126
0.3318,0.6029458097038438,0.05538816879950959,0.7898550724637681,0.6956521739130435,0.46739130434782605,0.5778985507246377,0.4839319470699433
0.332,0.6033396345305608,0.05503217886850262,0.7898550724637681,0.6992753623188406,0.47282608695652173,0.5670289855072463,0.48771266540642716
0.3322,0.6008349086326402,0.054176526107631254,0.7844202898550725,0.6956521739130435,0.4692028985507246,0.5634057971014492,0.4914933837429111
0.3324,0.6015437933207309,0.0532888453297751,0.7789855072463768,0.6992753623188406,0.4746376811594203,0.5652173913043478,0.4896030245746692
0.3326,0.597164461247637,0.05252973236862219,0.7663043478260869,0.701086956521739,0.47101449275362317,0.5615942028985507,0.4858223062381853
0.3328,0.5949747952110901,0.05230357808022236,0.7663043478260869,0.6938405797101449,0.4692028985507246,0.5615942028985508,0.48393194706994325
0.333,0.5924700693131695,0.05094004523303552,0.7572463768115942,0.6920289855072462,0.46739130434782605,0.5579710144927537,0.48771266540642727
0.3332,0.5910365469439193,0.0510593674902892,0.7572463768115942,0.6920289855072462,0.46739130434782605,0.5489130434782609,0.4896030245746692
0.3334,0.5884845620667927,0.050061106507901854,0.7463768115942029,0.6920289855072463,0.46376811594202894,0.552536231884058,0.4877126654064272
0.3336,0.5866729678638942,0.049822479076916996,0.7409420289855072,0.6938405797101449,0.4619565217391305,0.5489130434782609,0.48771266540642727
0.3338,0.5851606805293006,0.049041642587503445,0.7318840579710144,0.6956521739130435,0.4655797101449275,0.552536231884058,0.4801512287334594
0.334,0.5844360428481412,0.04826896504847463,0.7282608695652174,0.6938405797101449,0.46739130434782616,0.552536231884058,0.48015122873345933
0.3342,0.5841209829867675,0.04761192505738441,0.7264492753623188,0.6938405797101449,0.4692028985507247,0.5452898550724637,0.4858223062381853
0.3344,0.582703213610586,0.04637445179573408,0.7246376811594203,0.6865942028985507,0.47101449275362317,0.5416666666666666,0.48960302457466914
0.3346,0.5794108380592313,0.04481754711689749,0.7119565217391305,0.6847826086956521,0.47282608695652173,0.5416666666666667,0.48582230623818523
0.3348,0.5764965343415248,0.04380531742859315,0.7028985507246377,0.6829710144927535,0.47282608695652173,0.5398550724637681,0.48393194706994325
0.335,0.5743068683049779,0.04296059042725951,0.6956521739130435,0.6811594202898551,0.47282608695652173,0.5398550724637681,0.4820415879017013
0.3352,0.572463768115942,0.04270139280749591,0.6920289855072465,0.6793478260869564,0.47282608695652173,0.5398550724637681,0.4782608695652174
0.3354,0.5692028985507246,0.041914511770941944,0.6829710144927537,0.677536231884058,0.4692028985507246,0.5380434782608695,0.47826086956521735
0.3356,0.5663201008191556,0.0415026108370587,0.6793478260869565,0.6739130434782608,0.4655797101449275,0.5326086956521738,0.48015122873345933
0.3358,0.5648235664776307,0.040569141543517345,0.6702898550724637,0.6739130434782609,0.4692028985507246,0.536231884057971,0.47448015122873344
0.336,0.56411468178954,0.039583080800341106,0.6684782608695652,0.6684782608695652,0.4692028985507246,0.5380434782608695,0.4763705103969754
0.3362,0.5616099558916194,0.03912722824491043,0.6630434782608696,0.6666666666666667,0.463768115942029,0.5344202898550725,0.48015122873345933
0.3364,0.5587429111531191,0.03854298305895121,0.6648550724637681,0.6557971014492754,0.4583333333333333,0.5307971014492754,0.48393194706994325
0.3366,0.5540170132325142,0.037562320109245886,0.6576086956521738,0.6467391304347826,0.4528985507246377,0.5307971014492754,0.4820415879017013
0.3368,0.5503623188405797,0.038345591311529884,0.6557971014492754,0.644927536231884,0.44565217391304346,0.5271739130434783,0.47826086956521735
0.337,0.5438248267170763,0.035794527526750074,0.6394927536231885,0.6358695652173914,0.4474637681159421,0.519927536231884,0.47637051039697537
0.3372,0.5369407687460618,0.031159643283903415,0.6195652173913044,0.6141304347826086,0.4492753623188406,0.5253623188405797,0.4763705103969754
0.3374,0.5333648393194707,0.028913558617315677,0.6177536231884058,0.5942028985507246,0.447463768115942,0.5253623188405797,0.4820415879017013
0.3376,0.5323724007561437,0.02846390179218225,0.6159420289855072,0.5887681159420289,0.44021739130434784,0.5235507246376812,0.4933837429111531
0.3378,0.5324196597353497,0.028815170644873735,0.6177536231884058,0.5851449275362318,0.4347826086956522,0.5253623188405797,0.49905482041587895
0.338,0.5306395715185885,0.028333228406608967,0.6105072463768115,0.5851449275362318,0.4311594202898551,0.5235507246376812,0.502835538752363
0.3382,0.5295683679899181,0.027895749557745316,0.6086956521739131,0.5797101449275363,0.42934782608695654,0.5253623188405798,0.504725897920605
0.3384,0.5262602394454946,0.02716824228749301,0.6014492753623188,0.5742753623188406,0.427536231884058,0.5289855072463769,0.499054820415879
0.3386,0.5186200378071834,0.025590567297250014,0.5760869565217391,0.5706521739130435,0.42028985507246375,0.5307971014492754,0.49527410207939504
0.3388,0.5186515437933207,0.023487288989538262,0.5706521739130435,0.5597826086956521,0.4257246376811594,0.5380434782608696,0.49905482041587906
0.339,0.5161153119092627,0.02338461225984898,0.5615942028985508,0.5615942028985508,0.42210144927536236,0.5362318840579711,0.499054820415879
0.3392,0.5139571518588533,0.022953655874954463,0.5561594202898551,0.5597826086956522,0.42028985507246375,0.532608695652174,0.500945179584121
0.3394,0.5154221802142407,0.023689918530177042,0.5634057971014492,0.5579710144927537,0.4184782608695652,0.5344202898550725,0.5028355387523629
0.3396,0.515800252047889,0.023529705295864622,0.5634057971014492,0.5543478260869565,0.41847826086956524,0.5380434782608695,0.5047258979206048
0.3398,0.51471329552615,0.022969391602742178,0.552536231884058,0.5543478260869565,0.4184782608695652,0.5434782608695652,0.5047258979206048
0.34,0.5103182104599873,0.02286076829100048,0.5471014492753623,0.5489130434782609,0.4148550724637681,0.5416666666666666,0.49905482041587906
0.3402,0.5110901071203529,0.02265992791030349,0.5489130434782609,0.5416666666666667,0.4148550724637681,0.5452898550724639,0.5047258979206048
0.3404,0.511830497794581,0.023146206739471993,0.5471014492753623,0.5471014492753623,0.4130434782608696,0.5452898550724637,0.5066162570888468
0.3406,0.5126023944549465,0.023018050091450363,0.5434782608695652,0.5471014492753622,0.4130434782608696,0.5471014492753623,0.5122873345935728
0.3408,0.5129804662885948,0.024692357105775973,0.5471014492753623,0.5471014492753622,0.4057971014492754,0.5507246376811594,0.5141776937618148
0.341,0.5133900441083805,0.025359442043908192,0.5471014492753623,0.5471014492753623,0.40217391304347827,0.5507246376811594,0.5198487712665406
0.3412,0.514508506616257,0.025997320577970693,0.5507246376811594,0.5416666666666666,0.4003623188405797,0.5561594202898551,0.5236294896030246
0.3414,0.513768115942029,0.024210924643344303,0.5452898550724639,0.5398550724637681,0.4076086956521739,0.5543478260869565,0.5217391304347827
0.3416,0.5149338374291116,0.024628791805713163,0.5434782608695652,0.5398550724637681,0.40579710144927533,0.5543478260869565,0.5311909262759924
0.3418,0.5156427221172022,0.02445530890616108,0.5434782608695652,0.5416666666666666,0.4076086956521739,0.5561594202898551,0.5293005671077504
0.342,0.5219281663516068,0.02689650554762686,0.552536231884058,0.548913043478261,0.40217391304347816,0.5615942028985508,0.5444234404536861
0.3422,0.5216131064902332,0.028392868877571736,0.5507246376811594,0.5507246376811594,0.3949275362318841,0.5615942028985508,0.550094517958412
0.3424,0.5252835538752363,0.02880525133674472,0.5507246376811594,0.5597826086956522,0.3967391304347826,0.5634057971014492,0.555765595463138
0.3426,0.5282766225582861,0.0298491410621873,0.5579710144927537,0.5597826086956522,0.3949275362318841,0.5615942028985508,0.5671077504725898
0.3428,0.531568998109641,0.030189766838962934,0.5615942028985508,0.5615942028985508,0.3967391304347826,0.5670289855072463,0.5708884688090737
0.343,0.5370195337114051,0.0318016920062258,0.568840579710145,0.5778985507246377,0.39492753623188404,0.5706521739130435,0.5727788279773157
0.3432,0.5370510396975424,0.03183569291137913,0.5670289855072463,0.5778985507246376,0.3949275362318841,0.5688405797101449,0.5765595463137996
0.3434,0.5404064272211719,0.032672922876144005,0.5706521739130435,0.5797101449275361,0.3949275362318841,0.5688405797101449,0.5879017013232515
0.3436,0.5462350346565847,0.03396039876702915,0.5797101449275363,0.5905797101449275,0.39492753623188404,0.5742753623188406,0.5916824196597354
0.3438,0.5483931947069944,0.03414031311031537,0.5869565217391305,0.5978260869565217,0.3967391304347826,0.5706521739130435,0.5897920604914935
0.344,0.5564744801512287,0.03510958026697608,0.592391304347826,0.6050724637681159,0.40036231884057966,0.5815217391304348,0.6030245746691871
0.3442,0.5594202898550725,0.03658308053101074,0.5978260869565218,0.6086956521739131,0.3967391304347826,0.5851449275362319,0.6086956521739131
0.3444,0.5644927536231884,0.03597955614522609,0.6014492753623188,0.6123188405797101,0.40398550724637683,0.5960144927536232,0.6086956521739131
0.3446,0.5706836798991809,0.03694232117258792,0.6123188405797101,0.6195652173913043,0.40579710144927533,0.6032608695652174,0.6124763705103969
0.3448,0.5739445494643982,0.03761227853851361,0.6195652173913043,0.6159420289855072,0.4057971014492754,0.6159420289855072,0.6124763705103969
0.345,0.5772526780088216,0.03674094723235988,0.6177536231884058,0.6231884057971014,0.4130434782608695,0.6141304347826086,0.6181474480151229
0.3452,0.5783553875236295,0.036593754650931606,0.6177536231884058,0.625,0.41485507246376807,0.6141304347826086,0.6200378071833649
0.3454,0.5790957781978575,0.036415328323189236,0.6105072463768115,0.628623188405797,0.41666666666666663,0.6177536231884058,0.6219281663516069
0.3456,0.5827189666036547,0.03678615924363708,0.6231884057971014,0.6322463768115942,0.4184782608695652,0.6177536231884059,0.6219281663516069
0.3458,0.5875078764965342,0.03706267177848209,0.6286231884057971,0.6358695652173912,0.4221014492753623,0.6195652173913043,0.6313799621928166
0.346,0.592249527410208,0.03723844563702651,0.6340579710144927,0.6340579710144927,0.4257246376811594,0.6322463768115942,0.6351606805293005
0.3462,0.5959042218021424,0.03644046016380135,0.6358695652173912,0.6376811594202898,0.4329710144927536,0.6340579710144928,0.6389413988657845
0.3464,0.5991650913673598,0.03636093152321917,0.6376811594202899,0.6394927536231884,0.4365942028985507,0.6431159420289855,0.6389413988657845
0.3466,0.6002678008821676,0.03660937972339757,0.6376811594202899,0.6431159420289856,0.4365942028985507,0.6431159420289855,0.6408317580340265
0.3468,0.6020951480781348,0.036201820353694764,0.641304347826087,0.644927536231884,0.4402173913043478,0.6413043478260869,0.6427221172022685
0.347,0.6042375551354758,0.03425679209845107,0.6431159420289855,0.6431159420289856,0.45108695652173914,0.644927536231884,0.6389413988657845
0.3472,0.6079080025204789,0.03386882519288745,0.6431159420289855,0.6503623188405797,0.4565217391304347,0.6449275362318841,0.6446124763705104
0.3474,0.6082860743541272,0.0335673949409958,0.6503623188405797,0.6467391304347826,0.45833333333333326,0.6394927536231884,0.6465028355387523
0.3476,0.6111846250787649,0.03311225633389549,0.6539855072463768,0.6557971014492754,0.46376811594202894,0.6358695652173912,0.6465028355387523
0.3478,0.6123188405797102,0.03337662595051168,0.6576086956521738,0.6521739130434783,0.46376811594202894,0.6358695652173914,0.6521739130434783
0.348,0.6108538122243226,0.03306624616887544,0.6576086956521738,0.6485507246376812,0.46376811594202894,0.6340579710144927,0.6502835538752363
0.3482,0.6101134215500945,0.03292742598245298,0.657608695652174,0.6485507246376812,0.463768115942029,0.6322463768115942,0.6483931947069943
0.3484,0.6097826086956522,0.032380846478304776,0.6521739130434783,0.644927536231884,0.4655797101449276,0.6340579710144928,0.6521739130434783
0.3486,0.6090579710144928,0.03255389920896119,0.6467391304347826,0.644927536231884,0.463768115942029,0.6376811594202898,0.6521739130434783
0.3488,0.6086956521739131,0.030994677402824963,0.6485507246376812,0.6431159420289855,0.47101449275362317,0.6286231884057971,0.6521739130434783
0.349,0.6075456836798991,0.030361495136015684,0.6485507246376812,0.6467391304347827,0.47282608695652173,0.625,0.6446124763705103
0.3492,0.6082230623818525,0.031340903359437185,0.6539855072463768,0.6503623188405797,0.46920289855072467,0.6286231884057971,0.6389413988657845
0.3494,0.6081915563957152,0.029352358844582684,0.6539855072463768,0.6467391304347827,0.47826086956521735,0.6268115942028986,0.6351606805293005
0.3496,0.6100346565847511,0.028416085353365955,0.6503623188405797,0.6467391304347826,0.4836956521739131,0.6304347826086957,0.6389413988657845
0.3498,0.6060176433522368,0.026783396141005247,0.6449275362318839,0.6413043478260869,0.48731884057971014,0.6213768115942029,0.6351606805293005
0.35,0.6063327032136105,0.02558197801749371,0.6431159420289855,0.6413043478260869,0.4927536231884058,0.625,0.6294896030245747
0.3502,0.6045053560176432,0.025763223351539064,0.6449275362318839,0.6413043478260869,0.49094202898550726,0.6177536231884058,0.6275992438563327
0.3504,0.6030403276622558,0.02501960563248708,0.6431159420289855,0.6376811594202898,0.4927536231884058,0.6159420289855072,0.6257088846880907
0.3506,0.5993856332703213,0.025160428827325873,0.6394927536231884,0.6376811594202899,0.48913043478260876,0.6086956521739131,0.6219281663516069
0.3508,0.598267170762445,0.025969778746230906,0.6413043478260869,0.6413043478260869,0.48550724637681164,0.605072463768116,0.618147448015123
0.351,0.5946124763705104,0.026663395263188665,0.6413043478260869,0.6340579710144927,0.4782608695652174,0.605072463768116,0.614366729678639
0.3512,0.5935255198487712,0.025961320663802658,0.6376811594202898,0.6322463768115942,0.48007246376811585,0.6032608695652174,0.6143667296786389
0.3514,0.586925015752993,0.025435368192592626,0.6376811594202898,0.6177536231884059,0.4764492753623189,0.5978260869565217,0.6049149338374291
0.3516,0.5828922495274101,0.02630454197832129,0.6376811594202898,0.6141304347826086,0.46920289855072467,0.5942028985507246,0.5992438563327032
0.3518,0.5792060491493384,0.026270708799232823,0.6394927536231884,0.6086956521739131,0.4673913043478261,0.5887681159420289,0.5916824196597353
0.352,0.5751417769376183,0.02544536065229534,0.6358695652173914,0.5996376811594203,0.46739130434782605,0.5905797101449276,0.5822306238185255
0.3522,0.570431632010082,0.026688354319806037,0.6322463768115942,0.5960144927536232,0.4565217391304348,0.5851449275362318,0.5822306238185255
0.3524,0.5667769376181473,0.026309058585057124,0.6286231884057971,0.5905797101449275,0.45471014492753614,0.5815217391304348,0.5784499054820416
0.3526,0.563122243226213,0.02691795750170311,0.6231884057971014,0.5887681159420289,0.447463768115942,0.5815217391304348,0.5746691871455576
0.3528,0.5601606805293006,0.027058042689947662,0.625,0.5851449275362318,0.44565217391304346,0.5778985507246377,0.5671077504725898
0.353,0.5542533081285445,0.026132343875798443,0.6195652173913043,0.5815217391304348,0.44565217391304346,0.5706521739130436,0.553875236294896
0.3532,0.551339004410838,0.025488580344609792,0.6159420289855072,0.5778985507246377,0.44565217391304346,0.5652173913043478,0.551984877126654
0.3534,0.5457624448645243,0.02600909321117523,0.6105072463768116,0.5797101449275363,0.4402173913043478,0.5634057971014492,0.5349716446124764
0.3536,0.5431789540012602,0.02512338579699247,0.6032608695652174,0.5815217391304347,0.44202898550724634,0.5597826086956522,0.5293005671077504
0.3538,0.5420762444864524,0.026118827351488606,0.5978260869565217,0.5905797101449275,0.4365942028985508,0.5579710144927537,0.5274102079395084
0.354,0.5369092627599243,0.026924428465568726,0.5996376811594203,0.5905797101449275,0.43297101449275366,0.5452898550724639,0.5160680529300568
0.3542,0.5325141776937617,0.028252310372179297,0.5960144927536232,0.592391304347826,0.42391304347826086,0.5398550724637681,0.5103969754253308
0.3544,0.5310018903591682,0.029524358622209767,0.5960144927536232,0.5978260869565217,0.42028985507246375,0.5380434782608696,0.502835538752363
0.3546,0.5280718336483932,0.028629370159480316,0.5851449275362318,0.5996376811594203,0.4221014492753623,0.5344202898550725,0.49905482041587906
0.3548,0.5270163831127914,0.028040425012044005,0.5797101449275363,0.5996376811594203,0.4221014492753623,0.5307971014492754,0.502835538752363
0.355,0.5269848771266541,0.029634646790402026,0.5760869565217391,0.6105072463768115,0.4184782608695652,0.5307971014492754,0.499054820415879
0.3552,0.5266068052930056,0.031009320911150502,0.572463768115942,0.6213768115942029,0.41666666666666663,0.5253623188405796,0.4971644612476371
0.3554,0.524054820415879,0.030070814155917964,0.5670289855072463,0.6177536231884059,0.4184782608695652,0.5217391304347826,0.4952741020793951
0.3556,0.5269218651543792,0.032033620574527404,0.5706521739130435,0.6304347826086957,0.4184782608695652,0.5235507246376812,0.4914933837429111
0.3558,0.5243383742911153,0.03314728466032975,0.5634057971014493,0.6322463768115942,0.41123188405797095,0.5289855072463768,0.48582230623818523
0.356,0.524653434152489,0.03423301912688785,0.5597826086956521,0.6413043478260869,0.41304347826086957,0.5289855072463768,0.4801512287334594
0.3562,0.5224795211090107,0.03487150236782216,0.5579710144927537,0.6394927536231885,0.40579710144927533,0.5289855072463768,0.48015122873345933
0.3564,0.5209987397605544,0.03339498992624778,0.5579710144927537,0.6304347826086957,0.4094202898550725,0.5307971014492754,0.4763705103969754
0.3566,0.5199117832388154,0.03382608476151425,0.5579710144927535,0.6322463768115942,0.40760869565217395,0.5253623188405797,0.4763705103969754
0.3568,0.5195337114051669,0.033924962085274964,0.5579710144927537,0.6322463768115941,0.40760869565217395,0.5253623188405797,0.4744801512287335
0.357,0.5181001890359169,0.0341734119555511,0.5543478260869565,0.6304347826086957,0.40217391304347827,0.5271739130434783,0.4763705103969754
0.3572,0.5170289855072464,0.03526462509114106,0.5579710144927535,0.6286231884057971,0.3931159420289855,0.5271739130434783,0.4782608695652174
0.3574,0.5152331442974166,0.03590342889089282,0.5579710144927535,0.6286231884057971,0.3876811594202899,0.5217391304347826,0.4801512287334594
0.3576,0.51088531821046,0.03692902367757155,0.5579710144927537,0.6268115942028986,0.3786231884057971,0.5108695652173914,0.4801512287334594
0.3578,0.5097668557025835,0.038737292216561595,0.5615942028985507,0.6304347826086957,0.37137681159420294,0.5090579710144927,0.4763705103969755
0.358,0.5071676118462507,0.038761627931241625,0.5634057971014492,0.6231884057971014,0.36775362318840576,0.5126811594202898,0.4688090737240076
0.3582,0.5064587271581601,0.03832374607498083,0.5670289855072463,0.6159420289855072,0.36594202898550726,0.5126811594202898,0.4706994328922496
0.3584,0.5057025834908633,0.03827897318173231,0.5634057971014493,0.6159420289855072,0.36594202898550726,0.5163043478260869,0.46691871455576556
0.3586,0.5031663516068052,0.03863954176512138,0.5670289855072465,0.6105072463768115,0.36050724637681153,0.5108695652173912,0.46691871455576556
0.3588,0.5002362948960303,0.04140108960621215,0.5742753623188406,0.6105072463768115,0.34601449275362317,0.5072463768115942,0.4631379962192817
0.359,0.49878701953371146,0.04171671921001399,0.5778985507246377,0.6086956521739131,0.3442028985507246,0.5,0.46313799621928164
0.3592,0.49803087586641465,0.04239658721308935,0.5815217391304348,0.6086956521739131,0.3423913043478261,0.49818840579710144,0.45935727788279773
0.3594,0.4976370510396976,0.04319170221608473,0.5778985507246377,0.6123188405797102,0.33876811594202894,0.5036231884057971,0.4555765595463138
0.3596,0.493887838689351,0.043332321299945395,0.5797101449275363,0.6086956521739131,0.3405797101449275,0.5,0.4404536862003781
0.3598,0.49462822936357914,0.042673619016135846,0.5815217391304348,0.6068840579710144,0.3442028985507246,0.4981884057971015,0.4423440453686201
0.36,0.4967548834278513,0.0427534920100014,0.5869565217391305,0.6123188405797101,0.3532608695652174,0.4945652173913044,0.43667296786389415
0.3602,0.49779458097038437,0.04327125547341325,0.592391304347826,0.6141304347826086,0.3568840579710145,0.4945652173913043,0.43100189035916825
0.3604,0.4937618147448015,0.04360727482090593,0.5942028985507246,0.6032608695652173,0.3496376811594203,0.49637681159420294,0.4253308128544424
0.3606,0.49632955261499684,0.04365252784686255,0.5978260869565218,0.6050724637681159,0.35144927536231885,0.49818840579710144,0.4291115311909263
0.3608,0.4970541902961562,0.043416275459012776,0.605072463768116,0.5978260869565217,0.3532608695652173,0.5,0.42911153119092627
0.361,0.4962665406427222,0.044272679868186164,0.6086956521739131,0.5978260869565217,0.35326086956521735,0.5,0.42155009451795844
0.3612,0.4947542533081286,0.045788933136380654,0.6123188405797101,0.5996376811594203,0.3496376811594203,0.49818840579710144,0.4139886578449905
0.3614,0.49070573408947704,0.04728273400040352,0.6105072463768116,0.5996376811594203,0.34057971014492755,0.49637681159420294,0.4064272211720227
0.3616,0.4925330812854442,0.04511458317948443,0.6086956521739131,0.5942028985507246,0.35144927536231885,0.5,0.40831758034026466
0.3618,0.49365154379332077,0.044217681211628654,0.6086956521739131,0.592391304347826,0.35507246376811596,0.5,0.4120982986767486
0.362,0.4936515437933207,0.04287007736605485,0.6105072463768116,0.5851449275362318,0.3623188405797102,0.4981884057971015,0.41209829867674863
0.3622,0.49147763074984246,0.04154630493088705,0.605072463768116,0.5760869565217391,0.36231884057971014,0.5018115942028986,0.41209829867674863
0.3624,0.4940296156269691,0.04064254749062489,0.6141304347826088,0.5670289855072463,0.3713768115942029,0.5036231884057971,0.41398865784499056
0.3626,0.4958412098298677,0.040598848942809476,0.6159420289855073,0.5652173913043479,0.37318840579710144,0.5108695652173914,0.41398865784499056
0.3628,0.49730623818525527,0.03969026173218162,0.6213768115942029,0.5561594202898551,0.3804347826086957,0.5126811594202898,0.4158790170132325
0.363,0.4977000630119723,0.03807395380352072,0.6177536231884058,0.552536231884058,0.38586956521739135,0.5126811594202898,0.41965973534971646
0.3632,0.4951480781348456,0.03774121660450124,0.6123188405797102,0.5471014492753623,0.38224637681159424,0.5163043478260869,0.41776937618147447
0.3634,0.4959199747952111,0.03732344782967221,0.6141304347826086,0.5434782608695652,0.38224637681159424,0.5163043478260869,0.4234404536862004
0.3636,0.4952110901071203,0.035213837752662,0.608695652173913,0.5344202898550724,0.3894927536231884,0.5181159420289855,0.4253308128544423
0.3638,0.49522684310018905,0.03409309184425688,0.6105072463768115,0.5289855072463768,0.3967391304347826,0.5126811594202898,0.4272211720226843
0.364,0.49447069943289224,0.03538206688361196,0.6123188405797101,0.5307971014492753,0.3913043478260869,0.5144927536231885,0.4234404536862004
0.3642,0.4933679899180844,0.0357747552274006,0.6159420289855073,0.5253623188405797,0.391304347826087,0.5126811594202899,0.4215500945179584
0.3644,0.49517958412098295,0.035783209999047896,0.6159420289855072,0.5289855072463768,0.39311594202898553,0.516304347826087,0.4215500945179584
0.3646,0.49703843730308755,0.0346627250102706,0.6159420289855072,0.5289855072463768,0.39855072463768115,0.5144927536231884,0.4272211720226843
0.3648,0.49925960932577185,0.034639621786684484,0.6159420289855072,0.532608695652174,0.3967391304347826,0.5181159420289855,0.4328922495274102
0.365,0.5,0.03572103635903257,0.6195652173913043,0.532608695652174,0.3913043478260869,0.5217391304347826,0.4347826086956522
0.3652,0.5036231884057971,0.03536276431175815,0.6213768115942029,0.5362318840579711,0.39855072463768115,0.5271739130434783,0.4347826086956522
0.3654,0.5033081285444234,0.034823600825495196,0.6195652173913043,0.5362318840579711,0.3967391304347826,0.5235507246376812,0.44045368620037806
0.3656,0.506962822936358,0.035720498651224605,0.6268115942028986,0.5380434782608696,0.3967391304347826,0.5289855072463767,0.44423440453686197
0.3658,0.5069470699432891,0.03539684853183477,0.6268115942028986,0.5398550724637681,0.40036231884057966,0.5253623188405797,0.44234404536862
0.366,0.5091367359798362,0.034250890613722995,0.625,0.5416666666666667,0.40760869565217395,0.5271739130434783,0.44423440453686197
0.3662,0.5094990548204159,0.03537593784126578,0.6286231884057971,0.5489130434782609,0.4039855072463768,0.5217391304347826,0.444234404536862
0.3664,0.512429111531191,0.03428670262678963,0.6286231884057971,0.5489130434782609,0.41123188405797095,0.5253623188405797,0.4480151228733459
0.3666,0.5124291115311909,0.03463715586461861,0.6286231884057971,0.552536231884058,0.4094202898550724,0.5235507246376812,0.44801512287334594
0.3668,0.5142249527410208,0.03554629009696118,0.6322463768115941,0.5579710144927537,0.40942028985507245,0.5253623188405797,0.44612476370510395
0.367,0.5120667926906112,0.03491747054291689,0.628623188405797,0.5543478260869565,0.4076086956521739,0.5217391304347826,0.44801512287334594
0.3672,0.5120510396975424,0.035904606639784266,0.6322463768115941,0.5579710144927535,0.4057971014492754,0.5181159420289855,0.44612476370510395
0.3674,0.5160838059231254,0.03584010117644722,0.6358695652173912,0.5634057971014492,0.40942028985507245,0.519927536231884,0.4517958412098299
0.3676,0.5160838059231254,0.035475631266753335,0.6340579710144928,0.5652173913043478,0.41123188405797106,0.5181159420289856,0.4517958412098299
0.3678,0.5149968494013862,0.03710076756688576,0.6413043478260869,0.5652173913043478,0.40579710144927533,0.5108695652173912,0.4517958412098299
0.368,0.515406427221172,0.03721776285165317,0.6431159420289855,0.5615942028985507,0.40217391304347827,0.5126811594202899,0.45746691871455575
0.3682,0.5150913673597983,0.03657276834606487,0.6376811594202898,0.5652173913043478,0.4003623188405797,0.5090579710144927,0.46313799621928164
0.3684,0.5150913673597983,0.03715677011729255,0.6394927536231884,0.5670289855072463,0.3985507246376812,0.5072463768115942,0.46313799621928164
0.3686,0.5165721487082544,0.03634230591557403,0.6376811594202898,0.5652173913043478,0.4003623188405797,0.5126811594202898,0.4669187145557656
0.3688,0.5151228733459357,0.036905030118965454,0.6340579710144927,0.5670289855072463,0.3931159420289855,0.5144927536231884,0.46691871455576556
0.369,0.5158790170132325,0.03800973362558597,0.6376811594202898,0.5688405797101449,0.38768115942028986,0.5144927536231885,0.47069943289224947
0.3692,0.5170447385003151,0.037728905785402674,0.6376811594202898,0.5706521739130435,0.38768115942028986,0.5090579710144927,0.4801512287334593
0.3694,0.5155954631379961,0.03851416411652579,0.6394927536231885,0.5706521739130435,0.3840579710144927,0.5036231884057971,0.4801512287334593
0.3696,0.5155954631379962,0.039048991271762874,0.644927536231884,0.5670289855072463,0.38405797101449274,0.5018115942028986,0.4801512287334594
0.3698,0.5181789540012602,0.039119971975863845,0.644927536231884,0.572463768115942,0.38405797101449274,0.503623188405797,0.48582230623818523
0.37,0.5189193446754883,0.03907617109400827,0.6467391304347826,0.572463768115942,0.3858695652173913,0.5018115942028986,0.4877126654064272
0.3702,0.5200063011972273,0.04027807753295117,0.6539855072463768,0.572463768115942,0.38405797101449274,0.5018115942028984,0.4877126654064272
0.3704,0.520368620037807,0.041958531596414356,0.6594202898550724,0.576086956521739,0.3786231884057971,0.49999999999999994,0.4877126654064272
0.3706,0.5214398235664776,0.04188496256745238,0.657608695652174,0.5797101449275361,0.3786231884057971,0.5054347826086956,0.4858223062381853
0.3708,0.5196124763705103,0.04137047908532553,0.6521739130434783,0.5778985507246376,0.37681159420289856,0.5072463768115942,0.48393194706994325
0.371,0.5188720856962823,0.040407336769716126,0.6503623188405796,0.5760869565217391,0.3822463768115942,0.5036231884057971,0.48204158790170126
0.3712,0.5177851291745432,0.040097029990683666,0.6485507246376812,0.5742753623188406,0.38224637681159424,0.5018115942028986,0.4820415879017014
0.3714,0.5170289855072464,0.04071728748977637,0.6503623188405797,0.5742753623188406,0.3804347826086957,0.5018115942028984,0.4782608695652174
0.3716,0.518446754883428,0.041549954284070996,0.6557971014492754,0.5778985507246376,0.38224637681159424,0.5018115942028984,0.47448015122873355
0.3718,0.5173913043478261,0.042261351660239026,0.6539855072463767,0.5797101449275363,0.375,0.5,0.4782608695652174
0.372,0.5195494643982357,0.04189582709990207,0.657608695652174,0.5778985507246377,0.3804347826086957,0.5054347826086957,0.47637051039697537
0.3722,0.519580970384373,0.04057794034073098,0.6539855072463768,0.5706521739130435,0.38224637681159424,0.5108695652173914,0.4801512287334593
0.3724,0.5199117832388154,0.04093415415611664,0.6557971014492754,0.5742753623188406,0.3840579710144928,0.5090579710144927,0.4763705103969754
0.3726,0.5183679899180844,0.042499008499873696,0.6594202898550725,0.5760869565217391,0.3804347826086957,0.5108695652173912,0.46502835538752363
0.3728,0.520132325141777,0.044175895758451815,0.6721014492753624,0.5742753623188406,0.38224637681159424,0.5126811594202898,0.4593572778827978
0.373,0.5255986137366099,0.0454716468729299,0.6829710144927535,0.5833333333333334,0.38586956521739135,0.5126811594202899,0.46313799621928164
0.3732,0.5267013232514177,0.04618030153466241,0.6865942028985507,0.5815217391304348,0.38224637681159424,0.5181159420289855,0.46502835538752363
0.3734,0.5263232514177695,0.04592649115423955,0.6847826086956522,0.5797101449275361,0.38224637681159424,0.5217391304347826,0.46313799621928164
0.3736,0.5277410207939509,0.04727375530398276,0.6902173913043478,0.5833333333333333,0.3804347826086956,0.5253623188405797,0.4593572778827977
0.3738,0.5281348456206679,0.046723767281520924,0.6884057971014493,0.5815217391304347,0.3804347826086957,0.5271739130434782,0.46313799621928164
0.374,0.5274259609325772,0.04629988453090411,0.6865942028985507,0.5742753623188405,0.3786231884057971,0.532608695652174,0.46502835538752363
0.3742,0.5263547574039068,0.04703487929225832,0.6920289855072465,0.5706521739130435,0.37681159420289856,0.5253623188405797,0.4669187145557656
0.3744,0.5278040327662256,0.04653883683015794,0.693840579710145,0.5688405797101449,0.38224637681159424,0.5271739130434783,0.4669187145557656
0.3746,0.5310649023314429,0.04745300749209763,0.7028985507246377,0.5706521739130435,0.38586956521739124,0.5289855072463767,0.4669187145557656
0.3748,0.5325299306868304,0.0475055894942671,0.7047101449275363,0.5670289855072463,0.38586956521739124,0.536231884057971,0.4688090737240076
0.375,0.5332860743541272,0.048001334957435284,0.7101449275362319,0.5634057971014492,0.38586956521739124,0.5344202898550724,0.47258979206049156
0.3752,0.5329710144927536,0.04790945741772612,0.7101449275362319,0.5615942028985508,0.3840579710144927,0.5307971014492753,0.4782608695652174
0.3754,0.5329552614996849,0.04792413444967115,0.7119565217391304,0.556159420289855,0.38586956521739124,0.5344202898550724,0.4763705103969754
0.3756,0.5347668557025834,0.04778984341492553,0.7137681159420289,0.5579710144927535,0.38949275362318836,0.536231884057971,0.47637051039697537
0.3758,0.5347511027095148,0.04871077335181107,0.7137681159420289,0.5652173913043478,0.38405797101449274,0.536231884057971,0.47448015122873344
0.376,0.5351134215500944,0.04777804837179286,0.7101449275362318,0.5670289855072463,0.38768115942028986,0.536231884057971,0.47448015122873344
0.3762,0.5358380592312539,0.047777594418413116,0.7119565217391305,0.5652173913043478,0.38949275362318836,0.5380434782608696,0.47448015122873344
0.3764,0.5391461877756774,0.04746012643635262,0.7119565217391304,0.572463768115942,0.391304347826087,0.5398550724637681,0.4801512287334594
0.3766,0.5398865784499055,0.047035127264371555,0.7119565217391304,0.5760869565217391,0.39492753623188404,0.5344202898550725,0.4820415879017013
0.3768,0.5406269691241337,0.04714744452442302,0.7137681159420289,0.5742753623188406,0.39492753623188404,0.536231884057971,0.48393194706994325
0.377,0.54174543163201,0.04723642078699807,0.7155797101449276,0.5742753623188406,0.39492753623188404,0.536231884057971,0.4877126654064272
0.3772,0.5402804032766226,0.047249377306434824,0.717391304347826,0.568840579710145,0.39673913043478265,0.5326086956521738,0.48582230623818523
0.3774,0.5421392564587271,0.04657694149787402,0.713768115942029,0.5652173913043478,0.3949275362318841,0.5452898550724637,0.49149338374291107
0.3776,0.5410680529300567,0.046437336578930316,0.7155797101449275,0.5597826086956522,0.3967391304347826,0.5398550724637681,0.4933837429111531
0.3778,0.5433049779458097,0.046889409829902196,0.7192028985507246,0.5579710144927537,0.39492753623188415,0.5434782608695652,0.5009451795841209
0.378,0.541839949590422,0.0481314723946359,0.7210144927536232,0.556159420289855,0.3876811594202898,0.5452898550724639,0.499054820415879
0.3782,0.5436830497794581,0.04808102831291496,0.7228260869565217,0.5597826086956521,0.38949275362318836,0.5434782608695652,0.5028355387523629
0.3784,0.5440926275992439,0.048084887718735335,0.7210144927536232,0.5579710144927537,0.38586956521739124,0.5471014492753623,0.5085066162570888
0.3786,0.5430529300567108,0.04862410613938132,0.7246376811594203,0.5452898550724637,0.3840579710144928,0.5471014492753623,0.5141776937618148
0.3788,0.5437933207309389,0.04859501930849832,0.7246376811594203,0.5434782608695652,0.3840579710144928,0.5507246376811594,0.5160680529300568
0.379,0.5449432892249527,0.04894359677170252,0.7264492753623188,0.5434782608695652,0.38224637681159424,0.5489130434782609,0.5236294896030246
0.3792,0.5456521739130435,0.047780500892000324,0.7246376811594203,0.5398550724637681,0.38949275362318836,0.552536231884058,0.5217391304347826
0.3794,0.5416351606805294,0.04865911937100689,0.7264492753623188,0.5289855072463768,0.3858695652173913,0.5489130434782609,0.5179584120982987
0.3796,0.5398235664776307,0.0493713007404942,0.7282608695652174,0.5289855072463768,0.3822463768115942,0.5416666666666666,0.5179584120982987
0.3798,0.5391304347826087,0.0497383407592461,0.7264492753623188,0.5289855072463768,0.37681159420289856,0.5416666666666666,0.5217391304347826
0.38,0.5391934467548835,0.049082203959797316,0.7210144927536232,0.5289855072463768,0.375,0.5416666666666666,0.5293005671077504
0.3802,0.5387996219281664,0.04825771289866182,0.7228260869565217,0.5235507246376812,0.3840579710144928,0.5380434782608696,0.5255198487712666
0.3804,0.5362161310649023,0.0480981285246407,0.7210144927536232,0.519927536231884,0.38405797101449274,0.536231884057971,0.5198487712665407
0.3806,0.5354442344045368,0.04731731329404591,0.7210144927536232,0.5181159420289855,0.3913043478260869,0.5326086956521738,0.5141776937618148
0.3808,0.5336168872085697,0.047609138602052625,0.7210144927536232,0.5163043478260869,0.38949275362318836,0.5289855072463768,0.5122873345935728
0.381,0.533994959042218,0.047846093639190686,0.7210144927536232,0.5126811594202898,0.3876811594202899,0.5344202898550725,0.5141776937618148
0.3812,0.5362003780718336,0.04652341126896946,0.717391304347826,0.5144927536231884,0.3931159420289855,0.5380434782608695,0.5179584120982987
0.3814,0.5347983616887209,0.04434264909789064,0.7047101449275363,0.5108695652173912,0.39492753623188404,0.5398550724637681,0.5236294896030246
0.3816,0.5344202898550725,0.04381212395466613,0.7028985507246377,0.5126811594202898,0.3967391304347826,0.5380434782608695,0.5217391304347826
0.3818,0.5333333333333334,0.04346497381513374,0.697463768115942,0.5126811594202898,0.39311594202898553,0.5416666666666666,0.5217391304347826
0.382,0.532561436672968,0.04295635035347055,0.6920289855072465,0.5163043478260869,0.3913043478260869,0.5471014492753623,0.5160680529300568
0.3822,0.5314902331442974,0.04282800733462459,0.6884057971014493,0.5181159420289855,0.38768115942028986,0.5452898550724637,0.5179584120982987
0.3824,0.5307498424700693,0.041860137732068835,0.6847826086956522,0.5163043478260869,0.3913043478260869,0.5452898550724639,0.5160680529300568
0.3826,0.5300567107750471,0.04192216633783348,0.6865942028985508,0.5090579710144928,0.3931159420289855,0.5416666666666666,0.5198487712665406
0.3828,0.531112161310649,0.04015197830391057,0.6793478260869565,0.5144927536231885,0.39855072463768115,0.5471014492753623,0.5160680529300568
0.383,0.5263862633900442,0.03798221404002234,0.6630434782608695,0.5144927536231885,0.3967391304347826,0.5434782608695653,0.5141776937618148
0.3832,0.5238185255198488,0.03617134609921031,0.6539855072463768,0.5144927536231885,0.4003623188405797,0.5398550724637682,0.5103969754253308
0.3834,0.5245274102079394,0.036377441108156744,0.6539855072463768,0.5126811594202898,0.40036231884057966,0.5471014492753623,0.5085066162570888
0.3836,0.5234404536862003,0.036551028605146016,0.6557971014492754,0.503623188405797,0.4021739130434782,0.5471014492753623,0.5085066162570888
0.3838,0.5208884688090737,0.036446076556899826,0.6539855072463768,0.4963768115942029,0.40217391304347827,0.5452898550724637,0.5066162570888468
0.384,0.5165563957151859,0.03628516123475393,0.6467391304347826,0.4927536231884058,0.39492753623188404,0.5398550724637682,0.5085066162570888
0.3842,0.5150913673597983,0.03562601707785595,0.6413043478260869,0.4909420289855072,0.39492753623188404,0.5416666666666667,0.5066162570888469
0.3844,0.5150756143667298,0.03501122892425256,0.6394927536231885,0.48913043478260876,0.39855072463768115,0.5434782608695652,0.5047258979206048
0.3846,0.5085223692501575,0.033729953262383414,0.6268115942028986,0.4782608695652174,0.3967391304347826,0.5398550724637681,0.500945179584121
0.3848,0.5055608065532451,0.03409500611486678,0.6268115942028986,0.4710144927536231,0.3967391304347826,0.5398550724637682,0.49338374291115306
0.385,0.5077347195967234,0.03397537092467183,0.6286231884057971,0.46920289855072467,0.40217391304347827,0.5452898550724637,0.4933837429111531
0.3852,0.507750472589792,0.03371179236449429,0.6231884057971014,0.4655797101449275,0.40217391304347827,0.552536231884058,0.4952741020793951
0.3854,0.509247006931317,0.03396727126176243,0.6195652173913043,0.4583333333333333,0.4039855072463768,0.5634057971014492,0.500945179584121
0.3856,0.5088846880907373,0.034353499412453366,0.6195652173913044,0.4492753623188406,0.40760869565217395,0.5670289855072463,0.500945179584121
0.3858,0.5096408317580341,0.0341334361971149,0.6177536231884058,0.4474637681159421,0.4094202898550725,0.5688405797101449,0.5047258979206048
0.386,0.5063327032136106,0.03442824906283001,0.6141304347826086,0.43478260869565216,0.4130434782608695,0.5706521739130435,0.499054820415879
0.3862,0.5055923125393825,0.03612630160193767,0.6141304347826086,0.4257246376811594,0.41123188405797106,0.5797101449275361,0.4971644612476371
0.3864,0.5081285444234405,0.03687791087151773,0.6159420289855073,0.42028985507246375,0.4184782608695652,0.588768115942029,0.497164461247637
0.3866,0.5103182104599874,0.0369903758396507,0.6159420289855073,0.4202898550724638,0.4221014492753623,0.5942028985507246,0.499054820415879
0.3868,0.5092155009451795,0.037733492561057104,0.6159420289855073,0.4130434782608695,0.42391304347826086,0.5960144927536232,0.497164461247637
0.387,0.5077504725897921,0.04063351717491061,0.625,0.3985507246376811,0.4221014492753623,0.5978260869565217,0.4952741020793951
0.3872,0.5062539382482671,0.0422507115112147,0.6213768115942029,0.391304347826087,0.42028985507246375,0.6086956521739131,0.4896030245746692
0.3874,0.5077347195967234,0.04132530684639578,0.6177536231884058,0.4003623188405797,0.4166666666666667,0.6105072463768115,0.4933837429111531
0.3876,0.5109640831758034,0.04211602926217257,0.621376811594203,0.39855072463768115,0.4257246376811594,0.6195652173913043,0.4896030245746692
0.3878,0.5080812854442345,0.04336875152540981,0.6195652173913043,0.3876811594202899,0.4221014492753623,0.6195652173913043,0.4914933837429112
0.388,0.509892879647133,0.044177564115682424,0.6231884057971014,0.3822463768115941,0.4293478260869565,0.6231884057971016,0.4914933837429112
0.3882,0.507703213610586,0.045273232751389655,0.625,0.37318840579710144,0.42934782608695654,0.6213768115942029,0.48960302457466914
0.3884,0.5087744171392565,0.04564024943816222,0.6286231884057971,0.3695652173913043,0.43659420289855067,0.6213768115942029,0.4877126654064272
0.3886,0.5102551984877127,0.04645433670926389,0.6304347826086957,0.3659420289855072,0.4384057971014493,0.625,0.4914933837429112
0.3888,0.507703213610586,0.047198245999587926,0.6286231884057971,0.36050724637681164,0.4347826086956521,0.6249999999999999,0.4896030245746692
0.389,0.5058443604284815,0.04776790351054994,0.6322463768115942,0.3568840579710145,0.4347826086956522,0.6213768115942029,0.4839319470699433
0.3892,0.5076402016383113,0.048113890960425405,0.6376811594202899,0.3605072463768116,0.4347826086956521,0.6231884057971014,0.48204158790170126
0.3894,0.5073251417769375,0.04888922554625579,0.6358695652173914,0.35326086956521735,0.4347826086956521,0.6249999999999999,0.4877126654064272
0.3896,0.5087901701323251,0.04888112170881076,0.6376811594202898,0.35688405797101447,0.4329710144927536,0.6268115942028984,0.4896030245746692
0.3898,0.5128229363579079,0.05001876408085387,0.6485507246376812,0.35688405797101447,0.4347826086956521,0.6286231884057971,0.4952741020793951
0.39,0.5113579080025205,0.050136079702131534,0.6521739130434783,0.35326086956521735,0.43659420289855067,0.6213768115942029,0.49338374291115317
0.3902,0.515752993068683,0.05069383171443018,0.6576086956521738,0.3514492753623188,0.44565217391304346,0.625,0.49905482041587906
0.3904,0.5208569628229364,0.049500894590629174,0.661231884057971,0.36231884057971014,0.45108695652173914,0.6268115942028986,0.502835538752363
0.3906,0.5226843100189036,0.05017930925636544,0.6684782608695652,0.36413043478260865,0.4492753623188406,0.6268115942028986,0.504725897920605
0.3908,0.5227315689981096,0.05086767864782398,0.6702898550724637,0.358695652173913,0.4492753623188406,0.6249999999999999,0.5103969754253308
0.391,0.5194391934467548,0.05114939552237803,0.6702898550724637,0.3550724637681159,0.44565217391304346,0.6195652173913043,0.5066162570888468
0.3912,0.520179584120983,0.05110191991663833,0.6721014492753623,0.35507246376811596,0.447463768115942,0.6177536231884058,0.5085066162570888
0.3914,0.5186830497794581,0.05141948460913391,0.6775362318840581,0.35326086956521746,0.4492753623188406,0.6105072463768115,0.502835538752363
0.3916,0.5182734719596723,0.05072944651911019,0.6775362318840581,0.35507246376811596,0.45471014492753625,0.6068840579710144,0.497164461247637
0.3918,0.5179111531190926,0.051032567356519704,0.681159420289855,0.35507246376811596,0.4528985507246377,0.6032608695652174,0.497164461247637
0.392,0.5183207309388784,0.05223939336973788,0.6884057971014492,0.3496376811594203,0.4528985507246377,0.5978260869565217,0.502835538752363
0.3922,0.5154379332073094,0.050866397543681545,0.6847826086956521,0.35144927536231885,0.45108695652173914,0.5851449275362318,0.5047258979206048
0.3924,0.5135633270321361,0.0508992560082574,0.6829710144927537,0.35144927536231885,0.4492753623188406,0.5869565217391304,0.497164461247637
0.3926,0.5135633270321361,0.051511976127735386,0.6865942028985507,0.3496376811594203,0.4492753623188406,0.5851449275362319,0.497164461247637
0.3928,0.5132325141776938,0.05108246553121926,0.6847826086956522,0.35144927536231885,0.44565217391304346,0.5833333333333333,0.500945179584121
0.393,0.5091367359798362,0.050867836710227016,0.6847826086956521,0.35144927536231885,0.44565217391304346,0.5760869565217391,0.48771266540642727
0.3932,0.5109798361688721,0.05120294476341237,0.6902173913043478,0.35144927536231885,0.4492753623188406,0.572463768115942,0.4914933837429112
0.3934,0.5157057340894771,0.049992820804952466,0.6938405797101449,0.36231884057971014,0.4565217391304348,0.572463768115942,0.4933837429111531
0.3936,0.5156742281033397,0.04816202428532028,0.693840579710145,0.375,0.4565217391304348,0.5634057971014492,0.4896030245746692
0.3938,0.5164303717706364,0.04741126273345108,0.6902173913043478,0.37681159420289856,0.4565217391304348,0.5652173913043479,0.49338374291115306
0.394,0.5135003150598614,0.046953870164103045,0.6902173913043478,0.3786231884057971,0.45471014492753625,0.5543478260869565,0.4896030245746692
0.3942,0.5146187775677379,0.04630847116019836,0.6884057971014492,0.3804347826086957,0.4565217391304348,0.5543478260869565,0.49338374291115317
0.3944,0.5146660365469439,0.0447101659078406,0.6829710144927537,0.38405797101449274,0.45833333333333337,0.5489130434782609,0.49905482041587906
0.3946,0.5102551984877127,0.043276739994534,0.6702898550724637,0.3804347826086957,0.4601449275362319,0.5489130434782609,0.4914933837429112
0.3948,0.5065847511027095,0.042397790619198496,0.6630434782608696,0.37862318840579706,0.4601449275362319,0.5452898550724637,0.4858223062381853
0.395,0.505119722747322,0.04099767820837898,0.6594202898550724,0.38405797101449274,0.4601449275362319,0.5380434782608695,0.4839319470699433
0.3952,0.5043793320730938,0.03842467666838892,0.6521739130434782,0.39855072463768115,0.45471014492753625,0.5344202898550725,0.4820415879017013
0.3954,0.5040170132325141,0.03684033367961329,0.6467391304347826,0.4057971014492754,0.4528985507246377,0.532608695652174,0.48204158790170126
0.3956,0.504773156899811,0.03430671047087956,0.6394927536231884,0.41485507246376807,0.45652173913043476,0.5271739130434783,0.4858223062381853
0.3958,0.5048046628859483,0.03357811721353272,0.6358695652173912,0.41666666666666663,0.45471014492753625,0.5271739130434783,0.4896030245746692
0.396,0.5036704473850031,0.03252231724781113,0.6322463768115942,0.4221014492753623,0.45471014492753625,0.5253623188405797,0.48393194706994325
0.3962,0.5025677378701954,0.030861449059899647,0.6268115942028986,0.42934782608695654,0.4547101449275362,0.519927536231884,0.4820415879017014
0.3964,0.5047574039067423,0.03017963164798384,0.6268115942028986,0.4365942028985507,0.45471014492753625,0.5217391304347826,0.4839319470699433
0.3966,0.505466288594833,0.02863865198597963,0.625,0.447463768115942,0.45833333333333337,0.5144927536231885,0.4820415879017013
0.3968,0.5062224322621298,0.027193854951307384,0.6213768115942029,0.4528985507246377,0.4619565217391304,0.5090579710144927,0.48582230623818523
0.397,0.5106175173282923,0.02616308384217406,0.6231884057971014,0.463768115942029,0.46739130434782605,0.5072463768115942,0.4914933837429111
0.3972,0.5080497794580969,0.027172176962524067,0.6268115942028986,0.4692028985507246,0.4601449275362319,0.4963768115942029,0.4877126654064272
0.3974,0.5080497794580972,0.02713833730521045,0.6268115942028986,0.47282608695652173,0.4583333333333333,0.4945652173913043,0.4877126654064272
0.3976,0.5076244486452427,0.027107357560361454,0.6268115942028986,0.48007246376811596,0.4583333333333333,0.49275362318840576,0.48015122873345933
0.3978,0.5068840579710144,0.02697463159790083,0.625,0.4891304347826087,0.45471014492753625,0.48731884057971014,0.4782608695652174
0.398,0.5076086956521738,0.02621446294763351,0.6213768115942029,0.49818840579710144,0.4547101449275362,0.48550724637681153,0.47826086956521735
0.3982,0.5072306238185256,0.02540751607660118,0.6141304347826086,0.5090579710144928,0.4492753623188406,0.4873188405797101,0.4763705103969754
0.3984,0.5071361058601134,0.02610223511438693,0.6105072463768115,0.5271739130434783,0.44565217391304346,0.4873188405797101,0.4650283553875236
0.3986,0.506017643352237,0.026457756599919235,0.6068840579710145,0.5344202898550725,0.44202898550724634,0.4855072463768116,0.46124763705103966
0.3988,0.5088689350976685,0.027920842399804444,0.608695652173913,0.5507246376811594,0.4420289855072464,0.48731884057971014,0.4555765595463138
0.399,0.510333963453056,0.02665083713394261,0.6014492753623188,0.5561594202898551,0.44565217391304346,0.4909420289855072,0.4574669187145558
0.3992,0.5092627599243856,0.027921135697942155,0.6014492753623188,0.5615942028985508,0.4365942028985507,0.48731884057971014,0.4593572778827978
0.3994,0.5092312539382483,0.028811723908818455,0.605072463768116,0.5615942028985508,0.43478260869565216,0.4891304347826087,0.4555765595463137
0.3996,0.5081285444234405,0.02763359134231859,0.5978260869565217,0.5615942028985507,0.4384057971014493,0.4891304347826087,0.45368620037807184
0.3998,0.5055765595463139,0.026143869666340715,0.5851449275362318,0.5615942028985508,0.4384057971014493,0.49094202898550726,0.45179584120982985
0.4,0.5088374291115312,0.025829129327300037,0.5815217391304348,0.5688405797101449,0.44202898550724634,0.5,0.4517958412098299
0.4002,0.505513547574039,0.025576875069949368,0.5760869565217391,0.5634057971014492,0.4402173913043478,0.5036231884057971,0.444234404536862
0.4004,0.504773156899811,0.02607484978223907,0.572463768115942,0.5688405797101449,0.4384057971014492,0.5018115942028987,0.44234404536862004
0.4006,0.5051197227473219,0.025903832093690397,0.5706521739130435,0.5670289855072463,0.4384057971014493,0.5090579710144927,0.44045368620037806
0.4008,0.5062224322621297,0.025442190880729486,0.5652173913043478,0.5688405797101449,0.4384057971014493,0.5163043478260869,0.44234404536862004
0.401,0.5076717076244487,0.024154014495044788,0.5615942028985507,0.5652173913043479,0.44565217391304346,0.5235507246376812,0.44234404536862004
0.4012,0.5076402016383114,0.025981475987269513,0.5634057971014492,0.5688405797101449,0.4384057971014492,0.5289855072463769,0.4385633270321361
0.4014,0.5069470699432893,0.024246608600023818,0.556159420289855,0.5597826086956521,0.44021739130434784,0.536231884057971,0.4423440453686201
0.4016,0.5066005040957782,0.024670146791987223,0.552536231884058,0.5597826086956522,0.4347826086956522,0.5416666666666666,0.444234404536862
0.4018,0.5065689981096408,0.025721233150144768,0.5507246376811593,0.5652173913043479,0.4329710144927536,0.5434782608695652,0.44045368620037806
0.402,0.5066162570888469,0.024379842238350873,0.548913043478261,0.5615942028985508,0.43478260869565216,0.5416666666666667,0.44612476370510395
0.4022,0.5055450535601764,0.024580592002724395,0.5416666666666666,0.5670289855072463,0.4311594202898551,0.5398550724637681,0.44801512287334594
0.4024,0.5059546313799621,0.02415762037730228,0.5380434782608696,0.572463768115942,0.43115942028985504,0.5344202898550724,0.4536862003780718
0.4026,0.5056238185255199,0.02403909426275733,0.5380434782608695,0.5742753623188406,0.4293478260869565,0.5289855072463768,0.45746691871455575
0.4028,0.5045683679899181,0.024412311249003178,0.5344202898550725,0.5760869565217391,0.42391304347826086,0.5271739130434783,0.46124763705103966
0.403,0.5049779458097039,0.0231365663078349,0.5326086956521738,0.5706521739130436,0.4257246376811594,0.5289855072463768,0.46691871455576567
0.4032,0.5024574669187145,0.0229300536805206,0.5344202898550724,0.5634057971014492,0.4202898550724638,0.5253623188405797,0.46880907372400754
0.4034,0.5006616257088847,0.021553947208277763,0.5326086956521738,0.5561594202898551,0.42210144927536236,0.5217391304347826,0.4706994328922496
0.4036,0.5039697542533081,0.021691140422011368,0.5380434782608696,0.5597826086956521,0.42391304347826086,0.5217391304347826,0.4763705103969754
0.4038,0.5039855072463768,0.020117017471147844,0.5289855072463768,0.5561594202898551,0.42934782608695654,0.5271739130434783,0.47826086956521735
0.404,0.508002520478891,0.01952055322418734,0.5326086956521738,0.552536231884058,0.43478260869565216,0.5380434782608696,0.4820415879017013
0.4042,0.5113421550094517,0.01942399620826461,0.5398550724637682,0.5507246376811594,0.43478260869565216,0.5398550724637681,0.4914933837429111
0.4044,0.515406427221172,0.020291965961574697,0.5434782608695652,0.5579710144927535,0.43297101449275366,0.5416666666666667,0.5009451795841209
0.4046,0.5176118462507876,0.020547804653978336,0.5471014492753623,0.556159420289855,0.4329710144927536,0.5471014492753623,0.5047258979206048
0.4048,0.5150756143667297,0.021360066464813542,0.5471014492753624,0.5489130434782609,0.4257246376811594,0.5489130434782609,0.5047258979206048
0.405,0.5172337744171392,0.02268463164023209,0.5471014492753624,0.5597826086956521,0.4239130434782608,0.552536231884058,0.502835538752363
0.4052,0.5190611216131066,0.021935317406572605,0.5452898550724639,0.5634057971014492,0.42934782608695654,0.552536231884058,0.5047258979206048
0.4054,0.5205419029615627,0.022895482716907858,0.5471014492753624,0.5652173913043478,0.4257246376811594,0.5561594202898551,0.5085066162570888
0.4056,0.5261342155009452,0.02237409090571074,0.5507246376811595,0.5652173913043478,0.42934782608695654,0.5579710144927538,0.5274102079395085
0.4058,0.5275992438563327,0.02233219549583313,0.5489130434782609,0.5670289855072463,0.43115942028985504,0.5615942028985508,0.5293005671077505
0.406,0.5305765595463138,0.022737374921254282,0.5507246376811594,0.5706521739130435,0.43115942028985504,0.5615942028985508,0.5387523629489603
0.4062,0.5309703843730309,0.022649773734197385,0.5416666666666667,0.5760869565217391,0.43297101449275366,0.5615942028985508,0.5425330812854443
0.4064,0.5361216131064902,0.022824924749598994,0.5471014492753623,0.5797101449275361,0.4365942028985507,0.5652173913043479,0.5519848771266541
0.4066,0.5343572778827977,0.023993886342005406,0.5452898550724637,0.5797101449275363,0.42934782608695654,0.5597826086956521,0.5576559546313801
0.4068,0.536925015752993,0.023600395867832694,0.5434782608695652,0.5851449275362318,0.43478260869565216,0.5597826086956522,0.5614366729678639
0.407,0.5398865784499054,0.024452599411301224,0.5434782608695653,0.5905797101449275,0.43478260869565216,0.5615942028985507,0.5689981096408318
0.4072,0.5399338374291116,0.024940326483456874,0.5434782608695652,0.5905797101449275,0.43297101449275366,0.5579710144927537,0.5746691871455577
0.4074,0.5421865154379332,0.027071733776220235,0.5489130434782609,0.5942028985507246,0.4257246376811594,0.5579710144927537,0.5841209829867675
0.4076,0.5429269061121612,0.02687948121972518,0.5489130434782609,0.5942028985507246,0.427536231884058,0.5579710144927537,0.5860113421550095
0.4078,0.5447542533081287,0.02621204700909329,0.5489130434782609,0.5960144927536232,0.43297101449275366,0.5579710144927537,0.5879017013232515
0.408,0.5429899180844361,0.02732393225886406,0.5489130434782609,0.588768115942029,0.42572463768115937,0.5579710144927537,0.5935727788279773
0.4082,0.5430371770636422,0.027462890004011017,0.5452898550724637,0.5905797101449276,0.427536231884058,0.552536231884058,0.5992438563327032
0.4084,0.5434152488972904,0.026867581970857878,0.5452898550724639,0.5887681159420289,0.4311594202898551,0.5507246376811594,0.6011342155009451
0.4086,0.5437933207309389,0.026243134269927665,0.5489130434782609,0.5797101449275363,0.4329710144927536,0.5543478260869565,0.6030245746691871
0.4088,0.5441713925645872,0.026405469408891505,0.552536231884058,0.5797101449275361,0.4329710144927536,0.5507246376811594,0.6049149338374291
0.409,0.5438090737240076,0.026244811722295983,0.5543478260869565,0.5760869565217391,0.4329710144927536,0.5507246376811594,0.6049149338374291
0.4092,0.5420447385003151,0.027792685618202247,0.5489130434782609,0.572463768115942,0.4257246376811594,0.552536231884058,0.610586011342155
0.4094,0.5438563327032135,0.02690446487167916,0.5489130434782609,0.5706521739130435,0.4311594202898551,0.5579710144927537,0.610586011342155
0.4096,0.5405639571518588,0.027142539627185144,0.5507246376811594,0.5597826086956521,0.4257246376811594,0.5597826086956521,0.606805293005671
0.4098,0.538720856962823,0.028102320616392163,0.5507246376811594,0.5561594202898551,0.41847826086956524,0.5652173913043478,0.6030245746691871
0.41,0.5423755513547575,0.02780689314842876,0.552536231884058,0.5579710144927535,0.42391304347826086,0.5706521739130435,0.6068052930056711
0.4102,0.5409262759924385,0.029062479986681624,0.5507246376811594,0.5597826086956522,0.41666666666666663,0.5706521739130435,0.6068052930056711
0.4104,0.5416666666666667,0.029220065440081076,0.5543478260869565,0.5597826086956521,0.4166666666666667,0.5688405797101449,0.608695652173913
0.4106,0.5438563327032135,0.028219036095291427,0.5579710144927537,0.5561594202898551,0.42391304347826086,0.5706521739130435,0.610586011342155
0.4108,0.5446124763705104,0.027179301402699998,0.5561594202898551,0.5543478260869565,0.43115942028985504,0.5670289855072463,0.6143667296786389
0.411,0.5475267800882169,0.027060080470848256,0.5543478260869565,0.5579710144927537,0.4347826086956521,0.5742753623188406,0.6162570888468809
0.4112,0.5449117832388154,0.026136797193087456,0.552536231884058,0.5543478260869565,0.4347826086956521,0.5760869565217391,0.6068052930056711
0.4114,0.5467548834278512,0.027020976350219158,0.556159420289855,0.5543478260869565,0.43297101449275355,0.5797101449275363,0.6105860113421551
0.4116,0.5456994328922495,0.02663148100121564,0.5452898550724637,0.5543478260869565,0.43659420289855067,0.5778985507246377,0.6143667296786389
0.4118,0.5460617517328292,0.02686300961802405,0.5507246376811594,0.5543478260869565,0.4347826086956521,0.5760869565217391,0.6143667296786389
0.412,0.5486452425960933,0.027014767349325477,0.5525362318840579,0.552536231884058,0.4384057971014492,0.5797101449275363,0.6200378071833649
0.4122,0.5482356647763075,0.024772407804915655,0.5543478260869564,0.5489130434782609,0.447463768115942,0.5760869565217391,0.6143667296786389
0.4124,0.5475267800882168,0.025060240440805757,0.5525362318840579,0.5434782608695653,0.447463768115942,0.5778985507246377,0.6162570888468809
0.4126,0.5467863894139887,0.02489348754853024,0.5579710144927537,0.5380434782608696,0.447463768115942,0.5760869565217391,0.6143667296786389
0.4128,0.5515280403276622,0.02376753835310712,0.5634057971014492,0.5344202898550725,0.4601449275362319,0.5815217391304348,0.6181474480151229
0.413,0.550441083805923,0.024063568080990052,0.5615942028985508,0.532608695652174,0.4583333333333333,0.5815217391304348,0.6181474480151229
0.4132,0.551543793320731,0.02445819058623992,0.5652173913043478,0.5271739130434783,0.4601449275362319,0.5851449275362319,0.6200378071833649
0.4134,0.550047258979206,0.02225371755272229,0.5652173913043479,0.5235507246376812,0.4692028985507246,0.5778985507246377,0.614366729678639
0.4136,0.5504253308128544,0.02261350138487146,0.5670289855072463,0.5217391304347826,0.4692028985507246,0.5778985507246377,0.616257088846881
0.4138,0.5497164461247637,0.02302246339540319,0.5634057971014493,0.5181159420289855,0.4692028985507246,0.5797101449275361,0.6181474480151228
0.414,0.5497321991178323,0.02320932472629328,0.5634057971014492,0.5144927536231884,0.47101449275362317,0.5797101449275363,0.6200378071833648
0.4142,0.549747952110901,0.024475645904166773,0.5670289855072463,0.5126811594202898,0.46557971014492755,0.5815217391304348,0.6219281663516069
0.4144,0.5504883427851291,0.024661279203392696,0.5670289855072463,0.5108695652173912,0.4673913043478261,0.5833333333333334,0.6238185255198487
0.4146,0.5505198487712665,0.025909336134333664,0.5724637681159421,0.5072463768115942,0.46376811594202894,0.5815217391304348,0.6275992438563327
0.4148,0.550551354757404,0.027028935745443714,0.5742753623188406,0.5054347826086956,0.4601449275362319,0.5815217391304348,0.6313799621928167
0.415,0.5526937618147448,0.026091493674095422,0.5778985507246377,0.5126811594202898,0.46195652173913043,0.5833333333333334,0.6275992438563327
0.4152,0.5537964713295527,0.02678951055561927,0.5815217391304348,0.5126811594202899,0.4601449275362319,0.5851449275362318,0.6294896030245747
0.4154,0.5537649653434152,0.026347723643703,0.5815217391304348,0.5144927536231884,0.4601449275362319,0.5869565217391304,0.6257088846880907
0.4156,0.5548834278512917,0.0262475158447995,0.5760869565217391,0.5144927536231884,0.46376811594202894,0.5905797101449275,0.6294896030245747
0.4158,0.5552142407057341,0.025736196604277947,0.5778985507246377,0.5144927536231885,0.4655797101449275,0.592391304347826,0.6257088846880907
0.416,0.5545053560176433,0.02548864460212163,0.5815217391304347,0.5126811594202898,0.46739130434782605,0.5833333333333333,0.6275992438563326
0.4162,0.5552614996849401,0.02488375216377353,0.5797101449275361,0.519927536231884,0.4692028985507246,0.576086956521739,0.6313799621928167
0.4164,0.552284183994959,0.022748679064505072,0.5760869565217391,0.5217391304347826,0.47282608695652173,0.5688405797101449,0.6219281663516067
0.4166,0.5534026465028355,0.023104222756265152,0.5742753623188406,0.5235507246376812,0.47282608695652173,0.5706521739130435,0.6257088846880907
0.4168,0.5522999369880278,0.0226040685052904,0.5778985507246377,0.5271739130434783,0.47282608695652173,0.5597826086956521,0.6238185255198487
0.417,0.550094517958412,0.022197135540695946,0.5742753623188406,0.5271739130434783,0.47101449275362317,0.5579710144927537,0.6200378071833648
0.4172,0.549700693131695,0.020901604053481196,0.5760869565217391,0.5289855072463768,0.47644927536231885,0.5507246376811594,0.6162570888468809
0.4174,0.5493383742911153,0.02015881662206507,0.5742753623188406,0.536231884057971,0.48007246376811596,0.5398550724637681,0.6162570888468809
0.4176,0.5511657214870825,0.019574735363296222,0.576086956521739,0.536231884057971,0.48731884057971014,0.5380434782608696,0.6181474480151229
0.4178,0.5518903591682419,0.019582198394963633,0.5742753623188406,0.5452898550724636,0.48550724637681164,0.536231884057971,0.6181474480151229
0.418,0.5493383742911153,0.019737646642785243,0.5706521739130435,0.5434782608695652,0.4818840579710145,0.5344202898550725,0.6162570888468809
0.4182,0.5489760554505356,0.019574922987947656,0.5706521739130435,0.5416666666666666,0.4836956521739131,0.5326086956521738,0.6162570888468808
0.4184,0.549007561436673,0.02038796887612393,0.572463768115942,0.5416666666666666,0.4836956521739131,0.5271739130434783,0.6200378071833648
0.4186,0.549747952110901,0.02002079118429706,0.5688405797101449,0.5434782608695652,0.4873188405797101,0.5271739130434783,0.6219281663516067
0.4188,0.5505198487712665,0.020806210702956403,0.5670289855072463,0.5471014492753623,0.48913043478260865,0.5217391304347827,0.6275992438563327
0.419,0.5479836168872086,0.02130996756271857,0.5615942028985508,0.5452898550724639,0.4836956521739131,0.5217391304347826,0.6275992438563327
0.4192,0.5476212980466288,0.02126610422199169,0.5634057971014492,0.5416666666666667,0.48550724637681164,0.519927536231884,0.6275992438563327
0.4194,0.5461720226843101,0.02187197885468493,0.5634057971014492,0.5434782608695652,0.48369565217391297,0.5126811594202899,0.6275992438563327
0.4196,0.54294265910523,0.022799968140477012,0.5579710144927535,0.5344202898550724,0.4818840579710145,0.5090579710144928,0.6313799621928167
0.4198,0.5415091367359799,0.023430023477098348,0.5579710144927535,0.5271739130434783,0.4800724637681159,0.5090579710144928,0.6332703213610587
0.42,0.540107120352867,0.025043329339468755,0.5579710144927535,0.5217391304347826,0.4764492753623189,0.5054347826086956,0.6389413988657845
0.4202,0.5371928166351607,0.025218946874275307,0.5543478260869565,0.5181159420289855,0.47282608695652173,0.5036231884057971,0.6370510396975425
0.4204,0.5368462507876497,0.02541098314713717,0.552536231884058,0.5144927536231884,0.4746376811594203,0.5036231884057971,0.6389413988657845
0.4206,0.5368462507876497,0.02563216162434697,0.5561594202898551,0.5090579710144928,0.4746376811594203,0.5054347826086957,0.6389413988657845
0.4208,0.5354127284183995,0.026214425081975863,0.552536231884058,0.5108695652173914,0.47282608695652173,0.5,0.6408317580340265
0.421,0.5368462507876496,0.02550380290122817,0.556159420289855,0.5108695652173912,0.47826086956521735,0.5,0.6389413988657845
0.4212,0.5329080025204789,0.028016709465912344,0.5579710144927537,0.49818840579710144,0.4746376811594203,0.4891304347826087,0.6446124763705103
0.4214,0.5332703213610586,0.028223214670925912,0.5597826086956522,0.5018115942028986,0.4710144927536231,0.4891304347826087,0.6446124763705103
0.4216,0.5321518588531821,0.02809652546231453,0.5634057971014492,0.5,0.47101449275362317,0.4855072463768116,0.6408317580340265
0.4218,0.5291902961562697,0.027153834028996758,0.5615942028985507,0.4945652173913043,0.4692028985507246,0.48731884057971014,0.6332703213610587
0.422,0.5299464398235665,0.027905549299239097,0.5634057971014492,0.4909420289855072,0.46920289855072456,0.4891304347826087,0.6370510396975426
0.4222,0.5280718336483932,0.027119669521120177,0.5652173913043478,0.4873188405797101,0.46739130434782605,0.49094202898550726,0.6294896030245747
0.4224,0.526244486452426,0.027711349760291937,0.568840579710145,0.4764492753623188,0.4692028985507246,0.4891304347826087,0.6275992438563327
0.4226,0.5251102709514808,0.02708743900530427,0.5706521739130435,0.47282608695652173,0.47282608695652173,0.48731884057971014,0.6219281663516067
0.4228,0.5214713295526149,0.02676536531424637,0.5615942028985507,0.46739130434782605,0.47282608695652173,0.48550724637681164,0.6200378071833648
0.423,0.51997479521109,0.0258025428534357,0.5597826086956522,0.4655797101449275,0.4782608695652174,0.48188405797101447,0.6143667296786388
0.4232,0.5166351606805293,0.024472804811886417,0.5561594202898551,0.46376811594202894,0.47644927536231885,0.4818840579710145,0.6049149338374291
0.4234,0.5170289855072463,0.025442936056380816,0.5579710144927537,0.4601449275362318,0.47826086956521735,0.4800724637681159,0.6086956521739131
0.4236,0.5144612476370509,0.02488502862940895,0.5525362318840579,0.45652173913043476,0.4800724637681159,0.47826086956521735,0.6049149338374291
0.4238,0.5155482041587901,0.024569958994742933,0.5543478260869565,0.46376811594202894,0.47644927536231885,0.4782608695652174,0.6049149338374291
0.424,0.5184152488972905,0.023855039890860425,0.5615942028985508,0.4655797101449275,0.47644927536231885,0.48731884057971014,0.6011342155009451
0.4242,0.515453686200378,0.023106471760851614,0.5597826086956522,0.46195652173913043,0.47644927536231885,0.48550724637681164,0.5935727788279773
0.4244,0.517643352236925,0.022106136500790522,0.556159420289855,0.4692028985507246,0.48007246376811596,0.4873188405797101,0.5954631379962193
0.4246,0.5179899180844361,0.021376441273766915,0.5543478260869565,0.46920289855072467,0.4836956521739131,0.48913043478260865,0.5935727788279773
0.4248,0.5209357277882798,0.022034134367901314,0.5579710144927537,0.4710144927536232,0.48913043478260865,0.4873188405797101,0.5992438563327033
0.425,0.5191083805923126,0.021116105420234565,0.5489130434782609,0.47101449275362317,0.4855072463768116,0.4927536231884058,0.5973534971644613
0.4252,0.5190768746061751,0.019492944837666656,0.5434782608695652,0.47826086956521735,0.4891304347826087,0.4909420289855072,0.5935727788279773
0.4254,0.5205103969754253,0.018666739773514025,0.5434782608695653,0.48007246376811596,0.48913043478260865,0.4981884057971015,0.5916824196597353
0.4256,0.5216288594833018,0.019244273106788622,0.5452898550724637,0.4855072463768116,0.48550724637681153,0.4963768115942028,0.5954631379962193
0.4258,0.5209042218021425,0.01947130609210635,0.5452898550724637,0.4818840579710145,0.48913043478260865,0.49275362318840576,0.5954631379962193
0.426,0.5227315689981096,0.018678421598465007,0.5398550724637681,0.48913043478260865,0.4891304347826087,0.49818840579710144,0.5973534971644613
0.4262,0.5256458727158161,0.018507006189173014,0.5416666666666667,0.4927536231884059,0.4873188405797101,0.5072463768115942,0.5992438563327033
0.4264,0.5274417139256459,0.016684815906130433,0.5307971014492754,0.49818840579710144,0.4945652173913043,0.516304347826087,0.5973534971644613
0.4266,0.5284971644612477,0.015404790626990546,0.5289855072463768,0.5,0.5,0.5199275362318841,0.5935727788279773
0.4268,0.5310491493383743,0.01517887983010996,0.5307971014492753,0.5108695652173914,0.49818840579710144,0.519927536231884,0.5954631379962193
0.427,0.5324826717076244,0.014266552735249101,0.5289855072463767,0.5144927536231885,0.5018115942028986,0.5235507246376812,0.5935727788279773
0.4272,0.5332073093887838,0.013710419121574184,0.5235507246376812,0.5163043478260869,0.5090579710144928,0.5235507246376812,0.5935727788279773
0.4274,0.5375393824826717,0.012346982522180923,0.5217391304347826,0.519927536231884,0.519927536231884,0.5344202898550724,0.5916824196597353
0.4276,0.5378701953371141,0.011511254333365702,0.5217391304347826,0.5181159420289855,0.5253623188405797,0.5362318840579711,0.5879017013232515
0.4278,0.5418714555765597,0.010819006090613072,0.5271739130434783,0.5271739130434783,0.5289855072463768,0.5362318840579711,0.5897920604914935
0.428,0.5462350346565847,0.010231541712288501,0.5326086956521738,0.5326086956521738,0.5344202898550725,0.5398550724637681,0.5916824196597353
0.4282,0.5458412098298677,0.009550446116295826,0.532608695652174,0.5307971014492754,0.536231884057971,0.5416666666666666,0.5879017013232515
0.4284,0.5483931947069942,0.009271238013158045,0.536231884057971,0.5398550724637681,0.5380434782608696,0.5380434782608695,0.5897920604914935
0.4286,0.5523471959672337,0.008088654976079251,0.5416666666666666,0.556159420289855,0.5362318840579711,0.5416666666666666,0.5860113421550095
0.4288,0.5534499054820416,0.008549699528858187,0.5434782608695652,0.5561594202898551,0.5307971014492754,0.5489130434782609,0.5879017013232514
0.429,0.5552614996849401,0.00803484804971674,0.5416666666666666,0.5561594202898551,0.5362318840579711,0.5543478260869565,0.5879017013232514
0.4292,0.5592627599243856,0.0077369683224103895,0.5416666666666666,0.5615942028985507,0.5434782608695652,0.5597826086956522,0.5897920604914934
0.4294,0.5599716446124764,0.007424176893986031,0.5471014492753623,0.5597826086956521,0.5398550724637681,0.5652173913043478,0.5879017013232515
0.4296,0.5624921235034657,0.006694914562315853,0.5507246376811594,0.5615942028985508,0.5434782608695652,0.5706521739130433,0.5860113421550095
0.4298,0.5672022684310019,0.006658669235836833,0.5615942028985508,0.5652173913043478,0.5434782608695652,0.5797101449275363,0.5860113421550095
0.43,0.5694076874606175,0.0063922765393610685,0.5597826086956521,0.5652173913043479,0.5507246376811594,0.5815217391304347,0.5897920604914935
0.4302,0.5744801512287334,0.006247232687299781,0.5670289855072463,0.5742753623188406,0.552536231884058,0.5887681159420289,0.5897920604914934
0.4304,0.5755671077504725,0.005248258054482863,0.5742753623188406,0.5688405797101449,0.5579710144927537,0.5869565217391304,0.5897920604914934
0.4306,0.579174543163201,0.004225468411561318,0.5815217391304348,0.5742753623188406,0.5634057971014492,0.588768115942029,0.5879017013232514
0.4308,0.5813484562066793,0.004442757402551171,0.5815217391304348,0.572463768115942,0.5688405797101449,0.5960144927536232,0.5879017013232514
0.431,0.5868462507876495,0.004955041305449003,0.5942028985507246,0.572463768115942,0.5742753623188406,0.5978260869565217,0.5954631379962192
0.4312,0.5890359168241966,0.004673071693148027,0.588768115942029,0.5815217391304348,0.5742753623188406,0.6032608695652174,0.5973534971644612
0.4314,0.5897763074984248,0.00571603165599205,0.5905797101449275,0.5815217391304348,0.5706521739130435,0.6068840579710145,0.5992438563327033
0.4316,0.5941556395715185,0.006588917920775757,0.5960144927536233,0.5869565217391304,0.5706521739130435,0.6141304347826088,0.6030245746691871
0.4318,0.5981411468178954,0.006041965974849261,0.5996376811594203,0.5942028985507246,0.5760869565217392,0.6177536231884058,0.6030245746691871
0.432,0.6000157529930688,0.007965296533725033,0.6014492753623188,0.5905797101449275,0.572463768115942,0.625,0.6105860113421551
0.4322,0.6000315059861374,0.00806913145324903,0.5996376811594203,0.5905797101449276,0.572463768115942,0.625,0.6124763705103969
0.4324,0.6004253308128544,0.008560356747443834,0.5996376811594204,0.5833333333333333,0.5760869565217391,0.6268115942028986,0.6162570888468809
0.4326,0.5989760554505356,0.008138021223994136,0.6032608695652174,0.5815217391304348,0.5742753623188406,0.6195652173913043,0.6162570888468808
0.4328,0.6033396345305608,0.008178428480062856,0.6068840579710145,0.5851449275362319,0.5797101449275364,0.6268115942028984,0.6181474480151229
0.433,0.6014807813484562,0.008897487953239771,0.6086956521739131,0.5833333333333333,0.5742753623188406,0.6286231884057971,0.612476370510397
0.4332,0.601843100189036,0.009250240157658806,0.6141304347826086,0.5851449275362319,0.5706521739130435,0.6268115942028986,0.612476370510397
0.4334,0.6011184625078765,0.009049882693248882,0.6141304347826086,0.5797101449275363,0.5742753623188406,0.625,0.6124763705103969
0.4336,0.6018588531821045,0.008805074846447944,0.6195652173913043,0.5797101449275363,0.5760869565217391,0.6195652173913043,0.614366729678639
0.4338,0.6018746061751733,0.009500337440223126,0.6213768115942029,0.5797101449275363,0.572463768115942,0.6195652173913044,0.6162570888468809
0.434,0.6008191556395717,0.010136386993181621,0.6159420289855072,0.5778985507246377,0.568840579710145,0.6213768115942029,0.6200378071833649
0.4342,0.5975267800882168,0.010602838667687053,0.6123188405797102,0.5724637681159421,0.5652173913043479,0.6213768115942029,0.6162570888468809
0.4344,0.5953528670447386,0.010545840003853387,0.608695652173913,0.5724637681159421,0.5615942028985508,0.6177536231884058,0.6162570888468809
0.4346,0.5949432892249528,0.010637309321818703,0.6159420289855072,0.5706521739130435,0.5615942028985508,0.6159420289855072,0.6105860113421551
0.4348,0.5953843730308759,0.011941392199168488,0.6213768115942029,0.568840579710145,0.5579710144927537,0.6086956521739131,0.6200378071833648
0.435,0.5972117202268431,0.014001786274606843,0.6340579710144928,0.5688405797101449,0.552536231884058,0.608695652173913,0.6219281663516067
0.4352,0.5939823566477631,0.0146745095818954,0.6268115942028986,0.5634057971014492,0.5471014492753623,0.6068840579710145,0.6257088846880907
0.4354,0.5943446754883428,0.016410391230423586,0.6340579710144927,0.5579710144927537,0.5434782608695652,0.6105072463768116,0.6257088846880907
0.4356,0.592548834278513,0.016653558833663252,0.6322463768115942,0.5579710144927537,0.5398550724637681,0.605072463768116,0.6275992438563327
0.4358,0.5932892249527411,0.01698703904426222,0.6340579710144928,0.5579710144927537,0.5398550724637681,0.605072463768116,0.6294896030245747
0.436,0.5947069943289225,0.01626835932067173,0.6394927536231885,0.5634057971014492,0.5434782608695652,0.6014492753623188,0.6257088846880907
0.4362,0.5914461247637051,0.016697667360475538,0.6358695652173914,0.5579710144927535,0.5398550724637682,0.5978260869565217,0.6257088846880907
0.4364,0.5922180214240707,0.018025642735079804,0.6413043478260869,0.5543478260869565,0.5398550724637682,0.5942028985507246,0.6313799621928167
0.4366,0.5914776307498425,0.017974401177618348,0.6413043478260869,0.5507246376811594,0.5416666666666667,0.5942028985507246,0.6294896030245747
0.4368,0.588563327032136,0.01889410600067002,0.6431159420289855,0.5452898550724637,0.5380434782608696,0.5887681159420289,0.6275992438563327
0.437,0.588563327032136,0.01965019793135985,0.6467391304347826,0.5398550724637681,0.5398550724637681,0.5887681159420289,0.6275992438563327
0.4372,0.5867359798361689,0.02027533706664526,0.6485507246376812,0.5398550724637682,0.5344202898550725,0.5851449275362319,0.6257088846880907
0.4374,0.5859798361688721,0.021198607922430394,0.6539855072463767,0.5344202898550725,0.5344202898550725,0.5851449275362318,0.6219281663516069
0.4376,0.585239445494644,0.02185346589373815,0.6594202898550725,0.5326086956521738,0.536231884057971,0.5778985507246377,0.6200378071833649
0.4378,0.583049779458097,0.02247891504665758,0.6594202898550725,0.5253623188405797,0.536231884057971,0.5760869565217391,0.6181474480151229
0.438,0.5805135475740391,0.021793995768074965,0.6521739130434783,0.5217391304347826,0.5380434782608696,0.572463768115942,0.6181474480151228
0.4382,0.5765122873345936,0.02382616741280241,0.6557971014492754,0.5108695652173914,0.532608695652174,0.5670289855072463,0.6162570888468809
0.4384,0.574306868304978,0.0240216523023503,0.6557971014492754,0.5108695652173914,0.5271739130434783,0.5652173913043479,0.612476370510397
0.4386,0.5688090737240075,0.025056457434421208,0.6594202898550725,0.5090579710144927,0.5217391304347826,0.5489130434782609,0.6049149338374291
0.4388,0.5658947700063012,0.02701120295856255,0.6648550724637681,0.5018115942028986,0.5163043478260869,0.5434782608695652,0.6030245746691871
0.439,0.5658947700063012,0.026977161379161296,0.6648550724637681,0.5036231884057971,0.5144927536231884,0.5434782608695652,0.6030245746691871
0.4392,0.56148393194707,0.028113021112768508,0.6666666666666666,0.49818840579710144,0.5054347826086957,0.5416666666666667,0.5954631379962193
0.4394,0.5600504095778198,0.02883566857088864,0.6684782608695652,0.5018115942028986,0.5018115942028986,0.5307971014492754,0.5973534971644612
0.4396,0.5552457466918714,0.029677565310349936,0.6702898550724639,0.4963768115942029,0.4945652173913044,0.5289855072463768,0.5860113421550094
0.4398,0.5529930686830498,0.030537122413668818,0.6757246376811594,0.4945652173913043,0.4945652173913044,0.5235507246376812,0.5765595463137996
0.44,0.5467548834278514,0.031217874529759368,0.6739130434782609,0.48913043478260865,0.48731884057971014,0.5163043478260869,0.5671077504725897
0.4402,0.5467706364209199,0.0326990049534762,0.6793478260869565,0.48550724637681153,0.483695652173913,0.5163043478260869,0.5689981096408318
0.4404,0.5446124763705105,0.03481838839894958,0.6847826086956521,0.4818840579710145,0.4746376811594203,0.5108695652173914,0.5708884688090737
0.4406,0.5380592312539382,0.03475880982437174,0.6775362318840579,0.47826086956521735,0.4692028985507246,0.49818840579710144,0.5671077504725899
0.4408,0.5358538122243226,0.03434102194645093,0.6739130434782609,0.4818840579710145,0.463768115942029,0.49637681159420294,0.5633270321361058
0.441,0.5336326402016383,0.03366751850100257,0.6702898550724637,0.47826086956521735,0.46557971014492755,0.4963768115942029,0.55765595463138
0.4412,0.5307340894770005,0.03464421214672673,0.6702898550724637,0.48007246376811596,0.45652173913043476,0.4891304347826087,0.55765595463138
0.4414,0.5281978575929427,0.03604939522851297,0.6721014492753623,0.4746376811594203,0.447463768115942,0.4891304347826087,0.55765595463138
0.4416,0.5246219281663516,0.03813711844017365,0.6739130434782609,0.4619565217391304,0.44202898550724634,0.48188405797101447,0.5633270321361059
0.4418,0.5206521739130434,0.039622509880432255,0.6739130434782608,0.4565217391304347,0.43478260869565216,0.47282608695652173,0.5652173913043478
0.442,0.5177693761814744,0.03941983483872397,0.6666666666666666,0.4565217391304347,0.4257246376811594,0.47282608695652173,0.5671077504725898
0.4422,0.5152331442974165,0.03933402563926122,0.6612318840579711,0.4547101449275362,0.41847826086956524,0.4746376811594203,0.5671077504725898
0.4424,0.5119880277252677,0.039997549872967164,0.657608695652174,0.45108695652173914,0.411231884057971,0.47101449275362317,0.5689981096408318
0.4426,0.5094202898550725,0.039482447797723724,0.6521739130434783,0.4510869565217391,0.4057971014492754,0.47282608695652173,0.5652173913043478
0.4428,0.5047574039067423,0.04012868736866093,0.6431159420289855,0.447463768115942,0.39492753623188404,0.46739130434782605,0.5708884688090737
0.443,0.5022526780088217,0.0395511172169748,0.6340579710144928,0.4492753623188406,0.39311594202898553,0.46014492753623193,0.5746691871455576
0.4432,0.5008034026465028,0.04012571150567217,0.6340579710144928,0.447463768115942,0.3894927536231884,0.45833333333333337,0.5746691871455576
0.4434,0.49935412728418405,0.041509213856823025,0.6358695652173914,0.4492753623188406,0.3786231884057971,0.45833333333333337,0.5746691871455576
0.4436,0.497211720226843,0.04279723569010677,0.6340579710144927,0.44565217391304346,0.3695652173913043,0.45833333333333337,0.5784499054820416
0.4438,0.4960932577189666,0.04345050505342956,0.6358695652173914,0.45108695652173914,0.36231884057971014,0.4565217391304348,0.5746691871455577
0.444,0.49102079395085074,0.04417621820008097,0.6286231884057971,0.44565217391304346,0.35144927536231885,0.45471014492753625,0.5746691871455577
0.4442,0.48815374921235033,0.04594377969282828,0.6286231884057971,0.4420289855072464,0.3423913043478261,0.4492753623188406,0.5784499054820416
0.4444,0.48451480781348455,0.04710096772655741,0.6268115942028986,0.4402173913043478,0.3315217391304348,0.447463768115942,0.5765595463137996
0.4446,0.4823566477630751,0.04783571108770084,0.6231884057971014,0.4384057971014493,0.3242753623188406,0.4474637681159421,0.5784499054820416
0.4448,0.4805923125393825,0.04695118524689419,0.6105072463768115,0.4347826086956522,0.3242753623188406,0.4492753623188406,0.5841209829867675
0.445,0.48248267170762443,0.04702675880215196,0.605072463768116,0.44021739130434784,0.3242753623188406,0.4492753623188406,0.5935727788279773
0.4452,0.4795683679899181,0.04690629055663445,0.5996376811594203,0.43659420289855067,0.32065217391304346,0.4492753623188406,0.5916824196597353
0.4454,0.4796628859483302,0.047461033091680246,0.592391304347826,0.4329710144927536,0.32065217391304346,0.4492753623188405,0.6030245746691872
0.4456,0.4800409577819786,0.04705405370321596,0.5905797101449275,0.4329710144927536,0.3242753623188406,0.447463768115942,0.6049149338374291
0.4458,0.4828922495274102,0.045307587553476074,0.592391304347826,0.4384057971014493,0.3315217391304348,0.4528985507246377,0.5992438563327033
0.446,0.48216761184625073,0.04560421896727875,0.5905797101449275,0.43659420289855067,0.3278985507246377,0.4565217391304348,0.5992438563327033
0.4462,0.4803245116572148,0.04366812307193116,0.5815217391304347,0.43659420289855067,0.33333333333333337,0.45471014492753625,0.5954631379962192
0.4464,0.4806395715185885,0.04143548908094319,0.5760869565217391,0.4384057971014492,0.3405797101449275,0.45833333333333337,0.5897920604914934
0.4466,0.48067107750472593,0.04131666000119676,0.5706521739130435,0.4384057971014492,0.3405797101449275,0.4601449275362319,0.5935727788279773
0.4468,0.4788437303087586,0.04089604187687239,0.5615942028985507,0.44202898550724634,0.3351449275362319,0.463768115942029,0.5916824196597353
0.447,0.4806395715185886,0.04017110467459276,0.5597826086956521,0.45289855072463764,0.3351449275362319,0.4655797101449275,0.5897920604914935
0.4472,0.47911153119092625,0.03890159711967941,0.5597826086956522,0.45289855072463764,0.33695652173913043,0.4655797101449275,0.5803402646502835
0.4474,0.476937618147448,0.039647698026017815,0.5579710144927537,0.4492753623188406,0.3315217391304348,0.4655797101449275,0.5803402646502835
0.4476,0.47288909892879644,0.03839067693780629,0.5507246376811594,0.44565217391304346,0.33152173913043476,0.46376811594202894,0.5727788279773157
0.4478,0.47362948960302453,0.03717153232804291,0.5416666666666666,0.4528985507246377,0.3351449275362319,0.463768115942029,0.5746691871455576
0.448,0.47290485192186515,0.03734237620248897,0.5344202898550725,0.4601449275362319,0.32971014492753625,0.4655797101449275,0.5746691871455576
0.4482,0.47323566477630746,0.036352784506082356,0.5344202898550725,0.4619565217391304,0.3333333333333333,0.4655797101449275,0.5708884688090737
0.4484,0.47062066792690604,0.03510956613084352,0.5307971014492754,0.46557971014492755,0.3333333333333333,0.4619565217391304,0.5614366729678639
0.4486,0.4717076244486453,0.034537519593728035,0.5271739130434783,0.46557971014492755,0.3351449275362319,0.4692028985507246,0.5614366729678639
0.4488,0.4731411468178954,0.03538937854068923,0.5344202898550725,0.46739130434782605,0.3315217391304348,0.47282608695652173,0.5595463137996219
0.449,0.4734877126654064,0.035457328674180034,0.5380434782608696,0.47101449275362317,0.3315217391304348,0.4692028985507246,0.55765595463138
0.4492,0.4764807813484562,0.03538665490409118,0.536231884057971,0.47644927536231885,0.33876811594202894,0.46195652173913043,0.5689981096408318
0.4494,0.4790012602394455,0.033598948813607525,0.5380434782608695,0.47644927536231885,0.3496376811594203,0.463768115942029,0.5671077504725899
0.4496,0.478182104599874,0.03130514910032257,0.5344202898550724,0.48007246376811596,0.3550724637681159,0.46557971014492755,0.555765595463138
0.4498,0.48174228103339634,0.029844970619151305,0.5471014492753623,0.4782608695652174,0.3659420289855072,0.4692028985507246,0.5482041587901701
0.45,0.48360113421550094,0.03097287141917735,0.5507246376811594,0.4818840579710145,0.36413043478260865,0.46739130434782605,0.553875236294896
0.4502,0.4850504095778197,0.030341740128399068,0.5507246376811594,0.4818840579710145,0.36775362318840576,0.47101449275362317,0.553875236294896
0.4504,0.48355387523629484,0.029269327344289532,0.5471014492753623,0.4836956521739131,0.3695652173913043,0.46920289855072467,0.5482041587901701
0.4506,0.48534971644612473,0.028382740779983755,0.5489130434782608,0.48550724637681164,0.375,0.47101449275362317,0.5463137996219283
0.4508,0.4831758034026465,0.028354412571630756,0.5452898550724637,0.48007246376811596,0.37318840579710144,0.47101449275362317,0.5463137996219282
0.451,0.48457781978575926,0.028921940996812594,0.5561594202898551,0.4836956521739131,0.37318840579710144,0.4692028985507246,0.5406427221172023
0.4512,0.4874921235034657,0.028295404945853985,0.5615942028985508,0.4836956521739131,0.38224637681159424,0.46739130434782605,0.5425330812854443
0.4514,0.4893194706994328,0.027310098640712977,0.5615942028985507,0.4800724637681159,0.3894927536231884,0.47101449275362317,0.5444234404536862
0.4516,0.49042218021424067,0.026717964193255245,0.5634057971014492,0.47282608695652173,0.39673913043478254,0.47282608695652173,0.5463137996219282
0.4518,0.49188720856962825,0.027656935541987438,0.5670289855072463,0.4782608695652174,0.39311594202898553,0.47282608695652173,0.5482041587901701
0.452,0.49513232514177696,0.02753737999016721,0.5760869565217391,0.48369565217391297,0.4003623188405797,0.4692028985507247,0.5463137996219283
0.4522,0.4991178323881538,0.027254457219440045,0.5833333333333333,0.48550724637681164,0.4076086956521739,0.47282608695652173,0.5463137996219283
0.4524,0.5038594833018274,0.027135114718485103,0.5851449275362318,0.5018115942028987,0.41123188405797095,0.47101449275362317,0.5500945179584121
0.4526,0.505671077504726,0.02583829914586188,0.5851449275362319,0.5,0.42028985507246375,0.47282608695652173,0.5500945179584121
0.4528,0.506364209199748,0.025325731808647653,0.5869565217391304,0.5018115942028986,0.4239130434782609,0.4728260869565218,0.5463137996219282
0.453,0.5052299936988028,0.024433421406233693,0.5851449275362318,0.5,0.4257246376811595,0.4746376811594203,0.5406427221172023
0.4532,0.5063327032136106,0.023279178121501785,0.5815217391304347,0.5,0.43115942028985504,0.47644927536231885,0.5425330812854442
0.4534,0.5055293005671077,0.022357980600605256,0.5833333333333333,0.4945652173913043,0.43478260869565216,0.4818840579710145,0.5330812854442344
0.4536,0.5051512287334594,0.022047962483712925,0.5833333333333334,0.49094202898550726,0.4365942028985508,0.4836956521739131,0.5311909262759924
0.4538,0.5029458097038437,0.021141263250087104,0.5797101449275363,0.4855072463768116,0.44021739130434784,0.4818840579710145,0.5274102079395084
0.454,0.505466288594833,0.021101516129513897,0.5851449275362318,0.4836956521739131,0.44565217391304346,0.48731884057971014,0.5255198487712666
0.4542,0.5047101449275363,0.018969735677273322,0.5778985507246377,0.48007246376811596,0.45471014492753625,0.48913043478260876,0.5217391304347826
0.4544,0.5053875236294896,0.01891168436310847,0.5815217391304348,0.48188405797101447,0.45833333333333326,0.4891304347826087,0.5160680529300568
0.4546,0.5054662885948331,0.019692017628050267,0.5815217391304348,0.47101449275362317,0.46014492753623193,0.48913043478260876,0.5255198487712666
0.4548,0.5069313169502205,0.020237170697384354,0.5851449275362319,0.46920289855072467,0.4619565217391305,0.4909420289855073,0.5274102079395084
0.455,0.5087271581600504,0.019350696094567906,0.5851449275362318,0.46920289855072467,0.47101449275362317,0.49275362318840576,0.5255198487712666
0.4552,0.5097983616887208,0.019504274321141452,0.5851449275362318,0.463768115942029,0.4710144927536232,0.5054347826086957,0.5236294896030246
0.4554,0.5090264650283554,0.019689408862434768,0.5869565217391304,0.4619565217391304,0.47282608695652173,0.5054347826086957,0.5179584120982987
0.4556,0.5090422180214242,0.01952989220138782,0.5851449275362319,0.4565217391304348,0.48007246376811596,0.5036231884057971,0.5198487712665407
0.4558,0.5101764335223693,0.019057650430965408,0.5833333333333334,0.4583333333333333,0.483695652173913,0.5,0.5255198487712666
0.456,0.5072306238185256,0.020047048789653493,0.5833333333333333,0.447463768115942,0.4855072463768116,0.5,0.5198487712665407
0.4562,0.5090894770006301,0.02099440339896646,0.5869565217391305,0.44384057971014496,0.4927536231884058,0.4963768115942029,0.5255198487712665
0.4564,0.5072778827977316,0.021647588601457313,0.5851449275362318,0.4365942028985507,0.4945652173913043,0.4945652173913043,0.5255198487712666
0.4566,0.5090894770006301,0.022061532219276918,0.588768115942029,0.4365942028985507,0.4945652173913043,0.5,0.5255198487712665
0.4568,0.5076559546313799,0.021125490844171108,0.5815217391304348,0.43659420289855067,0.4945652173913043,0.49818840579710144,0.5274102079395084
0.457,0.5077189666036547,0.022074356159812316,0.5815217391304348,0.4329710144927536,0.4891304347826087,0.5,0.5349716446124764
0.4572,0.5098928796471329,0.021598434693039154,0.5797101449275363,0.4329710144927536,0.4945652173913043,0.5072463768115942,0.5349716446124764
0.4574,0.5132010081915563,0.02225186636805671,0.5815217391304348,0.43115942028985504,0.49818840579710144,0.5144927536231885,0.5406427221172023
0.4576,0.5110428481411469,0.022159118917240223,0.5778985507246377,0.4293478260869565,0.5018115942028986,0.5036231884057971,0.5425330812854443
0.4578,0.5143352236925016,0.023996612470369435,0.5815217391304348,0.42028985507246375,0.5108695652173912,0.5126811594202899,0.5463137996219282
0.458,0.515800252047889,0.02593726936190388,0.592391304347826,0.41666666666666663,0.5144927536231884,0.5072463768115942,0.5482041587901701
0.4582,0.5132797731568999,0.026214879466257807,0.5887681159420289,0.4130434782608695,0.5090579710144927,0.5054347826086957,0.5500945179584121
0.4584,0.5132640201638311,0.026806656823197248,0.592391304347826,0.411231884057971,0.5072463768115942,0.5072463768115942,0.5482041587901701
0.4586,0.5158160050409578,0.027984387677177196,0.6032608695652174,0.4130434782608695,0.5090579710144928,0.5036231884057971,0.5500945179584121
0.4588,0.5194391934467548,0.0287739826479706,0.6123188405797102,0.41485507246376807,0.5126811594202898,0.5072463768115942,0.550094517958412
0.459,0.5216288594833018,0.028315921565308187,0.6159420289855072,0.4221014492753623,0.5108695652173914,0.5072463768115942,0.5519848771266541
0.4592,0.5205419029615627,0.027921036154677163,0.6123188405797101,0.4221014492753623,0.5144927536231884,0.5018115942028986,0.5519848771266541
0.4594,0.5231411468178955,0.03133910117432358,0.6304347826086957,0.4184782608695653,0.5036231884057971,0.5036231884057971,0.5595463137996219
0.4596,0.522069943289225,0.033676195771284896,0.6358695652173912,0.40760869565217395,0.503623188405797,0.5018115942028986,0.5614366729678639
0.4598,0.5206364209199749,0.034999229854652605,0.6394927536231885,0.40398550724637683,0.5036231884057971,0.49275362318840576,0.5633270321361059
0.46,0.5210144927536231,0.0350630302320966,0.6394927536231884,0.40398550724637683,0.5,0.49637681159420294,0.5652173913043478
0.4602,0.5183994959042217,0.03520612170009724,0.6413043478260869,0.40217391304347827,0.49818840579710144,0.4945652173913044,0.555765595463138
0.4604,0.5179899180844362,0.03643705504234626,0.6503623188405797,0.40217391304347827,0.4981884057971015,0.4891304347826087,0.5500945179584121
0.4606,0.5201953371140517,0.035774368160494355,0.6485507246376812,0.4057971014492753,0.5054347826086957,0.48731884057971014,0.553875236294896
0.4608,0.5183679899180844,0.0359982150246137,0.6485507246376812,0.40398550724637683,0.4963768115942029,0.4909420289855072,0.5519848771266541
0.461,0.5183679899180845,0.036361057099679156,0.6485507246376812,0.40036231884057977,0.4945652173913043,0.4963768115942029,0.551984877126654
0.4612,0.5165091367359799,0.03633742334082838,0.6467391304347826,0.39673913043478254,0.4945652173913043,0.49818840579710144,0.5463137996219282
0.4614,0.5172495274102079,0.03586719561776625,0.644927536231884,0.3985507246376812,0.4945652173913043,0.5,0.54820415879017
0.4616,0.5157687460617517,0.034436470900278654,0.6376811594202898,0.40036231884057966,0.4945652173913043,0.5018115942028986,0.5444234404536861
0.4618,0.5139413988657845,0.03531468307486531,0.6413043478260869,0.39855072463768115,0.4927536231884058,0.4945652173913043,0.5425330812854442
0.462,0.5127599243856332,0.0346244624003329,0.6431159420289855,0.4039855072463768,0.49094202898550726,0.4945652173913043,0.5311909262759924
0.4622,0.5137838689350976,0.03298031218941078,0.641304347826087,0.4130434782608695,0.4927536231884058,0.49818840579710144,0.5236294896030246
0.4624,0.5133427851291745,0.033878294745773155,0.648550724637681,0.4148550724637681,0.4963768115942029,0.49275362318840576,0.5141776937618148
0.4626,0.5096565847511026,0.03320760531655708,0.644927536231884,0.41847826086956524,0.4963768115942029,0.4818840579710145,0.5066162570888468
0.4628,0.5085066162570888,0.0328134202795069,0.644927536231884,0.4239130434782608,0.4963768115942029,0.4782608695652174,0.499054820415879
0.463,0.5081127914303718,0.03198175741016136,0.6431159420289855,0.43115942028985504,0.49637681159420294,0.4746376811594203,0.4952741020793951
0.4632,0.5062224322621298,0.031225198053648217,0.6394927536231884,0.43478260869565216,0.49637681159420294,0.4746376811594203,0.4858223062381852
0.4634,0.5065532451165722,0.03155054662278862,0.6413043478260869,0.4347826086956522,0.49818840579710144,0.47644927536231885,0.4820415879017013
0.4636,0.506112161310649,0.03168169810929458,0.6413043478260869,0.43840579710144933,0.5054347826086956,0.47282608695652173,0.4725897920604915
0.4638,0.504221802142407,0.031144417088796457,0.6394927536231884,0.4492753623188406,0.5,0.46920289855072467,0.46313799621928164
0.464,0.5045053560176433,0.03175338749126937,0.6413043478260869,0.4528985507246377,0.5054347826086957,0.46920289855072467,0.4536862003780719
0.4642,0.5062696912413358,0.032112881880979854,0.6431159420289855,0.4619565217391304,0.5126811594202898,0.4655797101449275,0.44801512287334594
0.4644,0.5091209829867674,0.0318905515278617,0.6431159420289855,0.46739130434782605,0.5181159420289855,0.4746376811594203,0.44234404536862004
0.4646,0.5068998109640831,0.032543065192268794,0.6431159420289855,0.46376811594202894,0.5163043478260869,0.47463768115942023,0.4366729678638941
0.4648,0.5039855072463768,0.03144626980896353,0.6340579710144928,0.46739130434782605,0.5181159420289855,0.46557971014492755,0.43478260869565216
0.465,0.5027882797731568,0.031632783600902374,0.628623188405797,0.4728260869565216,0.5235507246376812,0.4673913043478261,0.4215500945179584
0.4652,0.5008821676118462,0.03347780040341651,0.6304347826086957,0.4782608695652174,0.5271739130434783,0.45833333333333337,0.41020793950850665
0.4654,0.5033553875236294,0.03424965599825748,0.6304347826086957,0.48913043478260865,0.5344202898550725,0.4601449275362319,0.4026465028355387
0.4656,0.5036704473850031,0.03476113147731906,0.6286231884057971,0.4909420289855072,0.5398550724637681,0.4619565217391305,0.39697542533081287
0.4658,0.5043320730938878,0.03632725591967467,0.6322463768115942,0.4945652173913043,0.5434782608695652,0.46195652173913043,0.389413988657845
0.466,0.5064429741650913,0.038741125465302374,0.6394927536231884,0.5054347826086956,0.5489130434782609,0.4565217391304348,0.3818525519848771
0.4662,0.5096880907372401,0.04041845973367019,0.644927536231884,0.5072463768115942,0.5615942028985508,0.45471014492753625,0.3799621928166351
0.4664,0.5085853812224322,0.04081932756520666,0.6431159420289855,0.5090579710144928,0.5634057971014492,0.4492753623188406,0.3780718336483932
0.4666,0.5073881537492124,0.04234063677132053,0.641304347826087,0.5144927536231884,0.5652173913043478,0.45108695652173914,0.3648393194706995
0.4668,0.5061909262759924,0.04425684798036867,0.6394927536231884,0.5144927536231884,0.572463768115942,0.4528985507246377,0.3516068052930057
0.467,0.5050094517958412,0.04601079353681988,0.641304347826087,0.5163043478260869,0.572463768115942,0.4547101449275362,0.34026465028355385
0.4672,0.5020478890989288,0.046967104351027585,0.641304347826087,0.5181159420289855,0.5670289855072463,0.45108695652173914,0.3327032136105861
0.4674,0.5048834278512918,0.04871283963515225,0.6485507246376812,0.5217391304347826,0.5688405797101449,0.46014492753623193,0.32514177693761814
0.4676,0.5030245746691872,0.048778153409513025,0.6413043478260869,0.5253623188405797,0.5688405797101449,0.46014492753623193,0.31947069943289225
0.4678,0.4982041587901701,0.04995374898359626,0.6358695652173914,0.5235507246376812,0.5652173913043478,0.46014492753623193,0.3062381852551985
0.468,0.49677063642091995,0.04908676117461076,0.6304347826086956,0.5217391304347826,0.5652173913043478,0.45833333333333337,0.3081285444234405
0.4682,0.4945494643982357,0.048733189066616216,0.6213768115942029,0.5181159420289855,0.5652173913043479,0.4655797101449276,0.3024574669187146
0.4684,0.492690611216131,0.049280143382168094,0.6213768115942029,0.5144927536231884,0.5615942028985508,0.4692028985507247,0.2967863894139887
0.4686,0.49128859483301834,0.047682952234163974,0.6159420289855073,0.5108695652173912,0.5597826086956522,0.46739130434782616,0.30245746691871456
0.4688,0.49029615626969125,0.04561593199193904,0.6141304347826086,0.5072463768115942,0.5561594202898551,0.46014492753623193,0.31379962192816635
0.469,0.48813799621928167,0.04463950525826135,0.6105072463768116,0.5054347826086957,0.5507246376811594,0.45833333333333337,0.31568998109640833
0.4692,0.48629489603024584,0.04514279568124407,0.6105072463768115,0.5036231884057971,0.5489130434782609,0.4565217391304348,0.3119092627599244
0.4694,0.4859168241965973,0.045683013922964394,0.6123188405797101,0.5036231884057971,0.5489130434782609,0.45471014492753625,0.31001890359168244
0.4696,0.48443604284814124,0.045658851867438406,0.6086956521739131,0.5054347826086957,0.5452898550724637,0.4565217391304348,0.3062381852551985
0.4698,0.48410522999369876,0.044365521060151944,0.605072463768116,0.5036231884057971,0.5416666666666666,0.4601449275362319,0.31001890359168244
0.47,0.4823408947700063,0.04224201088403998,0.5978260869565217,0.4981884057971014,0.536231884057971,0.46376811594202905,0.31568998109640833
0.4702,0.48015122873345933,0.042633763772125,0.6014492753623188,0.4927536231884058,0.5307971014492754,0.4619565217391304,0.31379962192816635
0.4704,0.4783396345305607,0.0420484596777676,0.5996376811594202,0.4909420289855072,0.5235507246376812,0.463768115942029,0.31379962192816635
0.4706,0.4779773156899811,0.04155681730565944,0.5960144927536232,0.4927536231884058,0.5217391304347826,0.4655797101449276,0.3137996219281663
0.4708,0.48052930056710774,0.04168284473833322,0.5996376811594203,0.4963768115942029,0.5217391304347826,0.46920289855072467,0.3156899810964083
0.471,0.4857277882797731,0.04029337507454652,0.608695652173913,0.5,0.5181159420289855,0.4710144927536232,0.330812854442344
0.4712,0.48972904851921867,0.040152711297102225,0.608695652173913,0.5163043478260869,0.5144927536231884,0.4764492753623189,0.33270321361058597
0.4714,0.4911940768746062,0.04074974673891812,0.6177536231884058,0.5126811594202898,0.5108695652173914,0.48007246376811596,0.33459357277882795
0.4716,0.49311594202898557,0.039485772551445114,0.6231884057971014,0.5144927536231884,0.5054347826086957,0.4746376811594203,0.3478260869565218
0.4718,0.49719596723377435,0.03826435805074558,0.6268115942028986,0.5181159420289855,0.5018115942028986,0.48007246376811596,0.3591682419659735
0.472,0.49974795211090106,0.039683633704248426,0.6394927536231884,0.5181159420289855,0.4963768115942029,0.483695652173913,0.3610586011342155
0.4722,0.5019848771266541,0.0382780902075589,0.6376811594202899,0.5181159420289855,0.49275362318840576,0.49275362318840576,0.3686200378071834
0.4724,0.5045368620037808,0.03775039449525391,0.6358695652173914,0.5217391304347826,0.4945652173913044,0.5,0.3705103969754253
0.4726,0.5093257718966603,0.03697428222785885,0.6394927536231884,0.5271739130434782,0.49818840579710144,0.5018115942028986,0.3799621928166352
0.4728,0.5108538122243227,0.035536492686253085,0.6376811594202898,0.5289855072463768,0.4909420289855072,0.5072463768115942,0.389413988657845
0.473,0.5123030875866414,0.03533434902354242,0.6340579710144928,0.5380434782608695,0.48731884057971014,0.5126811594202899,0.389413988657845
0.4732,0.5152646502835538,0.03434230819476301,0.6358695652173914,0.536231884057971,0.4927536231884058,0.5144927536231884,0.3969754253308128
0.4734,0.5181947069943289,0.03437979490076827,0.6394927536231885,0.5380434782608695,0.49275362318840576,0.519927536231884,0.4007561436672968
0.4736,0.5208097038437304,0.03374812791758712,0.6413043478260869,0.5452898550724637,0.48731884057971014,0.519927536231884,0.4102079395085066
0.4738,0.5211877756773786,0.03221056831485195,0.6304347826086956,0.5489130434782608,0.4855072463768116,0.5289855072463768,0.4120982986767486
0.474,0.5219281663516068,0.031676716049028955,0.6249999999999999,0.5579710144927537,0.483695652173913,0.5289855072463767,0.41398865784499056
0.4742,0.5256143667296787,0.031548155459044845,0.6322463768115942,0.5579710144927537,0.4855072463768116,0.5307971014492754,0.42155009451795844
0.4744,0.5267013232514178,0.03254030007242862,0.6358695652173914,0.5652173913043478,0.4818840579710145,0.5289855072463768,0.4215500945179584
0.4746,0.5321833648393195,0.03266285467086236,0.6394927536231885,0.5742753623188406,0.483695652173913,0.5362318840579711,0.4272211720226843
0.4748,0.536578449905482,0.0305891861162249,0.6304347826086956,0.5815217391304347,0.4945652173913043,0.5434782608695652,0.43289224952741023
0.475,0.5376496534341525,0.029910582575810838,0.6286231884057971,0.5778985507246377,0.5054347826086956,0.5452898550724637,0.43100189035916825
0.4752,0.5424070573408948,0.029860267706606547,0.6340579710144928,0.5815217391304347,0.5090579710144927,0.5507246376811594,0.4366729678638941
0.4754,0.549007561436673,0.02927014973662683,0.6376811594202899,0.5905797101449275,0.5144927536231884,0.556159420289855,0.44612476370510395
0.4756,0.5486925015752993,0.027110598092130785,0.6286231884057971,0.5887681159420289,0.5181159420289855,0.556159420289855,0.45179584120982985
0.4758,0.5523471959672338,0.02702014979042104,0.6268115942028986,0.5996376811594203,0.519927536231884,0.5597826086956521,0.45557655954631376
0.476,0.5530875866414618,0.026385929518526488,0.625,0.5978260869565217,0.5217391304347826,0.5634057971014492,0.4574669187145558
0.4762,0.5581915563957152,0.02612355845554601,0.625,0.6068840579710145,0.5307971014492754,0.5670289855072463,0.4612476370510397
0.4764,0.5596565847511027,0.025917744158128805,0.6268115942028986,0.608695652173913,0.5362318840579711,0.5634057971014493,0.46313799621928164
0.4766,0.5593100189035917,0.025316740974385202,0.625,0.608695652173913,0.5398550724637681,0.5579710144927537,0.4650283553875237
0.4768,0.5611846250787649,0.024097727881432104,0.625,0.608695652173913,0.5434782608695652,0.556159420289855,0.4725897920604915
0.477,0.5615154379332074,0.024504680764332577,0.628623188405797,0.6032608695652174,0.5489130434782609,0.5579710144927537,0.4688090737240076
0.4772,0.564760554505356,0.024968274365485245,0.6304347826086956,0.605072463768116,0.5561594202898551,0.5652173913043478,0.46691871455576567
0.4774,0.563311279143037,0.024433581877595905,0.625,0.605072463768116,0.5543478260869564,0.5652173913043478,0.4669187145557656
0.4776,0.5639886578449905,0.025391964107254947,0.6231884057971014,0.608695652173913,0.5579710144927537,0.5688405797101449,0.46124763705103966
0.4778,0.5639729048519219,0.02571510405145777,0.6231884057971014,0.6086956521739131,0.5579710144927537,0.5706521739130435,0.45935727788279773
0.478,0.5672652804032767,0.025728944553575307,0.625,0.6159420289855072,0.5652173913043479,0.5670289855072463,0.46313799621928164
0.4782,0.5658632640201638,0.023621563467963756,0.6177536231884059,0.608695652173913,0.5670289855072463,0.5670289855072463,0.46880907372400754
0.4784,0.566603654694392,0.022907003501981753,0.6141304347826088,0.6068840579710144,0.568840579710145,0.5724637681159419,0.4706994328922496
0.4786,0.5677378701953371,0.02161068370025612,0.6123188405797102,0.6032608695652173,0.5760869565217391,0.5706521739130433,0.4763705103969754
0.4788,0.5691556395715186,0.022489150781879103,0.6105072463768116,0.605072463768116,0.5869565217391304,0.5706521739130435,0.4725897920604915
0.479,0.5706049149338375,0.02294968998056904,0.6141304347826088,0.605072463768116,0.592391304347826,0.5688405797101449,0.4725897920604915
0.4792,0.5702741020793951,0.021959349139094805,0.6159420289855073,0.5923913043478262,0.5960144927536232,0.5706521739130435,0.47637051039697537
0.4794,0.5720856962822936,0.022497032455693653,0.6213768115942028,0.5942028985507246,0.5960144927536232,0.572463768115942,0.4763705103969754
0.4796,0.574354127284184,0.020280692295610418,0.6195652173913043,0.5942028985507246,0.592391304347826,0.5778985507246377,0.4877126654064272
0.4798,0.5750945179584122,0.020181270026631566,0.6231884057971014,0.5923913043478262,0.5905797101449276,0.5797101449275363,0.48960302457466914
0.48,0.5740233144297416,0.019602071573909925,0.6213768115942029,0.5905797101449275,0.5905797101449275,0.576086956521739,0.4914933837429112
0.4802,0.574354127284184,0.02056352778358485,0.6231884057971014,0.5887681159420289,0.5960144927536232,0.5760869565217391,0.4877126654064272
0.4804,0.5750945179584122,0.02027860715520146,0.625,0.5869565217391304,0.592391304347826,0.5815217391304348,0.4896030245746692
0.4806,0.5732986767485823,0.02004130671727188,0.6286231884057971,0.5851449275362319,0.5851449275362318,0.5760869565217391,0.4914933837429112
0.4808,0.5736767485822307,0.0198987628219776,0.6304347826086957,0.5851449275362319,0.5833333333333334,0.5760869565217391,0.4933837429111531
0.481,0.5692974165091368,0.020217889885217725,0.6304347826086957,0.5760869565217391,0.5778985507246377,0.5724637681159421,0.4896030245746692
0.4812,0.5715028355387524,0.01993447007839551,0.6322463768115941,0.5778985507246377,0.5815217391304348,0.572463768115942,0.49338374291115317
0.4814,0.5718494013862634,0.020681159026716994,0.6340579710144927,0.5815217391304348,0.5869565217391304,0.5652173913043478,0.4914933837429112
0.4816,0.5711877756773787,0.019412077855108904,0.6340579710144928,0.5742753623188406,0.5851449275362319,0.5634057971014492,0.49905482041587906
0.4818,0.5712035286704474,0.018840974847967953,0.6322463768115941,0.5706521739130435,0.5851449275362319,0.5670289855072465,0.5009451795841211
0.482,0.5686200378071834,0.01859861367256472,0.6213768115942029,0.5670289855072463,0.5905797101449276,0.5688405797101449,0.4952741020793951
0.4822,0.5639098928796471,0.0183929075998439,0.6231884057971014,0.5579710144927537,0.5778985507246377,0.5652173913043479,0.49527410207939504
0.4824,0.5609955891619408,0.017553367274368094,0.6141304347826086,0.5543478260869565,0.576086956521739,0.5670289855072463,0.49338374291115306
0.4826,0.5617989918084436,0.01587167954916846,0.6105072463768116,0.5489130434782609,0.5760869565217391,0.5706521739130435,0.5028355387523629
0.4828,0.5636105860113422,0.0165870055666852,0.6141304347826086,0.5471014492753624,0.5778985507246377,0.5760869565217391,0.502835538752363
0.483,0.5618304977945809,0.015900412916425518,0.6123188405797101,0.5416666666666666,0.572463768115942,0.5760869565217391,0.5066162570888469
0.4832,0.562177063642092,0.016807441111194064,0.6177536231884058,0.5416666666666666,0.5742753623188406,0.572463768115942,0.504725897920605
0.4834,0.55705734089477,0.0175580460890228,0.6141304347826088,0.5307971014492754,0.5670289855072463,0.5742753623188407,0.499054820415879
0.4836,0.5563957151858854,0.016658073263177826,0.6159420289855072,0.5289855072463768,0.5634057971014493,0.5670289855072463,0.5066162570888468
0.4838,0.5556710775047258,0.01623390687063601,0.6105072463768115,0.5271739130434783,0.5597826086956521,0.5742753623188406,0.5066162570888469
0.484,0.5542375551354757,0.017145345183177032,0.6159420289855072,0.519927536231884,0.556159420289855,0.5706521739130436,0.5085066162570888
0.4842,0.5543005671077503,0.01675109315721564,0.6141304347826086,0.5126811594202899,0.5597826086956521,0.568840579710145,0.5160680529300568
0.4844,0.5524889729048519,0.017029875870534724,0.6123188405797101,0.5072463768115942,0.5579710144927537,0.568840579710145,0.5160680529300568
0.4846,0.5517013232514177,0.019610921254359617,0.625,0.5054347826086957,0.552536231884058,0.5670289855072463,0.5085066162570888
0.4848,0.5514020163831128,0.019719848155551074,0.6268115942028986,0.5000000000000001,0.5507246376811594,0.5634057971014492,0.5160680529300568
0.485,0.5492281033396346,0.021137699283654745,0.6286231884057971,0.4891304347826087,0.5507246376811594,0.5615942028985508,0.5160680529300568
0.4852,0.5463137996219282,0.020824181782441886,0.6213768115942029,0.4836956521739131,0.5507246376811594,0.5615942028985508,0.5141776937618148
0.4854,0.5462980466288595,0.021664499805930087,0.6231884057971014,0.4800724637681159,0.5561594202898551,0.5597826086956522,0.5122873345935728
0.4856,0.5473850031505986,0.022820869064499993,0.625,0.4746376811594203,0.5597826086956521,0.5652173913043479,0.5122873345935728
0.4858,0.5470069313169502,0.023991114391651348,0.6286231884057971,0.47101449275362317,0.5543478260869565,0.5706521739130435,0.5103969754253308
0.486,0.5466603654694392,0.024345593087483037,0.6286231884057971,0.46739130434782605,0.5543478260869565,0.5706521739130435,0.5122873345935728
0.4862,0.548109640831758,0.024780488579735336,0.6340579710144927,0.4692028985507246,0.5579710144927535,0.5670289855072465,0.5122873345935728
0.4864,0.5503465658475111,0.02466500611186187,0.6376811594202899,0.4710144927536231,0.5543478260869565,0.568840579710145,0.5198487712665405
0.4866,0.5518115942028985,0.025943648237052773,0.644927536231884,0.4692028985507246,0.5507246376811594,0.5724637681159421,0.5217391304347826
0.4868,0.5522054190296156,0.0246382995875759,0.6358695652173914,0.4692028985507246,0.5543478260869565,0.5760869565217392,0.5255198487712665
0.487,0.5506773787019533,0.025545328672634125,0.6413043478260869,0.47101449275362317,0.5507246376811594,0.5742753623188406,0.5160680529300568
0.4872,0.5506931316950221,0.0257453898841156,0.6413043478260869,0.46920289855072467,0.548913043478261,0.5760869565217391,0.5179584120982986
0.4874,0.5528985507246377,0.027081485323020713,0.6503623188405796,0.46739130434782605,0.548913043478261,0.5760869565217391,0.5217391304347826
0.4876,0.557608695652174,0.027284316785455058,0.6576086956521738,0.47644927536231885,0.5489130434782609,0.5833333333333334,0.5217391304347826
0.4878,0.5616257088846881,0.02793975826540356,0.6648550724637681,0.4782608695652174,0.5543478260869565,0.5851449275362319,0.5255198487712666
0.488,0.561972274732199,0.027135136667021623,0.6630434782608695,0.483695652173913,0.5543478260869565,0.5851449275362319,0.5236294896030246
0.4882,0.5634057971014493,0.028376759781451127,0.6648550724637682,0.4782608695652174,0.5597826086956522,0.592391304347826,0.5217391304347826
0.4884,0.5659262759924386,0.028747688801332005,0.6666666666666666,0.48007246376811596,0.5652173913043478,0.5978260869565217,0.5198487712665406
0.4886,0.5673597983616887,0.030121612717633237,0.6684782608695653,0.47826086956521735,0.5597826086956521,0.6123188405797101,0.5179584120982986
0.4888,0.5709987397605545,0.029976829089605705,0.6739130434782609,0.48550724637681153,0.5615942028985507,0.6141304347826088,0.5198487712665407
0.489,0.5731884057971015,0.029831846882598496,0.6757246376811594,0.4873188405797101,0.5670289855072463,0.6141304347826088,0.5217391304347826
0.4892,0.5724952741020795,0.02765393491552478,0.6684782608695652,0.49275362318840576,0.5670289855072463,0.6086956521739131,0.5255198487712666
0.4894,0.5746691871455576,0.026580663374002896,0.6666666666666666,0.5018115942028986,0.5670289855072463,0.6123188405797101,0.5255198487712666
0.4896,0.5761027095148078,0.02720404072182744,0.6648550724637681,0.5,0.5706521739130435,0.6213768115942029,0.5236294896030246
0.4898,0.5767958412098299,0.02786778829834925,0.6648550724637681,0.5,0.572463768115942,0.6268115942028986,0.5198487712665407
0.49,0.5812066792690611,0.0256583134017284,0.6630434782608695,0.5108695652173914,0.5797101449275361,0.625,0.5274102079395084
0.4902,0.5841209829867675,0.025384695831250564,0.6648550724637681,0.5163043478260869,0.5815217391304348,0.628623188405797,0.5293005671077505
0.4904,0.584892879647133,0.023681222512657432,0.6630434782608696,0.5235507246376812,0.5778985507246377,0.625,0.5349716446124764
0.4906,0.587775677378702,0.024319648044957756,0.6666666666666667,0.5253623188405797,0.5851449275362318,0.6286231884057971,0.5330812854442344
0.4908,0.589256458727158,0.023859689444025837,0.6666666666666666,0.5253623188405797,0.5905797101449275,0.6268115942028986,0.5368620037807184
0.491,0.5903434152488973,0.023720586844216927,0.6684782608695652,0.5271739130434783,0.5960144927536232,0.6231884057971014,0.5368620037807184
0.4912,0.5914303717706364,0.023770294616429696,0.6648550724637681,0.5253623188405796,0.6032608695652174,0.6268115942028986,0.5368620037807184
0.4914,0.5899653434152489,0.02227199586761059,0.6612318840579711,0.532608695652174,0.6014492753623188,0.6195652173913043,0.5349716446124764
0.4916,0.5903276622558286,0.02161840353135596,0.6594202898550725,0.5362318840579711,0.6032608695652174,0.6177536231884058,0.5349716446124764
0.4918,0.5889413988657846,0.019822891981678366,0.6539855072463769,0.5362318840579711,0.5996376811594203,0.6123188405797102,0.5425330812854443
0.492,0.5863579080025205,0.020451275549491166,0.6539855072463769,0.5344202898550725,0.5942028985507246,0.6123188405797101,0.5368620037807184
0.4922,0.5885475740390674,0.021068041386810534,0.6612318840579711,0.5362318840579711,0.5942028985507246,0.6123188405797102,0.5387523629489603
0.4924,0.5853182104599874,0.018976746184347908,0.6521739130434783,0.5380434782608696,0.5869565217391305,0.6068840579710145,0.5425330812854443
0.4926,0.5831127914303719,0.01865683040849509,0.6467391304347826,0.5380434782608696,0.5833333333333334,0.6086956521739131,0.5387523629489603
0.4928,0.5834751102709514,0.01797246545496409,0.644927536231884,0.5416666666666666,0.5851449275362319,0.6068840579710144,0.5387523629489603
0.493,0.5871613106490233,0.017780427770716468,0.6503623188405797,0.5434782608695652,0.5905797101449275,0.605072463768116,0.5463137996219282
0.4932,0.5886420919974794,0.017272790188076915,0.6503623188405797,0.5452898550724637,0.592391304347826,0.605072463768116,0.550094517958412
0.4934,0.5904851921865154,0.01638261898824425,0.6521739130434783,0.552536231884058,0.592391304347826,0.6014492753623188,0.553875236294896
0.4936,0.589413988657845,0.016110921107460395,0.6539855072463767,0.5579710144927537,0.5797101449275363,0.5996376811594203,0.555765595463138
0.4938,0.5883427851291746,0.01540033099196662,0.6503623188405797,0.5597826086956522,0.5742753623188406,0.5996376811594203,0.55765595463138
0.494,0.5890201638311279,0.01638534532314181,0.657608695652174,0.5688405797101449,0.5742753623188406,0.5923913043478262,0.551984877126654
0.4942,0.58791745431632,0.01532753111524309,0.6503623188405797,0.5652173913043478,0.5833333333333334,0.5905797101449275,0.550094517958412
0.4944,0.5853812224322622,0.014939901432616165,0.6467391304347826,0.5615942028985508,0.5833333333333334,0.5851449275362318,0.550094517958412
0.4946,0.5846723377441714,0.01521613557917662,0.648550724637681,0.5597826086956521,0.5815217391304348,0.5815217391304348,0.551984877126654
0.4948,0.5828922495274103,0.012887924043133353,0.6376811594202898,0.5634057971014492,0.5778985507246377,0.5797101449275361,0.555765595463138
0.495,0.5821833648393195,0.012571393817827703,0.6358695652173912,0.5615942028985507,0.5760869565217391,0.5797101449275363,0.55765595463138
0.4952,0.5818367989918084,0.012922121738107055,0.6376811594202898,0.5634057971014492,0.5670289855072463,0.5815217391304348,0.5595463137996219
0.4954,0.5796786389413988,0.012391861477771753,0.6340579710144927,0.5615942028985507,0.5652173913043479,0.5760869565217391,0.5614366729678639
0.4956,0.5815059861373661,0.013560946492916854,0.6413043478260869,0.5652173913043478,0.5615942028985508,0.576086956521739,0.5633270321361059
0.4958,0.5786704473850032,0.01161719744508252,0.6286231884057971,0.5688405797101449,0.552536231884058,0.572463768115942,0.5708884688090737
0.496,0.579773156899811,0.011346035708023514,0.628623188405797,0.5706521739130436,0.5543478260869565,0.572463768115942,0.5727788279773157
0.4962,0.5797416509136736,0.0120001540878339,0.6286231884057971,0.5797101449275363,0.5471014492753623,0.5742753623188406,0.5689981096408318
0.4964,0.5775992438563327,0.013380559300575327,0.6268115942028984,0.5797101449275363,0.532608695652174,0.5760869565217391,0.5727788279773156
0.4966,0.5772999369880276,0.01468294899565126,0.6304347826086956,0.5778985507246376,0.5271739130434783,0.5706521739130435,0.5803402646502835
0.4968,0.5776937618147449,0.016039449688576304,0.6340579710144928,0.5797101449275363,0.5217391304347826,0.5688405797101449,0.5841209829867675
0.497,0.5770636420919975,0.019223203877878844,0.6413043478260869,0.5742753623188406,0.5090579710144927,0.5652173913043479,0.5954631379962193
0.4972,0.5771109010712034,0.019235559205626942,0.6376811594202898,0.572463768115942,0.5072463768115941,0.5670289855072463,0.6011342155009453
0.4974,0.5767485822306238,0.019767120343060867,0.6394927536231885,0.572463768115942,0.5054347826086956,0.5652173913043479,0.6011342155009451
0.4976,0.5771266540642722,0.02064091063586124,0.6413043478260869,0.5760869565217391,0.5018115942028986,0.5634057971014492,0.6030245746691871
0.4978,0.5771896660365469,0.02117257356306165,0.6394927536231885,0.5742753623188406,0.5,0.5615942028985507,0.6105860113421551
0.498,0.5761027095148077,0.023193086275256337,0.644927536231884,0.5742753623188406,0.49094202898550726,0.5597826086956521,0.610586011342155
0.4982,0.5761027095148078,0.023928556908484604,0.6503623188405796,0.5706521739130435,0.49094202898550726,0.5579710144927537,0.6105860113421551
0.4984,0.5769061121613107,0.024917337307924697,0.6521739130434783,0.5670289855072463,0.49094202898550726,0.5543478260869565,0.6200378071833649
0.4986,0.5758349086326402,0.025388736842930887,0.6467391304347826,0.572463768115942,0.4836956521739131,0.5543478260869565,0.6219281663516067
0.4988,0.5741020793950851,0.026151224907374315,0.6358695652173914,0.5742753623188406,0.47644927536231885,0.552536231884058,0.6313799621928167
0.499,0.5712350346565847,0.026618630001416115,0.6304347826086957,0.5670289855072463,0.47282608695652173,0.5507246376811594,0.6351606805293005
0.4992,0.5719911783238815,0.027774121691332906,0.6358695652173912,0.5634057971014492,0.47101449275362317,0.5507246376811594,0.6389413988657845
0.4994,0.5694391934467549,0.027014363163706187,0.628623188405797,0.5615942028985508,0.47101449275362317,0.5489130434782609,0.6370510396975425
0.4996,0.5679741650913673,0.02635742670897636,0.6231884057971014,0.5615942028985508,0.47101449275362317,0.5489130434782609,0.6351606805293006
0.4998,0.5639886578449905,0.026556589893617023,0.6177536231884058,0.5597826086956521,0.4692028985507246,0.5380434782608696,0.6351606805293006
0.5,0.5654379332073093,0.025134999078497415,0.6105072463768115,0.5670289855072463,0.4746376811594203,0.5398550724637681,0.6351606805293006
0.5002,0.565800252047889,0.02500554916260136,0.6123188405797101,0.5652173913043478,0.47644927536231885,0.5398550724637681,0.6351606805293006
0.5004,0.5610901071203529,0.0254415919933794,0.6123188405797101,0.5471014492753623,0.47644927536231885,0.5344202898550725,0.6351606805293006
0.5006,0.559593572778828,0.023933681578362273,0.608695652173913,0.5471014492753623,0.48188405797101447,0.5307971014492754,0.6294896030245747
0.5008,0.557797731568998,0.023706191412196053,0.5996376811594203,0.5471014492753623,0.48007246376811596,0.5307971014492754,0.6313799621928166
0.501,0.5552142407057341,0.02222740065107967,0.5942028985507246,0.5398550724637681,0.4836956521739131,0.532608695652174,0.6257088846880907
0.5012,0.5563484562066794,0.022768504486093716,0.5923913043478262,0.5398550724637681,0.4836956521739131,0.5344202898550725,0.6313799621928167
0.5014,0.5570730938878388,0.02250400494931062,0.5942028985507246,0.5398550724637681,0.48731884057971014,0.5326086956521738,0.6313799621928167
0.5016,0.5555923125393825,0.021488934943906725,0.5905797101449275,0.5398550724637681,0.49094202898550726,0.5289855072463768,0.6275992438563327
0.5018,0.5552299936988028,0.021780715091638734,0.5942028985507246,0.532608695652174,0.49275362318840576,0.5289855072463768,0.6275992438563327
0.502,0.5534341524889729,0.0219230573504967,0.5887681159420288,0.5307971014492754,0.49275362318840576,0.5253623188405796,0.6294896030245747
0.5022,0.5537964713295527,0.021438081522554966,0.5869565217391304,0.5326086956521738,0.4963768115942029,0.5235507246376812,0.6294896030245747
0.5024,0.5552457466918714,0.02087729378764987,0.5869565217391304,0.5344202898550725,0.5,0.5253623188405797,0.6294896030245747
0.5026,0.5548519218651544,0.019822806854351775,0.5851449275362319,0.536231884057971,0.5054347826086957,0.5217391304347826,0.6257088846880907
0.5028,0.5566162570888469,0.019548472988118248,0.5960144927536232,0.5344202898550724,0.5054347826086957,0.5271739130434783,0.6200378071833649
0.503,0.5555608065532451,0.020455182340286652,0.5960144927536232,0.5271739130434783,0.5072463768115942,0.5235507246376812,0.6238185255198487
0.5032,0.5570100819155639,0.019290739942964343,0.5923913043478262,0.5271739130434783,0.5144927536231884,0.5271739130434783,0.6238185255198488
0.5034,0.5555135475740391,0.01827536493682566,0.5905797101449276,0.5235507246376812,0.519927536231884,0.5253623188405797,0.6181474480151229
0.5036,0.5599086326402016,0.018433608355168888,0.5942028985507246,0.5253623188405797,0.5307971014492754,0.5253623188405797,0.6238185255198488
0.5038,0.5617202268431003,0.017800695361227116,0.5942028985507246,0.5289855072463767,0.5344202898550725,0.5271739130434783,0.6238185255198487
0.504,0.5606175173282923,0.0177267108798261,0.592391304347826,0.5344202898550725,0.536231884057971,0.5181159420289855,0.6219281663516069
0.5042,0.565059861373661,0.018983252128736795,0.592391304347826,0.5471014492753623,0.5380434782608696,0.5144927536231885,0.6332703213610587
0.5044,0.567249527410208,0.019073738058788935,0.5923913043478262,0.5561594202898551,0.5398550724637681,0.5126811594202898,0.6351606805293005
0.5046,0.5705419029615626,0.019454003788494257,0.5960144927536232,0.5634057971014492,0.5398550724637681,0.5144927536231885,0.6389413988657844
0.5048,0.5738500315059862,0.019203545976195197,0.5942028985507246,0.5670289855072465,0.5416666666666667,0.5217391304347826,0.6446124763705104
0.505,0.5735349716446125,0.01982355796520419,0.5887681159420289,0.5652173913043478,0.5398550724637681,0.5235507246376812,0.6502835538752363
0.5052,0.575346565847511,0.01895728040619193,0.5869565217391304,0.5670289855072463,0.5434782608695652,0.5289855072463768,0.6502835538752363
0.5054,0.5746219281663516,0.018414805544244434,0.5851449275362318,0.5543478260869565,0.5471014492753623,0.536231884057971,0.6502835538752363
0.5056,0.5771581600504095,0.01762258826331818,0.5833333333333333,0.5634057971014492,0.5489130434782609,0.5398550724637681,0.6502835538752363
0.5058,0.5804347826086956,0.01742599197713901,0.5815217391304348,0.572463768115942,0.5597826086956522,0.536231884057971,0.6521739130434782
0.506,0.5840737240075614,0.01748374449072747,0.5869565217391304,0.5797101449275363,0.5634057971014492,0.536231884057971,0.6540642722117203
0.5062,0.5840579710144927,0.01630515295918669,0.5760869565217391,0.5815217391304348,0.5670289855072463,0.5434782608695652,0.6521739130434783
0.5064,0.5873030875866414,0.015540798328692157,0.5760869565217391,0.5905797101449275,0.5742753623188406,0.5452898550724637,0.6502835538752363
0.5066,0.5890989287964713,0.014775776791046712,0.5797101449275361,0.5905797101449275,0.5797101449275363,0.5471014492753623,0.6483931947069943
0.5068,0.5942186515437933,0.014925034428318948,0.5833333333333333,0.5978260869565217,0.5833333333333333,0.552536231884058,0.6540642722117203
0.507,0.5948960302457467,0.01304377124802976,0.5851449275362318,0.5978260869565217,0.5815217391304348,0.5615942028985508,0.6483931947069943
0.5072,0.5977945809703844,0.012066558244311503,0.5887681159420289,0.5978260869565217,0.5851449275362318,0.568840579710145,0.6483931947069943
0.5074,0.5981253938248268,0.01117828658577577,0.5905797101449275,0.5942028985507247,0.592391304347826,0.568840579710145,0.6446124763705103
0.5076,0.5984719596723378,0.010628622756176476,0.592391304347826,0.5942028985507246,0.592391304347826,0.5706521739130435,0.6427221172022685
0.5078,0.6003150598613736,0.011217471759183993,0.5905797101449275,0.5996376811594203,0.5942028985507246,0.5706521739130435,0.6465028355387523
0.508,0.5992123503465658,0.01088199156365544,0.5887681159420289,0.5996376811594203,0.5905797101449275,0.572463768115942,0.6446124763705103
0.5082,0.6006301197227473,0.009624101565707699,0.5851449275362318,0.6014492753623188,0.5960144927536232,0.5797101449275363,0.6408317580340264
0.5084,0.6024259609325772,0.009328262240082253,0.5851449275362318,0.6105072463768115,0.5960144927536232,0.5815217391304348,0.6389413988657844
0.5086,0.6038594833018273,0.00875851114815621,0.5887681159420289,0.6141304347826086,0.5960144927536232,0.5833333333333333,0.6370510396975425
0.5088,0.6049621928166351,0.008623712722216789,0.5905797101449275,0.61231884057971,0.5978260869565217,0.5851449275362319,0.6389413988657845
0.509,0.6081915563957152,0.007345578608024427,0.5978260869565217,0.6177536231884058,0.6014492753623188,0.588768115942029,0.6351606805293005
0.5092,0.6066792690611216,0.006156119737689846,0.5996376811594203,0.6177536231884058,0.5978260869565217,0.5905797101449275,0.6275992438563327
0.5094,0.6073724007561436,0.0056714013070059835,0.6014492753623188,0.6213768115942029,0.5960144927536232,0.5942028985507247,0.6238185255198487
0.5096,0.6047574039067423,0.00480902525936645,0.6032608695652174,0.6195652173913043,0.5942028985507246,0.592391304347826,0.614366729678639
0.5098,0.6039540012602393,0.00342006150450671,0.6032608695652174,0.6177536231884058,0.5960144927536232,0.5978260869565217,0.6049149338374291
0.51,0.6046471329552615,0.004025658808558704,0.6032608695652174,0.6213768115942029,0.5942028985507246,0.6032608695652174,0.6011342155009451
0.5102,0.6068210459987398,0.004598276820025889,0.605072463768116,0.625,0.5942028985507246,0.6086956521739131,0.6011342155009451
0.5104,0.6079080025204788,0.007232562652502138,0.6086956521739131,0.6286231884057971,0.5815217391304348,0.6195652173913043,0.6011342155009453
0.5106,0.6089477000630119,0.00937318708071457,0.605072463768116,0.6376811594202898,0.5797101449275361,0.6268115942028986,0.5954631379962193
0.5108,0.6074039067422811,0.012046613632184632,0.605072463768116,0.6413043478260869,0.572463768115942,0.6340579710144928,0.5841209829867675
0.511,0.6074354127284184,0.011770237529486409,0.605072463768116,0.6376811594202898,0.5706521739130435,0.6358695652173912,0.5879017013232515
0.5112,0.6048361688720857,0.01241065944511026,0.6068840579710145,0.6340579710144928,0.5670289855072463,0.6358695652173912,0.5803402646502835
0.5114,0.6007246376811594,0.01296878776126123,0.6068840579710145,0.6286231884057971,0.568840579710145,0.6340579710144928,0.5652173913043479
0.5116,0.6003308128544423,0.013038081554052955,0.605072463768116,0.6286231884057971,0.572463768115942,0.6340579710144927,0.5614366729678639
0.5118,0.5981411468178954,0.013874228982480589,0.5996376811594203,0.6286231884057971,0.5670289855072463,0.6358695652173912,0.5595463137996219
0.512,0.5962822936357908,0.015143708735760274,0.5996376811594203,0.6322463768115942,0.5615942028985508,0.6340579710144928,0.553875236294896
0.5122,0.5933679899180844,0.016408806375609677,0.5978260869565217,0.6304347826086957,0.5507246376811594,0.6358695652173912,0.5519848771266541
0.5124,0.5922180214240707,0.01756799043609505,0.5960144927536232,0.6304347826086956,0.5507246376811594,0.6394927536231884,0.5444234404536863
0.5126,0.5893509766855702,0.018241783684103344,0.5942028985507246,0.625,0.5380434782608695,0.6413043478260869,0.5482041587901701
0.5128,0.5849086326402017,0.019938249123474035,0.592391304347826,0.6231884057971016,0.5307971014492753,0.6413043478260869,0.5368620037807182
0.513,0.5812066792690611,0.02199439413676613,0.5960144927536232,0.6213768115942029,0.519927536231884,0.641304347826087,0.5274102079395084
0.5132,0.5797258979206049,0.023817623247997514,0.592391304347826,0.6231884057971014,0.5126811594202898,0.6467391304347826,0.5236294896030246
0.5134,0.5786231884057971,0.024608891960774513,0.5887681159420289,0.6268115942028986,0.5090579710144927,0.6467391304347826,0.5217391304347826
0.5136,0.5738815374921236,0.023803444964702637,0.5851449275362318,0.6177536231884058,0.5072463768115942,0.641304347826087,0.5179584120982986
0.5138,0.5709199747952111,0.024066744137324975,0.5815217391304348,0.6177536231884058,0.5072463768115942,0.6376811594202899,0.5103969754253308
0.514,0.5680214240705734,0.02529945988570765,0.5742753623188406,0.6141304347826086,0.49818840579710144,0.6431159420289855,0.5103969754253308
0.5142,0.5654536862003781,0.02442173260045283,0.5742753623188406,0.6086956521739131,0.5,0.6376811594202899,0.5066162570888468
0.5144,0.5632955261499685,0.023279753756128847,0.5670289855072463,0.6050724637681159,0.5018115942028986,0.6340579710144928,0.5085066162570888
0.5146,0.5607750472589792,0.024076228564005014,0.5597826086956522,0.6014492753623188,0.4945652173913043,0.6376811594202899,0.5103969754253308
0.5148,0.5564587271581601,0.02478349265791179,0.5561594202898551,0.5978260869565217,0.4800724637681159,0.6340579710144928,0.5141776937618147
0.515,0.556411468178954,0.02566287218616641,0.5597826086956521,0.5942028985507246,0.48007246376811596,0.6394927536231884,0.5085066162570888
0.5152,0.5476055450535602,0.027816249585259096,0.552536231884058,0.5851449275362319,0.4655797101449275,0.6394927536231884,0.4952741020793951
0.5154,0.5454158790170133,0.027243685481637615,0.5452898550724636,0.5851449275362319,0.46739130434782616,0.6358695652173914,0.4933837429111531
0.5156,0.5421235034656584,0.026126227636163995,0.5434782608695652,0.5851449275362319,0.46739130434782605,0.625,0.4896030245746692
0.5158,0.5370667926906111,0.025583438864094622,0.5398550724637681,0.572463768115942,0.46014492753623193,0.6213768115942029,0.49149338374291107
0.516,0.536326402016383,0.0253532313557795,0.5398550724637681,0.5742753623188406,0.46014492753623193,0.6177536231884058,0.4896030245746692
0.5162,0.5323251417769376,0.025701804518847737,0.5271739130434783,0.5742753623188406,0.45652173913043476,0.6159420289855072,0.4877126654064272
0.5164,0.5290170132325142,0.026191127332909226,0.5253623188405797,0.5760869565217391,0.45108695652173914,0.6105072463768115,0.48204158790170126
0.5166,0.529017013232514,0.02702005794888267,0.5217391304347825,0.5778985507246377,0.4492753623188406,0.6141304347826086,0.4820415879017013
0.5168,0.5268273471959672,0.02754232873490693,0.5217391304347826,0.5742753623188406,0.44384057971014496,0.6141304347826086,0.48015122873345933
0.517,0.5239287964713296,0.028604142361867584,0.5144927536231885,0.572463768115942,0.4365942028985507,0.6159420289855072,0.48015122873345933
0.5172,0.5239760554505356,0.028536951092508117,0.5072463768115942,0.5742753623188406,0.4365942028985507,0.6159420289855072,0.4858223062381853
0.5174,0.5229048519218651,0.02842925511186898,0.5072463768115942,0.5742753623188406,0.4329710144927536,0.6123188405797102,0.4877126654064272
0.5176,0.5226055450535602,0.027922703457556364,0.5036231884057971,0.5670289855072463,0.4329710144927536,0.6141304347826086,0.4952741020793951
0.5178,0.5193289224952741,0.02809581180384585,0.5,0.5670289855072463,0.427536231884058,0.6086956521739131,0.49338374291115317
0.518,0.5185885318210459,0.025736428019054982,0.5036231884057971,0.5634057971014493,0.4347826086956521,0.5996376811594203,0.4914933837429112
0.5182,0.5149810964083176,0.0257741150793131,0.49275362318840576,0.5634057971014492,0.4311594202898551,0.5942028985507246,0.4933837429111531
0.5184,0.5139098928796471,0.025581421205397636,0.48913043478260865,0.5597826086956521,0.4311594202898551,0.5942028985507246,0.4952741020793951
0.5186,0.513122243226213,0.024697986442367686,0.4963768115942029,0.5597826086956522,0.43297101449275366,0.5887681159420289,0.48771266540642727
0.5188,0.5123345935727789,0.024324667876717034,0.49818840579710144,0.5597826086956522,0.4365942028985507,0.5869565217391305,0.48015122873345933
0.519,0.5105072463768116,0.024825583554546636,0.4945652173913043,0.5634057971014492,0.4329710144927536,0.5833333333333334,0.47826086956521746
0.5192,0.5101764335223693,0.024750628270375,0.4891304347826087,0.5652173913043478,0.4329710144927536,0.5815217391304347,0.4820415879017013
0.5194,0.510538752362949,0.02514413977554803,0.48731884057971014,0.5688405797101449,0.43297101449275366,0.5815217391304347,0.4820415879017013
0.5196,0.51088531821046,0.02489350150476713,0.4909420289855072,0.5615942028985507,0.43478260869565216,0.5869565217391304,0.4801512287334594
0.5198,0.5130277252678008,0.025886300644792356,0.48913043478260865,0.572463768115942,0.4384057971014492,0.5887681159420289,0.4763705103969754
0.52,0.5126969124133585,0.0249512134110695,0.4873188405797101,0.5706521739130435,0.4402173913043478,0.5851449275362319,0.4801512287334594
0.5202,0.5094517958412098,0.02386953268921206,0.48007246376811596,0.5579710144927537,0.4420289855072464,0.5851449275362318,0.4820415879017013
0.5204,0.5120510396975425,0.022348584221866863,0.48550724637681153,0.5507246376811594,0.447463768115942,0.5869565217391304,0.4896030245746692
0.5206,0.5117044738500314,0.022697287210793136,0.4836956521739131,0.5489130434782609,0.44565217391304346,0.5887681159420289,0.4914933837429111
0.5208,0.5113106490233144,0.021976657304554864,0.48550724637681153,0.5471014492753623,0.4492753623188406,0.5869565217391304,0.4877126654064272
0.521,0.5131852551984878,0.02239628681075,0.48007246376811596,0.548913043478261,0.45108695652173914,0.5905797101449275,0.49527410207939504
0.5212,0.5146030245746692,0.022134570865381675,0.4782608695652174,0.5561594202898551,0.45833333333333337,0.5887681159420289,0.4914933837429112
0.5214,0.5153276622558286,0.021309515727889385,0.4873188405797101,0.5561594202898551,0.4565217391304348,0.5851449275362318,0.4914933837429112
0.5216,0.5153434152488973,0.02034371313125312,0.48550724637681153,0.5507246376811594,0.46195652173913043,0.5851449275362318,0.4933837429111531
0.5218,0.5145715185885319,0.020001562334131553,0.48550724637681164,0.5507246376811594,0.4655797101449276,0.5833333333333334,0.4877126654064272
0.522,0.5171235034656585,0.0207606471765644,0.47826086956521735,0.5579710144927537,0.47282608695652173,0.5869565217391305,0.4896030245746692
0.5222,0.5178166351606805,0.020619198477716448,0.48188405797101447,0.5615942028985508,0.4746376811594203,0.5851449275362318,0.48582230623818523
0.5224,0.5196754883427852,0.02007278001233848,0.48188405797101447,0.5597826086956522,0.4782608695652174,0.5869565217391304,0.4914933837429112
0.5226,0.5156427221172023,0.020210280954334452,0.48007246376811596,0.5561594202898551,0.47282608695652173,0.5833333333333333,0.48582230623818523
0.5228,0.5148708254568368,0.021067935377111113,0.48188405797101447,0.552536231884058,0.47101449275362317,0.5887681159420289,0.4801512287334594
0.523,0.5100661625708884,0.022900912251358662,0.47644927536231885,0.5507246376811594,0.46376811594202894,0.5905797101449275,0.4688090737240076
0.5232,0.511830497794581,0.024881047435847015,0.47282608695652173,0.5634057971014492,0.4655797101449276,0.5942028985507246,0.46313799621928176
0.5234,0.512570888468809,0.024428728676295555,0.4710144927536232,0.5670289855072465,0.4692028985507246,0.5905797101449275,0.46502835538752363
0.5236,0.5100031505986138,0.02507639002981565,0.463768115942029,0.5652173913043479,0.4692028985507246,0.5905797101449275,0.4612476370510397
0.5238,0.5078134845620668,0.025217775875983842,0.4601449275362319,0.5634057971014492,0.46739130434782605,0.588768115942029,0.45935727788279773
0.524,0.5100031505986137,0.027924747456374906,0.4565217391304348,0.5670289855072463,0.4619565217391305,0.6032608695652174,0.46124763705103966
0.5242,0.5089004410838059,0.028148302126838762,0.4492753623188406,0.5652173913043479,0.4673913043478261,0.6032608695652174,0.45935727788279773
0.5244,0.5093100189035916,0.026839988237835972,0.447463768115942,0.5615942028985508,0.4728260869565218,0.5996376811594203,0.46502835538752363
0.5246,0.5093257718966603,0.025307805779367153,0.4492753623188406,0.5634057971014492,0.47644927536231885,0.5905797101449276,0.4669187145557656
0.5248,0.5100346565847511,0.02581441777333402,0.4492753623188406,0.5634057971014493,0.4782608695652174,0.5942028985507247,0.46502835538752363
0.525,0.50968809073724,0.026455387267812713,0.44565217391304346,0.5615942028985508,0.47644927536231885,0.5978260869565217,0.4669187145557656
0.5252,0.5100346565847511,0.0270413384735723,0.4402173913043478,0.5615942028985508,0.483695652173913,0.5996376811594203,0.46502835538752363
0.5254,0.50968809073724,0.026648207462878076,0.4438405797101449,0.5597826086956521,0.47826086956521735,0.5996376811594203,0.4669187145557656
0.5256,0.5082230623818524,0.026791118600150685,0.4402173913043478,0.5615942028985507,0.4782608695652174,0.5960144927536232,0.46502835538752363
0.5258,0.5074511657214871,0.02754513070699515,0.44202898550724634,0.5634057971014492,0.4746376811594203,0.5978260869565217,0.45935727788279773
0.526,0.5038122243226213,0.027361879694803286,0.4347826086956522,0.5543478260869565,0.47644927536231885,0.5960144927536232,0.45746691871455575
0.5262,0.5023471959672338,0.026718213110835953,0.4311594202898551,0.5543478260869565,0.4818840579710144,0.5887681159420289,0.4555765595463138
0.5264,0.5023471959672338,0.027118112072252513,0.4275362318840579,0.5579710144927537,0.48369565217391297,0.5869565217391305,0.45557655954631376
0.5266,0.4983459357277882,0.02722076178539857,0.42028985507246375,0.5597826086956521,0.4800724637681159,0.5778985507246377,0.45368620037807184
0.5268,0.4976212980466288,0.02630734183759698,0.42028985507246375,0.5597826086956521,0.483695652173913,0.5706521739130435,0.45368620037807184
0.527,0.50059861373661,0.025628745777060234,0.4221014492753623,0.5615942028985508,0.4855072463768116,0.5706521739130435,0.4631379962192817
0.5272,0.5002678008821677,0.024197772645920886,0.42391304347826086,0.5597826086956522,0.4873188405797102,0.5634057971014493,0.4669187145557656
0.5274,0.5014020163831128,0.023678403479555757,0.42391304347826086,0.5597826086956521,0.48913043478260865,0.5615942028985508,0.4725897920604915
0.5276,0.5006773787019534,0.021857260568690366,0.427536231884058,0.556159420289855,0.4945652173913043,0.5525362318840579,0.47258979206049145
0.5278,0.5028827977315691,0.021264353781467852,0.42934782608695654,0.5597826086956521,0.5018115942028986,0.5471014492753623,0.4763705103969754
0.528,0.505466288594833,0.019490413831018658,0.4365942028985507,0.5579710144927535,0.5072463768115942,0.5434782608695652,0.4820415879017013
0.5282,0.5025519848771267,0.01851773012415623,0.4365942028985507,0.5507246376811594,0.5054347826086957,0.5398550724637682,0.4801512287334594
0.5284,0.5040800252047889,0.01836987315536164,0.4347826086956522,0.5489130434782608,0.5054347826086957,0.5416666666666666,0.4896030245746692
0.5286,0.5040642722117201,0.01718949106656188,0.4384057971014493,0.5452898550724637,0.5126811594202899,0.536231884057971,0.4877126654064272
0.5288,0.5030560806553246,0.015876928979247643,0.4384057971014493,0.5398550724637682,0.5108695652173914,0.5289855072463768,0.4971644612476371
0.529,0.503780718336484,0.014950528268535613,0.44384057971014496,0.5434782608695652,0.5144927536231885,0.519927536231884,0.4971644612476371
0.5292,0.5059388783868936,0.014520219993804708,0.4492753623188406,0.5452898550724637,0.5181159420289856,0.5217391304347826,0.4952741020793951
0.5294,0.5048519218651544,0.01382966736607639,0.45108695652173914,0.5434782608695652,0.516304347826087,0.5181159420289856,0.49527410207939504
0.5296,0.5063327032136106,0.013406650438544344,0.4528985507246377,0.5416666666666667,0.5217391304347826,0.5163043478260869,0.499054820415879
0.5298,0.50562381852552,0.012196145883046097,0.4565217391304348,0.536231884057971,0.5235507246376812,0.5108695652173914,0.500945179584121
0.53,0.506758034026465,0.010493229380795242,0.4655797101449275,0.5344202898550724,0.5235507246376812,0.5036231884057971,0.5066162570888468
0.5302,0.5104757403906743,0.011002064488813294,0.46739130434782605,0.5380434782608696,0.5271739130434783,0.5018115942028986,0.5179584120982986
0.5304,0.5137523629489603,0.009605931822882255,0.4746376811594203,0.5344202898550725,0.5307971014492754,0.5090579710144928,0.5198487712665407
0.5306,0.516304347826087,0.007530655685082078,0.4855072463768116,0.5289855072463768,0.532608695652174,0.5126811594202899,0.5217391304347826
0.5308,0.5203213610586012,0.00682942668145728,0.49275362318840576,0.5307971014492754,0.5362318840579711,0.5163043478260869,0.5255198487712666
0.531,0.5199590422180215,0.007482807679592381,0.4909420289855072,0.5344202898550725,0.5362318840579711,0.5126811594202898,0.5255198487712666
0.5312,0.5214083175803402,0.007239023967433406,0.49275362318840576,0.5380434782608695,0.5344202898550725,0.5163043478260869,0.5255198487712666
0.5314,0.5203686200378073,0.006868398917170324,0.4945652173913043,0.5344202898550725,0.5307971014492754,0.5108695652173914,0.5311909262759924
0.5316,0.5240075614366729,0.006654829501453175,0.5018115942028986,0.5398550724637681,0.5344202898550725,0.5108695652173914,0.5330812854442344
0.5318,0.5287492123503466,0.006737752367281191,0.5090579710144927,0.5471014492753623,0.5380434782608696,0.5126811594202898,0.5368620037807184
0.532,0.5301512287334594,0.006535931821605915,0.5144927536231885,0.5471014492753623,0.5452898550724639,0.5126811594202898,0.5311909262759924
0.5322,0.5308758664146188,0.0073008622562583,0.5217391304347826,0.5507246376811594,0.5452898550724639,0.5054347826086956,0.5311909262759924
0.5324,0.5297416509136736,0.004735004877894187,0.5253623188405797,0.5434782608695652,0.5398550724637682,0.5144927536231885,0.5255198487712666
0.5326,0.5293635790800252,0.00441558390827532,0.5271739130434783,0.5452898550724637,0.5344202898550725,0.5163043478260869,0.5236294896030246
0.5328,0.5301354757403907,0.0038175323802444607,0.5253623188405797,0.5434782608695652,0.5344202898550725,0.5181159420289855,0.5293005671077504
0.533,0.5301827347195966,0.005056067855019814,0.5271739130434783,0.5452898550724637,0.532608695652174,0.5108695652173914,0.5349716446124764
0.5332,0.5331127914303717,0.00620310382911894,0.5289855072463767,0.5561594202898551,0.5271739130434783,0.5144927536231884,0.5387523629489603
0.5334,0.5356490233144298,0.006321587990588218,0.5307971014492754,0.5615942028985507,0.5235507246376812,0.5235507246376812,0.5387523629489603
0.5336,0.5363736609955891,0.0061796885617858835,0.532608695652174,0.5615942028985508,0.5217391304347826,0.5271739130434783,0.5387523629489603
0.5338,0.5396975425330813,0.005916711793981712,0.536231884057971,0.5615942028985508,0.5235507246376812,0.5307971014492754,0.5463137996219282
0.534,0.5397448015122874,0.005610834897450866,0.5380434782608695,0.5543478260869565,0.5199275362318841,0.5344202898550725,0.551984877126654
0.5342,0.5415563957151859,0.005733596092804508,0.5434782608695652,0.5561594202898551,0.5199275362318841,0.536231884057971,0.5519848771266541
0.5344,0.5427063642091998,0.00703273316976664,0.5489130434782609,0.552536231884058,0.5144927536231885,0.5380434782608696,0.5595463137996219
0.5346,0.5416666666666666,0.007565439499210528,0.5434782608695652,0.5471014492753623,0.5126811594202899,0.5398550724637681,0.5652173913043478
0.5348,0.5417139256458727,0.008681960262453978,0.5489130434782609,0.5416666666666666,0.5108695652173914,0.536231884057971,0.5708884688090736
0.535,0.543935097668557,0.008978940731662053,0.5489130434782609,0.5434782608695652,0.5144927536231885,0.536231884057971,0.5765595463137996
0.5352,0.5428323881537492,0.00922884497516047,0.5507246376811594,0.5398550724637681,0.5108695652173914,0.5380434782608696,0.5746691871455577
0.5354,0.5435727788279773,0.009472027286726043,0.5507246376811594,0.5416666666666666,0.5108695652173914,0.5380434782608696,0.5765595463137996
0.5356,0.5443131695022053,0.010328285052151342,0.5543478260869565,0.5398550724637682,0.5072463768115941,0.5416666666666666,0.5784499054820416
0.5358,0.5446754883427852,0.011898597625634595,0.5597826086956521,0.5416666666666667,0.49818840579710144,0.5452898550724637,0.5784499054820416
0.536,0.546124763705104,0.012982886365085855,0.5634057971014492,0.5452898550724637,0.4927536231884058,0.5507246376811594,0.5784499054820416
0.5362,0.545778197857593,0.01429197447710732,0.5597826086956521,0.5489130434782609,0.48550724637681164,0.5543478260869565,0.5803402646502835
0.5364,0.5435885318210459,0.014937203670389343,0.5561594202898551,0.5471014492753623,0.48007246376811585,0.556159420289855,0.5784499054820416
0.5366,0.5443289224952741,0.015298831286616705,0.5597826086956521,0.5434782608695652,0.48007246376811585,0.5579710144927537,0.5803402646502835
0.5368,0.5432892249527409,0.01635328521725803,0.556159420289855,0.5398550724637681,0.47644927536231885,0.5579710144927535,0.5860113421550095
0.537,0.5432734719596722,0.01730904298300597,0.5489130434782609,0.5452898550724637,0.47101449275362317,0.5670289855072463,0.5841209829867675
0.5372,0.5436200378071833,0.018434009524150554,0.552536231884058,0.5452898550724637,0.4655797101449275,0.572463768115942,0.5822306238185255
0.5374,0.5435885318210459,0.01907476845392699,0.5561594202898551,0.5452898550724637,0.4619565217391304,0.5760869565217391,0.5784499054820416
0.5376,0.5422022684310018,0.02132992956659611,0.5507246376811594,0.536231884057971,0.45471014492753625,0.5833333333333333,0.5860113421550095
0.5378,0.5399968494013863,0.021841914308426604,0.5507246376811594,0.5307971014492754,0.45108695652173914,0.5851449275362319,0.5822306238185255
0.538,0.5396187775677379,0.022812683736417524,0.5579710144927537,0.5289855072463768,0.4456521739130435,0.5851449275362319,0.5803402646502835
0.5382,0.5396345305608066,0.022693654869975093,0.5579710144927537,0.5217391304347826,0.44927536231884063,0.5869565217391304,0.5822306238185255
0.5384,0.53708254568368,0.0215746013606936,0.548913043478261,0.5271739130434783,0.4492753623188406,0.5797101449275363,0.5803402646502835
0.5386,0.5346093257718967,0.023837382056549075,0.5452898550724639,0.5235507246376812,0.4384057971014493,0.5778985507246377,0.5879017013232515
0.5388,0.534593572778828,0.02520907532864964,0.5452898550724639,0.5271739130434783,0.4311594202898551,0.5833333333333333,0.5860113421550094
0.539,0.5360270951480782,0.02702066409726711,0.548913043478261,0.5307971014492754,0.4239130434782609,0.5923913043478262,0.5841209829867675
0.5392,0.5338846880907373,0.027943442214635746,0.5416666666666667,0.5307971014492754,0.4184782608695652,0.5905797101449276,0.5879017013232514
0.5394,0.5367674858223064,0.02793057114388219,0.5507246376811594,0.532608695652174,0.42028985507246375,0.5942028985507246,0.5860113421550095
0.5396,0.5404379332073094,0.028964983419012512,0.5507246376811594,0.5326086956521738,0.4221014492753623,0.605072463768116,0.5916824196597353
0.5398,0.5404851921865155,0.029365193210379368,0.5471014492753623,0.5307971014492754,0.42210144927536236,0.605072463768116,0.5973534971644612
0.54,0.5394139886578451,0.030201841097928263,0.5452898550724637,0.5326086956521738,0.4166666666666667,0.6032608695652174,0.5992438563327032
0.5402,0.5400913673597983,0.029003993995056092,0.5471014492753623,0.5380434782608695,0.42028985507246375,0.6014492753623188,0.5935727788279773
0.5404,0.5419817265280404,0.03001783981593427,0.5452898550724639,0.5416666666666666,0.41847826086956524,0.6014492753623188,0.6030245746691871
0.5406,0.5405166981726528,0.03137257987679477,0.5471014492753623,0.5380434782608695,0.411231884057971,0.605072463768116,0.6011342155009451
0.5408,0.5404851921865155,0.03137933744440254,0.5398550724637682,0.5452898550724637,0.411231884057971,0.6086956521739131,0.5973534971644613
0.541,0.5383112791430371,0.033837052152334776,0.5344202898550725,0.5489130434782609,0.39855072463768115,0.6123188405797102,0.5973534971644613
0.5412,0.5379647132955261,0.03417197846749388,0.5289855072463768,0.5489130434782609,0.39855072463768115,0.6141304347826088,0.5992438563327032
0.5414,0.5376023944549464,0.0346160873543464,0.5307971014492754,0.5507246376811594,0.3949275362318841,0.6123188405797102,0.5992438563327032
0.5416,0.5365154379332073,0.034812237102483,0.5344202898550725,0.5434782608695652,0.39311594202898553,0.6123188405797102,0.5992438563327032
0.5418,0.5376339004410837,0.034520012164007664,0.5344202898550725,0.5471014492753623,0.3949275362318841,0.6086956521739131,0.6030245746691871
0.542,0.5369407687460617,0.03524720846383875,0.5344202898550725,0.5452898550724637,0.391304347826087,0.6068840579710145,0.6068052930056711
0.5422,0.5369407687460617,0.0349329574212827,0.5344202898550725,0.5434782608695652,0.3931159420289855,0.6068840579710145,0.6068052930056711
0.5424,0.5332860743541273,0.03582222033785621,0.5362318840579711,0.5398550724637681,0.38405797101449274,0.6032608695652174,0.6030245746691871
0.5426,0.5325456836798992,0.03521919317066404,0.536231884057971,0.5380434782608695,0.38586956521739135,0.6014492753623188,0.6011342155009451
0.5428,0.530718336483932,0.03641893035558174,0.5344202898550725,0.5380434782608696,0.3786231884057971,0.6032608695652174,0.5992438563327032
0.543,0.5296628859483302,0.03666878306717542,0.5398550724637682,0.536231884057971,0.375,0.5942028985507246,0.6030245746691871
0.5432,0.5307971014492754,0.036531370940630366,0.5452898550724639,0.5344202898550725,0.37681159420289856,0.588768115942029,0.6086956521739131
0.5434,0.5300252047889099,0.03609152974367399,0.5471014492753623,0.5344202898550724,0.37681159420289856,0.588768115942029,0.6030245746691871
0.5436,0.5293005671077505,0.035135906006917635,0.552536231884058,0.5289855072463768,0.3804347826086957,0.5815217391304348,0.6030245746691871
0.5438,0.5271109010712035,0.03456636305759435,0.5489130434782609,0.5289855072463768,0.3804347826086956,0.5760869565217391,0.6011342155009451
0.544,0.5223377441713926,0.03413064432745618,0.5452898550724637,0.5253623188405797,0.37681159420289856,0.5706521739130435,0.5935727788279773
0.5442,0.5216131064902332,0.033306287664226136,0.5452898550724637,0.5217391304347826,0.3804347826086956,0.5670289855072463,0.5935727788279773
0.5444,0.5204946439823568,0.03308783654040823,0.552536231884058,0.5235507246376812,0.3786231884057971,0.5579710144927537,0.5897920604914935
0.5446,0.5194234404536863,0.03355209724574475,0.5579710144927535,0.5181159420289855,0.37681159420289856,0.552536231884058,0.5916824196597353
0.5448,0.5215973534971645,0.0338794286289462,0.5634057971014492,0.5217391304347826,0.37681159420289856,0.5543478260869565,0.5916824196597354
0.545,0.522763074984247,0.03415059972406435,0.5579710144927537,0.5217391304347826,0.3786231884057971,0.5543478260869565,0.6011342155009451
0.5452,0.5249212350346566,0.03331939840205959,0.5652173913043478,0.5235507246376812,0.38405797101449274,0.552536231884058,0.5992438563327032
0.5454,0.5230938878386893,0.03347747424841695,0.5652173913043478,0.5181159420289855,0.3822463768115942,0.5525362318840579,0.5973534971644612
0.5456,0.5256773787019533,0.0340804127288365,0.572463768115942,0.5163043478260869,0.38405797101449274,0.552536231884058,0.6030245746691871
0.5458,0.5260396975425332,0.033666616302102687,0.5778985507246377,0.5144927536231884,0.38768115942028986,0.5471014492753623,0.6030245746691871
0.546,0.5289382482671708,0.03251863157802818,0.5797101449275363,0.5199275362318841,0.3949275362318841,0.5471014492753623,0.6030245746691871
0.5462,0.5300409577819786,0.032305364645860014,0.5778985507246377,0.5217391304347826,0.3967391304347826,0.548913043478261,0.6049149338374291
0.5464,0.527536231884058,0.032525659171119936,0.572463768115942,0.519927536231884,0.39492753623188404,0.5416666666666667,0.6086956521739131
0.5466,0.527536231884058,0.032278521675608025,0.5742753623188406,0.519927536231884,0.3967391304347826,0.5380434782608695,0.6086956521739131
0.5468,0.5286546943919344,0.03328375493770745,0.5742753623188406,0.5217391304347826,0.3931159420289855,0.5416666666666666,0.6124763705103969
0.547,0.5268273471959672,0.031877508598567646,0.5634057971014492,0.5253623188405797,0.3967391304347826,0.5380434782608695,0.6105860113421551
0.5472,0.5246219281663516,0.030746449578846067,0.5615942028985508,0.5217391304347826,0.4003623188405797,0.532608695652174,0.6068052930056711
0.5474,0.5242281033396345,0.030807414508398932,0.5652173913043479,0.5235507246376812,0.39855072463768115,0.5307971014492754,0.6030245746691871
0.5476,0.5220069313169502,0.03017279784544307,0.5634057971014493,0.5181159420289855,0.39855072463768115,0.5326086956521738,0.5973534971644612
0.5478,0.5212507876496535,0.03028979346302525,0.5652173913043478,0.5144927536231884,0.3967391304347826,0.536231884057971,0.5935727788279772
0.548,0.5194076874606175,0.030749887663048987,0.5652173913043478,0.5181159420289855,0.39130434782608703,0.5326086956521738,0.5897920604914934
0.5482,0.5201323251417769,0.03094213950167505,0.5688405797101449,0.519927536231884,0.391304347826087,0.5307971014492754,0.5897920604914934
0.5484,0.5212507876496535,0.03118243919081123,0.5670289855072463,0.5235507246376812,0.3913043478260869,0.5307971014492754,0.5935727788279772
0.5486,0.5223534971644612,0.03169111801536828,0.5670289855072463,0.5307971014492754,0.3894927536231884,0.5289855072463767,0.5954631379962192
0.5488,0.5249054820415878,0.032064461076195865,0.5688405797101449,0.5362318840579711,0.38949275362318836,0.5326086956521738,0.5973534971644612
0.549,0.5241650913673598,0.03147207847717155,0.5670289855072463,0.5362318840579711,0.3913043478260869,0.5307971014492754,0.5954631379962193
0.5492,0.52380277252678,0.031637402355094754,0.5634057971014493,0.5380434782608696,0.38949275362318836,0.532608695652174,0.5954631379962192
0.5494,0.5242123503465658,0.03188901230713854,0.5561594202898551,0.5380434782608696,0.38949275362318836,0.536231884057971,0.6011342155009451
0.5496,0.5253308128544423,0.032601355605532026,0.5543478260869565,0.5434782608695652,0.3876811594202898,0.536231884057971,0.6049149338374291
0.5498,0.527882797731569,0.03234476564648999,0.5561594202898551,0.5471014492753623,0.3913043478260869,0.5380434782608696,0.6068052930056711
0.55,0.5307971014492754,0.03100314705113248,0.552536231884058,0.5471014492753623,0.4003623188405797,0.5452898550724639,0.6086956521739131
0.5502,0.5333648393194708,0.03089028668054545,0.5507246376811593,0.552536231884058,0.40398550724637683,0.5471014492753623,0.6124763705103969
0.5504,0.535586011342155,0.03127081734182293,0.5471014492753622,0.556159420289855,0.4057971014492754,0.5507246376811594,0.6181474480151228
0.5506,0.5362948960302457,0.030519483036842144,0.5471014492753622,0.5579710144927537,0.4094202898550724,0.5507246376811594,0.6162570888468808
0.5508,0.535932577189666,0.02979000866679078,0.5471014492753623,0.5543478260869565,0.4130434782608695,0.5489130434782609,0.6162570888468809
0.551,0.5373503465658476,0.028745395988419638,0.5398550724637681,0.5615942028985508,0.4184782608695652,0.5543478260869565,0.6124763705103969
0.5512,0.5392091997479521,0.02917534611248936,0.5398550724637681,0.5670289855072465,0.42028985507246375,0.5507246376811594,0.6181474480151228
0.5514,0.5414146187775677,0.029259974185003347,0.536231884057971,0.572463768115942,0.42391304347826086,0.552536231884058,0.6219281663516067
0.5516,0.5421707624448645,0.030246063391011546,0.532608695652174,0.5778985507246376,0.4221014492753623,0.552536231884058,0.6257088846880907
0.5518,0.541792690611216,0.03002528413231684,0.5253623188405797,0.5797101449275363,0.42391304347826086,0.5561594202898551,0.6238185255198487
0.552,0.5440138626339005,0.030777376897849762,0.5217391304347826,0.5851449275362318,0.4257246376811594,0.5579710144927537,0.6294896030245747
0.5522,0.5472904851921865,0.029617693220496545,0.5181159420289855,0.5851449275362318,0.43659420289855067,0.5652173913043478,0.6313799621928166
0.5524,0.5487397605545052,0.028936060602262975,0.5217391304347826,0.5851449275362318,0.44021739130434784,0.5652173913043478,0.6313799621928166
0.5526,0.5505513547574039,0.028861008687808616,0.519927536231884,0.5923913043478262,0.4438405797101449,0.5652173913043479,0.6313799621928166
0.5528,0.5487397605545052,0.029125979783106257,0.5090579710144927,0.5923913043478262,0.44565217391304346,0.5652173913043479,0.6313799621928166
0.553,0.5491178323881537,0.029341687442981552,0.5090579710144927,0.592391304347826,0.44565217391304346,0.5652173913043479,0.6332703213610587
0.5532,0.5513074984247007,0.02913199606921896,0.5090579710144927,0.5905797101449275,0.4492753623188406,0.5724637681159421,0.6351606805293005
0.5534,0.5509136735979836,0.02793412660382775,0.5108695652173914,0.5887681159420289,0.4528985507246377,0.5706521739130435,0.6313799621928166
0.5536,0.5516225582860743,0.02761746887132578,0.5144927536231884,0.5905797101449275,0.4528985507246377,0.5706521739130435,0.6294896030245747
0.5538,0.5523156899810965,0.02628843133668054,0.519927536231884,0.5887681159420289,0.4565217391304348,0.5706521739130435,0.6257088846880907
0.554,0.5519376181474479,0.02685245975494586,0.5163043478260869,0.5942028985507246,0.45471014492753625,0.5706521739130435,0.6238185255198487
0.5542,0.5541115311909263,0.02619109322345618,0.519927536231884,0.592391304347826,0.45833333333333337,0.5760869565217391,0.6238185255198487
0.5544,0.5555608065532451,0.026583721668180238,0.519927536231884,0.5978260869565217,0.45833333333333326,0.5778985507246377,0.6238185255198487
0.5546,0.5566477630749842,0.025702932224774492,0.5235507246376812,0.5942028985507246,0.46195652173913043,0.5797101449275363,0.6238185255198487
0.5548,0.5581127914303717,0.026230180045676014,0.5235507246376812,0.5996376811594203,0.46195652173913043,0.5797101449275363,0.6257088846880907
0.555,0.561027095148078,0.02603407331675761,0.5289855072463768,0.5978260869565217,0.46376811594202905,0.5869565217391304,0.6275992438563327
0.5552,0.5635790800252047,0.025967464277029624,0.5307971014492754,0.605072463768116,0.4673913043478261,0.5851449275362319,0.6294896030245747
0.5554,0.5657687460617519,0.025768930767292874,0.532608695652174,0.608695652173913,0.4710144927536232,0.5851449275362319,0.6313799621928167
0.5556,0.5664933837429112,0.026412911521834358,0.532608695652174,0.6141304347826086,0.46920289855072467,0.5851449275362319,0.6313799621928167
0.5558,0.5672180214240706,0.02708618570725981,0.532608695652174,0.6195652173913044,0.4673913043478261,0.5851449275362319,0.6313799621928167
0.556,0.5649810964083176,0.027781366885726792,0.5271739130434783,0.6268115942028986,0.46376811594202905,0.5833333333333333,0.6238185255198487
0.5562,0.5649653434152488,0.027497745335450595,0.519927536231884,0.6286231884057971,0.4692028985507246,0.5851449275362319,0.6219281663516069
0.5564,0.5634688090737241,0.025414313042757885,0.519927536231884,0.6231884057971014,0.47644927536231885,0.5815217391304348,0.6162570888468809
0.5566,0.5652488972904852,0.024225364335431248,0.5217391304347827,0.625,0.4836956521739131,0.5833333333333333,0.6124763705103969
0.5568,0.5648708254568368,0.023606380214019645,0.5235507246376812,0.625,0.4855072463768116,0.5797101449275363,0.610586011342155
0.557,0.5659420289855073,0.023400299978150324,0.5217391304347826,0.6268115942028984,0.4891304347826087,0.5833333333333334,0.608695652173913
0.5572,0.5670132325141777,0.02237033065363509,0.5271739130434783,0.6231884057971014,0.49094202898550726,0.5869565217391304,0.6068052930056711
0.5574,0.564067422810334,0.021508617783162935,0.5271739130434783,0.6159420289855072,0.48913043478260865,0.5869565217391304,0.6011342155009451
0.5576,0.5632955261499685,0.020924085827570254,0.5289855072463767,0.6141304347826086,0.4891304347826087,0.5887681159420289,0.5954631379962193
0.5578,0.5610428481411468,0.020807956750342204,0.5235507246376812,0.6086956521739131,0.4891304347826087,0.5978260869565217,0.5860113421550094
0.558,0.5599401386263391,0.021585981001400908,0.5235507246376812,0.6068840579710144,0.483695652173913,0.6014492753623188,0.5841209829867675
0.5582,0.5580970384373031,0.02195079507658839,0.5253623188405797,0.6068840579710144,0.4782608695652174,0.5996376811594203,0.5803402646502835
0.5584,0.5584278512917454,0.02258606112725398,0.5289855072463768,0.6032608695652173,0.4746376811594203,0.608695652173913,0.5765595463137996
0.5586,0.5511027095148078,0.02283921502419635,0.5235507246376812,0.5996376811594202,0.4655797101449275,0.5996376811594203,0.5671077504725898
0.5588,0.5471014492753623,0.022428677594988643,0.5181159420289855,0.5905797101449275,0.46376811594202894,0.5978260869565217,0.5652173913043478
0.559,0.5456049149338373,0.022100792423053767,0.5181159420289855,0.5905797101449275,0.46376811594202894,0.5960144927536232,0.5595463137996219
0.5592,0.5452425960932576,0.02277693884711359,0.5217391304347826,0.5887681159420289,0.4583333333333333,0.5978260869565217,0.5595463137996219
0.5594,0.5419187145557656,0.022723324200711093,0.5217391304347826,0.5851449275362318,0.4547101449275362,0.5960144927536233,0.5519848771266541
0.5596,0.5385948330182734,0.02314290006282539,0.5217391304347826,0.5833333333333333,0.4492753623188406,0.5942028985507246,0.5444234404536862
0.5598,0.5345463137996219,0.024133786919978913,0.5181159420289855,0.5833333333333333,0.44202898550724634,0.592391304347826,0.5368620037807184
0.56,0.5312381852551985,0.025104148872737292,0.5126811594202898,0.5833333333333333,0.43659420289855067,0.592391304347826,0.5311909262759924
0.5602,0.5301354757403907,0.025683820191645668,0.5054347826086956,0.5851449275362319,0.4365942028985508,0.5942028985507246,0.5293005671077504
0.5604,0.5282923755513548,0.02606915603509312,0.5090579710144928,0.5815217391304347,0.4311594202898551,0.5942028985507246,0.5255198487712666
0.5606,0.5271739130434783,0.026402082177154597,0.5090579710144927,0.5797101449275361,0.42934782608695654,0.5960144927536232,0.5217391304347826
0.5608,0.5227473219911782,0.025392509437272177,0.5054347826086956,0.572463768115942,0.4311594202898551,0.592391304347826,0.5122873345935728
0.561,0.5215973534971644,0.02621537927987147,0.5054347826086956,0.572463768115942,0.42934782608695654,0.5960144927536232,0.5047258979206048
0.5612,0.515705734089477,0.026537305286325797,0.5054347826086956,0.5670289855072463,0.4221014492753623,0.5905797101449275,0.4933837429111531
0.5614,0.5134845620667926,0.02712066507024511,0.5018115942028986,0.5652173913043479,0.42028985507246375,0.5923913043478259,0.48771266540642716
0.5616,0.5098298676748583,0.028440199075368794,0.4927536231884058,0.5597826086956521,0.41485507246376807,0.5978260869565217,0.48393194706994325
0.5618,0.5090579710144927,0.028450681781739984,0.4945652173913043,0.5634057971014492,0.41485507246376807,0.5942028985507247,0.4782608695652174
0.562,0.5054032766225582,0.02935221511931033,0.48731884057971014,0.5615942028985508,0.4094202898550724,0.5942028985507246,0.47448015122873344
0.5622,0.5021424070573408,0.02889353507936979,0.48550724637681153,0.5543478260869565,0.40579710144927533,0.5905797101449275,0.4744801512287335
0.5624,0.49922810333963463,0.029132377689186785,0.4782608695652174,0.5507246376811594,0.40398550724637683,0.5905797101449275,0.4725897920604915
0.5626,0.4959514807813485,0.02846365419142963,0.4746376811594203,0.5416666666666666,0.40398550724637683,0.588768115942029,0.47069943289224947
0.5628,0.49195022054190296,0.02939635473336029,0.46739130434782605,0.532608695652174,0.39855072463768115,0.5923913043478262,0.4688090737240075
0.563,0.4893352236925016,0.029579596055224883,0.46739130434782605,0.5344202898550725,0.39673913043478265,0.588768115942029,0.45935727788279773
0.5632,0.48451480781348455,0.029886559186277143,0.46557971014492755,0.5289855072463768,0.39492753623188404,0.5869565217391305,0.44612476370510395
0.5634,0.4823408947700063,0.030079699042112086,0.4655797101449276,0.519927536231884,0.391304347826087,0.588768115942029,0.44612476370510395
0.5636,0.48156899810964077,0.03020284679441415,0.4673913043478261,0.5163043478260869,0.3931159420289855,0.5905797101449275,0.440453686200378
0.5638,0.47793005671077504,0.030337609590420506,0.4655797101449275,0.5144927536231885,0.38586956521739135,0.5851449275362319,0.4385633270321361
0.564,0.47577189666036546,0.029435146011508567,0.4692028985507246,0.5036231884057971,0.3840579710144928,0.5815217391304348,0.44045368620037806
0.5642,0.4735979836168872,0.030366585105880823,0.46195652173913043,0.5,0.3804347826086957,0.5851449275362319,0.44045368620037806
0.5644,0.47035286704473844,0.030584942949923186,0.46376811594202894,0.48913043478260865,0.37318840579710144,0.5833333333333333,0.44234404536862
0.5646,0.46850976685570256,0.030731642053977624,0.4655797101449276,0.49275362318840576,0.36775362318840576,0.5778985507246377,0.4385633270321361
0.5648,0.46847826086956523,0.030264360673738475,0.47101449275362317,0.4873188405797101,0.3713768115942029,0.5778985507246377,0.43478260869565216
0.565,0.46701323251417765,0.030206259668295602,0.47101449275362317,0.4782608695652174,0.37318840579710144,0.5797101449275361,0.4328922495274102
0.5652,0.4626181474480151,0.03003090375699011,0.46739130434782605,0.47101449275362317,0.3713768115942029,0.576086956521739,0.4272211720226843
0.5654,0.4611373660995589,0.02921557756105965,0.47101449275362317,0.46376811594202894,0.375,0.572463768115942,0.4234404536862003
0.5656,0.4556395715185886,0.029022019207945608,0.46739130434782605,0.45108695652173914,0.375,0.568840579710145,0.4158790170132325
0.5658,0.45422180214240704,0.029202033304464834,0.4692028985507246,0.4402173913043478,0.37318840579710144,0.568840579710145,0.41965973534971646
0.566,0.45132325141776936,0.029459133179652153,0.46376811594202894,0.4329710144927536,0.3713768115942029,0.568840579710145,0.41965973534971646
0.5662,0.45022054190296157,0.030592020515460137,0.46195652173913043,0.4257246376811594,0.3713768115942029,0.5742753623188406,0.41776937618147447
0.5664,0.44946439823566475,0.030605431272182376,0.4583333333333333,0.4293478260869565,0.3713768115942029,0.5742753623188406,0.4139886578449905
0.5666,0.44834593572778825,0.03023298899969126,0.4583333333333333,0.42572463768115937,0.37499999999999994,0.5724637681159421,0.41020793950850665
0.5668,0.4494328922495274,0.02960617366453607,0.4601449275362318,0.42028985507246375,0.38405797101449274,0.572463768115942,0.41020793950850665
0.567,0.44833018273471953,0.02967431575103989,0.45833333333333326,0.41666666666666663,0.3858695652173913,0.572463768115942,0.40831758034026466
0.5672,0.4445967233774417,0.030693433429168835,0.45833333333333337,0.41123188405797106,0.3858695652173913,0.572463768115942,0.3950850661625709
0.5674,0.4412728418399496,0.03090635751236876,0.45471014492753625,0.40398550724637683,0.3894927536231884,0.5706521739130435,0.38752362948960306
0.5676,0.4387208569628229,0.03122345754101018,0.4547101449275362,0.3967391304347826,0.3876811594202898,0.568840579710145,0.3856332703213611
0.5678,0.4384057971014492,0.030606829104265033,0.4565217391304348,0.3913043478260869,0.3876811594202898,0.5652173913043478,0.391304347826087
0.568,0.44021739130434784,0.031020079410150714,0.4583333333333333,0.38949275362318836,0.3931159420289855,0.5688405797101449,0.3913043478260869
0.5682,0.43979206049149333,0.03146450167386074,0.45652173913043476,0.3913043478260869,0.3967391304347826,0.5706521739130435,0.3837429111531191
0.5684,0.437224322621298,0.03132253617111291,0.4547101449275362,0.3876811594202898,0.3967391304347826,0.5670289855072463,0.3799621928166352
0.5686,0.436877756773787,0.03111297566991127,0.45108695652173914,0.3876811594202898,0.3967391304347826,0.5670289855072463,0.3818525519848771
0.5688,0.43434152488972905,0.031476645127768946,0.45108695652173914,0.3804347826086957,0.3931159420289855,0.5652173913043478,0.3818525519848771
0.569,0.4332230623818525,0.032707693345725014,0.45652173913043476,0.3768115942028985,0.38768115942028986,0.5670289855072463,0.37807183364839314
0.5692,0.4329395085066162,0.03206543002311447,0.45289855072463764,0.375,0.38405797101449274,0.5652173913043478,0.38752362948960306
0.5694,0.436578449905482,0.03246397511792778,0.45652173913043476,0.3786231884057971,0.38768115942028986,0.5706521739130435,0.389413988657845
0.5696,0.4384057971014492,0.03219137142208866,0.4601449275362318,0.3822463768115942,0.38768115942028986,0.5706521739130435,0.3913043478260869
0.5698,0.4387681159420289,0.032826966747655985,0.46376811594202894,0.3822463768115942,0.38405797101449274,0.572463768115942,0.3913043478260869
0.57,0.4391461877756774,0.03213217200430326,0.4619565217391304,0.3876811594202899,0.3822463768115942,0.5706521739130435,0.3931947069943289
0.5702,0.44256458727158166,0.030547863621893406,0.4619565217391304,0.3931159420289856,0.37862318840579706,0.5670289855072463,0.41209829867674863
0.5704,0.443336483931947,0.030661942321044123,0.46376811594202894,0.3913043478260869,0.3768115942028985,0.5670289855072463,0.41776937618147447
0.5706,0.442989918084436,0.030096598495378303,0.4601449275362318,0.3931159420289855,0.3768115942028985,0.5652173913043478,0.4196597353497164
0.5708,0.444833018273472,0.028729180511949722,0.46376811594202894,0.4003623188405797,0.37681159420289856,0.5597826086956522,0.4234404536862004
0.571,0.44669187145557643,0.029563347923303108,0.46376811594202894,0.3985507246376811,0.37681159420289856,0.5652173913043478,0.4291115311909263
0.5712,0.4485822306238186,0.02892255876648812,0.463768115942029,0.39855072463768115,0.3786231884057971,0.5634057971014493,0.43856332703213613
0.5714,0.4493383742911153,0.02871850048381807,0.4619565217391305,0.40036231884057966,0.3786231884057971,0.5634057971014493,0.44234404536862004
0.5716,0.4508349086326402,0.027895676611566216,0.46376811594202894,0.4039855072463768,0.37862318840579706,0.5597826086956522,0.448015122873346
0.5718,0.4552772526780088,0.027174131301462245,0.46920289855072467,0.40942028985507245,0.3804347826086956,0.5579710144927537,0.4593572778827978
0.572,0.4567895400126023,0.02672289567288153,0.47282608695652173,0.4076086956521739,0.3822463768115941,0.5543478260869565,0.4669187145557656
0.5722,0.45819155639571524,0.026910699322246157,0.47644927536231885,0.4130434782608695,0.38224637681159424,0.5579710144927537,0.4612476370510397
0.5724,0.46255513547574034,0.026715651377990767,0.4836956521739131,0.42391304347826086,0.3822463768115942,0.5597826086956522,0.46313799621928164
0.5726,0.4637051039697543,0.02582048100991289,0.48550724637681164,0.4239130434782608,0.3840579710144927,0.5543478260869565,0.4706994328922495
0.5728,0.4622085696282293,0.02499154039264932,0.4836956521739131,0.4275362318840579,0.38405797101449274,0.5507246376811594,0.46502835538752363
0.573,0.466997479521109,0.025128517633185955,0.4873188405797102,0.4384057971014492,0.3822463768115942,0.552536231884058,0.4744801512287335
0.5732,0.4681001890359169,0.02531777017215667,0.4873188405797102,0.44021739130434784,0.3822463768115942,0.5543478260869565,0.4763705103969754
0.5734,0.46515437933207304,0.024374422459131666,0.48550724637681153,0.43659420289855067,0.38405797101449274,0.5489130434782609,0.4706994328922496
0.5736,0.46770636420919975,0.023852809448002627,0.4909420289855072,0.4420289855072464,0.3858695652173913,0.5471014492753623,0.4725897920604915
0.5738,0.47175488342785127,0.023663613251999775,0.49275362318840576,0.44384057971014496,0.3913043478260869,0.5507246376811594,0.4801512287334594
0.574,0.47180214240705737,0.023879718970519374,0.49818840579710144,0.4420289855072464,0.3876811594202898,0.5452898550724637,0.48582230623818523
0.5742,0.4743226212980466,0.023459047124236538,0.5018115942028986,0.4474637681159421,0.3913043478260869,0.5471014492753623,0.48393194706994325
0.5744,0.47577189666036546,0.02376535817299319,0.49818840579710144,0.4528985507246377,0.391304347826087,0.552536231884058,0.48393194706994325
0.5746,0.477236925015753,0.023860350917560398,0.5072463768115942,0.4583333333333333,0.38768115942028986,0.5471014492753623,0.48582230623818523
0.5748,0.47939508506616263,0.02418010647281716,0.5126811594202898,0.46376811594202894,0.38768115942028986,0.5489130434782609,0.4839319470699433
0.575,0.47937933207309386,0.023451433745596176,0.5163043478260869,0.4655797101449275,0.3894927536231884,0.5434782608695652,0.4820415879017013
0.5752,0.4837429111531192,0.022874958065396477,0.519927536231884,0.46739130434782605,0.3985507246376812,0.5489130434782609,0.48393194706994325
0.5754,0.48775992438563326,0.022130388664205605,0.5235507246376812,0.47101449275362317,0.40579710144927533,0.5507246376811594,0.4877126654064272
0.5756,0.4913988657844991,0.0226448647981378,0.5307971014492753,0.47463768115942023,0.4076086956521739,0.5543478260869565,0.4896030245746692
0.5758,0.49283238815374925,0.021993480216721744,0.5380434782608696,0.48188405797101447,0.4094202898550725,0.5471014492753623,0.4877126654064272
0.576,0.49651858853182107,0.020345872099042626,0.5398550724637681,0.4891304347826087,0.41666666666666663,0.5416666666666667,0.4952741020793951
0.5762,0.4998424700693132,0.02128885151410173,0.5380434782608695,0.49275362318840576,0.41485507246376807,0.5507246376811594,0.502835538752363
0.5764,0.5024259609325771,0.021590928399636007,0.5398550724637681,0.4963768115942029,0.41485507246376807,0.552536231884058,0.5085066162570888
0.5766,0.5082388153749212,0.022052464150650167,0.552536231884058,0.5054347826086957,0.4184782608695652,0.5543478260869565,0.5103969754253308
0.5768,0.5103969754253308,0.022379930799466097,0.552536231884058,0.5090579710144928,0.42028985507246375,0.5615942028985508,0.5085066162570888
0.577,0.5118620037807183,0.02270663327843204,0.552536231884058,0.5108695652173914,0.42028985507246375,0.5652173913043478,0.5103969754253308
0.5772,0.5144297416509137,0.02200329892049023,0.5507246376811594,0.5181159420289856,0.4239130434782608,0.5652173913043479,0.5141776937618148
0.5774,0.5173755513547573,0.021462857324534044,0.5507246376811594,0.5235507246376812,0.427536231884058,0.5652173913043479,0.5198487712665406
0.5776,0.5210144927536232,0.020760585019675353,0.5579710144927537,0.5253623188405797,0.4347826086956521,0.5652173913043478,0.5217391304347827
0.5778,0.5217706364209199,0.019746722092567934,0.5597826086956522,0.5271739130434783,0.4384057971014492,0.5579710144927537,0.5255198487712666
0.578,0.5240075614366729,0.019902351642306002,0.5615942028985508,0.5307971014492754,0.4384057971014492,0.5561594202898551,0.5330812854442344
0.5782,0.5251260239445494,0.020766938403600985,0.5652173913043479,0.536231884057971,0.4347826086956522,0.552536231884058,0.5368620037807184
0.5784,0.5247637051039697,0.020172242456385048,0.5634057971014492,0.5380434782608695,0.4365942028985508,0.5489130434782609,0.5368620037807184
0.5786,0.5266068052930055,0.02171431558152088,0.5670289855072463,0.5452898550724637,0.4311594202898551,0.5489130434782609,0.5406427221172023
0.5788,0.5269691241335854,0.02172466940004391,0.5652173913043479,0.5471014492753623,0.4311594202898551,0.5507246376811594,0.5406427221172023
0.579,0.5287964713295527,0.02092017170669773,0.5652173913043478,0.5452898550724637,0.43659420289855067,0.5543478260869565,0.5425330812854442
0.5792,0.5302457466918715,0.02122429232472058,0.5652173913043479,0.5489130434782609,0.43659420289855067,0.5579710144927537,0.5425330812854442
0.5794,0.5317265280403276,0.019812072874464546,0.5615942028985508,0.5489130434782609,0.4438405797101449,0.5579710144927537,0.5463137996219282
0.5796,0.5317422810333963,0.02018595932542478,0.5597826086956521,0.5489130434782609,0.44202898550724634,0.5597826086956521,0.5482041587901701
0.5798,0.5332230623818526,0.02004517951588312,0.5561594202898551,0.552536231884058,0.4438405797101449,0.5615942028985507,0.551984877126654
0.58,0.5361216131064902,0.019945959340293733,0.5561594202898551,0.5579710144927535,0.447463768115942,0.5670289855072463,0.551984877126654
0.5802,0.5357750472589793,0.020204052217432208,0.5561594202898551,0.5597826086956522,0.44565217391304346,0.5634057971014492,0.553875236294896
0.5804,0.5357750472589791,0.019988486181223213,0.5471014492753623,0.5652173913043478,0.447463768115942,0.5652173913043478,0.553875236294896
0.5806,0.5350819155639572,0.019181836918213388,0.5398550724637681,0.5652173913043478,0.45108695652173914,0.5615942028985508,0.55765595463138
0.5808,0.5339949590422182,0.018862281579500494,0.5398550724637681,0.5597826086956522,0.45108695652173914,0.5615942028985508,0.55765595463138
0.581,0.5347511027095149,0.018511025711660207,0.5344202898550725,0.5634057971014492,0.45471014492753614,0.5597826086956522,0.5614366729678639
0.5812,0.5366099558916194,0.017750895907987282,0.5362318840579711,0.556159420289855,0.4601449275362318,0.5634057971014493,0.5671077504725898
0.5814,0.5385003150598614,0.018151076857477345,0.5344202898550725,0.5579710144927537,0.4619565217391304,0.5615942028985508,0.5765595463137996
0.5816,0.5378071833648393,0.01809794728319734,0.5289855072463768,0.5597826086956521,0.463768115942029,0.5561594202898551,0.5803402646502835
0.5818,0.5382010081915565,0.01825270967031444,0.5253623188405797,0.5579710144927537,0.46557971014492755,0.5579710144927537,0.5841209829867674
0.582,0.5386105860113422,0.019207962360487694,0.5235507246376812,0.5543478260869565,0.463768115942029,0.5615942028985508,0.5897920604914934
0.5822,0.5390044108380592,0.019288668721829893,0.5235507246376812,0.5489130434782609,0.46557971014492755,0.5634057971014492,0.5935727788279773
0.5824,0.5368147448015124,0.020365331502555567,0.5163043478260869,0.5489130434782609,0.46014492753623193,0.5670289855072463,0.5916824196597353
0.5826,0.534640831758034,0.020572677976536783,0.5144927536231884,0.5416666666666666,0.4583333333333333,0.5670289855072463,0.5916824196597353
0.5828,0.5354127284183995,0.020741943899951265,0.5126811594202898,0.5380434782608696,0.46195652173913043,0.5670289855072463,0.5973534971644613
0.583,0.5368935097668557,0.021154089026800067,0.5163043478260869,0.5434782608695652,0.46014492753623193,0.5634057971014492,0.6011342155009451
0.5832,0.5329237555135476,0.02189165056723247,0.5054347826086957,0.5380434782608695,0.45833333333333337,0.5597826086956521,0.6030245746691871
0.5834,0.5281978575929427,0.02195297007758649,0.49818840579710144,0.5307971014492754,0.4565217391304348,0.5543478260869565,0.601134215500945
0.5836,0.5270793950850662,0.021366696870911656,0.49818840579710144,0.5307971014492754,0.4565217391304348,0.552536231884058,0.5973534971644613
0.5838,0.5256143667296787,0.022096271402186885,0.4927536231884058,0.5307971014492753,0.4528985507246377,0.5561594202898551,0.5954631379962193
0.584,0.5263862633900441,0.023111353517028508,0.4891304347826087,0.5253623188405797,0.45471014492753625,0.5615942028985507,0.6011342155009451
0.5842,0.5241965973534972,0.02357343066695397,0.4873188405797101,0.519927536231884,0.45108695652173914,0.5634057971014492,0.5992438563327032
0.5844,0.5215658475110272,0.021711309741745507,0.48550724637681164,0.5181159420289855,0.45471014492753625,0.5615942028985508,0.5879017013232514
0.5846,0.5219439193446755,0.021502582796938653,0.483695652173913,0.5181159420289855,0.45833333333333337,0.5597826086956522,0.5897920604914934
0.5848,0.5182892249527409,0.021525442183483973,0.47101449275362317,0.5144927536231884,0.4619565217391304,0.5579710144927535,0.5860113421550094
0.585,0.5160995589161941,0.021567252461942004,0.47101449275362317,0.5108695652173912,0.45833333333333326,0.5561594202898551,0.5841209829867674
0.5852,0.5160838059231254,0.021911313679163574,0.46739130434782605,0.5126811594202898,0.45833333333333337,0.5597826086956522,0.5822306238185254
0.5854,0.516005040957782,0.020799993393683422,0.47101449275362317,0.5108695652173914,0.4601449275362318,0.5652173913043479,0.5727788279773157
0.5856,0.5141934467548833,0.020970794760992152,0.4655797101449275,0.5072463768115941,0.4619565217391304,0.5634057971014493,0.5727788279773157
0.5858,0.5115942028985506,0.020880381657533253,0.46195652173913043,0.5054347826086956,0.4601449275362318,0.5652173913043478,0.5652173913043478
0.586,0.5094202898550725,0.021240661983259457,0.4565217391304347,0.4963768115942029,0.46376811594202894,0.5652173913043479,0.5652173913043479
0.5862,0.5053875236294896,0.022679502658703343,0.44565217391304346,0.4945652173913044,0.4583333333333333,0.568840579710145,0.5595463137996219
0.5864,0.5039382482671708,0.02230771776053397,0.4438405797101449,0.4891304347826087,0.46195652173913043,0.5652173913043479,0.5595463137996218
0.5866,0.5061436672967863,0.02309325384186193,0.44565217391304346,0.48913043478260865,0.46195652173913043,0.5706521739130435,0.5633270321361059
0.5868,0.5043005671077505,0.023717998487520785,0.4384057971014492,0.48913043478260865,0.46195652173913043,0.572463768115942,0.5595463137996219
0.587,0.5050409577819786,0.024102728039012564,0.4384057971014493,0.48913043478260865,0.46195652173913043,0.5742753623188406,0.5614366729678639
0.5872,0.5047101449275362,0.024302926163773435,0.4384057971014493,0.483695652173913,0.463768115942029,0.5724637681159421,0.5652173913043478
0.5874,0.5039540012602395,0.024357086140140583,0.44202898550724634,0.4800724637681159,0.4601449275362318,0.5760869565217391,0.5614366729678638
0.5876,0.5024102079395085,0.02366136895942062,0.44565217391304346,0.4782608695652174,0.45833333333333326,0.5797101449275363,0.5500945179584121
0.5878,0.49872400756143664,0.023148029284049007,0.44202898550724634,0.47644927536231885,0.45652173913043476,0.576086956521739,0.5425330812854442
0.588,0.49538437303087585,0.022222885287274525,0.4402173913043478,0.47463768115942023,0.45652173913043476,0.572463768115942,0.5330812854442344
0.5882,0.4909892879647133,0.020652908078389536,0.4384057971014493,0.47101449275362317,0.45652173913043476,0.5615942028985508,0.5274102079395084
0.5884,0.4902804032766226,0.021915551275037613,0.43478260869565216,0.4673913043478261,0.45471014492753625,0.5652173913043479,0.5293005671077504
0.5886,0.48660995589161943,0.023049218320868457,0.42391304347826086,0.4619565217391305,0.45652173913043476,0.5670289855072465,0.5236294896030246
0.5888,0.4847668557025835,0.02330562130305167,0.42028985507246375,0.46195652173913043,0.45471014492753625,0.5670289855072465,0.5198487712665406
0.589,0.48037177063642095,0.02396865806176895,0.41666666666666663,0.4565217391304348,0.447463768115942,0.5670289855072465,0.5141776937618148
0.5892,0.478528670447385,0.023790770745416866,0.41485507246376807,0.4565217391304348,0.44565217391304346,0.5652173913043478,0.5103969754253308
0.5894,0.47815059861373665,0.022868393839030225,0.41666666666666663,0.4565217391304348,0.447463768115942,0.5615942028985508,0.5085066162570888
0.5896,0.47632325141776927,0.0228412380686841,0.41485507246376807,0.4528985507246377,0.447463768115942,0.5597826086956521,0.5066162570888468
0.5898,0.4708727158160051,0.023456480688763624,0.4057971014492754,0.4492753623188406,0.4402173913043478,0.5543478260869565,0.504725897920605
0.59,0.46687145557655957,0.024614721856030537,0.39855072463768115,0.44202898550724634,0.4365942028985507,0.5543478260869565,0.502835538752363
0.5902,0.4658002520478891,0.025665531264292107,0.39492753623188404,0.44202898550724634,0.4311594202898551,0.556159420289855,0.504725897920605
0.5904,0.46216131064902327,0.02626530505144797,0.38949275362318836,0.4329710144927536,0.4311594202898551,0.5543478260869565,0.502835538752363
0.5906,0.4610743541272842,0.02714008377999956,0.3913043478260869,0.43115942028985504,0.42210144927536236,0.5579710144927537,0.502835538752363
0.5908,0.4614366729678639,0.027647509034050596,0.3931159420289855,0.427536231884058,0.4221014492753623,0.5615942028985507,0.502835538752363
0.591,0.4600031505986138,0.028759438324274272,0.3894927536231884,0.4221014492753623,0.42028985507246375,0.5634057971014493,0.5047258979206048
0.5912,0.45672652804032765,0.029086139727084414,0.38949275362318836,0.41485507246376807,0.41485507246376807,0.5615942028985508,0.5028355387523629
0.5914,0.45745116572148714,0.029047181379430704,0.3858695652173913,0.4221014492753623,0.41485507246376807,0.5615942028985508,0.502835538752363
0.5916,0.4570730938878388,0.028953452728625453,0.3858695652173913,0.42391304347826086,0.41304347826086957,0.5615942028985508,0.5009451795841211
0.5918,0.45489918084436043,0.029261154730419858,0.37681159420289856,0.42391304347826086,0.41485507246376807,0.5579710144927537,0.500945179584121
0.592,0.45270951480781346,0.029001552023454936,0.375,0.4221014492753623,0.4130434782608695,0.5543478260869565,0.499054820415879
0.5922,0.45050409577819783,0.028317525306390267,0.37681159420289856,0.4184782608695652,0.41123188405797095,0.5507246376811594,0.4952741020793951
0.5924,0.4501102709514807,0.027538688448342234,0.3786231884057971,0.4184782608695652,0.4130434782608695,0.5489130434782609,0.4914933837429112
0.5926,0.4493856332703213,0.028261041670972133,0.375,0.41666666666666663,0.4130434782608695,0.5507246376811594,0.4914933837429112
0.5928,0.44719596723377436,0.027657434418412084,0.37318840579710144,0.41666666666666663,0.411231884057971,0.5452898550724637,0.4896030245746692
0.593,0.44762129804662887,0.02845444086604667,0.37318840579710144,0.41666666666666663,0.40579710144927533,0.5452898550724637,0.497164461247637
0.5932,0.4472747321991178,0.027674037563168264,0.3768115942028985,0.42028985507246375,0.4003623188405797,0.5398550724637681,0.49905482041587906
0.5934,0.44617202268431005,0.02721765836794854,0.3822463768115942,0.4184782608695653,0.3949275362318841,0.5380434782608695,0.4971644612476371
0.5936,0.44287964713295525,0.027071053603116662,0.3786231884057971,0.41485507246376807,0.3931159420289855,0.5344202898550725,0.4933837429111531
0.5938,0.4406742281033396,0.027308452093528696,0.37681159420289856,0.4130434782608696,0.38949275362318836,0.5344202898550725,0.48960302457466914
0.594,0.4392091997479521,0.02791690301834196,0.37681159420289856,0.41123188405797106,0.38405797101449274,0.536231884057971,0.4877126654064272
0.5942,0.436184625078765,0.027805566967245288,0.37681159420289856,0.41123188405797095,0.3804347826086956,0.5398550724637682,0.47258979206049145
0.5944,0.43690926275992437,0.028766492290714905,0.37681159420289856,0.41123188405797095,0.3786231884057971,0.5452898550724637,0.47258979206049145
0.5946,0.43582230623818524,0.02906667049529314,0.3804347826086957,0.40760869565217384,0.37318840579710144,0.5452898550724639,0.47258979206049145
0.5948,0.4318210459987397,0.02952778772603866,0.37318840579710144,0.4057971014492754,0.36775362318840576,0.5416666666666666,0.47069943289224947
0.595,0.42997794580970383,0.029113184867256184,0.37318840579710144,0.4003623188405797,0.3695652173913043,0.5398550724637681,0.4669187145557656
0.5952,0.42887523629489605,0.029396047451914258,0.37137681159420294,0.40217391304347827,0.36594202898550726,0.5398550724637681,0.46502835538752363
0.5954,0.4281663516068052,0.029785131767326598,0.3713768115942029,0.39855072463768115,0.3641304347826087,0.5398550724637681,0.4669187145557655
0.5956,0.42780403276622553,0.029250331280652256,0.3695652173913044,0.40217391304347827,0.36413043478260865,0.536231884057971,0.46691871455576556
0.5958,0.4292533081285444,0.029584166279098306,0.3713768115942029,0.40398550724637683,0.36413043478260865,0.5398550724637682,0.46691871455576556
0.596,0.42885948330182727,0.028834616911110625,0.37318840579710144,0.411231884057971,0.3605072463768116,0.536231884057971,0.46313799621928164
0.5962,0.43109640831758034,0.028754450498623272,0.3713768115942029,0.40942028985507245,0.36775362318840576,0.536231884057971,0.4706994328922495
0.5964,0.42815059861373655,0.027864968899350855,0.3713768115942029,0.4076086956521739,0.3659420289855072,0.5307971014492754,0.4650283553875236
0.5966,0.4288909892879646,0.02832998231781774,0.3695652173913043,0.40942028985507245,0.3659420289855072,0.532608695652174,0.46691871455576556
0.5968,0.4285286704473849,0.02871268622510958,0.3659420289855072,0.4130434782608695,0.36413043478260865,0.532608695652174,0.46691871455576556
0.597,0.42780403276622553,0.02988082936639792,0.36231884057971014,0.41304347826086957,0.36050724637681153,0.5362318840579711,0.46691871455576556
0.5972,0.4278197857592943,0.030046096271188233,0.3659420289855072,0.41123188405797095,0.35688405797101447,0.5362318840579711,0.4688090737240075
0.5974,0.4289540012602394,0.030075570470865304,0.3659420289855072,0.4130434782608695,0.35688405797101447,0.5344202898550725,0.47448015122873344
0.5976,0.42964713295526147,0.02977831909985828,0.3695652173913043,0.41485507246376807,0.35688405797101447,0.5362318840579711,0.4706994328922495
0.5978,0.42707939508506615,0.02955347484920729,0.36594202898550726,0.4094202898550725,0.358695652173913,0.5344202898550725,0.46691871455576556
0.598,0.4259924385633271,0.029848913265950405,0.3605072463768116,0.4130434782608696,0.35688405797101447,0.532608695652174,0.4669187145557656
0.5982,0.42597668557025836,0.029007248496738795,0.3605072463768116,0.41666666666666674,0.358695652173913,0.5289855072463768,0.46502835538752363
0.5984,0.425346565847511,0.029799153824893666,0.3550724637681159,0.41666666666666663,0.35507246376811596,0.5235507246376812,0.4763705103969754
0.5986,0.42427536231884055,0.030728397363625422,0.35144927536231885,0.4130434782608695,0.3532608695652174,0.5253623188405797,0.4782608695652174
0.5988,0.42569313169502204,0.029330622970495414,0.3568840579710145,0.41666666666666663,0.3568840579710145,0.5235507246376812,0.47448015122873344
0.599,0.42748897290485194,0.028670140978995166,0.35507246376811596,0.4221014492753623,0.3641304347826087,0.5235507246376812,0.4725897920604915
0.5992,0.4293320730938879,0.02951451286378447,0.3586956521739131,0.4257246376811594,0.3586956521739131,0.5271739130434783,0.4763705103969754
0.5994,0.43156899810964083,0.02995289362907896,0.358695652173913,0.43297101449275366,0.3568840579710145,0.5253623188405797,0.4839319470699433
0.5996,0.43010396975425336,0.030157858417971847,0.358695652173913,0.4347826086956521,0.35144927536231885,0.5235507246376812,0.4820415879017013
0.5998,0.42974165091367356,0.029727404726743945,0.3550724637681159,0.43297101449275366,0.35688405797101447,0.5217391304347826,0.4820415879017013
0.6,0.43336483931947073,0.03032127496044945,0.3550724637681159,0.4438405797101449,0.358695652173913,0.5271739130434783,0.4820415879017013
