time,mean_auc,sem_auc,sub-102,sub-104,sub-105,sub-106,sub-107
-0.1,0.4864077513609869,0.045009169807016323,0.42276307498424703,0.3587271581600504,0.592643352236925,0.44124133585381226,0.6166638355698998
-0.0998,0.48704816792717376,0.0446297058513542,0.4223692501575299,0.3606017643352237,0.592296786389414,0.44379332073093886,0.6161797180227622
-0.0996,0.48810136964073114,0.04457062229281,0.4215973534971645,0.36172022684310023,0.5941713925645873,0.44710144927536233,0.6159164260234414
-0.0994,0.4885279538427403,0.04435328655493879,0.4204473850031506,0.36430371770636427,0.5952898550724638,0.4474637681159421,0.6151350433157805
-0.0992,0.4897223908927952,0.043799255840348696,0.4219439193446755,0.3672337744171393,0.5941871455576561,0.449653434152489,0.6155936809920164
-0.099,0.49030705518947537,0.043331139083196024,0.4238500315059861,0.3690926275992438,0.5934782608695651,0.45004725897920606,0.6150670969933751
-0.0988,0.4909434846723137,0.042998019428953434,0.42603969754253307,0.3694549464398236,0.5913043478260869,0.4518746061751733,0.6160438253779514
-0.0986,0.49162631952389624,0.043023177989930446,0.4223062381852552,0.37355072463768113,0.593494013862634,0.45225267800882163,0.6165279429250891
-0.0984,0.4921716850934139,0.043058646366561946,0.4230466288594833,0.3739603024574669,0.5934940138626338,0.45261499684940143,0.6177424834380838
-0.0982,0.49268534612539516,0.042460208869176765,0.42192816635160685,0.37906427221172023,0.5916666666666667,0.452583490863264,0.6181841345337185
-0.098,0.49299894548335177,0.04162906023496874,0.4241335853812225,0.38086011342155013,0.5883427851291746,0.4544423440453686,0.6172158994394428
-0.0978,0.49410202373647183,0.04142543903524253,0.42676433522369245,0.38160050409577817,0.5875866414618778,0.4559073724007562,0.6186512655002547
-0.0976,0.49441853553839915,0.04106503076496949,0.4282923755513548,0.38201008191556396,0.5857750472589791,0.4573724007561436,0.6186427722099541
-0.0974,0.49479375165704786,0.04014747805161127,0.4297889098928797,0.3853024574669187,0.582151858853182,0.4588216761184625,0.6179038559537965
-0.0972,0.49558426558834523,0.03978186886095022,0.43089161940768744,0.38679899180844357,0.5792060491493384,0.46140516698172657,0.6196195005945302
-0.097,0.4965604009946194,0.03920529094553049,0.431663516068053,0.3908002520478891,0.5788122243226212,0.4621613106490233,0.6193647018855104
-0.0968,0.49830927810885733,0.03807130680457985,0.4331285444234404,0.39699117832388153,0.576984877126654,0.46581600504095777,0.6186257856293528
-0.0966,0.4986722038423924,0.03752127836415247,0.432356647763075,0.4017485822306238,0.5747794580970385,0.46537492123503466,0.6191014098861899
-0.0964,0.4995251710191167,0.03746129747483253,0.4335223692501575,0.4010396975425331,0.5747794580970383,0.4686988027725268,0.6195855274333277
-0.0962,0.5001705106966756,0.03738592280850335,0.4335696282293636,0.40215816005040955,0.5733301827347196,0.4705103969754253,0.6212841854934602
-0.096,0.5013087700099403,0.03662153942486667,0.43396345305608064,0.4061594202898551,0.5726055450535601,0.4737712665406427,0.6200441651095634
-0.0958,0.5025801770350634,0.03601015346005501,0.4343730308758664,0.41124763705103967,0.5693131695022055,0.4759609325771896,0.6220061151690164
-0.0956,0.5017220796327045,0.034855501411708255,0.43552299936988026,0.4131064902331443,0.5656584751102709,0.4767328292375551,0.617589604212672
-0.0954,0.5033832987126056,0.034511800691814844,0.43747637051039695,0.41641461877756775,0.5671077504725898,0.47783553875236295,0.6180822150501104
-0.0952,0.5030453224876104,0.03375386800417838,0.43865784499054816,0.4189666036546944,0.5638626339004411,0.47712665406427224,0.6166128758280959
-0.095,0.5032380591670325,0.03342338618848392,0.43794896030245745,0.4222747321991179,0.5623660995589163,0.4767328292375551,0.6168676745371157
-0.0948,0.5033451709570359,0.0328758422105325,0.43798046628859477,0.4256143667296787,0.56088531821046,0.4763547574039067,0.6158909461525395
-0.0946,0.5041382681972356,0.03230239275185767,0.4387838689350976,0.42966288594833013,0.5601449275362318,0.47670132325141773,0.6153983353151011
-0.0944,0.5037622380713691,0.03186139733413994,0.43772841839949594,0.43221487082545684,0.5586483931947069,0.4763074984247006,0.6139120095124853
-0.0942,0.5033873168363344,0.03197541452893945,0.4355072463768116,0.4326086956521739,0.5582703213610586,0.4766383112791431,0.6139120095124853
-0.094,0.5038833956335175,0.031247356346436835,0.43660995589161944,0.4359168241965973,0.5575771896660365,0.47736294896030246,0.611950059453032
-0.0938,0.5034454538633446,0.030516510369405087,0.43772841839949594,0.4391304347826087,0.5534971644612476,0.4758979206049149,0.610973331068456
-0.0936,0.5037588150666581,0.03016520387911841,0.4396030245746692,0.43950850661625707,0.5516855702583492,0.4770321361058601,0.6109648377781551
-0.0934,0.5037049343180199,0.02901790067154541,0.4418241965973535,0.4442974165091368,0.5473219911783238,0.4763074984247007,0.6087735688805843
-0.0932,0.5040228413315295,0.028458626505542678,0.4421865154379332,0.44977945809703845,0.5451008191556396,0.4745116572148708,0.6085357567521659
-0.093,0.5033855015092582,0.02808193821395942,0.44108380592312546,0.451591052299937,0.5432734719596723,0.47413358538122247,0.6068455919823339
-0.0928,0.5019371760896163,0.02785449336402226,0.44215500945179587,0.45200063011972275,0.5403434152488973,0.4693604284814115,0.6058263971462544
-0.0926,0.5023653626174704,0.027748156111221545,0.44390359168241966,0.4523787019533712,0.5396030245746692,0.4693761814744802,0.606565313402412
-0.0924,0.5028305594471987,0.027351877858560514,0.4465028355387524,0.4523787019533712,0.5367044738500315,0.4715343415248897,0.6070324443689485
-0.0922,0.5036070019177603,0.02677035912340393,0.4505671077504726,0.453875236294896,0.5348613736609955,0.47192816635160684,0.6068031255308306
-0.092,0.5042494291513485,0.026472279544773995,0.45203213610586007,0.45677378701953375,0.5329710144927537,0.4719281663516067,0.6075420417869883
-0.0918,0.5042797866434098,0.026420254587772866,0.45089792060491496,0.45968809073724,0.532199117832388,0.47082545683679894,0.6077883472057075
-0.0916,0.505206547507998,0.025681779062691458,0.4556710775047259,0.4622715816005041,0.5307813484562066,0.47046313799621925,0.606845591982334
-0.0914,0.5053518352196786,0.02557470078438356,0.4548834278512917,0.46335853812224315,0.5289067422810334,0.4723062381852553,0.6073042296585698
-0.0912,0.5052727496821304,0.025027717167297212,0.45636420919974785,0.46660365469439186,0.5285444234404537,0.46973850031505987,0.6051129607609989
-0.091,0.5049335853598153,0.025129069871309972,0.4566950220541903,0.4687933207309388,0.5274574669187146,0.46609955891619403,0.6056225581790384
-0.0908,0.5046695419692167,0.02507638200485704,0.4574669187145558,0.4709672337744172,0.5248897290485193,0.4639256458727158,0.6060981824358758
-0.0906,0.5045309156302122,0.02488137445942043,0.45601764335223693,0.4724480151228733,0.5219596723377442,0.46613106490233147,0.6060981824358758
-0.0904,0.5044154352466089,0.02475320064565971,0.45743541272841837,0.47206994328922497,0.5215816005040957,0.4653591682419659,0.6056310514693392
-0.0902,0.5036930859907378,0.024693763099800002,0.45745116572148714,0.4724952741020794,0.5219596723377442,0.46239760554505355,0.6041617122473246
-0.09,0.5047777369614614,0.024409903105995296,0.4604284814114682,0.4721014492753623,0.5241808443604284,0.4635003150598614,0.6036775947001868
-0.0898,0.5053290831560018,0.02419103187974368,0.46116887208569624,0.47794580970384376,0.5249369880277253,0.459892879647133,0.6027008663156106
-0.0896,0.5051467000489902,0.02383264900743968,0.46299621928166346,0.47908002520478893,0.5216603654694392,0.45981411468178945,0.6021827756072702
-0.0894,0.5056413921974545,0.023486278334345696,0.46521739130434786,0.48052930056710774,0.5212822936357908,0.4597511027095148,0.6014268727705112
-0.0892,0.5045374603338725,0.023405753967484753,0.46712350346565845,0.4812696912413358,0.5201795841209831,0.45461562696912405,0.599498895872261
-0.089,0.5045758005554943,0.022872383220954213,0.46863579080025203,0.48201008191556394,0.5187145557655954,0.4557183364839319,0.5978002378121284
-0.0888,0.5041020451436309,0.022765458680996536,0.4686830497794581,0.48093887838689353,0.5201480781348456,0.4546471329552615,0.5960930864616952
-0.0886,0.5039057976901461,0.022697893355358347,0.4713137996219282,0.4798834278512917,0.5201323251417769,0.4528197857592942,0.5953796500764397
-0.0884,0.5033268758638458,0.022609436652296682,0.4734562066792691,0.4773471959672338,0.5190296156269691,0.4521266540642722,0.5946747069814846
-0.0882,0.5027378953487488,0.022503917346935028,0.47827662255828607,0.476591052299937,0.5168399495904221,0.44848771266540643,0.5934941396296926
-0.088,0.5024818346877108,0.022320350206649592,0.48201008191556394,0.4762287334593573,0.515800252047889,0.4463453056080655,0.592024800407678
-0.0878,0.5021467141777152,0.0224763293000707,0.48575929426591047,0.47622873345935723,0.5150913673597983,0.44235979836168876,0.5912943774418209
-0.0876,0.502171862237654,0.022764213464134566,0.4850189035916824,0.4758506616257089,0.5183994959042217,0.4405166981726528,0.5910735518940038
-0.0874,0.5009774819165701,0.02320961160272261,0.48875236294896035,0.4707466918714556,0.5173125393824827,0.4372400756143667,0.5908357397655851
-0.0872,0.501480429200692,0.023368740386339862,0.4906427221172023,0.47145557655954634,0.518446754883428,0.43577504725897925,0.5910820451843044
-0.087,0.5013890532780301,0.0234782662063781,0.4918557025834908,0.4704001260239446,0.5202898550724638,0.434294265910523,0.5901053167997281
-0.0868,0.5008865823031942,0.023259116908887278,0.4937618147448014,0.47183364839319475,0.5187933207309389,0.4321045998739761,0.5879395277730592
-0.0866,0.5023260628199501,0.02369747585408796,0.49711720226843104,0.47517328292375555,0.5207151858853182,0.42919029615626964,0.589434346865976
-0.0864,0.5025161990647427,0.02364281462819775,0.49938563327032137,0.4744171392564587,0.5188720856962823,0.4299621928166351,0.5899439442840156
-0.0862,0.5018474185481686,0.024166548136358004,0.5020006301197227,0.4740390674228103,0.5185412728418399,0.4252047889098929,0.5894513334465772
-0.086,0.5018839637795154,0.024311166167685343,0.5045526149968494,0.4740548204158791,0.5178166351606805,0.42373976055450535,0.5892559877696619
-0.0858,0.5017075216942825,0.02416551173063413,0.5068367989918084,0.47440138626339,0.515658475110271,0.42336168872085694,0.5882792593850859
-0.0856,0.5023264342341573,0.02440347845212461,0.5094833018273471,0.47443289224952734,0.5177851291745432,0.42188090737240075,0.5880499405469679
-0.0854,0.5015338700322145,0.024587214316378198,0.5121298046628859,0.47298361688720847,0.5160207939508507,0.4196912413358538,0.5868438933242739
-0.0852,0.5009415574928321,0.024844184490362107,0.5128386893509768,0.471518588531821,0.5152646502835538,0.418241965973535,0.5868438933242739
-0.085,0.49960398789682053,0.025410641175954606,0.5139886578449906,0.46965973534971645,0.5163988657844991,0.4130907372400756,0.5848819432648208
-0.0848,0.4996200272106397,0.025385796139663776,0.5154379332073094,0.4706994328922495,0.5171392564587272,0.4116572148708254,0.583166298624087
-0.0846,0.5001316294091122,0.0257393027719802,0.5187775677378702,0.4717863894139887,0.5174858223062382,0.40946754883427855,0.5831408187531849
-0.0844,0.5000774709025869,0.025751827126367883,0.5180529300567108,0.4732199117832388,0.5164146187775678,0.40905797101449276,0.583641922880924
-0.0842,0.4999823374883558,0.02573842890225582,0.5187775677378703,0.4720699432892249,0.5182104599873976,0.4086641461877757,0.5821895702395109
-0.084,0.49888880736329194,0.025636197644880263,0.5195967233774417,0.4716446124763706,0.5171077504725898,0.40685255198487713,0.5792423985051809
-0.0838,0.4981432950262928,0.02566956600773076,0.5213925645872716,0.47128229363579077,0.5171235034656585,0.40463137996219284,0.5762867334805504
-0.0836,0.4987479632426238,0.02566665147219901,0.5236452425960932,0.4709514807813484,0.5174858223062382,0.4053875236294896,0.5762697468999491
-0.0834,0.4990808006791207,0.025412407295614656,0.5280875866414618,0.47096723377441707,0.5178323881537492,0.4056868304977946,0.5728299643281807
-0.0832,0.49851250162025434,0.0250229165164471,0.5295683679899181,0.4702425960932577,0.518887838689351,0.4056710775047259,0.568192627824019
-0.083,0.4980508070017251,0.024987763726266644,0.5307183364839319,0.46732829237555135,0.5185727788279774,0.4064272211720227,0.5672074061491422
-0.0828,0.4985411347656649,0.024904640200410236,0.532955261499685,0.4658632640201638,0.5208097038437304,0.4075771896660366,0.565500254798709
-0.0826,0.4978127310300728,0.024800617262814455,0.5329395085066162,0.46442974165091366,0.5200850661625708,0.40756143667296785,0.5640479021572957
-0.0824,0.4970179576093298,0.024698927434385728,0.5324984247006931,0.46442974165091366,0.5212350346565847,0.40608065532451165,0.5608459317139459
-0.0822,0.49639677912168356,0.024352298536232966,0.5324669187145558,0.4626181474480152,0.520526149968494,0.40751417769376186,0.5588585017835909
-0.082,0.4959963892545053,0.023850538006548103,0.5324669187145558,0.46080655324511655,0.5197385003150599,0.4100819155639572,0.5568880584338374
-0.0818,0.4968456556686317,0.023870356767272845,0.534294265910523,0.4608223062381852,0.5208097038437304,0.4111846250787649,0.5571173772719552
-0.0816,0.4959841213469085,0.02346744255655248,0.5320415879017013,0.4611531190926276,0.5212035286704474,0.4111058601134216,0.5544165109563445
-0.0814,0.4968877929850667,0.023171108721007687,0.5334908632640202,0.4600504095778198,0.5223062381852552,0.4144297416509136,0.5541617122473246
-0.0812,0.49672368945105516,0.022778066049077603,0.5316005040957782,0.46291745431632014,0.5241650913673598,0.4137208569628229,0.5512145405129947
-0.081,0.49759330283455405,0.022676778417488108,0.5315847511027095,0.4662255828607435,0.5263390044108381,0.4133585381222432,0.5504586376762358
-0.0808,0.49646542813408023,0.022570744022161148,0.5293005671077505,0.4680214240705734,0.5252047889098929,0.4110743541272841,0.5487260064549006
-0.0806,0.4972768220730073,0.022452330905360498,0.5292533081285444,0.47021109010712037,0.5277410207939508,0.41142091997479524,0.5477577713606252
-0.0804,0.49672441515374255,0.022183844526346048,0.525945179584121,0.47093572778827975,0.5288279773156901,0.41142091997479524,0.5464922711058264
-0.0802,0.49598857885257414,0.022850526269364006,0.5247952110901071,0.4680056710775048,0.531017643352237,0.4088846880907372,0.5472396806522847
-0.08,0.49572364760005944,0.02267043270793197,0.5251417769376181,0.4672967863894139,0.5336011342155009,0.40926275992438566,0.5433157805333787
-0.0798,0.4952390847840162,0.022360220013240784,0.5251102709514808,0.4672652804032766,0.5339792060491494,0.40973534971644615,0.5401053167997282
-0.0796,0.49536855421079357,0.021829787156673934,0.522416509136736,0.4676591052299937,0.5350976685570259,0.41230308758664147,0.5393664005435707
-0.0794,0.4952705907701535,0.021537042547873628,0.519785759294266,0.4676118462507876,0.5350504095778197,0.41379962192816644,0.5401053167997281
-0.0792,0.49483986053664103,0.02154591044297145,0.5182577189666036,0.4672337744171392,0.5354127284183996,0.4134530560806553,0.5398420248004078
-0.079,0.49484789999517265,0.020624313957217994,0.5156269691241336,0.46794265910523,0.5350819155639572,0.4174700693131695,0.5381178868693732
-0.0788,0.4934373903217592,0.02022145940311746,0.5118620037807182,0.4654064272211721,0.5328922495274101,0.41895085066162574,0.5380754204178699
-0.0786,0.492462204858162,0.019825573245876273,0.5091997479521109,0.4676118462507876,0.5299621928166351,0.41822621298046625,0.5373110242908102
-0.0784,0.49280161589798377,0.020080209554168046,0.5091682419659735,0.4672652804032767,0.5328922495274102,0.41786389413988656,0.5368184134533718
-0.0782,0.4934331961241482,0.020094647232430405,0.5095305608065532,0.46835223692501576,0.5332545683679899,0.418241965973535,0.5377866485476474
-0.078,0.49321149716424717,0.020153404975561468,0.5080025204788909,0.46832073093887844,0.5347511027095149,0.4179269061121613,0.5370562255817903
-0.0778,0.49303713103825036,0.020394257203254978,0.5035129174543164,0.46614681789540013,0.5379962192816635,0.41902961562696905,0.538500084932903
-0.0776,0.4929296986760422,0.020053925433177414,0.4989760554505356,0.46687145557655957,0.5402331442974165,0.4212822936357908,0.5372855444199083
-0.0774,0.4924903531314232,0.019792688449985378,0.4967076244486453,0.4668714555765595,0.5409420289855074,0.4223692501575299,0.5355614064888738
-0.0772,0.49254077127210644,0.019733152957366017,0.49374606175173275,0.4679741650913673,0.5413043478260869,0.4231411468178954,0.5365381348734499
-0.077,0.4917666172268332,0.01965474158592483,0.49223377441713917,0.4675803402646503,0.5409420289855073,0.4227788279773156,0.5352981144895532
-0.0768,0.491514257328393,0.019787767411595998,0.490012602394455,0.4686515437933207,0.5427693761814745,0.4220541902961562,0.5340835739765585
-0.0766,0.4907277647318983,0.020375159554244054,0.48823251417769387,0.46502835538752363,0.5445967233774416,0.4209672337744171,0.5348139969424154
-0.0764,0.4900030874474949,0.020399129913019193,0.4829237555135476,0.46498109640831753,0.5438405797101449,0.42172337744171395,0.5365466281637505
-0.0762,0.4893019644600488,0.021068611821698762,0.4784026465028356,0.46461877756773784,0.5460932577189667,0.419880277252678,0.5375148632580261
-0.076,0.4867725839372025,0.02095729335244742,0.4713137996219282,0.463169502205419,0.5420919974795211,0.4195179584120983,0.537769661967046
-0.0758,0.4854843011135254,0.021502366770659673,0.46874606175173283,0.45954631379962185,0.5420604914933838,0.4180844360428481,0.5389842024800408
-0.0756,0.48422407023089437,0.02176771701760929,0.46362633900441086,0.4592155009451795,0.5409577819785759,0.41735979836168874,0.5399609308646169
-0.0754,0.483367978144147,0.022276959963916584,0.45839634530560813,0.4584908632640202,0.5405639571518588,0.41698172652804033,0.5424069984712079
-0.0752,0.4846482953639907,0.022561534196733218,0.4595305608065533,0.45776622558286073,0.5424070573408947,0.4184467548834278,0.5450908782062169
-0.075,0.4844833328677276,0.023054709936632292,0.45471014492753625,0.4588689350976686,0.5431159420289855,0.41843100189035914,0.5472906403940886
-0.0748,0.48374752225515005,0.024138859145601307,0.44993698802772525,0.45852236925015755,0.5438248267170762,0.4154851921865155,0.5509682350942755
-0.0746,0.4846442290741543,0.023770451365357808,0.44886578449905484,0.46219281663516065,0.5444864524259609,0.4176591052299937,0.5500169865806013
-0.0744,0.4842999687776587,0.024059627331795123,0.445526149968494,0.46224007561436675,0.5451953371140517,0.4180371770636421,0.5505011041277391
-0.0742,0.48436099577112274,0.02422958677373737,0.4462980466288594,0.4593257718966603,0.545179584120983,0.41879332073093883,0.5522082554781723
-0.074,0.4843289653095919,0.024587698815722658,0.4474952741020794,0.45934152488972907,0.5436672967863894,0.41625708884688084,0.5548836419228808
-0.0738,0.48430463125687095,0.024924114506886526,0.44525834908632633,0.4586168872085697,0.5433207309388783,0.41699747952110905,0.5573297095294716
-0.0736,0.484221289440951,0.025851444370880702,0.4422810333963453,0.4560333963453056,0.5458884688090737,0.4166351606805293,0.5602683879735009
-0.0734,0.48393546426615347,0.026238340932097405,0.4407844990548204,0.456758034026465,0.5432734719596723,0.41517013232514177,0.563691183964668
-0.0732,0.4828195711525261,0.026853965815091484,0.4378544423440454,0.4545526149968494,0.5418557025834909,0.4136893509766855,0.5661457448615594
-0.073,0.4814396260854366,0.027303522247888828,0.4333805923125394,0.4509294265910523,0.5400598613736609,0.41472904851921866,0.5680992016307117
-0.0728,0.4814336454604139,0.02757758145402221,0.4352709514807813,0.4494328922495274,0.5389571518588532,0.4132167611846251,0.5702904705282826
-0.0726,0.480884548087918,0.02837933037888355,0.43010396975425325,0.4479993698802772,0.5415563957151859,0.41323251417769374,0.5715304909121794
-0.0724,0.48178110773270466,0.028977778049103092,0.42862318840579705,0.44803087586641466,0.5422810333963453,0.41430371770636415,0.575666723288602
-0.0722,0.4823991837878448,0.02912335155037972,0.42752047889098926,0.4491178323881537,0.5430056710775047,0.41545368620037804,0.5768982503821981
-0.072,0.48203802200420454,0.029342808045349212,0.4275362318840579,0.4479993698802772,0.5426748582230623,0.41435097668557025,0.577628673348055
-0.0718,0.48373677050958347,0.029548715667364764,0.4298046628859483,0.4472904851921865,0.5442028985507246,0.41657214870825454,0.5808136572108035
-0.0716,0.48481314386713265,0.029933475184212355,0.427930056710775,0.44798361688720856,0.546424070573409,0.41871455576559546,0.5830134193986751
-0.0714,0.48540110914771784,0.029625690003860755,0.4287334593572779,0.4487397605545054,0.5445967233774416,0.4209199747952111,0.5840156276541533
-0.0712,0.4864247845021589,0.030122379536006574,0.42764650283553873,0.44951165721487085,0.5452741020793951,0.4220069313169502,0.5876847290640395
-0.071,0.4873740250243265,0.030353029798708898,0.4272999369880277,0.44955891619407684,0.5481884057971014,0.42342470069313165,0.588398165449295
-0.0708,0.48690176436733446,0.03080917525563286,0.4272684310018904,0.44925960932577186,0.5455576559546313,0.42085696282293633,0.5915661627314421
-0.0706,0.488066675058273,0.031067714861039306,0.42684310018903593,0.4511027095148078,0.5437460617517328,0.4226843100189036,0.5959571938168846
-0.0704,0.4880081864186776,0.03136365976077481,0.42569313169502204,0.449653434152489,0.5408160050409577,0.42446439823566473,0.5994139629692542
-0.0702,0.4877048271751894,0.03151823921453858,0.4252835538752363,0.45044108380592307,0.540453686200378,0.4226685570258349,0.5996772549685748
-0.07,0.4879858063043869,0.0317983423028328,0.4255513547574039,0.4515595463137996,0.5379804662885949,0.42197542533081284,0.6028622388313233
-0.0698,0.48859239741876764,0.03219614275240072,0.4259136735979836,0.4519533711405167,0.5365154379332073,0.4220226843100189,0.6065568201121115
-0.0696,0.48967010925892807,0.03209445715949903,0.4274574669187146,0.4500787649653434,0.5364681789540013,0.42603969754253307,0.6083064379140479
-0.0694,0.49123499826441464,0.031775116030833134,0.4304032766225583,0.45411153119092623,0.5376181474480151,0.42569313169502204,0.6083489043655513
-0.0692,0.49351970138297735,0.03209616891795973,0.4312224322621298,0.4559388783868935,0.5412413358538123,0.42788279773156895,0.6113130626804825
-0.069,0.4946180807647151,0.032263605609930114,0.43191556395715186,0.4555923125393824,0.5408475110270952,0.43046628859483305,0.6142687277051129
-0.0688,0.4965573665298428,0.03196229023970469,0.43668872085696286,0.4581915563957152,0.5390044108380592,0.43191556395715186,0.6169865806013248
-0.0686,0.49695684605758805,0.03214377787194485,0.43561751732829235,0.456758034026465,0.5397448015122873,0.4344202898550725,0.618243587565823
-0.0684,0.49786563935851735,0.03256498639016055,0.4345305608065533,0.4589319470699433,0.5404694391934467,0.4344517958412098,0.6209444538814336
-0.0682,0.4983699422509778,0.03319896252510037,0.43746061751732823,0.4568052930056711,0.5441083805923126,0.43078134845620664,0.6226940716833702
-0.068,0.4988719395924227,0.033026628526459635,0.4389886578449905,0.45902646502835537,0.5415406427221172,0.43084436042848145,0.6239595719381689
-0.0678,0.5002120047279851,0.03290213088623664,0.4419817265280403,0.4579237555135475,0.5408002520478891,0.4341524889729049,0.6262018005775437
-0.0676,0.5023154732336124,0.03268687873442924,0.4430529300567108,0.4615942028985508,0.5407529930686831,0.43777567737870193,0.6284015627654153
-0.0674,0.5031938523135091,0.03296671484346395,0.44453371140516695,0.46450850661625703,0.5407687460617516,0.43552299936988026,0.6306352981144896
-0.0672,0.5039324961635695,0.032808863195056,0.4456836798991808,0.4659577819785759,0.5400126023944549,0.4366257088846881,0.6313827076609478
-0.067,0.5044608639137274,0.03321340500411099,0.4445967233774417,0.46632010081915565,0.5393037177063642,0.43772841839949594,0.6343553592661798
-0.0668,0.5061242665238381,0.032560072988977604,0.44747952110901074,0.4703528670447385,0.5389256458727157,0.43994959042218024,0.6339137081705453
-0.0666,0.5077805571405773,0.03264553847802332,0.4482199117832389,0.4732356647763075,0.5363421550094518,0.44324196597353505,0.6378630881603533
-0.0664,0.5101981580424181,0.03194960203551868,0.45193761814744804,0.47581915563957156,0.538563327032136,0.44727473219911784,0.6373959571938169
-0.0662,0.5121737819246299,0.03165582376650884,0.4544896030245747,0.4790957781978576,0.5400283553875236,0.4490863264020164,0.6381688466111772
-0.066,0.5144685918980968,0.03173629735713118,0.45779773156899806,0.4801984877126654,0.5425330812854442,0.45096093257718967,0.6408527263461865
-0.0658,0.5143173149985298,0.0319056764535236,0.45663201008191556,0.4838531821045999,0.540705734089477,0.4487870195337115,0.6416086291829455
-0.0656,0.5161601459925423,0.03238911556175364,0.45631695022054186,0.4871770636420919,0.5425015752993068,0.4495274102079395,0.6452777305928317
-0.0654,0.5181103269312013,0.032253753011824336,0.45524574669187146,0.4915091367359798,0.5428638941398866,0.4539224952741021,0.6470103618141667
-0.0652,0.5194618855703867,0.03199988231618382,0.45827032136105866,0.49185570258349093,0.5435885318210459,0.4558286074354127,0.6477662646509257
-0.065,0.5203342893770506,0.0316040415684966,0.45942028985507244,0.4943919344675488,0.5447069943289226,0.4566005040957782,0.6465517241379309
-0.0648,0.5219476425847903,0.030928642462312497,0.4624133585381222,0.4968966603654694,0.5432262129804662,0.4606332703213611,0.6465687107185324
-0.0646,0.5226656841851082,0.030775482671161536,0.4635318210459987,0.4975740390674228,0.5424543163201008,0.4624606175173282,0.6473076269746901
-0.0644,0.5242498369577259,0.030453968312536658,0.46581600504095777,0.5004725897920606,0.5428481411468178,0.46430371770636414,0.647808731102429
-0.0642,0.5258326030816247,0.03054040441208183,0.46505986137366107,0.501937618147448,0.5450220541902961,0.4676275992438564,0.6495158824528622
-0.064,0.5263151948335106,0.0307159842828476,0.4639571518588531,0.502583490863264,0.5476055450535601,0.4676591052299937,0.6497706811618821
-0.0638,0.526677817120568,0.030595051762570123,0.46357908002520476,0.5014807813484562,0.5476370510396975,0.47068367989918086,0.6500084932903006
-0.0636,0.5286277513417204,0.0303855207425822,0.46687145557655957,0.5054977945809703,0.5472747321991178,0.47177063642091993,0.6517241379310346
-0.0634,0.5282977835348763,0.030437075669201355,0.465752993068683,0.5054347826086957,0.5476528040327662,0.47140831758034035,0.6512400203838967
-0.0632,0.5295977841021662,0.030303798692068038,0.46838374291115314,0.5043163201008192,0.5494486452425961,0.4735979836168872,0.652242228639375
-0.063,0.5302563330671353,0.030607291531413894,0.4683679899180844,0.5050252047889099,0.5494959042218021,0.47397605545053556,0.6544165109563445
-0.0628,0.5303639382921519,0.030297390311668487,0.4672652804032766,0.5060333963453056,0.5484562066792691,0.476591052299937,0.653473755732971
-0.0626,0.5313753371761323,0.030341147828089624,0.46732829237555135,0.5078607435412728,0.5513705103969754,0.4766225582860743,0.6536945812807882
-0.0624,0.5329935878066535,0.029710950585147913,0.4687933207309388,0.5111688720856963,0.5513862633900442,0.48065532451165716,0.6529641583149312
-0.0622,0.533233280018804,0.029432999278123314,0.4699590422180214,0.5133585381222432,0.5484719596723376,0.4813957151858853,0.6529811448955325
-0.062,0.5326605090044397,0.028966393006266952,0.4677378701953371,0.5148393194706994,0.5456049149338374,0.48437303087586636,0.6507474095464584
-0.0618,0.5335486572413086,0.02833253317791308,0.46959672337744174,0.519580970384373,0.5455734089477,0.4844360428481411,0.6485561406488873
-0.0616,0.5337161720060938,0.028199798481761996,0.46850976685570256,0.5202741020793951,0.5485034656584751,0.4844360428481411,0.6468574825887549
-0.0614,0.5353075277525084,0.028056879024686423,0.47184940138626336,0.5220856962822935,0.5521424070573409,0.4833648393194707,0.6470952947171733
-0.0612,0.534684849158201,0.028010473327635108,0.4703528670447385,0.5242438563327033,0.5506931316950221,0.4822621298046628,0.6458722609138781
-0.061,0.5352551075072872,0.027893946209897356,0.46816320100819153,0.5230938878386893,0.5517800882167612,0.48736609955891613,0.6458722609138781
-0.0608,0.5370165870159802,0.027430192679899375,0.4707466918714555,0.5311279143037178,0.5510396975425331,0.4870352867044739,0.6451333446577204
-0.0606,0.5371795730962962,0.027335037532140945,0.4733301827347196,0.5317895400126024,0.5495746691871457,0.485586011342155,0.6456174622048582
-0.0604,0.5375866072104236,0.02738634502834083,0.4722589792060491,0.5347195967233774,0.548156899810964,0.4867044738500315,0.6460930864616954
-0.0602,0.538580146101719,0.027322938763754093,0.47414933837429113,0.5335853812224322,0.5514807813484562,0.4870825456836799,0.646602683879735
-0.06,0.538210196144164,0.027334338571732668,0.47488972904851917,0.5328134845620668,0.547117202268431,0.48820100819155643,0.6480295566502463
-0.0598,0.5391187652051037,0.027084049285702853,0.47526780088216763,0.5357435412728419,0.5485979836168873,0.48895715185885325,0.6470273483947682
-0.0596,0.5381876313931275,0.027291253920633102,0.47299936988027724,0.5353812224322622,0.5493698802772526,0.4871455576559546,0.6460421267198913
-0.0594,0.5388810494089002,0.026531923445145152,0.474054820415879,0.536877756773787,0.5472117202268432,0.49193446754883424,0.6443264820791574
-0.0592,0.5383766983503322,0.02671012670179731,0.471471329552615,0.5368620037807184,0.5490390674228103,0.49117832388153754,0.64333276711398
-0.059,0.5375890883001422,0.02641246337397864,0.47331442974165083,0.5353969754253308,0.5486609955891619,0.4889729048519218,0.6416001358926449
-0.0588,0.5369034234221506,0.02704470060956764,0.47148708254568367,0.534987397605545,0.5483301827347196,0.4864051669817265,0.6433072872430781
-0.0586,0.5358611736110955,0.02738487811136425,0.4703686200378073,0.5350031505986138,0.548708254568368,0.4824196597353497,0.6428061831153389
-0.0584,0.5350976765847104,0.027384688239986917,0.46811594202898554,0.5357435412728419,0.5476528040327662,0.48243541272841844,0.6415406828605402
-0.0582,0.5348634972511602,0.02790283178723832,0.46442974165091366,0.5371613106490234,0.5484247006931318,0.4820730938878387,0.6422286393748939
-0.058,0.5348635058140239,0.027941865018447216,0.4659892879647133,0.5356962822936359,0.5480623818525521,0.481364209199748,0.64320536775947
-0.0578,0.5348705102364217,0.028038543133637444,0.4656269691241336,0.5352867044738501,0.5517328292375552,0.47953686200378076,0.6421691863427892
-0.0576,0.5349223407144147,0.02856358931980997,0.4634215500945179,0.536830497794581,0.5492281033396345,0.48026149968494014,0.6448700526583998
-0.0574,0.5352731489256441,0.028483623967610526,0.46490233144297416,0.5379174543163201,0.5503308128544424,0.47881222432262127,0.6444029216918634
-0.0572,0.5342526498584077,0.028404018173225895,0.46378386893509765,0.536436672967864,0.5482041587901701,0.47917454316320107,0.6436640054357058
-0.057,0.5333297711820894,0.028467938894073765,0.46461877756773784,0.5368147448015123,0.5449117832388154,0.4766225582860743,0.6436809920163071
-0.0568,0.5324066372254009,0.02866463472187742,0.462429111531191,0.5390044108380592,0.5431159420289855,0.47477945809703836,0.6427042636317309
-0.0566,0.5304850979950161,0.028315128239650753,0.46398865784499055,0.5368462507876496,0.541997479521109,0.47033711405166984,0.639255987769662
-0.0564,0.5296249674477389,0.028295426026478224,0.46244486452425965,0.5375393824826716,0.5419817265280402,0.4688563327032137,0.6373025310005096
-0.0562,0.5284145874160798,0.02827775184785843,0.46280718336483934,0.5364839319470699,0.5383270321361058,0.4674070573408947,0.6370477322914897
-0.056,0.5286363431049521,0.02815377826104057,0.4634530560806553,0.5357435412728419,0.5364681789540013,0.4695179584120983,0.6379989808051639
-0.0558,0.5288448809435506,0.02803783748737923,0.46573724007561434,0.5379332073093888,0.5353654694391935,0.46769061121613104,0.6374978766774249
-0.0556,0.5276030259661345,0.027828603174324826,0.4639729048519219,0.5375551354757404,0.5353339634530561,0.46661940768746063,0.6345337183624937
-0.0554,0.5270468219520568,0.028023810478707424,0.46320100819155635,0.5381852551984877,0.5341682419659735,0.46515437933207304,0.634525225072193
-0.0552,0.526726600824668,0.02762314780430893,0.4620982986767486,0.5367359798361688,0.5330812854442344,0.46841524889729047,0.6333021912688976
-0.055,0.5259566891431132,0.027362619495132003,0.4639256458727158,0.5367359798361688,0.5312854442344046,0.4662413358538123,0.6315950399184644
-0.0548,0.5254626745312287,0.026696978228480238,0.46505986137366107,0.5371455576559547,0.5297574039067422,0.46696597353497166,0.6283845761848139
-0.0546,0.5242834884763659,0.026640998847042803,0.465752993068683,0.5356962822936359,0.5290327662255828,0.4640201638311279,0.6269152369627994
-0.0544,0.5228018535174478,0.026438487965176248,0.4687618147448015,0.5346093257718966,0.5220541902961562,0.4621613106490233,0.6264226261253609
-0.0542,0.5226360770139669,0.026547416029766707,0.4691556395715186,0.5349558916194077,0.5220069313169502,0.4606647763074984,0.626397146254459
-0.054,0.5213970210225793,0.026301282371330562,0.46913988657844996,0.5345778197857592,0.5201323251417769,0.4591839949590423,0.6239510786478683
-0.0538,0.5205554820576432,0.02577256365151058,0.47211720226843107,0.5338689350976685,0.5189666036546944,0.45704158790170124,0.620783081365721
-0.0536,0.5214671535510891,0.02543461832323792,0.4754883427851292,0.5360743541272841,0.5171077504725898,0.45812854442344053,0.6205367759470019
-0.0534,0.5204205789587537,0.024924434900181043,0.4728575929426591,0.5367517328292376,0.5144770006301197,0.4606647763074984,0.6173517920842535
-0.0532,0.5182683995333667,0.024813688807278373,0.47243226212980466,0.5338216761184625,0.511830497794581,0.4580970384373031,0.6151605231866826
-0.053,0.5174117144683174,0.02464150818970212,0.4727788279773157,0.5360270951480781,0.5095620667926907,0.45622243226212983,0.6124681501613726
-0.0528,0.5165221282055482,0.024443023552769543,0.47052614996849407,0.5382325141776938,0.5065847511027096,0.4572621298046629,0.6100050959741804
-0.0526,0.5165556673366037,0.02366027806539109,0.4709199747952111,0.536783238815375,0.5069470699432892,0.46058601134215493,0.6075420417869883
-0.0524,0.5174665162599681,0.022603422940706788,0.4735349716446125,0.5371140516698173,0.5087586641461879,0.46383112791430375,0.6040937659249194
-0.0522,0.5169126092340421,0.022740767928688288,0.47241650913673594,0.5363579080025205,0.5101606805293006,0.46203528670447386,0.6035926617971803
-0.052,0.5164411336846033,0.02171948942223909,0.47383427851291743,0.5345148078134846,0.5101606805293006,0.4642564587271581,0.5994394428401562
-0.0518,0.5173820537792787,0.021005222785709172,0.47644927536231874,0.5322621298046629,0.514161940768746,0.4660838059231255,0.5979531170375404
-0.0516,0.5165505735031392,0.020339998297742676,0.4775519848771267,0.5307813484562067,0.5115942028985507,0.4675645872715816,0.5952607440122303
-0.0514,0.5157502957666594,0.020266221025296096,0.4760712035286705,0.5333333333333333,0.5112633900441084,0.465752993068683,0.5923305588585018
-0.0512,0.5154712705758921,0.019948065023382068,0.47827662255828607,0.5333490863264021,0.5116257088846881,0.4639571518588531,0.5901477832512316
-0.051,0.515166547161202,0.01961540343858471,0.47908002520478893,0.5329710144927536,0.5126339004410838,0.46321676118462507,0.5879310344827586
-0.0508,0.5143657363864651,0.01933245064632464,0.48248267170762443,0.5300724637681158,0.5114996849401386,0.4610743541272842,0.5866995073891627
-0.0506,0.5140403711187884,0.019314093058801367,0.48246691871455577,0.5281978575929427,0.5133270321361059,0.4600031505986137,0.5862068965517242
-0.0504,0.5141596057828871,0.01811574483934991,0.4832230623818526,0.5274102079395085,0.5170289855072464,0.46260239445494644,0.5805333786308816
-0.0502,0.5131805889730227,0.01779663073507685,0.48323881537492125,0.5251890359168242,0.5195967233774417,0.46075929426591056,0.5771190759300153
-0.05,0.5119177148414441,0.017566381063481386,0.47985192186515435,0.5240863264020164,0.5217706364209199,0.46041272841839953,0.5734669611007304
-0.0498,0.5121788939541794,0.017471427083124415,0.47874921235034656,0.5239918084436043,0.5264492753623188,0.46042848141146814,0.5712756922031594
-0.0496,0.5127634447929174,0.01722820390429734,0.4783711405166982,0.5257561436672968,0.5271266540642723,0.4622558286074354,0.570307457108884
-0.0494,0.5131060460345968,0.016657560770228737,0.47911153119092625,0.5249527410207939,0.5289382482671707,0.4644454946439824,0.5680822150501104
-0.0492,0.5120042211706313,0.016927552687671446,0.47726843100189037,0.5245746691871456,0.5307655954631381,0.4615469439193447,0.5658654662816376
-0.049,0.5116158835339238,0.016853222572800235,0.4742753623188406,0.5260554505356019,0.5314587271581601,0.46264965343415254,0.563640224222864
-0.0488,0.5115061370578364,0.01680640636608275,0.47763074984247006,0.5237712665406427,0.5358538122243226,0.45931001890359174,0.5609648377781552
-0.0486,0.5104913718981161,0.016332878043226095,0.4776937618147448,0.5211877756773786,0.5358380592312539,0.4597195967233775,0.5580176660438255
-0.0484,0.5094223743771721,0.015526394685818744,0.4784341524889729,0.5189666036546944,0.5354914933837429,0.4608223062381853,0.5533973161202651
-0.0482,0.508144002532895,0.015392015299054538,0.47846565847511024,0.5159735349716447,0.536184625078765,0.4593572778827978,0.5507389162561577
-0.048,0.5082887058291373,0.015010699094065251,0.4813484562066793,0.5152331442974166,0.5387996219281663,0.4590264650283554,0.5470358416850688
-0.0478,0.5087114758106062,0.014923576143538236,0.48208884688090736,0.5148235664776307,0.541351606805293,0.4597353497164461,0.5455580091727535
-0.0476,0.5091383067301217,0.01470960969524656,0.48204158790170126,0.5159262759924385,0.5417139256458727,0.46121613106490233,0.5447936130456938
-0.0474,0.5087244126919191,0.01465470990559,0.4835223692501575,0.5140989287964713,0.5428008821676118,0.4601134215500945,0.5430864616952606
-0.0472,0.5099210814382913,0.014917380489827641,0.48427851291745433,0.5136420919974796,0.5486294896030246,0.46120037807183356,0.5418549346016647
-0.047,0.5095111744834371,0.014437641174292562,0.48575929426591047,0.5125551354757404,0.5485822306238185,0.46197227473219915,0.5386869373195176
-0.0468,0.509570468567387,0.01474858260381721,0.4875866414618778,0.5118147448015122,0.5518115942028985,0.4601606805293006,0.5364786818413452
-0.0466,0.5106056117368603,0.014557590464603613,0.49018588531821045,0.5110901071203529,0.554032766225583,0.4619880277252678,0.535731272294887
-0.0464,0.5112849754176242,0.01439651879478152,0.4923282923755513,0.510333963453056,0.5562381852551985,0.4635003150598614,0.5340241209444538
-0.0462,0.5111422881405732,0.014715772961774181,0.4930056710775047,0.5080970384373031,0.5585223692501575,0.462775677378702,0.5333106845591982
-0.046,0.5117263059410538,0.015022282646439362,0.49338374291115306,0.507703213610586,0.5606962822936358,0.46280718336483934,0.5340411075250551
-0.0458,0.5105797658035407,0.01469558206883139,0.49406112161310645,0.5040012602394455,0.5599558916194076,0.4635318210459987,0.5313487344997453
-0.0456,0.5105877656588282,0.0144375795687563,0.49413988657844987,0.5025204788909893,0.5595620667926907,0.4653591682419659,0.5313572277900459
-0.0454,0.5105624955780839,0.014975190210307155,0.4937618147448015,0.5025519848771267,0.562476370510397,0.4638626339004411,0.5301596738576524
-0.0452,0.5096723109852228,0.014762092073360001,0.4937775677378702,0.4992911153119092,0.5620982986767487,0.4649968494013863,0.5281977237981994
-0.045,0.509004375516247,0.015004906174245278,0.49147763074984246,0.49596723377441715,0.5638783868935097,0.4664776307498425,0.5272209954136233
-0.0448,0.5087379698456619,0.01546712687495502,0.4918714555765595,0.4952425960932577,0.5653276622558285,0.4642564587271581,0.5269916765755054
-0.0446,0.5084727608352603,0.01558649658657629,0.4911310649023314,0.49303717706364203,0.5667926906112161,0.46564272211720226,0.5257601494819093
-0.0444,0.5100300187237716,0.016202438457058363,0.49406112161310656,0.493084436042848,0.5708097038437303,0.46496534341524887,0.5272294887039239
-0.0442,0.5110316623654332,0.016508400276669066,0.4951480781348455,0.4919344675488343,0.5740863264020163,0.46677693761814754,0.5272125021233226
-0.044,0.5118951816659671,0.0166648943437658,0.49590422180214244,0.49267485822306234,0.5755356017643353,0.4671550094517959,0.5282062170885001
-0.0438,0.5121229265427256,0.016762531684222256,0.49478575929426594,0.4919344675488343,0.5769691241335854,0.46898235664776305,0.5279429250891796
-0.0436,0.5124062337004553,0.016514796634285723,0.4951480781348456,0.49303717706364203,0.5762602394454946,0.46965973534971645,0.5279259385085783
-0.0434,0.5119660602339653,0.01597804442985174,0.4962350346565848,0.4945179584120982,0.5722589792060492,0.4681789540012602,0.528639374893834
-0.0432,0.511915993705867,0.015624923930292538,0.4999999999999999,0.49486452425960925,0.570478890989288,0.4670919974795211,0.5271445558009173
-0.043,0.5135867780395517,0.014370718765895699,0.5044580970384374,0.49672337744171385,0.5668714555765595,0.47180214240705726,0.5280788177339901
-0.0428,0.5134198048758871,0.01446198280462685,0.5041115311909262,0.4959987397605545,0.5665721487082546,0.4713610586011342,0.5290555461185663
-0.0426,0.5141983061799578,0.013729454217642595,0.5055608065532451,0.49636105860113416,0.564760554505356,0.47501575299306864,0.5292933582469849
-0.0424,0.5150744674781906,0.013972138279816903,0.5074354127284184,0.4981884057971014,0.5669344675488343,0.4742596093257719,0.5285544419908272
-0.0422,0.5151346237354659,0.013985620935712501,0.5070730938878387,0.49966918714555764,0.5672810333963453,0.47383427851291754,0.5278155257346697
-0.042,0.5150272652279557,0.013205715185389441,0.5082073093887838,0.49930686830497795,0.5632325141776937,0.47561436672967866,0.5287752675386445
-0.0418,0.5151187717342871,0.012784578758679065,0.5086326402016383,0.49935412728418394,0.5595148078134845,0.475945179584121,0.5321471037880074
-0.0416,0.5162647360192253,0.012293122971115353,0.508301827347196,0.5011814744801512,0.5602236925015752,0.4799621928166351,0.5316544929505691
-0.0414,0.5169000651740954,0.012400604345413298,0.5098771266540643,0.5019691241335853,0.5609955891619407,0.47953686200378076,0.5321216239171054
-0.0412,0.5185501338000951,0.011818695630661681,0.5128859483301829,0.5023787019533712,0.5609798361688721,0.4839004410838058,0.5326057414642433
-0.041,0.5183849074605982,0.012617475226507517,0.5136105860113421,0.49951165721487084,0.5639098928796471,0.48205734089477004,0.532835060302361
-0.0408,0.5176866230624247,0.012041014886730128,0.514760554505356,0.5006458727158161,0.5595305608065534,0.4809073724007561,0.532588754883642
-0.0406,0.5176433682922943,0.011043748334359657,0.5151701323251419,0.5002835538752363,0.5551512287334595,0.4845305608065532,0.5330813657210804
-0.0404,0.5184236902752308,0.011243885943045134,0.5166666666666667,0.4988342785129175,0.5562539382482672,0.48561751732829234,0.5347460506200102
-0.0402,0.5196503734639426,0.011200420938972786,0.5193604284814115,0.4988500315059861,0.5573566477630749,0.4874291115311909,0.5352556480380499
-0.04,0.5198881459891173,0.01106467190150639,0.5190453686200378,0.500346565847511,0.5551512287334595,0.4867202268431002,0.5381773399014778
-0.0398,0.5197893203751518,0.010682362282875958,0.5213610586011341,0.4989287964713295,0.5530245746691872,0.48818525519848777,0.5374469169356209
-0.0396,0.519147261879876,0.010670749287164152,0.5221802142407057,0.49601449275362314,0.5508506616257088,0.48854757403906746,0.5381433667402751
-0.0394,0.5205447495785197,0.010715766464788109,0.5236609955891618,0.4956836798991808,0.551937618147448,0.4911153119092628,0.5403261423475454
-0.0392,0.5217374002011631,0.010445495420218557,0.5262602394454946,0.499007561436673,0.5494171392564586,0.49073724007561437,0.5432648207915747
-0.039,0.5218806376421984,0.00939690057268293,0.5251575299306868,0.501984877126654,0.5443604284814115,0.4936672967863894,0.5442330558858501
-0.0388,0.5223429787569269,0.00890084531297729,0.5259136735979835,0.5052772526780088,0.5425330812854442,0.49402961562696907,0.543961270596229
-0.0386,0.5216071906218662,0.00922492269955992,0.5248267170762444,0.5042375551354757,0.5428323881537492,0.4921865154379331,0.5439527773059283
-0.0384,0.5232135110427224,0.008596984479638468,0.5263862633900441,0.5064429741650913,0.5421235034656585,0.49621928166351614,0.5448955325293019
-0.0382,0.5235177410223996,0.008769210562092513,0.5294108380592313,0.5068683049779458,0.5391776937618147,0.4950535601764335,0.547078308136572
-0.038,0.5242559171260376,0.009145125299544343,0.5298046628859483,0.5065217391304347,0.5388311279143038,0.49540012602394456,0.5507219296755562
-0.0378,0.524159054013366,0.009363356928580462,0.5302142407057341,0.506112161310649,0.5378229363579081,0.49467548834278513,0.5519704433497536
-0.0376,0.5248604975730169,0.00933702980927266,0.5317422810333963,0.5061279143037176,0.5371455576559547,0.4960932577189666,0.5531934771530491
-0.0374,0.5242506766535344,0.009675168681888472,0.5339949590422179,0.5039540012602395,0.5357120352867045,0.49462822936357903,0.5529641583149312
-0.0372,0.5235153562648961,0.009188807896325616,0.5321361058601134,0.5039382482671708,0.5360586011342154,0.49538437303087585,0.5500594530321046
-0.037,0.5242096054136136,0.009156909925973572,0.5343730308758664,0.5035601764335225,0.532703213610586,0.4978890989287964,0.5525225072192967
-0.0368,0.523747247173158,0.009337580932509639,0.5373976055450536,0.502536231884058,0.5315689981096409,0.4963925645872716,0.5508408357397656
-0.0366,0.52545851565543,0.009320259520695418,0.5418714555765595,0.5018588531821047,0.5326717076244487,0.5000157529930687,0.5508748089009682
-0.0364,0.5246920184157225,0.008887672438584147,0.5389098928796472,0.5021424070573409,0.5297889098928796,0.5014807813484563,0.5511381009002888
-0.0362,0.5252169631611695,0.009044836442951539,0.5419187145557656,0.5028985507246377,0.5289855072463767,0.5011184625078765,0.5511635807711908
-0.036,0.5235175767224549,0.0094092096297861,0.541209829867675,0.4992911153119092,0.527536231884058,0.4993383742911154,0.5502123322575165
-0.0358,0.5229805401432931,0.01030459314135267,0.5434940138626339,0.49713295526149964,0.5256931316950221,0.49640831758034026,0.5521742823169696
-0.0356,0.52294839622382,0.01105619334531225,0.545730938878387,0.49569943289224955,0.5242911153119093,0.49461247637051037,0.5544080176660439
-0.0354,0.521943553817437,0.010982026187563044,0.5427693761814745,0.4960775047258979,0.522164461247637,0.49352551984877124,0.5551809070834042
-0.0352,0.5233077234139409,0.010637369301283563,0.5423755513547575,0.4994013862633901,0.522164461247637,0.4956836798991809,0.5569135383047392
-0.035,0.5225876797090854,0.010209955901803168,0.540107120352867,0.4986925015752993,0.5203528670447385,0.4978575929426591,0.5559283166298624
-0.0348,0.5239698425578387,0.010340142997133811,0.5431001890359168,0.4994328922495274,0.5210775047258979,0.4992911153119093,0.5569475114659419
-0.0346,0.5232071113725638,0.010527986263130814,0.5397448015122873,0.5005671077504725,0.5207151858853182,0.4963453056080655,0.5586631561066757
-0.0344,0.5228782524565517,0.01036604474518514,0.535239445494644,0.5020321361058601,0.5218651543793321,0.49558916194076874,0.5596653643621539
-0.0342,0.5222263734271224,0.010060105293721162,0.5322621298046629,0.5010239445494643,0.5218494013862633,0.497069943289225,0.5589264481059962
-0.034,0.5213215447320246,0.009939241048624675,0.5299621928166351,0.5010396975425331,0.5204158790170132,0.4967391304347826,0.5584508238491591
-0.0338,0.5204227619537842,0.009643686538390848,0.5269691241335853,0.5017800882167611,0.5204158790170132,0.49596723377441715,0.5569814846271445
-0.0336,0.520233924588359,0.009921136946341445,0.5266068052930056,0.5036704473850031,0.5200693131695022,0.49306868304977947,0.5577543740445049
-0.0334,0.5199532178652588,0.010117865262807996,0.5261814744801512,0.5044108380592311,0.5211405166981727,0.4905166981726528,0.5575165619160862
-0.0332,0.5201425572285606,0.010197542974413004,0.5269061121613106,0.5048046628859483,0.5211562696912413,0.49009136735979836,0.5577543740445048
-0.033,0.5197344484750557,0.010731229011183716,0.5254253308128545,0.5051512287334592,0.5208412098298677,0.48755513547574036,0.5596993375233567
-0.0328,0.5196310770508941,0.010569993910620546,0.5227788279773156,0.5070258349086326,0.5219754253308129,0.4871770636420919,0.5591982333956175
-0.0326,0.5197513499622003,0.010501606550723193,0.5208569628229365,0.5081285444234405,0.5227473219911782,0.48757088846880914,0.5594530321046374
-0.0324,0.5200551148713499,0.010864803397088374,0.5164303717706364,0.5121455576559546,0.5235192186515438,0.4864681789540012,0.5617122473246136
-0.0322,0.5192631746880897,0.011415863866559739,0.5119880277252677,0.5114366729678639,0.5253308128544424,0.48462507876496536,0.562935281127909
-0.032,0.5169792855767447,0.01171494324167876,0.5034656584751103,0.5114681789540012,0.5242596093257719,0.4835066162570888,0.5621963648717513
-0.0318,0.5179124129303949,0.011794312498041082,0.5005513547574039,0.5129332073093888,0.528276622558286,0.48534971644612473,0.5624511635807712
-0.0316,0.5167564466856313,0.012505082909764357,0.49379332073093896,0.5144454946439824,0.5293793320730938,0.48347511027095147,0.5626889757091897
-0.0314,0.5154305862703688,0.013155829217358203,0.4845305608065532,0.5170447385003151,0.529773156899811,0.48383742911153116,0.5619670460336335
-0.0312,0.5139810074615723,0.01347656433835144,0.48008821676118457,0.5163043478260869,0.527977315689981,0.48380592312539383,0.5617292339052149
-0.031,0.5140053190367763,0.014100048501075008,0.47566162570888465,0.5167139256458727,0.529773156899811,0.4849086326402016,0.5629692542891116
-0.0308,0.5140423207757868,0.014204211223646204,0.47340894770006303,0.5171392564587272,0.5319785759294265,0.48596408317580336,0.5617207406149143
-0.0306,0.5134652196283525,0.014533306955982503,0.4719439193446755,0.5164776307498424,0.531616257088847,0.4848456206679268,0.5624426702904706
-0.0304,0.5148073350345603,0.015155108393112737,0.4696912413358539,0.5216131064902332,0.5333805923125394,0.4851764335223693,0.5641753015118057
-0.0302,0.5149348676486345,0.015050734045511818,0.46854127284184,0.5198487712665407,0.5334120982986768,0.4884845620667927,0.5643876337693222
-0.03,0.5152341659540759,0.014909519249956753,0.46775362318840574,0.5216603654694392,0.5330655324511657,0.4902804032766226,0.563410905384746
-0.0298,0.5154424260347872,0.015869653627828086,0.4636578449905482,0.522810333963453,0.535239445494644,0.48990233144297407,0.565602174282317
-0.0296,0.5149979192241532,0.015767503223051142,0.4614366729678639,0.5250157529930687,0.5349243856332704,0.49095778197857587,0.5626550025479871
-0.0294,0.5156621282419402,0.015638946240550632,0.46030245746691867,0.5243226212980467,0.5386105860113422,0.49462822936357903,0.5604467470698149
-0.0292,0.5163377429939988,0.015821109772398072,0.4587271581600504,0.5253938248267171,0.5415248897290484,0.4968021424070573,0.5592406998471209
-0.029,0.5182624553005142,0.015685098785684255,0.461231884057971,0.5268746061751732,0.545919974795211,0.49828292375551353,0.5590028877187022
-0.0288,0.5189764670031657,0.01574595258208707,0.45942028985507244,0.5287334593572778,0.5484877126654064,0.5019218651543793,0.5563190079836928
-0.0286,0.5195908251699809,0.015752681082682348,0.4590107120352867,0.5281033396345305,0.5506616257088848,0.5048361688720857,0.5553422795991168
-0.0284,0.5212337475511548,0.015709954614495758,0.46008191556395717,0.5281190926275993,0.5528355387523629,0.5088216761184625,0.5563105146933921
-0.0282,0.5215186966379737,0.01588868983234234,0.4578449905482042,0.5288122243226213,0.5520636420919975,0.5127914303717706,0.5560811958552743
-0.028,0.5215541415413518,0.015396725123248044,0.45899495904221804,0.5284971644612477,0.5495274102079395,0.5153749212350347,0.5553762527603194
-0.0278,0.5232497051966628,0.014951040980666238,0.4630434782608696,0.5299464398235664,0.5528512917454316,0.515752993068683,0.554654323084763
-0.0276,0.523410351474509,0.014470052988435015,0.46449275362318837,0.5314429741650913,0.5535444234404536,0.5168241965973536,0.5507474095464582
-0.0274,0.5229153954828112,0.01471970466704154,0.4625393824826717,0.5303245116572148,0.554269061121613,0.5179111531190926,0.5495328690334634
-0.0272,0.5237347496737816,0.014986350345104512,0.46219281663516065,0.5310806553245117,0.556064902331443,0.5190296156269691,0.5503057584508239
-0.027,0.523769102812055,0.0153258966448134,0.46038122243226215,0.5304032766225583,0.5570888468809073,0.5209042218021424,0.5500679463224053
-0.0268,0.525124410379946,0.01581864810473623,0.46028670447385,0.5307813484562066,0.5622085696282293,0.5220226843100189,0.5503227450314252
-0.0266,0.5265275752571348,0.015479908552832102,0.46283868935097666,0.5318998109640832,0.5632325141776937,0.5245904221802142,0.5500764396127059
-0.0264,0.5285049941296218,0.01557793043991418,0.4649968494013862,0.5341209829867675,0.5680214240705734,0.526039697542533,0.5493460166468489
-0.0262,0.5284368294541956,0.01532981455258062,0.46641461877756774,0.5312066792690612,0.568336483931947,0.5271266540642722,0.5490997112281298
-0.026,0.5291892723588945,0.015196239218390223,0.4682577189666037,0.529773156899811,0.5701008191556396,0.528969754253308,0.5488449125191099
-0.0258,0.5306126793103769,0.014609475103654079,0.4719754253308128,0.5313011972274733,0.570478890989288,0.5311594202898551,0.5481484627144555
-0.0256,0.5311114436356463,0.015287970561244873,0.47085696282293643,0.529473850031506,0.575551354757404,0.5334120982986768,0.5462629522677085
-0.0254,0.5303099125100118,0.015735585133819965,0.46858853182104604,0.5291115311909264,0.5770321361058601,0.532703213610586,0.544114149821641
-0.0252,0.5301434070927697,0.016128474877558023,0.4666981726528041,0.5284026465028355,0.5781348456206679,0.53528670447385,0.5421946662136911
-0.025,0.5295003815290898,0.016251779286047312,0.46446124763705104,0.5276780088216761,0.5758664146187775,0.5375393824826716,0.5419568540852726
-0.0248,0.5285886361809456,0.016381511636511113,0.4640831758034027,0.5240075614366729,0.5765752993068685,0.5382482671707625,0.5400288771870223
-0.0246,0.5290205630746417,0.016468412521251842,0.46482356647763073,0.5239760554505356,0.5783711405166981,0.5386420919974795,0.5392899609308646
-0.0244,0.5286582356711984,0.016582404383880853,0.46515437933207304,0.5210459987397605,0.5794108380592313,0.539366729678639,0.5383132325462885
-0.0242,0.5298932788906467,0.016527926328069032,0.46814744801512287,0.519580970384373,0.5819470699432893,0.540500945179584,0.5392899609308646
-0.024,0.5319626548901603,0.016023868767868883,0.4752362948960302,0.5181316950220541,0.5852079395085065,0.5441556395715186,0.5370817054526924
-0.0238,0.5322298488793727,0.016199493677811358,0.47556710775047256,0.5181632010081916,0.5869880277252678,0.5438248267170762,0.5366060811958553
-0.0236,0.5334450043130075,0.01637347347668902,0.47854442344045367,0.5184940138626339,0.5913043478260869,0.5441871455576559,0.5346950908782062
-0.0234,0.5336955916986892,0.01664663550037417,0.478922495274102,0.5181474480151229,0.593494013862634,0.5441871455576559,0.5337268557839308
-0.0232,0.5350183015153378,0.01743597172820674,0.4804032766225583,0.5163358538122244,0.5997006931316952,0.5442028985507246,0.5344487854594869
-0.023,0.5351537515671378,0.01743606718184903,0.48149023314429734,0.516698172652804,0.6003938248267171,0.5456679269061122,0.5315186003057584
-0.0228,0.5361347447929494,0.017320456468284708,0.48673597983616884,0.5159892879647133,0.6040170132325142,0.5416824196597354,0.5322490232716154
-0.0226,0.5358995898281316,0.01701223501515407,0.48895715185885325,0.513421550094518,0.6025677378701955,0.5435255198487713,0.53102598946832
-0.0224,0.5366669492411644,0.01711025878415693,0.49124133585381224,0.5119722747321991,0.6043320730938879,0.5435570258349086,0.532232036691014
-0.0222,0.5366271399532618,0.016822569350872278,0.49418714555765597,0.509798361688721,0.6035916824196598,0.5435727788279773,0.5319857312722949
-0.022,0.5364151651952992,0.016408484079287827,0.4957466918714556,0.5079237555135476,0.6013705103969754,0.5428323881537492,0.5342024800407678
-0.0218,0.5377652633310673,0.016620877058445394,0.5009294265910522,0.505671077504726,0.6046313799621928,0.5436042848141147,0.5339901477832513
-0.0216,0.5378622682661668,0.0164587616285167,0.5050252047889099,0.5027882797731569,0.6042375551354757,0.5439666036546944,0.5332936979785969
-0.0214,0.5378436199548544,0.017050017835948554,0.5069313169502205,0.49872400756143664,0.6067422810333964,0.5425330812854442,0.5342874129437745
-0.0212,0.5379624494884705,0.017138782623284252,0.5099401386263389,0.4954631379962192,0.6067265280403277,0.5421550094517957,0.535527433327671
-0.021,0.5370017550659238,0.017123954849438745,0.51028670447385,0.49352551984877124,0.6055923125393825,0.5410365469439193,0.5345676915236963
-0.0208,0.5369251056630604,0.01751059172856639,0.5107120352867044,0.4902173913043478,0.6059388783868934,0.5425015752993069,0.5352556480380499
-0.0206,0.5381011496821733,0.01776573185642137,0.5155797101449274,0.486231884057971,0.6062854442344046,0.5447069943289226,0.5377017156446409
-0.0204,0.5375085904252843,0.01783264616317032,0.5170604914933837,0.4828922495274102,0.6044896030245747,0.5454158790170133,0.5376847290640394
-0.0202,0.5359848491903116,0.017428107323438323,0.5163516068052929,0.4810333963453056,0.6000472589792061,0.5450535601764335,0.5374384236453202
-0.02,0.5357872236509718,0.01827313332588283,0.5178796471329552,0.47597668557025835,0.6018746061751733,0.5442974165091367,0.5389077628673349
-0.0198,0.5346982254214507,0.01842513327677069,0.518982356647763,0.472668557025835,0.6004253308128543,0.5410207939508507,0.5403940886699508
-0.0196,0.5346259602047339,0.01873129161123431,0.5222589792060492,0.46934467548834274,0.6000630119722747,0.5402961562696913,0.541166978087311
-0.0194,0.534943286013879,0.018298443953186493,0.5274574669187146,0.468241965973535,0.5963925645872716,0.5392407057340896,0.543383726855784
-0.0192,0.5340817206517753,0.018888094644608756,0.5293320730938879,0.4631379962192817,0.5953213610586011,0.5392249527410209,0.5433922201460847
-0.019,0.5338620890882467,0.019269712836635713,0.5297101449275362,0.4609640831758034,0.5956836798991808,0.5388468809073725,0.5441056565313402
-0.0188,0.5330990715822213,0.019671765178560053,0.5289855072463767,0.4573408947700063,0.5938248267170763,0.5378071833648393,0.5475369458128079
-0.0186,0.5327093162564145,0.020027850858467575,0.5289540012602394,0.4540800252047889,0.5919974795211089,0.5392879647132955,0.5492271105826397
-0.0184,0.5316805224502762,0.020735959043112297,0.5301039697542532,0.449653434152489,0.5923597983616888,0.5370667926906112,0.549218617292339
-0.0182,0.532876190411969,0.020478205820810717,0.5323251417769377,0.4514492753623188,0.5916351606805292,0.5363894139886578,0.5525819602514014
-0.018,0.5327054511938719,0.02042783051821088,0.5330655324511657,0.4510869565217391,0.5908475110270952,0.5364209199747952,0.5521063359945643
-0.0178,0.5326119003038638,0.02067898497372985,0.5367674858223062,0.44855072463768114,0.5890044108380591,0.5356962822936358,0.5530405979276372
-0.0176,0.5320674140333987,0.021586195195972963,0.5337429111531191,0.4448645242596093,0.5911783238815375,0.5353024574669187,0.5552488534058094
-0.0174,0.531824523056527,0.022313922156941553,0.5367517328292376,0.44040642722117196,0.5907372400756143,0.535239445494644,0.5559877696619671
-0.0172,0.5321613989535539,0.0229143761468546,0.5386105860113422,0.4378071833648393,0.5917926906112161,0.5356490233144298,0.5569475114659419
-0.017,0.5324332126076607,0.02313633504677926,0.5396502835538752,0.43668872085696286,0.5913831127914303,0.5360270951480781,0.5584168506879565
-0.0168,0.5321162073707203,0.022735609682263826,0.5377914303717707,0.43809073724007563,0.5899180844360428,0.5363894139886579,0.5583913708170545
-0.0166,0.532608931666101,0.023629161272597614,0.5370195337114052,0.4354914933837429,0.5932104599873975,0.5360270951480782,0.5612960760998812
-0.0164,0.533895949861865,0.023867203005087125,0.5388468809073723,0.43656269691241334,0.5964398235664776,0.5349243856332704,0.562705962289791
-0.0162,0.5353361507295185,0.0240889418582661,0.5403434152488973,0.43692501575299303,0.597857592942659,0.5364366729678639,0.5651180567351791
-0.016,0.5367582534498438,0.024169853010503704,0.5399023314429742,0.4386893509766855,0.5996219281663515,0.5367989918084436,0.5687786648547648
-0.0158,0.5367101665487668,0.024253458548119076,0.5424228103339634,0.43799621928166355,0.5977945809703844,0.5341209829867675,0.5712162391710549
-0.0156,0.537081395584067,0.02411375117029025,0.5449432892249527,0.4384057971014492,0.5963453056080655,0.5337744171392564,0.5719381688466113
-0.0154,0.5363777856199337,0.023700685815565923,0.5449590422180215,0.438768115942029,0.5915563957151859,0.533002520478891,0.5736028537455409
-0.0152,0.5359605852460362,0.02358124718103431,0.5437775677378701,0.4387366099558916,0.5886263390044109,0.5326559546313799,0.5760064549006285
-0.015,0.5362994718104644,0.023807542650221784,0.5445179584120983,0.4383270321361058,0.5885475740390673,0.5319155639571519,0.5781892305078988
-0.0148,0.5353010750996317,0.02293672230423107,0.5403276622558286,0.4419817265280403,0.5870825456836799,0.5304190296156269,0.5766944114149822
-0.0146,0.5359183061071734,0.022585507211368677,0.5406742281033396,0.4441241335853812,0.5856332703213611,0.5307498424700693,0.5784100560557159
-0.0144,0.5361389529052137,0.021475710252766636,0.539161940768746,0.44990548204158787,0.5841052299936988,0.5296471329552614,0.5778749787667742
-0.0142,0.5379777625644235,0.0208472501659249,0.5402804032766226,0.4542375551354757,0.5840579710144926,0.5322148708254568,0.5790980125700697
-0.014,0.5387428249893045,0.020576108052534705,0.5391461877756774,0.45719911783238815,0.5847668557025835,0.531805293005671,0.5807966706302021
-0.0138,0.5383467823809235,0.020001875881460806,0.5376339004410837,0.4600819155639571,0.5858223062381852,0.5303717706364208,0.5778240190249703
-0.0136,0.5403607042056183,0.02024846003239961,0.5383742911153119,0.46296471329552613,0.5897920604914934,0.5292218021424071,0.5814506539833532
-0.0134,0.541655778985641,0.019968233924857227,0.5395242596093258,0.46696597353497155,0.5913043478260869,0.5273944549464398,0.583089859011381
-0.0132,0.5413332608701004,0.01973501089159085,0.5398708254568367,0.4687618147448015,0.5913043478260869,0.5243698802772526,0.582359436045524
-0.013,0.540375232174018,0.019399738713532344,0.5387366099558916,0.46984877126654057,0.5887523629489604,0.5221959672337745,0.5823424494649228
-0.0128,0.5399227030305794,0.018756192614730504,0.5402488972904852,0.4720226843100189,0.583947700063012,0.5203213610586012,0.5830728724307798
-0.0126,0.5404090608368979,0.018401175356138767,0.538421550094518,0.4756301197227473,0.5835853812224322,0.519628229363579,0.5847800237812129
-0.0124,0.5396120246794572,0.01828048592253018,0.5380119722747322,0.4774574669187145,0.5813799621928166,0.5152331442974165,0.5859775777136063
-0.0122,0.5393155478375612,0.01790542343983151,0.5409735349716446,0.47747321991178326,0.579473850031506,0.5148708254568368,0.5837863088160353
-0.012,0.5386075081970688,0.01775245597178037,0.5375708884688091,0.4807498424700693,0.5805765595463138,0.5108380592312539,0.5833021912688976
-0.0118,0.5386952400861038,0.017713528631026078,0.5393509766855702,0.48363264020163826,0.5798519218651543,0.5063957151858853,0.584244946492271
-0.0116,0.5373312861667261,0.017743556052082027,0.5396975425330812,0.48284499054820423,0.5754410838059231,0.5034341524889728,0.5852386614574486
-0.0114,0.5362475369725719,0.017073234740840316,0.5358853182104599,0.4872400756143668,0.571424070573409,0.5012287334593573,0.5854594870052658
-0.0112,0.5340761590718883,0.01724873846242372,0.5341209829867675,0.4850819155639571,0.5692501575299307,0.49792060491493384,0.5840071343638525
-0.011,0.5319797972078428,0.017352513157244728,0.5311594202898551,0.48473534971644616,0.5670919974795211,0.4938563327032136,0.5830558858501783
-0.0108,0.5328565001071963,0.01694105332026022,0.5356490233144297,0.48911468178954004,0.566698172652804,0.4912255828607434,0.5815950399184644
-0.0106,0.533199036057041,0.01650071058447079,0.5385948330182735,0.4916194076874606,0.5674543163201008,0.490154379332073,0.5781722439272974
-0.0104,0.5320015929066951,0.01609740657956446,0.5404379332073093,0.4923755513547574,0.5637838689350977,0.48796471329552615,0.5754458977407848
-0.0102,0.5309784848419654,0.01626539403250515,0.5378701953371141,0.494580970384373,0.5648550724637682,0.48360113421550094,0.5739850518090709
-0.01,0.5301183628575517,0.016268219440538405,0.5370982986767485,0.49747952110901067,0.563421550094518,0.47958412098298686,0.5730083234244947
-0.0098,0.5302341209990422,0.01549609129999344,0.5352236925015753,0.5022054190296157,0.5626811594202898,0.4802772526780088,0.5707830813657211
-0.0096,0.530127893859881,0.015784566637428,0.5374448645242597,0.5014650283553876,0.5637366099558917,0.4784499054820416,0.5695430609818243
-0.0094,0.5301081366577367,0.015790634790011988,0.5373976055450536,0.5018273471959673,0.5641619407687462,0.47810333963453056,0.5690504501443859
-0.0092,0.5298823681969254,0.01555042817381275,0.5403906742281033,0.5044265910522998,0.5619880277252679,0.47597668557025835,0.5666298624086972
-0.009,0.5292206515076152,0.015363374191212703,0.5411625708884689,0.5066320100819155,0.5619722747321991,0.47383427851291743,0.5625021233225752
-0.0088,0.5278057517610867,0.015283363703759729,0.5433679899180844,0.5051984877126654,0.5598613736609956,0.4720226843100189,0.5585782232036691
-0.0086,0.5263916574589125,0.015474975287812862,0.5433522369250158,0.5051984877126654,0.5588059231253938,0.4686988027725268,0.5559028367589605
-0.0084,0.5276853793064915,0.015110718745388869,0.545179584120983,0.5103182104599873,0.5602394454946439,0.4694706994328922,0.5532189570239511
-0.0082,0.5277495793760862,0.015340338617837226,0.5466446124763704,0.5100031505986138,0.5620982986767487,0.4687618147448015,0.5512400203838966
-0.008,0.5271988796777453,0.015608327920226955,0.5466131064902331,0.5114996849401386,0.5610270951480781,0.46589477000630125,0.5509597418039748
-0.0078,0.5271766809891264,0.01618965841246585,0.5470541902961562,0.5119092627599244,0.5607120352867045,0.4629804662885948,0.5532274503142517
-0.0076,0.5274052056216484,0.016716591958116738,0.547810333963453,0.5151858853182105,0.563027725267801,0.4597195967233774,0.5512824868354
-0.0074,0.5272517109404176,0.016759333199919447,0.5463137996219282,0.5170447385003151,0.5648708254568369,0.4589634530560806,0.549065738066927
-0.0072,0.5274476292588337,0.01653570701109561,0.5478418399495903,0.5159420289855073,0.5659892879647133,0.46085381222432265,0.5466111771700357
-0.007,0.528828115927044,0.016581703284177823,0.5511499684940138,0.5184940138626338,0.56854127284184,0.46201953371140514,0.543935790725327
-0.0068,0.5300250399537862,0.016447663528876614,0.5518588531821046,0.5159577819785759,0.5725582860743541,0.46605229993698805,0.5436979785969085
-0.0066,0.5304216466408047,0.01614311887762266,0.5522526780088216,0.5188720856962823,0.5718966603654694,0.4668241965973535,0.5422626125360964
-0.0064,0.5320092448956502,0.016022794819743585,0.5552299936988028,0.5228733459357277,0.5719439193446755,0.4679741650913673,0.5420248004076779
-0.0062,0.5332627833652246,0.014839382645736397,0.5549936988027725,0.5228733459357278,0.5705103969754253,0.4746376811594203,0.5432987939527772
-0.006,0.5347567483125004,0.014647971015877953,0.5565059861373661,0.5268746061751732,0.5727000630119723,0.47685885318210464,0.5408442330558858
-0.0058,0.5355739500136417,0.01405517383320997,0.5568683049779458,0.5272211720226843,0.573062381852552,0.48087586641461877,0.5398420248004075
-0.0056,0.5374078932904506,0.013843051360797715,0.5586641461877757,0.526890359168242,0.5767328292375552,0.4856490233144298,0.53910310854425
-0.0054,0.5399369789296827,0.013642613301799606,0.5602551984877127,0.5294580970384373,0.5803875236294896,0.4899968494013862,0.5395872260913878
-0.0052,0.5393767311032853,0.013193237353151546,0.5594833018273472,0.5257876496534342,0.5785759294265912,0.4922180214240705,0.5408187531849838
-0.005,0.5393352317201862,0.013457031266000027,0.5588216761184625,0.5254253308128545,0.5797101449275364,0.4911783238815374,0.5415406828605402
-0.0048,0.5422023331876575,0.01343929075382818,0.5622400756143667,0.5276149968494014,0.583790170132325,0.49560491493383746,0.5417615084083574
-0.0046,0.5436703135902599,0.01364392739130931,0.5641304347826087,0.5294108380592313,0.5867359798361689,0.49708569628229365,0.540988618990997
-0.0044,0.5445273331421674,0.014214752903879664,0.563768115942029,0.5286389413988657,0.5915091367359798,0.49751102709514805,0.5412094445388144
-0.0042,0.5464790880421858,0.014085727104006018,0.5660365469439192,0.5304820415879017,0.5922180214240707,0.49930686830497795,0.5443519619500594
-0.004,0.5463537191566992,0.01363478858105915,0.566446124763705,0.5315217391304348,0.5896660365469439,0.5000630119722747,0.5440716833701376
-0.0038,0.5474560856217854,0.013185401707927745,0.5660522999369879,0.5333963453056081,0.5896975425330814,0.5025677378701954,0.5455665024630542
-0.0036,0.5474884623441116,0.01335208987493581,0.5637681159420289,0.5311909262759924,0.5915406427221171,0.5029300567107751,0.548012570069645
-0.0034,0.5469351536482776,0.013175226775261638,0.563421550094518,0.5279143037177064,0.5911940768746062,0.5051354757403906,0.5470103618141667
-0.0032,0.5477571650028488,0.013614857269646468,0.5626969124133586,0.5308286074354127,0.5941556395715185,0.5033553875236295,0.5477492780703245
-0.003,0.5494784696964005,0.013481200754260738,0.5637996219281665,0.5312066792690611,0.594927536231884,0.5055135475740391,0.5519449634788517
-0.0028,0.5515413009922538,0.013683164018446952,0.5671392564587271,0.5330182734719596,0.5957151858853182,0.5054977945809703,0.5563359945642942
-0.0026,0.5517346756050119,0.01345688083554505,0.567548834278513,0.531899810964083,0.5964555765595463,0.5084120982986768,0.5543570579242398
-0.0024,0.5533899226227537,0.013376103846018101,0.566052299936988,0.5354914933837429,0.5982514177693762,0.5091367359798362,0.5580176660438253
-0.0022,0.5546671374100912,0.013076378356322848,0.5653749212350345,0.5387838689350977,0.598660995589162,0.5105702583490863,0.5599456429420757
-0.002,0.5549074846813047,0.012461422551420675,0.5657529930686831,0.5387366099558916,0.5968966603654694,0.5134688090737239,0.5596823509427551
-0.0018,0.5550355588964995,0.01205280166561541,0.5642879647132956,0.540957781978576,0.5961877756773786,0.5145715185885318,0.5591727535247154
-0.0016,0.5558223720651988,0.011724186426772247,0.5627756773787018,0.542391304347826,0.5965500945179583,0.5167611846250788,0.5606335994564293
-0.0014,0.5549605118194811,0.012098792117775231,0.5606017643352237,0.5412728418399496,0.5969911783238816,0.5145557655954631,0.5613810090028878
-0.0012,0.5549899675349732,0.011854204762614002,0.5583963453056081,0.5401543793320731,0.5974007561436673,0.5171077504725898,0.5618906064209275
-0.001,0.5556957187501773,0.011864738642058026,0.5576086956521739,0.5420447385003151,0.5978418399495904,0.5171392564587272,0.5638440631900797
-0.0008,0.5561797710054803,0.011685076674578765,0.5602709514807813,0.5401858853182104,0.5967863894139886,0.5185885318210459,0.5650670969933753
-0.0006,0.5566807900397628,0.011246126552195389,0.5595305608065532,0.5405166981726528,0.5953213610586011,0.5207939508506616,0.5672413793103448
-0.0004,0.5549637309210034,0.011671411963830636,0.5566005040957782,0.5354127284183996,0.5942974165091368,0.5193131695022053,0.5691948360794973
-0.0002,0.5554401434964676,0.010894273689045674,0.5558601134215502,0.5365469439193447,0.5913673597983617,0.5225582860743541,0.5708680142687277
0.0,0.5559181894381574,0.011121968392152244,0.5548046628859483,0.5361688720856963,0.5936200378071834,0.5236452425960932,0.5713521318158655
0.0002,0.5557291706470602,0.01091861582063141,0.5525992438563327,0.5343257718966603,0.5922180214240707,0.5261972274732198,0.5733055885850178
0.0004,0.5561113687105901,0.010775182558264306,0.5500472589792059,0.5357908002520478,0.591855702583491,0.5276465028355387,0.575216578902667
0.0006,0.5553982020555368,0.01090873622234188,0.5515752993068683,0.5317737870195337,0.5889571518588532,0.5272684310018904,0.5774163410905384
0.0008,0.5550905351564955,0.010582974566462197,0.5526937618147448,0.5295368620037808,0.5868147448015122,0.5294580970384374,0.576949210124002
0.001,0.5550241258681003,0.009793972863783001,0.5538909892879647,0.5316950220541903,0.5824669187145558,0.5301354757403907,0.5769322235434007
0.0012,0.5550198182125471,0.009437052052325723,0.5560491493383743,0.5291430371770637,0.5803087586641462,0.5333963453056081,0.5762018005775437
0.0014,0.5549582271404457,0.00969923963650241,0.5556395715185884,0.5251575299306868,0.578481411468179,0.5366099558916194,0.5789026668931545
0.0016,0.5552863999570145,0.00972660007245303,0.5574984247006931,0.523708254568368,0.5758821676118462,0.5384530560806553,0.5808900968235096
0.0018,0.5563378152431602,0.009624485399611542,0.5605545053560176,0.5240233144297417,0.5733774417139256,0.5406269691241337,0.5831068455919823
0.002,0.5555518332074059,0.010603331488616887,0.5605545053560177,0.519234404536862,0.5726528040327663,0.5394927536231885,0.5858246984881943
0.0022,0.5556635957026841,0.010206362632917293,0.562476370510397,0.5203528670447385,0.571565847511027,0.5398393194706995,0.5840835739765585
0.0024,0.55594856191523,0.01099211122888758,0.5655009451795842,0.5177693761814744,0.5723534971644613,0.5383112791430372,0.5858077119075931
0.0026,0.5553333501379532,0.01089133552947674,0.566650913673598,0.5166666666666667,0.5672652804032766,0.5397920604914934,0.5862918294547308
0.0028,0.5540991294885862,0.01133771054547272,0.5666351606805293,0.5145085066162571,0.5621928166351606,0.5386420919974795,0.5885170715135043
0.003,0.553963605582088,0.011052187771376067,0.5648078134845621,0.5145715185885319,0.5581600504095778,0.5430056710775047,0.5892729743502633
0.0032,0.5536889137354646,0.011525479598744127,0.5652016383112791,0.5120667926906112,0.5556080655324511,0.5448172652804033,0.5907508068625785
0.0034,0.5509667312413615,0.011934000014461788,0.5674228103339634,0.5099558916194077,0.5471487082545684,0.5407529930686831,0.5895532529301851
0.0036,0.5505682471465059,0.012139404100898133,0.5703686200378072,0.5103654694391935,0.5427536231884058,0.5400126023944549,0.5893409206726685
0.0038,0.5499936072871681,0.012149825458809736,0.5726055450535601,0.5088846880907373,0.5412728418399496,0.5407687460617516,0.586436215389842
0.004,0.5516806294860709,0.01194811757427789,0.5740705734089476,0.5100031505986138,0.5453213610586012,0.5425803402646503,0.5864277220995413
0.0042,0.5521491840286753,0.012666477303736661,0.5777882797731568,0.5093257718966603,0.5416509136735981,0.5433364839319471,0.5886444708680143
0.0044,0.5521800916847209,0.012630718265384498,0.5770478890989288,0.5097353497164461,0.5398393194706994,0.545132325141777,0.5891455749957534
0.0046,0.5518361177089759,0.01229105524631414,0.5758506616257089,0.5104442344045368,0.5402173913043479,0.5447542533081287,0.5879140479021573
0.0048,0.5515974690958226,0.012621662821131741,0.5780560806553245,0.5107908002520478,0.5365154379332072,0.544439193446755,0.5881858331917785
0.005,0.5509796397581891,0.012586249082345246,0.5776465028355388,0.5100661625708884,0.5354442344045369,0.5447700063011973,0.5869712926787838
0.0052,0.5496511703454334,0.01256004888666039,0.5768588531821045,0.5093257718966603,0.5343100189035918,0.5422337744171393,0.5855274333276711
0.0054,0.5486567949694032,0.012514940080811724,0.5746219281663516,0.5114996849401386,0.5291902961562697,0.5414933837429111,0.5864786818413453
0.0056,0.5471232899292482,0.012558116575426029,0.5727630749842471,0.5115154379332072,0.5233774417139256,0.54294265910523,0.5850178359096314
0.0058,0.5477118139366812,0.012781892010944164,0.5738185255198488,0.5148393194706993,0.5207939508506616,0.5418557025834909,0.5872515712587056
0.006,0.5477925157147278,0.01245533800679017,0.5730466288594833,0.518840579710145,0.5178638941398865,0.5429111531190927,0.5863003227450314
0.0062,0.5491889710531327,0.012434489813875325,0.5749054820415879,0.5203843730308758,0.5177851291745432,0.5465185885318211,0.5863512824868354
0.0064,0.5461892806006506,0.01259250735207812,0.5704473850031506,0.5186042848141147,0.5119407687460618,0.5457939508506616,0.5841600135892644
0.0066,0.546646857552162,0.012916370780515227,0.570825456836799,0.5178954001260239,0.5100976685570258,0.5502047889098929,0.5842109733310685
0.0068,0.5462042736395778,0.013160840436892422,0.5704473850031506,0.5186042848141147,0.5078764965343415,0.5491178323881538,0.5849753694581281
0.007,0.5456831714791566,0.01356275909190224,0.5692501575299307,0.5171550094517958,0.5056868304977945,0.5505671077504726,0.5857567521657889
0.0072,0.5446957635981752,0.013605878797848475,0.565500945179584,0.5197700063011972,0.5008979206049149,0.5527252678008822,0.5845846781042977
0.0074,0.5435546967360183,0.014135190286818781,0.5655166981726527,0.5190768746061752,0.4968651543793321,0.5519848771266541,0.5843298793952778
0.0076,0.5438027008127977,0.014276528882001167,0.5651386263390044,0.5184152488972904,0.49719596723377446,0.5526937618147448,0.5855698997791745
0.0078,0.5428772473904405,0.014757882610759032,0.5613736609955893,0.5155009451795841,0.4964240705734089,0.5523156899810964,0.5887718702225242
0.008,0.5424865078705026,0.014919577009665046,0.5602079395085066,0.5147920604914933,0.4946439823566477,0.5552142407057341,0.5875743162901308
0.0082,0.5404243658851663,0.015442805925301695,0.5590737240075614,0.5115626969124134,0.4909105229993699,0.5537649653434153,0.5868099201630711
0.0084,0.5405752258803131,0.01518445147055858,0.5575614366729678,0.5109010712035287,0.4923282923755513,0.5567107750472589,0.5853745541022592
0.0086,0.5395124985162163,0.015117680783979785,0.5542060491493384,0.5090894770006301,0.4919187145557656,0.5588846880907372,0.5834635637846102
0.0088,0.5376811214225828,0.015968386032236548,0.5564744801512287,0.5044108380592313,0.4867832388153749,0.5606962822936358,0.5800407677934432
0.009,0.5372810350018822,0.01630976195517915,0.5587429111531191,0.5015280403276623,0.4860270951480781,0.5617989918084436,0.578308136572108
0.0092,0.5363383819976926,0.01588413685809958,0.5575929426591053,0.4997321991178324,0.4877756773787019,0.5607120352867045,0.5758790555461186
0.0094,0.5342684130198768,0.015473569379488726,0.5545841209829867,0.499054820415879,0.48664146187775675,0.5581127914303717,0.5729488703923901
0.0096,0.5338373226109155,0.015256772809033469,0.5571361058601134,0.4968966603654694,0.48881537492123506,0.5541115311909263,0.5722269407168337
0.0098,0.5337679355867151,0.01480075160658108,0.5552457466918714,0.4991335853812224,0.48879962192816634,0.5556080655324511,0.5700526583998642
0.01,0.5327235787760436,0.015471706912803954,0.5571518588531822,0.49366729678638943,0.48807498424700696,0.5548834278512917,0.5698403261423476
0.0102,0.5327681720287853,0.015692436076332694,0.5590107120352867,0.4915406427221172,0.4887366099558916,0.5556553245116571,0.5688975709189741
0.0104,0.5319381040899553,0.016084126523115454,0.5601291745431631,0.48868935097668553,0.4876496534341525,0.5552930056710775,0.5679293358246984
0.0106,0.5303930316914791,0.015757042997826987,0.559388783868935,0.4857908002520479,0.4894454946439824,0.5515595463137996,0.5657805333786309
0.0108,0.5289728829095839,0.015546603433362656,0.5575456836798991,0.48438878386893514,0.4890201638311279,0.5507876496534341,0.5631221335145236
0.011,0.5262366942465799,0.015822062720733623,0.5542375551354757,0.4800409577819786,0.48640516698172653,0.5493226212980467,0.5611771700356719
0.0112,0.5257230813807061,0.015889908294021503,0.555765595463138,0.47569313169502203,0.4900283553875237,0.5471487082545684,0.5599796161032783
0.0114,0.5265907863159873,0.015939387133751756,0.5569628229363579,0.47386578449905487,0.49399810964083174,0.5478418399495903,0.5602853745541022
0.0116,0.5274120858825245,0.016025232935430143,0.5584436042848141,0.4709672337744172,0.4997952110901071,0.5467706364209199,0.5610837438423646
0.0118,0.5259968602120015,0.016349079285311065,0.5580655324511656,0.4673597983616887,0.49977945809703844,0.5441713925645872,0.5606081195855275
0.012,0.5256413360036623,0.016602854659284568,0.5581285444234405,0.46482356647763073,0.5012129804662886,0.5433994959042219,0.56064209274673
0.0122,0.5240239218578759,0.016473765968734982,0.5576874606175173,0.46449275362318837,0.49940138626339003,0.5386263390044108,0.559911669780873
0.0124,0.5228725667151431,0.01681043838490383,0.555072463768116,0.4605229993698803,0.5008664146187776,0.5367832388153749,0.5611177170035672
0.0126,0.5215473699218072,0.01710632238498131,0.5553717706364208,0.45724637681159414,0.5023156899810963,0.5317107750472589,0.5610922371326652
0.0128,0.5215891245852765,0.017677030692374578,0.556112161310649,0.45395400126023944,0.5034026465028355,0.5331127914303717,0.5613640224222864
0.013,0.5197712206222868,0.017910320802153466,0.5553245116572147,0.4507088846880908,0.5037492123503464,0.5286862003780718,0.5603872940377103
0.0132,0.5179610612342147,0.017711542065825592,0.5526622558286075,0.44925960932577186,0.5033238815374921,0.5261342155009452,0.5584253439782572
0.0134,0.5171026379078613,0.018099359003509275,0.5545053560176434,0.447069943289225,0.5025677378701954,0.5239130434782608,0.5574571088839817
0.0136,0.5151822246940355,0.017887300504894104,0.550346565847511,0.44601449275362326,0.5021739130434784,0.519927536231884,0.557448615593681
0.0138,0.5152807554243867,0.018388250448112334,0.5536862003780718,0.44533711405166976,0.5018588531821047,0.5166036546943918,0.5589179548156956
0.014,0.51362896566281,0.018890691133239757,0.5525204788909892,0.4442501575299307,0.49818840579710155,0.5110743541272842,0.5621114319687447
0.0142,0.5133428199158077,0.019620804605355095,0.5543478260869564,0.4413043478260869,0.49779458097038437,0.5099243856332702,0.5633429590623407
0.0144,0.5119831083601485,0.02070288010856714,0.5561279143037178,0.43549149338374293,0.49818840579710144,0.5062381852551986,0.5638695430609818
0.0146,0.5105581841762776,0.02135190481696426,0.556805293005671,0.4315059861373661,0.4974322621298047,0.5036704473850031,0.5633769322235433
0.0148,0.5105087191893452,0.022494876032331683,0.5570415879017012,0.42712665406427225,0.49747952110901067,0.5028985507246377,0.5679972821471038
0.015,0.5094112276695235,0.023594367863374308,0.5580970384373031,0.4216761184625078,0.49532136105860103,0.5025204788909894,0.5694411414982163
0.0152,0.509309260019808,0.0239340651148707,0.5584120982986767,0.4194706994328922,0.49899180844360425,0.49998424700693134,0.5696874469169356
0.0154,0.5083598776752125,0.024448626812438045,0.5612791430371772,0.41729678638941403,0.49858223062381857,0.49621928166351603,0.5684219466621369
0.0156,0.5087101699739122,0.024855990631131548,0.5623660995589161,0.41769061121613105,0.4960302457466918,0.49585696282293634,0.5716069305248854
0.0158,0.5098524195815992,0.025053508727723203,0.5623503465658475,0.4191556395715185,0.4992911153119093,0.49294265910523,0.5755223373534907
0.016,0.5102853675967756,0.025737701739725633,0.5653119092627599,0.4191713925645872,0.4971014492753623,0.4910838059231254,0.5787582809580432
0.0162,0.5108063905507088,0.026386447328261172,0.5664146187775677,0.4172652804032766,0.49891304347826093,0.4899968494013862,0.5814421606930524
0.0164,0.5108502126105506,0.02663073822972891,0.5667769376181474,0.4176275992438564,0.4992753623188406,0.4874133585381223,0.5831578053337862
0.0166,0.5100736481191831,0.026556819457122797,0.5651858853182105,0.4164933837429111,0.5007561436672967,0.48596408317580336,0.5819687446916937
0.0168,0.5107846002036462,0.027404298885636492,0.5688405797101449,0.4135160680529301,0.501496534341525,0.4866572148708254,0.5834126040428061
0.017,0.5115318508019496,0.027496206070557888,0.5695494643982357,0.4146345305608065,0.504773156899811,0.48405797101449277,0.5846441311364021
0.0172,0.5115181994567077,0.0290147831631977,0.5724795211090108,0.4109798361688721,0.5044580970384374,0.4796786389413989,0.5899949040258197
0.0174,0.5118512129670868,0.02881574859886063,0.5714083175803403,0.4131064902331443,0.5059231253938248,0.47780403276622563,0.5910140988618992
0.0176,0.5141755268221533,0.029570211648319304,0.5781190926275992,0.413815374921235,0.5084908632640202,0.47700063011972277,0.5934516731781893
0.0178,0.5148649748803045,0.029212954679982178,0.5784026465028356,0.4181316950220542,0.5052142407057342,0.47742596093257716,0.5951503312383217
0.018,0.5152199093214155,0.03002459787752951,0.5835223692501574,0.41850976685570257,0.5044580970384374,0.4730151228733459,0.5965941905894343
0.0182,0.5153541402355152,0.030240304423472232,0.5845935727788281,0.4195967233774417,0.5015122873345936,0.472715816005041,0.5983523016816715
0.0184,0.5168472633462665,0.03104401418075767,0.587523629489603,0.419533711405167,0.501843100189036,0.4723377441713925,0.6029981314761338
0.0186,0.5182286550021198,0.03185978496258186,0.5912098298676748,0.41950220541902966,0.5029143037177064,0.47084120982986766,0.6066757261763207
0.0188,0.5195785717122162,0.0320149958483293,0.5945337114051669,0.421266540642722,0.5028985507246377,0.4715500945179585,0.6076439612705962
0.019,0.5183687418445414,0.031633925963559045,0.5914776307498425,0.423755513547574,0.49955891619407683,0.4694076874606175,0.6076439612705962
0.0192,0.5186300033748386,0.03172382128074196,0.592249527410208,0.4248267170762444,0.49806238185255197,0.46940768746061756,0.6086037030745711
0.0194,0.519445778824017,0.03171537921553839,0.592596093257719,0.4270478890989288,0.4972904851921866,0.46975425330812853,0.6105401732631222
0.0196,0.5203024296376121,0.03173536490606927,0.5963610586011342,0.42919029615626964,0.49799936988027727,0.46863579080025203,0.6093256327501275
0.0198,0.5216607545445526,0.03167792702862288,0.5989287964713296,0.4331758034026465,0.4990390674228104,0.4671550094517958,0.6100050959741804
0.02,0.5217012274543815,0.03175500341180216,0.5992438563327032,0.4350189035916824,0.49760554505356014,0.46568998109640836,0.6109478511975539
0.0202,0.522275719604323,0.030906055399495078,0.597715816005041,0.4390359168241966,0.49831442974165086,0.46680844360428486,0.6095039918464413
0.0204,0.5218484348530382,0.03097523503485915,0.5981253938248268,0.4385790800252048,0.49864524259609333,0.46539067422810343,0.6085017835909631
0.0206,0.520941717511345,0.03124412248092638,0.5985507246376811,0.43788594833018274,0.4961090107120353,0.46394139886578445,0.6082215050110412
0.0208,0.5211320153801874,0.0309554518503442,0.5974480151228734,0.4390044108380593,0.4953843730308759,0.465406427221172,0.6084168506879565
0.021,0.5229431643141804,0.030515698137400345,0.6000945179584122,0.4440453686200378,0.497164461247637,0.46578449905482044,0.6076269746899949
0.0212,0.5231731976162273,0.029851910404183717,0.6001102709514807,0.4490863264020164,0.4939193446754883,0.46685570258349085,0.6058943434686597
0.0214,0.525538452127545,0.029263305497350154,0.6023471959672337,0.45667926906112155,0.4931947069943289,0.4690926275992438,0.6063784610157975
0.0216,0.5255597747281853,0.028878583885267907,0.5997164461247637,0.4584908632640201,0.49172967863894146,0.4705576559546314,0.6073042296585697
0.0218,0.5245538630342143,0.028955389643596355,0.6004883427851293,0.4558758664146188,0.49065847511027094,0.47088846880907376,0.6048581620519788
0.022,0.5245797143193236,0.028260780937488097,0.5985979836168872,0.4598456206679269,0.4892091997479521,0.47164461247637046,0.6036011550874809
0.0222,0.5249977683036828,0.027163340606523746,0.5959829867674858,0.4659735349716446,0.48815374921235033,0.4731884057971015,0.6016901647698318
0.0224,0.5239708090910639,0.02674740895179527,0.5949117832388154,0.46482356647763073,0.4874291115311909,0.4742438563327032,0.5984457278749787
0.0226,0.5238555470604813,0.02631595527886502,0.5927063642091998,0.46362633900441086,0.4874921235034656,0.47756773787019535,0.597885170715135
0.0228,0.5239593749923067,0.02558545319188381,0.5897448015122873,0.4676118462507877,0.48755513547574036,0.4775519848771266,0.597333106845592
0.023,0.5239042039271647,0.02502785113973444,0.5890359168241966,0.4686830497794581,0.489366729678639,0.4775992438563327,0.5948360794971972
0.0232,0.5223240468007588,0.02482312134071479,0.5853497164461248,0.4683207309388783,0.4908790170132325,0.47321991178323886,0.5938508578223203
0.0234,0.521874985617065,0.02374580597318229,0.5827819785759295,0.4723377441713925,0.48906742281033394,0.4750315059861373,0.5901562765415322
0.0236,0.5212022661832502,0.02365792849931815,0.580214240705734,0.473062381852552,0.49132010081915567,0.4710459987397605,0.5903686087990486
0.0238,0.5205494768143878,0.022948377065408823,0.5750472589792059,0.4723062381852552,0.49755828607435415,0.46891934467548835,0.5889162561576354
0.024,0.5203318869586411,0.02234895513639568,0.5714083175803403,0.47597668557025835,0.49941713925645875,0.46671392564587266,0.5881433667402751
0.0242,0.5194242507146513,0.021874532746401883,0.5688248267170761,0.4781348456206679,0.4987240075614367,0.4652646502835539,0.5861729233905215
0.0244,0.519361525063127,0.021151337344155835,0.5651228733459357,0.4796156269691242,0.5031033396345306,0.46450850661625714,0.5844572787497876
0.0246,0.5175943962051959,0.01946104498179351,0.5573408947700063,0.4817737870195337,0.505671077504726,0.4648865784499055,0.5782996432818075
0.0248,0.5171768977366104,0.0185371567408209,0.5547258979206049,0.4817265280403277,0.5074984247006931,0.4671077504725898,0.5748258875488365
0.025,0.5174343675238843,0.017783443738910783,0.5521109010712035,0.486830497794581,0.5126023944549465,0.46422495274102077,0.5714030915576693
0.0252,0.5158184277961684,0.01734123084742527,0.5498897290485192,0.4853812224322621,0.5140359168241966,0.46280718336483934,0.5669780873110243
0.0254,0.5151478747668359,0.017592025882647938,0.5506301197227473,0.48536546943919345,0.5166194076874606,0.4588216761184625,0.5643027008663155
0.0256,0.5156585495001481,0.01725972737045848,0.5499212350346566,0.4864681789540013,0.5218336483931948,0.4584593572778828,0.5616103278410056
0.0258,0.5151925386632021,0.016901292713362156,0.548408947700063,0.49050094517958415,0.5218651543793321,0.4562696912413358,0.5589179548156956
0.026,0.5153257088525774,0.01651088942549244,0.545872715816005,0.4941713925645873,0.5222274732199117,0.45592312539382485,0.5584338372685579
0.0262,0.5143556279260242,0.016557411752272353,0.5422022684310018,0.49672337744171385,0.521124763705104,0.4530560806553246,0.5586716493969763
0.0264,0.5137633378641586,0.01600497804546806,0.5402804032766226,0.5014650283553875,0.5200535601764336,0.4520321361058602,0.5549855614064889
0.0266,0.5148551436425715,0.016179303123605993,0.5418084436042848,0.5043320730938878,0.5218966603654694,0.451244486452426,0.5549940546967896
0.0268,0.5147451108457336,0.01631551408958249,0.5418714555765595,0.5068840579710144,0.521518588531821,0.44941713925645876,0.5540343128928147
0.027,0.5136598444191911,0.016200519818950918,0.538169502205419,0.5061751732829236,0.5225897920604915,0.44829867674858226,0.5530660777985392
0.0272,0.5133452865556942,0.016474633866509054,0.5363579080025205,0.5054032766225582,0.5240233144297417,0.4468651543793321,0.554076779344318
0.0274,0.5127896070170098,0.015857256508764017,0.5330340264650283,0.5083018273471959,0.5236137366099559,0.44760554505356015,0.5513928996093086
0.0276,0.51290873143424,0.01585520034159907,0.5319628229363579,0.5072621298046629,0.5254253308128545,0.4479993698802772,0.5518940037370477
0.0278,0.5115111784437616,0.01593100967606361,0.5316320100819156,0.5054347826086956,0.5261814744801512,0.4457939508506616,0.5485136741973841
0.028,0.512027173391244,0.01666856433734395,0.5324511657214871,0.5072621298046629,0.5283553875236295,0.44251732829237556,0.5495498556140649
0.0282,0.5122748568958185,0.016644988278529674,0.5309703843730309,0.510932577189666,0.5291115311909264,0.44176118462507874,0.5485986071003908
0.0284,0.5113599213458168,0.016428369544421905,0.526591052299937,0.5113106490233144,0.5287177063642092,0.4417769376181474,0.5484032614234755
0.0286,0.5122629379249121,0.016936395864287603,0.5281505986137366,0.5149495904221804,0.5301984877126654,0.43958727158160055,0.5484287412943775
0.0288,0.5111682764314994,0.017283070264234913,0.5266855702583492,0.51531190926276,0.5294423440453686,0.4367202268431002,0.5476813317479191
0.029,0.5110725842904207,0.017530077414907894,0.5277567737870197,0.518635790800252,0.5294423440453686,0.43453056080655317,0.5449974520129098
0.0292,0.5091566515949564,0.01758046217392798,0.5244643982356648,0.5156742281033397,0.5294423440453686,0.43264020163831124,0.5435620859520979
0.0294,0.5089250753719308,0.017934145975109082,0.5260239445494644,0.5178481411468179,0.5294423440453686,0.4301354757403907,0.5411754713776118
0.0296,0.5082539807414777,0.01804075591521143,0.5275992438563326,0.5181632010081916,0.5275992438563327,0.4286862003780718,0.5392220146084593
0.0298,0.5070450044842646,0.018640441270512353,0.5254253308128545,0.5200063011972275,0.5253623188405797,0.4247164461247637,0.5397146254458978
0.03,0.5063609215953171,0.018418653371492733,0.526244486452426,0.5229048519218651,0.5238972904851922,0.42438563327032125,0.5343723458467811
0.0302,0.5062314179170856,0.018805298455076468,0.527678008821676,0.5243383742911153,0.5256773787019534,0.4222589792060491,0.5312043485646339
0.0304,0.5060058876109171,0.01955548695965923,0.5303560176433523,0.5283081285444233,0.5249212350346566,0.41862003780718327,0.5278240190249703
0.0306,0.5053895583799447,0.01942349306780007,0.5303087586641462,0.528323881537492,0.5238342785129175,0.41863579080025204,0.5258450823849159
0.0308,0.5055852214179909,0.019365103059109608,0.532955261499685,0.5301354757403908,0.5230781348456206,0.41936042848141153,0.522396806522847
0.031,0.5062871808901718,0.019998277507140543,0.5351921865154379,0.5338059231253938,0.5249054820415878,0.41756458727158163,0.5199677254968575
0.0312,0.5073099683826967,0.01992820657573809,0.5370037807183364,0.5348771266540643,0.5263390044108381,0.41909262759924387,0.5192373025310006
0.0314,0.5067807159816964,0.020211132383961612,0.536231884057971,0.5351921865154379,0.5266855702583492,0.4173125393824826,0.5184813996942416
0.0316,0.5072062763863302,0.020543300335427863,0.5377284183994959,0.5373818525519848,0.5277252678008821,0.41665091367359797,0.5165449295056904
0.0318,0.5071766333581978,0.02041656186394371,0.5392722117202269,0.5377441713925645,0.5276937618147448,0.41775362318840586,0.5134193986750468
0.032,0.5064874234546893,0.020520744758996776,0.5414618777567737,0.5358695652173914,0.5272526780088216,0.41709199747952114,0.5107609988109394
0.0322,0.5080945236313091,0.0206683063558848,0.5448015122873346,0.5351449275362319,0.5319943289224953,0.41850976685570257,0.5100220825547817
0.0324,0.5077814573116098,0.0201104262486979,0.5436830497794581,0.53145872715816,0.5337744171392564,0.42069943289224954,0.5092916595889247
0.0326,0.5074906662111223,0.019546480682257634,0.5459357277882797,0.5299621928166351,0.5318998109640832,0.4240075614366729,0.5056480380499406
0.0328,0.509037610130467,0.019870918540975842,0.5492281033396346,0.5299779458097038,0.5355702583490863,0.4247637051039697,0.5056480380499406
0.033,0.5100746505093994,0.019887956474127298,0.5518115942028985,0.5299621928166351,0.5366572148708254,0.4262602394454946,0.5056820112111432
0.0332,0.5092852197803432,0.020287485291472885,0.5517800882167612,0.5292375551354758,0.5384057971014493,0.4244801512287335,0.5025225072192968
0.0334,0.5096801845382728,0.020582561748207634,0.5543163201008191,0.5284814114681791,0.5398550724637682,0.42444864524259607,0.5012994734160013
0.0336,0.5097462250883554,0.02066104562010267,0.5558286074354128,0.5258821676118463,0.5419659735349717,0.42517328292375545,0.4998810939357908
0.0338,0.5087028182203609,0.02041054096556735,0.5565847511027096,0.5222432262129805,0.5401071203528671,0.42592942659105226,0.4986495668421947
0.034,0.5084836062371471,0.020455914808347395,0.5558286074354127,0.5218651543793321,0.5415879017013233,0.4259136735979836,0.4972226940716834
0.0342,0.5081747822811661,0.02065013754359473,0.5576874606175173,0.5185727788279773,0.5426591052299938,0.42592942659105226,0.49602514013929
0.0344,0.5085633580725165,0.020779289932807074,0.5606332703213611,0.5181632010081916,0.5407844990548203,0.4259451795841209,0.4972906403940886
0.0346,0.508145230233459,0.02057653181048089,0.562476370510397,0.5133900441083806,0.5400756143667296,0.4277567737870195,0.49702734839476814
0.0348,0.508399214935261,0.020449380685911612,0.5653749212350346,0.5108695652173914,0.5393352236925015,0.4303402646502835,0.496076099881094
0.035,0.5074995785465589,0.020627420153632434,0.5664461247637051,0.5068525519848771,0.5396975425330812,0.4303875236294896,0.49411414982164087
0.0352,0.5078425854538997,0.020437145970010263,0.5663673597983617,0.5050252047889099,0.5411783238815375,0.4322306238185255,0.4944114149821641
0.0354,0.5074060132067186,0.02087051634494121,0.5689508506616257,0.5075929426591053,0.5390201638311278,0.4311909262759924,0.4902751826057415
0.0356,0.5075136665978427,0.020528543849186325,0.5696754883427853,0.5039540012602395,0.5401858853182104,0.43517643352236923,0.48857652454560896
0.0358,0.5072971203410932,0.021214114555009777,0.5745274102079395,0.5013705103969753,0.5384057971014492,0.4340894770006301,0.4880924069984712
0.036,0.5088820785580652,0.020609627680461727,0.5744328922495274,0.5039382482671708,0.5384530560806553,0.4377441713925646,0.48984202480040767
0.0362,0.5091690297494218,0.020316957789943135,0.5747794580970385,0.5035286704473849,0.5377441713925647,0.4399338374291116,0.48985901138100896
0.0364,0.5081949360509294,0.0206019298823932,0.575850661625709,0.5002520478890989,0.5370195337114051,0.43922495274102075,0.488627484287413
0.0366,0.5079094368001263,0.02079095993374893,0.5766225582860743,0.5013074984247007,0.5352551984877127,0.43775992438563327,0.4886020044165109
0.0368,0.5082702640969085,0.020891423264785124,0.5777095148078135,0.5002205419029615,0.5353182104599874,0.43775992438563327,0.49034312892814674
0.037,0.5082656133916336,0.02110704582354874,0.5795368620037807,0.498361688720857,0.5345778197857592,0.4377441713925646,0.4911075250552064
0.0372,0.5098641325086011,0.02107534910176686,0.5836326402016383,0.4972274732199118,0.5338689350976686,0.4417769376181475,0.4928146764056396
0.0374,0.5090905767934195,0.02162083634068574,0.5859168241965973,0.49576244486452425,0.5324354127284183,0.4402646502835538,0.49107355189400376
0.0376,0.5086810557026048,0.021803008712301453,0.5851449275362318,0.4989760554505356,0.5310176433522369,0.43697227473219913,0.491294377441821
0.0378,0.5087423379764391,0.022457075873439244,0.5877599243856333,0.49454946439823566,0.5321361058601134,0.4352709514807813,0.49399524375743165
0.038,0.5090379044789022,0.022002720203999824,0.5873818525519849,0.4926906112161311,0.5314114681789539,0.43823251417769377,0.4954730762697469
0.0382,0.5087297355819841,0.022245001165632876,0.5899023314429742,0.49007561436672964,0.5299779458097038,0.43969754253308124,0.49399524375743165
0.0384,0.5097837341770324,0.022403730673502167,0.5936515437933207,0.4882640201638312,0.5296156269691241,0.44338374291115307,0.49400373704773226
0.0386,0.5108801510574763,0.02206157057658102,0.5951165721487082,0.48935097668557026,0.5278512917454317,0.44710144927536233,0.4949804654323085
0.0388,0.5117357186688302,0.022622998761436204,0.5984404536862004,0.48530245746691875,0.5307813484562067,0.44894454946439827,0.4952097842704264
0.039,0.5117647291154166,0.023419665246823214,0.5999527410207939,0.4827504725897921,0.5348298676748582,0.4463610586011342,0.4949295056905044
0.0392,0.5124526599411795,0.02377732719143753,0.6022054190296156,0.4826559546313799,0.535586011342155,0.44637681159420284,0.4954391031085443
0.0394,0.5141150050376396,0.02405008578724559,0.6044423440453686,0.48188405797101447,0.5377441713925646,0.4471329552614997,0.49937149651775103
0.0396,0.5128453137963038,0.023647482685690255,0.6013705103969754,0.47711090107120346,0.5374133585381222,0.44896030245746693,0.4993714965177509
0.0398,0.5120317192014403,0.023827356463955843,0.6017485822306238,0.4752362948960302,0.5356332703213611,0.4482199117832389,0.49932053677594707
0.04,0.5124644686652176,0.024581731418248074,0.6054347826086957,0.470825456836799,0.5356647763074984,0.4486137366099559,0.5017835909631391
0.0402,0.5128999148958397,0.025269202083274652,0.608097038437303,0.4667454316320101,0.5378386893509767,0.4493383742911153,0.5024800407677935
0.0404,0.5138190617691796,0.025371264263081197,0.6092627599243856,0.46521739130434786,0.5385633270321362,0.4511342155009451,0.5049176150840836
0.0406,0.5132994682782832,0.025235061981772163,0.6070258349086327,0.4597511027095148,0.5397763074984248,0.45403276622558286,0.5059113300492611
0.0408,0.512571345511652,0.02562599937718232,0.6063484562066793,0.4582860743541273,0.5398393194706993,0.45,0.5083828775267538
0.041,0.5128434626122363,0.025761552021074455,0.6056238185255198,0.455718336483932,0.5420604914933838,0.4507246376811594,0.510090028877187
0.0412,0.5123908853026904,0.025855890579912857,0.6030560806553245,0.45092942659105234,0.5446282293635791,0.4517643352236925,0.511576354679803
0.0414,0.5122601255594091,0.02536258284705829,0.6005040957781979,0.45162255828607434,0.5446439823566478,0.45252047889098923,0.5120095124851367
0.0416,0.5103411899747277,0.024910851024764216,0.5956679269061121,0.4483459357277882,0.5409892879647132,0.4517800882167612,0.5149227110582639
0.0418,0.5107605315996959,0.024467741935489458,0.593588531821046,0.4490863264020164,0.5417769376181474,0.4532136105860113,0.5161372515712587
0.042,0.5118097376670414,0.023617465171418023,0.5906112161310648,0.4526937618147448,0.5439981096408317,0.45538752362948964,0.5163580771190759
0.0422,0.5106634699356254,0.023211480727227365,0.5880119722747322,0.4526622558286075,0.5414146187775677,0.45461562696912416,0.5166128758280959
0.0424,0.5117505741667612,0.022564533125742754,0.583947700063012,0.4548519218651544,0.5436200378071834,0.45537177063642087,0.520961440462035
0.0426,0.5115810401717111,0.022744318312854395,0.5825456836798991,0.45557655954631376,0.5465500945179584,0.4527725267800882,0.520460336334296
0.0428,0.5128071988850296,0.022301265376321683,0.581064902331443,0.4581442974165091,0.5473377441713926,0.45384373030875863,0.5236453201970444
0.043,0.5125801261930611,0.021764888221955134,0.576244486452426,0.4584908632640202,0.5484089477000631,0.454174543163201,0.5255817903855954
0.0432,0.5140072312312467,0.02145770163539642,0.5762287334593573,0.45997164461247636,0.5491965973534972,0.45667926906112155,0.5279599116697808
0.0434,0.513532409742869,0.021105562718124284,0.5721329552614998,0.459940138626339,0.5495904221802143,0.4563484562066793,0.5296500764396127
0.0436,0.5142877736544023,0.020959297255034218,0.5698645242596093,0.45888468809073724,0.5525047258979205,0.4588531821045999,0.531331747919144
0.0438,0.5144161855675289,0.020543230070939562,0.5672810333963454,0.4614681789540013,0.5506616257088848,0.45770321361058597,0.5349668761678273
0.044,0.514842492011651,0.020293795942806184,0.5635790800252048,0.4596093257718966,0.5532451165721487,0.46090107120352863,0.5368778664854764
0.0442,0.5143255385586281,0.019816269106026494,0.5594990548204158,0.4588531821045999,0.5543635790800253,0.4630277252678009,0.535884151520299
0.0444,0.5157871952864861,0.01982528427935778,0.5587744171392565,0.459940138626339,0.5569628229363579,0.46446124763705104,0.5387973500934262
0.0446,0.5156749222304675,0.020143560580509014,0.5591839949590423,0.4588689350976686,0.5580812854442344,0.4636893509766856,0.5385510446747069
0.0448,0.5154889689445274,0.020008295553920353,0.5554977945809704,0.45855387523629487,0.5591839949590423,0.46403591682419654,0.5401732631221334
0.045,0.5164563418654776,0.0203953563990622,0.5540170132325143,0.45929426591052297,0.5625078764965343,0.46291745431632003,0.5435450993714965
0.0452,0.5167912413465574,0.019789705823719264,0.5494959042218022,0.4618462507876496,0.5614209199747953,0.4640044108380593,0.5471887209104807
0.0454,0.5161581497749733,0.019231979646263324,0.5447227473219912,0.4618462507876496,0.5595463137996219,0.4658475110270951,0.5488279259385086
0.0456,0.5172695398927223,0.018943551464131778,0.5428954001260239,0.4636893509766856,0.5602551984877125,0.4680214240705734,0.5514863258026159
0.0458,0.5172807074723508,0.019614891927192873,0.540705734089477,0.46110586011342153,0.5635318210459987,0.4676118462507876,0.553448275862069
0.046,0.5188554823038256,0.019140086714875548,0.5388941398865784,0.464067422810334,0.5643037177063641,0.47088846880907376,0.5561236623067776
0.0462,0.5206496419813226,0.019395638726970962,0.5408002520478892,0.4666351606805293,0.5672180214240706,0.47052614996849396,0.5580686257856294
0.0464,0.5209307088798715,0.01862986712349487,0.5382482671707625,0.46918714555765595,0.5653906742281034,0.473062381852552,0.5587650755902838
0.0466,0.5210750466488752,0.018594414447237872,0.5387051039697542,0.47066792690611214,0.5639098928796471,0.47184940138626336,0.560242908102599
0.0468,0.5207148176821847,0.018240404417612193,0.5383585381222432,0.47181789540012603,0.5635633270321361,0.4718336483931947,0.558000679463224
0.047,0.5213487601883359,0.018212020028032776,0.537224322621298,0.4732986767485823,0.5643352236925017,0.4722117202268431,0.5596738576524546
0.0472,0.5206037755378039,0.018549760593054666,0.5353969754253308,0.47326717076244496,0.5643352236925016,0.4693604284814114,0.5606590793273314
0.0474,0.5219279544207336,0.01895014757770775,0.5343100189035918,0.47397605545053556,0.5679741650913674,0.47005356017643346,0.5633259724817394
0.0476,0.52364672932328,0.018172530326256896,0.5358538122243226,0.4765752993068683,0.5676275992438563,0.4748424700693132,0.56333446577204
0.0478,0.5231853467140921,0.01802095139402375,0.5347353497164461,0.4766225582860744,0.5661783238815374,0.47482671707624446,0.563563784610158
0.048,0.5246715842121775,0.017132172833242785,0.5336168872085695,0.48136420919974804,0.565863264020164,0.47846565847511024,0.5640479021572957
0.0482,0.5255956285082988,0.0165886093904937,0.5314744801512287,0.48575929426591047,0.5650913673597984,0.4799149338374291,0.5657380669271276
0.0484,0.524194522464619,0.01647258795469343,0.5259294265910522,0.48574354127284175,0.563264020163831,0.47958412098298686,0.5664515033123833
0.0486,0.5252125345551684,0.016487547928220384,0.5240863264020164,0.4864996849401386,0.5654536862003781,0.4821361058601134,0.5678868693731952
0.0488,0.523655038512014,0.016419098997246598,0.5218336483931947,0.4883742911153119,0.562523629489603,0.4781663516068053,0.5673772719551554
0.049,0.5241236326578625,0.016463266160265694,0.5218178954001259,0.4869722747321991,0.563626339004411,0.48034026465028357,0.5678613895022933
0.0492,0.5226073978431645,0.01667154616034527,0.5225582860743541,0.4851764335223693,0.5606647763074984,0.4770478890989288,0.567589604212672
0.0494,0.523282241402323,0.016447213468957667,0.5221959672337745,0.4852551984877126,0.5599558916194076,0.4799621928166351,0.5690419568540853
0.0496,0.5240804999085379,0.01576698409264472,0.5181632010081916,0.48783868935097674,0.5595463137996219,0.4850819155639571,0.5697723798199423
0.0498,0.524517548465005,0.0156597970922733,0.520022054190296,0.48930371770636416,0.5566005040957782,0.4846723377441714,0.5719891285884151
0.05,0.5241343635314492,0.014887021690441702,0.5201165721487082,0.4896817895400127,0.5536389413988658,0.487224322621298,0.5700101919483609
0.0502,0.5242211765181877,0.014505364103383177,0.518635790800252,0.4915406427221171,0.5533081285444233,0.4883585381222432,0.5692627824019025
0.0504,0.5249085882203468,0.013748170461857908,0.5201480781348456,0.49270636420919967,0.5532451165721487,0.49163516068052926,0.566808221505011
0.0506,0.5245669369213444,0.014060856360884487,0.5186830497794581,0.4934467548834278,0.5532136105860113,0.4894770006301198,0.5680142687277051
0.0508,0.5249022870231194,0.013276129768517587,0.518289224952741,0.4945652173913043,0.5513547574039068,0.4934940138626339,0.566808221505011
0.051,0.5241759421210362,0.01283282436129196,0.5145715185885317,0.49601449275362325,0.5495274102079395,0.49494328922495273,0.5658229998301343
0.0512,0.5251792929836216,0.012763883024673841,0.5182577189666036,0.49569943289224955,0.5491335853812224,0.49601449275362314,0.5667912349244097
0.0514,0.5263347090644013,0.012348369711657984,0.5198015122873346,0.4982514177693762,0.5498267170762444,0.4974952741020794,0.5662986240869714
0.0516,0.5256779069235996,0.012121178952353285,0.5212507876496535,0.49645557655954625,0.5498267170762444,0.4974795211090107,0.5633769322235433
0.0518,0.5253410481523,0.012181726461336261,0.5204473850031506,0.4978890989287965,0.5483301827347196,0.4956679269061122,0.5643706471887209
0.052,0.5245763715914585,0.012665393762315277,0.5189508506616257,0.49533711405166986,0.5475425330812854,0.49499054820415883,0.5660608119585527
0.0522,0.5245214162034424,0.012446887222208627,0.5130434782608695,0.500047258979206,0.5478890989287963,0.49533711405166986,0.5662901307966706
0.0524,0.5229933277096727,0.01242978796017876,0.5108380592312539,0.4996849401386263,0.5431316950220542,0.49426591052299934,0.5670460336334295
0.0526,0.523061435656128,0.012523633796869176,0.5130907372400757,0.49925960932577185,0.5431001890359168,0.4927851291745432,0.5670715135043316
0.0528,0.5225409232629348,0.012336949346083311,0.5104599873976056,0.5018273471959673,0.541997479521109,0.49204473850031505,0.5663750636996772
0.053,0.5217589679137727,0.011822004014822425,0.5056080655324512,0.5062224322621299,0.5375078764965344,0.4935570258349086,0.56589943944284
0.0532,0.5217087397616249,0.01136083446699272,0.5074354127284184,0.5076244486452426,0.5352079395085065,0.4935570258349086,0.5647188720910481
0.0534,0.5198620720695553,0.0116020288445254,0.5059388783868936,0.5082860743541273,0.5318683049779459,0.48917769376181475,0.564039408866995
0.0536,0.5198494696751004,0.011794607344024174,0.5059388783868936,0.5115154379332074,0.5314744801512287,0.48627914303717706,0.5640394088669951
0.0538,0.5177210602237968,0.011917809164432499,0.5040800252047889,0.512224322621298,0.5248267170762445,0.48366414618777565,0.5638100900288772
0.054,0.5168840445915401,0.012246772491826107,0.5047889098928797,0.5114524259609327,0.5232986767485823,0.4807813484562066,0.5640988618990997
0.0542,0.5173540339489711,0.012336997458203552,0.5047416509136736,0.514319470699433,0.5233144297416509,0.4800409577819786,0.5643536606081195
0.0544,0.5171632426451156,0.0124823126683783,0.5069785759294265,0.5164618777567738,0.5207466918714555,0.4775047258979206,0.5641243417700016
0.0546,0.517125946022491,0.012554708573987366,0.5063011972274731,0.5168084436042848,0.5170132325141776,0.4793950850661625,0.5661117717003566
0.0548,0.5175964769810426,0.012221930593251626,0.5062854442344046,0.5178323881537492,0.5166351606805294,0.4815847511027095,0.5656446407338203
0.055,0.5170585953542826,0.012912745388601505,0.5022684310018903,0.514855072463768,0.5195494643982357,0.48052930056710774,0.5680907083404112
0.0552,0.517472710421401,0.012024190287274401,0.5011499684940138,0.5156269691241336,0.5162570888468808,0.4874448645242596,0.5668846611177171
0.0554,0.5166423561618206,0.012391113554035878,0.4970226843100189,0.5119250157529931,0.5187460617517329,0.48788594833018273,0.5676320706641753
0.0556,0.5180592804904037,0.011758653879877694,0.5018273471959673,0.5123188405797101,0.5154221802142407,0.4926118462507877,0.568116188211313
0.0558,0.5170946385877525,0.011552015372905518,0.5033553875236294,0.5123345935727789,0.5102867044738499,0.49261184625078763,0.566884661117717
0.056,0.5171977547315441,0.011301514942468161,0.504820415879017,0.5112003780718336,0.5091682419659735,0.4944076874606175,0.5663920502802786
0.0562,0.5171631067096565,0.011415803833262867,0.5056238185255199,0.5089161940768746,0.5080182734719596,0.49588846880907367,0.5673687786648548
0.0564,0.5163627893699327,0.011434793236739082,0.5086641461877757,0.5089004410838059,0.5050724637681159,0.4930056710775047,0.5661712247324614
0.0566,0.515699465002988,0.011572357787508617,0.5089792060491493,0.5063484562066793,0.5047258979206051,0.49228103339634527,0.5661627314421607
0.0568,0.5151819046570096,0.01133311909413267,0.5067422810333964,0.5063327032136107,0.505812854442344,0.4923282923755513,0.564693392220146
0.057,0.5153225159748247,0.010965122168526105,0.5063011972274732,0.507010081915564,0.5080182734719598,0.492296786389414,0.5629862408697128
0.0572,0.5140774793584146,0.011140947427334735,0.5022054190296157,0.5044580970384374,0.5086641461877756,0.4923282923755514,0.562731442160693
0.0574,0.5145154040028604,0.01084363366201217,0.4991650913673597,0.5059073724007561,0.5108538122243227,0.49489603024574674,0.5617547137761167
0.0576,0.5144259905814923,0.011010156806287199,0.4984247006931318,0.5026622558286074,0.5108065532451166,0.4974795211090107,0.562756922031595
0.0578,0.5140244436573745,0.010502130650636338,0.49736925015752986,0.5019218651543793,0.5111058601134215,0.49966918714555764,0.5600560557159844
0.058,0.5114595754168322,0.010378694549137113,0.49102079395085074,0.5004095778197858,0.5108065532451166,0.4989287964713295,0.5561321555970784
0.0582,0.5110215854805518,0.01071140374390245,0.4865626969124134,0.500346565847511,0.5129804662885948,0.49930686830497795,0.5559113300492611
0.0584,0.510843141290781,0.010717612742256565,0.4847983616887208,0.49774732199117827,0.5151386263390044,0.501843100189036,0.5546882962459657
0.0586,0.5094001103967185,0.011200943741824461,0.4829237555135476,0.49188720856962814,0.5158317580340265,0.501890359168242,0.5544674706981485
0.0588,0.5099689168052512,0.010990823893482847,0.486231884057971,0.490012602394455,0.5157687460617517,0.5033553875236295,0.5544759639884491
0.059,0.5097122749398485,0.011475547436335254,0.48582230623818523,0.4863421550094518,0.5168399495904221,0.5040957781978576,0.555461185663326
0.0592,0.5090139734159478,0.011724772448305871,0.48394770006301197,0.481505986137366,0.5186200378071834,0.5077347195967233,0.5532614234754544
0.0594,0.508728729445515,0.012094301859786695,0.4812539382482671,0.48149023314429745,0.5181947069943289,0.5084751102709515,0.5542296585697299
0.0596,0.5072668912919852,0.012955843284915341,0.47603969754253306,0.4763390044108381,0.5218809073724008,0.5095778197857592,0.5524970273483947
0.0598,0.5080981730167257,0.013585725936414222,0.47715816005040956,0.4722904851921865,0.5215343415248898,0.5150913673597983,0.5544165109563445
0.06,0.5064570060225829,0.014155054631238354,0.475992438563327,0.46676118462507865,0.5204158790170131,0.5154379332073094,0.5536775947001868
0.0602,0.5073639021140532,0.014657748141028108,0.47671707624448645,0.46496534341524887,0.5200063011972275,0.5195337114051669,0.5555970783081366
0.0604,0.5075791013253279,0.014964401345647823,0.4763705103969754,0.4635318210459987,0.5189350976685569,0.5235034656584752,0.5555546118566332
0.0606,0.5075489819879094,0.014642407434113894,0.4793478260869565,0.46275992438563335,0.5170762444864525,0.5242123503465658,0.5543485646339392
0.0608,0.5082383390656353,0.014712105931724872,0.4819470699432893,0.46022369250157535,0.5192186515437933,0.527882797731569,0.5519194836079497
0.061,0.5078023994000003,0.015191461010397896,0.48415248897290486,0.45545053560176435,0.5188563327032136,0.5293635790800252,0.5511890606420928
0.0612,0.5073122841021126,0.015318997080524404,0.4868777567737871,0.4517485822306238,0.5202741020793951,0.5286546943919345,0.5490062850348225
0.0614,0.507122624166606,0.015715691417976175,0.488720856962823,0.4481096408317581,0.519927536231884,0.5322778827977316,0.546577204008833
0.0616,0.5065149188096034,0.01601736371058542,0.4906427221172023,0.44521109010712034,0.5181316950220541,0.5315532451165722,0.5470358416850687
0.0618,0.506503751229975,0.01622514053489595,0.49254883427851287,0.4430056710775047,0.5184940138626338,0.5333963453056081,0.5450738916256157
0.062,0.5072676480350529,0.01583715970967461,0.4959987397605545,0.44442344045368615,0.5181474480151229,0.532703213610586,0.5450653983353151
0.0622,0.5071808660886947,0.01591112577085984,0.5000630119722748,0.44220226843100185,0.5178008821676118,0.5327347195967234,0.5431034482758621
0.0624,0.5084428041922495,0.01647851812440384,0.5067895400126023,0.4392407057340895,0.5181632010081916,0.5349086326402016,0.5431119415661627
0.0626,0.5087137385473037,0.0161124577288033,0.5108695652173912,0.4403276622558286,0.5159735349716446,0.5352394454946441,0.5411584847970105
0.0628,0.507453737256452,0.016824970270341903,0.5168714555765594,0.4348771266540642,0.5130119722747322,0.5323093887838689,0.5401987429930355
0.063,0.5077821027374512,0.016844708121644316,0.5213295526149968,0.43453056080655317,0.5130434782608696,0.5308443604284815,0.5391625615763547
0.0632,0.5089469791769353,0.01736765653857915,0.5269691241335854,0.4334436042848141,0.5119880277252677,0.5326874606175173,0.5396466791234924
0.0634,0.5081644479751984,0.017756985285021648,0.5300094517958411,0.43123818525519847,0.5087114051669817,0.5348771266540642,0.5359860710039069
0.0636,0.508642476791161,0.01827736807326141,0.5364681789540013,0.4308128544423441,0.5039855072463768,0.5374291115311909,0.5345167317818923
0.0638,0.5084725740577987,0.018740642899082907,0.5375708884688091,0.4292848141146818,0.5021739130434784,0.5407529930686831,0.5325802615933413
0.064,0.5080205693897536,0.019238774847913646,0.5405482041587902,0.4278197857592943,0.49889729048519227,0.5422022684310018,0.5306352981144895
0.0642,0.508617115729991,0.019756972951703655,0.5424070573408948,0.425992438563327,0.5007561436672969,0.5447385003150598,0.5291914387633769
0.0644,0.5086522882272722,0.020771091515001606,0.549102079395085,0.42274732199117826,0.4997321991178324,0.5461405166981727,0.525539323934092
0.0646,0.5071890066960523,0.02149393595980358,0.5528197857592942,0.41945494643982356,0.4953528670447385,0.5435255198487713,0.5247919143876338
0.0648,0.5059637101560593,0.022445320914028108,0.5568998109640833,0.41652488972904855,0.4894612476370511,0.5438563327032135,0.5230762697468998
0.065,0.5063543843841625,0.023212807492707817,0.5613421550094518,0.41550094517958414,0.4865154379332073,0.5453371140516698,0.5230762697468998
0.0652,0.5056689887011945,0.023668909268525735,0.5620982986767487,0.41406742281033393,0.4839319470699433,0.5471329552614996,0.5211143196874469
0.0654,0.5068524652858835,0.02443541550536512,0.5680844360428482,0.41334278512917455,0.48360113421550094,0.5478733459357278,0.5213606251061661
0.0656,0.5068670130559052,0.025031395941206156,0.5714555765595464,0.4115469439193447,0.4828449905482041,0.5471014492753623,0.5213861049770682
0.0658,0.505886504702243,0.026253372842996243,0.5737240075614366,0.4057025834908633,0.481758034026465,0.5485349716446125,0.5197129267878375
0.066,0.5054856808049177,0.026927365931019236,0.5770163831127914,0.4053717706364209,0.47811909262759933,0.5518115942028985,0.5151095634448785
0.0662,0.5051317642742132,0.02723417162797842,0.5792848141146818,0.4054190296156269,0.4770636420919974,0.5528670447385003,0.5110242908102599
0.0664,0.5053049251771629,0.028004798332504785,0.5830340264650283,0.4040012602394455,0.4755828607435412,0.5543005671077503,0.5096059113300493
0.0666,0.5045573144034108,0.028675172930657102,0.5871613106490232,0.4025519848771267,0.4726528040327663,0.5525047258979205,0.5079157465602175
0.0668,0.5036524857083131,0.029102173106862216,0.5875708884688091,0.40108695652173915,0.4693289224952742,0.5528355387523629,0.5074401223033804
0.067,0.5020218622751164,0.02952582875020653,0.5864681789540012,0.3985664776307498,0.46564272211720226,0.5531978575929426,0.5062340750806863
0.0672,0.5012172372798395,0.03005408621748177,0.5857750472589792,0.39598298676748583,0.4642249527410208,0.5557971014492754,0.5043060981824359
0.0674,0.5012663592170503,0.030447553197276545,0.5895242596093258,0.39412413358538123,0.4675803402646503,0.553922495274102,0.5011805673517921
0.0676,0.5022389924121256,0.030868840972020944,0.5965973534971645,0.3963768115942029,0.4657529930686831,0.5510239445494645,0.5014438593511127
0.0678,0.5017493876749781,0.03072035565897197,0.5957781978575929,0.3967863894139887,0.4646345305608065,0.5502993068683051,0.5012485136741974
0.068,0.5011668218150509,0.030939183942288735,0.5964870825456836,0.39643982356647756,0.4624606175173283,0.5499369880277252,0.5005095974180398
0.0682,0.5010516448779252,0.03128341660574534,0.5990863264020164,0.39647132955261505,0.4606017643352237,0.5488185255198488,0.5002802785799219
0.0684,0.49995407950340526,0.031193077846301008,0.596865154379332,0.3943131695022054,0.4613264020163831,0.5477158160050409,0.49954985561406484
0.0686,0.49989570967354185,0.031568804128949156,0.596471329552615,0.393635790800252,0.45982986767485823,0.5517328292375552,0.4978087311024291
0.0688,0.49908909113659056,0.031745130409712816,0.5953686200378072,0.39259609325771894,0.45801827347195967,0.5528512917454316,0.49661117717003567
0.069,0.4977354565381691,0.031903642801272114,0.5961090107120353,0.3926118462507876,0.4551039697542533,0.5514177693761815,0.49343468659758793
0.0692,0.4967633649442146,0.03184787152106771,0.5954001260239445,0.3933837429111531,0.45189035916824194,0.5506931316950221,0.492449464922711
0.0694,0.4968055022606495,0.03224722242017343,0.596424070573409,0.392643352236925,0.45223692501575297,0.55322936357908,0.4894937998980806
0.0696,0.497189030243927,0.032637931352412594,0.5956836798991809,0.3900913673597984,0.4537019533711405,0.5564902331442975,0.48997791744521824
0.0698,0.49585888786170207,0.033102044096728914,0.5956521739130436,0.38716131064902337,0.45001575299306856,0.5550094517958412,0.4914557499575336
0.07,0.494901105883126,0.03255712374568394,0.5933522369250157,0.38827977315689977,0.44894454946439816,0.5524732199117832,0.4914557499575336
0.0702,0.4951218463374866,0.03250556138240566,0.5914933837429112,0.386830497794581,0.4511342155009451,0.5539224952741021,0.4922286393748939
0.0704,0.4949660632309675,0.03210286716423891,0.5914776307498425,0.3879332073093888,0.45255198487712656,0.5513862633900442,0.49148122982843556
0.0706,0.49457483027601634,0.03145847948285552,0.5899338374291115,0.3883270321361058,0.45622243226212983,0.5481411468178954,0.4902497027348395
0.0708,0.4953478272643503,0.030894106501983456,0.5899023314429742,0.3919817265280403,0.45663201008191556,0.547463768115942,0.4907593001528793
0.071,0.4958874246748975,0.03058122049449219,0.590957781978576,0.3945179584120983,0.45732514177693756,0.5463610586011343,0.4902751826057415
0.0712,0.4959321313855816,0.02942352823630763,0.5886893509766856,0.39781033396345306,0.4610270951480781,0.5423597983616888,0.48977407847800236
0.0714,0.49609595395063233,0.02945784101638004,0.589413988657845,0.3988972904851922,0.4603182104599874,0.5430529300567107,0.4887973500934263
0.0716,0.49539356044830446,0.029273292188424224,0.5904694391934469,0.3985507246376812,0.46145242596093256,0.5379017013232514,0.48859351112621036
0.0718,0.49784158413404134,0.028564295072589556,0.5918872085696282,0.40401701323251415,0.4654694391934468,0.5382640201638311,0.48957023951078654
0.072,0.4980601720985726,0.02677742617150928,0.5874448645242596,0.4112948960302457,0.4676275992438563,0.5353654694391934,0.4885680312553083
0.0722,0.4986198301577418,0.02661751596445311,0.5881537492123503,0.4120195337114051,0.469833018273472,0.5342785129174543,0.4888143366740275
0.0724,0.4990065569057408,0.026423654440620083,0.588468809073724,0.41346880907372396,0.47062066792690616,0.5339319470699433,0.4885425513844063
0.0726,0.5000096043218485,0.02503984648691526,0.5869092627599244,0.42002205419029615,0.47361373660995587,0.5302299936988027,0.4892729743502633
0.0728,0.5001674944279842,0.024613441770788495,0.5872085696282294,0.42403906742281033,0.4710775047258979,0.5287807183364841,0.48973161202649906
0.073,0.5010421641824194,0.024233618282699456,0.5876023944549464,0.42731568998109637,0.4711090107120352,0.5284499054820416,0.4907338202819772
0.0732,0.5005810111650107,0.023504930451164734,0.5848771266540643,0.4294896030245747,0.4722117202268431,0.5272999369880278,0.48902666893154406
0.0734,0.500532084568125,0.02292999846639561,0.583002520478891,0.4331285444234405,0.4718494013862634,0.5283711405166982,0.4863088160353321
0.0736,0.5013343558462791,0.022731248003863704,0.5836956521739131,0.43602709514807814,0.47010081915563956,0.5283396345305608,0.48850857822320376
0.0738,0.5033306697475851,0.02267027168162827,0.5855229993698803,0.43965028355387525,0.4726528040327662,0.5320258349086326,0.48680142687277056
0.074,0.5048470180202254,0.022195849635408885,0.5858065532451165,0.44402961562696913,0.47378701953371144,0.533097038437303,0.48751486325802623
0.0742,0.5048705241510751,0.021943603745132486,0.5847353497164461,0.44328922495274103,0.4764335223692502,0.5323881537492123,0.48750636996772556
0.0744,0.5031000011880973,0.021632140284267513,0.5817107750472589,0.4414146187775677,0.4749842470069313,0.5294423440453686,0.48794802106335994
0.0746,0.5042141560404205,0.021301210087959564,0.5828134845620667,0.4469281663516068,0.4738972904851922,0.5302142407057342,0.487217598097503
0.0748,0.5042411643824692,0.021025328212479526,0.5823881537492124,0.4479836168872085,0.4750315059861373,0.5291115311909262,0.4866910140988619
0.075,0.5047153281358892,0.021343331592981782,0.5859955891619408,0.44866099558916195,0.47465343415248895,0.5261657214870825,0.4881009002887719
0.0752,0.5049206843354934,0.020578508963079032,0.583002520478891,0.45081915563957153,0.4746849401386263,0.525787649653434,0.4903091557669441
0.0754,0.504777923203744,0.02035216437577925,0.5826086956521739,0.4504253308128544,0.4790957781978576,0.5243383742911153,0.4874214370647188
0.0756,0.5042220226361438,0.019606182705780056,0.5788594833018273,0.4504253308128544,0.48133270321361055,0.5228418399495904,0.4876507559028367
0.0758,0.5032831356863868,0.019587635529185295,0.5787649653434153,0.45037807183364836,0.4802772526780088,0.5203213610586012,0.48667402751826055
0.076,0.5028942082824511,0.01942622969640747,0.577236925015753,0.4503308128544424,0.4799306868304978,0.5210459987397605,0.48592661797180225
0.0762,0.502383530338065,0.018912948909688223,0.574952741020794,0.45327662255828605,0.48029300567107747,0.5213925645872715,0.48200271785289617
0.0764,0.5017840715538567,0.01880769817294799,0.5737870195337114,0.4528827977315689,0.47881222432262127,0.5209514807813485,0.48248683540003395
0.0766,0.502880184987823,0.018966600720404528,0.5764335223692502,0.45573408947700067,0.4776937618147448,0.5213137996219281,0.48322575165619164
0.0768,0.5028644063061637,0.018928568613896378,0.5760081915563957,0.45641146817895395,0.47922180214240706,0.5223850031505985,0.4802955665024631
0.077,0.5025931513789047,0.01834380887082118,0.5740863264020163,0.45927851291745425,0.47854442344045367,0.5209987397605544,0.4800577543740445
0.0772,0.5030162419325783,0.017936527518735975,0.5732514177693762,0.46148393194706994,0.4789382482671708,0.5206364209199748,0.4807711907593002
0.0774,0.5023257021093223,0.017011341078766177,0.5676591052299937,0.4618935097668556,0.4811436672967864,0.5213925645872715,0.479539663665704
0.0776,0.5026762550401819,0.017232148962774543,0.567296786389414,0.46335853812224326,0.47890674228103336,0.5257403906742282,0.4780788177339902
0.0778,0.5017680119032366,0.016850638699621896,0.5609955891619407,0.4619565217391304,0.47963137996219274,0.5306238185255199,0.47563275012739936
0.078,0.5017963983311408,0.016893371028636164,0.5587586641461877,0.46343730308758657,0.4792533081285444,0.5346093257718966,0.4729233905214881
0.0782,0.5027464271719355,0.01674920694749739,0.5565689981096409,0.4641776937618148,0.48144297416509135,0.5386105860113422,0.47293188381178874
0.0784,0.5001674649931406,0.016018351130876598,0.551339004410838,0.4619880277252678,0.48251417769376187,0.5342470069313169,0.47074910820451843
0.0786,0.5005627246346841,0.016096245474341766,0.5472589792060492,0.461578449905482,0.48541272841839944,0.5397763074984246,0.46878715814506544
0.0788,0.4997441844509316,0.01597849699225032,0.5468021424070574,0.4608695652173914,0.48248267170762443,0.5383270321361059,0.47023951078647863
0.079,0.49981579460858566,0.015301870415230918,0.5415563957151859,0.46411468178954,0.4831600504095778,0.5405009451795841,0.46974689994904023
0.0792,0.49944282731198114,0.01473877994408457,0.5389413988657845,0.4641304347826088,0.48431001890359165,0.5390831758034027,0.47074910820451843
0.0794,0.4993016968705623,0.014497832039615686,0.5340264650283555,0.46449275362318837,0.48684625078764965,0.541650913673598,0.46949210124002033
0.0796,0.5003431583629904,0.014333718829677248,0.532561436672968,0.4648865784499055,0.4901228733459358,0.5434467548834279,0.47069814846271446
0.0798,0.5010495079082862,0.014348021741802079,0.5295368620037808,0.4645242596093258,0.49228103339634527,0.5467548834278514,0.4721505011041277
0.08,0.502360820553527,0.014228406466074645,0.52882797731569,0.46632010081915565,0.4951953371140517,0.5486137366099559,0.47284695090878204
0.0802,0.5036399807164311,0.014331515917011069,0.5270006301197226,0.4663201008191556,0.49812539382482673,0.5519533711405167,0.47480040767793436
0.0804,0.5046427418117884,0.01358115159606345,0.5258821676118461,0.4699590422180214,0.4988657844990548,0.5512602394454946,0.47724647528452524
0.0806,0.5052373117360789,0.013582461557228904,0.521077504725898,0.4718336483931947,0.4995746691871455,0.5552142407057341,0.47848649566842194
0.0808,0.5059888699899354,0.013441891159572032,0.5192501575299306,0.4729363579080026,0.500645872715816,0.556663516068053,0.48044844572787493
0.081,0.5066949075258902,0.013379014706945124,0.5184940138626339,0.4732986767485823,0.5039382482671708,0.55705734089477,0.4806862578562935
0.0812,0.507043770361553,0.013274203028499474,0.5192659105229993,0.47440138626339,0.5046786389413989,0.5566792690611216,0.4801936470188551
0.0814,0.5069982496436511,0.013238718427149767,0.5174385633270322,0.4755513547574039,0.5068367989918084,0.5566950220541903,0.47846950908782065
0.0816,0.5078850197946647,0.013004190371026918,0.5177536231884058,0.47887523629489603,0.5072306238185255,0.5571045998739761,0.47846101579752
0.0818,0.5080308009413584,0.012182693308716575,0.5139571518588532,0.4836168872085696,0.5083333333333334,0.5552930056710775,0.47895362663495844
0.082,0.5089169245961728,0.01185855128351868,0.5095305608065532,0.4865469439193447,0.5127441713925647,0.5555608065532451,0.48020214030915576
0.0822,0.5106658359618649,0.01158891603139713,0.5077347195967233,0.48988657844990546,0.5152961562696913,0.5570415879017013,0.48337013759130293
0.0824,0.5119014860742686,0.011402582277632415,0.5080812854442345,0.4924385633270322,0.516398865784499,0.5577662255828607,0.4848224902327162
0.0826,0.5140433857819431,0.010908438862135099,0.5091524889729049,0.49390359168241965,0.5200220541902961,0.5576874606175174,0.4894513334465772
0.0828,0.5146230734493538,0.010174646935804825,0.508349086326402,0.4957466918714556,0.5200063011972275,0.5558758664146188,0.4931374214370646
0.083,0.5139800960517814,0.009881164315507006,0.5053560176433523,0.49831442974165097,0.5200063011972275,0.5540800252047889,0.4921437064718872
0.0832,0.5169874914759369,0.009600290426493574,0.5064272211720227,0.50382797731569,0.5240075614366729,0.5555923125393825,0.4950823849159164
0.0834,0.5181561425327174,0.00946061569998734,0.5031190926275992,0.5089634530560806,0.5239918084436043,0.556710775047259,0.4979955834890436
0.0836,0.52053711043386,0.009244230752081159,0.5050094517958412,0.5141304347826086,0.5251102709514808,0.5582230623818526,0.5002123322575166
0.0838,0.5224134323928206,0.008625854874082557,0.5083333333333334,0.5174385633270322,0.5269691241335853,0.5571518588531821,0.5021742823169696
0.084,0.52462251258179,0.00864785437133682,0.508648393194707,0.5229048519218652,0.5284499054820416,0.5589477000630121,0.5041617122473246
0.0842,0.5251329095572154,0.008623204691476058,0.507151858853182,0.5262444864524259,0.5302930056710775,0.5578134845620668,0.5041617122473246
0.0844,0.5265206816167842,0.008549028952379769,0.5086641461877756,0.5303087586641462,0.5314429741650913,0.5578134845620668,0.5043740445048412
0.0846,0.5277892586154984,0.008110230869914704,0.5075141776937617,0.5332230623818526,0.5336326402016384,0.5560491493383743,0.5085272634618652
0.0848,0.5281278331705854,0.00763973922595766,0.507151858853182,0.5357750472589792,0.5369407687460618,0.5512759924385634,0.5094954985561406
0.085,0.5294126790748981,0.007804646005282934,0.5071361058601134,0.5383270321361059,0.54174543163201,0.5498582230623819,0.5099966026838798
0.0852,0.5314066649476716,0.00709707906908314,0.5127126654064271,0.5416036546943919,0.5439508506616256,0.5472747321991178,0.5114914217767963
0.0854,0.5324214301073922,0.007133513855970972,0.5116099558916194,0.542690611216131,0.545384373030876,0.5479836168872085,0.5144385935111262
0.0856,0.5342044393309877,0.0070226960423333375,0.5138153749212349,0.544187145557656,0.5490548204158789,0.5475897920604914,0.5163750636996772
0.0858,0.5346416013453971,0.006940962463328364,0.5134688090737239,0.5422810333963454,0.5530560806553245,0.5453686200378071,0.5190334635637847
0.086,0.534983286895854,0.006212369587449888,0.5156899810964084,0.5430056710775049,0.5523471959672338,0.5421392564587272,0.5217343298793953
0.0862,0.5360375578969994,0.006391946421384236,0.5171865154379333,0.5470856962822936,0.5563799621928167,0.534845620667927,0.5246899949040257
0.0864,0.5368463856527508,0.005445661183519846,0.5205103969754253,0.5489445494643982,0.5524102079395085,0.5344833018273472,0.527883472057075
0.0866,0.5384157696264311,0.005361462890822706,0.5234247006931316,0.5507876496534341,0.5543005671077504,0.5322936357908004,0.5312722948870393
0.0868,0.5390424524298142,0.00533021696768321,0.5248582230623817,0.5529615626969124,0.553575929426591,0.5308286074354127,0.532987939527773
0.087,0.5393173599535636,0.006016069337706804,0.5248582230623818,0.5555450535601765,0.5551354757403907,0.5268115942028985,0.5342364532019704
0.0872,0.5401820052706565,0.0061514896991805065,0.5282451165721487,0.5548676748582231,0.5566635160680529,0.522463768115942,0.5386699507389163
0.0874,0.5410821436572355,0.006288942269464336,0.5319313169502206,0.5534656584751103,0.5584751102709514,0.5198960302457467,0.5416426023441481
0.0876,0.542103808344275,0.006880500148117137,0.5352551984877126,0.5539067422810333,0.5606490233144298,0.5166194076874605,0.5440886699507389
0.0878,0.5408326341220052,0.00731589678821828,0.5341524889729048,0.5506301197227473,0.5599558916194077,0.512618147448015,0.546806522846951
0.088,0.540573647102343,0.008071447776311731,0.5349243856332704,0.550645872715816,0.5600189035916824,0.5082388153749212,0.5490402581960252
0.0882,0.5410734213103343,0.008954288290430447,0.5345620667926906,0.5499369880277253,0.5625866414618776,0.5053087586641463,0.5529726516052318
0.0884,0.540532913560354,0.009690246480983341,0.5371928166351607,0.5488500315059862,0.5633270321361058,0.5005513547574039,0.5527433327671141
0.0886,0.5413188335153477,0.009929963379365834,0.5405954631379962,0.5466761184625079,0.5640359168241966,0.4998424700693132,0.5554441990827246
0.0888,0.5422588518334537,0.009416034953363402,0.5446754883427851,0.5474007561436673,0.5629174543163201,0.5020793950850662,0.5542211652794292
0.089,0.5417866222168419,0.010303701324365913,0.5487397605545054,0.5463295526149968,0.5621613106490233,0.4970226843100189,0.554679802955665
0.0892,0.5427567117062586,0.01054309078305998,0.5517800882167612,0.5474007561436673,0.562523629489603,0.4966603654694392,0.5554187192118226
0.0894,0.5423050190475548,0.011182434851292427,0.5514020163831128,0.5484877126654064,0.5636105860113421,0.49333648393194707,0.5546882962459657
0.0896,0.541250422122415,0.01239909268153113,0.5510712035286705,0.5488815374921235,0.5643037177063642,0.4868147448015123,0.5551809070834042
0.0898,0.540887808398221,0.01295154841127388,0.5525677378701953,0.548109640831758,0.5639413988657844,0.48390044108380587,0.5559198233395618
0.09,0.5394250770309854,0.01343367380010376,0.5496849401386263,0.5481568998109642,0.5635318210459987,0.4803245116572148,0.5554272125021233
0.0902,0.5382359543081318,0.013704141817365411,0.5486294896030246,0.5459829867674858,0.5635160680529301,0.47815059861373654,0.5549006285034823
0.0904,0.5378699518306813,0.013423212639231647,0.5483144297416509,0.544880277252678,0.5606490233144298,0.47890674228103336,0.5565992865636147
0.0906,0.5354714841123023,0.013497222856420292,0.5468809073724008,0.5408475110270952,0.5581442974165092,0.4763547574039067,0.5551299473416
0.0908,0.5360374915348066,0.013641569727070736,0.5483931947069942,0.5426748582230624,0.5585066162570889,0.475992438563327,0.5546203499235605
0.091,0.5361543104010214,0.013130625070141351,0.5465500945179584,0.5438405797101449,0.557451165721487,0.47829237555135473,0.5546373365041617
0.0912,0.5350489918887205,0.012512277046406681,0.5442816635160681,0.5438563327032135,0.5534341524889729,0.4797574039067423,0.5539154068286055
0.0914,0.5336074611013192,0.012509942548134301,0.5413201008191556,0.54174543163201,0.5534026465028357,0.47863894139886576,0.5529301851537286
0.0916,0.5336492553680324,0.012648268375904366,0.5402804032766225,0.5439666036546943,0.554521109010712,0.4780088216761184,0.5514693392220147
0.0918,0.5329177663256612,0.012908212547974316,0.5383900441083805,0.54294265910523,0.5555765595463138,0.4764650283553875,0.5512145405129947
0.092,0.5305215559921902,0.013029005172628208,0.536531190926276,0.5393194706994329,0.5521896660365468,0.4735822306238185,0.5509852216748768
0.0922,0.5295064477827481,0.012926535977093132,0.532104599873976,0.5393509766855702,0.552930056710775,0.47361373660995587,0.5495328690334637
0.0924,0.5274299480159257,0.01267731913612651,0.5277095148078134,0.5346250787649653,0.552583490863264,0.4736925015752993,0.5485391540682861
0.0926,0.5280081890945725,0.011861419331610994,0.5251102709514808,0.5335381222432263,0.5555293005671077,0.47926906112161305,0.5465941905894344
0.0928,0.5272625804253581,0.011001320133903788,0.5221487082545684,0.533900441083806,0.5525362318840579,0.4825771896660366,0.5451503312383217
0.093,0.5270240367072836,0.009908563289236182,0.5199590422180214,0.5343100189035916,0.5485507246376812,0.48741335853812223,0.5448870392390012
0.0932,0.5274270580494719,0.009045994595795389,0.5173755513547574,0.5346723377441714,0.5482356647763076,0.4929584120982987,0.5438933242738238
0.0934,0.5265959465116445,0.00864308351913206,0.5137051039697542,0.5335853812224323,0.5474480151228734,0.49560491493383746,0.5426363173093256
0.0936,0.5252483663929439,0.008326594703942135,0.5114996849401386,0.5336326402016383,0.5456679269061121,0.4959987397605545,0.5394428401562765
0.0938,0.5252221094421733,0.008096835024239343,0.5111216131064902,0.5347668557025835,0.5449590422180215,0.49708569628229354,0.5381773399014778
0.094,0.5247484193221444,0.007927730795967505,0.5096093257718965,0.5336641461877757,0.5445652173913043,0.49823566477630743,0.537667742483438
0.0942,0.5233925048612983,0.008134414526498886,0.502835538752363,0.5340422180214242,0.5431159420289855,0.5000315059861373,0.5369373195175811
0.0944,0.5223289977414376,0.007508906929111862,0.49990548204158786,0.5292690611216131,0.5409262759924387,0.5048361688720856,0.5367080006794632
0.0946,0.5222390598446761,0.00785944968938164,0.4951008191556395,0.5285286704473849,0.5383427851291746,0.5088374291115312,0.54038559537965
0.0948,0.5222060451890138,0.007873548613193993,0.49105229993698796,0.528575929426591,0.5354284814114681,0.515800252047889,0.5401732631221334
0.095,0.5211663958125885,0.008334416082327283,0.4862003780718336,0.5304347826086956,0.5306868304977945,0.5190926275992439,0.5394173602853746
0.0952,0.5216859411373773,0.008878832212975292,0.48287649653434145,0.5308286074354127,0.5284656584751103,0.5270793950850662,0.539179548156956
0.0954,0.5235703196805966,0.010033914532142002,0.47958412098298675,0.5316005040957782,0.5284026465028354,0.5368935097668557,0.5413708170545269
0.0956,0.5238964903926276,0.01116955880403303,0.47511027095148073,0.5334436042848141,0.5276622558286074,0.540154379332073,0.5431119415661628
0.0958,0.524459052332904,0.012065710089942512,0.4729363579080025,0.5312696912413359,0.5262287334593573,0.5485192186515437,0.5433412604042805
0.096,0.5251968511353662,0.012812472083050088,0.471424070573409,0.5305450535601764,0.5258191556395715,0.5536231884057972,0.5445727874978766
0.0962,0.5244779420099331,0.013588899321272394,0.4695652173913044,0.5239918084436044,0.5239918084436044,0.5568367989918084,0.5480040767793444
0.0964,0.5241161904590648,0.014061588276516919,0.4699590422180214,0.522211720226843,0.5181632010081916,0.5600346565847512,0.5502123322575165
0.0966,0.5249928623180378,0.01600104793278198,0.4658475110270951,0.5196597353497164,0.5170604914933837,0.5709357277882798,0.551460845931714
0.0968,0.5259376988524371,0.01676901691097362,0.4654851921865154,0.5178323881537492,0.5174070573408948,0.5760081915563957,0.5529556650246306
0.097,0.5250401384229709,0.018091644837046953,0.4595305608065533,0.5152488972904852,0.5177693761814744,0.5792375551354757,0.5534143027008664
0.0972,0.5252262961472786,0.0192386482004598,0.45617517328292373,0.5144612476370509,0.5162885948330184,0.5828449905482042,0.5563614744351961
0.0974,0.5259445362989954,0.02023059606037112,0.4539224952741021,0.5163201008191557,0.5140831758034026,0.5875236294896029,0.5578732801087141
0.0976,0.5246866109673799,0.020785280738394266,0.4502047889098929,0.5123188405797101,0.5151701323251419,0.5864051669817265,0.5593341260404281
0.0978,0.5253557291818858,0.022237117924972273,0.4456836798991808,0.5115784499054821,0.5151543793320731,0.5903906742281034,0.5639714625445899
0.098,0.5245884436235512,0.02222199829119362,0.44569943289224945,0.5079080025204787,0.5155166981726528,0.5888783868935098,0.5649396976388653
0.0982,0.5246426449443943,0.02320413485611302,0.4415879017013232,0.510144927536232,0.5126181474480151,0.5895400126023944,0.5693222354340073
0.0984,0.5243968500864152,0.023728508774972852,0.4393194706994329,0.5083018273471959,0.5137208569628229,0.5905639571518588,0.570078138270766
0.0986,0.5248855134437493,0.024479784092025413,0.4345148078134845,0.5123030875866414,0.514807813484562,0.5905324511657215,0.572269407168337
0.0988,0.5238730313575275,0.025490721784018264,0.42969439193446757,0.5130277252678008,0.5112003780718336,0.5919502205419029,0.5734924409716324
0.099,0.5243544350120934,0.02638942283370702,0.4255198487712665,0.5133585381222432,0.5137523629489603,0.5934152488972904,0.5757261763207067
0.0992,0.5248189457423782,0.02759289452235589,0.4206836798991809,0.5137681159420289,0.5148393194706995,0.595620667926906,0.5791829454730762
0.0994,0.5253948587924928,0.028600571873090914,0.4154851921865155,0.5151701323251417,0.5184625078764965,0.597416509136736,0.5804399524375743
0.0996,0.5250740821493302,0.030042431793815497,0.4083648393194707,0.5176906112161311,0.5169817265280403,0.5977315689981095,0.5846016646848988
0.0998,0.5245820075612226,0.030507459697459043,0.4050094517958412,0.5187618147448015,0.5169659735349715,0.5951165721487083,0.5870562255817904
0.1,0.5238757147448979,0.030720879407326932,0.40092942659105235,0.5194234404536863,0.5213925645872715,0.5918084436042848,0.5858246984881943
0.1002,0.5242506531056597,0.030931262728877685,0.3998109640831758,0.518336483931947,0.5250315059861373,0.5902961562696912,0.5877781552573467
0.1004,0.5233726796914244,0.031624889621678816,0.39612476370510397,0.5165406427221171,0.5251102709514808,0.5910207939508507,0.5880669271275693
0.1006,0.523594092330575,0.03184696602117377,0.39398235664776304,0.5209357277882798,0.5251575299306868,0.5873818525519849,0.5905129947341601
0.1008,0.5218051506480643,0.03245869776404255,0.38913043478260867,0.5191398865784499,0.5251732829237554,0.5855702583490864,0.5900118906064209
0.101,0.5223765746169537,0.032567422019064894,0.3887838689350977,0.5187933207309389,0.5284814114681791,0.5841052299936987,0.5917190419568541
0.1012,0.5228843229916419,0.03198838286942242,0.3910365469439193,0.5209829867674858,0.5295998739760555,0.5800724637681159,0.592729743502633
0.1014,0.5239066539765028,0.03184985705724908,0.39217076244486454,0.5206206679269061,0.533994959042218,0.5796943919344676,0.593052488534058
0.1016,0.5223330362019676,0.03142205747529723,0.39138311279143034,0.5206364209199748,0.5347353497164462,0.57380277252678,0.5911075250552064
0.1018,0.5219007576956862,0.03156888160628472,0.3894770006301197,0.5213610586011341,0.5379804662885947,0.5683207309388784,0.5923645320197044
0.102,0.5223312583374194,0.03143347670020653,0.39053245116572144,0.5227788279773157,0.5383742911153119,0.5654064272211721,0.5945642942075761
0.1022,0.5225448835873346,0.03154298734103895,0.38903591682419664,0.5260396975425331,0.5402173913043479,0.5643194706994329,0.5931119415661626
0.1024,0.5223832274267662,0.03128814312897905,0.3890831758034026,0.5296471329552614,0.5391776937618148,0.5628071833648394,0.5912009512485137
0.1026,0.5218773591358101,0.03082749753306854,0.3895085066162571,0.5328922495274102,0.5406742281033396,0.5572936357908003,0.5890181756412434
0.1028,0.5212910925132851,0.030729490060289282,0.38872085696282294,0.5354284814114683,0.5425015752993069,0.5517800882167613,0.5880244606760658
0.103,0.5225865387075149,0.030013364532159366,0.3931947069943289,0.5354442344045368,0.5465028355387525,0.5495116572148709,0.5882792593850859
0.1032,0.5234142529292217,0.029624555562507017,0.39610901071203525,0.5350661625708885,0.5487240075614367,0.5476528040327662,0.5895192797689826
0.1034,0.5222436340193578,0.030155959171836423,0.39310018903591687,0.5318210459987397,0.5501732829237556,0.5458569628229364,0.5902666893154407
0.1036,0.5232077086322977,0.029792095466257117,0.39530560806553244,0.532908002520479,0.5516225582860744,0.5469124133585381,0.5892899609308646
0.1038,0.5244793142088198,0.029314039708314615,0.39938563327032134,0.5347038437303088,0.5530245746691872,0.5432577189666036,0.5920248004076779
0.104,0.5250049225761931,0.029141903227137445,0.4005828607435413,0.5394297416509136,0.5516383112791431,0.5406269691241335,0.5927467300832342
0.1042,0.5248545645789229,0.028636040069899088,0.40395400126023945,0.5390989287964713,0.5490863264020164,0.5369407687460617,0.595192797689825
0.1044,0.5242061310317212,0.027981936284385743,0.4066005040957782,0.5383585381222432,0.5494171392564586,0.5329395085066162,0.5937149651775098
0.1046,0.5250068850774869,0.02754560125965386,0.4103024574669186,0.5394770006301197,0.5520163831127916,0.5285129174543164,0.5947256667232885
0.1048,0.5250394913915928,0.02721910382923596,0.412523629489603,0.5424228103339634,0.5501890359168241,0.5248267170762445,0.5952352641413283
0.105,0.5251583294880724,0.02766258869199603,0.4113106490233144,0.5412885948330184,0.5512759924385632,0.5244643982356647,0.5974520129098012
0.1052,0.5248389309307651,0.027566114435599833,0.41244486452425966,0.5405797101449276,0.5483144297416509,0.5234247006931316,0.5994309495498555
0.1054,0.5272600030034245,0.02664389024228301,0.4202741020793951,0.5460302457466919,0.5483144297416509,0.520526149968494,0.6011550874808902
0.1056,0.5275335067527277,0.0263017757164205,0.4228575929426591,0.5445967233774416,0.5494643982356647,0.5190926275992439,0.6016561916086292
0.1058,0.5282756442511236,0.02589833349689202,0.4254725897920605,0.5475267800882168,0.5494486452425961,0.5180214240705734,0.6009087820621708
0.106,0.5286227688254824,0.025468247160628423,0.4292848141146818,0.5460775047258979,0.5501732829237556,0.5154379332073095,0.6021403091557669
0.1062,0.5281364110191638,0.025033991713865254,0.4314744801512287,0.5475110270951481,0.5494643982356647,0.5117989918084436,0.6004331578053337
0.1064,0.5271456058220622,0.02453344472148901,0.4336326402016383,0.5445652173913043,0.549054820415879,0.5092312539382482,0.599244097163241
0.1066,0.5277889433950833,0.024283100529983878,0.43697227473219913,0.5434467548834279,0.5504883427851291,0.5073408947700063,0.6006964498046543
0.1068,0.5286704955511108,0.023953799862250238,0.4395557655954631,0.5467391304347826,0.5523156899810964,0.5054977945809704,0.599244097163241
0.107,0.5278198649657823,0.023864911948854442,0.44023314429741645,0.5478418399495905,0.5541115311909263,0.5003780718336485,0.5965347375573298
0.1072,0.5261606704679359,0.023107745521776305,0.4417139256458727,0.5478733459357279,0.550047258979206,0.4985664776307499,0.592602344148123
0.1074,0.5275099631593498,0.022093344710286948,0.4488185255198488,0.5489760554505356,0.5515122873345936,0.4971014492753623,0.5911414982164092
0.1076,0.527742540167055,0.021000670044897037,0.45513547574039065,0.5434625078764965,0.5551984877126653,0.4959829867674858,0.5889332427382368
0.1078,0.5271368197888634,0.02101131335541258,0.45554505356017644,0.5438090737240076,0.5555608065532451,0.49308443604284813,0.5876847290640395
0.108,0.5257471333941082,0.020931446838476527,0.45590737240075613,0.5416036546943919,0.5573881537492122,0.48909892879647127,0.5847375573297096
0.1082,0.5242471846107359,0.020717511878384245,0.45513547574039065,0.5387523629489603,0.5562854442344045,0.4882955261499685,0.5827671139799558
0.1084,0.5241576122412128,0.020970955321698247,0.45327662255828605,0.5390831758034026,0.5588374291115312,0.48832703213610584,0.5812638015967385
0.1086,0.5232811870997464,0.020807684403093427,0.4551984877126654,0.5350661625708885,0.5606647763074986,0.4854442344045369,0.5800322745031424
0.1088,0.5245749913648872,0.02056450719567232,0.4574669187145558,0.5372558286074354,0.5611058601134216,0.4865469439193447,0.580499405469679
0.109,0.5244241056811495,0.020908432137541247,0.45600189035916816,0.5386893509766855,0.5633585381222432,0.4850661625708884,0.5790045863767623
0.1092,0.5243752615018256,0.02069109623591116,0.4563957151858853,0.5379332073093888,0.5619092627599244,0.4862003780718336,0.5794377441820961
0.1094,0.5237354175771399,0.020247632215110462,0.45827032136105855,0.5390044108380593,0.5608223062381852,0.4840894770006301,0.5764905724477662
0.1096,0.5230537622600137,0.019571390224460333,0.4575141776937618,0.5386263390044108,0.5586641461877756,0.48741335853812223,0.573050789875998
0.1098,0.5214956507610407,0.019537168458226513,0.45601764335223693,0.5368147448015123,0.557561436672968,0.4859955891619408,0.571088839816545
0.11,0.520826861681603,0.01923397956251624,0.454521109010712,0.5371140516698173,0.5546471329552615,0.48823251417769375,0.5696195005945304
0.1102,0.5198871607246282,0.01895299806983443,0.4545053560176434,0.5359640831758034,0.5550252047889099,0.48752362948960304,0.5664175301511806
0.1104,0.5191183322453145,0.018357961588732534,0.4549149338374291,0.5322621298046629,0.555419029615627,0.4897290485192186,0.5632665194496348
0.1106,0.5193583675071867,0.017569712467191623,0.4616257088846881,0.5285916824196598,0.5576086956521739,0.487177063642092,0.5617886869373195
0.1108,0.5184688379733886,0.017222517585197227,0.4609168241965974,0.5241335853812225,0.5579710144927535,0.48977630749842477,0.5595464582979446
0.111,0.5185604916539374,0.017421093549747284,0.45869565217391306,0.5263232514177694,0.5590264650283554,0.49092627599243854,0.5578308136572108
0.1112,0.5173853183710138,0.01744387554559125,0.4572148708254568,0.5248109640831757,0.5568525519848772,0.4902173913043478,0.5578308136572109
0.1114,0.5173453105317121,0.017737418573508877,0.45609640831758036,0.5240705734089477,0.5594990548204158,0.49024889729048515,0.5568116188211314
0.1116,0.5169042352886525,0.017802678851386082,0.45538752362948964,0.5193604284814115,0.5598771266540643,0.4921077504725897,0.5577883472057075
0.1118,0.5159266961079323,0.018326266091978634,0.453528670447385,0.517548834278513,0.5616887208569629,0.48957151858853176,0.5572957363682691
0.112,0.515839324394346,0.018599779242586996,0.4523787019533712,0.5164776307498424,0.5635318210459987,0.4899968494013862,0.5568116188211312
0.1122,0.5140878778858589,0.018862174867509286,0.4475740390674228,0.5167926906112161,0.5609955891619407,0.48998109640831766,0.5550959741803975
0.1124,0.5131149808475501,0.018047023670555346,0.4493856332703213,0.5160365469439193,0.5573408947700063,0.4899495904221802,0.5528622388313232
0.1126,0.5117822123421047,0.018378082090555845,0.446424070573409,0.5130907372400756,0.5576874606175173,0.4900441083805923,0.5516646848989298
0.1128,0.511106563338592,0.0181682657860399,0.44497479521109007,0.5152961562696912,0.5558443604284814,0.49045368620037805,0.5489638185833192
0.113,0.5103639067165924,0.01796142222618335,0.4442501575299307,0.5153276622558286,0.5546786389413988,0.49081600504095774,0.5467470698148463
0.1132,0.5111783008688416,0.01772008320780143,0.446817895400126,0.511279143037177,0.5593887838689351,0.49415563957151853,0.5442500424664515
0.1134,0.5112499763183305,0.017799976217856735,0.446817895400126,0.5065374921235035,0.5604599873976055,0.4974795211090107,0.5449549855614065
0.1136,0.511314791843744,0.017851801284416654,0.446424070573409,0.5044108380592313,0.5611846250787649,0.5001260239445495,0.5444284015627654
0.1138,0.5100038875400594,0.017979941200711166,0.4445967233774417,0.5036546943919344,0.5600819155639571,0.4982514177693762,0.5434346865975879
0.114,0.5096619638349598,0.018619203728926455,0.4453213610586011,0.49823566477630743,0.5662728418399496,0.49678638941398867,0.5416935620859521
0.1142,0.5084610270362784,0.018740945172017624,0.4431001890359168,0.497164461247637,0.5651386263390044,0.49643982356647764,0.540462034992356
0.1144,0.5081237058703462,0.01863858563135023,0.44303717706364204,0.49792060491493384,0.5651858853182106,0.49576244486452425,0.5387124171904196
0.1146,0.5077559704833812,0.01870261490571666,0.4430529300567107,0.4956994328922496,0.566650913673598,0.49688090737240087,0.5364956684219466
0.1148,0.5064266956262713,0.018499610077691055,0.44229678638941394,0.49465973534971647,0.5651701323251418,0.49620352867044737,0.5338032953966367
0.115,0.5060861756956176,0.01856403774750966,0.44339949590422184,0.4924858223062382,0.5666351606805293,0.4951008191556395,0.5328095804314591
0.1152,0.5051157345936156,0.018290086394670054,0.44562066792690613,0.4888468809073725,0.5655797101449275,0.49294265910523,0.532588754883642
0.1154,0.5056722902202787,0.01826917369995815,0.44374606175173287,0.490012602394455,0.5648550724637682,0.4976685570258349,0.5320791574656022
0.1156,0.5059833373097131,0.018661154011987494,0.44344675488342783,0.4896975425330813,0.5681159420289855,0.4980466288594833,0.5306098182435875
0.1158,0.5050966153248071,0.01835584069255749,0.44344675488342783,0.48931947069943293,0.5658790170132326,0.49697542533081285,0.5298624086971293
0.116,0.5047165328237573,0.018439893798904563,0.4456679269061121,0.4864524259609325,0.5680371770636421,0.49478575929426594,0.528639374893834
0.1162,0.504641190863125,0.01838234928215574,0.4453213610586012,0.4856962822936358,0.5658475110270951,0.4947542533081285,0.5315865466281637
0.1164,0.5028972507749124,0.0180377596274779,0.44458097038437305,0.4816792690611217,0.5621613106490233,0.49621928166351603,0.5298454221165279
0.1166,0.5021042498669278,0.018173089855882982,0.4456679269061121,0.4784183994959042,0.5632325141776937,0.49437618147448015,0.5288262272804485
0.1168,0.5023672410956654,0.01815823662915301,0.4479363579080025,0.4792060491493383,0.5657844990548204,0.4918241965973535,0.5270851027688127
0.117,0.5021696069934619,0.017984413807833725,0.4475897920604915,0.4803245116572149,0.5643037177063642,0.49105229993698796,0.527577713606251
0.1172,0.5014936631063349,0.018169658819364106,0.4460459987397606,0.47860743541272843,0.5646817895400126,0.4925173282923755,0.525615763546798
0.1174,0.5013350724509238,0.018189466653595707,0.44489603024574664,0.4793478260869565,0.5650756143667297,0.4939823566477631,0.5233735349074232
0.1176,0.49970134658522103,0.01853899223720927,0.44195022054190297,0.47863894139886576,0.5650756143667297,0.4914303717706364,0.52141158484797
0.1178,0.49808427548915624,0.018606812503120036,0.4390359168241966,0.4768746061751733,0.5631852551984877,0.49213925645872714,0.5191863427891965
0.118,0.4975455798551785,0.01878527173241758,0.4374921235034657,0.476591052299937,0.562822936357908,0.49141461877756776,0.5194071683370136
0.1182,0.4980990330493352,0.018436074315336472,0.4400756143667297,0.4784341524889729,0.5635318210459987,0.4903119092627599,0.5181416680822151
0.1184,0.49756713204759784,0.019067690564053583,0.438216761184625,0.4755513547574039,0.5653591682419659,0.4903119092627599,0.5183964667912349
0.1186,0.49572170061895593,0.019792744797171885,0.4337901701323251,0.4755986137366099,0.5671865154379331,0.4870510396975426,0.5149821640903686
0.1188,0.4952316024467954,0.020415976284780656,0.4308128544423441,0.47418084436042846,0.5686515437933207,0.48775992438563326,0.5147528452522507
0.119,0.4943909513437756,0.020958459842363993,0.4293635790800252,0.4712665406427222,0.5697227473219912,0.4856175173282923,0.5159843723458468
0.1192,0.49370902683162593,0.02140933355971492,0.4267958412098299,0.4698015122873345,0.5701165721487083,0.48561751732829245,0.5162136911839647
0.1194,0.4928907815314874,0.022048086006547802,0.42238500315059857,0.47016383112791427,0.5704631379962193,0.4845148078134846,0.5169271275692203
0.1196,0.49294668686218035,0.02197817809095636,0.422416509136736,0.4719911783238816,0.5708097038437303,0.48383742911153116,0.5156786138950229
0.1198,0.49292994699908554,0.022351237572844424,0.4201323251417769,0.4723534971644613,0.5715973534971645,0.4849558916194077,0.5156106675726176
0.12,0.4923886423676146,0.023062090496430116,0.4186515437933207,0.469439193446755,0.5745431632010082,0.48419974795211085,0.5151095634448786
0.1202,0.4924489800505615,0.022851717573461737,0.41832073093887834,0.4672495274102079,0.5730151228733459,0.4904694391934467,0.5131900798369288
0.1204,0.4926960737879079,0.02350875831524697,0.4168241965973534,0.465406427221172,0.5755986137366099,0.49193446754883424,0.5137166638355699
0.1206,0.4918714309583268,0.02397957221309581,0.41419344675488345,0.46320100819155635,0.5751732829237555,0.4908475110270952,0.5159419058943435
0.1208,0.493158088978642,0.0246513583884654,0.41424070573408944,0.46356332703213604,0.5798834278512918,0.49120982986767486,0.5168931544080176
0.121,0.49317844451087794,0.02486691569069051,0.412822936357908,0.4628544423440454,0.5798991808443603,0.49343100189035916,0.5168846611177169
0.1212,0.49364383989200517,0.025340969786982057,0.41168872085696284,0.46140516698172657,0.581364209199748,0.4956364209199748,0.5181246815016137
0.1214,0.49261979901032565,0.025337564782011924,0.40986137366099556,0.46137366099558913,0.5791902961562697,0.49303717706364203,0.5196364871751318
0.1216,0.4929918816560878,0.025986276040779674,0.40834908632640204,0.4594833018273472,0.5813957151858854,0.494880277252678,0.5208510276881264
0.1218,0.49476996776831117,0.026892070603961458,0.4065059861373661,0.4612948960302458,0.5868935097668556,0.49855072463768113,0.5206047222694072
0.122,0.4967680627452391,0.027622709203538116,0.405072463768116,0.46239760554505355,0.5905639571518588,0.5037492123503465,0.5220570749108204
0.1222,0.4984954133556482,0.028442806920743354,0.4024259609325771,0.46493383742911154,0.5938720856962824,0.5059861373660995,0.5252590453541701
0.1224,0.49834128930394517,0.02838738343727402,0.4031821045998739,0.462775677378702,0.5931159420289855,0.5063799621928167,0.5262527603193478
0.1226,0.49906953141548743,0.029017192882565674,0.40168557025834906,0.46129489603024576,0.5949590422180214,0.5093887838689352,0.5280193647018855
0.1228,0.49993909663287867,0.029072435408953004,0.40092942659105224,0.46455576559546313,0.5957309388783869,0.5104599873976056,0.5280193647018855
0.123,0.5003312313643992,0.02965772679484718,0.39943289224952744,0.46192501575299305,0.5968336483931946,0.5144770006301197,0.5289875997961611
0.1232,0.5013932469404622,0.030394938979303857,0.39760554505356016,0.46157844990548214,0.5994171392564587,0.5174070573408948,0.5309580431459148
0.1234,0.5026690183501097,0.030838712846908454,0.39692816635160677,0.4623030875866415,0.601291745431632,0.5189508506616257,0.533871241719042
0.1236,0.5022233148792921,0.031356157683926245,0.39546313799621924,0.4605072463768116,0.6034814114681789,0.5197385003150599,0.5319262782401902
0.1238,0.5029250051564494,0.03189941965494792,0.39437618147448017,0.46014492753623193,0.6057813484562067,0.5211562696912413,0.533166298624087
0.124,0.5038647061134243,0.03247199101711403,0.3947700063011972,0.45756143667296784,0.6083648393194705,0.5222589792060491,0.5363682690674367
0.1242,0.505811472610236,0.03302305818243587,0.3944391934467549,0.45904221802142403,0.6120510396975426,0.5273944549464399,0.5361304569390182
0.1244,0.5056259078642302,0.033640795861689436,0.39447069943289226,0.4539855072463769,0.6139098928796471,0.5274417139256459,0.5383217258365891
0.1246,0.5064301245179509,0.03429882288564521,0.3926275992438564,0.4543635790800252,0.6164933837429112,0.5281190926275992,0.5405469678953627
0.1248,0.5071765471943831,0.03423837812215299,0.3933837429111532,0.4551039697542533,0.6161783238815375,0.5270006301197228,0.5442160693052489
0.125,0.5082953302744644,0.034524850215095396,0.3952898550724638,0.45218966603654687,0.6176591052299938,0.5299306868304978,0.5464073382028198
0.1252,0.510057130355362,0.035351691039418404,0.39639256458727157,0.4510712035286704,0.6239760554505356,0.5309861373660996,0.547859690844233
0.1254,0.5106714660446603,0.035421243242134214,0.39818840579710146,0.45,0.6250630119722748,0.5295368620037807,0.5505690504501444
0.1256,0.5117590465850819,0.03573421611783586,0.3982199117832389,0.45108695652173914,0.627284183994959,0.5292060491493383,0.5529981314761339
0.1258,0.5128881179457391,0.03540957715657105,0.40497794580970387,0.44851921865154376,0.6298519218651544,0.5273629489603024,0.5537285544419908
0.126,0.5150259310267762,0.03560540103232629,0.40765595463138,0.44925960932577186,0.6335223692501576,0.5299779458097038,0.5547137761168676
0.1262,0.5152971377879276,0.03562727619284626,0.4094990548204159,0.44925960932577186,0.6353654694391935,0.5266540642722117,0.5557074910820452
0.1264,0.5161137186814603,0.03572728641613908,0.41142091997479524,0.4482041587901701,0.6361688720856963,0.5258821676118463,0.5588924749447937
0.1266,0.5182251956052387,0.0356817242954148,0.41402016383112794,0.45077189666036543,0.6383900441083806,0.5258664146187775,0.562077458807542
0.1268,0.5205113988304626,0.03609098391766638,0.4162885948330183,0.45080340264650276,0.6424070573408948,0.5287807183364839,0.5642772209954137
0.127,0.520603875081093,0.03605210233015844,0.4189193446754883,0.4493698802772526,0.6431316950220541,0.5258349086326402,0.5657635467980295
0.1272,0.5228422209970192,0.036152021037008306,0.4230466288594833,0.44971644612476364,0.6464240705734089,0.5265595463137996,0.5684644131136402
0.1274,0.5241316212743917,0.03578115440802499,0.4267958412098299,0.4500787649653434,0.6464398235664777,0.52763074984247,0.5697129267878375
0.1276,0.525350066453173,0.03594970265504959,0.43323881537492126,0.44864524259609323,0.6511814744801512,0.5225110270951481,0.5711737727195516
0.1278,0.5269761044729295,0.035961292716467086,0.4388783868935097,0.4475897920604915,0.6534026465028354,0.5206679269061121,0.5743417700016987
0.128,0.526412754214026,0.035763565995425156,0.4414618777567738,0.4465028355387523,0.6526465028355387,0.5166351606805293,0.5748173942585357
0.1282,0.5269166118375809,0.03577290591471359,0.4455891619407687,0.4439823566477631,0.6533711405166982,0.5158632640201638,0.5757771360625107
0.1284,0.5280023545734094,0.03568974777092345,0.4526780088216761,0.44108380592312535,0.6555765595463139,0.5158475110270951,0.5748258875488365
0.1286,0.5285356422238656,0.0359370194610268,0.45601764335223693,0.4393194706994329,0.6584908632640202,0.5154851921865155,0.5733650416171224
0.1288,0.5282724610065925,0.0359852994327572,0.45902646502835537,0.4382482671707625,0.6584278512917454,0.5103497164461247,0.5753100050959742
0.129,0.5298738840046673,0.03591738969558018,0.4653591682419659,0.43974480151228734,0.6609798361688721,0.5062854442344046,0.577000169865806
0.1292,0.5319936471044837,0.03622721413034028,0.4716288594833018,0.4390359168241966,0.6649653434152489,0.5058601134215501,0.5784780023781213
0.1294,0.5329399527051638,0.036685607690376605,0.47728418399495903,0.4365154379332073,0.6667611846250787,0.5022211720226843,0.5819177849498895
0.1296,0.5334581113812338,0.037013119917381626,0.48212035286704474,0.43399495904221796,0.6682262129804661,0.5000630119722747,0.5828860200441651
0.1298,0.5346662340279849,0.03675120075983579,0.49029615626969125,0.4354442344045369,0.6696754883427851,0.49601449275362325,0.5819007983692883
0.13,0.5353791454026681,0.036630245758212436,0.49473850031505984,0.4376969124133585,0.6722117202268432,0.49354127284183996,0.5787073212162392
0.1302,0.5354570963607937,0.036289395179504066,0.4965973534971645,0.43843730308758666,0.671817895400126,0.49395085066162564,0.5764820791574656
0.1304,0.5353832288182316,0.03606038562433047,0.4966446124763705,0.44132010081915557,0.6717706364209199,0.4914461247637051,0.5757346696110073
0.1306,0.5376164616342504,0.03598280114456382,0.5063484562066793,0.4398550724637681,0.6728733459357278,0.492548834278513,0.5764565992865636
0.1308,0.5401011579239294,0.035422475787938106,0.5137681159420289,0.44204473850031506,0.674700693131695,0.49697542533081285,0.5730168167147953
0.131,0.5417979268022874,0.03540047952157427,0.5189508506616256,0.44355702583490864,0.6768903591682418,0.4973219911783239,0.572269407168337
0.1312,0.5422614474514724,0.03530439492401623,0.5255828607435411,0.44426591052299935,0.6775834908632641,0.49483301827347204,0.5690419568540852
0.1314,0.5421457513907428,0.03431129593447207,0.5300567107750472,0.44719596723377447,0.6739130434782609,0.4937145557655954,0.5658484797010361
0.1316,0.5431106935287978,0.034100972610884586,0.5356805293005671,0.4501102709514807,0.6757088846880908,0.49335223692501573,0.5607015457788347
0.1318,0.5447834938816735,0.0342886295846727,0.5431316950220542,0.45014177693761814,0.6782608695652175,0.4951638311279144,0.557219296755563
0.132,0.5454815144366133,0.03414766363281643,0.5472274732199118,0.4527410207939508,0.6786231884057972,0.4933207309388784,0.5554951588245285
0.1322,0.545342888097609,0.03392020496533061,0.5491335853812225,0.4542060491493384,0.6771109010712035,0.4907687460617517,0.5554951588245286
0.1324,0.5454720936811526,0.033750713640398416,0.5561751732829238,0.45497794580970385,0.6752362948960302,0.48818525519848777,0.5527857992186174
0.1326,0.5468523336318561,0.03397194374618937,0.5613736609955892,0.45792375551354764,0.6778040327662256,0.4870667926906112,0.5500934261933074
0.1328,0.5470998185850318,0.03444390725758114,0.5609798361688721,0.4613264020163831,0.6814429741650914,0.48338059231253927,0.5483692882622728
0.133,0.5471785353842675,0.03455314115683665,0.5654379332073093,0.4609640831758034,0.6799306868304977,0.4804347826086957,0.5491251910990318
0.1332,0.5486710569538533,0.03398207918491024,0.5655324511657215,0.4672652804032766,0.6809703843730309,0.4819313169502205,0.547655851877017
0.1334,0.5500390150823068,0.03388963490053609,0.5692186515437934,0.46984877126654057,0.6816477630749842,0.48232514177693764,0.5471547477492781
0.1336,0.55095673249261,0.03339549997502072,0.5696124763705104,0.4746376811594203,0.6816005040957782,0.4830182734719597,0.5459147273653814
0.1338,0.5513814564125091,0.032766998563231745,0.5673755513547574,0.476843100189036,0.6808758664146188,0.48637366099558915,0.5454391031085443
0.134,0.5509575518516175,0.03217972459288124,0.566304347826087,0.4772999369880277,0.6790170132325142,0.48966603654694396,0.542500424664515
0.1342,0.5517793164886822,0.03166150652739215,0.5700220541902962,0.4780088216761184,0.6764492753623188,0.4911940768746062,0.5432223543400714
0.1344,0.5520414059408505,0.03168555360769359,0.5737555135475739,0.4776937618147448,0.6757403906742281,0.49127284183994957,0.541744521827756
0.1346,0.552843923936511,0.030931266428290263,0.5726055450535602,0.4798834278512917,0.6738815374921234,0.493887838689351,0.543961270596229
0.1348,0.5536872407659953,0.030265255412925244,0.5740863264020163,0.48282923755513546,0.6720541902961563,0.4957939508506616,0.5436724987260065
0.135,0.5555509517676374,0.029320042190240314,0.5763232514177694,0.4882640201638312,0.670179584120983,0.49833018273471963,0.5446577204008832
0.1352,0.5574851501214482,0.02912818314481371,0.5767485822306238,0.49410838059231255,0.6716446124763705,0.4965973534971645,0.5483268218107694
0.1354,0.5576504331899163,0.028740034083765808,0.5800882167611847,0.49413988657845,0.6687460617517329,0.4969596723377442,0.5483183285204689
0.1356,0.5579796977715896,0.027843172294934822,0.5809073724007561,0.4959987397605545,0.6647448015122873,0.498408947700063,0.5498386274842874
0.1358,0.5573361306067891,0.027107910238371724,0.5764965343415249,0.49782608695652175,0.6625393824826717,0.4994959042218022,0.5503227450314252
0.136,0.5565383655355874,0.026532695969076286,0.5735349716446125,0.4996376811594203,0.6603497164461248,0.49954316320100817,0.5496262952267709
0.1362,0.5572337460526537,0.026014256218095933,0.5712980466288594,0.5032923755513548,0.6603497164461248,0.501339004410838,0.5498895872260914
0.1364,0.5592409016095936,0.025413222645516573,0.5709829867674859,0.5080655324511657,0.6603339634530562,0.5032293635790801,0.5535926617971801
0.1366,0.5599698469463062,0.024661753911460024,0.5695652173913043,0.5109168241965973,0.6588689350976685,0.5061751732829237,0.5543230847630374
0.1368,0.5601831944383345,0.02446559689328775,0.5676748582230624,0.5097826086956522,0.6588374291115311,0.5090579710144927,0.5555631051469339
0.137,0.5599025219666887,0.023943880792468293,0.5644454946439824,0.5090737240075616,0.6562696912413359,0.510491493383743,0.55923220655682
0.1372,0.5601413691312407,0.02369078743103445,0.5652016383112791,0.5115784499054821,0.6551827347195968,0.5090107120352867,0.5597333106845592
0.1374,0.5607465479083118,0.023151798546796786,0.5622873345935727,0.5130277252678009,0.6544108380592313,0.5123030875866414,0.5617037540343128
0.1376,0.5608671895579304,0.023016224080587833,0.5615626969124133,0.5133742911153119,0.6537177063642092,0.5122873345935728,0.5633939188041447
0.1378,0.5618503920025424,0.022832235159835595,0.5623030875866415,0.5126023944549465,0.6533868935097669,0.5148393194706994,0.5661202649906574
0.138,0.5621657157071496,0.022533436383122742,0.5578764965343416,0.5143982356647763,0.6534026465028355,0.5170604914933837,0.5680907083404111
0.1382,0.5626222576225273,0.02173679310217334,0.5583018273471959,0.516603654694392,0.6505040957781978,0.5188720856962823,0.5688296245965687
0.1384,0.5624890874331522,0.021788826218082556,0.5586798991808444,0.515406427221172,0.6501732829237555,0.5188720856962823,0.5693137421437066
0.1386,0.5623696199662003,0.021582895448748123,0.5575456836798992,0.515359168241966,0.6490705734089476,0.5195652173913043,0.5703074571088841
0.1388,0.5628872456040132,0.02165956490052131,0.5600976685570258,0.5138783868935097,0.6483459357277883,0.5191398865784499,0.572974350263292
0.139,0.5633354360515181,0.02191373162651708,0.561925015752993,0.5130907372400756,0.6490233144297417,0.5184152488972904,0.5742228639374896
0.1392,0.5633993583632257,0.022509577256065803,0.5649180844360429,0.5090264650283554,0.6500945179584121,0.5180214240705734,0.574936300322745
0.1394,0.5629270152886716,0.02193834144486533,0.5626023944549463,0.5082388153749212,0.6475582860743542,0.5212822936357908,0.5749532869033464
0.1396,0.5614709056908683,0.021562273273183705,0.5599716446124763,0.5048046628859483,0.6431947069943289,0.5227315689981096,0.5766519449634788
0.1398,0.5627509194642345,0.02153338976913912,0.5640359168241966,0.5032766225582861,0.6424543163201009,0.5248897290485193,0.5790980125700697
0.14,0.5625624593999852,0.021836004135757748,0.5640044108380593,0.49847195967233765,0.6410365469439194,0.5270163831127914,0.582282996432818
0.1402,0.562863785498555,0.021897068024808886,0.5676748582230623,0.4962980466288595,0.6388783868935097,0.526984877126654,0.5844827586206897
0.1404,0.5622766342251877,0.022216378661019946,0.5651228733459358,0.49106805293005673,0.6381379962192818,0.5313484562066793,0.585705792423985
0.1406,0.5613466745958784,0.02318587708093523,0.5654694391934467,0.48482986767485825,0.6384373030875866,0.5305923125393825,0.5874044504841176
0.1408,0.5611673457552653,0.02299982195101909,0.5669344675488343,0.48259294265910524,0.6351291745431631,0.5327819785759293,0.588398165449295
0.141,0.5612733176140565,0.023563717736452824,0.570620667926906,0.4788437303087586,0.6351449275362319,0.5331127914303717,0.5886444708680143
0.1412,0.559670802850877,0.023610808281098843,0.570872715816005,0.47474795211090115,0.631505986137366,0.5338059231253938,0.5874214370647188
0.1414,0.5586268715074889,0.023854170218412685,0.5679269061121613,0.470683679899181,0.6293005671077504,0.5363579080025205,0.5888652964158314
0.1416,0.5570629779348921,0.02407563593740232,0.5664146187775677,0.4673755513547574,0.6264020163831129,0.5352551984877127,0.5898675046713098
0.1418,0.5557027815070832,0.024518212324686824,0.5671077504725899,0.462870195337114,0.623109640831758,0.5340894770006301,0.5913368438933244
0.142,0.5553344253125098,0.024817623438618378,0.5674700693131696,0.46129489603024576,0.622022684310019,0.5325771896660365,0.5933072872430779
0.1422,0.554877883397132,0.02484711612020621,0.567832388153749,0.4590894770006301,0.6201795841209831,0.5347195967233775,0.5925683709869203
0.1424,0.5540569894962564,0.02562978524072229,0.5689193446754883,0.4539855072463769,0.6187145557655954,0.5343730308758665,0.5942925089179548
0.1426,0.5540417866671719,0.02527565398331916,0.57117202268431,0.45541902961562697,0.6161940768746061,0.5328764965343415,0.5945473076269747
0.1428,0.5536519574866668,0.02591130689572808,0.5729993698802772,0.4517485822306238,0.6165879017013233,0.5328607435412728,0.594063190079837
0.143,0.5526328140277688,0.02697247832738381,0.5744959042218023,0.4462665406427221,0.6169187145557656,0.5306553245116572,0.5948275862068966
0.1432,0.5516555697306625,0.02677619345319866,0.571518588531821,0.44557340894770003,0.6158475110270951,0.5317422810333964,0.5935960591133005
0.1434,0.5497084601841294,0.02721495176067573,0.5700378071833649,0.44256458727158154,0.6132797731568999,0.5273314429741651,0.5953286903346358
0.1436,0.5480520507576582,0.028160659819975377,0.571912413358538,0.43777567737870193,0.6118462507876496,0.5221487082545684,0.5965772040088331
0.1438,0.5467886607135499,0.028340049511623742,0.572668557025835,0.43481411468178954,0.6081442974165091,0.5217391304347826,0.5965772040088331
0.144,0.5436933691004144,0.0296761213263163,0.5689823566477631,0.4260081915563957,0.6085381222432262,0.5191083805923126,0.5958297944623747
0.1442,0.5431649050180414,0.0300947227493857,0.5730466288594833,0.4219911783238815,0.6058758664146188,0.5205419029615628,0.5943689485306608
0.1444,0.5411659821192424,0.031118390244977586,0.5723377441713926,0.415012602394455,0.6037177063642092,0.5194076874606175,0.5953541702055377
0.1446,0.5384206622326018,0.03141773559253484,0.5696754883427851,0.41132640201638315,0.5997637051039697,0.5157372400756144,0.5956004756242568
0.1448,0.5375845965430222,0.031392235596306425,0.5681632010081916,0.4102079395085066,0.598660995589162,0.5160207939508507,0.5948700526583999
0.145,0.5362240966687356,0.031942953549230164,0.5656427221172022,0.4069155639571519,0.5982829237555135,0.5141776937618147,0.596101579751996
0.1452,0.5354218425163088,0.032332563071724704,0.561184625078765,0.4043478260869565,0.6004725897920604,0.5152488972904852,0.5958552743332767
0.1454,0.5334023173677671,0.032474243436908634,0.556710775047259,0.4021266540642722,0.5979363579080024,0.5134057971014492,0.5968320027178529
0.1456,0.5326118291250604,0.03240547551591566,0.5544738500315061,0.40176433522369254,0.5957624448645241,0.5130119722747322,0.5980465432308476
0.1458,0.5315985587202116,0.03265238900140615,0.5533396345305608,0.4003150598613737,0.5935570258349087,0.5108065532451166,0.599974520129098
0.146,0.5305577126836024,0.03247168921276475,0.552284183994959,0.4014020163831128,0.5921077504725898,0.5067737870195337,0.6002208255478172
0.1462,0.5293289706613817,0.032419912716393925,0.5497321991178323,0.4006301197227473,0.5913673597983616,0.505671077504726,0.599244097163241
0.1464,0.5279627283167155,0.032848155009229316,0.5467548834278513,0.398361688720857,0.5895085066162571,0.5034814114681789,0.6017071513504331
0.1466,0.5276161057402333,0.03285632950661376,0.5456521739130433,0.39867674858223057,0.5902646502835538,0.5020006301197227,0.601486325802616
0.1468,0.5254593805046502,0.03299943567079269,0.5438248267170762,0.39536862003780715,0.5876969124133585,0.5008821676118462,0.5995243757431628
0.147,0.5226521971398109,0.03321067623087667,0.5382167611846251,0.39391934467548834,0.586578449905482,0.49502205419029616,0.599524375743163
0.1472,0.5220558803913529,0.03312273160359377,0.5352709514807814,0.3954631379962193,0.588421550094518,0.49209199747952115,0.5990317649057244
0.1474,0.5225419914801648,0.033179302342759225,0.53528670447385,0.3976685570258349,0.5899023314429741,0.4891304347826087,0.6007219296755563
0.1476,0.5218967170944404,0.03286422397544386,0.5318525519848771,0.3998267170762445,0.5902488972904851,0.4873345935727788,0.6002208255478172
0.1478,0.520946622961811,0.03289611267436832,0.5341367359798361,0.3994801512287335,0.5888468809073724,0.48325456836798997,0.5990147783251232
0.148,0.5194214297862849,0.03275025663371062,0.5322936357908004,0.40127599243856327,0.5874133585381223,0.4773471959672338,0.5987769661967046
0.1482,0.5186458719665655,0.03286871045339081,0.5311594202898551,0.4013547574039068,0.5895557655954631,0.4743698802772527,0.5967895362663497
0.1484,0.5182015893959211,0.0332634874215382,0.5307813484562067,0.40097668557025834,0.5906269691241336,0.4710775047258979,0.5975454391031085
0.1486,0.5190908465236219,0.03343617209495397,0.5330340264650284,0.40168557025834906,0.5935727788279773,0.4703213610586012,0.5968404960081536
0.1488,0.5195878527859652,0.033711285474338826,0.5296786389413988,0.4028512917454316,0.5979363579080024,0.4699275362318841,0.5975454391031085
0.149,0.520337959099268,0.03410655790310234,0.5289382482671707,0.40461562696912406,0.6012287334593573,0.46739130434782605,0.5995158824528622
0.1492,0.5197969011853036,0.03356041739116316,0.5271266540642723,0.4068210459987397,0.599007561436673,0.466997479521109,0.5990317649057244
0.1494,0.5213604035420714,0.03307348044854913,0.527536231884058,0.4115469439193447,0.5997321991178324,0.46770636420919975,0.6002802785799218
0.1496,0.5219074677696491,0.032891009354370525,0.527142407057341,0.41414618777567735,0.5997321991178324,0.46701323251417765,0.6015033123832173
0.1498,0.5217714900313818,0.03312610876877174,0.5241493383742911,0.41375236294896034,0.6030560806553245,0.4674070573408947,0.6004926108374384
0.15,0.523447066892769,0.0330057223496179,0.5249054820415879,0.4170604914933837,0.6059388783868934,0.46811594202898543,0.6012145405129947
0.1502,0.524368133453085,0.03276958068765811,0.5248582230623818,0.4195967233774417,0.6077662255828608,0.46887208569628225,0.6007474095464582
0.1504,0.5244380363898153,0.03268336275942203,0.5248582230623818,0.4218021424070574,0.6095305608065532,0.46672967863894144,0.599269577034143
0.1506,0.5257186709707901,0.03152731116744072,0.5267643352236925,0.42844990548204154,0.608396345305608,0.4674543163201008,0.5975284525225073
0.1508,0.5278006097615145,0.031171169680094365,0.52822936357908,0.43136420919974794,0.6113106490233144,0.47104599873976055,0.5970528282656702
0.151,0.529475531563839,0.030939337944159317,0.5294108380592313,0.4353654694391934,0.6131379962192816,0.47140831758034024,0.5980550365211483
0.1512,0.5321417916015221,0.03086486504493574,0.5309231253938249,0.4383270321361058,0.617848141146818,0.47506301197227474,0.5985476473585868
0.1514,0.5332700575178249,0.03052781195648864,0.5297574039067422,0.44199747952110896,0.6200850661625709,0.4764807813484562,0.5980295566502463
0.1516,0.5353036059609947,0.030306225750045757,0.5289855072463768,0.44755828607435416,0.6230151228733459,0.47720541902961555,0.5997536945812808
0.1518,0.5363515982424294,0.029883840826744383,0.53086011342155,0.45048834278512917,0.6234404536862004,0.47794580970384376,0.5990232716154238
0.152,0.5378120722247571,0.029788982677668756,0.5312066792690611,0.4523787019533712,0.6267013232514177,0.48049779458097036,0.5982758620689654
0.1522,0.5394343837933249,0.029681828878263497,0.5301039697542532,0.4542375551354757,0.6300252047889099,0.48454631379962193,0.5982588754883642
0.1524,0.5423566959291826,0.029064457697828155,0.531962822936358,0.4583333333333333,0.6318683049779457,0.4903749212350347,0.5992440971632411
0.1526,0.5427413242404284,0.029467401436633962,0.5293005671077504,0.45905797101449275,0.6347826086956522,0.4903276622558286,0.6002378121284184
0.1528,0.544155648134382,0.02934522475874662,0.5307498424700692,0.46134215500945175,0.6362633900441084,0.49144612476370514,0.6009767283845762
0.153,0.5453058975973568,0.029817132668418657,0.5307025834908632,0.4595305608065533,0.6373660995589161,0.4940296156269691,0.6049006285034823
0.1532,0.5475938476467486,0.02947652675426796,0.5336798991808444,0.46394139886578445,0.6388468809073723,0.4951480781348456,0.6063529811448956
0.1534,0.5490437127762955,0.029676098551663806,0.536578449905482,0.4679269061121613,0.6435885318210459,0.49224952741020794,0.6048751486325803
0.1536,0.5497099410243476,0.02957104058891678,0.5362633900441084,0.46975425330812853,0.6447069943289224,0.49295841209829866,0.6048666553422797
0.1538,0.5521917366439932,0.02982886758670908,0.5381852551984878,0.47161310649023314,0.6479836168872085,0.4951165721487083,0.6080601324953286
0.154,0.5535353778454529,0.030349627566464338,0.5392722117202268,0.4712665406427221,0.6497794580970384,0.4954001260239445,0.6119585527433328
0.1542,0.55443966493943,0.03035495577038821,0.5415248897290486,0.4723850031505986,0.6501260239445494,0.4950063011972274,0.6131561066757262
0.1544,0.5537342910254018,0.03040481576803538,0.5418872085696281,0.47058916194076883,0.6482829237555136,0.4942974165091368,0.613614744351962
0.1546,0.5546389976996938,0.030470652182459115,0.5437618147448016,0.47279458097038435,0.6508034026465028,0.49316320100819155,0.6126719891285884
0.1548,0.5555297720597829,0.030408923157762634,0.5448645242596093,0.47574039067422813,0.6518746061751732,0.4920132325141776,0.6131561066757263
0.155,0.5574058387383735,0.03079684367167416,0.547069943289225,0.4793163201008192,0.6562854442344046,0.49023314429741643,0.6141243417700017
0.1552,0.5572643481215057,0.030529564750154756,0.5447069943289226,0.4830182734719596,0.6570258349086326,0.4891619407687459,0.6124086971292679
0.1554,0.5584572850648996,0.03092117612731597,0.5447069943289226,0.4826874606175173,0.6603024574669186,0.49095778197857587,0.6136317309325633
0.1556,0.5592564143073033,0.03149387987044183,0.5447227473219912,0.4819943289224953,0.6621613106490233,0.4905954631379962,0.6168082215050109
0.1558,0.5608683894291877,0.0313064467571678,0.5450693131695022,0.48453056080655327,0.6629174543163201,0.4928166351606805,0.6190079836928826
0.156,0.5622779775244098,0.031231811470440622,0.5491493383742911,0.4856017643352237,0.6632955261499685,0.4931632010081916,0.6201800577543741
0.1562,0.5628597379399828,0.03116937844291279,0.5506931316950221,0.485239445494644,0.6640359168241966,0.49465973534971647,0.6196704603363343
0.1564,0.5633521020599146,0.031407777911739744,0.5514492753623188,0.4848771266540643,0.6640359168241966,0.494281663516068,0.622116527942925
0.1566,0.5645442506846812,0.03134717601651269,0.5507246376811594,0.4895872715816004,0.6651701323251419,0.49319470699432894,0.6240445048411756
0.1568,0.5650616124792605,0.03196135893733673,0.5507246376811594,0.49034341524889724,0.6685097668557025,0.4909892879647133,0.6247409546458298
0.157,0.5641711105252685,0.03207788949579456,0.5507561436672967,0.4892407057340894,0.6652488972904852,0.4884057971014493,0.6272040088330219
0.1572,0.5649290095795966,0.03243488742179697,0.5518273471959672,0.4935727788279773,0.6678008821676119,0.48401071203528667,0.6274333276711397
0.1574,0.5654722906270147,0.03216721719152425,0.5525992438563326,0.4976212980466288,0.6689666036546943,0.48292375551354755,0.6252505520638694
0.1576,0.5660062590251244,0.03246202004720456,0.5511342155009451,0.5005356017643352,0.6707939508506616,0.48112791430371765,0.6264396127059623
0.1578,0.5668876383183435,0.032776818893119564,0.5544265910523,0.500945179584121,0.6722904851921865,0.47963137996219285,0.6271445558009171
0.158,0.5674853674041112,0.03304066094457351,0.557750472589792,0.4990705734089477,0.6719439193446755,0.4793005671077505,0.6293613045693901
0.1582,0.5670878418147962,0.03291171182607605,0.5581600504095777,0.49905482041587906,0.6705103969754254,0.47860743541272843,0.6291065058603703
0.1584,0.5685755398162987,0.032948507749410924,0.5608223062381852,0.5037964713295526,0.6712822936357907,0.4764177693761814,0.6305588585017835
0.1586,0.568421824106152,0.033188579715648155,0.5608538122243225,0.5041430371770635,0.6713137996219282,0.47454316320100814,0.6312553083064378
0.1588,0.569510782732429,0.032775528621632084,0.5627284183994959,0.509640831758034,0.6702583490863263,0.4734247006931317,0.6315016137251571
0.159,0.5698092531159993,0.03307750221991501,0.5649653434152488,0.5103497164461248,0.6698960302457466,0.470872715816005,0.632962459656871
0.1592,0.5706181290378585,0.03309992958160953,0.5687303087586641,0.5125393824826717,0.6677221172022685,0.4686988027725268,0.6354000339731611
0.1594,0.5712838156847898,0.033497907665665586,0.5702583490863264,0.5146817895400125,0.6692186515437933,0.46614681789540013,0.6361134703584168
0.1596,0.5728691736804548,0.03362647042116,0.5736925015752993,0.5172337744171392,0.6710617517328293,0.4657687460617518,0.6365890946152539
0.1598,0.572660684007964,0.03335270000648896,0.5729521109010711,0.5186830497794582,0.669628229363579,0.465705734089477,0.6363342959062341
0.16,0.5718956472716736,0.03420890797960596,0.5733774417139256,0.5179584120982986,0.6700378071833649,0.46053875236294906,0.6375658229998301
0.1602,0.5726560985945237,0.03411039376081297,0.5775204788909893,0.5172337744171392,0.6689666036546944,0.46126339004410843,0.6382962459656871
0.1604,0.5728161411904885,0.03472805932318723,0.5793478260869566,0.5172337744171392,0.6689823566477631,0.45798676748582234,0.6405299813147615
0.1606,0.573543092985527,0.0344081802463793,0.5786389413988658,0.5190296156269691,0.6682734719596723,0.45978260869565224,0.6419908272464754
0.1608,0.5729468415289036,0.03510767201347081,0.579080025204789,0.5178954001260239,0.668982356647763,0.4560806553245117,0.6426957703414303
0.161,0.5731190155618272,0.0347364871629162,0.5825141776937619,0.5193604284814114,0.6667769376181474,0.45573408947700067,0.6412094445388143
0.1612,0.5723926877854713,0.03545753156112028,0.5855387523629489,0.5193604284814114,0.6649810964083176,0.44990548204158787,0.6421776796330898
0.1614,0.5738242337387742,0.035476589826780584,0.5885790800252048,0.5200693131695022,0.6645715185885319,0.4510396975425331,0.6448615593680992
0.1616,0.5730213983819826,0.03536876184348237,0.587523629489603,0.5185727788279773,0.660932577189666,0.45100819155639565,0.6470698148462716
0.1618,0.5730746326344217,0.03554211752001615,0.5879647132955261,0.5193131695022054,0.6580182734719596,0.4495589161940769,0.6505180907083405
0.162,0.5738500571945769,0.035821701587179934,0.58911468178954,0.5225897920604915,0.6572778827977316,0.4473377441713926,0.6529301851537286
0.1622,0.5753348031488648,0.03608315101992859,0.5917611846250789,0.5240233144297417,0.6583805923125393,0.44735349716446127,0.6551554272125022
0.1624,0.5758320646915779,0.03638108018041975,0.5947700063011971,0.5243226212980466,0.6572936357908002,0.44591997479521106,0.6568540852726346
0.1626,0.5768308611811037,0.03613753500600255,0.5977630749842471,0.5283238815374921,0.6554505356017643,0.44554190296156265,0.6570749108204519
0.1628,0.5765842212755262,0.036782053467643926,0.6014807813484562,0.5261184625078765,0.6543320730938879,0.44267485822306235,0.6583149312043486
0.163,0.5768193280742365,0.03672465109807628,0.6015122873345936,0.5286862003780718,0.6517328292375552,0.4418714555765595,0.6602938678444029
0.1632,0.5769453691445132,0.03690434486342004,0.6023156899810964,0.5287177063642092,0.650252047889099,0.4411940768746062,0.6622473246135553
0.1634,0.5763708031398738,0.0373358049297536,0.6023156899810964,0.5305765595463138,0.650252047889099,0.4371928166351607,0.6615169016476984
0.1636,0.577087942963622,0.03739504161874137,0.6038279773156899,0.5331127914303717,0.6494959042218021,0.43648393194706986,0.6625191099031765
0.1638,0.5771893208461094,0.038023543369611834,0.6064114681789541,0.5309073724007561,0.6502362948960302,0.4346408317580341,0.6637506369967726
0.164,0.5779202682873599,0.038064822587519385,0.608648393194707,0.5294896030245747,0.6506301197227473,0.4361058601134216,0.6647273653813487
0.1642,0.5777914143164015,0.03880926927854857,0.6112633900441083,0.5291587901701325,0.6491808443604284,0.43243541272841834,0.6669186342789196
0.1644,0.5783644491739995,0.039454358967624184,0.6139098928796471,0.5280403276622558,0.647715816005041,0.4310333963453056,0.6711228129777476
0.1646,0.5792861397529977,0.03948278299123608,0.6165563957151858,0.5295368620037807,0.645872715816005,0.4313799621928166,0.6730847630372006
0.1648,0.5798289048878859,0.04008360623504917,0.6206994328922495,0.5273314429741651,0.6462507876496535,0.4303087586641462,0.6745541022592152
0.165,0.5802651479999987,0.04052457994269963,0.6226055450535601,0.5266068052930056,0.6473534971644612,0.42923755513547573,0.6755223373534908
0.1652,0.5822430945589532,0.040990029825178256,0.6248897290485192,0.5277095148078136,0.6502205419029616,0.42966288594833013,0.6787328010871412
0.1654,0.582964598767226,0.041035713048547154,0.6264020163831129,0.5273944549464398,0.6495116572148708,0.43082860743541274,0.6806862578562936
0.1656,0.5828073722830167,0.0410740587071975,0.6279300567107751,0.5270321361058601,0.6476528040327663,0.43049779458097037,0.6809240699847121
0.1658,0.5825177724909232,0.041470199916806165,0.6309546313799621,0.5233459357277883,0.6462035286704474,0.430166981726528,0.6819177849498896
0.166,0.5836092748228585,0.04166789709025395,0.6358223062381853,0.5219281663516068,0.6473062381852552,0.43130119722747323,0.6816884661117717
0.1662,0.5845911216591319,0.041887911093266054,0.6406427221172022,0.5201165721487082,0.6465500945179583,0.4327347195967234,0.682911499915067
0.1664,0.5842892314819246,0.042078812679958784,0.6395242596093258,0.5179111531190925,0.6457939508506617,0.4330970384373031,0.6851197553932393
0.1666,0.5840468253772022,0.04253754089397823,0.6421550094517958,0.5146187775677378,0.6461720226843101,0.4323724007561437,0.6849159164260235
0.1668,0.5837563805375102,0.043012142658731545,0.6428638941398866,0.513563327032136,0.6454631379962192,0.4304977945809704,0.6863937489383387
0.167,0.5849478002485157,0.042971545706924005,0.6447069943289225,0.5124606175173283,0.6480466288594833,0.433097038437303,0.6864277220995414
0.1672,0.5852570780362656,0.04373295002036801,0.6473062381852552,0.5102236925015753,0.6477000630119722,0.4316635160680529,0.6893918804144725
0.1674,0.5852126662091958,0.04337264806342641,0.6480308758664146,0.5084278512917454,0.6459042218021425,0.43454631379962194,0.6891540682860541
0.1676,0.5859977154280003,0.04308940312135116,0.6487712665406428,0.5102867044738499,0.6455419029615628,0.43597983616887215,0.6894088669950739
0.1678,0.5874905490069272,0.04310089440135569,0.652441713925646,0.5106647763074983,0.6473692501575299,0.437822936357908,0.6891540682860541
0.168,0.587416091697137,0.043442270601122455,0.653182104599874,0.5080812854442345,0.6481096408317579,0.437822936357908,0.689884491251911
0.1682,0.5881269131979309,0.04357277912596877,0.656915563957152,0.5095778197857592,0.6480938878386893,0.43711405166981726,0.6889332427382369
0.1684,0.5884906839790642,0.04350820494235741,0.6591524889729049,0.5055450535601764,0.6480466288594833,0.4407844990548204,0.6889247494479361
0.1686,0.5896578092405929,0.04348011581630401,0.6609955891619408,0.5069785759294265,0.6487712665406427,0.4418714555765596,0.6896721589943946
0.1688,0.5896769509869182,0.04312810910627639,0.6609640831758034,0.5062539382482671,0.6483931947069943,0.44406112161310646,0.6887124171904195
0.169,0.5895145150705863,0.04345930356776005,0.6642722117202268,0.5051984877126654,0.6466131064902331,0.4430056710775047,0.6884830983523017
0.1692,0.5899134273086203,0.043320542168902895,0.6665091367359798,0.5044896030245747,0.6462192816635162,0.4448172652804033,0.6875318498386275
0.1694,0.5896092230175338,0.04330352326350068,0.665359168241966,0.5041430371770635,0.6454946439823566,0.4447700063011973,0.6882792593850857
0.1696,0.590246783868721,0.043251829135988615,0.6679111531190927,0.5052772526780089,0.6458412098298677,0.4451480781348455,0.6870562255817904
0.1698,0.5885066778026707,0.043723628760793574,0.6697700063011972,0.5005828607435412,0.6436988027725269,0.443336483931947,0.6851452352641413
0.17,0.5881675616464631,0.04392278662715794,0.670825456836799,0.4995274102079395,0.6429584120982987,0.44262759924385636,0.6848989298454221
0.1702,0.5877625210740101,0.043418347658311575,0.670778197857593,0.500204788909893,0.6400283553875237,0.44410838059231256,0.6836928826227281
0.1704,0.5887382877419718,0.04322703384756993,0.6736925015752993,0.49914933837429115,0.6414933837429111,0.44735349716446127,0.6820027178528962
0.1706,0.5883105946491307,0.04331892819592038,0.6732829237555136,0.49878701953371146,0.6418714555765594,0.4463137996219282,0.6812977747579412
0.1708,0.5878506158143888,0.04395175030521272,0.6750787649653434,0.49880277252678,0.6404221802142407,0.44267485822306246,0.6822745031425175
0.171,0.5874836205799434,0.04371209854924199,0.6757718966603654,0.4995274102079395,0.6393352236925015,0.44267485822306235,0.6801087141158485
0.1712,0.5863407330389208,0.04412265062760626,0.6761184625078765,0.4969596723377442,0.639760554505356,0.4404379332073094,0.6784270426363174
0.1714,0.5852995578672433,0.043983784683521314,0.6764335223692501,0.4969124133585382,0.6382955261499685,0.4393509766855702,0.6755053507728894
0.1716,0.58620602849143,0.043931843183578276,0.6778512917454316,0.49544738500315055,0.6397290485192186,0.4422337744171393,0.67576864277221
0.1718,0.5861736036029962,0.04419569972311413,0.6796471329552615,0.4944076874606176,0.6411940768746062,0.44154064272211724,0.6740784780023781
0.172,0.5862048457458998,0.04355622284236746,0.6769848771266541,0.4966288594833018,0.6426275992438564,0.44267485822306235,0.6721080346526244
0.1722,0.586521300818856,0.04410183131042623,0.6803245116572149,0.4969596723377442,0.6429741650913673,0.4404694391934467,0.6718787158145065
0.1724,0.5866255568938598,0.04387288429487547,0.6810333963453056,0.49771581600504095,0.6430056710775047,0.44120982986767493,0.6701630711737727
0.1726,0.5857800308455753,0.044288668063100806,0.6821203528670448,0.49593572778827977,0.6433522369250158,0.4390359168241966,0.6684559198233395
0.1728,0.585558019876333,0.043784621490651945,0.6813957151858854,0.4967391304347826,0.642643352236925,0.44050094517958416,0.666510956344488
0.173,0.5857006332986858,0.04407214249179048,0.6824354127284185,0.5000787649653435,0.6441083805923125,0.436830497794581,0.665050110412774
0.1732,0.5834520472682913,0.044436133889550936,0.6801039697542532,0.49977945809703855,0.6429899180844361,0.43133270321361056,0.6630541871921182
0.1734,0.5829304259842664,0.04409437362008983,0.6781978575929427,0.5016225582860743,0.6433364839319471,0.4306238185255199,0.660871411584848
0.1736,0.5833964111326218,0.04424541128743607,0.6788909892879647,0.5049464398235666,0.6440926275992439,0.42841839949590427,0.6606335994564294
0.1738,0.5831162941767497,0.043666810379460165,0.6785129174543163,0.5064272211720227,0.6418714555765594,0.42985192186515436,0.6589179548156957
0.174,0.5831936553676471,0.04402190814594147,0.6799464398235665,0.5068525519848771,0.64294265910523,0.4280560806553245,0.6581705452692372
0.1742,0.5836057683302277,0.044182371259533164,0.6799149338374291,0.5075614366729679,0.6465500945179585,0.42728418399495904,0.656718192627824
0.1744,0.5828229593706039,0.04405221791576339,0.6780088216761184,0.5097668557025836,0.645478890989288,0.4251102709514808,0.6557499575335485
0.1746,0.5838575042099855,0.044086618200609634,0.6782923755513548,0.5138311279143037,0.6476843100189036,0.42397605545053557,0.6555036521148294
0.1748,0.5838714761274322,0.043558736789085145,0.6801039697542532,0.5167611846250788,0.6451165721487083,0.4250315059861374,0.6523441481229828
0.175,0.5837306009663833,0.04309447723314856,0.6782451165721486,0.5193289224952741,0.6436515437933208,0.425346565847511,0.6520808561236623
0.1752,0.5839866359388308,0.04305435636609061,0.6774417139256459,0.5207624448645243,0.6461877756773788,0.4249212350346566,0.6506200101919484
0.1754,0.5839025282818003,0.042789563627286434,0.6763074984247007,0.5218809073724007,0.6454473850031506,0.42529930686830497,0.6505775437404451
0.1756,0.5838157634611694,0.042808273126765,0.6744171392564586,0.5229993698802773,0.6468809073724008,0.4242123503465659,0.6505690504501443
0.1758,0.5837513391515851,0.04231277956046671,0.6725425330812854,0.5274102079395085,0.6461247637051041,0.42383427851291744,0.6488449125191098
0.176,0.5838842540605901,0.04227573522954484,0.6728418399495905,0.5281978575929426,0.647211720226843,0.42380277252678,0.6473670800067945
0.1762,0.5830808995801949,0.04196921461685372,0.6709672337744171,0.530466288594833,0.6446439823566478,0.42271581600504093,0.6466111771700356
0.1764,0.5826253161703578,0.04139477285973179,0.6672652804032766,0.5316005040957782,0.6446439823566477,0.42378701953371145,0.6458297944623748
0.1766,0.581681874847541,0.04101776813964948,0.6646817895400126,0.5348771266540642,0.6424228103339635,0.4223219911783239,0.6441056565313403
0.1768,0.5822185769398446,0.040284988888327704,0.660932577189666,0.538169502205419,0.6428481411468179,0.4245274102079395,0.64461525394938
0.177,0.5836102707909271,0.03925729660413099,0.6587114051669817,0.5458569628229364,0.6439035916824196,0.4274102079395085,0.6421691863427892
0.1772,0.5836435321640957,0.03839532747463858,0.652441713925646,0.5505986137366099,0.643887838689351,0.4288909892879647,0.6423985051809071
0.1774,0.5834006722276044,0.038021492461198826,0.6542533081285444,0.5513547574039067,0.6409577819785759,0.43000945179584116,0.6404280618311533
0.1776,0.582824104118427,0.03726695819224169,0.6502205419029616,0.5528040327662256,0.6398708254568368,0.4317737870195336,0.6394513334465772
0.1778,0.5815435883471842,0.03655714519864265,0.6443131695022053,0.5539540012602394,0.640957781978576,0.4324984247006931,0.6359945642942075
0.178,0.5818788902828518,0.03577384712353023,0.6428796471329552,0.5564902331442975,0.6391304347826087,0.43534971644612475,0.6355444199082724
0.1782,0.5817895646308352,0.035240759912351205,0.6418084436042848,0.5594202898550724,0.6372558286074355,0.43640516698172654,0.6340580941056566
0.1784,0.5825150698371097,0.03479520866899957,0.6437145557655954,0.563815374921235,0.6373030875866414,0.4378544423440454,0.6298878885680312
0.1786,0.5829019951365075,0.03494907669313601,0.6418557025834908,0.5653119092627599,0.6398393194706994,0.43711405166981726,0.6303889926957703
0.1788,0.5834363831149322,0.03432411121464825,0.6414618777567738,0.5689508506616257,0.6380434782608695,0.4392879647132955,0.6294377441820962
0.179,0.5841830664235241,0.033575317478436,0.6389098928796472,0.5740705734089477,0.6376496534341525,0.4418241965973536,0.6284610157975199
0.1792,0.5840158379794895,0.032662844794223655,0.6326874606175173,0.5766225582860743,0.6376023944549464,0.4447227473219912,0.6284440292169186
0.1794,0.5858921342498594,0.03176219265378402,0.6327662255828608,0.5821518588531821,0.6375866414618778,0.4494801512287334,0.6274757941226431
0.1796,0.5862936383596593,0.03093127998180565,0.6326717076244487,0.5853812224322621,0.6353812224322621,0.4527410207939508,0.6252930185153728
0.1798,0.5866493835969143,0.030166337623931994,0.6333963453056081,0.5890359168241966,0.6327977315689981,0.4556710775047259,0.622345846781043
0.18,0.5861395282226096,0.02937844689901856,0.6296786389413989,0.5883270321361058,0.6324826717076245,0.45858538122243225,0.6216239171054867
0.1802,0.5867032215312348,0.028340357468140842,0.6278512917454317,0.5919974795211089,0.6310333963453056,0.4629804662885948,0.619653473755733
0.1804,0.5872513689610537,0.027657534743989354,0.6260396975425331,0.5971329552614997,0.6281190926275991,0.46553245116572145,0.6194326482079158
0.1806,0.5858235890621835,0.026777943424712534,0.6238185255198487,0.5967863894139886,0.6226370510396976,0.4676748582230624,0.6182011211143197
0.1808,0.5872957069334255,0.026494350076958537,0.6264335223692501,0.6000630119722749,0.6223062381852552,0.47017958412098293,0.6174961780193646
0.181,0.5868184974764705,0.025700120182852844,0.62236925015753,0.6025834908632641,0.6208569628229363,0.47273156899810964,0.615551214540513
0.1812,0.5871627577729662,0.024920198037975842,0.6209357277882799,0.6036704473850032,0.6197542533081286,0.4763862633900441,0.6150670969933753
0.1814,0.5873248420767128,0.024590724951003555,0.6202425960932577,0.6047574039067423,0.6179426591052299,0.4778670447385003,0.6158145065398335
0.1816,0.5869046554041464,0.023415929795110525,0.6192186515437934,0.6036546943919345,0.6138783868935097,0.4826874606175173,0.6150840835739766
0.1818,0.5872606559217715,0.02222904366845583,0.6181159420289856,0.6047574039067424,0.6120825456836799,0.488216761184625,0.6131306268048242
0.182,0.5872755553043782,0.022073709965336974,0.6196439823566477,0.6077504725897921,0.6073881537492123,0.48895715185885313,0.6126380159673859
0.1822,0.5873529250581392,0.02155612508033606,0.6222747321991178,0.6084593572778828,0.6012444864524259,0.4919187145557656,0.6128673348055036
0.1824,0.5867115328606848,0.021252561467273064,0.6219281663516069,0.610633270321361,0.5965028355387524,0.4930529300567107,0.6114404620349924
0.1826,0.5868401005108925,0.020579546130960007,0.621975425330813,0.6113579080025204,0.5932262129804663,0.49667611846250787,0.6109648377781552
0.1828,0.5865230299821175,0.020383194772826723,0.6245431632010081,0.6120825456836798,0.5877441713925646,0.49850346565847514,0.6097418039748598
0.183,0.5862217124464111,0.020036896262897296,0.6245904221802141,0.6124763705103969,0.5851921865154379,0.5003308128544423,0.6085187701715645
0.1832,0.5855830170158013,0.019369925660950343,0.6249054820415878,0.6121455576559546,0.5819628229363578,0.5035759294265911,0.6053252930185155
0.1834,0.5856428216604912,0.018644254817820005,0.6256773787019534,0.6107435412728419,0.5787019533711405,0.5079867674858223,0.6051044674706981
0.1836,0.5850796924305035,0.018443670492885696,0.627142407057341,0.6114524259609325,0.5739287964713295,0.5102079395085066,0.602666893154408
0.1838,0.5846552633942185,0.017756060699914672,0.6252993068683049,0.6121613106490233,0.5688090737240075,0.5146030245746691,0.6024036011550875
0.184,0.5839781881387429,0.017865247227021534,0.6241650913673598,0.6139886578449906,0.5637051039697543,0.5153906742281034,0.6026414132835061
0.1842,0.5837722421719104,0.017316983148705327,0.6245589161940768,0.6121613106490233,0.5611688720856962,0.5190611216131066,0.6019109903176489
0.1844,0.5825550107790397,0.017384732080887273,0.6222747321991178,0.6128701953371141,0.5575299306868304,0.5186988027725268,0.6014013928996093
0.1846,0.5810776577870842,0.017541404631329523,0.6245116572148708,0.6106647763074984,0.5517328292375552,0.5197700063011972,0.5987090198742993
0.1848,0.5814506336465521,0.01787813347497405,0.6285444234404537,0.6092155009451796,0.550645872715816,0.5201638311279143,0.5986835400033973
0.185,0.5809155820462011,0.018443831118289095,0.6322306238185255,0.6066162570888468,0.5469911783238816,0.5198015122873346,0.5989383387124172
0.1852,0.5812658572191737,0.018575638236043922,0.6333018273471959,0.6066477630749842,0.5448960302457466,0.5213137996219281,0.6001698658060133
0.1854,0.5810985720461679,0.01863250322189029,0.6336798991808443,0.6062854442344044,0.5441871455576559,0.5214083175803402,0.5999320536775947
0.1856,0.5816607738109957,0.01903883246029653,0.6385318210459988,0.6044423440453686,0.5430844360428482,0.5225425330812855,0.5997027348394768
0.1858,0.5804511820979636,0.01957852110415449,0.6407057340894771,0.6018746061751732,0.5394612476370511,0.5214713295526151,0.598742993035502
0.186,0.5785367751977513,0.019689027870643937,0.6388311279143037,0.5981884057971014,0.5365469439193447,0.5196439823566477,0.599473416001359
0.1862,0.578751517901362,0.02015344838498769,0.6410680529300568,0.5978418399495904,0.5347668557025835,0.5195967233774417,0.6004841175471377
0.1864,0.5784714009454899,0.020349972820207663,0.6421707624448645,0.5985349716446124,0.5322148708254568,0.5206679269061121,0.5987684729064039
0.1866,0.5791728359422773,0.020756781791834576,0.6466288594833018,0.5966603654694391,0.5307340894770006,0.5228260869565218,0.5990147783251232
0.1868,0.5774528472538201,0.021553354264586506,0.647763074984247,0.5952110901071203,0.5267013232514178,0.519533711405167,0.5980550365211482
0.187,0.5777260561195094,0.02202666639937717,0.6507876496534342,0.5933679899180844,0.5234404536862004,0.5217391304347826,0.599295056905045
0.1872,0.5771102941782482,0.02242899398883693,0.6500157529930687,0.5951953371140517,0.5212822936357908,0.519533711405167,0.5995243757431629
0.1874,0.5768083868753137,0.022203368964604935,0.649653434152489,0.592690611216131,0.5212822936357908,0.5206364209199748,0.5997791744521828
0.1876,0.5781655745269365,0.021895349737335625,0.6507718966603655,0.5945179584120983,0.5216603654694392,0.5250157529930687,0.5988618990997112
0.1878,0.5781440705006247,0.022074444165635334,0.6511499684940139,0.594833018273472,0.5205576559546314,0.5250630119722748,0.5991166978087312
0.188,0.5765690660773704,0.02161138436954131,0.6474007561436672,0.592643352236925,0.5194076874606174,0.5250157529930687,0.5983777815525735
0.1882,0.5759989977168194,0.021563015860002747,0.645179584120983,0.5941083805923125,0.5175803402646503,0.5249527410207939,0.5981739425853575
0.1884,0.5768762679058843,0.02099979410471941,0.6433049779458098,0.5955576559546314,0.5190611216131065,0.527536231884058,0.5989213521318159
0.1886,0.5756841931358159,0.02107402249993933,0.6414618777567738,0.5944391934467549,0.5172495274102079,0.5261027095148079,0.599167657550535
0.1888,0.5746221861226166,0.021174667430851217,0.6425960932577188,0.590406427221172,0.5172810333963453,0.524653434152489,0.5981739425853576
0.189,0.5741438452973128,0.021514647842942148,0.6437460617517329,0.5889098928796471,0.5169029615626969,0.5227315689981096,0.5984287412943774
0.1892,0.5751704159699974,0.02157373159190089,0.6448330182734721,0.5885003150598614,0.520526149968494,0.5208884688090738,0.6011041277390862
0.1894,0.5744563785787552,0.020810553770058304,0.6418557025834908,0.5851921865154379,0.5241965973534972,0.520179584120983,0.6008578223203669
0.1896,0.5741863288745432,0.020702678198781712,0.6411310649023314,0.5848298676748582,0.5249369880277253,0.5194391934467549,0.6005945303210464
0.1898,0.5735542466505021,0.02096717243825145,0.6422495274102079,0.5847668557025834,0.5231253938248267,0.5190138626339004,0.598615593680992
0.19,0.5731317801155109,0.020382426692646234,0.6381222432262129,0.5836641461877756,0.525992438563327,0.517548834278513,0.6003312383217259
0.1902,0.5727213005191557,0.02003475241524978,0.6351134215500945,0.5843730308758665,0.525992438563327,0.5175330812854442,0.6005945303210464
0.1904,0.5715263133051165,0.01988466305046958,0.6328764965343415,0.5832230623818526,0.5252520478890987,0.5163988657844991,0.5998810939357908
0.1906,0.5707143606393419,0.019602083919796696,0.6306710775047258,0.581710775047259,0.5266698172652804,0.514902331442974,0.5996178019364702
0.1908,0.5696105336708387,0.01970292819977377,0.630671077504726,0.5802299936988028,0.5295526149968495,0.5104442344045369,0.597154747749278
0.191,0.5699912712309513,0.01953506430103344,0.6291430371770635,0.5816792690611217,0.5310018903591682,0.5100346565847511,0.5980975029726515
0.1912,0.5691191623079016,0.018866819293897937,0.6250157529930688,0.579127284183995,0.5328449905482041,0.510034656584751,0.5985731272294886
0.1914,0.5689951886339975,0.018331363151137325,0.6212822936357908,0.5798519218651543,0.5379332073093888,0.5078449905482042,0.598063529811449
0.1916,0.568812488165855,0.018740502989296994,0.6201165721487083,0.5787964713295526,0.537224322621298,0.5059546313799622,0.6019704433497537
0.1918,0.5695998514985385,0.019023045162110085,0.6205576559546314,0.5795526149968494,0.5405009451795841,0.5037019533711404,0.6036860879904874
0.192,0.5704765233575115,0.018619027015368824,0.6190138626339003,0.579127284183995,0.5452583490863263,0.5040485192186516,0.6049346016646849
0.1922,0.5720005680389619,0.017650686430863136,0.6170604914933837,0.5772999369880278,0.5536074354127285,0.5066162570888468,0.6054187192118227
0.1924,0.5731144536962619,0.01761183478360212,0.6163988657844991,0.5765752993068685,0.5572778827977316,0.506962822936358,0.608357397655852
0.1926,0.5729795366827188,0.01759320482914014,0.6149023314429742,0.5732671707624448,0.5612633900441084,0.5058758664146188,0.6095889247494479
0.1928,0.5740375566125697,0.01782666048279398,0.6155954631379963,0.5710617517328294,0.5660050409577819,0.5054820415879017,0.6120434856463394
0.193,0.5734036879611168,0.017962200091401766,0.6141461877756773,0.5670604914933838,0.5692659105229995,0.5040012602394455,0.6125445897740786
0.1932,0.5742268734983547,0.01858727401101052,0.61411468178954,0.5666666666666667,0.5725740390674228,0.5018115942028987,0.6159673857652453
0.1934,0.5731914836113748,0.018791772092613675,0.6111373660995589,0.5637051039697543,0.5747321991178324,0.4996849401386264,0.6166978087311024
0.1936,0.5743119567866527,0.018741308235966918,0.6081285444234406,0.5677693761814745,0.5787492123503466,0.49899180844360436,0.6179208425343978
0.1938,0.5736878519403824,0.018697111938846947,0.6029615626969124,0.56734404536862,0.5802299936988028,0.49826717076244476,0.6196364871751315
0.194,0.5744044897662542,0.01851350696869809,0.6007246376811594,0.5680844360428482,0.5845935727788281,0.49899180844360436,0.619627993884831
0.1942,0.5733939530555989,0.01870803092255467,0.5970226843100189,0.5666351606805293,0.5849243856332703,0.49751102709514805,0.6208765075590283
0.1944,0.5736534677617285,0.01923106772911257,0.5966288594833019,0.5677221172022685,0.5860113421550095,0.4953213610586012,0.6225836589094615
0.1946,0.5732954480138385,0.019673028094424037,0.5943761814744801,0.565154379332073,0.5914933837429112,0.49311594202898557,0.6223373534907424
0.1948,0.5744416847048739,0.02017132308632452,0.5928954001260239,0.5644454946439824,0.5973219911783239,0.49275362318840576,0.6247919143876338
0.195,0.5728743938161568,0.020672416936725717,0.588862633900441,0.5611531190926276,0.598408947700063,0.4901701323251418,0.6257771360625106
0.1952,0.5737632056749523,0.02087429834648195,0.590705734089477,0.5612003780718338,0.6028355387523628,0.48979206049149343,0.624282316969594
0.1954,0.5748197565385224,0.020771023197693462,0.5891776937618148,0.5630907372400756,0.6057971014492753,0.4912413358538122,0.6247919143876338
0.1956,0.5748839255677366,0.020951650583932276,0.5850504095778197,0.5616572148708254,0.6102551984877127,0.49193446754883424,0.6255223373534907
0.1958,0.575674439499034,0.021210482265405957,0.5847195967233774,0.5617202268431003,0.6124448645242595,0.49224952741020794,0.6272379819942245
0.196,0.5763965506002621,0.021501703020794398,0.5836168872085696,0.5617674858223063,0.6143037177063642,0.4926275992438563,0.629667063020214
0.1962,0.5762544787790299,0.02142775569119246,0.5817737870195336,0.559247006931317,0.6154064272211721,0.4944391934467549,0.6304059792763717
0.1964,0.5753057798579828,0.021759302875316258,0.580718336483932,0.5563169502205418,0.6175645872715817,0.4929584120982987,0.6289706132155597
0.1966,0.5747790882883682,0.021469846121109307,0.576244486452426,0.5548519218651544,0.6175645872715816,0.49554190296156264,0.629692542891116
0.1968,0.5751216017606959,0.02148455565804415,0.5744013862633899,0.5530245746691872,0.620478890989288,0.49774732199117827,0.6299558348904366
0.197,0.5753581123338524,0.021842648150660844,0.5706679269061121,0.5508191556395715,0.6230466288594834,0.49957466918714555,0.6326821810769492
0.1972,0.5746077935544971,0.022667066705117752,0.5665406427221172,0.549354127284184,0.6252520478890989,0.49729048519218644,0.6346016646848989
0.1974,0.5738802915954744,0.022517684133016396,0.565359168241966,0.5493383742911153,0.6248739760554505,0.4969439193446754,0.6328860200441652
0.1976,0.5741051668425801,0.02307329658852276,0.5631064902331443,0.5475267800882168,0.6259924385633271,0.49735349716446126,0.6365466281637506
0.1978,0.5735609583300019,0.02323964325938128,0.5583175803402647,0.5460775047258979,0.6285286704473849,0.4988185255198488,0.6360625106166128
0.198,0.5729577902203321,0.023230010846945166,0.553087586641462,0.5475582860743541,0.6292848141146817,0.4995431632010082,0.6353151010701545
0.1982,0.5734271726848077,0.023445920527414746,0.5527095148078135,0.549747952110901,0.6311279143037176,0.498456206679269,0.6350942755223373
0.1984,0.5730694735091225,0.024249368290048576,0.5530403276622559,0.5479048519218651,0.6322306238185256,0.49513232514177696,0.6370392390011892
0.1986,0.5724399039503594,0.02476598671477325,0.5492753623188404,0.5486767485822306,0.6337114051669817,0.49324196597353503,0.637294037710209
0.1988,0.57253933645728,0.024819860071503008,0.5511657214870825,0.5486609955891619,0.6322148708254568,0.49215500945179586,0.6385000849329029
0.199,0.5727759433626515,0.02521048145166778,0.5496691871455577,0.5494328922495274,0.6336641461877757,0.4913988657844991,0.6397146254458977
0.1992,0.5733203985927362,0.02563615652107928,0.5496849401386263,0.5501417769376182,0.636279143037177,0.4902804032766225,0.6402157295736368
0.1994,0.5723961247048354,0.02546518741814878,0.5488972904851922,0.550850661625709,0.6326402016383114,0.4891304347826086,0.640462034992356
0.1996,0.5727105380700097,0.025773389231914707,0.5466761184625077,0.5526622558286075,0.6337114051669817,0.4887838689350977,0.6417190419568539
0.1998,0.5730144164371016,0.026188509726952632,0.545132325141777,0.5544896030245747,0.6333648393194707,0.48766540642722117,0.6444199082724648
0.2,0.572392353298613,0.025799810826841935,0.5413831127914304,0.5555765595463138,0.6304505356017642,0.48990233144297424,0.6446492271105826
0.2002,0.5736827035186625,0.025750855663235036,0.5421077504725897,0.5574196597353497,0.6326244486452426,0.4913831127914303,0.6448785459487005
0.2004,0.5738265221640625,0.025484809081198285,0.5402331442974165,0.5581442974165091,0.633742911153119,0.4936200378071834,0.6433922201460845
0.2006,0.5736566932853984,0.025401304872995738,0.5383270321361059,0.5592312539382484,0.6327347195967234,0.4943604284814115,0.6436300322745031
0.2008,0.5740007239901146,0.02573349181913882,0.5356805293005671,0.5628859483301827,0.6327347195967234,0.4936200378071834,0.6450823849159164
0.201,0.5741040868514126,0.02592981877946323,0.5359798361688721,0.5639571518588532,0.6338216761184624,0.49215500945179586,0.6446067606590793
0.2012,0.5751403303488544,0.026030455912377008,0.5340894770006301,0.567249527410208,0.6363894139886579,0.4936042848141147,0.6443689485306607
0.2014,0.5741805462657406,0.025822547226276926,0.5299621928166351,0.5690453686200377,0.6331127914303718,0.49465973534971647,0.6441226431119416
0.2016,0.5738549514062845,0.025660473832456513,0.526937618147448,0.5697542533081286,0.6301669817265281,0.4968494013862633,0.6455665024630541
0.2018,0.5730805024773971,0.025377058093889862,0.523960302457467,0.5719439193446755,0.6265122873345936,0.49792060491493384,0.6450653983353151
0.202,0.5729588910834795,0.02572196613797188,0.5235664776307498,0.5752047889098928,0.6257718966603655,0.49499054820415883,0.6452607440122303
0.2022,0.5732097733527753,0.02517902960472305,0.5250630119722748,0.5759136735979837,0.625047258979206,0.49647132955261497,0.6435535926617972
0.2024,0.5721099591562111,0.025360140939796307,0.5220384373030875,0.5755513547574038,0.6246691871455576,0.49573093887838693,0.6425598776966196
0.2026,0.5724470817707445,0.025757985623312267,0.5213453056080656,0.5770163831127915,0.6257403906742282,0.4945967233774417,0.6435366060811958
0.2028,0.571512437184706,0.02581411042105462,0.5195494643982357,0.5773944549464398,0.625,0.4935255198487713,0.6420927467300833
0.203,0.5708562761883141,0.02661462066502869,0.5180529300567107,0.5777725267800882,0.6253780718336485,0.4895242596093258,0.6435535926617971
0.2032,0.5698524233278521,0.026734594982333496,0.5153906742281034,0.5777725267800882,0.6257403906742282,0.4887838689350977,0.6415746560217428
0.2034,0.5688299788850488,0.026459405106474168,0.512822936357908,0.5752362948960302,0.6243226212980467,0.490957781978576,0.6408102598946832
0.2036,0.5682984605362771,0.026661191142921797,0.5116414618777567,0.5752362948960302,0.627236925015753,0.4895400126023944,0.6378376082894512
0.2038,0.567996011632222,0.02680353334748858,0.5105229993698803,0.5752835538752363,0.6261499684940139,0.4892091997479521,0.6388143366740275
0.204,0.5667452721486761,0.027053133353413052,0.5101134215500945,0.5734247006931317,0.6258191556395716,0.4863106490233144,0.6380584338372686
0.2042,0.5653897093004151,0.027290485344293063,0.5074826717076244,0.5730781348456208,0.6250787649653434,0.4844990548204158,0.6368099201630713
0.2044,0.5645952254114965,0.02775334499020478,0.5052142407057342,0.5730781348456208,0.6235507246376811,0.48262444864524257,0.6385085782232036
0.2046,0.5633043817564338,0.028592582233512676,0.5015280403276623,0.5737870195337115,0.6243383742911154,0.4786231884057971,0.6382452862238832
0.2048,0.5622203376786654,0.028812855019698658,0.49962192816635154,0.5722904851921865,0.6224795211090107,0.4775047258979206,0.639205028027858
0.205,0.5613436572568288,0.028980994783019354,0.4977788279773156,0.573755513547574,0.6225267800882167,0.47567737870195337,0.6369797859690844
0.2052,0.5616048449324278,0.029387747620527555,0.49779458097038437,0.5755828607435414,0.6253623188405797,0.47351921865154384,0.6357652454560897
0.2054,0.5611883675853229,0.029540721536540877,0.4981411468178954,0.5766855702583491,0.6235349716446125,0.4713137996219281,0.6362663495838288
0.2056,0.5604050255874419,0.02985044046571757,0.49814114681789545,0.5773944549464398,0.6214083175803402,0.4680844360428481,0.6369967725496858
0.2058,0.5599083795005474,0.030043163474324355,0.4988500315059861,0.5762917454316321,0.6217548834278512,0.46589477000630114,0.6367504671309666
0.206,0.5598039163112811,0.03024785313103671,0.49695967233774424,0.5773944549464398,0.6220699432892249,0.4658790170132325,0.6367164939697639
0.2062,0.5598088137340624,0.030344650784988745,0.4969439193446754,0.5792218021424069,0.6220541902961563,0.46485507246376806,0.6359690844233056
0.2064,0.5588462081874035,0.03129468704618693,0.49437618147448015,0.5773787019533712,0.6224007561436673,0.461184625078765,0.6388907762867335
0.2066,0.558345844212184,0.03176952988301267,0.491351606805293,0.5773629489603025,0.6264492753623189,0.46012917454316327,0.636436215389842
0.2068,0.5568367642051752,0.03193081289830467,0.4902331442974165,0.5747637051039698,0.6245589161940769,0.4579710144927536,0.6366570409376593
0.207,0.5561533395863645,0.03206508196739903,0.4879962192816635,0.5755040957781979,0.6219911783238815,0.4576244486452426,0.6376507559028368
0.2072,0.555836515775096,0.032267311482571476,0.4865154379332073,0.576244486452426,0.6230781348456207,0.4568998109640831,0.6364447086801427
0.2074,0.5555384141298381,0.03219915587387885,0.4864996849401386,0.5766225582860743,0.6216131064902332,0.45653749212350353,0.6364192288092407
0.2076,0.5542197652512361,0.03250076036088532,0.48279773156899813,0.5766698172652804,0.6197542533081285,0.455466288594833,0.6364107355189401
0.2078,0.5533811558559979,0.03230393198411222,0.48208884688090736,0.5734247006931317,0.6190296156269691,0.45620667926906117,0.6361559368099201
0.208,0.5530572425288748,0.03186773218398387,0.4813957151858853,0.5730623818525519,0.6168084436042849,0.4583648393194707,0.635654832682181
0.2082,0.5519545330140669,0.03201800685313786,0.48101764335223685,0.5741808443604285,0.6134688090737239,0.4554505356017643,0.6356548326821811
0.2084,0.5528908762581656,0.03221566818984637,0.48060806553245117,0.5752678008821676,0.6149180844360428,0.4565532451165721,0.6371071853235943
0.2086,0.5539343141665406,0.03176532573187905,0.48145872715816,0.5771109010712034,0.615957781978576,0.45951480781348464,0.6356293528112792
0.2088,0.5545074849595977,0.03131573741184647,0.4826086956521739,0.5771109010712034,0.6141461877756774,0.46208254568367985,0.6365890946152539
0.209,0.5549196803397402,0.03149695554576503,0.4808286074354127,0.575299306868305,0.6159420289855071,0.4642407057340895,0.6382877526753864
0.2092,0.5549259729741041,0.03094021828892548,0.4822621298046629,0.5741965973534973,0.6148393194706994,0.4660207939508506,0.6373110242908103
0.2094,0.5542787617756766,0.031173327665058315,0.47963137996219274,0.5723534971644613,0.615201638311279,0.46644612476370506,0.6377611686767454
0.2096,0.5555201061923525,0.031128858901318057,0.47967863894139884,0.5745746691871456,0.6159105229993698,0.4686988027725267,0.6387378970613216
0.2098,0.5561548370171308,0.03074617306263122,0.48002520478890986,0.5753623188405796,0.6140201638311279,0.4716603654694391,0.639706132155597
0.21,0.5563688310053583,0.030749603963370807,0.4781663516068052,0.5738972904851922,0.6158160050409578,0.4742753623188406,0.6396891455749957
0.2102,0.5572747429026973,0.030346331306521566,0.47822936357907997,0.5724165091367359,0.6183522369250157,0.4786546943919345,0.6387209104807203
0.2104,0.5572372477286736,0.030805964980367934,0.4767800882167612,0.5727945809703844,0.6190926275992439,0.477583490863264,0.639935450993715
0.2106,0.5576525284155952,0.030415166802865184,0.4786704473850031,0.5698802772526779,0.6194864524259609,0.47978890989287964,0.6404365551214541
0.2108,0.5571578844332385,0.030752341582991748,0.47536231884057967,0.5710144927536231,0.6191556395715186,0.479820415879017,0.640436555121454
0.211,0.5572836220570375,0.030827314064290172,0.47536231884057967,0.5713453056080655,0.6177063642091997,0.47985192186515435,0.6421521997621878
0.2112,0.5571209565489262,0.031161308684174886,0.4746691871455576,0.5709672337744172,0.6173282923755513,0.4787807183364839,0.6438593511126209
0.2114,0.5560545937140662,0.03152475573530789,0.46954946439823575,0.569880277252678,0.6180056710775047,0.47994643982356655,0.6428911160183455
0.2116,0.5573810610222839,0.030759124923247023,0.4717863894139886,0.5713295526149968,0.6150441083805923,0.48465658475110274,0.644088669950739
0.2118,0.5561789928552537,0.030845199188866385,0.46989603024574667,0.5709514807813484,0.6110270951480782,0.48396345305608063,0.6450569050450143
0.212,0.5560541912594784,0.031024785664679352,0.4680214240705734,0.570226843100189,0.6095620667926906,0.4854757403906742,0.6469848819432649
0.2122,0.5571072966408207,0.031220528533508134,0.4680214240705734,0.5702425960932578,0.6121298046628858,0.4869092627599244,0.6482333956174623
0.2124,0.5571780478362232,0.03250980762117053,0.4639729048519218,0.5710144927536231,0.6132325141776938,0.48478260869565215,0.6528877187022253
0.2126,0.5577396769595497,0.03304297886291025,0.46249212350346564,0.5728103339634532,0.6125236294896029,0.48478260869565215,0.656089689145575
0.2128,0.5589031838760421,0.03323666420845145,0.46181474480151224,0.5731411468178953,0.6117989918084435,0.48802772526780086,0.6597333106845592
0.213,0.5598303787707775,0.033042967329798466,0.46367359798361685,0.5716761184625078,0.6121770636420919,0.49020163831127916,0.6614234754543911
0.2132,0.561041399946846,0.03363584969011629,0.4632955261499684,0.5735034656584752,0.6117989918084437,0.49054820415879014,0.6660608119585527
0.2134,0.5618280231270101,0.033296524441480686,0.4651386263390044,0.5746376811594203,0.6089004410838059,0.4927378701953371,0.6677254968574825
0.2136,0.5625165694085918,0.033472718218460734,0.46179899180844364,0.5768273471959672,0.6067265280403276,0.4975425330812854,0.6696874469169355
0.2138,0.5629560284111532,0.033784446507457454,0.46033396345305605,0.5765122873345936,0.6067265280403277,0.49935412728418405,0.6718532359436045
0.214,0.5634902831300135,0.03342465662279358,0.46027095148078134,0.5768903591682419,0.6059861373660995,0.5029773156899812,0.6713266519449634
0.2142,0.5638697758638351,0.03453459703596186,0.4558286074354127,0.580166981726528,0.6074511657214872,0.5018746061751733,0.674027518260574
0.2144,0.56418684639261,0.035177719313606734,0.45143352236925016,0.5816162570888469,0.6085696282293636,0.5040642722117201,0.6752505520638695
0.2146,0.5642112543000292,0.035210961610461756,0.45040957781978574,0.5805135475740391,0.609640831758034,0.5055135475740391,0.6749787667742483
0.2148,0.5639389161705289,0.03557009283961361,0.44785759294265903,0.5790485192186516,0.6096093257718966,0.5069943289224952,0.6761848139969423
0.215,0.5646630122505678,0.03593184085587512,0.4445179584120983,0.5812539382482672,0.6099716446124763,0.5106647763074984,0.6769067436724987
0.2152,0.5635453862274261,0.035710562269947566,0.44374606175173276,0.5790327662255829,0.6084278512917455,0.5110743541272842,0.6754458977407849
0.2154,0.5627631841607574,0.03561623496267277,0.44401386263390047,0.5793950850661626,0.6061909262759925,0.5092627599243856,0.6749532869033464
0.2156,0.5636877443694088,0.03487209661826456,0.4458412098298677,0.5797258979206049,0.606206679269061,0.5136735979836169,0.6729913368438933
0.2158,0.5631400903746028,0.035080396724532045,0.44473850031505985,0.5797101449275363,0.6054505356017643,0.5125551354757404,0.6732461355529132
0.216,0.5636701792603378,0.03453633237053874,0.44771581600504096,0.5807971014492754,0.6043478260869566,0.5129489603024575,0.6725411924579582
0.2162,0.564579505599524,0.034486645741412296,0.44695967233774414,0.5818683049779457,0.6032136105860114,0.5173125393824828,0.6735434007134364
0.2164,0.5645513798037798,0.03407425901065341,0.44735349716446127,0.5833175803402646,0.6017170762444863,0.5187618147448015,0.6716069305248853
0.2166,0.5641025428600757,0.03417687571239294,0.445872715816005,0.5851449275362318,0.5987397605545054,0.5191398865784499,0.671615423815186
0.2168,0.56269961613753,0.03416227743092248,0.44470699432892263,0.584042218021424,0.5958097038437303,0.5180371770636422,0.6709019874299302
0.217,0.563911161788992,0.03417539070830733,0.44695967233774414,0.586578449905482,0.5954946439823566,0.5176591052299937,0.6728639374893834
0.2172,0.5649238905927204,0.03413496958899189,0.4469439193446755,0.588768115942029,0.5984404536862004,0.5188090737240076,0.6716578902666892
0.2174,0.566932217121253,0.03343221570915551,0.45100819155639565,0.5902488972904852,0.5995274102079394,0.5224480151228734,0.6714285714285715
0.2176,0.5664244034547302,0.03341538526321258,0.44919659735349715,0.5924070573408947,0.5984877126654065,0.5228103339634531,0.6692203159503991
0.2178,0.5671226878529037,0.033573100838177404,0.44880277252678,0.5931159420289855,0.6007088846880908,0.5235192186515438,0.6694666213691184
0.218,0.5674059211559351,0.03300609382788372,0.45061436672967864,0.5952583490863264,0.5992596093257718,0.5246219281663516,0.6672753524715473
0.2182,0.5684876596826881,0.03279005170855323,0.4517485822306238,0.5970226843100189,0.6021266540642722,0.5257088846880907,0.6658314931204349
0.2184,0.5683272740370017,0.03247116806879826,0.4520951480781349,0.5969911783238816,0.5999369880277252,0.5275204788909893,0.6650925768642773
0.2186,0.5681121229918344,0.03260922922563954,0.4503150598613736,0.5958884688090736,0.6013862633900441,0.5285916824196597,0.6643791404790216
0.2188,0.5684403354116474,0.032307742278162854,0.45023629489603023,0.5947857592942658,0.5991808443604285,0.5333648393194708,0.6646339391880415
0.219,0.5661772867046879,0.03246098699673673,0.44688090737240077,0.593336483931947,0.595478890989288,0.5322463768115943,0.6629437744182096
0.2192,0.5658719735227695,0.032928306776918444,0.44355702583490864,0.5936988027725267,0.5972747321991178,0.5326244486452426,0.662204858162052
0.2194,0.5661618767613409,0.03268147220924891,0.443935097668557,0.5944234404536861,0.5961877756773786,0.5348141146817895,0.661448955325293
0.2196,0.5666774178770542,0.03252102300800909,0.4446912413358538,0.5955103969754253,0.5969281663516067,0.535538752362949,0.660718532359436
0.2198,0.5664886768438441,0.03243118774020956,0.44366729678638944,0.5944391934467548,0.596219281663516,0.5381379962192817,0.6599796161032784
0.22,0.5652870764232362,0.03234194698667314,0.44179269061121607,0.5940768746061751,0.5933049779458097,0.5392091997479521,0.6580516392050281
0.2202,0.5662835587988828,0.031742958898879244,0.44478575929426584,0.5973377441713926,0.5914303717706364,0.541052299936988,0.6568116188211313
0.2204,0.5678160796449067,0.03112450421436354,0.44807813484562065,0.6002362948960303,0.5917926906112161,0.543588531821046,0.6553847460506199
0.2206,0.5674546454551692,0.03062567525179555,0.4488185255198488,0.6005828607435413,0.5889098928796471,0.5457939508506616,0.6531679972821471
0.2208,0.5681666636161464,0.030140708929187517,0.45034656584751104,0.6027252678008821,0.5874921235034656,0.5490548204158789,0.6512145405129948
0.221,0.5684276131371024,0.029485087281848475,0.4533553875236295,0.6019691241335854,0.5845935727788281,0.5512602394454947,0.6509597418039748
0.2212,0.5688034447115701,0.029585761641814087,0.45338689350976685,0.6026937618147448,0.584640831758034,0.5516225582860744,0.6516731781892304
0.2214,0.5697609799726395,0.029048378993942667,0.4563799621928166,0.601591052299937,0.5857120352867045,0.5534656584751103,0.6516561916086292
0.2216,0.569718241115039,0.02770764376812169,0.4616414618777568,0.5993383742911153,0.5841997479521108,0.5549149338374291,0.6484966876167827
0.2218,0.568139215356982,0.027391362762579034,0.46058601134215493,0.5979048519218652,0.5816320100819155,0.5552614996849401,0.6453117037540342
0.222,0.5665845011741292,0.027276413623348903,0.45954631379962196,0.5979206049149338,0.5775519848771266,0.5545368620037807,0.6433667402751826
0.2222,0.5655963531406283,0.027042790092992666,0.459593572778828,0.5971959672337743,0.5741650913673598,0.5548834278512917,0.6421437064718871
0.2224,0.564375905857309,0.026651373916373827,0.459987397605545,0.5946282293635791,0.5723062381852552,0.554521109010712,0.6404365551214541
0.2226,0.5643962613895452,0.02634264294645062,0.46224007561436675,0.5961090107120353,0.5690296156269691,0.554174543163201,0.6404280618311533
0.2228,0.5641237841135118,0.025898890127865747,0.4637366099558916,0.5968809073724008,0.5679584120982987,0.5537807183364839,0.6382622728044846
0.223,0.5645826144541779,0.02564820419995453,0.46526465028355385,0.5980308758664146,0.5686672967863894,0.5534183994959042,0.6375318498386274
0.2232,0.5645929112976175,0.024611975025225195,0.4712665406427221,0.5962035286704473,0.567202268431002,0.5512444864524261,0.6370477322914898
0.2234,0.5643973189031957,0.024278469319801144,0.47273156899810964,0.596565847511027,0.5650283553875236,0.5516068052930058,0.6360540173263123
0.2236,0.5629597751991428,0.023914700014143517,0.4731253938248267,0.5958254568367989,0.5617202268431003,0.5505198487712665,0.6336079497197213
0.2238,0.5631192023392886,0.0235812955044086,0.47536231884057967,0.5943919344675488,0.559845620667927,0.5516068052930058,0.6343893324273824
0.224,0.5632715795668239,0.023620449100232845,0.47454316320100826,0.5940296156269691,0.560239445494644,0.5534026465028354,0.6341430270086631
0.2242,0.5620935591317642,0.023815546860714604,0.47340894770006303,0.5933049779458097,0.5563011972274732,0.5530718336483932,0.6343808391370817
0.2244,0.5614694853258742,0.02323938513741139,0.4763705103969754,0.5918241965973535,0.5559546313799621,0.5498109640831758,0.6333871241719043
0.2246,0.5622852265235985,0.021862112747384935,0.4845620667926906,0.5922022684310019,0.5534026465028357,0.5498424700693132,0.6314166808221506
0.2248,0.5618507784017608,0.021702718676404283,0.48374291115311907,0.5929584120982987,0.5530560806553245,0.5505513547574038,0.6289451333446577
0.225,0.5612750639030453,0.021328130101166496,0.4867359798361689,0.5929741650913674,0.5498109640831759,0.5483931947069944,0.62846101579752
0.2252,0.5619404299777718,0.020787411869106053,0.48971329552614995,0.5940611216131064,0.5520163831127914,0.5469281663516068,0.6269831832852046
0.2254,0.5625310920252018,0.021064666149390874,0.4882640201638312,0.5970226843100189,0.5553560176433522,0.5457939508506616,0.6262187871581452
0.2256,0.5627269621775106,0.020837376061188368,0.4897920604914933,0.5995904221802142,0.5535601764335224,0.5461720226843101,0.6245201290980125
0.2258,0.5619846090019885,0.020288845902232434,0.49204473850031516,0.5985349716446123,0.5520951480781349,0.5447069943289226,0.6225411924579582
0.226,0.5629178241249904,0.020091133230427043,0.494234404536862,0.6032923755513548,0.5520793950850662,0.5446754883427851,0.6203074571088839
0.2262,0.5617136885615877,0.019974296263776847,0.49569943289224955,0.602536231884058,0.5491335853812225,0.5413673597983617,0.6198318328520468
0.2264,0.5615178408867958,0.0197614129023336,0.49672337744171396,0.6036231884057971,0.5498582230623819,0.5395400126023944,0.6178444029216917
0.2266,0.5619394623741888,0.01939891947379774,0.49818840579710144,0.6036389413988659,0.5520951480781349,0.5391619407687461,0.6166128758280958
0.2268,0.5634804481460276,0.018295213420429987,0.504820415879017,0.6036389413988659,0.5539382482671706,0.5398865784499055,0.6151180567351792
0.227,0.5645947164562932,0.017876767017793675,0.5092155009451796,0.6047101449275363,0.5565532451165721,0.5376654064272212,0.6148292848649566
0.2272,0.5661374094490558,0.017353700043837444,0.5152016383112792,0.6072778827977315,0.5565217391304348,0.5373660995589161,0.614319687446917
0.2274,0.5654133615351246,0.017141136058383702,0.5181789540012602,0.6072778827977315,0.5550567107750473,0.5337114051669818,0.6128418549346019
0.2276,0.5664582032179455,0.01663413875987297,0.5248267170762444,0.6083805923125393,0.555466288594833,0.5315059861373661,0.6121114319687447
0.2278,0.5671756860914157,0.015836666862026918,0.5292533081285444,0.6058286074354128,0.5576717076244486,0.5315059861373661,0.6116188211313063
0.228,0.5670376580825031,0.015513197261953026,0.5318525519848771,0.6032923755513548,0.5603024574669188,0.5286231884057971,0.6111177170035672
0.2282,0.5682306431920043,0.01566279223443535,0.5344360428481412,0.6058286074354127,0.5617674858223063,0.527536231884058,0.6115848479701036
0.2284,0.5686571792279059,0.015771543636814263,0.5355072463768116,0.6065689981096407,0.5636105860113421,0.5260396975425332,0.6115593680992018
0.2286,0.5694144628264151,0.01606371783244708,0.5369565217391303,0.6094675488342784,0.5668557025834909,0.523456206679269,0.6103363342959062
0.2288,0.5697724740114415,0.015587452389088837,0.5391461877756774,0.6094833018273471,0.5650126023944549,0.5256143667296787,0.6096059113300493
0.229,0.5704037818315089,0.015316820616897372,0.5431947069943289,0.6105860113421551,0.5660995589161941,0.5245116572148708,0.6076269746899949
0.2292,0.5708548590343938,0.015095611004793187,0.5461090107120353,0.6091367359798362,0.5694076874606175,0.5227158160050409,0.6069050450144388
0.2294,0.5713421186172817,0.015291578465571486,0.5475582860743542,0.6087744171392564,0.5707781978575929,0.5212507876496535,0.6083489043655511
0.2296,0.5729686811124315,0.015023559798842633,0.5508979206049149,0.6090894770006301,0.5736767485822306,0.5223377441713926,0.6088415152029896
0.2298,0.573516326544374,0.014902452647195887,0.553481411468179,0.610538752362949,0.5735979836168872,0.5223534971644612,0.6076099881093937
0.23,0.5746479983396607,0.014485405794766464,0.5571518588531822,0.6098298676748583,0.574354127284184,0.5238185255198488,0.6080856123662307
0.2302,0.5749167181241249,0.014490916353318761,0.558601134215501,0.6083805923125393,0.5743698802772527,0.5234562066792691,0.6097757771360625
0.2304,0.5761578158232941,0.014799872302131372,0.5627126654064272,0.6091367359798362,0.5769218651543794,0.5212822936357908,0.6107355189400373
0.2306,0.5763794890946045,0.01468391439713083,0.5660050409577819,0.6094833018273472,0.5776307498424701,0.5202425960932577,0.6085357567521659
0.2308,0.5775961703234911,0.014828504385772467,0.5693289224952742,0.6123660995589162,0.5768746061751733,0.5206206679269062,0.6087905554611857
0.231,0.5780243568513451,0.01487653397418982,0.5718178954001261,0.611578449905482,0.5772684310018904,0.519927536231884,0.6095294717173433
0.2312,0.5786733148739401,0.01460119848411988,0.5763074984247006,0.6108695652173912,0.5775519848771267,0.5203056080655324,0.6083319177849498
0.2314,0.5799920376072405,0.014810053105656112,0.5781505986137366,0.6126969124133586,0.5775362318840579,0.5210617517328292,0.6105146933922201
0.2316,0.58046838489087,0.01503897845536441,0.5826086956521739,0.6126811594202899,0.5761027095148078,0.5199590422180214,0.6109903176490572
0.2318,0.581931349060959,0.015500892763745394,0.5833018273471959,0.6130749842470069,0.5771581600504097,0.5199590422180215,0.6161627314421606
0.232,0.5837904660862971,0.01542649151223318,0.5859010712035287,0.6149180844360428,0.5775047258979207,0.5224952741020794,0.6181331747919143
0.2322,0.5841914457207036,0.015214191523271949,0.5877599243856333,0.6131222432262129,0.5782136105860113,0.5232356647763075,0.6186257856293528
0.2324,0.5854831997151992,0.014914296720135709,0.588815374921235,0.6135318210459988,0.5796943919344676,0.5257718966603655,0.6196025140139291
0.2326,0.586277995613459,0.01438098784523114,0.5918084436042849,0.6120510396975425,0.5800882167611846,0.528323881537492,0.6191183964667912
0.2328,0.5867800411210116,0.014745845097765277,0.5962665406427222,0.6117517328292376,0.5793793320730939,0.5268746061751732,0.6196279938848309
0.233,0.5880027939553462,0.014970172623774036,0.5991965973534972,0.6124606175173283,0.5789855072463768,0.5275519848771266,0.6218192627824018
0.2332,0.5895336503947641,0.01506630545655968,0.6017958412098299,0.6136105860113422,0.5785759294265911,0.5293950850661625,0.6242908102598947
0.2334,0.5895178492355878,0.015121314011284357,0.6013705103969755,0.612870195337114,0.5793163201008191,0.5289855072463768,0.6250467130966537
0.2336,0.5911587213461165,0.015277615771490583,0.6054820415879018,0.6139729048519219,0.5797101449275363,0.5301039697542533,0.6265245456089689
0.2338,0.5919193712203654,0.015408421007617691,0.6065847511027096,0.6158317580340265,0.5775519848771267,0.5316005040957782,0.6280278579921861
0.234,0.5928456557756675,0.015144838748798087,0.6077189666036548,0.6169187145557655,0.5753623188405796,0.5352236925015753,0.6290045863767623
0.2342,0.5935832164234867,0.01553088066914596,0.609546313799622,0.6165879017013232,0.5764965343415248,0.5340894770006301,0.6311958552743333
0.2344,0.5931770359198213,0.015473640211628961,0.6107120352867046,0.614461247637051,0.5750630119722746,0.5344360428481412,0.6312128418549345
0.2346,0.5936472976833495,0.015692953949658243,0.6107120352867044,0.6129647132955262,0.5757403906742281,0.5344045368620037,0.6344148122982844
0.2348,0.5942041085903825,0.015306578314736708,0.6085538752362949,0.6129804662885949,0.5787177063642092,0.5358695652173913,0.6348989298454221
0.235,0.5955617302721524,0.015520369017242295,0.6122085696282292,0.6137051039697543,0.5783081285444235,0.5369722747321991,0.636614574486156
0.2352,0.5942435748285634,0.01519808612893921,0.6088531821045999,0.6103969754253308,0.5779930686830498,0.5373345935727787,0.6366400543570581
0.2354,0.594127561406703,0.01565167654121973,0.6092312539382483,0.611830497794581,0.5750787649653434,0.5366257088846881,0.6378715814506539
0.2356,0.5931911956850874,0.015992599588429513,0.6077819785759295,0.6092627599243856,0.5732829237555135,0.5355229993698802,0.6401053167997282
0.2358,0.592871246963796,0.01658790015678101,0.6055608065532452,0.6111216131064903,0.5728733459357278,0.5329710144927536,0.6418294547307627
0.236,0.5914743747209712,0.01610580710015487,0.6025677378701954,0.6067422810333964,0.5732199117832388,0.533742911153119,0.6410990317649058
0.2362,0.5924622193079944,0.016175192912082637,0.6036074354127284,0.6081915563957152,0.5739760554505355,0.5344517958412098,0.6420842534397826
0.2364,0.5917527362898118,0.016199288197324014,0.5998897290485192,0.6085853812224322,0.5732671707624448,0.5344360428481412,0.6425853575675216
0.2366,0.5902040541091631,0.01635062052159517,0.5950693131695022,0.6049621928166352,0.5732986767485823,0.5333805923125394,0.6443094954985561
0.2368,0.5899909704603685,0.017009488106394986,0.5943604284814115,0.6060333963453056,0.5754883427851292,0.5290327662255828,0.645039918464413
0.237,0.5884852396033724,0.017416480979977514,0.5913516068052931,0.6037807183364838,0.574747952110901,0.5265122873345935,0.6460336334295905
0.2372,0.58764082244592,0.01729282399837014,0.588074984247007,0.6022841839949591,0.5754568367989917,0.5265752993068682,0.6458128078817733
0.2374,0.5868353127998006,0.017089846403094328,0.5855229993698803,0.5994171392564587,0.5754568367989917,0.527678008821676,0.6461015797519959
0.2376,0.5864320447401058,0.017457341398179286,0.5836326402016383,0.5983301827347196,0.5776307498424701,0.5254883427851291,0.6470783081365721
0.2378,0.5857643163853927,0.01763692860492351,0.5836168872085696,0.5961405166981727,0.5764650283553875,0.5247479521109011,0.6478511975539324
0.238,0.5861008492326978,0.018305809084532203,0.5806395715185886,0.5979363579080025,0.5790485192186515,0.5225740390674228,0.6503057584508238
0.2382,0.5865138329314674,0.01857945098126571,0.5787649653434153,0.5979363579080025,0.5830970384373032,0.5214713295526151,0.6512994734160014
0.2384,0.5851627762901587,0.01897027008766839,0.5758664146187776,0.5974795211090107,0.5816162570888469,0.5192974165091367,0.6515542721250213
0.2386,0.5852395391509642,0.01895404717500632,0.5739760554505355,0.5999842470069312,0.5809073724007561,0.5200220541902961,0.651307966706302
0.2388,0.5848424021015836,0.019134891876894985,0.5717233774417139,0.6017800882167612,0.5790642722117202,0.5200220541902961,0.6516222184474265
0.239,0.584201664963192,0.018724102737529648,0.5717076244486452,0.5995589161940769,0.5790957781978575,0.5207309388783868,0.6499150670969934
0.2392,0.5838115890651805,0.01858450551003404,0.5691241335853812,0.5973850031505986,0.5819943289224951,0.5211405166981727,0.6494139629692544
0.2394,0.5829440345151905,0.018889285841954886,0.5661310649023314,0.5951480781348456,0.5823566477630748,0.5204473850031507,0.6506369967725497
0.2396,0.5819865388573651,0.01882905994144142,0.5642722117202268,0.5939508506616257,0.5834436042848141,0.5193446754883427,0.6489213521318159
0.2398,0.5815679941138876,0.018598550980322603,0.5612948960302458,0.5924700693131696,0.5853024574669188,0.5207939508506616,0.6479785969084423
0.24,0.5810228752618765,0.01861766048384268,0.5594202898550724,0.5924385633270322,0.5864051669817265,0.5200693131695022,0.646781042976049
0.2402,0.5804044561570146,0.01923024364593426,0.5564429741650914,0.5934940138626338,0.5879017013232514,0.5171392564587272,0.6470443349753695
0.2404,0.5802852664479496,0.019167695858189716,0.5549621928166352,0.5971802142407057,0.5867674858223062,0.5171707624448645,0.645345676915237
0.2406,0.5796399267703908,0.018953219590597686,0.5534499054820416,0.5964398235664776,0.5871455576559546,0.5175173282923755,0.6436470188551044
0.2408,0.5786196658577971,0.01930205944114372,0.5489445494643983,0.5975425330812854,0.5889571518588532,0.5157057340894771,0.6419483607949719
0.241,0.5776759296513662,0.019444392812320972,0.545179584120983,0.5957309388783868,0.5911468178954,0.515359168241966,0.6409631391200952
0.2412,0.5777681506216263,0.019544989673177648,0.5436988027725269,0.596471329552615,0.5911310649023315,0.5160838059231254,0.6414557499575336
0.2414,0.5780133471495137,0.020164998651885598,0.540752993068683,0.599354127284184,0.5944549464398236,0.5143037177063643,0.6412009512485136
0.2416,0.5773301606853458,0.020541780645228967,0.5344045368620038,0.6000630119722746,0.5951638311279142,0.5157844990548204,0.6412349244097164
0.2418,0.5778580007490366,0.02070232931605147,0.5328922495274102,0.6018903591682421,0.598109640831758,0.5161310649023315,0.6402666893154407
0.242,0.5782541054381782,0.020550607783266575,0.5306710775047259,0.6040800252047889,0.6003623188405797,0.5183364839319471,0.63782062170885
0.2422,0.5775096367001764,0.020094516799949353,0.5292848141146818,0.6036231884057971,0.5993226212980466,0.5201638311279143,0.635153728554442
0.2424,0.5769840197699394,0.020330120502596936,0.5258664146187775,0.6068683049779457,0.5982041587901701,0.5205261499684941,0.6334550704943095
0.2426,0.576123594339048,0.02086494457557242,0.5206049149338374,0.6086798991808443,0.5985507246376811,0.5205419029615627,0.6322405299813147
0.2428,0.5767843097084998,0.020811158666272138,0.5213137996219281,0.6116099558916194,0.5982041587901701,0.5212665406427222,0.6315270935960591
0.243,0.5762672342346711,0.021152703852156233,0.5187460617517328,0.6152016383112792,0.5977473219911783,0.5205261499684941,0.629114999150671
0.2432,0.5756121478776567,0.021448467231008454,0.5164776307498424,0.6162728418399496,0.59736925015753,0.5197857592942658,0.6281552573466962
0.2434,0.5754265660059239,0.02161643417303563,0.5135003150598614,0.6174070573408947,0.5958884688090738,0.5219439193446755,0.6283930694751148
0.2436,0.575822982704407,0.02196787416777598,0.5116099558916194,0.6221644612476369,0.5951323251417768,0.5230466288594833,0.6271615423815187
0.2438,0.5767759068634455,0.02199993073201441,0.5112161310649024,0.6239760554505356,0.5976685570258349,0.5248424700693132,0.6261763207066418
0.244,0.5758398188997169,0.02299623144701113,0.5037492123503465,0.6283868935097668,0.5946912413358538,0.5266540642722117,0.625717683030406
0.2442,0.5766082529521274,0.02299655744297398,0.5037019533711405,0.6320888468809073,0.5935412728418399,0.5292060491493383,0.6245031425174112
0.2444,0.57654003154773,0.023166314331848292,0.5011657214870825,0.6339319470699433,0.5913673597983615,0.532199117832388,0.6240360115508747
0.2446,0.5767479228901291,0.023576801889964805,0.5000157529930687,0.6361058601134214,0.5906269691241336,0.5321991178323882,0.6247919143876338
0.2448,0.5763923729931992,0.023527585322135468,0.4992911153119093,0.6379647132955262,0.5895400126023944,0.5332703213610587,0.6218957023951079
0.245,0.5765845423829101,0.02370491397067958,0.49853497164461247,0.641257088846881,0.588468809073724,0.5347195967233775,0.6199422456259555
0.2452,0.5752879134431499,0.023528277125443118,0.49779458097038437,0.6413043478260869,0.5870037807183365,0.5343100189035916,0.6160268387973501
0.2454,0.5756748216168207,0.02390614294770323,0.49776307498424693,0.644234404536862,0.5888941398865783,0.532908002520479,0.6145744861559368
0.2456,0.5761662978748363,0.024314786941813986,0.4959199747952111,0.6486452425960932,0.587775677378702,0.5358695652173913,0.6126210293867844
0.2458,0.5772710405345626,0.024245033987161203,0.4977315689981097,0.6522999369880278,0.5881379962192816,0.5380277252678008,0.6101579751995925
0.246,0.5783923587574387,0.0245513158276608,0.4995904221802142,0.6559703843730309,0.5882010081915564,0.5373030875866415,0.6108968914557499
0.2462,0.5784562072144481,0.025199207374295592,0.49810964083175796,0.6607277882797732,0.5859798361688722,0.5380277252678008,0.6094360455240361
0.2464,0.5765686695097514,0.025752890911706787,0.4932577189666037,0.6603812224322622,0.5867359798361689,0.5362003780718336,0.606268048241889
0.2466,0.5763750224908963,0.02613321780934057,0.49287964713295523,0.6625708884688091,0.5864051669817265,0.5347195967233775,0.6052998131476134
0.2468,0.5764912911931269,0.026342757964656308,0.4936515437933207,0.6640359168241966,0.5867989918084435,0.5329080025204789,0.6050620010191948
0.247,0.5765008082808027,0.02646311275935886,0.49398235664776297,0.6643824826717076,0.5860743541272841,0.531805293005671,0.6062595549515881
0.2472,0.5750492359303322,0.02700266144631742,0.4909892879647133,0.6650913673597983,0.5820888468809073,0.5303245116572148,0.6067521657890266
0.2474,0.5751552559552309,0.027254723619192893,0.4894454946439824,0.6662098298676749,0.5824669187145558,0.531411468178954,0.6062425683709869
0.2476,0.5748676893080553,0.02720187152229988,0.49204473850031505,0.6677221172022684,0.5806395715185885,0.5291587901701325,0.6047732291489724
0.2478,0.5739459505629494,0.027690948044377727,0.4908947700063012,0.669880277252678,0.5780718336483931,0.5273156899810963,0.6035671819262782
0.248,0.5719714013201151,0.02737113858224073,0.4890359168241966,0.666997479521109,0.5761657214870824,0.527284183994959,0.6003737047732292
0.2482,0.5700764792159501,0.027145432402930346,0.4864681789540012,0.6640674228103339,0.5732041587901702,0.5279930686830498,0.5986495668421947
0.2484,0.5708089834928327,0.027472006837054943,0.4857120352867045,0.6665879017013232,0.5724795211090108,0.5301827347195968,0.5990827246475284
0.2486,0.57049135423721,0.02734819126316204,0.48725582860743544,0.6677378701953371,0.5707151858853182,0.5301197227473219,0.596628163750637
0.2488,0.5691174636498413,0.027471427703050205,0.4850346565847511,0.6652016383112792,0.5688720856962823,0.5279143037177063,0.598564633939188
0.249,0.5685197602526644,0.02752428017197503,0.4853812224322621,0.6648393194706994,0.5670289855072463,0.5260712035286704,0.5992780703244437
0.2492,0.5692985650032127,0.02755548623014428,0.48760239445494646,0.6663358538122244,0.5678008821676118,0.525,0.5997536945812808
0.2494,0.5682240208873932,0.02826454826131721,0.4845935727788279,0.6681789540012602,0.5645085066162572,0.5238815374921235,0.5999575335484967
0.2496,0.5682815767100385,0.02828693128034454,0.48468809073724006,0.6681316950220542,0.5663201008191556,0.5227945809703843,0.599473416001359
0.2498,0.5681584480837328,0.02836225758287873,0.48577504725897924,0.6688563327032135,0.5670919974795211,0.5205891619407688,0.5984797010361814
0.25,0.5669200075481642,0.028851195361599836,0.4853969754253308,0.6699432892249527,0.5659892879647134,0.5157844990548204,0.597485986071004
0.2502,0.5664955613861521,0.029193002448759043,0.48580655324511657,0.6725267800882168,0.5645400126023945,0.5143352236925015,0.595269237302531
0.2504,0.5659697063012722,0.029248695940648984,0.4883427851291745,0.6732671707624449,0.5627126654064273,0.5109955891619408,0.5945303210463734
0.2506,0.5656259961687607,0.02948649394905354,0.4901701323251418,0.6736767485822306,0.5623660995589163,0.5066477630749843,0.595269237302531
0.2508,0.5660458793948495,0.029421675216579818,0.49395085066162564,0.675141776937618,0.5594517958412097,0.5059231253938248,0.5957618481399695
0.251,0.5646576706292388,0.029527328356583407,0.49209199747952115,0.6736925015752993,0.5572936357908003,0.5044738500315059,0.5957363682690675
0.2512,0.5642845047812355,0.0296915097705035,0.4943446754883428,0.6737082545683679,0.5573251417769376,0.5000787649653434,0.5959656871071853
0.2514,0.563274861284286,0.03005011984234976,0.49625078764965347,0.6744328922495274,0.5540642722117203,0.49565217391304345,0.595974180397486
0.2516,0.5624559919654651,0.029939656467436557,0.5014650283553874,0.6741650913673597,0.5511499684940139,0.49124133585381224,0.5942585357567521
0.2518,0.5613601734151129,0.02981933652613555,0.5033081285444234,0.6727158160050409,0.5496849401386263,0.4883112791430372,0.5927807032444369
0.252,0.5600380619285559,0.029765546874711415,0.507703213610586,0.670919974795211,0.5471487082545684,0.4828607435412728,0.5915576694411415
0.2522,0.560058712344406,0.02950313457166086,0.51028670447385,0.6698645242596093,0.5475267800882168,0.48180529300567104,0.5908102598946832
0.2524,0.5589803454451827,0.029123081415339418,0.5140359168241966,0.6665721487082544,0.5468336483931947,0.4781190926275992,0.5893409206726685
0.2526,0.5592797572085664,0.02916689946841261,0.5199905482041588,0.6669659735349717,0.5454001260239446,0.4752362948960302,0.5888058433837269
0.2528,0.5586514239132307,0.02886242997728341,0.5244171392564587,0.6647763074984248,0.5454001260239446,0.4723377441713925,0.5863258026159335
0.253,0.560214974436106,0.028745409411930756,0.5299464398235665,0.6658790170132325,0.545730938878387,0.4727000630119722,0.5868184134533718
0.2532,0.5584767457778927,0.02948060263990777,0.5314114681789539,0.6651543793320731,0.5435412728418398,0.4657214870825457,0.5865551214540513
0.2534,0.5580357187009408,0.02936418986196991,0.5332703213610586,0.6633427851291746,0.5424858223062382,0.46430371770636425,0.5867759470018685
0.2536,0.5590582680388227,0.02920550815505069,0.5392249527410208,0.6630277252678008,0.5421235034656584,0.4639098928796471,0.5870052658399864
0.2538,0.5581434288210361,0.02904116247208491,0.5414303717706364,0.6608695652173913,0.5410050409577819,0.4621140516698173,0.5852981144895533
0.254,0.556596493464555,0.028935549840259547,0.545132325141777,0.6561279143037176,0.5369722747321991,0.45847511027095145,0.5862748428741295
0.2542,0.555922273924079,0.02910504872254684,0.5455103969754254,0.6539540012602394,0.5376969124133586,0.4551984877126654,0.5872515712587056
0.2544,0.5558234654358406,0.029219476772539988,0.549653434152489,0.6521109010712035,0.5358695652173914,0.4530088216761185,0.5884746050620009
0.2546,0.55518997087449,0.029559334554972578,0.5526465028355387,0.653623188405797,0.5336956521739131,0.45121298046628855,0.5847715304909122
0.2548,0.5559203681517562,0.03006192095691039,0.5574354127284183,0.6554347826086956,0.5311436672967864,0.45009451795841204,0.5854934601664685
0.255,0.5559427172256665,0.02978761944096271,0.5600346565847512,0.6532923755513547,0.5318998109640832,0.44973219911783235,0.5847545439103109
0.2552,0.5545109331177204,0.029977748459981843,0.562224322621298,0.6507561436672967,0.5304347826086957,0.4461090107120353,0.5830304059792765
0.2554,0.5545959992802912,0.02965181379767506,0.5662728418399496,0.6471172022684308,0.5311751732829239,0.44538437303087586,0.5830304059792764
0.2556,0.5538934072265645,0.029680249206586285,0.5713768115942028,0.6434152488972905,0.5297574039067423,0.4428638941398866,0.5820536775947003
0.2558,0.5533506024884323,0.02990559137152454,0.5724007561436673,0.6412255828607435,0.5312381852551985,0.4395715185885318,0.5823169695940208
0.256,0.5521505278630763,0.029525146060972614,0.5741965973534973,0.635333963453056,0.5305135475740391,0.43815374921235034,0.5825547817224394
0.2562,0.551048975405208,0.029470418399391674,0.5752678008821677,0.6316635160680528,0.5283081285444234,0.4367202268431001,0.5832852046882963
0.2564,0.5498029888461209,0.02948425775380545,0.5745116572148709,0.6283553875236294,0.5275519848771266,0.43454631379962183,0.5840496008153557
0.2566,0.5485831570186207,0.02927300782266107,0.573408947700063,0.6243541272841838,0.5286546943919346,0.432703213610586,0.5837948021063359
0.2568,0.5489317249706694,0.029686306509383146,0.5800252047889098,0.6214240705734089,0.5293793320730938,0.4297889098928797,0.5840411075250552
0.257,0.5476953603943369,0.029731089900056438,0.5804505356017643,0.61734404536862,0.5272211720226843,0.42799306868304976,0.5854679802955665
0.2572,0.5461361089641514,0.0295643299451656,0.578922495274102,0.6143509766855703,0.5257876496534342,0.4268903591682419,0.5847290640394088
0.2574,0.5459321736647205,0.02987139883049835,0.5829710144927536,0.6121298046628859,0.5239287964713297,0.4254095778197858,0.5852216748768473
0.2576,0.5447264218608193,0.030050813569193955,0.5814744801512287,0.6095778197857592,0.5207151858853182,0.42397605545053557,0.5878885680312553
0.2578,0.5440682501970262,0.030323085932754002,0.5830340264650283,0.6077662255828606,0.5192186515437933,0.4221959672337744,0.5881263801596739
0.258,0.5438061521819942,0.030361671437628215,0.5830025204788909,0.6077662255828606,0.5170447385003152,0.42258979206049146,0.588627484287413
0.2582,0.5429494275137008,0.030456974351097392,0.5833490863264019,0.6062854442344044,0.5163043478260869,0.4211405166981727,0.5876677424834381
0.2584,0.5430557509850773,0.029892102570576375,0.5845148078134846,0.6040800252047889,0.5152016383112792,0.4240863264020164,0.5873959571938169
0.2586,0.542045829730241,0.02991699532134458,0.5826559546313799,0.6018431001890359,0.511531190926276,0.42410207939508504,0.5900968235094276
0.2588,0.54295344028564,0.029704768566201356,0.5833490863264019,0.6029458097038438,0.5141304347826087,0.4252047889098929,0.5891370817054526
0.259,0.5446910791766252,0.02969441118669373,0.5862476370510399,0.602236925015753,0.5185097668557026,0.42558286074354135,0.5908782062170885
0.2592,0.5451691165554511,0.029640152316999714,0.5866257088846881,0.6021739130434782,0.5214398235664776,0.42522054190296155,0.5903855953796501
0.2594,0.5445352393411348,0.029225076984484122,0.5855072463768115,0.5995904221802142,0.5217233774417139,0.42594517958412104,0.5899099711228131
0.2596,0.5442676766136101,0.02918987121029542,0.5862791430371771,0.5977000630119723,0.5235349716446125,0.4248739760554505,0.5889502293188381
0.2598,0.5441891669286367,0.029060562916878484,0.5855229993698802,0.5955576559546313,0.525393824826717,0.4245274102079395,0.5899439442840155
0.26,0.5457874874942054,0.02883385241995643,0.5870037807183365,0.595226843100189,0.5298519218651544,0.42597668557025836,0.5908782062170885
0.2602,0.5450267980167124,0.02872530897968061,0.5862633900441084,0.5934152488972905,0.528434152488973,0.4259136735979836,0.5911075250552064
0.2604,0.5442754383142547,0.028492250562621228,0.5843887838689351,0.5908475110270952,0.5313957151858852,0.42482671707624453,0.5899184644131137
0.2606,0.545653112081783,0.02799745647433105,0.58325456836799,0.5897290485192186,0.5368620037807184,0.4270321361058601,0.5913878036351282
0.2608,0.5455299042489893,0.028604966608035264,0.5813327032136106,0.5889413988657844,0.540154379332073,0.42336168872085694,0.593859351112621
0.261,0.5462327430202226,0.028495992092139967,0.579080025204789,0.5893194706994329,0.5441398865784499,0.4237712665406427,0.5948530660777985
0.2612,0.5457288372305602,0.02885600067597191,0.5768273471959672,0.5889098928796471,0.5473850031505986,0.4208727158160051,0.5946492271105827
0.2614,0.5462159833555058,0.02838281956432607,0.57380277252678,0.5882010081915564,0.5503150598613736,0.42310964083175806,0.5956514353660609
0.2616,0.546789982070434,0.027839110959547567,0.5726843100189035,0.5859798361688722,0.5561279143037177,0.4249842470069313,0.5941736028537455
0.2618,0.5470399968146148,0.027544822710597675,0.5697227473219912,0.5830340264650283,0.5593730308758664,0.4264335223692502,0.5966366570409377
0.262,0.5477462072133777,0.02698994535420747,0.5689666036546944,0.5845148078134845,0.5612003780718335,0.4293320730938879,0.5947171734329879
0.2622,0.5483662511216013,0.027126264247241735,0.5682577189666037,0.5852709514807813,0.5674228103339634,0.4285916824196597,0.5922880924069985
0.2624,0.5489147587268691,0.027166564880609895,0.5649495904221802,0.5856490233144298,0.5724795211090108,0.4289697542533081,0.5925259045354171
0.2626,0.549643582042776,0.02722171726935599,0.561972274732199,0.5878544423440454,0.5768746061751733,0.4296786389413989,0.5918379480210633
0.2628,0.5503658831325395,0.027372597894214017,0.5582545683679899,0.5878386893509766,0.5813011972274732,0.43037177063642096,0.594063190079837
0.263,0.5499605476764723,0.02727546755801174,0.55382797731569,0.5856490233144298,0.5856490233144297,0.4310806553245117,0.5935960591133005
0.2632,0.5508363177588759,0.026996631420339964,0.5482829237555136,0.5867517328292375,0.5893194706994329,0.4347195967233774,0.5951078647868184
0.2634,0.5517834427185636,0.026455125181910705,0.5430686830497795,0.5867832388153749,0.5940768746061751,0.43985507246376815,0.5951333446577204
0.2636,0.5518237454414793,0.026485314244125535,0.5400913673597983,0.5853339634530561,0.59736925015753,0.4409105229993699,0.5954136232376424
0.2638,0.5520407112785437,0.026675039430297663,0.5333963453056081,0.5864209199747952,0.603528670447385,0.4431001890359168,0.5937574316290131
0.264,0.5525779464091043,0.026913882142877266,0.5314429741650913,0.587523629489603,0.6075141776937618,0.4438405797101449,0.5925683709869204
0.2642,0.5540117240587246,0.027137316076533403,0.528528670447385,0.5897290485192187,0.611830497794581,0.4464083175803403,0.5935620859520978
0.2644,0.5533482776709738,0.027152173475794957,0.5248267170762444,0.5883112791430372,0.6140044108380593,0.447463768115942,0.5921352131815865
0.2646,0.5531815255362253,0.027241942039865134,0.5226212980466289,0.5891304347826087,0.6158160050409578,0.4481411468178954,0.5901987429930354
0.2648,0.554110864357926,0.027574358258158713,0.5178166351606805,0.5884373030875867,0.6205261499684941,0.45108695652173914,0.5926872770511296
0.265,0.5542451830413772,0.02752484830339351,0.5141461877756773,0.588468809073724,0.6226843100189037,0.4539697542533082,0.5919568540852727
0.2652,0.5538026216063098,0.027865011455322036,0.5086326402016383,0.5892249527410208,0.6263547574039068,0.455765595463138,0.5890351622218447
0.2654,0.5532463523003972,0.027491997488170404,0.5049306868304978,0.5891934467548834,0.6252835538752362,0.45899495904221804,0.5878291149991507
0.2656,0.553649620360092,0.027882277788172986,0.5020478890989288,0.5899495904221802,0.6289382482671708,0.4604599873976055,0.5868523866145745
0.2658,0.55419315668788,0.028539033694069276,0.4987240075614367,0.5928481411468179,0.6325771896660365,0.4611531190926276,0.5856633259724818
0.266,0.5538591761090969,0.02871041697444232,0.4961405166981727,0.5932262129804663,0.634042218021424,0.46217706364209193,0.5837098692033293
0.2662,0.5534882590831378,0.02944379650022949,0.4890516698172653,0.5961562696912414,0.634798361688721,0.46323251417769373,0.5842024800407678
0.2664,0.5533060488389345,0.02974182221955069,0.48418399495904224,0.5979836168872085,0.6366729678638942,0.46616257088846885,0.581527093596059
0.2666,0.5527655325260907,0.03041406340115031,0.47863894139886576,0.5969596723377442,0.6403119092627599,0.46759609325771895,0.580321046373365
0.2668,0.5530994788534197,0.03099045638507678,0.4746691871455576,0.5994801512287335,0.6432262129804662,0.4697542533081286,0.5783675896042126
0.267,0.5528496144945303,0.0308938967519568,0.4728260869565217,0.598408947700063,0.6436042848141146,0.4719754253308128,0.5774333276711398
0.2672,0.55344415873023,0.030978005671102902,0.46986452425960934,0.5966131064902331,0.6475897920604915,0.4774102079395085,0.5757431629013079
0.2674,0.5550268509994307,0.03141860773353137,0.46691871455576556,0.5988027725267802,0.6516225582860743,0.48251417769376187,0.5752760319347715
0.2676,0.55580648367185,0.03182838169877595,0.4676748582230624,0.5991808443604285,0.6560333963453056,0.48282923755513546,0.5733140818753185
0.2678,0.5566888980012029,0.031595703386711214,0.4676275992438564,0.6003308128544423,0.656017643352237,0.4861373660995588,0.5733310684559199
0.268,0.5583595121479739,0.03167957212360793,0.4661783238815375,0.601086956521739,0.6589792060491494,0.49195022054190296,0.5736028537455409
0.2682,0.5588773673775663,0.03203457281275972,0.4628071833648392,0.6015595463137997,0.6604442344045369,0.4952425960932577,0.574333276711398
0.2684,0.5592448217955704,0.032183776022856395,0.4609168241965973,0.6015595463137997,0.6622558286074354,0.4988657844990548,0.5726261253609648
0.2686,0.5600130091304745,0.032846372058023474,0.4572306238185255,0.6019376181474481,0.6662885948330184,0.5032136105860114,0.5713945982673687
0.2688,0.5616974480204746,0.032654322413460876,0.4568525519848771,0.601591052299937,0.6673597983616887,0.5090894770006301,0.5735943604552403
0.269,0.5608756919462736,0.032986135853465784,0.4531505986137366,0.5997952110901071,0.6673913043478261,0.510192186515438,0.5738491591642603
0.2692,0.5601613992746612,0.033155126352331185,0.45055135475740393,0.5997637051039697,0.6666824196597354,0.5112003780718336,0.5726091387803636
0.2694,0.5604211831758141,0.03318580426223422,0.4486925015752993,0.5993856332703213,0.6674228103339634,0.5159577819785759,0.5706471887209105
0.2696,0.5608571228414493,0.032851484466657505,0.4487240075614367,0.5993856332703213,0.6659577819785759,0.518840579710145,0.5713776116867675
0.2698,0.5613907225012467,0.03249314514466978,0.4509136735979836,0.6004725897920604,0.6652488972904852,0.519187145557656,0.5711313062680483
0.27,0.5612993465785848,0.03150202378015235,0.455765595463138,0.6008664146187777,0.6619565217391303,0.5177536231884058,0.570154577883472
0.2702,0.5627560801950706,0.03145857515915115,0.45803402646502833,0.6030560806553245,0.6633585381222431,0.5184467548834278,0.570885000849329
0.2704,0.5639387117321613,0.031190559365183064,0.4585066162570888,0.6041115311909262,0.6629962192816634,0.522463768115942,0.5716154238151859
0.2706,0.5646212998662373,0.031026091191906885,0.4607908002520479,0.6026149968494015,0.6648078134845619,0.5228103339634531,0.5720825547817224
0.2708,0.5649567152598471,0.030951554121892332,0.4600504095778198,0.6029143037177064,0.6643824826717076,0.5253623188405797,0.5720740614914218
0.271,0.5648593983154064,0.0314762625753602,0.45787649653434154,0.6068998109640831,0.6640359168241965,0.5239287964713296,0.5715559707830813
0.2712,0.5658343852276047,0.03110229690222318,0.4601606805293005,0.6069313169502205,0.6644139886578451,0.5261184625078765,0.5715474774927806
0.2714,0.5657599279178146,0.03035427382599687,0.4627441713925646,0.606962822936358,0.6610586011342156,0.5257561436672968,0.5722779004586377
0.2716,0.5662955468078769,0.029798761303426086,0.46496534341524887,0.6073408947700063,0.6588531821045998,0.5260869565217391,0.5742313572277901
0.2718,0.5665733496498698,0.029852550950741463,0.4646345305608065,0.6080655324511657,0.6588846880907372,0.5267958412098299,0.57448615593681
0.272,0.5677766316028107,0.029324116071430636,0.46873030875866417,0.609247006931317,0.6589004410838057,0.527536231884058,0.5744691693562085
0.2722,0.5674796474112483,0.02881609163027435,0.469533711405167,0.6077819785759294,0.6559703843730309,0.5272054190296156,0.5769067436724986
0.2724,0.5673396172977979,0.028477580766321973,0.47066792690611214,0.6073881537492124,0.6548991808443605,0.5275834908632641,0.5761593341260405
0.2726,0.5677902267542605,0.028362446034679346,0.47181789540012603,0.6092155009451796,0.6534499054820416,0.5261342155009452,0.5783336164430101
0.2728,0.5681265610501667,0.028164372419673834,0.47295211090107114,0.6091682419659736,0.6527095148078136,0.5257876496534342,0.5800152879225412
0.273,0.5669565404703946,0.02754511615600644,0.4752047889098929,0.6076874606175173,0.6490705734089477,0.5225582860743541,0.5802615933412605
0.2732,0.5678473715594547,0.02680093541559827,0.47856017643352233,0.6091209829867675,0.6465343415248899,0.524054820415879,0.5809665364362153
0.2734,0.5668994101150324,0.026356605773342912,0.47895400126023946,0.6091052299936989,0.6418241965973535,0.522211720226843,0.5824019024970274
0.2736,0.5661229762073343,0.02569949246708616,0.4789697542533081,0.6101764335223694,0.635239445494644,0.5226212980466289,0.5836079497197215
0.2738,0.564983066402117,0.024934592618208525,0.4804032766225583,0.6090894770006301,0.6297574039067423,0.5215816005040959,0.5840835739765586
0.274,0.5645858442592796,0.023695483010913437,0.48418399495904224,0.6073093887838689,0.6246849401386264,0.5226843100189036,0.5840665873959573
0.2742,0.564509415885332,0.022752736927003584,0.48788594833018273,0.6097983616887208,0.619580970384373,0.5234404536862003,0.5818413453371836
0.2744,0.5646890652981498,0.021982036925021063,0.48942974165091363,0.6097826086956522,0.6151858853182105,0.5260081915563957,0.583038899269577
0.2746,0.5647873236224038,0.020678744264511415,0.4968966603654694,0.6082860743541273,0.6126339004410839,0.5245589161940769,0.5815610667572618
0.2748,0.5638527528910636,0.02023977758669278,0.49878701953371146,0.6104127284183993,0.605718336483932,0.5220541902961562,0.5822914897231188
0.275,0.5646138592729765,0.019854713819153606,0.5025047258979206,0.6154851921865154,0.6002678008821676,0.522069943289225,0.5827416341090539
0.2752,0.5629936461411615,0.019126944328858548,0.5043635790800252,0.6158790170132326,0.5918872085696283,0.5213453056080656,0.5814931204348565
0.2754,0.5623380834748615,0.01856648212676229,0.5077662255828607,0.6136578449905482,0.5889729048519219,0.518840579710145,0.5824528622388314
0.2756,0.5620248357294902,0.017845002919285115,0.5130119722747322,0.6122400756143668,0.5853182104599874,0.5166509136735981,0.5829030066247665
0.2758,0.5617177842862676,0.01776778554047004,0.5160050409577821,0.612570888468809,0.582356647763075,0.513768115942029,0.5838882282996433
0.276,0.5619642684547639,0.01795305288419319,0.5194076874606175,0.6144297416509137,0.5783553875236294,0.5108695652173914,0.5867589604212673
0.2762,0.5624245025698759,0.018530981031930762,0.5234719596723376,0.6184625078764966,0.5768903591682419,0.5065217391304347,0.5867759470018685
0.2764,0.5632806032194869,0.018075455895654197,0.5298834278512918,0.6210459987397605,0.5729048519218651,0.5072621298046629,0.5853066077798539
0.2766,0.5619399483166962,0.01863702428509225,0.5302457466918715,0.622511027095148,0.5691713925645873,0.50322936357908,0.5845422116527944
0.2768,0.5616040309252099,0.01873840178579458,0.5310176433522369,0.624354127284184,0.5658632640201638,0.5032451165721488,0.5835400033973162
0.277,0.5626285909304932,0.018560346456968517,0.5314272211720226,0.6254253308128545,0.5651386263390045,0.506159420289855,0.5849923560387293
0.2772,0.5618971586170932,0.01738773381812709,0.5336798991808444,0.6217548834278512,0.5585381222432263,0.5105545053560177,0.5849583828775267
0.2774,0.5614938734316713,0.01694961879409766,0.5378071833648393,0.6217548834278512,0.5511972274732198,0.5127284183994958,0.5839816544929506
0.2776,0.5634693726171826,0.01717754187903511,0.540800252047889,0.6253938248267171,0.5497479521109011,0.5152488972904853,0.5861559368099202
0.2778,0.565012879617163,0.017441340970284148,0.5471329552614996,0.6279300567107751,0.5468651543793321,0.5152646502835538,0.5878715814506541
0.278,0.5645677830393007,0.018072014931744994,0.5492753623188406,0.630466288594833,0.5439666036546944,0.5127284183994958,0.5864022422286392
0.2782,0.5648342454388569,0.01821339664880284,0.554521109010712,0.6304820415879017,0.54031190926276,0.5120037807183364,0.5868523866145745
0.2784,0.5642488977186284,0.019159571770503928,0.554174543163201,0.6334278512917454,0.5363106490233143,0.5097826086956522,0.5875488364192288
0.2786,0.5639475801829221,0.0194019928115915,0.5560018903591682,0.634593572778828,0.5322936357908002,0.5105229993698803,0.5863258026159335
0.2788,0.5643666012356853,0.019700798536628955,0.5597353497164461,0.6360743541272841,0.5308758664146188,0.5097983616887208,0.5853490742313572
0.279,0.563256802205023,0.01986500244987929,0.5563957151858853,0.6356962822936357,0.5276149968494014,0.5105229993698803,0.5860540173263122
0.2792,0.5619547599299516,0.020307821291350003,0.5544896030245747,0.6357120352867044,0.5228733459357279,0.5101606805293006,0.58653813487345
0.2794,0.5619336728080594,0.020470217069626317,0.5552614996849401,0.6356805293005671,0.5207151858853182,0.5105387523629489,0.5874723968065229
0.2796,0.5621611313640674,0.020907867260897516,0.5574354127284185,0.6364366729678638,0.5181789540012602,0.5098298676748583,0.5889247494479362
0.2798,0.5629056568310404,0.021706649605690107,0.5629962192816635,0.6375236294896031,0.5130907372400756,0.5091052299936988,0.5918124681501613
0.28,0.5635123357147727,0.022039995223878846,0.562224322621298,0.6397290485192186,0.5134688090737239,0.5091209829867674,0.5930185153728555
0.2802,0.5641956950417487,0.021895803203750182,0.5648393194706994,0.640847511027095,0.5120195337114051,0.5124448645242596,0.5908272464752844
0.2804,0.5626166949722826,0.02212610956969983,0.5633427851291746,0.6393824826717076,0.5083963453056081,0.5113894139886578,0.5905724477662646
0.2806,0.5618692147822,0.022122885924873062,0.5603182104599874,0.6386263390044109,0.5080497794580972,0.5110743541272842,0.5912773908612197
0.2808,0.5615173062430018,0.022410499850354936,0.564067422810334,0.6375236294896031,0.5036704473850031,0.5110901071203529,0.5912349244097163
0.281,0.5607703762169034,0.022353142861218606,0.5629332073093888,0.6353497164461247,0.5000787649653434,0.5132955261499685,0.5921946662136912
0.2812,0.5598519100912169,0.022792005641441265,0.5640359168241966,0.6342312539382482,0.49420289855072463,0.5143824826717076,0.5924069984712078
0.2814,0.5600896740535279,0.022788481028589064,0.5640516698172653,0.6334908632640202,0.4949117832388154,0.5136420919974796,0.5943519619500595
0.2816,0.5597168030891386,0.02263445645380198,0.5644770006301197,0.6320258349086327,0.49387208569628227,0.514366729678639,0.5938423645320197
0.2818,0.5600900909579478,0.022249135667777364,0.5659262759924386,0.6294265910522999,0.49384057971014494,0.5162255828607436,0.5950314251741124
0.282,0.560100158209608,0.022296894284087366,0.566698172652804,0.6280088216761185,0.4923755513547574,0.5169344675488343,0.5964837778155258
0.2822,0.5591893488894876,0.022309805025394914,0.5673755513547574,0.6246691871455576,0.4923913043478261,0.5133112791430372,0.5981994224562596
0.2824,0.558685661452846,0.022649781952927567,0.5663201008191556,0.625393824826717,0.4890359168241966,0.5147763074984246,0.5979021572957363
0.2826,0.5572593816606368,0.02254919096908412,0.5663201008191556,0.6228260869565216,0.4861058601134216,0.5151386263390043,0.5959062340750807
0.2828,0.5567482445326919,0.022597091089094107,0.5670919974795211,0.6213453056080656,0.4846723377441714,0.5147763074984246,0.5958552743332767
0.283,0.5558343552575822,0.022283027719827594,0.5667296786389414,0.6191713925645873,0.4817265280403277,0.5184152488972906,0.5931289281467642
0.2832,0.5559956255541109,0.02216128813898515,0.570825456836799,0.6177063642091997,0.4813957151858853,0.5183994959042217,0.5916510956344488
0.2834,0.5564169607207533,0.022125401553825256,0.5708569628229364,0.6166351606805293,0.47846565847511024,0.5239918084436044,0.5921352131815866
0.2836,0.5559567094799143,0.022388219430885262,0.5723534971644613,0.6176906112161311,0.47775677378701953,0.521817895400126,0.5901647698318329
0.2838,0.553932366115079,0.02226590155697906,0.5716288594833018,0.6139886578449906,0.47561436672967866,0.5200063011972273,0.5884236453201971
0.284,0.5537040796371999,0.022394975513035764,0.5723692501575298,0.612870195337114,0.4749212350346566,0.5189508506616256,0.5894088669950739
0.2842,0.551812061414142,0.021879262840261777,0.5723377441713926,0.6070258349086326,0.47381852551984877,0.5182104599873976,0.5876677424834382
0.2844,0.5514841695665339,0.022141270564309513,0.5735034656584752,0.6051984877126655,0.4727473219911783,0.5163673597983616,0.5896042126719891
0.2846,0.5514180069956455,0.021858178740777633,0.5738972904851922,0.6033868935097668,0.4734562066792691,0.51674543163201,0.5896042126719891
0.2848,0.5504759694472747,0.020988008425707565,0.5705734089477,0.5997164461247636,0.4749212350346566,0.5185412728418399,0.588627484287413
0.285,0.5502459843113353,0.021290451228508357,0.5742911153119092,0.5964398235664776,0.47236925015752995,0.5185255198487713,0.5896042126719891
0.2852,0.5497521939394406,0.021424929741751177,0.5732199117832387,0.596424070573409,0.4719754253308128,0.5170447385003151,0.5900968235094275
0.2854,0.5490255059876359,0.021398701520043244,0.571376811594203,0.5949117832388154,0.47084120982986766,0.5173913043478261,0.5906064209274673
0.2856,0.5478035585976555,0.02083783947294852,0.5695179584120982,0.5901701323251418,0.4700850661625709,0.519580970384373,0.5896636657040937
0.2858,0.5471279095941428,0.020267287976061244,0.5713925645872716,0.5868935097668556,0.4715500945179584,0.518840579710145,0.5869627993884832
0.286,0.546382349091036,0.019777483728071883,0.5728890989287965,0.5836168872085695,0.4729363579080026,0.5177063642091998,0.5847630372006115
0.2862,0.5467392374705773,0.01967352563006681,0.574054820415879,0.5799621928166353,0.4729206049149338,0.5195494643982357,0.5872091048072023
0.2864,0.5455883500742668,0.019868663475816437,0.5744643982356648,0.5784656584751102,0.4703528670447385,0.51913988657845,0.5855189400373705
0.2866,0.5444497873145243,0.02009984514055358,0.5715028355387524,0.5787807183364839,0.4696124763705104,0.5158317580340264,0.5865211482928486
0.2868,0.5433885857456794,0.019614820136425244,0.5688720856962823,0.5758034026465028,0.47145557655954634,0.5140359168241966,0.5867759470018685
0.287,0.5432301936416671,0.01894972792667534,0.5696282293635792,0.5717706364209201,0.47247952110901076,0.5169659735349716,0.5853066077798539
0.2872,0.5423915275174578,0.018888217771097435,0.5685255198487713,0.5702741020793951,0.4717391304347826,0.5165879017013232,0.5848309835230168
0.2874,0.5420758040341577,0.018166048206431838,0.5662728418399495,0.5691713925645872,0.4753465658475111,0.515453686200378,0.5841345337183625
0.2876,0.5404145196624219,0.018236847774038,0.5643824826717077,0.5677063642091997,0.4728260869565218,0.51471329552615,0.5824443689485307
0.2878,0.5406642620005054,0.017732862475404388,0.562476370510397,0.5680686830497794,0.475,0.5158160050409577,0.581960251401393
0.288,0.539960873065288,0.017192673001654106,0.5598456206679269,0.566603654694392,0.47613421550094515,0.5165091367359799,0.5807117377271955
0.2882,0.5393974489516861,0.017054105039779922,0.5568998109640833,0.5683994959042218,0.47577189666036546,0.5169029615626968,0.579013079667063
0.2884,0.5391209760294408,0.01684076698361436,0.5557655954631379,0.5694864524259609,0.4765122873345936,0.5165091367359799,0.5773314081875318
0.2886,0.5388517884985543,0.016658438644341057,0.5546471329552615,0.5665406427221171,0.4761972274732199,0.5183364839319471,0.5785374554102258
0.2888,0.5381879990610821,0.016351204426396978,0.5523629489603025,0.5632482671707624,0.47545683679899176,0.5212665406427222,0.5786054017326312
0.289,0.5371785455526681,0.01643927532206478,0.5504883427851291,0.5617202268431003,0.47366099558916197,0.5216131064902332,0.578410056055716
0.2892,0.535889097109188,0.015961388079794945,0.5467548834278514,0.5584278512917453,0.47438563327032135,0.5219596723377442,0.5779174452182776
0.2894,0.5343317257627345,0.015576902989781868,0.5430214240705734,0.5566477630749842,0.47438563327032135,0.5215973534971645,0.5760064549006285
0.2896,0.53237805117574,0.015490820021179795,0.5415406427221171,0.5522999369880276,0.4736767485822305,0.5186042848141147,0.57576864277221
0.2898,0.5324260588703293,0.015425632713723854,0.5396502835538752,0.5530403276622557,0.47515752993068683,0.5174858223062382,0.5767963308985902
0.29,0.5299030277108179,0.01549962161988703,0.5344202898550725,0.5494171392564587,0.47263705103969744,0.51674543163201,0.576295226770851
0.2902,0.5285799973219645,0.015038263895239875,0.5310964083175803,0.5501417769376181,0.4741020793950851,0.5141776937618148,0.5733820281977239
0.2904,0.5264659542150107,0.014937784057845932,0.5239603024574669,0.546817895400126,0.4748424700693132,0.5123503465658474,0.5743587565823
0.2906,0.5269032238003936,0.014793034802096407,0.5246219281663516,0.5483144297416509,0.47592942659105225,0.5119880277252677,0.5736623067776457
0.2908,0.5251562353327514,0.015012147490163351,0.5219439193446755,0.5446597353497165,0.4737397605545054,0.511231884057971,0.5742058773568881
0.291,0.5253899126684247,0.014731264145581116,0.5229521109010712,0.546077504725898,0.4748897290485193,0.5105229993698802,0.5725072192967555
0.2912,0.5226972254930577,0.014465960640454516,0.5166509136735981,0.5438720856962822,0.47490548204158783,0.5079710144927536,0.5700866315610668
0.2914,0.522297575778399,0.01409921578492216,0.5158632640201638,0.5435097668557025,0.47561436672967866,0.5083333333333334,0.568167147953117
0.2916,0.521427689988803,0.013863325720560055,0.5135948330182735,0.5439193446754883,0.47600819155639573,0.5076402016383113,0.5659758790555461
0.2918,0.5191236353337574,0.014244030912245754,0.5113579080025205,0.543241965973535,0.47414933837429113,0.5018273471959672,0.5650416171224732
0.292,0.5162585584483407,0.014240925998358106,0.5083490863264021,0.5417769376181474,0.47161310649023314,0.4981726528040327,0.5613810090028878
0.2922,0.5145307684559948,0.014926246674785627,0.5027252678008822,0.5443761814744801,0.4705576559546314,0.4938090737240076,0.5611856633259724
0.2924,0.5130216402828786,0.01560286221732704,0.49855072463768124,0.5454631379962194,0.4705891619407687,0.48834278512917456,0.5621623917105486
0.2926,0.5113502404933751,0.015292571700249353,0.4981411468178954,0.543241965973535,0.4724007561436673,0.48319155639571515,0.5597757771360625
0.2928,0.5091877074955776,0.015479750167801886,0.49431316950220544,0.5425330812854442,0.4713610586011342,0.4798834278512917,0.5578478002378121
0.293,0.5078767068596779,0.016110452207421296,0.491698172652804,0.5432262129804662,0.47206994328922497,0.47402331442974166,0.5583658909461525
0.2932,0.5060903003199622,0.01642271913104424,0.4920289855072464,0.5428166351606805,0.4699275362318841,0.4692659105229994,0.5564124341770003
0.2934,0.5040415008816004,0.016461050236890123,0.4905166981726528,0.5391776937618148,0.46882482671707615,0.4659892879647133,0.5556989977917445
0.2936,0.5018048311462173,0.01666852465144544,0.48711405166981725,0.5344360428481412,0.46479206049149335,0.4659892879647133,0.5566927127569221
0.2938,0.4998793984888044,0.017359225225199237,0.48223062381852555,0.5358853182104599,0.46294896030245747,0.4623188405797102,0.5560132495328691
0.294,0.4975256064407291,0.018129080135794354,0.4755198487712665,0.5351606805293005,0.4618935097668556,0.458301827347196,0.5567521657890266
0.2942,0.4955192252877631,0.01935727437403189,0.47103024574669183,0.5381064902331444,0.45752993068683045,0.4539224952741021,0.5570069644980465
0.2944,0.4957061542049708,0.019755973214577196,0.47025834908632647,0.5406742281033395,0.4567422810333964,0.4535601764335223,0.5572957363682691
0.2946,0.49404373846488625,0.02036143800247056,0.4680214240705734,0.5399810964083176,0.4545368620037807,0.44987397605545054,0.5578053337863088
0.2948,0.4925926905898089,0.021002565878699364,0.4687145557655955,0.5422180214240705,0.4545841209829867,0.4418241965973535,0.5556225581790385
0.295,0.49073013664510645,0.02181530346681326,0.4657687460617518,0.5430371770636421,0.45280403276622555,0.4366729678638941,0.5553677594700187
0.2952,0.48973801009112067,0.02208292679496057,0.46387838689350974,0.5405954631379962,0.4550094517958412,0.4326244486452426,0.5565822999830135
0.2954,0.48658219348239784,0.022789700164998802,0.45970384373030876,0.5395557655954631,0.45100819155639565,0.4275047258979206,0.5551384406319009
0.2956,0.48565566220958917,0.0232918880636752,0.4589634530560806,0.541052299936988,0.45061436672967864,0.4235034656584751,0.5541447256667233
0.2958,0.48398087366682907,0.023827961050731556,0.45636420919974796,0.5417769376181474,0.4499212350346566,0.4191241335853812,0.552717852896212
0.296,0.48247802100234943,0.02425978827714767,0.4566950220541902,0.5425330812854442,0.44732199117832383,0.41507561436672963,0.5507643961270596
0.2962,0.4816147569821857,0.02543968867209329,0.4555923125393825,0.5466446124763705,0.4454631379962192,0.40960932577189657,0.5507643961270596
0.2964,0.4819887935663781,0.025837307598437918,0.45450535601764336,0.5470541902961562,0.44727473219911784,0.4081285444234405,0.5529811448955325
0.2966,0.48114496617615365,0.026321778445761276,0.4563011972274732,0.5485979836168872,0.4457309388783869,0.4038122243226213,0.5512824868354
0.2968,0.480209533271488,0.02669011166826814,0.4559388783868935,0.5490705734089476,0.444281663516068,0.4012129804662886,0.5505435705792424
0.297,0.47901224050643343,0.027298166937293224,0.4548046628859484,0.5505513547574038,0.4431632010081915,0.39719596723377437,0.549346016646849
0.2972,0.4785178346787197,0.02778274468389729,0.4563011972274732,0.5524259609325772,0.4408790170132325,0.3945967233774417,0.5483862748428742
0.2974,0.47716247894472125,0.028161537444009094,0.45554505356017644,0.5513547574039068,0.43720856962822924,0.39281663516068055,0.5488873789706132
0.2976,0.47704044208352026,0.02824070190046876,0.4566950220541903,0.5521424070573409,0.4379174543163201,0.39102079395085065,0.5474265330388992
0.2978,0.4760316832374133,0.028215358715723077,0.45820730938878385,0.5507088846880908,0.4382955261499685,0.3877284183994959,0.545218277560727
0.298,0.47551782365403283,0.028033680311916335,0.461578449905482,0.5485507246376812,0.4371298046628859,0.38632640201638313,0.5440037370477323
0.2982,0.4747949242341775,0.0280521604258838,0.4626181474480151,0.5478260869565218,0.43709829867674854,0.3841524889729048,0.5422795991166978
0.2984,0.47339660005079925,0.028431594105568222,0.46187775677378695,0.5474795211090108,0.4344675488342785,0.3816005040957782,0.5415576694411415
0.2986,0.47377061950926436,0.029027914386590577,0.46748582230623814,0.5485822306238185,0.4326086956521739,0.3783553875236295,0.5418209614404621
0.2988,0.47331147715925714,0.029253397811699267,0.4693289224952742,0.5478418399495903,0.4322621298046629,0.37578764965343414,0.5413368438933244
0.299,0.4716207456348931,0.02964336101806261,0.47307813484562067,0.5437933207309389,0.43191556395715186,0.36920289855072463,0.5401138100900289
0.2992,0.47081448727339054,0.029743680335173984,0.4738500315059862,0.5434152488972905,0.4282136105860113,0.3692186515437933,0.5393748938338712
0.2994,0.47124496222653295,0.030397874969743954,0.4782923755513548,0.5459514807813485,0.4267013232514178,0.3666351606805293,0.5386444708680143
0.2996,0.4715599653589354,0.030362802242320578,0.4822936357908002,0.5433679899180844,0.4295998739760555,0.36411468178954,0.538423645320197
0.2998,0.4715806810666202,0.03072619302003575,0.48453056080655327,0.542643352236925,0.43063957151858856,0.36121613106490236,0.5388737897061321
0.3,0.47278901939049744,0.03087790823536171,0.48780718336483925,0.5426118462507875,0.4316792690611216,0.361231884057971,0.540614914217768
0.3002,0.47286633241528725,0.030930445411479403,0.49188720856962814,0.5400126023944549,0.4320258349086326,0.35978260869565215,0.5406234075080686
0.3004,0.4727626746703752,0.03127832391207044,0.4952110901071204,0.5382010081915564,0.43021424070573405,0.35834908632640194,0.5418379480210633
0.3006,0.47420996505388346,0.031147146947568052,0.501543793320731,0.5345148078134846,0.43275047258979205,0.35869565217391297,0.5435450993714965
0.3008,0.47479112713936455,0.03149425602633452,0.5037807183364839,0.5363264020163832,0.432309388783869,0.3580025204788909,0.5435366060811958
0.301,0.477030079948246,0.03172814614898532,0.5078922495274102,0.5377441713925647,0.4329395085066162,0.3598613736609956,0.5467130966536435
0.3012,0.47780427359676325,0.031855021254058605,0.5105229993698802,0.5391776937618147,0.43292375551354756,0.3601764335223693,0.5462204858162052
0.3014,0.4791931941504082,0.03206572919187124,0.515359168241966,0.5399023314429742,0.4346565847511027,0.3598613736609956,0.5461865126550026
0.3016,0.4806797179692442,0.03257998786731356,0.5182577189666036,0.5456994328922495,0.43494013862633907,0.35954631379962193,0.5449549855614065
0.3018,0.4814425230092172,0.03298164833953516,0.5241965973534972,0.5449275362318841,0.4334751102709514,0.35919974795211085,0.5454136232376423
0.302,0.48222821872422106,0.033267815532653615,0.5302299936988027,0.5449275362318841,0.4319943289224952,0.3595778197857593,0.5444114149821642
0.3022,0.4836007312257343,0.03361493810124458,0.5339634530560807,0.5474795211090107,0.4315847511027095,0.3603182104599874,0.5446577204008833
0.3024,0.48482720730018364,0.03382661974821851,0.5376811594202898,0.549653434152489,0.43303402646502837,0.3603497164461248,0.5434177000169865
0.3026,0.4862005958896757,0.03373191938453245,0.5446754883427851,0.5499054820415881,0.4330182734719597,0.3629332073093888,0.5404705282826566
0.3028,0.4877214246806775,0.03416173185492038,0.5495116572148708,0.551984877126654,0.43516068052930057,0.36219281663516073,0.5397570918974011
0.303,0.48869949689965464,0.034250283103620105,0.5546313799621927,0.551937618147448,0.43434152488972905,0.36403591682419656,0.5385510446747069
0.3032,0.4882120473282313,0.03395594655732877,0.5546313799621927,0.5504253308128544,0.4335381222432263,0.3651543793320731,0.5373110242908103
0.3034,0.4892855392821902,0.033644540752043484,0.55825456836799,0.550047258979206,0.4338846880907372,0.3683994959042218,0.5358416850687957
0.3036,0.4905232311023756,0.034174090781776,0.5630907372400756,0.5507718966603654,0.43604284814114685,0.3669029615626969,0.5358077119075929
0.3038,0.49015635788873607,0.035041360298333296,0.5667454316320101,0.5522211720226843,0.4309073724007561,0.3658475110270951,0.5350603023611347
0.304,0.4914419070182193,0.03535577928403786,0.5741178323881538,0.5518431001890359,0.4264965343415249,0.37022684310018905,0.5345252250721929
0.3042,0.492327290520514,0.0357527762301397,0.578182104599874,0.5518431001890359,0.42386578449905477,0.3720226843100189,0.5357227790045864
0.3044,0.49168022970737796,0.0358896416937184,0.5784971644612475,0.5484719596723377,0.4227630749842469,0.3709672337744171,0.5377017156446408
0.3046,0.49141738297696297,0.036295877065344845,0.5818210459987397,0.5473534971644612,0.4186988027725268,0.37203843730308755,0.5371751316459996
0.3048,0.4916178642313026,0.036815304641390316,0.5850819155639572,0.5480781348456206,0.4164618777567738,0.3720226843100189,0.5364447086801427
0.305,0.49104353638130604,0.03702609220036574,0.5865469439193446,0.5469439193446755,0.41674543163201,0.37022684310018905,0.5347545439103109
0.3052,0.4915195802184579,0.03736057901332813,0.5883427851291746,0.5483774417139256,0.4148865784499055,0.3709987397605545,0.5349923560387294
0.3054,0.4912480700108288,0.03713310454521335,0.5871613106490233,0.5483931947069943,0.416650913673598,0.3702741020793951,0.5337608289451333
0.3056,0.49155197085543756,0.03771137433313975,0.5904851921865154,0.5497479521109011,0.41482356647763063,0.36992753623188407,0.5327756072702565
0.3058,0.49317742445975554,0.03780478678379677,0.591997479521109,0.554473850031506,0.4158632640201638,0.3717706364209199,0.531781892305079
0.306,0.49339140132225606,0.038164292885684986,0.5957624448645242,0.5544580970384373,0.4147448015122873,0.3721802142407057,0.5298114489553253
0.3062,0.49183618514152644,0.03859516666023824,0.5954001260239445,0.5547889098928797,0.4136105860113421,0.36852551984877124,0.5268557839306947
0.3064,0.4918899920354665,0.038815961209497804,0.5964870825456837,0.5551354757403907,0.41208254568367997,0.36887208569628227,0.5268727705112961
0.3066,0.4932108897361128,0.03942664261842441,0.6020793950850661,0.5554977945809704,0.4124291115311909,0.3689035916824196,0.5271445558009172
0.3068,0.4927746947901076,0.03968231203055652,0.601685570258349,0.5573408947700063,0.4123818525519849,0.367044738500315,0.5254204178698828
0.307,0.49324233043041554,0.039595927485856296,0.6027882797731567,0.5569628229363579,0.41091682419659736,0.36959672337744165,0.5259470018685238
0.3072,0.4950685205694432,0.03938911992411081,0.6071991178323881,0.5562381852551985,0.4141776937618148,0.37251102709514805,0.5252165789026668
0.3074,0.4946580891391957,0.039255192814157645,0.6049464398235664,0.5576717076244486,0.4130592312539383,0.37288909892879646,0.5247239680652285
0.3076,0.4953092874209714,0.03879418274243188,0.6060964083175804,0.5573093887838689,0.413768115942029,0.3765595463137996,0.5228129777475794
0.3078,0.4961957541255074,0.03839524584291994,0.6042533081285444,0.5594990548204158,0.4188563327032136,0.3758034026465028,0.5225666723288602
0.308,0.4960410713469566,0.03826044205648594,0.6056710775047259,0.5565374921235035,0.4194864524259609,0.37618147448015116,0.5223288602004417
0.3082,0.4952783626391987,0.03776816124282009,0.6030875866414619,0.5561751732829238,0.41988027725267807,0.37689035916824193,0.5203584168506881
0.3084,0.49475135049737934,0.037737587936296536,0.6034814114681789,0.5550409577819786,0.419486452425961,0.3768588531821046,0.5188890776286733
0.3086,0.4942560824963403,0.036935645148568716,0.6001417769376183,0.5554032766225583,0.41909262759924387,0.38018273471959674,0.5164599966026839
0.3088,0.494618735823778,0.03686343614654837,0.599007561436673,0.558648393194707,0.4227315689981096,0.3787177063642092,0.5139884491251911
0.309,0.49382192069525316,0.03730769114703177,0.5997321991178325,0.5582703213610586,0.4245274102079395,0.37430686830497795,0.5122728044844573
0.3092,0.49349308425675786,0.036617382765807685,0.5982199117832387,0.5575456836798992,0.4245274102079395,0.377583490863264,0.509588924749448
0.3094,0.493113894969414,0.03631279557770689,0.5977788279773157,0.5568367989918084,0.4255671077504726,0.3782608695652174,0.5071258705622558
0.3096,0.492863273332278,0.03527639413595438,0.5951165721487082,0.5557498424700693,0.42701638311279144,0.3822463768115942,0.5041871921182267
0.3098,0.4923353594138892,0.03431993183172417,0.5918084436042849,0.5542848141146818,0.4262602394454946,0.3863421550094518,0.5029811448955326
0.31,0.4930986578888752,0.03371522978547497,0.5915091367359798,0.5531978575929426,0.4280560806553245,0.3892564587271582,0.503473755732971
0.3102,0.4923972143292243,0.032843188514791774,0.588563327032136,0.5509766855702584,0.42804032766225586,0.3921550094517959,0.5022507219296756
0.3104,0.4914692225529985,0.033153951458683155,0.5880907372400757,0.5520793950850662,0.42585066162570895,0.3910365469439193,0.5002887718702226
0.3106,0.49232437325993256,0.03241595107015517,0.5869722747321992,0.5524417139256459,0.4265752993068682,0.3957939508506616,0.4998386274842875
0.3108,0.4918059025745213,0.03202810354867584,0.58588531821046,0.5516698172652804,0.4262129804662885,0.39760554505356016,0.4976558518770172
0.311,0.49151741702504925,0.030611067041340034,0.5809703843730308,0.5506143667296787,0.43062381852551984,0.4008821676118462,0.4944963478851707
0.3112,0.49129467446615094,0.03003424556482131,0.5787019533711406,0.5502047889098929,0.43136420919974794,0.40272526780088214,0.49347715304909123
0.3114,0.4924533546034865,0.02901717131340045,0.5761184625078766,0.55059861373661,0.4364681789540013,0.40565532451165714,0.49342619330728726
0.3116,0.49201315544840557,0.02798220481008482,0.5735349716446125,0.5483616887208569,0.43689350976685565,0.41006616257088846,0.4912094445388143
0.3118,0.49137246647612154,0.027210250581359573,0.5706206679269061,0.5472904851921865,0.4376023944549464,0.41260239445494634,0.4887463903516222
0.312,0.4914535113038897,0.026066440211636243,0.5695022054190296,0.5432577189666036,0.4434152488972904,0.4147920604914933,0.4863003227450314
0.3122,0.4927297504599596,0.0258709576149739,0.571424070573409,0.5428954001260239,0.4470856962822937,0.4159262759924386,0.4863173093256328
0.3124,0.4926776818273237,0.02544462599179029,0.5706836798991809,0.5421392564587271,0.44823566477630744,0.41775362318840575,0.48457618481399695
0.3126,0.4942626625218126,0.024506055235554405,0.5706679269061121,0.5421077504725897,0.45225267800882174,0.4236452425960932,0.48263971462544586
0.3128,0.4960444408337702,0.023576846658181667,0.5695494643982355,0.5431789540012602,0.4573881537492124,0.4284341524889729,0.4816714795311704
0.313,0.49612168856672534,0.023194598131775303,0.569927536231884,0.5410207939508507,0.45926275992438564,0.4299149338374291,0.48048241888907767
0.3132,0.4960967615357025,0.022446611839586912,0.5680844360428481,0.54031190926276,0.4600346565847511,0.4342627599243857,0.4777900458637676
0.3134,0.4968763942081219,0.02176390339373985,0.5651386263390044,0.5424858223062382,0.4637051039697543,0.437224322621298,0.4758280958043145
0.3136,0.4989778520463478,0.02091855993539529,0.563972904851922,0.5439823566477631,0.4681316950220541,0.44199747952110896,0.47680482418889075
0.3138,0.49893484399372384,0.020166554293554094,0.5614051669817266,0.5428796471329552,0.4681789540012603,0.44489603024574664,0.4773144216069305
0.314,0.4982019340511796,0.019792131997916296,0.5591839949590421,0.5428638941398866,0.4663988657844991,0.4482041587901701,0.4743587565823
0.3142,0.49796623748524105,0.019766862193868293,0.5577347195967233,0.5443604284814115,0.4638626339004411,0.45001575299306873,0.4738576524545609
0.3144,0.4985472604241893,0.020117165383499985,0.5607592942659105,0.5450693131695021,0.4627756773787019,0.4536546943919345,0.4704773229148973
0.3146,0.4989256271414518,0.019958959618689646,0.5615154379332072,0.5443604284814114,0.462476370510397,0.45653749212350353,0.46973840665873967
0.3148,0.4985524356048576,0.01994545194781446,0.5611846250787649,0.5439981096408317,0.46435097668557024,0.4561909262759925,0.46703754034312894
0.315,0.4992363536586814,0.019507291646497928,0.5608223062381852,0.5436200378071833,0.46327977315689983,0.46238185255198483,0.46607779853915404
0.3152,0.4983607082729785,0.019279296430272395,0.5590107120352867,0.5424858223062381,0.46550094517958407,0.4616414618777568,0.4631645999660268
0.3154,0.4984921712414301,0.01901693002582046,0.5582230623818527,0.5421235034656584,0.4654694391934468,0.4649495904221802,0.46169526074401224
0.3156,0.4983652765606916,0.01899200746563825,0.55705734089477,0.5428796471329552,0.464413988657845,0.4682262129804663,0.4592491931374215
0.3158,0.4980779566310226,0.018610524214696555,0.5552614996849402,0.5417611846250787,0.464413988657845,0.47115626969124136,0.45779684049600816
0.316,0.49781851577959146,0.01821910718150606,0.554568367989918,0.5395872715816005,0.4644454946439824,0.47222747321991176,0.4582639714625446
0.3162,0.4974970979920192,0.017845827118698775,0.5527567737870196,0.5385003150598614,0.46376811594202894,0.4744171392564588,0.4580431459147274
0.3164,0.4976311303547198,0.017576483257944392,0.5512759924385634,0.5385318210459988,0.4619880277252677,0.477331442974165,0.4590283675896042
0.3166,0.496346760759693,0.017723176499666007,0.5505198487712665,0.5367044738500315,0.4587271581600504,0.47917454316320096,0.4566077798539154
0.3168,0.4950469416180751,0.01837604371293867,0.5516540642722116,0.5356017643352237,0.4536546943919344,0.47989918084436045,0.45442500424664517
0.317,0.4956728104142402,0.01845051627350203,0.5520163831127913,0.5363106490233145,0.45363894139886585,0.48248267170762443,0.45391540682860543
0.3172,0.4950664349769857,0.01850173267926268,0.5520636420919975,0.5341524889729049,0.45148078134845615,0.4846880907372402,0.45294717173432986
0.3174,0.4946207967980028,0.0187676939116722,0.551291745431632,0.535239445494644,0.44930686830497796,0.4850661625708884,0.4521997621878716
0.3176,0.4939092549463114,0.018682248701121586,0.5505828607435412,0.5330655324511657,0.44711720226843105,0.4865469439193447,0.4522337353490743
0.3178,0.49305948653430837,0.018584004142886107,0.5472117202268432,0.5334278512917454,0.44530560806553243,0.48835853812224317,0.45099371496517754
0.318,0.4947364190040341,0.018555102146019343,0.5472274732199118,0.5363894139886579,0.44596723377441705,0.49087901701323255,0.45321895702395104
0.3182,0.49482318382466506,0.019026822287534086,0.548408947700063,0.5367674858223063,0.4430056710775047,0.4927063642091998,0.4532274503142517
0.3184,0.49459369212373894,0.018772295749960668,0.5465973534971645,0.533144297416509,0.4400756143667296,0.49891304347826093,0.4542381518600306
0.3186,0.49259068259830247,0.0195266439981141,0.5455103969754254,0.5309703843730309,0.4334436042848141,0.5014492753623189,0.4515797519959232
0.3188,0.4910798386413989,0.02023281292656867,0.5444234404536863,0.5302457466918714,0.42723692501575306,0.5028985507246376,0.45059453032104646
0.319,0.48993933050608984,0.020061801913953178,0.5414618777567738,0.5273156899810963,0.4242911153119093,0.5050567107750472,0.45157125870562254
0.3192,0.4896236808774879,0.020760433288914536,0.5410680529300567,0.5276622558286074,0.4187618147448015,0.5075771896660365,0.45304909121793785
0.3194,0.48765225975575077,0.021771343337143728,0.5398865784499055,0.5261814744801512,0.40998739760554503,0.5086641461877756,0.4535417020553763
0.3196,0.48776167709676965,0.021508452110397352,0.5372715816005041,0.5283711405166981,0.41145242596093257,0.5086641461877758,0.45304909121793785
0.3198,0.4871629755908081,0.020727488244759396,0.534640831758034,0.5244171392564587,0.41219281663516066,0.5090264650283555,0.4555376252760319
0.32,0.4862072042796336,0.021089179474748667,0.5316477630749843,0.5240390674228104,0.4077819785759294,0.5108065532451166,0.45676065907932734
0.3202,0.4854564996362389,0.02133408132579318,0.5286862003780719,0.5244013862633901,0.4059231253938248,0.5129804662885948,0.4552913198573127
0.3204,0.48441601377507865,0.021734704451837412,0.5260554505356018,0.5251417769376181,0.4019691241335853,0.5129174543163201,0.4559962629522677
0.3206,0.48281350757476266,0.02152694750437737,0.5219911783238815,0.5240705734089477,0.4004883427851292,0.5117674858223062,0.4557499575335485
0.3208,0.4818448304226555,0.0216340699018369,0.5190768746061752,0.523361688720857,0.39792060491493386,0.5121298046628859,0.4567351792084254
0.321,0.4815334627610161,0.02153571268313975,0.5157372400756144,0.5244171392564587,0.39828292375551355,0.5132167611846251,0.45601324953286915
0.3212,0.48106607383821476,0.021897632525722216,0.5157372400756144,0.5233459357277883,0.39610901071203525,0.5146345305608065,0.45550365211482935
0.3214,0.479691199056715,0.022231047026491573,0.51088531821046,0.523755513547574,0.3931789540012603,0.5160838059231254,0.4545524036011551
0.3216,0.4804632857056158,0.022277511717441092,0.5105387523629489,0.5241493383742911,0.3942816635160681,0.5189981096408317,0.45434856463393924
0.3218,0.47915921563741587,0.02252565078915924,0.5082388153749212,0.525252047889099,0.39278512917454317,0.5178638941398865,0.45165619160862924
0.322,0.4792133912696682,0.022061762160859262,0.5034499054820416,0.5252047889098929,0.39465973534971643,0.5196439823566477,0.4531085442500425
0.3222,0.47888490109196846,0.02240791781872932,0.5034971644612477,0.5251732829237554,0.391351606805293,0.5188563327032136,0.4555461185663326
0.3224,0.47830179363092074,0.022723851481295597,0.502441713925646,0.5244328922495274,0.3891619407687461,0.5199432892249527,0.45552913198573125
0.3226,0.4782642588536531,0.022848185126732357,0.4971802142407057,0.5236925015752992,0.3879962192816635,0.5239760554505356,0.4584763037200612
0.3228,0.4776504337250951,0.022633189341443892,0.4930686830497796,0.5244013862633901,0.3890831758034027,0.5239445494643983,0.45775437404450486
0.323,0.47745472787273097,0.022687085059107104,0.4923440453686201,0.5233774417139256,0.389413988657845,0.5258191556395715,0.45631900798369285
0.3232,0.47710500286374263,0.022910987568027154,0.48827977315689974,0.5255671077504726,0.3893982356647763,0.5269376181474479,0.4553422795991168
0.3234,0.4777728816037473,0.022686340768224574,0.48788594833018284,0.5270478890989289,0.39125708884688093,0.5265752993068682,0.45609818243587574
0.3236,0.47687732327881893,0.022148518109259652,0.4838374291115312,0.5241020793950851,0.3927378701953371,0.5269061121613106,0.45680312553083063
0.3238,0.4769247042788308,0.02191450759012817,0.4838059231253939,0.5248267170762445,0.3930686830497795,0.524700693131695,0.4582215050110413
0.324,0.4758980287110674,0.022183820950945003,0.48011972274732206,0.5251732829237554,0.3923597983616887,0.5257561436672968,0.4560811958552743
0.3242,0.47522676121780616,0.02146505210163308,0.4764177693761815,0.5248424700693132,0.3953056080655325,0.5232829237555136,0.4562850348224902
0.3244,0.47640739921322267,0.021108446359117253,0.47388153749212353,0.5281663516068053,0.39932262129804663,0.5229206049149339,0.4577458807542042
0.3246,0.4775450601963957,0.020910050233267127,0.4738500315059862,0.5317737870195337,0.40294580970384375,0.5221487082545684,0.45700696449804656
0.3248,0.4778243460193227,0.02091228720044222,0.4738815374921234,0.5371455576559547,0.405466288594833,0.5180844360428482,0.4545439103108544
0.325,0.47967659455772216,0.02088352224787921,0.47284183994959034,0.5426118462507876,0.4105545053560176,0.5180686830497795,0.45430609818243595
0.3252,0.4802058865619664,0.020785196142430455,0.4735979836168872,0.5429584120982986,0.4123345935727788,0.5188090737240075,0.4533293697978597
0.3254,0.4801540164807294,0.020683929011642347,0.4743068683049779,0.5444549464398236,0.413421550094518,0.5162255828607435,0.4523611347035842
0.3256,0.4818355739671394,0.020691202635040984,0.4769376181474481,0.5484562066792691,0.41740705734089484,0.5154851921865153,0.45089179548156955
0.3258,0.48278614440905476,0.02099669607352445,0.4776937618147449,0.5510239445494645,0.41847826086956524,0.5165563957151859,0.4501783590963139
0.326,0.48332550366495913,0.020776163686502255,0.47810333963453056,0.5524732199117832,0.42065217391304344,0.5147448015122873,0.45065398335315104
0.3262,0.4836884604388746,0.020736114401204125,0.47696912413358533,0.5535601764335223,0.42397605545053557,0.5155166981726528,0.44842024800407676
0.3264,0.48414249825183797,0.02150628527429399,0.47545683679899187,0.5593730308758664,0.4239603024574669,0.5140201638311279,0.44790215729573635
0.3266,0.48450481709241755,0.021314333582595983,0.47700063011972277,0.5611688720856962,0.4260712035286704,0.5103812224322621,0.44790215729573635
0.3268,0.4855771605523004,0.021175385190694847,0.47846565847511036,0.5644454946439823,0.4311594202898551,0.5071361058601134,0.44667912349244093
0.327,0.4865118618673101,0.0204924222613911,0.4777725267800883,0.5625866414618778,0.4348298676748582,0.5090264650283554,0.4483438083913708
0.3272,0.4880278981306091,0.02009696598761257,0.48045053560176426,0.5643509766855702,0.4406427221172023,0.5068525519848771,0.44784270426363176
0.3274,0.4888309887677707,0.020164709495237534,0.48087586641461877,0.5654694391934466,0.4432104599873976,0.5079710144927536,0.44662816375063696
0.3276,0.48857705223207637,0.01984016814925297,0.4782766225582861,0.5640201638311279,0.44505356017643355,0.5087114051669818,0.4468235094275522
0.3278,0.48968089311523294,0.020663317572818,0.47797731568998103,0.5687460617517328,0.44684940138626333,0.5102079395085066,0.4446237472396807
0.328,0.490150306620089,0.020756969394489663,0.4792060491493384,0.5702110901071205,0.4508349086326402,0.5088059231253939,0.44169356208595206
0.3282,0.4901421082134025,0.020450683787225518,0.4792375551354757,0.5694706994328923,0.45374921235034654,0.5073408947700063,0.44091217937829114
0.3284,0.4910458280176681,0.02050716168236598,0.48145872715816,0.5712822936357907,0.4570258349086327,0.5055608065532452,0.43990147783251227
0.3286,0.4912472763404119,0.020810181691338206,0.48145872715816,0.5738500315059861,0.4574196597353497,0.5034026465028355,0.4401053167997283
0.3288,0.4911629048401479,0.020810717163708532,0.48038752362948955,0.5746376811594203,0.4621928166351606,0.5005040957781979,0.43809240699847124
0.329,0.49038843878553334,0.020629558119594955,0.47963137996219285,0.5731568998109641,0.46553245116572156,0.4979836168872086,0.43563784610157974
0.3292,0.492112176402696,0.02044274739345892,0.48078134845620674,0.5739130434782609,0.4709987397605545,0.4987712665406427,0.4360964837778155
0.3294,0.49343408077499057,0.020516581093931827,0.48120667926906113,0.5753780718336484,0.47654379332073094,0.49847195967233776,0.4355698997791745
0.3296,0.49603810592026754,0.020906374094225574,0.48601134215500946,0.5804505356017643,0.48057655954631373,0.49595148078134843,0.43720061151690165
0.3298,0.4971712296561079,0.020697636180564458,0.48864209199747943,0.5801039697542534,0.4823881537492124,0.4970541902961562,0.4376677424834381
0.33,0.4982533540469003,0.020444646901211193,0.49132010081915567,0.5804662885948331,0.4842155009451797,0.49565217391304345,0.43961270596228974
0.3302,0.4996165196476509,0.020520592573150073,0.49434467548834277,0.5812066792690611,0.4853182104599874,0.4978890989287964,0.43932393409206727
0.3304,0.5004754931379888,0.01988114549499749,0.4984404536862003,0.5786704473850033,0.4879017013232514,0.496817895400126,0.4405469678953627
0.3306,0.5001092353801682,0.019458753077458365,0.5010081915563958,0.576086956521739,0.4853497164461248,0.4968494013862633,0.4412519109903176
0.3308,0.5001797141694735,0.018764658884728433,0.5043950850661625,0.5724007561436674,0.48314429741650916,0.49799936988027727,0.4429590623407508
0.331,0.5003536039861842,0.018519155633451048,0.5059073724007562,0.5709199747952111,0.48240390674228095,0.49910207939508505,0.4434346865975879
0.3312,0.5011031997387471,0.01838361910769828,0.5096093257718967,0.5701480781348456,0.48467233774417134,0.49766855702583496,0.4434177000169866
0.3314,0.5019318553402673,0.018278747168834167,0.5133270321361059,0.5690768746061752,0.4894770006301196,0.4951165721487082,0.44266179718022763
0.3316,0.502095439750675,0.018087487375295107,0.5148235664776307,0.567596093257719,0.48988657844990546,0.495526149968494,0.4426448105996263
0.3318,0.5020470804435007,0.01820959008080357,0.5140989287964712,0.5682577189666036,0.49168241965973536,0.49406112161310645,0.44213521318158655
0.332,0.5031848067185084,0.018082176639954334,0.5197227473219912,0.566698172652804,0.4917139256458728,0.4951953371140517,0.4425938508578223
0.3322,0.5033635543547567,0.01753097541003479,0.5224165091367359,0.5634057971014492,0.49247006931316956,0.49447069943289224,0.44405469678953624
0.3324,0.5044459736291631,0.017680328636713837,0.5280403276622558,0.5634057971014493,0.4910365469439193,0.494486452425961,0.44526074401223037
0.3326,0.5039481704853292,0.01749484435731878,0.5287492123503466,0.5608065532451165,0.4939666036546944,0.49193446754883424,0.44428401562765424
0.3328,0.5040518282302413,0.017821230517566768,0.5331915563957151,0.559593572778828,0.4939666036546943,0.4904379332073094,0.4430694751146594
0.333,0.503868075600238,0.017176830590294536,0.5354914933837429,0.5555608065532451,0.492895400126024,0.4896817895400126,0.4457108883981654
0.3332,0.5055788196071165,0.016885182288102006,0.5384845620667927,0.5551197227473219,0.49431316950220544,0.4915563957151859,0.44842024800407676
0.3334,0.5052477685980311,0.01691545326438571,0.541446124763705,0.5532451165721487,0.4939823566477631,0.48818525519848766,0.44937998980805166
0.3336,0.504402554559088,0.017277498302863993,0.5444234404536863,0.5517328292375551,0.4925015752993069,0.48446754883427856,0.44888737897061326
0.3338,0.5035705583704185,0.01738858659259684,0.5455419029615627,0.5505986137366099,0.4921550094517958,0.4797101449275362,0.44984712077458805
0.334,0.5044295971525911,0.0174702720213087,0.5467706364209199,0.5527567737870196,0.48963453056080664,0.480718336483932,0.4522677085102769
0.3342,0.5042749711030113,0.01731556310337921,0.5471172022684311,0.5513074984247007,0.48890989287964715,0.4817895400126023,0.4522507219296755
0.3344,0.503182280673756,0.01628132193628307,0.5452583490863264,0.5458097038437303,0.4882167611846251,0.48216761184625073,0.4544589774078478
0.3346,0.5017338589218991,0.016010264878109748,0.5456206679269062,0.5417769376181475,0.48344360428481414,0.48287649653434156,0.45495158824528625
0.3348,0.500924427484266,0.015354169928528984,0.5448960302457466,0.5380907372400756,0.48271896660365476,0.48101764335223696,0.4578987599796161
0.335,0.5005698789071945,0.015309829955976711,0.5460617517328292,0.5366099558916195,0.4804820415879017,0.47985192186515435,0.45984372345846786
0.3352,0.4992173788881956,0.015089576453143556,0.5460932577189667,0.532955261499685,0.47756773787019535,0.47838689350976676,0.4610837438423646
0.3354,0.49773594248067665,0.015649406849028474,0.5468336483931948,0.5329237555135476,0.47501575299306864,0.4725425330812854,0.46136402242228647
0.3356,0.497107529978853,0.016033099494275414,0.5494171392564586,0.5310649023314429,0.4724480151228733,0.47025834908632647,0.4623492440971633
0.3358,0.4940595144706507,0.015505182969511469,0.546124763705104,0.525252047889099,0.46918714555765595,0.46617832388153746,0.46355529131985734
0.336,0.49354818467827555,0.01501257901556819,0.5431474480151228,0.5248424700693132,0.46923440453686205,0.46398865784499055,0.46652794292508915
0.3362,0.4930921618865017,0.014996304575234643,0.5442344045368621,0.5219124133585382,0.4695652173913043,0.4609955891619407,0.46875318498386276
0.3364,0.4916901540662524,0.016003994260795042,0.5456994328922495,0.5226685570258349,0.4655639571518589,0.4547889098928796,0.469729913368439
0.3366,0.48982530313339784,0.01585022484439552,0.5438405797101449,0.5193761814744801,0.46372085696282295,0.4522211720226843,0.46996772549685745
0.3368,0.48921523549640894,0.016444592160278448,0.5461090107120352,0.518289224952741,0.46264965343415254,0.44930686830497796,0.46972142007813833
0.337,0.4892367256080677,0.016742659214851047,0.5479836168872085,0.5168241965973535,0.4575456836798992,0.449700693131695,0.4741294377441821
0.3372,0.48809026788811627,0.016687678859642237,0.5469124133585381,0.5142564587271581,0.4586641461877757,0.4460302457466919,0.4745880754204178
0.3374,0.4884597019331413,0.017280559059129046,0.5491808443604285,0.5145872715816006,0.45899495904221804,0.44272211720226845,0.4768133174791915
0.3376,0.4892547873632257,0.01774076209297292,0.5510396975425331,0.5148865784499055,0.45899495904221804,0.4401228733459357,0.48122982843553597
0.3378,0.48955089546680935,0.01818463641292215,0.5528827977315689,0.5156112161310649,0.45790800252047886,0.4393667296786389,0.48198573127229494
0.338,0.48907111126381553,0.018649030618310955,0.5539855072463767,0.5148865784499055,0.45604914933837426,0.4372085696282294,0.4832257516561917
0.3382,0.4868671441747535,0.01874101159441043,0.5505986137366101,0.5141461877756773,0.4517170762444865,0.4346565847511027,0.48321725836589097
0.3384,0.486401774482217,0.019579855188245038,0.5498582230623819,0.5170762444864525,0.4528040327662256,0.42736294896030247,0.4849074231357228
0.3386,0.48644928874179316,0.0197311662056633,0.5505198487712666,0.5167139256458728,0.45207939508506617,0.4270321361058601,0.4859011381009003
0.3388,0.48629180697721386,0.02006596641958438,0.549747952110901,0.5192028985507247,0.4531978575929426,0.4241650913673597,0.4851452352641414
0.339,0.48657705951051033,0.019869332923168503,0.5493698802772526,0.5198960302457467,0.4521109010712035,0.42635475740390677,0.48515372855444205
0.3392,0.48617180647200503,0.020093213881095487,0.5482041587901701,0.5199590422180214,0.45064587271581596,0.4242123503465659,0.4878376082894514
0.3394,0.48655470508481036,0.020714589506996683,0.5489760554505356,0.5206836798991809,0.45140201638311284,0.42017958412098294,0.4915321895702395
0.3396,0.4839247917270749,0.020908644181102987,0.5474322621298046,0.5178638941398865,0.44517958412098296,0.4190768746061752,0.49007134363852545
0.3398,0.48390473964131664,0.021157692773525152,0.5469911783238816,0.520526149968494,0.440800252047889,0.42088846880907377,0.4903176490572448
0.34,0.4821667095345024,0.021314678425802126,0.5450693131695022,0.5187618147448015,0.4363894139886579,0.4197857592942659,0.4908272464752844
0.3402,0.482384954449312,0.021950055994044017,0.5469124133585381,0.5206836798991809,0.43319155639571516,0.41981726528040325,0.4913198573127229
0.3404,0.48242986827425866,0.021530570000207704,0.5435885318210459,0.5217863894139887,0.4332230623818526,0.4209829867674858,0.4925683709869203
0.3406,0.48237025361810415,0.02078818726869343,0.5421077504725897,0.519281663516068,0.43434152488972905,0.4235349716446125,0.4925853575675216
0.3408,0.4818887450684596,0.020876424568832742,0.5420762444864524,0.5196912413358539,0.4328607435412728,0.4239287964713295,0.49088669950738917
0.341,0.48158629616440435,0.02110214168382138,0.5416981726528041,0.5200693131695022,0.42887523629489605,0.42542533081285444,0.49186342789196535
0.3412,0.4810856458684344,0.021421448200619246,0.5420447385003151,0.520526149968494,0.4266698172652804,0.42506301197227475,0.4911245116358078
0.3414,0.481128047028103,0.02078901055345644,0.5409262759924385,0.5191241335853812,0.4274732199117833,0.4279773156899811,0.4901392899609309
0.3416,0.4809255465434984,0.020642700265162513,0.5401701323251418,0.519580970384373,0.42603969754253307,0.430166981726528,0.48866995073891617
0.3418,0.4806385953521419,0.021026462720931467,0.5423597983616887,0.5181789540012602,0.42419659735349724,0.4298046628859483,0.48865296415831494
0.342,0.4814425481626289,0.021064747258966794,0.5434310018903592,0.5189350976685569,0.42203843730308765,0.4339004410838059,0.48890776286733484
0.3422,0.4816223790011184,0.02092190123119147,0.5434152488972904,0.5179741650913673,0.41913988657844997,0.43865784499054816,0.48892474944793607
0.3424,0.48110912631069347,0.020595558750823324,0.5404221802142406,0.5176748582230625,0.41550094517958414,0.44376181474480153,0.4881858331917785
0.3426,0.4808470282956615,0.020596583016910183,0.5385790800252048,0.5180529300567107,0.41294896030245754,0.44596723377441716,0.4886869373195176
0.3428,0.48113863019229297,0.019684145288274123,0.5359798361688721,0.5166194076874606,0.4144454946439823,0.4507088846880907,0.48793952777305927
0.343,0.48209031808790404,0.01862651015620196,0.531962822936358,0.516650913673598,0.4173755513547574,0.45477315689981096,0.48968914557499577
0.3432,0.4824995442951045,0.0183287421219624,0.5330497794580971,0.513768115942029,0.41775362318840586,0.45771896660365474,0.4902072362833362
0.3434,0.482967605402696,0.0183035383331161,0.5305293005671078,0.5145715185885319,0.4152016383112792,0.4621455576559546,0.49239001189060644
0.3436,0.48274216607695297,0.01845462132220301,0.5275047258979206,0.5171392564587272,0.4133742911153119,0.46255513547574034,0.49313742143706474
0.3438,0.4831516871677676,0.01872571994132064,0.5252835538752363,0.5186830497794581,0.4093415248897291,0.469533711405167,0.4929165958892475
0.344,0.4825178185163147,0.018217085424077198,0.5197385003150599,0.51471329552615,0.40678954001260237,0.47793005671077504,0.4934177000169866
0.3442,0.4817515679941139,0.017679489121388246,0.516351606805293,0.5117989918084436,0.4071361058601134,0.479773156899811,0.49369797859690856
0.3444,0.47994828565584413,0.018266868475875383,0.5126811594202898,0.5092627599243856,0.4013074984247007,0.4815689981096408,0.49492101240020386
0.3446,0.4788455194120652,0.018018242565075573,0.5089004410838059,0.5074354127284184,0.40055135475740383,0.48264020163831134,0.49470018685238665
0.3448,0.47774310478087145,0.01805677349595355,0.5096093257718965,0.501638311279143,0.39867674858223057,0.48482986767485825,0.49396127059622896
0.345,0.47754149750997277,0.017958281920293157,0.5047574039067422,0.5042690611216131,0.3982671707624449,0.48916194076874603,0.4912519109903177
0.3452,0.47756954088815523,0.018154077175013265,0.5036231884057971,0.5042533081285444,0.3971802142407057,0.4927536231884059,0.49003737047732293
0.3454,0.4781580959359686,0.018826032539070676,0.5023944549464399,0.5045998739760554,0.39459672337744167,0.4996376811594203,0.4895617462204858
0.3456,0.4778942992628766,0.019077594797764566,0.5001575299306869,0.5027882797731568,0.3931159420289855,0.5033553875236295,0.49005435705792416
0.3458,0.477205115047959,0.01906372868938752,0.4942501575299307,0.5017170762444865,0.3927378701953371,0.5069943289224953,0.49032614234754546
0.346,0.47737093115468393,0.01973558130927248,0.49275362318840576,0.5039697542533081,0.3905482041587901,0.5109640831758033,0.4886189909971123
0.3462,0.4774522483885494,0.019679476801807528,0.4901228733459357,0.5035601764335224,0.39127284183994954,0.5131852551984878,0.48912009512485133
0.3464,0.4772923561778759,0.01943519211285635,0.4859955891619407,0.5028512917454316,0.3931159420289855,0.5160838059231254,0.4884151520298964
0.3466,0.47740572099899925,0.019024807665658786,0.4792060491493384,0.5043478260869565,0.39672337744171393,0.5185570258349086,0.48819432648207917
0.3468,0.47767891273896146,0.018562915015038525,0.4755040957781979,0.5054505356017642,0.4003308128544424,0.519628229363579,0.4874808900968236
0.347,0.4789448636144553,0.018185508456618628,0.4725740390674228,0.5058916194076873,0.40477315689981097,0.5225267800882167,0.4889587226091388
0.3472,0.47958555258673935,0.017768492053608455,0.468887838689351,0.5062854442344046,0.4084908632640202,0.5228418399495904,0.49142177679633087
0.3474,0.47991461005415054,0.01739031314910673,0.46482356647763073,0.5070573408947701,0.4125866414618777,0.523913043478261,0.4911924579582131
0.3476,0.47921916424524946,0.017109978366465044,0.4610743541272842,0.5073408947700063,0.414760554505356,0.5231884057971014,0.489731612026499
0.3478,0.47990881085479964,0.01712224100286303,0.45992438563327037,0.5088059231253939,0.4158317580340264,0.5227788279773157,0.49220315950399185
0.348,0.48021636429589876,0.017263436969353903,0.4577347195967234,0.510633270321361,0.41696597353497167,0.5235192186515437,0.4922286393748938
0.3482,0.4795715919080511,0.016859216077367088,0.45434782608695656,0.5088059231253939,0.419533711405167,0.5224322621298046,0.49273823679293355
0.3484,0.4792238518778735,0.017512235097695145,0.44946439823566464,0.5116887208569629,0.41992753623188406,0.5249842470069314,0.4900543570579242
0.3486,0.48007417045386075,0.017420285955555368,0.44533711405166987,0.5127914303717707,0.4246849401386264,0.5260081915563957,0.4915491761508409
0.3488,0.4805318126972068,0.018016682452808713,0.4397763074984248,0.5164303717706364,0.4268903591682419,0.5267643352236926,0.4927976898250382
0.349,0.48123258407206765,0.017907007176741697,0.4375551354757404,0.5197227473219913,0.4309073724007561,0.5256301197227474,0.49234754543910303
0.3492,0.4814959638407397,0.017786072835124095,0.4360586011342155,0.5211405166981725,0.4338846880907372,0.5252205419029615,0.49117547137761164
0.3494,0.48224609263155954,0.01826410776962698,0.43386893509766855,0.5244328922495274,0.43609010712035284,0.5273787019533712,0.4894598267368779
0.3496,0.4824115571256993,0.01930925774028309,0.42789855072463767,0.5287964713295527,0.4379332073093888,0.5291587901701323,0.4882707660947851
0.3498,0.4829834884442551,0.01944659225733606,0.4272054190296156,0.5305293005671079,0.44086326402016385,0.5309703843730309,0.4853490742313572
0.35,0.4825020194978545,0.01974853626143283,0.4256773787019534,0.5349243856332704,0.44163516068052927,0.5283553875236295,0.48191778494988957
0.3502,0.483288512094349,0.020180814345992237,0.42454316320100816,0.5396502835538752,0.44346250787649655,0.5275992438563326,0.4811873619840326
0.3504,0.4833478147411623,0.02077478964764278,0.4212665406427221,0.5429111531190925,0.4453213610586011,0.5272841839949589,0.47995583489043653
0.3506,0.4831859600291951,0.020848826120476723,0.419880277252678,0.5462035286704474,0.44864524259609323,0.5239287964713295,0.4772719551554272
0.3508,0.4827336519146724,0.021082551391935038,0.41657214870825454,0.5483931947069943,0.4526622558286075,0.5209514807813485,0.475089179548157
0.351,0.48266981737231623,0.021510165384251316,0.41545368620037804,0.5523787019533712,0.45488342785129177,0.5187460617517329,0.47188720910480725
0.3512,0.4823298872088907,0.022014107655775935,0.4143982356647763,0.5560176433522368,0.4552614996849401,0.5165563957151859,0.4694156616273144
0.3514,0.4831558770839468,0.021964054034537023,0.4166351606805293,0.5600031505986137,0.45852236925015755,0.5129017013232515,0.46771700356718193
0.3516,0.4812374006828241,0.022588426266426025,0.41343730308758664,0.563311279143037,0.456710775047259,0.5059703843730309,0.4667572617632071
0.3518,0.4809961655496947,0.022724041986742972,0.41529615626969124,0.5669659735349717,0.4592785129174544,0.5008191556395716,0.4626210293867844
0.352,0.481045673350945,0.023074673858310153,0.41379962192816633,0.5691713925645873,0.46112161310649025,0.4982514177693762,0.46288432138610497
0.3522,0.4812896646557852,0.023682474381314402,0.4130907372400756,0.5731568998109641,0.46187775677378695,0.4956679269061122,0.4626550025479871
0.3524,0.4801115618031635,0.023952316395296085,0.41198802772526777,0.5738500315059861,0.4618935097668557,0.49308443604284813,0.45974180397485986
0.3526,0.4795452905374257,0.02395271184207848,0.41208254568367986,0.5746061751732829,0.4644770006301197,0.48827977315689985,0.45828095804314584
0.3528,0.47932103930900266,0.023495618852096698,0.41625708884688095,0.5746376811594203,0.46450850661625714,0.48415248897290486,0.45704943094954986
0.353,0.47820824541680756,0.023929382938216188,0.41594202898550725,0.5760554505356017,0.46269691241335853,0.482703213610586,0.4536436215389842
0.3532,0.4772301871124835,0.024439306378401752,0.4170604914933838,0.5786231884057971,0.4601606805293005,0.4801197227473219,0.4501868523866145
0.3534,0.477744619337365,0.024355959153406957,0.4196754883427851,0.5793320730938879,0.4620037807183365,0.47974165091367355,0.44797010361814166
0.3536,0.4767200678949452,0.024408704763571855,0.4201323251417769,0.5797101449275363,0.46165721487082545,0.4746061751732829,0.4474944793613046
0.3538,0.47539164664829725,0.02465248359030955,0.42049464398235664,0.5804032766225583,0.4605702583490864,0.4701953371140517,0.445294717173433
0.354,0.47428721278683855,0.02494566992516409,0.4216446124763705,0.5814114681789541,0.45874291115311905,0.46728103339634525,0.44235603872940377
0.3542,0.4732019549231595,0.024845420561234767,0.42022684310018904,0.5799779458097039,0.45945179584120976,0.46398865784499055,0.44236453201970444
0.3544,0.4726202341108306,0.024108018162326626,0.4225110270951481,0.5764177693761814,0.4634530560806553,0.4595778197857593,0.441141498216409
0.3546,0.47056291569357755,0.023865677099832134,0.4225267800882168,0.5734877126654064,0.46124763705103977,0.4580970384373031,0.4374554102259215
0.3548,0.4689851433246752,0.02389164456428847,0.42296786389413993,0.5720384373030875,0.4627284183994959,0.45370195337114055,0.43348904365551205
0.355,0.4682401811516602,0.02363651762937339,0.42553560176433525,0.5702110901071203,0.4645715185885318,0.45009451795841204,0.43078817733990143
0.3552,0.46817176119586384,0.0235326916421149,0.4278197857592943,0.569880277252678,0.4646030245746692,0.449007561436673,0.4295481569560048
0.3554,0.4677063176486291,0.022705253254510865,0.43185255198487715,0.5661940768746061,0.46351606805293005,0.4479048519218652,0.429064039408867
0.3556,0.4663751231045432,0.022240368448820092,0.4318840579710145,0.5629017013232513,0.463169502205419,0.4446439823566477,0.4292763716663835
0.3558,0.46483249219254147,0.021750299182531598,0.43530245746691865,0.5588689350976686,0.46244486452425965,0.4431789540012602,0.42436724987260066
0.356,0.4634869623444864,0.021005941303237446,0.4402016383112792,0.55382797731569,0.46137366099558913,0.44136735979836167,0.4206641753015118
0.3562,0.4613282521300926,0.021148737422460522,0.43616887208569627,0.5520321361058601,0.46212980466288595,0.4359010712035287,0.42040937659249195
0.3564,0.45940956861470744,0.02019702507616314,0.4365469439193446,0.545085066162571,0.46250787649653435,0.43520793950850656,0.41770001698658066
0.3566,0.4576807264605007,0.019667875794937218,0.43653119092627596,0.5407687460617516,0.4614366729678639,0.43342785129174544,0.41623917105486663
0.3568,0.45785952226285653,0.01839217294401864,0.4402804032766225,0.5345620667926906,0.46332703213610593,0.43418399495904225,0.4169441141498217
0.357,0.45683902319562,0.01686056135275285,0.44319470699432895,0.5258191556395715,0.4636893509766856,0.4352867044738501,0.416205197893664
0.3572,0.4555710702155883,0.015708717505636887,0.4428481411468179,0.5185727788279774,0.4633742911153119,0.4385790800252048,0.41448105996262957
0.3574,0.4542961524164026,0.014894484228551717,0.4439666036546944,0.5123976055450535,0.4630277252678009,0.4400283553875236,0.4120604722269407
0.3576,0.45340772321057293,0.013873452266832668,0.44371455576559543,0.5048361688720856,0.4644770006301197,0.4436830497794581,0.4103278410056056
0.3578,0.4538253008856462,0.012921229799748286,0.44708569628229367,0.4991178323881537,0.46561121613106493,0.4469754253308129,0.41033633429590627
0.358,0.4527366200172563,0.012437031340135048,0.44855072463768114,0.4921865154379332,0.46743856332703204,0.44810964083175797,0.407397655851877
0.3582,0.4501559987836452,0.01152861512855533,0.44966918714555765,0.47874921235034656,0.46819470699432897,0.45069313169502206,0.40347375573297095
0.3584,0.44969920158789745,0.01137342637215496,0.4530403276622558,0.4715028355387524,0.47077819785759295,0.45143352236925016,0.40174112451163585
0.3586,0.44890356064203923,0.010763156391783992,0.45497794580970385,0.4598771266540643,0.4729678638941398,0.4539855072463769,0.4027093596059113
0.3588,0.4493509285194627,0.011518344271901166,0.45874291115311905,0.4533396345305608,0.4777095148078135,0.45620667926906106,0.400755902836759
0.359,0.4486959952236346,0.012212923571533736,0.4595148078134845,0.4457309388783869,0.4795526149968493,0.46017643352236914,0.39850518090708337
0.3592,0.4481841291819286,0.013019037897993763,0.46327977315689983,0.4380592312539382,0.4802772526780088,0.4627441713925645,0.3965602174282317
0.3594,0.44870027719059724,0.013795174406190137,0.4659735349716446,0.43265595463138,0.48287649653434156,0.46568998109640836,0.3963054187192118
0.3596,0.4478359042796015,0.014638968287177204,0.4674070573408947,0.4261499684940139,0.4847195967233775,0.46608380592312537,0.3948190929165959
0.3598,0.4478491702959829,0.015230813180602779,0.4680844360428481,0.42077819785759296,0.48659420289855077,0.46827347195967234,0.39551554272125017
0.36,0.4487124739193907,0.01601932237156603,0.47224322621298054,0.41934467548834276,0.4873345935727788,0.4708569628229363,0.39378291149991507
0.3602,0.4505610784241633,0.017271460960368128,0.47449590422180216,0.4160680529300567,0.49316320100819155,0.4755671077504727,0.3935111262102938
0.3604,0.45036861950262813,0.018662733175307117,0.47860743541272843,0.41025519848771264,0.49502205419029616,0.4773944549464398,0.390563954475964
0.3606,0.4509835449591546,0.019607701260144113,0.480072463768116,0.40437933207309384,0.49795211090107117,0.480718336483932,0.39179548156956
0.3608,0.45281374787012146,0.02004486199368197,0.4815689981096408,0.40472589792060487,0.4997952110901071,0.4854442344045369,0.39253439782571764
0.361,0.4530594859991293,0.02093622762235895,0.483049779458097,0.4014335223692502,0.5034341524889728,0.48582230623818534,0.3915576694411415
0.3612,0.45434753066816347,0.021795296636196386,0.4871455576559546,0.3992596093257719,0.505671077504726,0.4883585381222432,0.39130287073212167
0.3614,0.45693418925576834,0.022447765263108346,0.49224952741020794,0.3985034656584751,0.5079080025204789,0.49275362318840576,0.39325632750127404
0.3616,0.4582686392935466,0.02311855230670955,0.49560491493383746,0.3981253938248267,0.5097668557025835,0.49533711405166986,0.3925089179548157
0.3618,0.45932353966516415,0.023543002963327626,0.4985192186515438,0.3981253938248267,0.511279143037177,0.4964398235664776,0.3922541192457958
0.362,0.4602467303508237,0.0236377161607012,0.5011027095148078,0.39855072463768115,0.5138468809073724,0.494281663516068,0.39345167317818924
0.3622,0.46183692904029894,0.024068267307482523,0.5073881537492124,0.3999684940138627,0.5145872715816004,0.494281663516068,0.3929590623407509
0.3624,0.4615763225690646,0.02472361479247327,0.5106805293005671,0.3970226843100189,0.5138311279143037,0.49462822936357903,0.39171904195685414
0.3626,0.4623325400910597,0.02455109563640212,0.5140044108380593,0.3973850031505986,0.51208254568368,0.4942974165091368,0.3938933242738237
0.3628,0.46368924287053304,0.025020339579225236,0.517391304347826,0.397416509136736,0.5124921235034657,0.4972274732199118,0.39391880414472563
0.363,0.466716074924628,0.025280185371392143,0.5210459987397605,0.40108695652173915,0.5172337744171392,0.499054820415879,0.3951588245286224
0.3632,0.4669128725420969,0.025604771956422495,0.5239760554505356,0.3988815374921235,0.5165406427221172,0.49903906742281035,0.3961270596228979
0.3634,0.46713523512392446,0.025422483054476232,0.526937618147448,0.399259609325772,0.5136263390044109,0.4982986767485822,0.3975539323934092
0.3636,0.4695494815239628,0.02456691372437135,0.5275677378701953,0.4043793320730938,0.5144139886578449,0.49943289224952736,0.4019534567691524
0.3638,0.4707513939539119,0.024867311778137884,0.5297416509136735,0.4021739130434782,0.516603654694392,0.5001417769376182,0.40509597418039756
0.364,0.47193027656229714,0.024973808733540347,0.5318998109640832,0.4028512917454316,0.5173282923755513,0.5012444864524259,0.40632750127399353
0.3642,0.47363080614329806,0.024411048659412012,0.5329710144927537,0.4032136105860113,0.5169659735349716,0.5023314429741651,0.4126719891285884
0.3644,0.47437777042085083,0.023794828958473107,0.5306395715185885,0.40494643982356643,0.5183837429111531,0.5022999369880277,0.41561916086291834
0.3646,0.47485238800603974,0.023215543754728795,0.5312696912413358,0.4060964083175803,0.5154694391934467,0.50263074984247,0.41879565143536607
0.3648,0.47673196545869273,0.023045134248965985,0.5319628229363579,0.4089634530560806,0.5165879017013232,0.5059231253938248,0.42022252420587736
0.365,0.47751707996933207,0.02292058598777018,0.53122243226213,0.4093415248897291,0.515059861373661,0.5102867044738499,0.42167487684729066
0.3652,0.47863701154348937,0.02242952294458213,0.5315374921235035,0.4122715816005041,0.5139886578449906,0.5117674858223062,0.4236198403261424
0.3654,0.4793725700867707,0.021676928606989276,0.5289855072463767,0.41553245116572146,0.5139256458727158,0.5128544423440453,0.425564803804994
0.3656,0.4798913923847672,0.021413592542757317,0.528134845620668,0.4162728418399496,0.5146187775677379,0.5132010081915565,0.4272294887039239
0.3658,0.48004984121775046,0.02128306581512509,0.5284026465028355,0.41584751102709505,0.5116887208569628,0.5153906742281034,0.42891965347375577
0.366,0.4810955621996242,0.02154959546888534,0.5298834278512918,0.41430371770636426,0.510239445494644,0.5194391934467549,0.4316120264990658
0.3662,0.48185428382403367,0.021425823464567555,0.5287492123503466,0.41354757403906744,0.5091367359798362,0.5227945809703843,0.4350433157805334
0.3664,0.48226244395472007,0.020556617026482583,0.5264807813484562,0.4160680529300567,0.5043793320730939,0.5254253308128545,0.4389587226091388
0.3666,0.4836757017721595,0.01992523467912195,0.5246376811594202,0.4190138626339004,0.5025204788909893,0.5291115311909262,0.44309495498556145
0.3668,0.48334344554002706,0.019279697448840748,0.519029615626969,0.420825456836799,0.5025204788909893,0.5302614996849402,0.4440801766604382
0.367,0.4855622895341791,0.01877788951052984,0.5164303717706364,0.4255198487712665,0.5032136105860113,0.5353654694391934,0.44728214710378805
0.3672,0.4858973790037943,0.018399430755504254,0.5153434152488974,0.4262602394454946,0.5003308128544424,0.536830497794581,0.45072192967555635
0.3674,0.48655378992876663,0.016714275761829652,0.5123503465658474,0.4320888468809073,0.49815689981096406,0.5342785129174543,0.4558943434686598
0.3676,0.4857415027761339,0.016785162976515722,0.5071676118462508,0.4306080655324512,0.4952110901071204,0.5376181474480152,0.45810259894683203
0.3678,0.4848877248032656,0.016681340638964738,0.5034656584751104,0.42908002520478894,0.4907844990548204,0.5390989287964713,0.4620095124851368
0.368,0.48509673359936006,0.015931823161361568,0.5019691241335854,0.43201008191556395,0.48788594833018273,0.5383900441083805,0.4652284695090878
0.3682,0.48531360042831456,0.016127808907426593,0.49977945809703855,0.43117517328292376,0.48711405166981725,0.5405954631379963,0.46790385595379647
0.3684,0.48474882391744806,0.015600664546134034,0.4950378071833649,0.43185255198487715,0.4860270951480782,0.539508506616257,0.47131815865466287
0.3686,0.48505610816352374,0.014923818308174713,0.49426591052299945,0.4340107120352867,0.484247006931317,0.5377441713925646,0.47501273993545096
0.3688,0.48462450184203243,0.014678989333497146,0.491351606805293,0.4354757403906742,0.4802299936988028,0.5381222432262129,0.47794292508917946
0.369,0.4847218444750638,0.014439340186416915,0.48839004410838066,0.4358065532451166,0.4805923125393825,0.5374291115311909,0.48139120095124854
0.3692,0.4832995068111693,0.014485062025772901,0.48319155639571515,0.4354284814114682,0.4755198487712666,0.5370510396975425,0.4853066077798539
0.3694,0.48374913528457447,0.014674239018183986,0.48509766855702585,0.43462507876496537,0.4715028355387524,0.5363106490233145,0.4912094445388143
0.3696,0.48409310926031957,0.015523989794382425,0.48405797101449277,0.43238815374921236,0.4715816005040958,0.5399968494013863,0.4924409716324104
0.3698,0.4837239733099824,0.015373040357112604,0.48221487082545683,0.4316635160680529,0.47120352867044735,0.5374448645242597,0.49609308646169537
0.37,0.48359624535558315,0.01547148750963731,0.4810806553245116,0.43237240075614364,0.4668241965973536,0.5359798361688721,0.5017241379310345
0.3702,0.48331987197662674,0.015127475547284275,0.47700063011972277,0.43561751732829235,0.46469754253308126,0.5341367359798361,0.5051469339222014
0.3704,0.48311624012367355,0.015091773908948499,0.47372400756143673,0.43668872085696286,0.46510712035286705,0.5341839949590422,0.5058773568880583
0.3706,0.4834233172554866,0.014622709324625855,0.4718651543793321,0.43742911153119096,0.4687618147448015,0.5312381852551985,0.5078223203669101
0.3708,0.484736856245255,0.014569701124490051,0.47077819785759295,0.438169502205419,0.47252678008821675,0.5297416509136735,0.5124681501613726
0.371,0.48681339026353176,0.014473174501782145,0.46891934467548835,0.4436200378071834,0.4733459357277884,0.530812854442344,0.5173687786648549
0.3712,0.4859581432243827,0.014729208238385458,0.46739130434782605,0.44034341524889725,0.47481096408317586,0.5279143037177063,0.5193307287243079
0.3714,0.4860732805582645,0.014337911578083425,0.4685727788279773,0.44065847511027095,0.47597668557025835,0.5238657844990549,0.5212926787837608
0.3716,0.4861654844027976,0.013126831085209675,0.47010081915563956,0.44431316950220545,0.4774259609325771,0.5191556395715186,0.519831832852047
0.3718,0.4866824549815476,0.013813853633095305,0.47125078764965345,0.44057971014492764,0.4796471329552615,0.5191556395715186,0.5227790045863768
0.372,0.4869468275072144,0.014666359329414593,0.475346565847511,0.43363264020163833,0.48328607435412724,0.516997479521109,0.5254713776116868
0.3722,0.4883611685268952,0.014559768223047583,0.47830812854442345,0.4350661625708884,0.48437303087586636,0.5158947700063011,0.5281637506369968
0.3724,0.48943413600546054,0.014269199986997874,0.4791115311909263,0.43690926275992437,0.4873345935727788,0.5144454946439824,0.5293697978596908
0.3726,0.488349779918351,0.014750894284971616,0.4757088846880908,0.4343572778827977,0.48771266540642716,0.5148550724637682,0.5291149991506711
0.3728,0.48608171765477304,0.015864276359343902,0.47347195967233774,0.4270478890989288,0.48739760554505357,0.5119407687460618,0.5305503652114829
0.373,0.48643439471097605,0.015821417466516895,0.4768273471959672,0.4255671077504726,0.4907214870825457,0.508301827347196,0.5307542041786988
0.3732,0.48678581837802454,0.015189526484083098,0.4790957781978576,0.4288122243226213,0.4896345305608065,0.5046471329552615,0.5317394258535757
0.3734,0.4863478937335787,0.015655616549513196,0.47953686200378065,0.4258821676118463,0.4914933837429111,0.5021109010712035,0.5327161542381519
0.3736,0.4852316800477466,0.015736686478025386,0.48021424070573404,0.4244171392564587,0.4908002520478892,0.49774732199117827,0.5329794462374724
0.3738,0.4854790772315705,0.016198714157050643,0.4824511657214871,0.42184940138626337,0.4933679899180844,0.4959829867674858,0.533743842364532
0.374,0.4852396317369266,0.015999029510785506,0.4813642091997479,0.4229836168872086,0.4936200378071834,0.4944864524259609,0.533743842364532
0.3742,0.48451788937401086,0.01655628528374072,0.4809388783868934,0.41899810964083184,0.4961877756773787,0.4937145557655954,0.5327501273993545
0.3744,0.4848911119509854,0.01688127993928245,0.48205734089477004,0.4175015752993068,0.5002678008821676,0.49188720856962825,0.5327416341090538
0.3746,0.4847730396956159,0.017140768862775213,0.4869092627599244,0.41600504095778196,0.49990548204158786,0.4875393824826717,0.5335060302361135
0.3748,0.4863560129337773,0.01758974976006498,0.4906427221172023,0.41677693761814744,0.5038594833018274,0.4835381222432262,0.5369627993884831
0.375,0.4868608970306022,0.017708546748569955,0.4906269691241335,0.416398865784499,0.507151858853182,0.48386893509766854,0.5362578562935282
0.3752,0.4866384183149376,0.018782959171694272,0.4910995589161941,0.41167296786389407,0.5111688720856963,0.48204158790170126,0.5372091048072023
0.3754,0.4864356968014173,0.01979860431672414,0.4952583490863264,0.40727788279773147,0.5123030875866414,0.4786862003780719,0.5386529641583149
0.3756,0.4860350034877614,0.020631381195070804,0.4977945809703844,0.40277252678008824,0.5166666666666666,0.47649653434152484,0.5364447086801427
0.3758,0.48692396573184815,0.0209238683430696,0.4989603024574669,0.40275677378701946,0.5206364209199748,0.47578764965343423,0.5364786818413453
0.376,0.48767470141562336,0.021277033665816812,0.5034971644612477,0.4020793950850662,0.5235979836168873,0.47396030245746684,0.5352386614574487
0.3762,0.4873836892862201,0.021311514827614408,0.5020006301197227,0.40247321991178325,0.5258191556395715,0.47211720226843096,0.5345082384915918
0.3764,0.48853255745226554,0.021375222111309343,0.5042375551354757,0.40322936357908007,0.5283553875236294,0.47284183994959045,0.533998641073552
0.3766,0.4892752847178895,0.021484993879994727,0.5050409577819786,0.4036074354127284,0.5327347195967234,0.4732199117832387,0.5317733990147783
0.3768,0.4887319865447443,0.021495299903072432,0.5017170762444864,0.4035759294265911,0.5335223692501574,0.47284183994959045,0.5320027178528962
0.377,0.48929343959418875,0.021547818242429687,0.5020951480781348,0.40359168241965976,0.5357277882797732,0.4743068683049779,0.5307457108883982
0.3772,0.4899215090462907,0.021643535466877934,0.5043635790800252,0.4032136105860113,0.5353654694391934,0.47540957781978577,0.5312553083064379
0.3774,0.4900080667526593,0.02115020378592129,0.507703213610586,0.4053875236294896,0.5334908632640202,0.47394454946439823,0.5295141837948021
0.3776,0.4906404834635584,0.021248602014340572,0.51028670447385,0.40608065532451165,0.5349401386263389,0.4728733459357278,0.5290215729573637
0.3778,0.4904440064182943,0.021162628708070376,0.5099243856332702,0.4075771896660366,0.5345463137996218,0.4699275362318841,0.530244606760659
0.378,0.4899903512582967,0.021219358434955954,0.509294265910523,0.4071833648393194,0.5367359798361689,0.4692028985507246,0.5275352471547478
0.3782,0.49004219565094304,0.021195812995004795,0.5107750472589793,0.406112161310649,0.5363736609955891,0.4713768115942029,0.5255732970952948
0.3784,0.49006885238040654,0.020988646692592206,0.5105072463768116,0.40724637681159426,0.5360270951480781,0.4709987397605545,0.525564803804994
0.3786,0.4907162080771566,0.020481974132977955,0.5120352867044738,0.4095148078134846,0.5363894139886579,0.47279458097038435,0.5228469509087821
0.3788,0.4903986441133684,0.02075965990746437,0.5134845620667926,0.408049779458097,0.5367832388153749,0.47208569628229363,0.5215899439442839
0.379,0.4897971832246224,0.019946027518891792,0.5106017643352236,0.4113106490233144,0.5342312539382483,0.47101449275362317,0.5218277560727025
0.3792,0.491689487768431,0.019345962711981277,0.5134845620667927,0.4153119092627599,0.5342312539382483,0.4735664776307498,0.5218532359436046
0.3794,0.4911516200563243,0.019437555357160633,0.5120352867044738,0.4123818525519849,0.5337901701323251,0.4779143037177064,0.5196364871751317
0.3796,0.49140198320201645,0.018834647245692067,0.5138941398865784,0.41419344675488345,0.5330655324511657,0.48089161940768754,0.5149651775097672
0.3798,0.4916377022454719,0.018635536041366835,0.5142722117202269,0.414161940768746,0.5330655324511657,0.4849086326402016,0.5117801936470189
0.38,0.4911571918046117,0.0178995066298031,0.5124291115311909,0.4177851291745432,0.5338216761184624,0.48344360428481414,0.508306437914048
0.3802,0.4907780592462389,0.018197950816707553,0.5131537492123502,0.4163358538122243,0.5349243856332703,0.4834120982986768,0.5060642092746731
0.3804,0.4913909173063929,0.018568026949939795,0.5146345305608065,0.41521739130434787,0.5363894139886578,0.4848613736609956,0.5058518770171564
0.3806,0.49109564568754394,0.01804120233451585,0.5119880277252677,0.4166666666666667,0.5357120352867044,0.48747637051039694,0.5036351282486835
0.3808,0.4908304366771422,0.01789842167903176,0.5078607435412728,0.4166351606805293,0.5364366729678639,0.49081600504095774,0.5024036011550874
0.381,0.49068948766139525,0.01747945169281859,0.5048046628859483,0.4184625078764966,0.536830497794581,0.49338374291115306,0.49996602683879726
0.3812,0.4912800276880193,0.017499111922009078,0.5043793320730938,0.41958097038437303,0.5390516698172653,0.4956049149338374,0.49778325123152706
0.3814,0.4920313617018862,0.017060731376699518,0.5054977945809703,0.4228733459357278,0.5397920604914933,0.49595148078134843,0.49604212671989123
0.3816,0.4919680944492414,0.017192587974782715,0.5036231884057971,0.42177063642091994,0.5394297416509136,0.4999684940138627,0.49504841175471376
0.3818,0.4922080729821426,0.01704244275643326,0.5010554505356017,0.42321991178323887,0.5401701323251419,0.5032451165721488,0.49334975369458123
0.382,0.4921473579980197,0.01699700982508711,0.49799936988027727,0.4250315059861374,0.5430371770636422,0.5018115942028987,0.49285714285714277
0.3822,0.4925962431078313,0.016790462274264565,0.4991335853812224,0.42651228733459357,0.5430529300567107,0.5021896660365469,0.49209274673008324
0.3824,0.4931094390692853,0.016656132134112194,0.49760554505356025,0.4279773156899811,0.5437303087586642,0.5036231884057971,0.4926108374384236
0.3826,0.49398894951753086,0.016560518977027112,0.4983459357277883,0.42942659105229986,0.5444234404536863,0.5051039697542533,0.4926448105996263
0.3828,0.4934982273266879,0.015875581706633304,0.4938720856962823,0.4330970384373031,0.5428954001260239,0.5076402016383114,0.48998641073551896
0.383,0.4935337771251449,0.01674543830935038,0.4920132325141777,0.4309073724007561,0.5465343415248898,0.5094675488342786,0.4887463903516222
0.3832,0.49549507426625095,0.01686568714617578,0.48977630749842466,0.4352709514807813,0.5498109640831759,0.5160365469439194,0.4865806013249533
0.3834,0.4951286859247609,0.016836612799754735,0.4890044108380593,0.4359640831758034,0.550094517958412,0.5156899810964083,0.48489043655512143
0.3836,0.4971708068647193,0.01672494381699279,0.490012602394455,0.4403119092627599,0.5515280403276623,0.5208097038437304,0.48319177849498895
0.3838,0.49752559359643367,0.016571017238702933,0.4889256458727158,0.44395085066162576,0.5525677378701952,0.5218966603654694,0.4802870732121624
0.384,0.4981209347136241,0.016043548477753106,0.490059861373661,0.4475897920604915,0.5514650283553875,0.5226212980466289,0.47886869373195184
0.3842,0.49946920360766284,0.01605556257654595,0.48958727158160054,0.4523787019533711,0.5532608695652174,0.5258664146187776,0.4762527603193477
0.3844,0.5014860715926038,0.01626700699872207,0.4918241965973536,0.4552772526780088,0.555466288594833,0.5295526149968495,0.4753100050959741
0.3846,0.504976517952204,0.016319417738751278,0.497463768115942,0.46041272841839953,0.558396345305608,0.5339792060491492,0.47463054187192116
0.3848,0.5040528167058043,0.015835762301362563,0.4978890989287965,0.46263390044108377,0.5550409577819785,0.53325456836799,0.47144555800917276
0.385,0.505378594703505,0.016094989290233955,0.5015122873345936,0.46480781348456207,0.5564744801512288,0.5350819155639571,0.46901647698318333
0.3852,0.5048202665640835,0.01617980631156769,0.5000630119722747,0.464760554505356,0.5539224952741021,0.5380119722747322,0.46734329879395275
0.3854,0.5059208605164114,0.015919067022799143,0.4989287964713295,0.470274102079395,0.5546156269691241,0.5391304347826088,0.46665534227959915
0.3856,0.5068123579032929,0.015911535424118828,0.4989603024574669,0.47429111531190926,0.5556553245116571,0.5399180844360428,0.46523696279938853
0.3858,0.5080357855983124,0.015499103981918956,0.500393824826717,0.47756773787019535,0.5545368620037807,0.541398865784499,0.46628163750637
0.386,0.5090508028273291,0.016289524398862845,0.5022999369880277,0.47832388153749206,0.558900441083806,0.5421235034656585,0.46360625106166137
0.3862,0.51074347972726,0.01584812666863146,0.5007718966603656,0.4849558916194076,0.5577189666036547,0.5454158790170132,0.4648547647358587
0.3864,0.5096722194696184,0.01551626752840376,0.4970541902961562,0.48684625078764965,0.5558916194076875,0.543935097668557,0.46463393918804147
0.3866,0.5097048257837241,0.014951066867149303,0.4967076244486453,0.48977630749842466,0.5525992438563327,0.5442974165091368,0.4651435366060812
0.3868,0.5111500487708598,0.014837704892926048,0.49823566477630754,0.4934467548834278,0.5521424070573409,0.5465185885318211,0.4654068286054017
0.387,0.5133995365778238,0.015000444153808107,0.5004883427851292,0.4952741020793951,0.5532136105860113,0.5508821676118463,0.4671394598267368
0.3872,0.5141783242026449,0.015524724015541561,0.4974322621298047,0.4997321991178324,0.555718336483932,0.5523471959672339,0.4656616273144216
0.3874,0.513768074198069,0.015381685056439437,0.4988500315059861,0.5005198487712665,0.5534656584751102,0.5520163831127914,0.46398844912519105
0.3876,0.5147148871484155,0.015287800537562408,0.5029143037177063,0.5027410207939508,0.5520163831127916,0.5531033396345306,0.4627993884830984
0.3878,0.5159911434302125,0.014938713384508064,0.5037334593572779,0.5060018903591682,0.5508979206049149,0.5545526149968494,0.46476983183285203
0.388,0.5157164740611061,0.015187352631637023,0.504521109010712,0.5063957151858853,0.5498109640831758,0.5552930056710774,0.4625615763546798
0.3882,0.515528859044455,0.014575595107021765,0.5042533081285444,0.5060176433522369,0.5464398235664776,0.5556710775047259,0.46526244267029043
0.3884,0.5160263416160842,0.014696337113827515,0.5068683049779458,0.5071361058601134,0.5445967233774416,0.5574826717076243,0.46404790215729574
0.3886,0.5173019824420624,0.014584366907552541,0.5094517958412099,0.5097195967233774,0.5445337114051669,0.5582388153749213,0.46456599286563616
0.3888,0.5182220225291081,0.014560136525432482,0.5117202268431003,0.5097195967233774,0.5430686830497795,0.5608380592312538,0.46576354679802956
0.389,0.5180344556785647,0.014046418195348671,0.5121140516698173,0.5101291745431632,0.5390516698172653,0.5611688720856962,0.4677085102768813
0.3892,0.5173124269948983,0.013803280374491122,0.5110428481411468,0.5097668557025835,0.5361688720856963,0.5611531190926276,0.46843043995243755
0.3894,0.5189569490260225,0.013247284039281989,0.5107120352867045,0.5115942028985507,0.5357592942659105,0.5629804662885949,0.47373874639035163
0.3896,0.5188438790885131,0.013098908150035376,0.5107120352867045,0.513421550094518,0.5349873976055451,0.5618777567737869,0.4732206556820112
0.3898,0.5180676180436233,0.01310925785352814,0.5095778197857592,0.5134373030875867,0.5339319470699433,0.5611216131064902,0.472269407168337
0.39,0.5186619894165148,0.013430252052528803,0.506962822936358,0.5160365469439194,0.5339319470699434,0.5636420919974795,0.4727365381348735
0.3902,0.5181307434738402,0.013323736458819293,0.5069470699432892,0.5160207939508507,0.5313327032136106,0.5636420919974795,0.4727110582639715
0.3904,0.5192801307634896,0.012898186932754819,0.5088216761184625,0.5170919974795212,0.5320415879017013,0.5632797731568998,0.4751656191608629
0.3906,0.5204780957133341,0.012610433043168424,0.5089634530560806,0.5182104599873977,0.5334908632640202,0.5636893509766856,0.47803635128248684
0.3908,0.5206895631216304,0.012291812060476963,0.5071518588531821,0.5204001260239445,0.5317107750472589,0.5637366099558916,0.48044844572787504
0.391,0.5202858497930302,0.01227482129547382,0.5066950220541904,0.5203843730308758,0.529568367989918,0.5641461877756775,0.4806352981144896
0.3912,0.5207185056004875,0.012317281904206313,0.5059073724007561,0.5199590422180215,0.5310491493383742,0.5648865784499055,0.4817903855953796
0.3914,0.5218646175948222,0.01184014635839538,0.5066477630749843,0.5211090107120352,0.5306553245116572,0.5652646502835539,0.4856463393918804
0.3916,0.5226862093690786,0.011514999216361963,0.5114996849401388,0.5181947069943289,0.5281033396345306,0.5671077504725898,0.488525564803805
0.3918,0.5240338462167502,0.011089035846944779,0.5159735349716446,0.515658475110271,0.529174543163201,0.5674228103339634,0.4919398675046713
0.392,0.5252723916473976,0.011463212574965775,0.5169817265280404,0.5174700693131694,0.5288279773156901,0.5706836798991808,0.4923985051809071
0.3922,0.5251988361141768,0.011442508004896573,0.5196124763705103,0.5157372400756144,0.5267013232514177,0.5710775047258979,0.49286563614744355
0.3924,0.526604068387738,0.011878643550129051,0.523708254568368,0.5131222432262129,0.5278040327662256,0.5743226212980466,0.494063190079837
0.3926,0.5272973049778388,0.012376433251467629,0.5229836168872085,0.5153276622558287,0.5270793950850662,0.5775677378701953,0.49352811279089515
0.3928,0.5290699520661601,0.012495107456840526,0.525945179584121,0.5168084436042848,0.5281348456206679,0.5797101449275361,0.4947511465941906
0.393,0.5301835824430899,0.012259060575262336,0.5285129174543164,0.5186042848141147,0.5270321361058601,0.580072463768116,0.4966961100730424
0.3932,0.5304643544580249,0.011903500157214666,0.5310333963453056,0.5204473850031507,0.523755513547574,0.5789540012602394,0.4981314761338543
0.3934,0.531283575389431,0.011559174996032017,0.5340422180214242,0.5211720226843101,0.5241335853812223,0.5777410207939508,0.4993290300662476
0.3936,0.5315964431577316,0.011794939076740589,0.5359168241965974,0.5211877756773787,0.5227788279773157,0.5788122243226214,0.4992865636147443
0.3938,0.5321962792431156,0.011960644724539865,0.5370667926906112,0.5215343415248898,0.5205576559546314,0.5806080655324511,0.5012145405129946
0.394,0.5332821782512043,0.012164851176660874,0.5396660365469439,0.5204631379962193,0.517596093257719,0.583097038437303,0.5055885850178358
0.3942,0.5355145745824881,0.012262900005159122,0.5438248267170762,0.5241178323881538,0.5169029615626968,0.5849558916194078,0.5077713606251061
0.3944,0.5352233018209251,0.01216186098346023,0.5431474480151228,0.5245116572148709,0.5121928166351607,0.5845778197857593,0.5116867674537116
0.3946,0.5364011097899326,0.012020276619334625,0.5436200378071834,0.5263074984247006,0.511436672967864,0.5853024574669188,0.5153388822829964
0.3948,0.5377833946594918,0.011551385005800377,0.5439981096408317,0.5285129174543164,0.5136420919974796,0.5849873976055451,0.5177764565992865
0.395,0.5384310398880663,0.011478835367215884,0.5435727788279773,0.5288752362948961,0.5140044108380591,0.5857435412728419,0.5199592322065569
0.3952,0.5387137658414314,0.011348103068915141,0.5454316320100819,0.5270793950850662,0.5136420919974795,0.5850189035916824,0.5223968065228469
0.3954,0.5389088508861868,0.011502090000032173,0.548062381852552,0.52380277252678,0.5103497164461247,0.5843100189035917,0.5280193647018855
0.3956,0.5395348020999139,0.01186846475430567,0.5492281033396346,0.5249527410207939,0.5074196597353497,0.5854127284183995,0.5306607779853916
0.3958,0.5393171897666502,0.011789080913814032,0.5525362318840579,0.5216288594833018,0.5063327032136106,0.5825141776937619,0.5335739765585188
0.396,0.5395113612608988,0.01218029816497631,0.5574354127284183,0.5204946439823568,0.5056080655324512,0.582151858853182,0.5318668252080856
0.3962,0.5407936720224167,0.011951783091199675,0.5611531190926276,0.52559861373661,0.503780718336484,0.5796156269691242,0.5338202819772381
0.3964,0.5415194667605157,0.011879312964286003,0.5607908002520479,0.528134845620668,0.5037964713295526,0.5803245116572148,0.534550704943095
0.3966,0.5434403396930791,0.011684304276302024,0.5659420289855073,0.5306553245116572,0.5034183994959042,0.5770636420919975,0.5401223033803295
0.3968,0.5447739307686058,0.011657197367953233,0.5689823566477631,0.5317107750472589,0.5034026465028356,0.5752520478890989,0.5445218277560727
0.397,0.5442096701702693,0.011867738572404245,0.5693289224952741,0.5320730938878386,0.5012287334593573,0.5741335853812224,0.5442840156276542
0.3972,0.5427879704397105,0.01212929367465194,0.5682104599873976,0.5298519218651544,0.49799936988027727,0.571912413358538,0.5459656871071853
0.3974,0.5443271954727285,0.0125813573790954,0.5715816005040958,0.532010081915564,0.49651858853182107,0.5716446124763704,0.5498810939357908
0.3976,0.5448702244508501,0.013250066563436438,0.575252047889099,0.529773156899811,0.49502205419029616,0.5709829867674857,0.553320876507559
0.3978,0.5453966382625779,0.0133873626266969,0.5770951480781348,0.5271581600504096,0.49648708254568363,0.5709514807813484,0.5552913198573128
0.398,0.5455143535535724,0.01362913909089309,0.5796471329552615,0.5241650913673597,0.49688090737240076,0.5661940768746061,0.5606845591982335
0.3982,0.5460780811136517,0.013429003780444489,0.580419029615627,0.525252047889099,0.49810964083175807,0.5639886578449905,0.5626210293867845
0.3984,0.5459947221720046,0.01298567040219268,0.580119722747322,0.524448645242596,0.5007246376811594,0.5610743541272842,0.5636062510616613
0.3986,0.5466105098018563,0.012981438358244224,0.5798361688720857,0.5229836168872086,0.5025204788909893,0.5614051669817265,0.566307117377272
0.3988,0.545633291193341,0.012305302333568115,0.5761342155009452,0.5233301827347197,0.5039855072463768,0.5567107750472591,0.5680057754374045
0.399,0.5466117407134942,0.012815990004545143,0.5819943289224953,0.5222904851921866,0.5054347826086957,0.5541272841839949,0.5692118226600985
0.3992,0.5486006220492238,0.013360619740807135,0.5875078764965342,0.5223062381852552,0.506805293005671,0.5566792690611215,0.569704433497537
0.3994,0.547367606622904,0.013959505268450918,0.5879017013232514,0.5230308758664146,0.5024574669187145,0.551543793320731,0.5719041956854085
0.3996,0.5468608536811055,0.014638217710255386,0.5904379332073094,0.5208097038437304,0.5006301197227474,0.5504883427851291,0.5719381688466111
0.3998,0.5451134541960119,0.014942494049450982,0.5859640831758034,0.5193604284814114,0.49700693131695023,0.5476370510396975,0.5755987769661968
0.4,0.5455633518644405,0.014950598009662351,0.5867359798361689,0.521219281663516,0.4980623818525519,0.5439666036546944,0.577832512315271
0.4002,0.5445030606350284,0.014827418657956943,0.5826874606175174,0.5241178323881538,0.4951165721487082,0.541792690611216,0.5788007474095463
0.4004,0.5443530371246161,0.015587606597752093,0.5856805293005671,0.5251890359168242,0.4914303717706364,0.5406899810964083,0.5787752675386445
0.4006,0.5438942067839501,0.01653311233751381,0.5889571518588531,0.5266225582860743,0.4874291115311909,0.5369565217391304,0.5795056905045015
0.4008,0.5439059245275628,0.017053024882573344,0.5900756143667296,0.5284341524889729,0.48596408317580336,0.5333333333333333,0.5817224392729743
0.401,0.544025542379806,0.01746171390035506,0.5919344675488343,0.5302930056710775,0.4848456206679269,0.5307971014492754,0.582257516561916
0.4012,0.5429161971809127,0.0176615664820808,0.5882167611846251,0.5314114681789539,0.48267170762444866,0.5275519848771267,0.5847290640394089
0.4014,0.5426027706857643,0.017928896537265877,0.5874921235034656,0.5346723377441714,0.47867044738500314,0.5286389413988658,0.5835400033973162
0.4016,0.5415398704588592,0.0181300493669764,0.5856332703213611,0.5346250787649653,0.4764650283553875,0.5271896660365469,0.5837863088160353
0.4018,0.541617126754678,0.018343952122442088,0.5875866414618778,0.5346723377441714,0.4765122873345936,0.5257403906742282,0.5835739765585187
0.402,0.5411304258986378,0.018219126571901237,0.586877756773787,0.5353969754253308,0.47756773787019535,0.5224480151228734,0.5833616443010022
0.4022,0.5398504292509989,0.018445661998591493,0.5857435412728418,0.5343257718966604,0.47533081285444234,0.5209829867674858,0.5828690334635638
0.4024,0.5390971241729746,0.01901076814416706,0.5853969754253308,0.5361058601134215,0.4698487712665407,0.5224795211090107,0.581654492950569
0.4026,0.5384523346593998,0.01897716673103626,0.5858223062381852,0.5350346565847511,0.4698015122873346,0.5213925645872715,0.5802106335994563
0.4028,0.5372629935835251,0.01890765734867991,0.5839319470699433,0.5332388153749212,0.46909262759924386,0.5202741020793951,0.5797774757941226
0.403,0.5374527782157326,0.018740987801337282,0.5827819785759294,0.5347038437303088,0.4705419029615626,0.5184310018903592,0.5808051639205029
0.4032,0.5374777277242724,0.018704820630904936,0.5839319470699433,0.5339477000630118,0.470872715816005,0.5188248267170763,0.5798114489553253
0.4034,0.5370248127167943,0.018528707728107205,0.5854127284183994,0.5332230623818525,0.4719911783238816,0.5173440453686201,0.577153049091218
0.4036,0.5356293442484155,0.018267219839311663,0.5820730938878387,0.5310333963453056,0.47200693131695015,0.5158632640201638,0.5771700356718192
0.4038,0.534397451627581,0.018051043622259646,0.5809546313799622,0.5281190926275993,0.473062381852552,0.5136578449905482,0.576193307287243
0.404,0.5344692517737705,0.017697954605796207,0.5817265280403277,0.5255356017643351,0.4762759924385634,0.5133112791430372,0.5754968574825888
0.4042,0.5358430941950314,0.017376760409936236,0.5839319470699433,0.526984877126654,0.4788437303087587,0.5151386263390044,0.5743162901307967
0.4044,0.5356844072074052,0.01741463611374332,0.5842312539382483,0.5266068052930057,0.4781190926275992,0.5158790170132325,0.5735858671649398
0.4046,0.5350772177629326,0.01668587329386834,0.5830497794580971,0.5258506616257088,0.4809546313799622,0.5151386263390043,0.5703923900118906
0.4048,0.5340073837572539,0.016358523578581623,0.5826717076244485,0.5218494013862633,0.4812696912413358,0.5170132325141777,0.5672328860200441
0.405,0.5339337372436079,0.01604801431299339,0.582309388783869,0.522574039067423,0.4797574039067422,0.5214555765595463,0.5635722779004586
0.4052,0.5333146288282288,0.015583559694284578,0.5818683049779458,0.5207781978575929,0.4811909262759924,0.5225267800882168,0.5602089349413963
0.4054,0.5337963584067893,0.015435143240402138,0.5818210459987396,0.5222432262129805,0.4808286074354127,0.525094517958412,0.5589943944284015
0.4056,0.5323636553965467,0.014484554977308568,0.5784499054820416,0.5207939508506616,0.4837271581600504,0.5232671707624448,0.5555800917275353
0.4058,0.53203540337349,0.013953409342173295,0.5754095778197857,0.5182262129804662,0.4863106490233145,0.5231726528040328,0.5570579242398505
0.406,0.5315693668479533,0.013918568478289135,0.5779615626969125,0.5175330812854442,0.48627914303717706,0.5246376811594203,0.5514353660608119
0.4062,0.5320175401697309,0.013366705484296292,0.57643352236925,0.5168399495904221,0.48850031505986136,0.5275834908632641,0.550730422965857
0.4064,0.5319522226464407,0.013179594735012961,0.5760239445494644,0.5123818525519848,0.49097353497164464,0.5301354757403907,0.5502463054187192
0.4066,0.5305458472305933,0.012804039445219705,0.5755986137366099,0.5094517958412098,0.49245431632010084,0.5315689981096409,0.5436555121454052
0.4068,0.5320051331156012,0.013184037846883071,0.5770636420919975,0.508002520478891,0.49270636420919967,0.5373660995589162,0.5448870392390012
0.407,0.5311228916490566,0.01347276873747101,0.5766698172652804,0.5069155639571519,0.4901543793320731,0.539161940768746,0.5427127569220317
0.4072,0.530154994252713,0.013764261393842958,0.5755198487712665,0.5036231884057971,0.48870510396975425,0.5409105229993698,0.5420163071173772
0.4074,0.5291676998296739,0.01380400992667565,0.5735822306238185,0.5021424070573408,0.487224322621298,0.541603654694392,0.5412858841515203
0.4076,0.5277393697668192,0.014182729413256304,0.5727788279773156,0.49812539382482673,0.4857120352867045,0.5422810333963453,0.5397995583489044
0.4078,0.5283067638380425,0.014366400163737051,0.573408947700063,0.4944549464398236,0.48895715185885313,0.5466288594833019,0.5380839137081705
0.408,0.5285980141220887,0.01437787425324166,0.5699747952110901,0.4948487712665406,0.48783868935097663,0.5524732199117832,0.5378545948700527
0.4082,0.5292733339905331,0.014366775159764684,0.5698645242596093,0.4951953371140517,0.48895715185885313,0.5549621928166353,0.5373874639035162
0.4084,0.5302898202858305,0.014612186263366318,0.5698960302457466,0.49590422180214244,0.4892879647132955,0.5597038437303088,0.5366570409376592
0.4086,0.530353096101339,0.014716365916483799,0.5683364839319471,0.4966131064902332,0.4874448645242596,0.5607435412728419,0.538627484287413
0.4088,0.5287577757490928,0.015072649476920625,0.5671865154379332,0.49442344045368625,0.4849086326402016,0.5611058601134216,0.5361644301002209
0.409,0.5298498196821486,0.014840207532767002,0.5675330812854442,0.4951165721487082,0.488169502205419,0.563216761184625,0.5352131815865466
0.4092,0.5297719564933747,0.014667388234340708,0.5671392564587271,0.4936200378071834,0.4903276622558287,0.562822936357908,0.534949889587226
0.4094,0.5288521631238353,0.014685580994679237,0.5641461877756774,0.49215500945179586,0.4898865784499056,0.5643037177063641,0.533769322235434
0.4096,0.5292235082929728,0.015025626746306333,0.5648550724637682,0.4921235034656585,0.48985507246376814,0.5671707624448645,0.5321131306268049
0.4098,0.5298822472464775,0.015407714470333378,0.5655639571518589,0.4917454316320101,0.4890831758034026,0.568935097668557,0.5340835739765585
0.41,0.5295081624961775,0.016157720695665963,0.5674385633270321,0.48875236294896035,0.48802772526780086,0.5706994328922496,0.5326227280448446
0.4102,0.528601825131555,0.015869969578824604,0.5651228733459358,0.4883742911153119,0.48796471329552615,0.5696124763705105,0.5319347715304908
0.4104,0.5289870432100292,0.01621614247939832,0.5647290485192186,0.4883585381222432,0.48755513547574036,0.5728418399495905,0.5314506539833531
0.4106,0.5298675036009517,0.015997470868758253,0.5636263390044107,0.48979206049149343,0.49009136735979836,0.5753623188405796,0.5304654323084763
0.4108,0.5302435508525455,0.01613667027267608,0.5621613106490233,0.487570888468809,0.4911783238815374,0.5764020163831127,0.5339052148802447
0.411,0.5296752946079968,0.016372777340471677,0.5613421550094518,0.487570888468809,0.4885633270321361,0.5767485822306238,0.5341515202989637
0.4112,0.5302916067132422,0.016582700694974098,0.5616414618777569,0.4889729048519219,0.487775677378702,0.5788909892879648,0.5341770001698658
0.4114,0.529673530658102,0.016360338846968657,0.561578449905482,0.48824826717076253,0.4884845620667928,0.5771109010712034,0.5329454730762697
0.4116,0.528920282309049,0.01610628883755563,0.5563484562066794,0.49007561436672964,0.48739760554505346,0.5788279773156899,0.5319517581110922
0.4118,0.5288126032293341,0.01632546055355844,0.5571045998739761,0.49043793320730933,0.4862476370510397,0.5795526149968493,0.5307202310174961
0.412,0.5293751084406393,0.015821079758545544,0.5563484562066792,0.49188720856962825,0.4887838689350977,0.579127284183995,0.5307287243077969
0.4122,0.529811039543411,0.015789435239917268,0.5566950220541902,0.4914618777567738,0.4905954631379963,0.579820415879017,0.5304824188890775
0.4124,0.531018612026178,0.0154266038023991,0.5592785129174543,0.49365154379332077,0.493494013862634,0.5794265910523,0.529242398505181
0.4126,0.5309321420891611,0.015839920186245728,0.5618147448015123,0.4932734719596724,0.49165091367359814,0.5794265910522999,0.5284949889587226
0.4128,0.5303783683227994,0.015962434927266456,0.5600346565847512,0.4939823566477631,0.4898078134845621,0.5804977945809704,0.5275692203159504
0.413,0.5309376918951105,0.015662631508536272,0.5634057971014492,0.4946912413358538,0.48982356647763076,0.5764807813484563,0.5302870732121624
0.4132,0.5316688518024132,0.015731129194877243,0.568194706994329,0.4983301827347195,0.4890831758034027,0.5753623188405798,0.5273738746390352
0.4134,0.5317536145185063,0.016558782857853435,0.5711405166981726,0.4975740390674228,0.48610586011342144,0.5768115942028985,0.5271360625106166
0.4136,0.5312268972603011,0.016234919717114885,0.570431632010082,0.49796786389413983,0.48720856962822934,0.57559861373661,0.5249278070324443
0.4138,0.5293218822158849,0.015959210382523605,0.5685412728418399,0.49907057340894767,0.48648393194706996,0.5736925015752992,0.5188211313062681
0.414,0.5287023060540836,0.01527486986215218,0.5655482041587903,0.5001575299306869,0.4875866414618778,0.571865154379332,0.5183540003397317
0.4142,0.5283579633400263,0.014399511103139036,0.5624921235034657,0.5001417769376182,0.4927536231884059,0.5707151858853181,0.5156871071853235
0.4144,0.5279463748528392,0.013981633556783168,0.5624448645242597,0.5012129804662886,0.493494013862634,0.5681159420289854,0.5144640733820283
0.4146,0.5282634025672964,0.014288499054854159,0.5661940768746062,0.4990233144297417,0.4975267800882167,0.5677693761814745,0.5108034652624427
0.4148,0.5280365509042437,0.013648815830167818,0.5628071833648394,0.4989603024574668,0.5011814744801513,0.5674070573408947,0.5098267368778665
0.415,0.5274869911371151,0.013831486775151329,0.5612633900441084,0.4989603024574668,0.5000630119722748,0.5688248267170763,0.5083234244946492
0.4152,0.5259944920450461,0.013387276468467874,0.5593730308758664,0.5003623188405797,0.4985979836168871,0.5655324511657216,0.5061066757261763
0.4154,0.52646410998827,0.012653249097027053,0.5537964713295527,0.5004725897920604,0.5029143037177064,0.567391304347826,0.5077458807542042
0.4156,0.5269279340839326,0.011892622440206559,0.5542533081285445,0.5027252678008821,0.5087901701323252,0.56411468178954,0.5047562425683709
0.4158,0.5251533073685902,0.011586373628343123,0.5476528040327662,0.5012444864524259,0.5135160680529299,0.5637523629489604,0.4996008153558688
0.416,0.5241359985032115,0.01064239070546107,0.5421077504725897,0.5052614996849402,0.515359168241966,0.5608223062381852,0.4971292678783761
0.4162,0.5228147235013891,0.009972658584973251,0.5352236925015752,0.5096880907372401,0.5157687460617517,0.558947700063012,0.4944453881433667
0.4164,0.5218844261741478,0.009488084804245973,0.5314902331442973,0.5137523629489602,0.5161468178954001,0.5560333963453057,0.4919993205367759
0.4166,0.5206780246629737,0.009480385539693511,0.5295998739760555,0.5148708254568368,0.5154379332073094,0.554174543163201,0.4893069475114659
0.4168,0.5202919358483106,0.009383124341055883,0.5255671077504726,0.5174385633270322,0.518037177063642,0.5530718336483933,0.48734499745201293
0.417,0.5198886677886159,0.009078428497798193,0.5206521739130435,0.5174070573408948,0.5206679269061122,0.5523944549464398,0.48832172583658906
0.4172,0.5190443384005149,0.009753814615168081,0.5153906742281034,0.5178638941398865,0.5221487082545684,0.5542060491493384,0.48561236623067777
0.4174,0.5186081038512657,0.009644643751274846,0.5116572148708254,0.5197542533081285,0.5232514177693762,0.5527567737870196,0.48562085952097844
0.4176,0.5171664510430586,0.009552265189323273,0.5086326402016383,0.5223062381852552,0.5229521109010712,0.5487240075614367,0.48321725836589097
0.4178,0.5167529257431682,0.009675032273931027,0.505671077504726,0.5248739760554505,0.5222432262129805,0.5480308758664146,0.4829454730762698
0.418,0.5167116902033027,0.009400833407341835,0.5022999369880278,0.5260396975425331,0.5226370510396976,0.5469439193446755,0.48563784610157973
0.4182,0.5169130817970753,0.009721535538294404,0.4992753623188406,0.5286389413988657,0.524495904221802,0.5465343415248897,0.48562085952097844
0.4184,0.5166571035535991,0.01007986691369762,0.4944076874606176,0.5294580970384374,0.5245116572148708,0.5476055450535602,0.48730253100050963
0.4186,0.5174470020290775,0.0108065059441607,0.4905954631379962,0.5313484562066793,0.5289855072463767,0.5487397605545052,0.4875658229998302
0.4188,0.517654924411857,0.01139831844710415,0.4898393194706994,0.5313642091997479,0.5308601134215502,0.55059861373661,0.48561236623067777
0.419,0.5169070840463255,0.01232744360064922,0.4820415879017014,0.5325141776937617,0.5346250787649653,0.5494959042218021,0.485858671649397
0.4192,0.5178869202151976,0.012740882414878139,0.4816320100819156,0.5340264650283555,0.5369565217391304,0.5509609325771896,0.485858671649397
0.4194,0.5175770130569755,0.012509787652338978,0.48160050409577815,0.5340264650283555,0.5377599243856332,0.5483931947069942,0.4861049770681162
0.4196,0.5170434444375586,0.013362267662777656,0.4782293635790801,0.5344990548204158,0.5400913673597983,0.548755513547574,0.4836419228809241
0.4198,0.5160561585773831,0.01423606305228856,0.4718336483931947,0.5341839949590422,0.5401701323251418,0.550204788909893,0.48388822829964334
0.42,0.5176578282929643,0.01452997251723962,0.4717391304347826,0.5353654694391934,0.5454001260239446,0.5501890359168242,0.4855953796500764
0.4202,0.5169862402274982,0.015492614735070454,0.46688720856962823,0.5394927536231885,0.5451008191556396,0.5498424700693132,0.4836079497197214
0.4204,0.518040207782166,0.01600798972255474,0.4642407057340895,0.5398865784499054,0.5488342785129173,0.5509136735979836,0.48632580261593344
0.4206,0.5173997430498715,0.016867294884703777,0.4581758034026465,0.5403276622558286,0.5492753623188407,0.5516540642722118,0.4875658229998301
0.4208,0.5172244269811977,0.01752836631166524,0.4532923755513547,0.5400441083805922,0.5518588531821045,0.5508979206049149,0.49002887718702226
0.421,0.5178786115616426,0.01750500178854109,0.45368620037807184,0.5408475110270952,0.5526937618147448,0.5509136735979836,0.4912519109903176
0.4212,0.5192108299031037,0.01796310871706104,0.45296156269691246,0.5446124763705104,0.5531821045998739,0.5531033396345306,0.49219466621369123
0.4214,0.5188278692095375,0.01778668746993874,0.4521424070573409,0.5443289224952741,0.5499684940138627,0.553780718336484,0.49391880414472566
0.4216,0.5176571850078387,0.017826347944287564,0.45058286074354126,0.540752993068683,0.5503938248267171,0.5530875866414618,0.49346865975879056
0.4218,0.5170628050720837,0.018438209498335426,0.44787334593572775,0.539366729678639,0.5522684310018903,0.5537807183364839,0.4920248004076779
0.422,0.5172744935092959,0.0193645378921402,0.44453371140516695,0.5390201638311279,0.5545368620037807,0.556758034026465,0.49152369627993886
0.4222,0.5179556639542726,0.019263884603394163,0.443494013862634,0.5404851921865155,0.55382797731569,0.5560649023314429,0.49590623407508067
0.4224,0.5171537871030216,0.01854619022661566,0.4445967233774416,0.5375708884688091,0.5498267170762445,0.5557025834908632,0.4980720231017496
0.4226,0.5173979261172583,0.018405318397876493,0.44376181474480153,0.536137366099559,0.5505828607435413,0.5543163201008191,0.5021912688975709
0.4228,0.5174620951464727,0.018595578542073613,0.4428954001260239,0.5350661625708885,0.551339004410838,0.5550882167611847,0.5029216918634278
0.423,0.5174388357331294,0.018686765022167384,0.4424385633270321,0.5350661625708885,0.5524102079395086,0.5543320730938879,0.5029471717343299
0.4232,0.5182103497405292,0.019099118878514655,0.44018588531821046,0.5372400756143667,0.5527410207939509,0.5547101449275362,0.5061746220485817
0.4234,0.5173247141689382,0.019238007820423546,0.43676748582230623,0.5361531190926275,0.5483616887208569,0.5547416509136737,0.5105996262952267
0.4236,0.5176953277484195,0.01907352852623594,0.43859483301827346,0.533947700063012,0.5502678008821675,0.5557971014492753,0.5098692033293698
0.4238,0.5175265424687527,0.01846961241996313,0.4408790170132325,0.5336168872085697,0.5462350346565847,0.5565059861373661,0.5103957873280108
0.424,0.5177163356638237,0.01824151265566023,0.4415406427221171,0.5340107120352867,0.5433522369250157,0.5572778827977316,0.5124002038389672
0.4242,0.5178426887434415,0.017822828407811308,0.44231253938248266,0.5358065532451166,0.5400756143667297,0.5554505356017644,0.5155682011211143
0.4244,0.5171524213262826,0.018006481657115953,0.44040642722117196,0.5365469439193447,0.5356962822936358,0.5558286074354127,0.517283845761848
0.4246,0.5167588774685263,0.018361324341975096,0.4377126654064273,0.5347353497164461,0.5342470069313169,0.5558916194076874,0.5212077458807542
0.4248,0.5171049274035076,0.01927658099879925,0.4335696282293636,0.5347353497164462,0.5350031505986138,0.557356647763075,0.5248598607100391
0.425,0.5164470677490555,0.01962567503785441,0.4313169502205419,0.5347826086956522,0.5321045998739761,0.5577189666036547,0.5263122133514524
0.4252,0.5154288742328343,0.020003814657933848,0.4294108380592313,0.5332860743541272,0.5281033396345306,0.5602867044738501,0.5260574146424325
0.4254,0.515953844666872,0.019702268555158102,0.43125393824826724,0.5343415248897291,0.5252047889098929,0.5599558916194076,0.529013079667063
0.4256,0.5171423010919043,0.01982382955845893,0.432010081915564,0.535790800252048,0.5248424700693132,0.5614051669817266,0.5316629862408697
0.4258,0.5168233504793973,0.019952425785832645,0.4312381852551986,0.5372400756143667,0.5229993698802773,0.5610270951480782,0.5316120264990657
0.426,0.5172321003773119,0.020341001358531112,0.42939508506616264,0.536137366099559,0.5255356017643352,0.5610428481411468,0.5340496008153559
0.4262,0.5156061533379808,0.020125265225636024,0.42867044738500315,0.5375866414618777,0.5200693131695022,0.5566950220541903,0.5350093426193308
0.4264,0.5143962581784713,0.020370345976156567,0.4270478890989288,0.5390516698172652,0.515752993068683,0.5563169502205418,0.5338117886869373
0.4266,0.514336422493401,0.020168814920512687,0.42856017643352234,0.5376023944549464,0.5124291115311909,0.5563484562066793,0.5367419738406658
0.4268,0.5144281018625405,0.020085009341962792,0.4293163201008191,0.5412255828607435,0.5098613736609956,0.553780718336484,0.5379565143536607
0.427,0.513846472030637,0.02041148007326312,0.42744171392564595,0.54234404536862,0.5077189666036547,0.5508664146187775,0.5408612196364871
0.4272,0.5149410939208057,0.020133392177347387,0.4311436672967863,0.5423125393824827,0.5048361688720857,0.5530718336483932,0.5433412604042805
0.4274,0.5160037731187952,0.02060097990831586,0.4304347826086956,0.5449275362318842,0.504867674858223,0.553780718336484,0.5460081535586887
0.4276,0.5153985236980996,0.02041770146253017,0.4322621298046629,0.5431159420289855,0.5001260239445495,0.5530088216761184,0.5484797010361815
0.4278,0.5154941505473436,0.020755235899517506,0.43268746061751734,0.5442659105229993,0.4960775047258979,0.5544738500315061,0.5499660268387974
0.428,0.5140823960476391,0.02136182916193632,0.42974165091367367,0.5442344045368619,0.49209199747952104,0.5526622558286074,0.5516816714795312
0.4282,0.5139203459953468,0.021509306399349098,0.4319785759294266,0.5431632010081916,0.4862476370510397,0.5533711405166981,0.5548411754713776
0.4284,0.5130487872362812,0.020940995168998843,0.4345620667926907,0.5405797101449276,0.4840894770006301,0.5504410838059232,0.5555715984372346
0.4286,0.5133063394411169,0.02028567447104569,0.4379332073093888,0.5405797101449276,0.48410522999369887,0.5486137366099559,0.5552998131476135
0.4288,0.5143285938953847,0.020330398054304484,0.44240705734089475,0.543935097668557,0.4789855072463768,0.550047258979206,0.5562680482418889
0.429,0.5138171137177181,0.020624387752058933,0.443935097668557,0.5453056080655325,0.4735349716446125,0.5485979836168872,0.5577119075930016
0.4292,0.5133651829043714,0.020685927036247616,0.44503780718336483,0.5456994328922495,0.4706049149338375,0.5475425330812854,0.5579412264311194
0.4294,0.5134560568291566,0.020488209401078112,0.44878701953371136,0.5467863894139887,0.46728103339634525,0.5465185885318211,0.5579072532699169
0.4296,0.5128649099095772,0.020825615723152037,0.4518115942028985,0.5475267800882168,0.4607277882797732,0.5446439823566477,0.5596144046203498
0.4298,0.5125590636894017,0.02102573113500277,0.4551669817265281,0.5450063011972275,0.4555608065532451,0.5464870825456837,0.5605741464243248
0.43,0.5114279987870705,0.021201384745187072,0.45628544423440454,0.5434940138626339,0.45141776937618144,0.5453686200378071,0.5605741464243248
0.4302,0.5122755751060002,0.021675633036625043,0.45965658475110277,0.5449590422180215,0.4473850031505986,0.5476055450535602,0.5617717003567182
0.4304,0.5115074530629309,0.021972773897970584,0.4611531190926275,0.5423597983616887,0.4436515437933207,0.5461720226843101,0.5642007813827077
0.4306,0.510907395948631,0.023010570919977623,0.4630434782608696,0.541650913673598,0.4359168241965974,0.5487397605545052,0.5651860030575845
0.4308,0.5116554915945326,0.02367029380416688,0.4649968494013863,0.5413201008191556,0.43256143667296787,0.5534656584751103,0.5659334126040428
0.431,0.5107936709520587,0.024065761250273054,0.46685570258349085,0.5413201008191556,0.42775677378701954,0.553087586641462,0.5649481909291659
0.4312,0.5110245749902945,0.02462792220530017,0.47243226212980466,0.541997479521109,0.42184940138626337,0.5531821045998739,0.5656616273144215
0.4314,0.5096970244798354,0.024814914262691678,0.47501575299306864,0.5416509136735981,0.4174543163201008,0.5484562066792691,0.5659079327331409
0.4316,0.5102367610369157,0.02566406054002339,0.479521109010712,0.5398393194706994,0.41235034656584746,0.5506773787019533,0.568795651435366
0.4318,0.5094051078979679,0.02676262603936953,0.480718336483932,0.5409105229993699,0.40534026465028355,0.5517958412098298,0.5682605741464243
0.432,0.5082668796250835,0.02691586547801562,0.4856017643352237,0.536877756773787,0.400945179584121,0.5511184625078765,0.5667912349244097
0.4322,0.5080170891208925,0.027074082470615275,0.4874921235034657,0.5383112791430371,0.39913358538122246,0.547117202268431,0.5680312553083063
0.4324,0.5091112175760482,0.02782939818085394,0.4904694391934468,0.540154379332073,0.39618777567737873,0.5482671707624449,0.5704773229148972
0.4326,0.5092460382573758,0.028977800069077703,0.49382482671707634,0.5401386263390043,0.3899653434152489,0.5515437933207309,0.570757601494819
0.4328,0.5091643865366524,0.0299803967170424,0.4972274732199118,0.5393982356647763,0.38449905482041585,0.5519691241335853,0.5727280448445728
0.433,0.5082638879746247,0.02935499211974785,0.4987712665406427,0.5349401386263389,0.3856175173282924,0.5526937618147448,0.5692967555631051
0.4332,0.5083566334202786,0.029221142810269305,0.5021739130434782,0.5370982986767486,0.3848613736609956,0.5505356017643352,0.5671139799558349
0.4334,0.507102743338119,0.02965157537692696,0.5032608695652174,0.5349243856332703,0.3811751732829237,0.5497952110901071,0.5663580771190759
0.4336,0.5077007244931828,0.029454800946707056,0.5081758034026465,0.5356490233144297,0.3811436672967864,0.5505828607435412,0.5629522677085103
0.4338,0.5057399432646067,0.029927757705385624,0.5097195967233773,0.532703213610586,0.37641776937618143,0.5483931947069943,0.5614659419058944
0.434,0.5049036875864916,0.030226952935142402,0.5074511657214871,0.5315847511027096,0.37466918714555764,0.5498739760554506,0.5609393579072532
0.4342,0.5051411395394614,0.030470444236423446,0.5100976685570259,0.5330340264650284,0.37321991178323877,0.5476843100189035,0.5616697808731101
0.4344,0.506458688090095,0.030438172716482595,0.512775677378702,0.5337901701323251,0.3743068683049779,0.5502520478890989,0.5611686767453711
0.4346,0.5051949378705378,0.030938087140246637,0.5142722117202269,0.5293635790800252,0.3706994328922495,0.5509294265910523,0.5607100390691354
0.4348,0.5053805679083783,0.031243410877501154,0.5177063642091998,0.5292848141146818,0.3689193446754883,0.5512759924385633,0.559716324103958
0.435,0.5051874624906437,0.0313596929303366,0.5188720856962823,0.5299779458097038,0.3678166351606805,0.5512444864524261,0.558026159334126
0.4352,0.5046369356551109,0.03213526545518268,0.5226370510396976,0.530718336483932,0.3630434782608695,0.5511972274732199,0.5555885850178358
0.4354,0.5050978162664224,0.03192765187273158,0.5241335853812223,0.5324984247006932,0.364067422810334,0.550441083805923,0.5543485646339393
0.4356,0.5062952818942852,0.03133093516231545,0.5252835538752363,0.5349558916194077,0.36767485822306234,0.5501732829237554,0.5533888228299644
0.4358,0.50701892681845,0.03141192980870387,0.5313169502205419,0.5359640831758035,0.36735979836168875,0.5509294265910524,0.5495243757431629
0.436,0.5075991871273616,0.031448618340398096,0.5321518588531822,0.5366099558916194,0.36775362318840576,0.5517013232514177,0.5497791744521828
0.4362,0.5077896353814955,0.03177608404668045,0.5340107120352867,0.5380434782608695,0.36628859483301823,0.549102079395085,0.5515033123832174
0.4364,0.5071944671271134,0.03173459793070178,0.5332703213610586,0.5365626969124134,0.3659420289855072,0.5494328922495273,0.5507643961270597
0.4366,0.5064162521437932,0.03235011996623735,0.5332230623818525,0.5343572778827976,0.3625866414618778,0.5531033396345306,0.5488109393579073
0.4368,0.5061122774444862,0.03232940927554086,0.5350976685570259,0.5336011342155009,0.36222432262129806,0.5520163831127914,0.5476218787158146
0.437,0.5065802732602429,0.03187613704403221,0.5354127284183996,0.5324196597353498,0.3647920604914934,0.5516698172652804,0.5486071003906915
0.4372,0.5068012829096268,0.03231049417748573,0.5394770006301197,0.5327662255828607,0.3629332073093888,0.5531190926275993,0.5457108883981654
0.4374,0.5059963544678722,0.03203160281163664,0.5405954631379963,0.5316477630749843,0.3632797731568998,0.5509136735979837,0.5435450993714965
0.4376,0.5065419496291691,0.03117253844920897,0.5424228103339634,0.5311751732829237,0.36759609325771897,0.5486925015752993,0.5428231696959402
0.4378,0.5076528971539075,0.030601272620985404,0.5453056080655324,0.5318840579710146,0.37123503465658475,0.5479678638941399,0.5418719211822659
0.438,0.5084357232392585,0.030087130417669763,0.5460144927536231,0.5300567107750472,0.3744486452425961,0.5468651543793321,0.5447936130456938
0.4382,0.5097120672904071,0.030378282654249845,0.5474480151228732,0.5318683049779459,0.3744486452425961,0.5505198487712665,0.5442755223373535
0.4384,0.5079748907940547,0.03030931240974652,0.5426118462507876,0.5307340894770006,0.37295211090107117,0.5482986767485822,0.5452777305928317
0.4386,0.5084059555144252,0.029769292660796715,0.5422022684310018,0.5307971014492754,0.3758506616257089,0.5501102709514808,0.5430694751146594
0.4388,0.5079303965494228,0.029389290877882147,0.541446124763705,0.5314744801512287,0.37692186515437937,0.5479206049149339,0.5418889077628674
0.439,0.5070613643702886,0.028687241739737322,0.5381064902331444,0.5317895400126024,0.37909577819785756,0.546124763705104,0.5401902497027349
0.4392,0.5069628336399373,0.02821145217592796,0.5376811594202898,0.5302772526780088,0.3812381852551985,0.5468966603654695,0.5387209104807201
0.4394,0.5077719958825471,0.027879658637115317,0.5358380592312539,0.5332703213610586,0.3834278512917454,0.5468809073724008,0.5394428401562765
0.4396,0.5067514004830953,0.027698975227298746,0.5331758034026465,0.5336641461877757,0.3831285444234404,0.5435727788279774,0.5402157295736367
0.4398,0.5085709945412814,0.026394168539255265,0.5316792690611216,0.5377284183994958,0.39075299306868305,0.5424700693131694,0.5402242228639376
0.44,0.5086192971194848,0.025844299322704083,0.5313327032136106,0.5366257088846881,0.39325771896660366,0.5413673597983617,0.5405129947341599
0.4402,0.5101088099128847,0.025500266427087616,0.5298519218651545,0.5392249527410208,0.39650283553875243,0.5453686200378072,0.5395957193816885
0.4404,0.509776281274655,0.02380849978903932,0.5279773156899812,0.5359955891619407,0.4037649653434152,0.5435097668557025,0.5376337693222355
0.4406,0.5095502436188202,0.023012845700988476,0.5242281033396344,0.5341367359798361,0.40740390674228105,0.5431001890359168,0.5388822829964328
0.4408,0.509446824028551,0.023152437013438706,0.5238185255198486,0.5359955891619407,0.4066320100819155,0.5416509136735981,0.5391370817054526
0.441,0.5082856483516649,0.022773341070994442,0.5212035286704474,0.5342312539382483,0.40730938878386896,0.5397763074984248,0.5389077628673349
0.4412,0.5092406880731833,0.022362713773397422,0.520872715816005,0.5356962822936358,0.41020793950850665,0.5408160050409577,0.5386104977068117
0.4414,0.5092937291260131,0.02156675307557536,0.519785759294266,0.5382010081915565,0.4138626339004411,0.5389729048519218,0.5356463393918803
0.4416,0.5097050623328302,0.02102963733431059,0.5190296156269693,0.5396817895400126,0.4167926906112161,0.5371455576559546,0.5358756582299983
0.4418,0.5107422161697048,0.02095865779784597,0.5197700063011972,0.54294265910523,0.41827347195967235,0.5363736609955891,0.5363512824868354
0.442,0.5098460423889575,0.01973680769910878,0.5167926906112161,0.5407372400756143,0.4230466288594833,0.5330497794580971,0.535603872940377
0.4422,0.5098073730322674,0.01837262968361807,0.5141146817895401,0.5414461247637051,0.42961562696912414,0.5297258979206049,0.5341345337183625
0.4424,0.5106766037628006,0.017705937872846942,0.5130119722747322,0.5422180214240706,0.43399495904221796,0.5275519848771266,0.5366060811958552
0.4426,0.5127534722679356,0.01686338162916691,0.5144770006301197,0.5418399495904221,0.43982356647763077,0.5285916824196597,0.5390351622218448
0.4428,0.51311130202729,0.0164298199050436,0.5130434782608697,0.5447385003150599,0.4430686830497795,0.5252205419029615,0.5394853066077798
0.443,0.5124691782401796,0.01571198096879537,0.5118462507876498,0.543289224952741,0.44596723377441716,0.5222589792060491,0.5389842024800408
0.4432,0.5118419880871301,0.01487441943584683,0.509593572778828,0.5392249527410208,0.4499684940138626,0.5185255198487713,0.541897401053168
0.4434,0.5110988155526007,0.014774775641825109,0.5058916194076875,0.5374133585381223,0.45069313169502206,0.5181632010081916,0.54333276711398
0.4436,0.5126460714812866,0.013826722929783713,0.5022054190296157,0.5410838059231253,0.45942028985507255,0.5159735349716446,0.5445473076269747
0.4438,0.5123997435850505,0.01329973431070034,0.500740390674228,0.5370825456836799,0.46264965343415254,0.5145242596093258,0.5470018685238662
0.444,0.5116416063760795,0.01254575257411815,0.49700693131695023,0.5337901701323252,0.4677378701953371,0.5119407687460618,0.5477322914897231
0.4442,0.5117295453793772,0.012325044088167312,0.4966603654694392,0.5312066792690611,0.47062066792690616,0.5097353497164462,0.5504246645150332
0.4444,0.5126013508559493,0.011623397060115873,0.4966446124763705,0.531915563957152,0.47572463768115936,0.5090107120352866,0.5497112281297775
0.4446,0.5141741235828862,0.011376575954915666,0.4951953371140516,0.5311909262759924,0.48041902961562694,0.5119250157529931,0.552140309155767
0.4448,0.5149473078838606,0.011755309901162981,0.4951953371140516,0.5312381852551986,0.4807971014492753,0.5122400756143668,0.5552658399864108
0.445,0.5173904908757871,0.011224388883175982,0.497463768115942,0.5323251417769376,0.4869880277252678,0.5129647132955262,0.5572108034652624
0.4452,0.5185058455993679,0.011912656711343223,0.4952425960932577,0.5330812854442344,0.48911468178954004,0.5129962192816635,0.5620944453881433
0.4454,0.5201266570612745,0.011500457868533718,0.4963610586011343,0.5334278512917454,0.4935097668557026,0.5144927536231884,0.5628418549346017
0.4456,0.5206199539981562,0.010931499584373755,0.49528985507246376,0.5315847511027094,0.4994171392564587,0.5144927536231885,0.5623152709359606
0.4458,0.5212438292526471,0.010582505538700278,0.4937775677378702,0.5290327662255828,0.5056395715185885,0.5152331442974165,0.5625360964837778
0.446,0.5219246705625555,0.010746429541841834,0.49267485822306234,0.5290800252047889,0.5077977315689981,0.5163201008191557,0.5637506369967725
0.4462,0.5234172178207318,0.010475807630627266,0.4945967233774417,0.5273156899810963,0.5129017013232515,0.5170604914933836,0.5652114829284864
0.4464,0.5242215308066678,0.01059748568330381,0.49387208569628227,0.5287807183364839,0.5162098298676748,0.5163201008191556,0.5659249193137421
0.4466,0.5255055712666262,0.010024844688979998,0.4972747321991179,0.5280245746691872,0.5228733459357278,0.5141776937618147,0.5651775097672838
0.4468,0.5271396401820508,0.009768138312734792,0.49839319470699445,0.5283711405166982,0.5243383742911153,0.5189508506616257,0.5656446407338203
0.447,0.5264323888601855,0.009981040271264448,0.49462822936357914,0.5280245746691872,0.5228575929426592,0.5221959672337744,0.5644555800917276
0.4472,0.5282632553930788,0.009821840034803611,0.49724322621298056,0.5291115311909262,0.5261342155009452,0.5229363579080025,0.5658909461525395
0.4474,0.5302131414481236,0.00948985197541957,0.5027252678008821,0.5257876496534342,0.5279458097038436,0.5262444864524259,0.5683624936300322
0.4476,0.5310480586436274,0.009495643377636684,0.50382797731569,0.5260869565217392,0.5293635790800252,0.5266225582860743,0.5693392220146084
0.4478,0.5324020362917705,0.009542233198825995,0.50526149968494,0.5279143037177063,0.527536231884058,0.5302772526780088,0.5710208934941396
0.448,0.5321424819823971,0.009656825108779838,0.5048991808443605,0.5261027095148079,0.532750472589792,0.5259136735979836,0.5710463733650416
0.4482,0.5331045716165264,0.009699542911913224,0.5060333963453056,0.5256931316950221,0.53648393194707,0.5255356017643353,0.5717767963308986
0.4484,0.5339062103131342,0.009303359327171702,0.5090107120352867,0.5231253938248267,0.5398550724637681,0.5269691241335853,0.5705707491082045
0.4486,0.5349264230596203,0.0096278838198037,0.511231884057971,0.5220541902961562,0.5424543163201008,0.5258664146187776,0.573025310005096
0.4488,0.5354731667149932,0.009575946492770064,0.5123660995589162,0.5183522369250156,0.5450535601764335,0.5295368620037807,0.5720570749108205
0.449,0.5364180342897731,0.009734170099863073,0.5156899810964084,0.514319470699433,0.5513547574039067,0.5298834278512917,0.5708425343978256
0.4492,0.5370366262574432,0.009754346949597245,0.5160050409577821,0.5136263390044109,0.5561751732829239,0.5309546313799622,0.5684219466621369
0.4494,0.5366535917091786,0.009695331535142213,0.5174858223062382,0.5110743541272841,0.5547101449275361,0.5320258349086326,0.5679718022762017
0.4496,0.5372596155338479,0.009774080304064752,0.5212192816635162,0.510333963453056,0.5551197227473219,0.530166981726528,0.5694581280788177
0.4498,0.5381189235110437,0.00990527547301242,0.5249212350346566,0.5074669187145557,0.5580182734719596,0.5319785759294267,0.5682096144046204
0.45,0.538560795635594,0.009499609674336508,0.5264335223692502,0.5096093257718965,0.5580340264650283,0.5312224322621297,0.5675046713096654
0.4502,0.5390110845198518,0.009631047903775818,0.5311909262759925,0.5078607435412728,0.5587744171392564,0.5297416509136736,0.5674876847290641
0.4504,0.5400734431456364,0.00939542179293361,0.5311909262759924,0.5097038437303087,0.5592312539382484,0.5322778827977315,0.5679633089859012
0.4506,0.5401395318618266,0.009265881000220296,0.5348771266540642,0.5086168872085696,0.559940138626339,0.5314744801512288,0.5657890266689315
0.4508,0.5407352641948463,0.008844484529027216,0.5370352867044739,0.5097826086956523,0.562177063642092,0.5325614366729678,0.5621199252590454
0.451,0.5420191232291329,0.008473855519001306,0.5393037177063642,0.5138626339004411,0.5633112791430371,0.531064902331443,0.5625530830643792
0.4512,0.5436643425984589,0.008328564417212204,0.5448960302457468,0.513468809073724,0.5626023944549464,0.5343257718966604,0.5630287073212161
0.4514,0.5451315716097831,0.007449480697986869,0.5467863894139887,0.5185727788279774,0.5604442344045368,0.5358065532451166,0.5640479021572957
0.4516,0.5446695821076396,0.0071172557470151505,0.5486294896030246,0.518982356647763,0.5564902331442975,0.5354442344045369,0.5638015967385765
0.4518,0.5448588561791068,0.007183935492190447,0.5504253308128544,0.5182262129804662,0.5569313169502206,0.5358695652173913,0.5628418549346016
0.452,0.546082921807462,0.006054745973940123,0.5518903591682419,0.5244801512287335,0.5555135475740391,0.536877756773787,0.5616527942925089
0.4522,0.5466350563206296,0.006301097286231004,0.5566950220541902,0.5222747321991178,0.5548519218651544,0.5393824826717075,0.5599711228129778
0.4524,0.5481707930571018,0.005734195559223101,0.5604442344045368,0.5256143667296787,0.5512602394454946,0.5437933207309388,0.5597418039748598
0.4526,0.5486294162835053,0.005816756369870343,0.5645242596093258,0.5259766855702583,0.5490705734089477,0.546313799621928,0.5572617632070663
0.4528,0.5494528057239318,0.005911281838246609,0.5685727788279773,0.528182104599874,0.549102079395085,0.5455891619407687,0.5558179038559536
0.453,0.5525388751330054,0.006178011424898267,0.5764020163831127,0.533695652173913,0.5491178323881538,0.5488500315059861,0.554628843213861
0.4532,0.5534132724813434,0.006171975704041689,0.5786389413988658,0.5373503465658476,0.5458884688090737,0.5525047258979207,0.5526838797350094
0.4534,0.5540003102967685,0.007256531092752198,0.5849558916194078,0.5381222432262129,0.5444864524259609,0.5514177693761815,0.5510191948360795
0.4536,0.554766192080657,0.007058503459009115,0.5856962822936358,0.5473377441713925,0.5412098298676747,0.5502835538752363,0.5493035501953457
0.4538,0.5560014648918847,0.008535684701877988,0.5931474480151229,0.5499212350346566,0.5382955261499686,0.550299306868305,0.5483438083913708
0.454,0.5571683691244976,0.008242609298004586,0.5916666666666667,0.5546628859483302,0.5361531190926275,0.5513547574039068,0.5520044165109563
0.4542,0.5572534748903124,0.00907735683545581,0.5945967233774417,0.5572306238185256,0.5332388153749212,0.5509294265910524,0.5502717852896213
0.4544,0.5583679899180843,0.009549775087317396,0.5963925645872716,0.5612476370510396,0.53145872715816,0.5527410207939508,0.55
0.4546,0.5592276013417579,0.011217900876233845,0.6027410207939508,0.5667611846250789,0.5274574669187145,0.5501890359168243,0.5489892984542211
0.4548,0.5593931707309763,0.011654925985545872,0.6041902961562697,0.5682734719596724,0.5263705103969755,0.5508664146187775,0.5472651605231867
0.455,0.559496837038752,0.012151619923229755,0.6045526149968494,0.5693919344675489,0.5223534971644612,0.5541587901701324,0.5470273483947683
0.4552,0.5593854175931952,0.012397380181755771,0.6049306868304977,0.5697700063011972,0.5208412098298677,0.5541115311909263,0.5472736538134874
0.4554,0.5599519751796838,0.013793738795676419,0.612775677378702,0.5683049779458097,0.5190138626339005,0.5526465028355387,0.5470188551044675
0.4556,0.5605483400942493,0.014084970770543227,0.6131852551984877,0.5708884688090737,0.5174858223062382,0.5544265910523,0.546755563105147
0.4558,0.5618231926016003,0.014764044379434228,0.6143509766855703,0.5760081915563957,0.5141776937618147,0.5566005040957782,0.5479785969084423
0.456,0.5622225699101616,0.01541605202445993,0.6162413358538122,0.5800567107750473,0.5130592312539383,0.5548046628859483,0.5469509087820621
0.4562,0.562205668423017,0.016189891052245196,0.6173282923755513,0.5830025204788909,0.5093730308758664,0.5541272841839949,0.5471972142007815
0.4564,0.560753290628192,0.01658689772236273,0.6158317580340265,0.5848613736609957,0.5064744801512286,0.5501575299306868,0.5464413113640224
0.4566,0.5596993005960075,0.01665402799951364,0.6154379332073094,0.5845148078134845,0.50645872715816,0.544675488342785,0.547409546458298
0.4568,0.5592061481574484,0.017902710236931994,0.6180214240705734,0.5871140516698172,0.501244486452426,0.5439823566477631,0.5456684219466621
0.457,0.5593396785222724,0.018793987232379652,0.6198960302457467,0.5900283553875237,0.4979048519218652,0.5432262129804662,0.5456429420757601
0.4572,0.5591084030698293,0.018509903661155035,0.6180371770636421,0.5907844990548204,0.4990075614366729,0.541398865784499,0.5463139120095125
0.4574,0.5581211482500342,0.0189692387670667,0.6195022054190297,0.589020163831128,0.4964555765595463,0.5417769376181474,0.5438508578223203
0.4576,0.5581922735355389,0.01909846012993936,0.6191083805923125,0.5915563957151859,0.4971329552614997,0.5388626339004412,0.5443010022082555
0.4578,0.5581376697601081,0.019184586887999903,0.6183364839319471,0.5931001890359168,0.4967391304347826,0.5385003150598614,0.5440122303380329
0.458,0.5575637588145316,0.019356261217894622,0.6172022684310019,0.5956679269061121,0.4974480151228734,0.5344990548204159,0.543001528792254
0.4582,0.5566801959911027,0.019307166386607694,0.61351606805293,0.5983144297416509,0.4974322621298047,0.5309073724007561,0.543230847630372
0.4584,0.5578297363419382,0.019430122491760904,0.6127441713925645,0.6026937618147448,0.4988185255198488,0.5304977945809705,0.5443944284015628
0.4586,0.5576605143562294,0.019757431251266742,0.6127126654064272,0.6048676748582229,0.5001890359168242,0.5254253308128545,0.5451078647868185
0.4588,0.5578585343224726,0.01922319739767868,0.6112161310649022,0.6033868935097668,0.501984877126654,0.5247006931316951,0.5480040767793444
0.459,0.5580980055057072,0.019246717024844456,0.6112633900441085,0.6030403276622558,0.5019533711405166,0.5232986767485822,0.5509342619330729
0.4592,0.557793897546836,0.019033525495867565,0.6119565217391305,0.6008506616257089,0.5030560806553245,0.5229363579080024,0.5501698658060132
0.4594,0.5574422753283884,0.019105213595925277,0.6116414618777568,0.6012602394454947,0.5022999369880277,0.5235979836168871,0.548411754713776
0.4596,0.5568156096507326,0.018445461113916862,0.6071518588531821,0.6012759924385633,0.5041115311909262,0.5228890989287965,0.5486495668421947
0.4598,0.5567469601031568,0.01912153215736711,0.6079552614996848,0.6038437303087587,0.5037492123503465,0.518840579710145,0.5493460166468489
0.46,0.5571135780364262,0.018686881676629918,0.6064272211720226,0.6042060491493384,0.5055135475740391,0.5203213610586012,0.5490997112281297
0.4602,0.556105196491495,0.01867128075301386,0.6019533711405167,0.6060333963453056,0.5040012602394455,0.519234404536862,0.5493035501953456
0.4604,0.5554573612743854,0.018585280357475215,0.6011657214870826,0.6056710775047259,0.5043163201008192,0.5188090737240075,0.5473246135552914
0.4606,0.5542638656041438,0.01812576719228192,0.5951953371140517,0.6070888468809074,0.5049779458097039,0.519187145557656,0.5448700526583998
0.4608,0.552649641660215,0.018564318294486102,0.5951323251417768,0.6063484562066792,0.5016225582860744,0.5177378701953372,0.5424069984712079
0.461,0.5522768102990698,0.019031293239639493,0.5958884688090738,0.6074984247006932,0.4990075614366729,0.5188248267170763,0.5401647698318328
0.4612,0.5508167189697077,0.01880091020304952,0.5926118462507877,0.6067422810333962,0.49821991178323877,0.5188248267170763,0.5376847290640395
0.4614,0.5506480214593924,0.019091388448055968,0.5937303087586642,0.6067737870195338,0.49563642091997473,0.5213768115942028,0.5357227790045863
0.4616,0.5490025211211057,0.019124304036281275,0.5892879647132955,0.6082230623818525,0.4948015122873346,0.5213768115942028,0.5313232546288431
0.4618,0.5475507416563725,0.018942365458884,0.5870352867044739,0.6070730938878386,0.4958412098298677,0.5177378701953371,0.5300662476643451
0.462,0.5465236208197037,0.019166391708211883,0.5867044738500315,0.6067107750472591,0.49395085066162564,0.5181159420289855,0.5271360625106165
0.4622,0.5447830437961573,0.01934220479026138,0.5840894770006302,0.6066792690611216,0.491698172652804,0.5199432892249527,0.5215050110412773
0.4624,0.5429402866568429,0.019592166060677593,0.580765595463138,0.6066792690611216,0.48804347826086963,0.5192028985507247,0.5200101919483608
0.4626,0.5418459200470443,0.019192261371468785,0.5770951480781348,0.6056238185255197,0.4883585381222432,0.5196282293635791,0.5185238661457449
0.4628,0.5413550078676661,0.018578895857525656,0.5733931947069943,0.6049464398235664,0.4912570888468809,0.5211090107120353,0.5160693052488534
0.463,0.5399401648501087,0.01871446879545534,0.570778197857593,0.6049306868304978,0.49013862633900435,0.5214870825456837,0.5123662306777645
0.4632,0.538907085865934,0.018763580439550592,0.5682104599873976,0.6049464398235666,0.4901228733459357,0.5233144297416509,0.5079412264311194
0.4634,0.5379361823692994,0.018344144982667586,0.561531190926276,0.6057183364839319,0.4934152488972904,0.5240390674228104,0.5049770681161883
0.4636,0.5367057331261549,0.018650426211600065,0.5566792690611215,0.6071518588531821,0.49116257088846876,0.5255198487712666,0.5030151180567353
0.4638,0.5356729661513213,0.018520000411047777,0.5554977945809705,0.6056710775047258,0.4922652804032766,0.5251260239445494,0.49980465432308474
0.464,0.5351107386979032,0.018938804736150686,0.5510869565217392,0.6078292375551355,0.49113106490233144,0.5284026465028355,0.4971037880074741
0.4642,0.5348131304876583,0.01891984313615819,0.5522369250157529,0.6067107750472589,0.4899968494013863,0.5280088216761184,0.49711228129777474
0.4644,0.5349640386489128,0.018867609752587087,0.549700693131695,0.6070888468809074,0.4917926906112161,0.5313169502205419,0.49492101240020386
0.4646,0.5335333634317987,0.018843997201083852,0.5500945179584121,0.6037649653434152,0.4870667926906112,0.53205734089477,0.4946832002717853
0.4648,0.5328453587513375,0.018564832738817476,0.5497321991178323,0.6026622558286074,0.4907214870825457,0.5291115311909264,0.491999320536776
0.465,0.5312251145791422,0.01827112934534249,0.5460302457466918,0.6001260239445495,0.4870667926906112,0.5294423440453686,0.4934601664684899
0.4652,0.5275338011011629,0.01837000094904498,0.5423597983616888,0.5978733459357277,0.48344360428481403,0.5225110270951481,0.49148122982843556
0.4654,0.5264597332946293,0.01905105822991624,0.5419974795211091,0.5989603024574669,0.4794423440453686,0.5221329552614997,0.48976558518770175
0.4656,0.525071515966155,0.019068527431944475,0.5367989918084436,0.5992911153119092,0.47911153119092625,0.5213925645872717,0.48876337693222355
0.4658,0.5239596409762564,0.019760301802912397,0.5364996849401387,0.6004410838059231,0.47515752993068683,0.5206521739130434,0.4870477322914897
0.466,0.5221552326214275,0.019565615533539537,0.5354599873976056,0.5982986767485822,0.4755513547574039,0.5166351606805293,0.4848309835230168
0.4662,0.5206847962825185,0.019660046660402355,0.53588531821046,0.5968336483931947,0.4737397605545054,0.5133742911153119,0.48359096313912
0.4664,0.5204982644681087,0.019938937076735615,0.5326244486452427,0.5979363579080025,0.4704001260239445,0.5166824196597354,0.48484797010361813
0.4666,0.5201765517969222,0.019909608830128354,0.5322621298046629,0.5986767485822306,0.471865154379332,0.5127126654064272,0.48536606081195854
0.4668,0.5190961603156443,0.019356446049821542,0.5292060491493384,0.5957781978575929,0.47082545683679894,0.5123345935727788,0.48733650416171226
0.467,0.517450989112426,0.019035469905817632,0.5266383112791431,0.5928481411468178,0.46973850031505987,0.5119250157529931,0.4861049770681161
0.4672,0.5170173464349427,0.018917510958694518,0.5315532451165722,0.5902961562696912,0.46939193446754884,0.5089634530560806,0.48488194326482076
0.4674,0.5159509354339751,0.01835730736641732,0.5330812854442344,0.5865942028985507,0.4708727158160051,0.5045368620037808,0.48466961100730427
0.4676,0.5154299381686325,0.017720770308392374,0.5331127914303717,0.5833175803402646,0.47236925015752995,0.5034341524889729,0.4849159164260234
0.4678,0.5137870157874586,0.017715841304122012,0.5324196597353497,0.581505986137366,0.47093572778827975,0.5001260239445495,0.48394768133174787
0.468,0.5131222394799602,0.017667165495306853,0.5305608065532451,0.5815217391304348,0.47129804662885955,0.49828292375551353,0.48394768133174787
0.4682,0.5127314999600221,0.017088712761780634,0.5298046628859483,0.5793005671077506,0.4749684940138626,0.49683364839319466,0.4827501273993546
0.4684,0.5117321447436488,0.016644681427159882,0.5276149968494014,0.5771266540642722,0.47685885318210464,0.4957624448645242,0.4812977747579413
0.4686,0.5120116462437019,0.016134741657218166,0.5298834278512918,0.574149338374291,0.47794580970384376,0.49651858853182107,0.4815610667572618
0.4688,0.5125217568983766,0.016124883298324767,0.5303087586641462,0.5749054820415879,0.4786862003780718,0.4954316320100819,0.48327671139799555
0.469,0.5124856569359355,0.01575008331006964,0.5298991808443605,0.5734404536862003,0.4793793320730938,0.49544738500315055,0.48426193307287246
0.4692,0.5117068693111144,0.016179026363652375,0.5325299306868305,0.5730623818525519,0.4768273471959673,0.4903749212350347,0.4857397655851877
0.4694,0.511638687509961,0.01619683028336281,0.5350976685570258,0.5719439193446755,0.479773156899811,0.48783868935097674,0.4835400033973162
0.4696,0.5128825585065682,0.016676340681682042,0.5392407057340896,0.5737555135475739,0.48227788279773154,0.48705103969754254,0.4820876507559029
0.4698,0.5111992370702634,0.015918607787147872,0.5396660365469439,0.5671550094517959,0.4804820415879017,0.4863421550094518,0.4823509427552234
0.47,0.5127151770013472,0.015114555650964985,0.5411783238815374,0.5649023314429742,0.48668872085696285,0.4874448645242596,0.48336164430100226
0.4702,0.5128595147703511,0.01462096670183576,0.5397290485192185,0.5637838689350978,0.48958727158160054,0.4863579080025205,0.48483947681331757
0.4704,0.5133441739186094,0.014333983364578747,0.5397448015122872,0.5630119722747322,0.49322621298046626,0.484199747952111,0.48653813487345
0.4706,0.5131095605549121,0.014331084055705469,0.5401701323251418,0.5622873345935728,0.49324196597353503,0.48525519848771265,0.48459317139459834
0.4708,0.5118808923873894,0.014266898027047307,0.5397605545053561,0.5604127284183995,0.48886263390044105,0.48457781978575926,0.48579072532699163
0.471,0.5118461790736673,0.014189418919155974,0.5401701323251418,0.559640831758034,0.4896030245746692,0.4842470069313169,0.4855698997791745
0.4712,0.5129803378456413,0.014116855751329038,0.5427851291745431,0.5591997479521109,0.4921865154379332,0.48538122243226206,0.4853490742313573
0.4714,0.5133827212544937,0.013975517155229808,0.5439193446754883,0.5584593572778829,0.4910838059231254,0.4868620037807183,0.48658909461525396
0.4716,0.5142730872730266,0.013965872222551377,0.5450693131695022,0.5591524889729049,0.49034341524889724,0.48942974165091363,0.48737047732291494
0.4718,0.5142469807075474,0.013601416767781857,0.5450378071833649,0.5572778827977316,0.4917926906112161,0.4894927536231884,0.48763376932223546
0.472,0.5136909752448684,0.013552775297842753,0.5465658475110271,0.5547258979206048,0.4910838059231254,0.48768115942028983,0.4883981654492951
0.4722,0.5151135371487527,0.01318121517404143,0.5480466288594833,0.5539855072463769,0.49549464398235654,0.48985507246376814,0.4881858331917785
0.4724,0.5148815499082757,0.012567769643354912,0.5454158790170132,0.5525047258979205,0.4980623818525521,0.4895085066162572,0.4889162561576355
0.4726,0.5152418013524829,0.012117786534393578,0.5465343415248898,0.5495274102079396,0.5002362948960303,0.49243856332703223,0.4874723968065228
0.4728,0.5161254209048828,0.011752127329560847,0.5465343415248898,0.5491650913673598,0.5009609325771897,0.4965028355387524,0.48746390351622215
0.473,0.5170356661463656,0.011908578523402708,0.5513705103969755,0.5473534971644612,0.5005356017643352,0.49576244486452425,0.49015627654153215
0.4732,0.5182907357629818,0.012096054089514937,0.5547574039067423,0.5462507876496534,0.5059861373660997,0.4965028355387524,0.4879565143536606
0.4734,0.5187160976162166,0.012513854186956061,0.5573881537492124,0.5455419029615627,0.5084751102709515,0.49692816635160675,0.4852471547477493
0.4736,0.5192551619885067,0.01177360477784061,0.5555765595463138,0.5440611216131065,0.51028670447385,0.49988972904851925,0.486461695260744
0.4738,0.5189235040864661,0.011775978725836439,0.5552614996849401,0.5433364839319471,0.5120825456836798,0.49699117832388157,0.48694581280788174
0.474,0.5192145162158693,0.011322215291396922,0.553875236294896,0.5425645872715815,0.5135003150598614,0.4984562066792691,0.48767623577373875
0.4742,0.5203023349109339,0.01077059804114939,0.553134845620668,0.5410680529300567,0.5182577189666036,0.4999054820415879,0.4891455749957534
0.4744,0.5227056604488503,0.010190224042788116,0.5565689981096408,0.5373976055450536,0.521518588531821,0.5064429741650913,0.49160013589264484
0.4746,0.5231570496610765,0.009595794710428355,0.5543635790800252,0.5370037807183364,0.5222274732199118,0.5100976685570258,0.49209274673008324
0.4748,0.5238938615935125,0.009551969879329238,0.5568998109640833,0.5333963453056081,0.5247479521109011,0.5111688720856963,0.49325632750127396
0.475,0.5251394794142873,0.00985261507890812,0.5576874606175173,0.5341052299936988,0.5284183994959043,0.5144297416509136,0.4910565653134024
0.4752,0.5250168442229945,0.009764589220012533,0.5566320100819155,0.5326244486452426,0.5298519218651544,0.5158790170132325,0.4900968235094275
0.4754,0.5253619099638442,0.009081098902274837,0.5525834908632641,0.5319155639571518,0.5323251417769376,0.5191241335853812,0.49086121963648716
0.4756,0.5248912965877309,0.009250878985011845,0.5514492753623188,0.5307971014492754,0.531616257088847,0.5224165091367359,0.4881773399014778
0.4758,0.5244636773495883,0.008820423317023311,0.5503623188405797,0.5275047258979206,0.531616257088847,0.5231884057971016,0.48964667912349247
0.476,0.5239735791774277,0.008550558489354806,0.5477158160050408,0.5286389413988658,0.5308758664146188,0.5232199117832389,0.4894173602853745
0.4762,0.5234004083843706,0.008569891321024207,0.5465816005040958,0.5275519848771266,0.5311751732829237,0.5232356647763076,0.4884576184813997
0.4764,0.5234979945238346,0.009392949387542014,0.5495431632010082,0.5257246376811594,0.531159420289855,0.5257561436672967,0.4853066077798539
0.4766,0.5233914896267866,0.008930659943356432,0.5468809073724008,0.524259609325772,0.5330025204788911,0.5260554505356019,0.48675896042126715
0.4768,0.523686752682772,0.00851951395584045,0.5434782608695652,0.5253308128544424,0.5355545053560177,0.5260712035286704,0.4879989808051639
0.477,0.5243440225699959,0.00862466847272162,0.5442186515437935,0.5267800882167611,0.5359010712035287,0.5267958412098299,0.48802446067606586
0.4772,0.52424805267103,0.008460516288691561,0.5419344675488343,0.5293793320730938,0.5359010712035286,0.525992438563327,0.48803295396636653
0.4774,0.5235197142272727,0.008227420286537043,0.5389413988657845,0.5308286074354127,0.5344360428481412,0.5256143667296787,0.4877781552573467
0.4776,0.5228601216633062,0.00850904283027845,0.5351449275362319,0.5337744171392564,0.5337429111531191,0.5263232514177694,0.4853151010701546
0.4778,0.5227702062440616,0.00858820821410511,0.5362791430371769,0.5344360428481412,0.5337271581600505,0.524102079395085,0.4853066077798539
0.478,0.5234226525632022,0.00812443067855503,0.5373503465658475,0.5355387523629489,0.5319155639571519,0.524054820415879,0.4882537795141838
0.4782,0.5235624359591461,0.007944047046662017,0.5387681159420289,0.5322463768115943,0.5319313169502206,0.5258821676118463,0.48898420248004076
0.4784,0.5231462053295477,0.007624498019178829,0.5364524259609326,0.5319313169502206,0.5293950850661626,0.5284499054820417,0.4895022931883812
0.4786,0.5234881943264821,0.007027929369270088,0.5352551984877125,0.5322936357908004,0.5286704473850031,0.528780718336484,0.4924409716324104
0.4788,0.5236628895875473,0.006684719722386384,0.5350976685570259,0.531915563957152,0.5287019533711406,0.528434152488973,0.4941651095634449
0.479,0.5233103431150135,0.006051504782461253,0.53205734089477,0.5303087586641462,0.5283238815374921,0.5295053560176434,0.49635637846101577
0.4792,0.5225399069580652,0.005721800968502477,0.5305450535601764,0.5255198487712665,0.5275992438563326,0.5317107750472589,0.49732461355529123
0.4794,0.522000269944274,0.005146596290633671,0.5290327662255828,0.5239287964713295,0.5261499684940139,0.5313484562066793,0.4995413623237642
0.4796,0.5209367799501405,0.004505446201741648,0.527882797731569,0.5220384373030875,0.5254253308128545,0.5280718336483932,0.5012655002547988
0.4798,0.5200478091431903,0.00468618301337982,0.5241650913673598,0.5190768746061752,0.5290012602394455,0.5277410207939508,0.5002547987090199
0.48,0.520252263566225,0.004386277008561484,0.5248897290485192,0.5165091367359798,0.528623188405797,0.5285129174543164,0.5027263461865127
0.4802,0.5208617981649569,0.003950935322934385,0.5245274102079394,0.519029615626969,0.5300724637681159,0.5260081915563957,0.5046713096653643
0.4804,0.5193621217876818,0.0032124983924932764,0.523361688720857,0.5200693131695022,0.5264020163831128,0.5213295526149968,0.5056480380499405
0.4806,0.5177837286111708,0.0030305390100235628,0.5203371140516697,0.5182104599873976,0.5267800882167611,0.5177221172022685,0.5058688635977578
0.4808,0.5179327170854495,0.002883149619284281,0.5221802142407057,0.5182262129804662,0.5256773787019534,0.5169974795211091,0.5065822999830134
0.481,0.5169231131917443,0.003001992964202989,0.5213925645872716,0.5189666036546945,0.5241808443604284,0.5152173913043478,0.504858162051979
0.4812,0.517255953839315,0.0022970968117518305,0.5206206679269061,0.5182419659735349,0.523062381852552,0.5163201008191556,0.5080346526244266
0.4814,0.5181364003155844,0.0021803056014218806,0.519187145557656,0.5207781978575929,0.5252362948960303,0.513768115942029,0.5117122473246136
0.4816,0.5172217002443307,0.0017598594619676754,0.517690611216131,0.5189666036546944,0.5234247006931317,0.5126496534341525,0.5133769322235434
0.4818,0.5154003989652207,0.002626628213118364,0.5161783238815375,0.5178481411468179,0.5241493383742911,0.5064429741650913,0.5123832172583659
0.482,0.5138056062994419,0.0027431357390729954,0.5147290485192186,0.5149338374291116,0.5223377441713926,0.5031663516068053,0.5138610497706811
0.4822,0.5147651607907762,0.0036547780931953113,0.5158632640201638,0.5160365469439194,0.525645872715816,0.5002362948960302,0.5160438253779513
0.4824,0.5145852507457986,0.0051720548573567305,0.5158632640201638,0.5149495904221801,0.5289382482671707,0.4936830497794581,0.5194921012400203
0.4826,0.5142980924401797,0.006538876356848012,0.5177221172022685,0.5153119092627599,0.5328764965343417,0.4878544423440454,0.5177254968574826
0.4828,0.5135410384334498,0.007370014807049849,0.5155009451795841,0.5123503465658474,0.537224322621298,0.48561751732829234,0.5170120604722269
0.483,0.5130747669643438,0.008075046581168206,0.5144139886578449,0.5134530560806553,0.5372400756143667,0.4813011972274732,0.5189655172413794
0.4832,0.5121640229360583,0.00896992367630174,0.5128859483301829,0.5119722747321991,0.5375708884688091,0.4765122873345936,0.5218787158145066
0.4834,0.5120569197089183,0.009763194899738011,0.5126339004410838,0.5098456206679269,0.5400598613736609,0.47391304347826085,0.5238321725836589
0.4836,0.5116155014161372,0.011405752645928966,0.5126969124133585,0.5076402016383113,0.5441241335853813,0.4673125393824827,0.5263037200611518
0.4838,0.5124388004113172,0.012441792741610733,0.5122873345935728,0.5042848141146818,0.5492281033396346,0.4662255828607436,0.5301681671479531
0.484,0.5122302540098552,0.013701859904077521,0.513815374921235,0.5024732199117832,0.5536704473850032,0.4614996849401386,0.529692542891116
0.4842,0.5114776296794845,0.015055742738306009,0.5134373030875867,0.5006301197227472,0.5566005040957782,0.4555923125393825,0.531127908951928
0.4844,0.5115492569628657,0.016087163425275868,0.5134530560806553,0.500645872715816,0.5595305608065532,0.45152804032766225,0.532588754883642
0.4846,0.5095314786384918,0.017221288227099386,0.50968809073724,0.4962980466288595,0.5620667926906112,0.4467863894139886,0.5328180737217598
0.4848,0.5103549900997242,0.01783823418336251,0.508648393194707,0.49524259609325777,0.5675645872715817,0.4475267800882167,0.5327925938508578
0.485,0.5112632642770498,0.01784548844637176,0.5109168241965973,0.49524259609325777,0.5689823566477631,0.4486452425960933,0.5325293018515374
0.4852,0.5123078367648474,0.018451410382196942,0.5120982986767485,0.49158790170132327,0.5726055450535601,0.44977945809703845,0.5354679802955665
0.4854,0.5127695485091037,0.018783700156291848,0.512570888468809,0.4897920604914933,0.5733144297416509,0.4497637051039697,0.5384066587395958
0.4856,0.5131750086618718,0.019461736773701797,0.5159105229993699,0.48758664146187786,0.576543793320731,0.448361688720857,0.5374723968065227
0.4858,0.5158077777346066,0.01945666519488909,0.5184782608695652,0.4890044108380593,0.5798519218651543,0.45203213610586007,0.5396721589943944
0.486,0.5157429536463296,0.019905305809820945,0.5211247637051041,0.4879804662885948,0.5805923125393825,0.4497952110901071,0.5392220146084593
0.4862,0.5179691509995699,0.019764556920821783,0.5219124133585381,0.4920132325141777,0.5809546313799622,0.45127599243856337,0.5436894853066078
0.4864,0.519348787268392,0.01985235089172095,0.5212350346565848,0.491698172652804,0.5827977315689982,0.453875236294896,0.5471377611686767
0.4866,0.5196865167758806,0.019648247798607205,0.5212822936357908,0.4891934467548834,0.5824669187145558,0.4568998109640832,0.5485901138100899
0.4868,0.5207794400079891,0.019984704132591905,0.5228418399495904,0.48772841839949593,0.5842627599243857,0.45800252047889095,0.5510616612875828
0.487,0.521988104255861,0.020083933940550882,0.5265910522999371,0.48660995589161943,0.5871613106490232,0.46022369250157524,0.5493545099371496
0.4872,0.52404775926451,0.019284075072279878,0.5288437303087588,0.4884530560806553,0.5864051669817265,0.46572148708254557,0.5508153558688635
0.4874,0.5243785892446795,0.018928643169360184,0.5281663516068053,0.48484562066792697,0.5852709514807813,0.47084120982986766,0.552768812638016
0.4876,0.5244062499698962,0.018781959952164622,0.5266698172652803,0.48374291115311907,0.5841209829867675,0.472715816005041,0.554781722439273
0.4878,0.5251578167866163,0.01830234784736618,0.5278197857592942,0.47974165091367355,0.5812066792690611,0.4793005671077505,0.5577204008833022
0.488,0.5251855342408042,0.018704972868054948,0.5264335223692501,0.4764807813484563,0.5819470699432893,0.481112161310649,0.5599541362323763
0.4882,0.526108126596372,0.01869019829866213,0.527488972904852,0.4750315059861373,0.5819628229363578,0.4844045368620038,0.5616527942925089
0.4884,0.5269250419767628,0.01848673015833939,0.5312696912413359,0.4753938248267171,0.5804662885948331,0.4851291745431633,0.5623662306777646
0.4886,0.528467088473326,0.018182220702515784,0.5334908632640202,0.4768588531821045,0.5808286074354128,0.48804347826086963,0.5631136402242228
0.4888,0.528850273406882,0.018412042899445098,0.5331285444234405,0.47574039067422813,0.5812066792690611,0.4890831758034026,0.5650925768642772
0.489,0.5295006833700305,0.018175567634887785,0.5313642091997479,0.47536231884057967,0.5830655324511658,0.4938248267170763,0.5638865296415831
0.4892,0.5300267766095534,0.017430360017816546,0.5305765595463138,0.4775362318840579,0.5812539382482672,0.4971014492753624,0.5636657040937659
0.4894,0.53007313381219,0.017143282873701943,0.5302142407057341,0.4761184625078765,0.5793635790800252,0.500740390674228,0.5639289960930864
0.4896,0.5300166611917858,0.016494374970655385,0.5294108380592313,0.47835538752362955,0.5774889729048519,0.5018588531821047,0.5629692542891116
0.4898,0.5298493931445072,0.01700200735386215,0.5294265910522999,0.47504725897920597,0.5774732199117831,0.5026149968494014,0.5646848989298454
0.49,0.5295795419916942,0.01594712287508951,0.531253938248267,0.4764807813484562,0.5702110901071202,0.5047574039067423,0.5651944963478852
0.4902,0.5309515128920868,0.015349737903474067,0.5312854442344045,0.47942659105229996,0.5695022054190296,0.5083805923125394,0.5661627314421607
0.4904,0.5302127641469477,0.01516546243810718,0.5290327662255828,0.4786546943919344,0.5675960932577191,0.5098298676748583,0.5659503991846442
0.4906,0.5301984716572962,0.014891370336802563,0.5312381852551986,0.47756773787019535,0.563264020163831,0.5120037807183365,0.5669186342789196
0.4908,0.5308065286268838,0.01424284628791475,0.5319628229363579,0.4783396345305608,0.5607120352867044,0.5170762444864525,0.5659419058943435
0.491,0.5299982767237071,0.013787452055820491,0.5308758664146188,0.4790957781978576,0.5566635160680529,0.5174228103339634,0.5659334126040428
0.4912,0.5304931759864339,0.013167893394935255,0.5290642722117203,0.4823881537492123,0.5544423440453686,0.5196439823566478,0.5669271275692203
0.4914,0.5305209330438657,0.012667776089556703,0.5279300567107751,0.4842470069313169,0.5511657214870825,0.5218336483931947,0.5674282316969594
0.4916,0.5307554982414554,0.013038525061340858,0.5249527410207939,0.48386893509766854,0.5511814744801512,0.5236452425960932,0.5701290980125701
0.4918,0.5306454911332082,0.012863635932832206,0.524606175173283,0.4845935727788279,0.5460775047258979,0.5258506616257088,0.5720995413623238
0.492,0.5303671552529583,0.012896715212834942,0.5264807813484562,0.48421550094517957,0.5417139256458727,0.5258821676118461,0.5735434007134363
0.4922,0.5297776984285754,0.01299354430024755,0.5253938248267171,0.48383742911153116,0.5395242596093258,0.5258506616257088,0.5742823169695941
0.4924,0.5289061878356174,0.013075257065624669,0.5250472589792061,0.48235664776307496,0.5348141146817895,0.5280560806553245,0.574256837098692
0.4926,0.5298607710494719,0.01347926269136716,0.527583490863264,0.48018273471959666,0.5351764335223692,0.5313484562066793,0.575012739935451
0.4928,0.5297224652826724,0.013746062527425926,0.5279458097038436,0.4801512287334594,0.530812854442344,0.5324984247006932,0.5772040088330219
0.493,0.5293126011421361,0.014317215403930016,0.5242438563327032,0.47827662255828607,0.5300882167611846,0.5350346565847511,0.5789196534737557
0.4932,0.5281230872034534,0.015240864716653995,0.5201638311279143,0.47392879647132957,0.531962822936358,0.5339161940768745,0.5806437914047903
0.4934,0.5274425182996423,0.01562982872065115,0.5187303087586641,0.4731726528040328,0.5272211720226843,0.5357120352867044,0.5823764226261254
0.4936,0.5271191240961229,0.016159221879718046,0.5164933837429111,0.4720541902961563,0.5279773156899811,0.5342312539382482,0.5848394768133176
0.4938,0.5275461792556281,0.016683624230469592,0.5164776307498424,0.4712665406427221,0.5283238815374922,0.5338846880907372,0.5877781552573467
0.494,0.5266660223111833,0.016912168079839134,0.5149653434152489,0.470872715816005,0.5283081285444234,0.5301827347195968,0.5890011890606421
0.4942,0.5246172399985486,0.017492339304383504,0.5105229993698803,0.4686515437933208,0.527930056710775,0.5257403906742281,0.5902412094445388
0.4944,0.5233369003011881,0.017893913667831683,0.5083333333333334,0.4671550094517958,0.5267958412098299,0.523156899810964,0.591243417700017
0.4946,0.5233308543843306,0.01806221752082228,0.5101764335223693,0.4664618777567737,0.5242596093257719,0.5235192186515438,0.5922371326651945
0.4948,0.522019910477402,0.018873306996496093,0.5072148708254568,0.46173597983616893,0.5261342155009452,0.5220384373030875,0.5929760489213521
0.495,0.5225314249065229,0.0193638734762972,0.5079710144927536,0.46101134215500944,0.5294423440453685,0.5187933207309389,0.5954391031085443
0.4952,0.5224463277035716,0.020273237217548187,0.507151858853182,0.4573093887838689,0.5301197227473219,0.5195022054190297,0.5981484627144557
0.4954,0.5229781409359573,0.02069834315417905,0.5068367989918083,0.4569470699432892,0.531962822936358,0.5187618147448014,0.6003821980635298
0.4956,0.522710946946745,0.021584881240537555,0.5072148708254568,0.45108695652173914,0.5352709514807813,0.5191241335853812,0.6008578223203669
0.4958,0.5229097295430245,0.021694698997748812,0.506112161310649,0.4503308128544424,0.5385160680529301,0.5194706994328923,0.6001189060642093
0.496,0.523120621098746,0.021901572019320168,0.5039540012602395,0.44993698802772525,0.5439981096408317,0.5183679899180845,0.599346016646849
0.4962,0.5248698755141599,0.022216041206931898,0.5047574039067422,0.45066162570888474,0.5491808443604285,0.5187303087586642,0.6010191948360795
0.4964,0.5248999948515782,0.022255502479661515,0.5051512287334594,0.45215816005040954,0.5499054820415878,0.515059861373661,0.6022252420587735
0.4966,0.5251700927218976,0.02215226563873874,0.5066477630749843,0.45215816005040954,0.5502678008821675,0.5150441083805923,0.6017326312213351
0.4968,0.5240305034888852,0.022655099296390178,0.5048046628859483,0.45218966603654687,0.5491808443604285,0.5095778197857593,0.6043995243757432
0.497,0.5251673847162946,0.02268153057709794,0.5074039067422811,0.45288279773156903,0.550645872715816,0.5095620667926906,0.6053422795991168
0.4972,0.5261234027449757,0.02239900410579806,0.5108223062381853,0.4517485822306238,0.5496061751732828,0.5143037177063642,0.6041362323764226
0.4974,0.5267669870355035,0.022701556961132706,0.5133900441083806,0.4506143667296786,0.5499054820415878,0.514319470699433,0.6056055715984372
0.4976,0.5276709535572757,0.022145498976536067,0.5156899810964084,0.45244171392564586,0.5483774417139256,0.5172337744171392,0.6046118566332598
0.4978,0.5275517638482108,0.02171884544515315,0.5161153119092627,0.453875236294896,0.5483459357277882,0.5165091367359798,0.6029131985731272
0.498,0.5270468058966875,0.021905627191339018,0.517643352236925,0.450945179584121,0.5487240075614367,0.5164776307498424,0.6014438593511126
0.4982,0.5271384595772364,0.021613929429620968,0.5201953371140517,0.45121298046628866,0.5487712665406427,0.5157844990548204,0.5997282147103787
0.4984,0.5264830868994717,0.02196072073147472,0.5195179584120982,0.4489287964713295,0.5469439193446756,0.5165406427221171,0.6004841175471378
0.4986,0.5273151398171121,0.021765118344075903,0.5221802142407057,0.4496534341524889,0.5480781348456206,0.5169187145557655,0.5997452012909801
0.4988,0.5285937979821398,0.0219354245961339,0.5247794580970384,0.4488815374921235,0.548408947700063,0.5202110901071203,0.6006879565143537
0.499,0.5286845413232557,0.02202400814788797,0.5255356017643352,0.4466131064902331,0.5509609325771896,0.5220541902961562,0.5982588754883642
0.4992,0.5294111586314361,0.02252296691869798,0.5285444234404537,0.4462035286704474,0.5491493383742911,0.5209672337744171,0.6021912688975709
0.4994,0.5306055303896564,0.021954131613413714,0.5330025204788911,0.4487712665406427,0.5469596723377441,0.5228418399495904,0.6014523526414133
0.4996,0.5319001882652591,0.021976765719850723,0.5375078764965343,0.44941713925645876,0.5462035286704474,0.5239603024574669,0.6024120944453882
0.4998,0.5319485218838429,0.022188209447957782,0.5427851291745431,0.446424070573409,0.5458569628229364,0.5246849401386264,0.5999915067096995
0.5,0.5325831874167863,0.022340702544631632,0.5464870825456837,0.44533711405166976,0.5440453686200378,0.527284183994959,0.5997621878715815
0.5002,0.534165442979945,0.022372514174082363,0.5512917454316321,0.44574669187145555,0.544833018273472,0.529473850031506,0.5994819092916595
0.5004,0.5345598490110268,0.02248032428138832,0.5557025834908632,0.44431316950220545,0.5455734089477,0.5301827347195968,0.5970273483947681
0.5006,0.5364181520291471,0.022657721202588483,0.5615469439193448,0.4442974165091368,0.544833018273472,0.534640831758034,0.5967725496857483
0.5008,0.537019318034279,0.022743826896276405,0.5626023944549464,0.4442974165091367,0.5440611216131065,0.5368620037807184,0.5972736538134874
0.501,0.5366097316516297,0.022478512022529987,0.5636735979836169,0.4454001260239446,0.5408317580340264,0.5368462507876497,0.5962969254289112
0.5012,0.5385407451553726,0.022326461399774542,0.5680844360428481,0.44762129804662887,0.5386263390044108,0.5423125393824827,0.5960591133004927
0.5014,0.5392092789544402,0.022605435269848276,0.5687303087586641,0.4465028355387523,0.5404379332073094,0.5438405797101449,0.5965347375573298
0.5016,0.5408739349537054,0.022530355069393285,0.5741808443604285,0.4483301827347196,0.5387051039697541,0.5478418399495905,0.5953117037540343
0.5018,0.540624765257123,0.02287701756996819,0.578969754253308,0.4466131064902331,0.5358538122243226,0.5493226212980465,0.5923645320197044
0.502,0.540206523960123,0.02292723797404603,0.5800567107750473,0.4466603654694392,0.5325929426591053,0.5500630119722747,0.5916595889247495
0.5022,0.542159001886934,0.023567312028777876,0.5844675488342784,0.44596723377441716,0.5322621298046629,0.5551984877126654,0.5928996093086462
0.5024,0.5433352840606898,0.02398124975648533,0.588122243226213,0.4459514807813484,0.5322621298046629,0.5559546313799621,0.594385935111262
0.5026,0.5447077483960954,0.02468313395023463,0.5928481411468178,0.44484877126654065,0.5315689981096409,0.5588846880907373,0.5953881433667403
0.5028,0.5453315101926441,0.024681771358387204,0.5936042848141148,0.4463137996219281,0.5283081285444234,0.5632640201638311,0.5951673178189231
0.503,0.5460898630787412,0.024790362323322594,0.5961562696912412,0.44848771266540643,0.5253938248267171,0.5632482671707624,0.5971632410395787
0.5032,0.5471163031677564,0.024940309075241078,0.599054820415879,0.4496061751732829,0.5247321991178324,0.5647448015122875,0.5974435196195007
0.5034,0.5469203024317784,0.025195525481960183,0.5987397605545054,0.4477945809703844,0.5247637051039697,0.5665563957151859,0.5967470698148463
0.5036,0.5490497726078062,0.025439844214943608,0.6039224952741021,0.4514492753623188,0.5218966603654696,0.5687618147448015,0.5992186172923389
0.5038,0.550344923918422,0.025373204720033134,0.6046471329552615,0.45322936357908006,0.5222904851921866,0.5713453056080656,0.6002123322575166
0.504,0.5509154632364691,0.025849626165303775,0.6046156269691242,0.4532451165721487,0.5197700063011972,0.572810333963453,0.6041362323764227
0.5042,0.552063948749549,0.02632233847435318,0.6082860743541273,0.4536231884057971,0.5194234404536863,0.5721329552614998,0.6068540852726346
0.5044,0.5519909433803123,0.026468340203959922,0.6068210459987398,0.4528512917454316,0.5187303087586642,0.5739760554505355,0.6075760149481909
0.5046,0.5528630127001181,0.026228667932939854,0.6068998109640831,0.4543320730938879,0.5209357277882798,0.5733144297416508,0.608833021912689
0.5048,0.5521093816980993,0.026744122791414124,0.6042218021424071,0.4524732199117832,0.5172652804032766,0.5755198487712667,0.6110667572617633
0.505,0.5521245845271838,0.026566119775971276,0.6034499054820416,0.4535759294265911,0.5164933837429111,0.5762917454316321,0.6108119585527433
0.5052,0.5518985126198948,0.026448471624266556,0.6045841209829868,0.4538909892879647,0.515752993068683,0.5771109010712034,0.608153558688636
0.5054,0.552346399620922,0.02609124688816933,0.6023629489603024,0.45513547574039065,0.5175960932577189,0.5774732199117834,0.6091642602344148
0.5056,0.5526558984375878,0.025476131022194693,0.6000945179584122,0.45776622558286073,0.5186830497794581,0.5775204788909893,0.6092152199762187
0.5058,0.552828041430131,0.025376131579573143,0.5993541272841839,0.4595778197857593,0.5168872085696282,0.577882797731569,0.6104382537795143
0.506,0.552527784619149,0.025186369012243588,0.5970856962822937,0.46033396345305616,0.5165721487082545,0.577189666036547,0.6114574486155938
0.5062,0.5527935266678077,0.02426698522883287,0.5941083805923125,0.464366729678639,0.517690611216131,0.5768115942028986,0.6109903176490572
0.5064,0.5537470266794211,0.023767383010664573,0.5907372400756143,0.4673125393824827,0.5195967233774417,0.5778985507246377,0.6131900798369289
0.5066,0.5520823364287015,0.022830081527956687,0.5865942028985507,0.4701953371140517,0.5177536231884059,0.5753623188405796,0.6105062001019196
0.5068,0.5526864063149407,0.02227773153838326,0.5873188405797102,0.4745746691871456,0.5170132325141776,0.5735349716446125,0.6109903176490572
0.507,0.5512525976249399,0.022416560534924485,0.5842785129174544,0.47381852551984877,0.5148550724637682,0.5706049149338375,0.612705962289791
0.5072,0.5504420658593385,0.022573461137864,0.5824354127284185,0.4760239445494644,0.5097826086956523,0.5688248267170762,0.6151435366060811
0.5074,0.5504729735153842,0.02237636266435849,0.5809388783868934,0.4775047258979206,0.5094675488342786,0.5688090737240076,0.6156446407338203
0.5076,0.5503266593304332,0.02212081307829918,0.5764650283553874,0.47860743541272843,0.5101764335223692,0.569533711405167,0.6168506879565144
0.5078,0.5498168210818558,0.022065738096391754,0.5727315689981097,0.47931632010081915,0.5094517958412098,0.5695022054190296,0.6180822150501104
0.508,0.5479444637287268,0.02174435034517539,0.5634845620667926,0.48221487082545683,0.5054505356017643,0.570226843100189,0.6183455070494309
0.5082,0.5466905254804597,0.021683800661719772,0.5600976685570259,0.48401071203528667,0.5018746061751733,0.5691241335853812,0.618345507049431
0.5084,0.547147132687672,0.021522180839592644,0.5593572778827978,0.4869250157529931,0.5018746061751733,0.567296786389414,0.620281977237982
0.5086,0.5475217108729851,0.02168846673300467,0.5582388153749213,0.48985507246376814,0.49899180844360436,0.5687460617517328,0.6217767963308987
0.5088,0.5473723338587722,0.021178490194148393,0.5556080655324511,0.4924385633270322,0.4992911153119092,0.5690296156269692,0.6204943094954986
0.509,0.5453710711575033,0.02080037260809564,0.5529930686830499,0.49141461877756776,0.4981726528040327,0.5671865154379332,0.617088500084933
0.5092,0.5447971602119266,0.020370076755691396,0.5529615626969123,0.4968966603654694,0.49413988657844987,0.5639098928796471,0.616077798539154
0.5094,0.5440528787865652,0.02053109131779035,0.5529930686830499,0.4965028355387523,0.492296786389414,0.5624448645242597,0.6160268387973501
0.5096,0.5429097445280359,0.020145651849673697,0.5522526780088216,0.5011972274732199,0.48834278512917456,0.5584278512917455,0.6143281807372176
0.5098,0.5427497276206618,0.02019377380996294,0.5507088846880906,0.502331442974165,0.4876181474480151,0.5580655324511656,0.6150246305418718
0.51,0.5427863863099506,0.019861715471355873,0.5488500315059861,0.5023156899810964,0.49051669817265287,0.5569785759294266,0.6152709359605911
0.5102,0.5420852633225046,0.01991054824057689,0.5466131064902331,0.501890359168242,0.4909420289855073,0.5547416509136736,0.6162391710548667
0.5104,0.540599958641369,0.019493056519573216,0.5481096408317581,0.5026465028355387,0.4887366099558917,0.5507246376811594,0.612782401902497
0.5106,0.5399409419299773,0.019577281442387195,0.5474007561436672,0.5040800252047888,0.4872873345935728,0.5474322621298047,0.6135043315780534
0.5108,0.5404299483370331,0.019389385368705537,0.545179584120983,0.5048046628859483,0.4894454946439824,0.5485192186515438,0.6142007813827077
0.511,0.5399221432333736,0.01929331157437969,0.5463768115942029,0.5044423440453686,0.48875236294896035,0.547069943289225,0.6129692542891116
0.5112,0.5392468062392021,0.018998552443885642,0.547463768115942,0.5040485192186515,0.48946124763705107,0.5437775677378702,0.6114829284864957
0.5114,0.5379410064725615,0.019346451542306724,0.5475267800882168,0.5022211720226843,0.48725582860743544,0.5412098298676749,0.6114914217767964
0.5116,0.5375021714886827,0.019477892752700458,0.5475582860743541,0.5004253308128546,0.4876181474480151,0.5401543793320731,0.6117547137761168
0.5118,0.535606642491562,0.019333879498195535,0.5457624448645243,0.49823566477630743,0.48689350976685575,0.5375866414618777,0.6095549515882454
0.512,0.5347448218490883,0.01903140410764088,0.5453528670447385,0.49862948960302456,0.4879962192816635,0.5331758034026464,0.6085697299133684
0.5122,0.5342963536436965,0.019295148641740895,0.5438405797101449,0.4997321991178324,0.4865469439193446,0.5313484562066793,0.610013589264481
0.5124,0.5341171211352987,0.019154470059293643,0.5419659735349717,0.5004568367989918,0.486231884057971,0.5324354127284184,0.6094954985561406
0.5126,0.5344420325712064,0.018821156939861344,0.5445337114051669,0.5001260239445495,0.48839004410838055,0.5309388783868935,0.6082215050110413
0.5128,0.5325024037563569,0.018835317199610565,0.5431001890359168,0.4956836798991809,0.4898393194706994,0.5268903591682419,0.6069984712077459
0.513,0.5316699735375405,0.018927289553947516,0.5471644612476371,0.493887838689351,0.4894927536231884,0.5224795211090107,0.6053252930185153
0.5132,0.5311544067332366,0.018749488314907064,0.5486452425960933,0.49352551984877124,0.48875236294896024,0.5217233774417139,0.6031255308306438
0.5134,0.5295244865252103,0.01841115247606646,0.5463925645872717,0.4920762444864524,0.48988657844990546,0.5183837429111531,0.600883302191269
0.5136,0.5288688414413484,0.018192088857937275,0.5475110270951481,0.49133585381222433,0.4902646502835538,0.5165406427221171,0.598692033293698
0.5138,0.5281624833331888,0.017877678463288818,0.5489918084436043,0.4902804032766227,0.49313169502205423,0.5121455576559546,0.5962629522677085
0.514,0.5278635933693037,0.01793392507597822,0.5475110270951481,0.4892091997479521,0.49461247637051037,0.5110428481411469,0.5969424154917615
0.5142,0.5281314991465501,0.017551369247219898,0.5464240705734089,0.4903119092627598,0.4971802142407057,0.510333963453056,0.5964073382028198
0.5144,0.5280814154927248,0.01650343436867909,0.5437618147448015,0.4925015752993069,0.49940138626339003,0.5117832388153748,0.5929590623407507
0.5146,0.5271694405528013,0.016682847081726918,0.5427378701953371,0.49034341524889724,0.5005356017643352,0.5092627599243856,0.5929675556310515
0.5148,0.5261251319082373,0.0166379955596367,0.5402016383112791,0.4870667926906112,0.5024102079395085,0.5089477000630119,0.591999320536776
0.515,0.5256259078642302,0.01619301013463108,0.541698172652804,0.48561751732829234,0.5035601764335224,0.5089319470699433,0.588321725836589
0.5152,0.524837509495413,0.016165581535982607,0.5409105229993699,0.4841997479521109,0.5043635790800252,0.5074196597353497,0.5872940377102089
0.5154,0.5238047029173355,0.01602671998328102,0.5402016383112791,0.4845620667926906,0.5039540012602395,0.5044896030245747,0.5858162051978937
0.5156,0.5225112020986723,0.01653250822145024,0.5412885948330184,0.4819943289224953,0.503575929426591,0.5001102709514808,0.5855868863597758
0.5158,0.5221976509068234,0.016516332528880424,0.5391304347826087,0.48089161940768743,0.5050567107750472,0.5001102709514808,0.5857992186172923
0.516,0.5208678344485927,0.01636695417260364,0.5380434782608695,0.4812224322621298,0.5054347826086956,0.49580970384373024,0.5838287752675385
0.5162,0.5199762632070128,0.01628915009929766,0.5347195967233774,0.47867044738500314,0.5072463768115942,0.49617202268430993,0.5830728724307795
0.5164,0.519614599425496,0.016151701261530652,0.5328134845620667,0.47906427221172027,0.5076244486452426,0.4957781978575929,0.5827925938508579
0.5166,0.5193471587187772,0.016160840789139715,0.5299936988027725,0.4791115311909263,0.5100819155639572,0.4942974165091368,0.5832512315270936
0.5168,0.5191478345213771,0.016677922761018576,0.5314587271581601,0.4784183994959042,0.5093730308758664,0.49177693761814745,0.5847120774588076
0.517,0.5190298500353593,0.01665293718948018,0.5321676118462507,0.4751890359168242,0.5122715816005041,0.4925330812854443,0.5829879395277731
0.5172,0.5192564464180418,0.01661749589466468,0.5321833648393195,0.47663831127914297,0.51411468178954,0.4903749212350347,0.5829709529471717
0.5174,0.5177713659768959,0.0169684986025927,0.5303087586641462,0.475945179584121,0.5130119722747322,0.48637366099558915,0.583217258365891
0.5176,0.5179211427698016,0.016797471566475732,0.5284341524889729,0.47597668557025835,0.5141304347826086,0.48783868935097663,0.5832257516561916
0.5178,0.5172552661343348,0.01693353859077411,0.5266383112791431,0.47380277252678005,0.515957781978576,0.48716131064902335,0.5827161542381518
0.518,0.5166254894613092,0.017056790384091164,0.5278197857592943,0.4697857592942659,0.5156112161310649,0.4886893509766856,0.5812213351452353
0.5182,0.5167001453224983,0.01692714281210934,0.5259294265910522,0.4712665406427221,0.5174070573408948,0.4876339004410838,0.5812638015967386
0.5184,0.5164108800172628,0.016952849361986915,0.5255828607435411,0.4705103969754253,0.520730938878387,0.4854442344045369,0.5797859690844234
0.5186,0.5160201886634324,0.016756955148845478,0.525252047889099,0.47156584751102715,0.5225267800882167,0.48292375551354755,0.577832512315271
0.5188,0.5159508754939302,0.01688408995171917,0.5245116572148709,0.4704473850031506,0.5240075614366729,0.48295526149968493,0.577832512315271
0.519,0.5160939909141595,0.01672883844669604,0.5241965973534972,0.4704631379962193,0.5243383742911153,0.4840894770006301,0.5773823679293357
0.5192,0.5155194902013547,0.016833093259189455,0.5212192816635162,0.46975425330812853,0.5246849401386263,0.4840894770006301,0.5778494988958723
0.5194,0.5156333966235985,0.016514878682394533,0.5220069313169502,0.47049464398235663,0.5235192186515437,0.485239445494644,0.5769067436724986
0.5196,0.5171080582004992,0.01608817848581314,0.5238815374921234,0.4724007561436673,0.5264650283553876,0.4870667926906112,0.5757261763207067
0.5198,0.5165455444263304,0.016449745465824644,0.5235349716446125,0.46877756773787016,0.5290012602394455,0.4866729678638942,0.5747409546458299
0.52,0.517244106582391,0.015780670750853754,0.5265437933207309,0.47022684310018903,0.5279143037177063,0.4892407057340895,0.572294887039239
0.5202,0.5167388537472537,0.01564990335913414,0.5269218651543793,0.46986452425960934,0.5257246376811594,0.489618777567738,0.5715644640733821
0.5204,0.5167648950208982,0.015340939209306037,0.5291902961562697,0.47030560806553245,0.5235349716446125,0.49068998109640827,0.5701036181416681
0.5206,0.5162667969934502,0.015192334466996676,0.5292060491493384,0.4713925645872716,0.5209514807813485,0.4899180844360429,0.5698658060132494
0.5208,0.5155069354378284,0.014555585474251292,0.5251417769376181,0.4724952741020794,0.5212507876496535,0.4909892879647133,0.5676575505350774
0.521,0.515435013270833,0.014648096771800833,0.5243698802772526,0.47177063642091993,0.5241493383742911,0.4899495904221802,0.566935620859521
0.5212,0.5143515107941853,0.014243049274647373,0.5206679269061121,0.47465343415248895,0.5200693131695022,0.4891934467548834,0.5671734329879395
0.5214,0.5150824411097086,0.01348484387833176,0.5188563327032136,0.47860743541272843,0.5203528670447385,0.4913988657844991,0.5661967046033634
0.5216,0.5138347783700782,0.012938166526477786,0.5133112791430372,0.4789697542533081,0.5214240705734089,0.49220226843100184,0.5632665194496347
0.5218,0.5130256814193033,0.012959370952407557,0.5092155009451795,0.48005671077504725,0.5206836798991809,0.4914303717706364,0.5637421437064719
0.522,0.511988558622809,0.011965879396628971,0.506962822936358,0.4837271581600504,0.5161783238815375,0.49251732829237554,0.5605571598437236
0.5222,0.5103825898145381,0.012098152653337564,0.5018115942028986,0.4815217391304348,0.5173125393824828,0.4921707624448645,0.5590963139120095
0.5224,0.5097406474530993,0.011665284995340764,0.5014650283553875,0.4811594202898551,0.5139571518588533,0.49470699432892246,0.5574146424324784
0.5226,0.5098707152099683,0.011333787734888915,0.495872715816005,0.48295526149968493,0.5153119092627599,0.49903906742281035,0.5561746220485816
0.5228,0.5097048734146526,0.011051437417949981,0.4944549464398236,0.4833175803402646,0.5138468809073723,0.5019533711405166,0.5549515882452862
0.523,0.5087433735477516,0.010970843037601085,0.48930371770636416,0.48292375551354755,0.5130907372400756,0.5056553245116572,0.5527433327671141
0.5232,0.5083677630021999,0.010230330966149562,0.48782293635790797,0.48586956521739133,0.5130592312539383,0.5059703843730309,0.5491166978087311
0.5234,0.5066896167465635,0.009514020209774484,0.4873818525519848,0.48807498424700696,0.5049936988027726,0.50705734089477,0.5459402072362833
0.5236,0.506112753753772,0.009699566527532356,0.48509766855702585,0.4881064902331443,0.5027725267800882,0.5088846880907372,0.5457023951078648
0.5238,0.5052584052801186,0.008980003749342873,0.48391619407687453,0.48883112791430366,0.5027725267800882,0.509987397605545,0.5407847800237813
0.524,0.5053918136241368,0.008761778745036669,0.48137996219281665,0.49215500945179586,0.504867674858223,0.5092155009451795,0.5393409206726687
0.5242,0.5038127225742451,0.008792044101498999,0.47577189666036546,0.4932104599873976,0.5033396345305607,0.511783238815375,0.5349583828775268
0.5244,0.5044426351827299,0.008602664068522782,0.4749684940138626,0.4956836798991809,0.5051512287334593,0.5132010081915563,0.5332087650755903
0.5246,0.5035140761167927,0.008792205730383739,0.4712350346565847,0.49533711405166986,0.505466288594833,0.5164933837429111,0.529038559537965
0.5248,0.5040516853374555,0.008182074303486076,0.4719754253308128,0.4982986767485823,0.5076244486452426,0.5187145557655954,0.5236453201970444
0.525,0.5031775710987942,0.00843693599952043,0.4678638941398866,0.5022999369880278,0.5075614366729678,0.5209042218021424,0.5172583658909462
0.5252,0.503247465472661,0.009117110251828424,0.46521739130434786,0.5026937618147448,0.5086168872085696,0.5249054820415879,0.5148038049940546
0.5254,0.5039027642957274,0.0090515996255604,0.46564272211720226,0.5071361058601134,0.5089319470699433,0.5259294265910524,0.5118736198403262
0.5256,0.5034628685871242,0.009126399580799659,0.4648865784499055,0.5096408317580341,0.5070258349086326,0.5258664146187775,0.5098946832002718
0.5258,0.5030905306609921,0.00963545186483222,0.4633742911153119,0.5089319470699433,0.5063327032136106,0.529127284183995,0.5076864277220995
0.526,0.502087154109816,0.00960018207599504,0.4626181474480151,0.509294265910523,0.5067737870195337,0.5279615626969124,0.5037880074740955
0.5262,0.5012072235460766,0.009254337899136728,0.4659735349716446,0.511090107120353,0.503481411468179,0.5290327662255829,0.4964582979446237
0.5264,0.5014414992118419,0.009538757666891528,0.46676118462507876,0.5140359168241966,0.5013547574039068,0.5307971014492753,0.49425853575675216
0.5266,0.5019470950967009,0.0091812360858434,0.4715816005040958,0.5136578449905482,0.49804662885948325,0.532955261499685,0.4934941396296925
0.5268,0.5004926017393958,0.008834273814644984,0.4722904851921865,0.5136893509766856,0.4943919344675489,0.5300409577819785,0.4920502802785799
0.527,0.5002168406051847,0.00855706100806434,0.47485822306238185,0.5118462507876496,0.49366729678638943,0.5304032766225583,0.490309155766944
0.5272,0.5000052485001877,0.009162014062002826,0.4748739760554505,0.5107435412728418,0.4910838059231254,0.5340264650283554,0.48929845422116536
0.5274,0.49972167749922425,0.00947954688708427,0.4723377441713925,0.5126339004410838,0.49294265910523005,0.5333490863264021,0.48734499745201293
0.5276,0.49859325263476634,0.010119640113269475,0.4727315689981097,0.5107592942659105,0.48750787649653426,0.5366099558916194,0.4853575675216579
0.5278,0.4979531052636029,0.010512547018249437,0.47347195967233774,0.5078292375551354,0.48711405166981736,0.5391776937618148,0.48217258365890947
0.528,0.4982398579035605,0.010737507224123557,0.4741965973534971,0.5060176433522369,0.48820100819155643,0.5413673597983617,0.4814166808221505
0.5282,0.4969961116036542,0.010650988541216645,0.47414933837429113,0.5030875866414618,0.48561751732829234,0.540658475110271,0.48146764056395447
0.5284,0.4952812188893773,0.010999800783157742,0.47454316320100826,0.49724322621298045,0.4819470699432892,0.5421392564587272,0.48053337863088164
0.5286,0.49375658979248865,0.01100252557365558,0.47495274102079393,0.4957624448645242,0.4815217391304348,0.540658475110271,0.47588754883641926
0.5288,0.492135778330582,0.011260730937034837,0.475346565847511,0.4917139256458727,0.4775047258979206,0.5409735349716447,0.4751401392899609
0.529,0.49136987942096627,0.01144762169023837,0.4769061121613106,0.49100504095778197,0.4730623818525519,0.5409735349716446,0.47490232716154235
0.5292,0.491889529640834,0.01111904521539078,0.47878071833648395,0.4906269691241336,0.47566162570888465,0.5402488972904852,0.4741294377441821
0.5294,0.4920127545993549,0.010835892230090582,0.4820730938878386,0.48954001260239444,0.4756616257088847,0.5391776937618149,0.4736113470358417
0.5296,0.49300816233562383,0.010900229233536163,0.48766540642722117,0.48954001260239444,0.47310964083175805,0.5399338374291116,0.4747919143876338
0.5298,0.4933160588264446,0.010857310455621116,0.4922180214240706,0.4891776937618147,0.47268431001890365,0.5391776937618148,0.47332257516561915
0.53,0.4947366924804893,0.010683105594067393,0.4989603024574669,0.48703528670447377,0.4737712665406427,0.5388783868935099,0.4750382198063529
0.5302,0.4952285460396809,0.010158478636852942,0.5045368620037808,0.485979836168872,0.47485822306238185,0.5352709514807813,0.47549685748258874
0.5304,0.49363233247372884,0.01045479561578979,0.5079867674858223,0.48123818525519846,0.4719439193446755,0.5327189666036547,0.47427382367929327
0.5306,0.49314319280710894,0.010348900098837141,0.5094675488342786,0.482703213610586,0.4693761814744802,0.530166981726528,0.4740020383896721
0.5308,0.49478152121197916,0.010025281873887551,0.5127284183994959,0.48347511027095147,0.4722904851921864,0.5294580970384373,0.4759554951588245
0.531,0.49422127338558175,0.009634121392869403,0.5127599243856332,0.48123818525519846,0.4730151228733459,0.5269061121613106,0.4771870222524206
0.5312,0.49340375699920447,0.009182493945008018,0.5104442344045369,0.48086011342155005,0.4711877756773787,0.5247321991178324,0.479794462374724
0.5314,0.4955436203508869,0.009134324228620068,0.516650913673598,0.48304977945809713,0.4740863264020164,0.523660995589162,0.4802700866315611
0.5316,0.494749972946703,0.008702380598830665,0.5155482041587901,0.48133270321361066,0.47522054190296154,0.5211405166981726,0.48050789875997957
0.5318,0.49523264711615067,0.007646111405264341,0.5136893509766856,0.4821203528670447,0.4781821045998741,0.5182577189666036,0.4839137081705453
0.532,0.49502961359328906,0.007675585762273119,0.5159420289855072,0.48442028985507246,0.4752678008821675,0.5153749212350347,0.48414302700866313
0.5322,0.4939716193520288,0.007201825713186998,0.5144454946439824,0.4869880277252678,0.47276307498424697,0.5110428481411468,0.48461865126550024
0.5324,0.49303359457559714,0.007093433134076402,0.5133112791430372,0.4880907372400756,0.4701953371140516,0.5084593572778828,0.48511126210293865
0.5326,0.49281992972243793,0.0075840992009304255,0.5136578449905482,0.48668872085696285,0.4665879017013233,0.5088689350976685,0.48829624596568716
0.5328,0.49275669672124744,0.007560446535516452,0.5113894139886578,0.4896502835538753,0.46372085696282295,0.5078134845620668,0.4912094445388143
0.533,0.4942672543574004,0.007603483001554957,0.5135948330182735,0.49076874606175175,0.46485507246376817,0.5082073093887838,0.49391031085442494
0.5332,0.49436718029933424,0.007806872751749706,0.515359168241966,0.49042218021424067,0.46414618777567734,0.506758034026465,0.49515033123832175
0.5334,0.49532649663602546,0.008090221790185734,0.515752993068683,0.49267485822306234,0.4627284183994959,0.5071833648393195,0.4982928486495668
0.5336,0.4950827777372825,0.008487495505782604,0.5153119092627599,0.4948487712665406,0.45949905482041586,0.5042848141146818,0.5014693392220145
0.5338,0.49507625551113926,0.008954391255516891,0.513421550094518,0.49596723377441715,0.4565847511027095,0.5050252047889099,0.5043825377951417
0.534,0.4955047454854711,0.009412823017270559,0.51411468178954,0.4956364209199748,0.4551039697542533,0.507309388783869,0.505359266179718
0.5342,0.4953143229199279,0.009571128146938094,0.5140831758034027,0.49601449275362314,0.4540800252047889,0.5058286074354127,0.5065653134024121
0.5344,0.49430843691454757,0.009432020041278334,0.5129647132955262,0.4934152488972904,0.4540800252047889,0.5040327662255828,0.5070494309495499
0.5346,0.49359732909300325,0.0100235858031173,0.5118304977945809,0.4926906112161311,0.45080340264650276,0.5029458097038437,0.509716324103958
0.5348,0.49357249304240575,0.010078807583312418,0.5132325141776938,0.49522684310018905,0.4508349086326402,0.497416509136736,0.5111516901647698
0.535,0.4935095067587218,0.010163070488869892,0.5125078764965344,0.4970226843100189,0.4512602394454947,0.49267485822306245,0.5140818753184984
0.5352,0.49348663320941794,0.011253019454968387,0.5139413988657845,0.4959357277882798,0.44695967233774414,0.4931001890359168,0.5174961780193648
0.5354,0.49168856886613443,0.012062655400748891,0.510192186515438,0.49740075614366736,0.4422810333963453,0.4884057971014493,0.5201630711737727
0.5356,0.49093698813476105,0.012879490288563854,0.5074984247006932,0.500346565847511,0.43791745431632007,0.4870352867044739,0.5218872091048071
0.5358,0.49198034683664815,0.013653515447782538,0.5100189035916824,0.5032608695652174,0.43571203528670444,0.4870352867044739,0.5238746390351623
0.536,0.49272845104541324,0.01456763838799374,0.5110743541272842,0.5077662255828608,0.43251417769376177,0.48668872085696274,0.5255987769661967
0.5362,0.49108129486338437,0.014945704154675823,0.5100031505986138,0.5036862003780718,0.42926906112161306,0.48637366099558915,0.5260744012230338
0.5364,0.4914192796512431,0.015440691529822777,0.5103339634530561,0.502583490863264,0.4274574669187145,0.4882010081915563,0.5285204688296246
0.5366,0.49098046179309146,0.015572992241464289,0.5087901701323252,0.5015122873345936,0.4274732199117833,0.4863894139886578,0.5307372175980976
0.5368,0.4906816965259072,0.01571807761903557,0.5090579710144928,0.5008191556395716,0.42603969754253307,0.48747637051039694,0.5300152879225413
0.537,0.4917136013274151,0.016336918864629887,0.5119722747321991,0.5034183994959042,0.42465343415248896,0.4867674858223062,0.5317564124341769
0.5372,0.4911417096121034,0.01660509321604382,0.5097195967233775,0.5037649653434153,0.42320415879017015,0.48607435412728417,0.5329454730762698
0.5374,0.49129591608136824,0.017033314422048605,0.5066950220541904,0.5056395715185886,0.42145557655954635,0.4875866414618777,0.5351027688126381
0.5376,0.48915314884857847,0.017224094931613917,0.5022211720226843,0.5041902961562698,0.41887208569628226,0.4858380592312539,0.5346441311364022
0.5378,0.4887674544608184,0.017683178960043653,0.5010869565217392,0.5038594833018273,0.41743856332703216,0.4844045368620038,0.5370477322914897
0.538,0.48788562989869383,0.017867036219380922,0.49993698802772524,0.5045998739760554,0.41529615626969124,0.484042218021424,0.5355529131985731
0.5382,0.4865056591430136,0.01742953347668054,0.49544738500315066,0.5031348456206679,0.4163988657844991,0.4829710144927536,0.534576184813997
0.5384,0.48605222822300564,0.01750404770656828,0.49220226843100184,0.5034971644612477,0.4163831127914303,0.4826086956521739,0.5355698997791745
0.5386,0.4864813079645655,0.018067037867369365,0.49070573408947704,0.5090107120352867,0.41390989287964713,0.48371140516698163,0.5350687956514353
0.5388,0.4856807353444717,0.01799426932124123,0.4888468809073724,0.5078922495274102,0.41244486452425966,0.4863421550094518,0.5328775267538644
0.539,0.48249376436219665,0.018522311833787015,0.48397920604914935,0.5038594833018274,0.40664776307498424,0.4870667926906112,0.5309155766944114
0.5392,0.4814947607584085,0.01937655791762974,0.481710775047259,0.506758034026465,0.4012287334593573,0.48883112791430366,0.5289451333446578
0.5394,0.4811407537824577,0.020173085166276753,0.4831600504095778,0.507104599873976,0.39721172022684315,0.4880592312539383,0.5301681671479532
0.5396,0.4794901435553373,0.02094656788110558,0.4779143037177064,0.5074826717076244,0.39286389413988654,0.48878386893509773,0.5304059792763717
0.5398,0.4771879010162941,0.02164932434071736,0.4719439193446755,0.505671077504726,0.38815374921235035,0.49024889729048515,0.5299218617292338
0.54,0.47580997196839575,0.02200367633909737,0.46969124133585377,0.5078607435412728,0.3852394454946439,0.4887996219281664,0.5274588075420419
0.5402,0.47482492636740103,0.02238194953757327,0.466698172652804,0.5082073093887838,0.38308128544423437,0.4891461877756774,0.5269916765755054
0.5404,0.4730906537521558,0.023253249600501343,0.459640831758034,0.5086168872085697,0.3793793320730939,0.4898393194706994,0.5279768982503821
0.5406,0.4721025538847625,0.024276768889364298,0.4574196597353498,0.5103812224322621,0.3735822306238185,0.4931316950220541,0.5259979616103279
0.5408,0.4716955283334987,0.02496290139474503,0.45335538752362947,0.512224322621298,0.371424070573409,0.49497479521109006,0.526499065738067
0.541,0.4697851566827424,0.02566427328427475,0.44889729048519217,0.5137051039697542,0.3674543163201008,0.49385633270321366,0.525012739935451
0.5412,0.470520156499176,0.026491220456546703,0.44782608695652176,0.5158632640201638,0.3649023314429741,0.49828292375551353,0.5257261763207067
0.5414,0.4687426772799079,0.027378911319781162,0.4411153119092628,0.5177063642091998,0.36167296786389413,0.49677063642091995,0.5264481059962629
0.5416,0.46852503069519,0.027231876086005073,0.4373818525519848,0.519533711405167,0.36387838689350976,0.49637681159420294,0.5254543910310854
0.5418,0.4670511574369165,0.027711733491418034,0.4306710775047259,0.519927536231884,0.36313799621928167,0.49558916194076874,0.5259300152879225
0.542,0.46681061161430426,0.02772048958494261,0.42810333963453057,0.5191713925645873,0.3638783868935097,0.49747952110901067,0.5254204178698828
0.5422,0.4661209992562082,0.028211827795808463,0.4225425330812854,0.516950220541903,0.36351606805293,0.5007403906742282,0.5268557839306947
0.5424,0.4647790738385359,0.02872510034018317,0.41847826086956524,0.514366729678639,0.36096408317580336,0.5051669817265281,0.5249193137421436
0.5426,0.4647117627735714,0.029208922586494414,0.41323251417769385,0.5183364839319471,0.3620352867044739,0.5047889098928795,0.5251656191608629
0.5428,0.464573176037811,0.029532843087109992,0.4091367359798362,0.5194864524259609,0.362775677378702,0.5080340264650283,0.5234329879395277
0.543,0.4635918879283854,0.030101798950701877,0.4053717706364209,0.5187775677378702,0.3609483301827347,0.5094202898550725,0.5234414812298284
0.5432,0.4631900461206536,0.02980731738602088,0.4042375551354757,0.517690611216131,0.36238185255198485,0.5101606805293006,0.5214795311703755
0.5434,0.4618387427618382,0.029731404878048404,0.4027567737870196,0.5161783238815374,0.36164146187775675,0.5068998109640832,0.5217173432987939
0.5436,0.4606112230883916,0.030252549020831764,0.39754253308128545,0.5140201638311279,0.360838059231254,0.5079867674858223,0.5226685918124682
0.5438,0.4609597428743328,0.030584708012017896,0.39568367989918085,0.5118620037807183,0.3611846250787649,0.5123976055450535,0.5236708000679464
0.544,0.4592985237944317,0.030910377854540247,0.3942186515437932,0.5092627599243856,0.3578292375551354,0.5120037807183365,0.5231781892305079
0.5442,0.4592103070332471,0.03100731528146673,0.3916351606805293,0.507010081915564,0.35927851291745433,0.5149495904221801,0.5231781892305079
0.5444,0.45919056695683,0.03125958712300829,0.38824826717076244,0.507703213610586,0.3607592942659105,0.5146030245746692,0.5246390351622219
0.5446,0.4583490932837286,0.03175706633295943,0.38599558916194077,0.5066477630749843,0.3585381222432262,0.5178954001260239,0.522668591812468
0.5448,0.45709770730398347,0.03174070266715122,0.38331758034026464,0.502236925015753,0.35888468809073715,0.5178796471329552,0.5231696959402072
0.545,0.4579094699812227,0.031477811689650984,0.38442028985507243,0.5003780718336484,0.36104284814114684,0.5200693131695022,0.5236368269067436
0.5452,0.45832195168211565,0.03140365657360159,0.38662570888468806,0.5014177693761814,0.3602236925015753,0.5197227473219912,0.5236198403261423
0.5454,0.45753435875765264,0.031802275374446944,0.38180529300567106,0.5043163201008192,0.36053875236294897,0.5171707624448645,0.5238406658739596
0.5456,0.45727780466160156,0.03145687873412509,0.3821045998739761,0.503182104599874,0.36157844990548205,0.5171865154379331,0.5223373534907424
0.5458,0.45583052284095693,0.031444770503635165,0.3795368620037808,0.5013705103969754,0.361231884057971,0.515406427221172,0.5216069305248853
0.546,0.45584306850644074,0.03191271952844498,0.37802457466918715,0.5028670447385004,0.36006616257088847,0.5168714555765594,0.5213861049770682
0.5462,0.45522530446064186,0.032345700957681585,0.37802457466918715,0.502835538752363,0.35667926906112163,0.5172180214240706,0.5213691183964668
0.5464,0.4557099636089002,0.03299429039705765,0.37767800882167607,0.5053875236294896,0.354473850031506,0.51794265910523,0.5230677764565993
0.5466,0.4555364339676381,0.032979962945018496,0.3762129804662886,0.5053875236294896,0.3554820415879017,0.5175488342785128,0.523050789875998
0.5468,0.4535580309010198,0.033407551812099756,0.3724952741020794,0.5024574669187146,0.3529458097038437,0.5189981096408317,0.5208934941396297
0.547,0.45347090590493994,0.033604058831761784,0.3729048519218651,0.5021109010712035,0.35146502835538757,0.5204473850031506,0.5204263631730932
0.5472,0.4516646939969724,0.034150881778056044,0.3707309388783869,0.502488972904852,0.3470384373030876,0.5193289224952741,0.5187361984032615
0.5474,0.45241199276138316,0.03394758971112445,0.37115626969124127,0.502488972904852,0.3491493383742911,0.5200535601764334,0.5192118226600984
0.5476,0.45149916421099795,0.03407705346724524,0.37074669187145554,0.5043478260869566,0.3469124133585381,0.5167611846250788,0.5187277051129607
0.5478,0.4506994452013659,0.03429229750429351,0.3685412728418399,0.5054347826086957,0.3461090107120353,0.5163831127914303,0.5170290470528283
0.548,0.451833365818697,0.03431719631019477,0.37069943289224955,0.5043320730938878,0.3464083175803403,0.5199590422180214,0.5177679633089858
0.5482,0.4524451802798537,0.03388054512770077,0.37251102709514805,0.5046471329552615,0.3481884057971015,0.5196124763705104,0.5172668591812467
0.5484,0.4525706369346918,0.03371825237290043,0.37252678008821677,0.5053402646502836,0.34921235034656584,0.5207151858853182,0.5150586037030745
0.5486,0.4520175267902566,0.03315212906704557,0.37326717076244487,0.5009609325771897,0.35069313169502203,0.5203371140516698,0.5148292848649567
0.5488,0.45278547597051766,0.03308657293335731,0.37592942659105233,0.5005828607435412,0.35033081285444234,0.5225267800882167,0.5145574995753355
0.549,0.45296126299668754,0.03294721036189968,0.3759609325771896,0.49951165721487084,0.3514177693761815,0.5221014492753623,0.5158145065398335
0.5492,0.4526367909427167,0.0327343847004915,0.37416509136735987,0.4980308758664146,0.3536231884057971,0.5232829237555136,0.5140818753184984
0.5494,0.452301415152351,0.032208177322421254,0.37640201638311277,0.49590422180214244,0.3539224952741021,0.5229206049149339,0.5123577373874639
0.5496,0.4516668828789717,0.032471035003025735,0.3734247006931318,0.4962980466288595,0.3538909892879647,0.5225582860743541,0.5121623917105487
0.5498,0.45234570495861515,0.03226667155139742,0.37296786389413994,0.4985507246376811,0.35644297416509135,0.5225897920604915,0.5111771700356719
0.55,0.4524173065534057,0.03178858421754702,0.37260554505356025,0.4985664776307498,0.3593572778827977,0.5218494013862633,0.5097078308136572
0.5502,0.4533771302397634,0.03144075743130911,0.3737555135475741,0.49826717076244487,0.3622400756143667,0.5244013862633901,0.5082215050110412
0.5504,0.4530615030886784,0.03101150172181152,0.37410207939508505,0.49751102709514805,0.3636578449905482,0.5240233144297417,0.506013249532869
0.5506,0.4534423482197646,0.03071034685904575,0.3704158790170132,0.4975425330812854,0.36984877126654064,0.5258034026465028,0.5036011550874809
0.5508,0.4549866831416162,0.02982523763481542,0.37373976055450536,0.4997637051039698,0.37419659735349714,0.5243541272841841,0.5028792254119245
0.551,0.4549889234007969,0.029636270555274298,0.37514177693761813,0.4998109640831759,0.37383427851291745,0.5239918084436044,0.5021657890266689
0.5512,0.45501092942498556,0.029159103633583185,0.3770163831127914,0.49801512287334593,0.37457466918714555,0.5225267800882167,0.5029216918634278
0.5514,0.4549100192889206,0.028296521405250585,0.3774417139256459,0.4972747321991179,0.37890674228103344,0.5221329552614996,0.49879395277730587
0.5516,0.45489474260513774,0.027619452873134893,0.37928481411468173,0.49946439823566474,0.38034026465028353,0.5185097668557026,0.4968744691693562
0.5518,0.45482510886343075,0.027075540218304262,0.38081285444234403,0.4991178323881537,0.3817580340264651,0.5177536231884058,0.4946832002717853
0.552,0.4557364116185642,0.026546604154754787,0.3811436672967864,0.5021109010712035,0.3861216131064902,0.5163043478260869,0.493001528792254
0.5522,0.45452334873471384,0.026159137031912243,0.380419029615627,0.4999527410207939,0.38684625078764967,0.5155482041587902,0.48985051809070834
0.5524,0.45401748044375756,0.025805877522035295,0.38196282293635797,0.49886578449905483,0.3864051669817265,0.5151858853182105,0.4876677424834381
0.5526,0.454792938720188,0.02518067842313009,0.38531821045998743,0.49925960932577185,0.3885790800252048,0.5162570888468809,0.48455070494309493
0.5528,0.4568149765340075,0.024679448787240186,0.3897920604914934,0.5011027095148078,0.3907844990548204,0.5165879017013232,0.4858077119075929
0.553,0.4574737550907561,0.02468944593999642,0.39237555135475743,0.5041115311909262,0.3893352236925015,0.515500945179584,0.4860455240360115
0.5532,0.45816107902356384,0.0242029886017691,0.39538437303087587,0.5034341524889729,0.39042218021424074,0.5154851921865155,0.4860794971972142
0.5534,0.46083583235154746,0.02330480997967208,0.40056710775047255,0.5067422810333964,0.39551039697542534,0.5147448015122873,0.48661457448615597
0.5536,0.4612771232717331,0.022575609702885115,0.40469439193446755,0.5049149338374291,0.3958884688090737,0.5125236294896031,0.48836419228809247
0.5538,0.462169882610633,0.02201381257081948,0.40957781978575925,0.506411468178954,0.39628229363579076,0.511436672967864,0.487141158484797
0.554,0.46261575038139535,0.021385468616375605,0.4144454946439824,0.5056868304977946,0.39628229363579076,0.5107120352867045,0.4859520978427042
0.5542,0.4635173631860446,0.021012597835495844,0.4182104599873976,0.5046313799621929,0.3970069313169502,0.5125078764965343,0.485230168167148
0.5544,0.46398082175446864,0.02074225189118569,0.421219281663516,0.5050094517958412,0.3962980466288595,0.5099558916194077,0.48742143706471885
0.5546,0.46497060315419503,0.02048560441454086,0.42574039067422803,0.5049936988027726,0.3959987397605545,0.5106647763074985,0.4874554102259216
0.5548,0.46679038720091653,0.02065435796297399,0.42955261499684944,0.5075456836798992,0.3960144927536232,0.5135790800252048,0.48726006454900633
0.555,0.46714240919805683,0.02051640076434277,0.43219911783238807,0.5071833648393195,0.39536862003780715,0.5132167611846252,0.487744182096144
0.5552,0.468982120633836,0.020300376133604973,0.43744486452425957,0.5079710144927536,0.3961090107120352,0.5146817895400126,0.48870392390011885
0.5554,0.47059851954511067,0.019344592459671094,0.4471487082545683,0.5068840579710144,0.39721172022684315,0.5124921235034656,0.48925598776966195
0.5556,0.471149865739651,0.01896042608099708,0.4501575299306868,0.5076244486452426,0.3983144297416509,0.5113736609955891,0.48827925938508576
0.5558,0.4717278686636549,0.01838363454050039,0.4557971014492754,0.5076244486452426,0.3990390674228103,0.5088846880907372,0.4872940377102089
0.556,0.4724997171579128,0.01849831700363876,0.4603497164461248,0.5087114051669818,0.39760554505356016,0.5077819785759294,0.48804994054696793
0.5562,0.4739176850854932,0.018199255609620876,0.4615469439193447,0.5119722747321991,0.40055135475740383,0.5066950220541904,0.48882282996432813
0.5564,0.47370768674347763,0.017819757573951076,0.46568998109640836,0.5101291745431633,0.40018903591682414,0.504174543163201,0.4883556989977917
0.5566,0.4747020706823714,0.017906343222245956,0.4709514807813485,0.5108695652173914,0.3994801512287335,0.50382797731569,0.48838117886869375
0.5568,0.4750737845898213,0.017747887052869216,0.4761814744801513,0.5105229993698803,0.3991965973534971,0.5013074984247007,0.48816035332087654
0.557,0.4764851478736965,0.017060636357527185,0.48108065532451166,0.5112948960302457,0.40291430371770637,0.4984404536862003,0.48869543060981824
0.5572,0.4765258022091974,0.017351470283806854,0.48298676748582225,0.5120352867044738,0.4014650283553875,0.4976843100189036,0.4884576184813996
0.5574,0.4788803429726558,0.017036316627203403,0.48750787649653426,0.5160680529300568,0.4054820415879017,0.4965973534971644,0.4887463903516222
0.5576,0.477840086703275,0.016846897871189318,0.4916036546943919,0.5134688090737239,0.404725897920605,0.49188720856962825,0.4875148632580261
0.5578,0.4785006035213278,0.01753132425015607,0.4956679269061122,0.5167296786389414,0.40293005671077503,0.4911468178954001,0.48602853745541025
0.558,0.47938598702362245,0.01750967365509249,0.49596723377441715,0.5192659105229993,0.4043950850661626,0.49007561436672964,0.4872260913878036
0.5582,0.4799250342701855,0.01733341297102763,0.5012444864524259,0.5159735349716447,0.405119722747322,0.4908002520478891,0.48648717513164597
0.5584,0.48032741767903797,0.01753514387629823,0.5056238185255199,0.5174070573408948,0.40554505356017645,0.48533396345305607,0.4877271955155427
0.5586,0.481355423166549,0.017911983906979193,0.5104442344045368,0.5199432892249527,0.40628544423440455,0.481663516068053,0.4884406319007983
0.5588,0.48274223672057737,0.01820979518188106,0.5126654064272211,0.5217391304347826,0.4063484562066793,0.48426275992438567,0.48869543060981824
0.559,0.4844338614586475,0.018123736440552502,0.5182419659735349,0.5231726528040328,0.40997164461247637,0.4821045998739761,0.48867844402921695
0.5592,0.4858130438957005,0.018016697528420254,0.52380277252678,0.5213295526149968,0.41255513547574035,0.48101764335223696,0.4903601155087481
0.5594,0.48520121230881663,0.01874088493601175,0.5301354757403907,0.5184310018903592,0.4104127284183995,0.47811909262759933,0.48890776286733484
0.5596,0.48589601697330814,0.01933936328067263,0.5364996849401387,0.5187775677378701,0.4108223062381852,0.47739445494643984,0.4859860710039069
0.5598,0.4860449883218596,0.019855032370449045,0.537224322621298,0.5213295526149968,0.4090894770006301,0.47783553875236284,0.4847460506200102
0.56,0.48618564245399254,0.021164366359114093,0.5416509136735981,0.522763074984247,0.40477315689981097,0.47381852551984877,0.487922541192458
0.5602,0.4869065312064465,0.02142259307803738,0.5450850661625708,0.5230781348456207,0.4059388783868935,0.4720069313169503,0.48842364532019705
0.5604,0.48575625070309136,0.022431175117204254,0.5496376811594202,0.5205103969754253,0.40195337114051666,0.4694706994328923,0.4872091048072023
0.5606,0.48672667467936626,0.022462498961229545,0.550693131695022,0.5241335853812225,0.4041902961562697,0.46913988657844996,0.4854764735858671
0.5608,0.48708014005419653,0.022216695731698342,0.5500157529930686,0.5263074984247007,0.40680529300567103,0.467296786389414,0.48497536945812814
0.561,0.48881812199490315,0.022646222591015765,0.5533081285444233,0.5307025834908633,0.4090264650283554,0.46583175803402643,0.4852216748768473
0.5612,0.49021359902614553,0.022751375305057952,0.5573881537492122,0.5307498424700693,0.4119722747321991,0.46477630749842475,0.48618141668082215
0.5614,0.4901730014196158,0.023620367252074087,0.5596250787649654,0.5325456836798992,0.4090737240075614,0.4629804662885949,0.4866400543570579
0.5616,0.4908836414947377,0.024192492243891705,0.5604284814114682,0.5369092627599243,0.40828607435412734,0.46192501575299305,0.4868693731951758
0.5618,0.49061189313246567,0.025168418632992507,0.5634057971014493,0.5383270321361058,0.4053560176433522,0.4593730308758664,0.48659758790555474
0.562,0.49065889683130165,0.025705373631264405,0.5656899810964084,0.5390516698172653,0.4039382482671708,0.4590107120352867,0.4856038729403771
0.5622,0.48890321652195967,0.025801160810984696,0.5612161310649023,0.5405009451795841,0.40137051039697536,0.45609640831758025,0.4853320876507559
0.5624,0.48929275938171424,0.026503984950423193,0.5635003150598614,0.5416036546943921,0.39922810333963454,0.4545998739760555,0.48753184983862746
0.5626,0.48836681787613373,0.026986208742338636,0.5638941398865784,0.5427063642091997,0.39743226212980465,0.4527410207939509,0.48506030236113473
0.5628,0.4883742761303006,0.026879256241120437,0.5620982986767487,0.5448960302457466,0.3992753623188406,0.4498109640831758,0.48579072532699163
0.563,0.48835912146732374,0.026868072933854372,0.5625393824826717,0.5448487712665406,0.40003150598613735,0.4490863264020164,0.4852896211992526
0.5632,0.48879506113295895,0.026363488997850897,0.5617989918084436,0.5437460617517329,0.4018746061751733,0.45053560176433527,0.4860200441651096
0.5634,0.4885318713528222,0.026559591324827155,0.5618304977945809,0.5433679899180845,0.4003308128544423,0.45014177693761814,0.48698827925938504
0.5636,0.48791379529768203,0.026418520093299983,0.5614524259609326,0.5426118462507876,0.4014650283553875,0.44828292375551354,0.48575675216578895
0.5638,0.48653387270810944,0.026278858457450496,0.5584751102709514,0.5426118462507876,0.40074039067422806,0.446817895400126,0.4840241209444539
0.564,0.4870460336334296,0.02590036973353869,0.5558601134215501,0.5451165721487083,0.40403276622558293,0.44499054820415884,0.4852301681671479
0.5642,0.486724720740936,0.025974880330120412,0.5539540012602394,0.5472904851921865,0.40403276622558293,0.44387208569628234,0.48447426533038895
0.5644,0.4864784634883243,0.02571955651538187,0.5510081915563957,0.5494486452425962,0.405166981726528,0.444281663516068,0.48248683540003395
0.5646,0.4860808811700382,0.025951746834429454,0.5521109010712035,0.5490863264020164,0.4051197227473221,0.4420762444864524,0.48201121114319695
0.5648,0.48552267505142266,0.02580970753836947,0.5505828607435413,0.548755513547574,0.405166981726528,0.441351606805293,0.481756412434177
0.565,0.4868170294805478,0.025838964543602908,0.5516698172652804,0.5505671077504727,0.40622243226212973,0.44314744801512285,0.4824783421097333
0.5652,0.4874941529021311,0.026147951694484268,0.553528670447385,0.5520006301197228,0.405466288594833,0.44499054820415884,0.48148462714455575
0.5654,0.4869623739211996,0.02646458089602357,0.553875236294896,0.5512759924385634,0.40371770636420923,0.44278512917454316,0.4831578053337863
0.5656,0.48743131111676974,0.026717497045630756,0.5552930056710774,0.5527252678008822,0.40382797731569,0.4431632010081916,0.4821471037880075
0.5658,0.487253227102448,0.026551011955415024,0.5529930686830499,0.5541902961562697,0.40452110901071203,0.4431789540012602,0.4813827076609479
0.566,0.48547375434150564,0.02637872756088981,0.5503938248267171,0.5508664146187775,0.4022999369880277,0.44097353497164454,0.4828350603023611
0.5662,0.486782089250941,0.026403005609032294,0.5521896660365468,0.5537492123503466,0.40633270321361065,0.4402646502835538,0.4813742143706472
0.5664,0.4879426580348721,0.025669679938382744,0.5506616257088847,0.5551984877126654,0.412476370510397,0.44024889729048516,0.481127908951928
0.5666,0.48756608630788484,0.024804632659376328,0.5483931947069942,0.552284183994959,0.41357908002520477,0.4432104599873976,0.4803635128248683
0.5668,0.4872280790425091,0.024955873016304538,0.5487082545683679,0.5515122873345936,0.41285444234404534,0.4414618777567737,0.4816035332087651
0.567,0.48780862567217137,0.02489579506249798,0.5487082545683679,0.5536862003780718,0.4161310649023314,0.44037492123503463,0.4801426872770511
0.5672,0.4863539508891945,0.02491998535323049,0.5479363579080025,0.5514807813484561,0.4157214870825457,0.43675173282923757,0.4798793952777306
0.5674,0.4856556664910209,0.024597247434769327,0.5453843730308758,0.5511342155009451,0.41794265910523,0.43418399495904225,0.4796330898590114
0.5676,0.48433118416161375,0.02524513655419192,0.5453843730308758,0.5525992438563327,0.41717076244486445,0.429773156899811,0.4767283845761847
0.5678,0.4848885281069039,0.024417589760793112,0.5450220541902961,0.5507718966603654,0.42117202268431003,0.43196282293635785,0.47551384406319
0.568,0.4858124503822195,0.023877917447640354,0.5450220541902961,0.5500315059861374,0.4222747321991179,0.4359483301827347,0.4757856293528113
0.5682,0.48381234473789025,0.023514139217391074,0.5413358538122244,0.5482356647763075,0.4226528040327662,0.4337271581600504,0.47311024290810255
0.5684,0.4839709578708183,0.02322416241162399,0.542848141146818,0.5463925645872717,0.42561436672967856,0.4333333333333333,0.47166638355699
0.5686,0.48367741059862013,0.023467463316631857,0.5428323881537492,0.5467706364209199,0.42668557025834913,0.4297101449275361,0.4723883132325463
0.5688,0.48346400637762077,0.02259017733475051,0.5425015752993069,0.5427693761814745,0.42997794580970383,0.4311436672967863,0.47092746730083235
0.569,0.48456272024621666,0.021959090953327952,0.5406269691241337,0.5438563327032135,0.43361688720856967,0.43330182734719597,0.47141158484797013
0.5692,0.48490378177799087,0.021968549258785074,0.5413988657844991,0.5438405797101449,0.43284499054820424,0.43475110270951484,0.4716833701375913
0.5694,0.4839024415828067,0.02192782213373819,0.539461247637051,0.5430844360428482,0.4306710775047259,0.4343572778827977,0.4719381688466111
0.5696,0.48413644805354883,0.02147826332750293,0.5405954631379963,0.5397448015122874,0.43221487082545684,0.4347195967233775,0.47340750806862586
0.5698,0.485225063630104,0.02072317083841415,0.5383585381222432,0.5401228733459357,0.43593257718966605,0.43656269691241334,0.4751486325802617
0.57,0.48476647144408086,0.020720995940331208,0.5387681159420289,0.5386893509766855,0.4370667926906112,0.43438878386893515,0.4749193137421438
0.5702,0.4850494098634983,0.020618849098116676,0.538768115942029,0.5393982356647762,0.43701953371140523,0.43659420289855067,0.4734669611007304
0.5704,0.48511727109244696,0.02095908131490958,0.539508506616257,0.5405009451795841,0.4377441713925646,0.4343572778827978,0.4734754543910311
0.5706,0.48483736125083743,0.020943539953941246,0.5383900441083806,0.5408790170132325,0.43632640201638306,0.4350819155639572,0.4735094275522337
0.5708,0.48450078880028824,0.02099013620176887,0.5376969124133586,0.5412570888468808,0.43604284814114685,0.4347195967233775,0.4727874978766774
0.571,0.4844781277170367,0.020459554762224736,0.5354284814114681,0.5408947700063012,0.4386735979836168,0.4350819155639572,0.4723118736198403
0.5712,0.48411776281488716,0.020442679702667076,0.5347668557025834,0.5401386263390044,0.44018588531821046,0.4321833648393195,0.4733140818753185
0.5714,0.483131560156953,0.020535071178314015,0.5325141776937619,0.5408632640201639,0.43906742281033395,0.43109640831758034,0.47211652794292513
0.5716,0.4821013625763687,0.020560470616476628,0.5320888468809073,0.5393982356647763,0.43616887208569627,0.43149023314429746,0.47136062510616616
0.5718,0.48133346156221524,0.02060978969103322,0.5298519218651543,0.5401228733459358,0.4350819155639571,0.43073408947700065,0.4708765075590284
0.572,0.48095359473829163,0.020478144543451295,0.5275834908632641,0.5401386263390044,0.433947700063012,0.430718336483932,0.4723798199422456
0.5722,0.4814780374858619,0.020261054970012665,0.5267958412098299,0.5412255828607435,0.4376496534341525,0.4303245116572148,0.4713945982673688
0.5724,0.48083584840691673,0.020335874825268444,0.5246219281663516,0.5426591052299937,0.4361531190926275,0.43104914933837435,0.46969594020723626
0.5726,0.4815352245701951,0.0200338283125056,0.5235192186515438,0.5437775677378702,0.43692501575299303,0.43397920604914936,0.46947511465941905
0.5728,0.4816428779613192,0.019988563095392514,0.5246534341524891,0.5433994959042219,0.4354757403906742,0.43690926275992437,0.46777645659928646
0.573,0.4818829303489185,0.020011262968762558,0.5242438563327033,0.5441241335853813,0.4333018273471959,0.4394927536231884,0.4682520808561236
0.5732,0.48164030856707,0.019658634500838927,0.5238972904851922,0.5430056710775046,0.4339319470699433,0.44204473850031506,0.4653218957023951
0.5734,0.48191871830201843,0.019285880945693067,0.522416509136736,0.5426118462507877,0.4328134845620668,0.44569943289224956,0.46605231866825214
0.5736,0.48142690434607066,0.019220542909538813,0.523156899810964,0.5411625708884689,0.43248267170762444,0.4464713295526149,0.46386104977068116
0.5738,0.4822498174772113,0.019017717200019883,0.5208884688090738,0.5433679899180845,0.4328607435412728,0.4497952110901071,0.46433667402751827
0.574,0.48180066852416575,0.018683918830003112,0.5193919344675488,0.5422810333963454,0.43328607435412725,0.4509136735979836,0.4631306268048242
0.5742,0.482695143646853,0.018358106042465617,0.5182262129804662,0.5433837429111532,0.4359168241965974,0.4520793950850662,0.4638695430609818
0.5744,0.4817811580395281,0.018082813621643924,0.5159735349716446,0.5422495274102079,0.43593257718966605,0.4520951480781349,0.4626550025479871
0.5746,0.48110072507117607,0.017353602651104336,0.51411468178954,0.5393352236925015,0.4381064902331443,0.45280403276622555,0.46114319687446914
0.5748,0.4804992556195665,0.017675817058369726,0.5126181474480151,0.5407687460617517,0.43629489603024574,0.45241020793950854,0.46040428061831146
0.575,0.48018564769874655,0.01745375451804141,0.5118620037807184,0.5396660365469439,0.43624763705103964,0.45275677378701956,0.4603957873280109
0.5752,0.48046229348379993,0.01696462104055544,0.5115154379332072,0.5378386893509768,0.4362161310649023,0.4568210459987398,0.4599201630711738
0.5754,0.48013663333250917,0.01648396336015252,0.5048834278512917,0.539666036546944,0.43875236294896025,0.4572148708254568,0.460166468489893
0.5756,0.47954031658405116,0.016205934915929865,0.5015752993068683,0.5385948330182735,0.43620037807183365,0.4616572148708255,0.45967385765245455
0.5758,0.47926906165679206,0.015791044016820785,0.5022526780088217,0.5356962822936359,0.43618462507876493,0.4627756773787019,0.459436045524036
0.576,0.47841838290535604,0.014801861007356618,0.4981726528040328,0.532010081915564,0.4380119722747322,0.46641461877756774,0.4574825887548837
0.5762,0.4788207663142085,0.014429471295894607,0.49746376811594206,0.5301512287334594,0.43692501575299303,0.47084120982986766,0.4587226091387803
0.5764,0.4787460451611847,0.013918629752102734,0.49549464398235654,0.5290012602394455,0.4394612476370511,0.4722904851921865,0.45748258875488357
0.5766,0.47798440574101464,0.013211254982718676,0.49399810964083174,0.5253780718336485,0.4398550724637681,0.4719596723377443,0.458731102429081
0.5768,0.4766789008579882,0.012538112017613784,0.49102079395085063,0.5217548834278513,0.4402804032766225,0.4723377441713925,0.458000679463224
0.577,0.4744668600589403,0.012213450093235101,0.48541272841839944,0.519580970384373,0.43954001260239445,0.4719911783238816,0.4558094105656531
0.5772,0.4734303612811285,0.012062074738034454,0.48350661625708885,0.518840579710145,0.4399180844360428,0.4698330182734719,0.45505350772889414
0.5774,0.47394676457016727,0.012016783376499206,0.48235664776307496,0.5181316950220543,0.43850031505986137,0.47495274102079393,0.4557924239850518
0.5776,0.4731943698315759,0.011673914890274237,0.480119722747322,0.5163043478260869,0.43890989287964716,0.4753465658475111,0.4552913198573127
0.5778,0.47237550907561854,0.01102668266649515,0.4771424070573409,0.5126654064272211,0.43998109640831745,0.477536231884058,0.4545524036011551
0.578,0.4720770386920482,0.010840228500937639,0.4771424070573409,0.5112003780718336,0.44072148708254566,0.4782293635790801,0.45309155766944115
0.5782,0.47089814752079945,0.01088110862489842,0.4767800882167611,0.508648393194707,0.43883112791430373,0.47934782608695653,0.45088330219126893
0.5784,0.470643005762058,0.010171202897858616,0.4757088846880908,0.5049464398235666,0.44065847511027095,0.4807971014492754,0.4511041277390861
0.5786,0.46993526100517957,0.009818821553505814,0.47307813484562067,0.5034814114681789,0.4424543163201009,0.4807813484562066,0.4498810939357908
0.5788,0.46871997498787554,0.009107630180952774,0.47117202268431,0.49910207939508505,0.4435255198487712,0.4804032766225583,0.449396976388653
0.579,0.4683422066007048,0.00910247323836758,0.4690453686200378,0.49872400756143664,0.4431632010081915,0.4811436672967864,0.44963478851707145
0.5792,0.4668989771552433,0.0088270531204023,0.4668241965973536,0.4954316320100819,0.4424543163201008,0.4811436672967863,0.44864107355189403
0.5794,0.4674778508154362,0.008974300008529007,0.4638626339004411,0.49760554505356025,0.44355702583490864,0.4822621298046629,0.4501019194836079
0.5796,0.46743484276281216,0.008825552287402616,0.46573724007561434,0.4957939508506616,0.44240705734089475,0.48262444864524257,0.4506115169016477
0.5798,0.4676611838651247,0.008586471353739094,0.4649968494013862,0.4943289224952741,0.4449275362318841,0.4844517958412099,0.4496008153558688
0.58,0.46740943942250335,0.00815679144562073,0.46351606805293005,0.4935727788279774,0.447117202268431,0.48300252047889103,0.4498386274842874
0.5802,0.4679577088731282,0.007888485822474834,0.46287019533711404,0.4928481411468179,0.44891304347826083,0.4841209829867674,0.45103618141668084
0.5804,0.4673785970582925,0.007525398522265303,0.46296471329552613,0.4895557655954631,0.44930686830497796,0.48453056080655327,0.4505350772889417
0.5806,0.4665838011600325,0.006925136543604768,0.4603969754253308,0.48766540642722117,0.45152804032766225,0.482309388783869,0.4510191948360795
0.5808,0.4660671425906237,0.007146949113133022,0.4574196597353497,0.48725582860743544,0.4529773156899811,0.48339634530560804,0.44928656361474434
0.581,0.46579903826197855,0.006779794797919448,0.4581758034026465,0.4839319470699433,0.4537177063642092,0.48412098298676753,0.4490487514863258
0.5812,0.4663188784703814,0.007263933600459179,0.45636420919974796,0.4835223692501575,0.45552930056710766,0.4881064902331442,0.44807202310174954
0.5814,0.4672394291181674,0.007174624583529213,0.45486767485822305,0.48276622558286075,0.45699432892249525,0.4903119092627599,0.45125700696449805
0.5816,0.46550151246929544,0.007094784384839836,0.4515437933207309,0.48087586641461877,0.45441083805923127,0.48846880907372403,0.4522082554781722
0.5818,0.4648494038480867,0.0065641385399527845,0.4493383742911153,0.47937933207309386,0.4566162570888469,0.48550724637681153,0.45340580941056563
0.582,0.46630474225298996,0.006330188679983678,0.4535129174543163,0.4815689981096408,0.4565847511027094,0.485491493383743,0.45436555121454053
0.5822,0.4658425060333401,0.005993289788475746,0.451984877126654,0.4789697542533081,0.45946754883427854,0.48468809073724006,0.4541022592152199
0.5824,0.466405930146942,0.0050223516634266396,0.4542848141146818,0.47747321991178326,0.4627284183994959,0.48174228103339634,0.45580091727535244
0.5826,0.46687361395335747,0.004561945615604295,0.4576559546313799,0.4766855702583491,0.4634530560806553,0.4810018903591683,0.45557159843723466
0.5828,0.468211183549369,0.003679751662401439,0.4613894139886578,0.47629174543163205,0.46707624448645235,0.4787649653434152,0.45753354849668765
0.583,0.4696939273991191,0.0033684560998454827,0.4650913673597984,0.4780875866414619,0.4670604914933837,0.47871770636420924,0.45951248513674203
0.5832,0.4701319087725359,0.003709474785113453,0.4650913673597984,0.4799306868304978,0.4674700693131695,0.4794108380592312,0.45875658229998295
0.5834,0.4713976300562505,0.0028929093179480138,0.4691713925645873,0.48065532451165727,0.46855702583490866,0.4764335223692502,0.4621708850008493
0.5836,0.4730907067348742,0.003141060316924423,0.4721802142407058,0.4836168872085696,0.4710775047258979,0.4764335223692502,0.4621454051299473
0.5838,0.472866991755782,0.002738064555566624,0.4718651543793321,0.48396345305608063,0.4692028985507247,0.4734719596723377,0.4658314931204349
0.584,0.4749971084280091,0.002235841571118645,0.47556710775047256,0.4827977315689981,0.4742911153119092,0.4752835538752363,0.46704603363342956
0.5842,0.47628051951749545,0.002189688812242127,0.48034026465028357,0.4830970384373031,0.47537807183364833,0.47307813484562067,0.46950908782062173
0.5844,0.47604622672600305,0.0021849109511173216,0.4793005671077505,0.48308128544423445,0.4764650283553875,0.4716288594833018,0.46975539323934096
0.5846,0.4775378807704736,0.0023637094571021303,0.4841367359798362,0.4830655324511657,0.4767485822306238,0.47128229363579077,0.47245625955495163
0.5848,0.4780184393774413,0.002983735293477886,0.4852709514807813,0.48415248897290486,0.47860743541272843,0.46688720856962823,0.4751741124511636
0.585,0.47908280867062725,0.003543317737355157,0.4870667926906112,0.4859955891619408,0.4803875236294896,0.4650913673597984,0.4768727705112961
0.5852,0.4791726759237644,0.004469971402589834,0.4904221802142407,0.4852709514807813,0.4814744801512287,0.46105860113421554,0.47763716663835576
0.5854,0.4809613708887685,0.005460963596813616,0.4930056710775047,0.4871298046628859,0.4880434782608695,0.4585066162570889,0.4781212841854935
0.5856,0.48094417451800986,0.006530530183957533,0.49335223692501573,0.4882482671707624,0.49065847511027094,0.4533553875236295,0.4791065058603703
0.5858,0.4820867190093109,0.006551873254501333,0.49557340894770013,0.4871298046628859,0.491304347826087,0.45414303717706367,0.482282996432818
0.586,0.48266729132756386,0.007230724258990729,0.49672337744171396,0.48783868935097663,0.49343100189035904,0.451591052299937,0.48375233565483267
0.5862,0.4835832394361825,0.007981230215626758,0.4974795211090107,0.49039067422810334,0.4944864524259609,0.4486137366099559,0.48694581280788174
0.5864,0.48457109258606934,0.008324234952268021,0.4997479521109011,0.48927221172022684,0.4966288594833019,0.4482986767485822,0.48890776286733484
0.5866,0.48669741216348344,0.009099910400557513,0.5042060491493384,0.48927221172022684,0.5010396975425331,0.4475897920604915,0.49137931034482757
0.5868,0.48740945601305147,0.010511015966106162,0.5101134215500945,0.4892407057340894,0.5025362318840579,0.44280088216761176,0.4923560387294038
0.587,0.4888496087145975,0.011215631503172573,0.513815374921235,0.48850031505986136,0.5047258979206048,0.44168241965973537,0.4955240360115508
0.5872,0.48877717063507226,0.012218946881113621,0.5156899810964084,0.48922495274102074,0.5036389413988658,0.43687775677378704,0.49845422116527943
0.5874,0.489187619191047,0.01309421939427322,0.5178638941398865,0.4863421550094518,0.5065689981096407,0.43426275992438557,0.5009002887718702
0.5876,0.4894502192039555,0.013737445690048165,0.5204946439823567,0.48375866414618773,0.5087586641461879,0.43282923755513547,0.50140988618991
0.5878,0.4897397793928052,0.014666046586899874,0.5238657844990547,0.4848771266540643,0.5086956521739131,0.42911153119092627,0.5021488024460676
0.588,0.49036332016043804,0.015142425564477644,0.525,0.4838059231253939,0.5101606805293006,0.4280088216761184,0.5048411754713775
0.5882,0.4903693917658861,0.016216164248853773,0.5272211720226843,0.48303402646502835,0.5112161310649024,0.42359798361688716,0.5067776456599287
0.5884,0.4914051279136615,0.016446773003352764,0.5305765595463138,0.4808601134215501,0.5093730308758664,0.4250472589792061,0.5111686767453711
0.5886,0.49123868778825414,0.016670307549476935,0.5304977945809703,0.4783238815374921,0.5122400756143668,0.4246849401386264,0.5104467470698149
0.5888,0.49237959035046625,0.01724302814287092,0.531663516068053,0.47911153119092625,0.5140674228103339,0.4232199117832388,0.5138355698997792
0.589,0.4921315466704429,0.0178861315022937,0.5321045998739761,0.479127284183995,0.5151386263390044,0.4199590422180214,0.5143281807372176
0.5892,0.490403558126698,0.018379580573777463,0.5328134845620667,0.4766383112791431,0.5125551354757403,0.416650913673598,0.513359945642942
0.5894,0.49130374467938437,0.018814841025165868,0.5350661625708885,0.478134845620668,0.512177063642092,0.4155639571518589,0.515576694411415
0.5896,0.49118268344945104,0.01951111388772213,0.538720856962823,0.47597668557025835,0.5114524259609325,0.41373660995589157,0.51602683879735
0.5898,0.4913969241551852,0.01998159879913903,0.5405639571518588,0.4756301197227472,0.5125078764965344,0.4122558286074353,0.5160268387973501
0.59,0.4920594120373953,0.020449685789727022,0.5416509136735981,0.4742123503465658,0.515406427221172,0.41153119092627594,0.5174961780193646
0.5902,0.49218945731674746,0.02123268732462561,0.5432104599873975,0.47166036546943924,0.5168241965973535,0.40931001890359164,0.5199422456259555
0.5904,0.4918583891819351,0.021817345176943653,0.5461405166981727,0.469880277252678,0.5168084436042848,0.40751417769376186,0.5189485306607781
0.5906,0.4917791393444421,0.022013169567212502,0.5457939508506616,0.4688563327032136,0.5175330812854442,0.4068210459987397,0.5198912858841516
0.5908,0.49105275483911504,0.02315444528531254,0.5479993698802772,0.463768115942029,0.519675488342785,0.40318210459987397,0.5206386954306098
0.591,0.49274954084320016,0.02351124590619464,0.5501890359168241,0.46485507246376806,0.5233301827347197,0.4035286704473851,0.5218447426533039
0.5912,0.4923534104654676,0.023927109079886655,0.5508821676118464,0.46521739130434775,0.5233301827347197,0.40097668557025834,0.5213606251061661
0.5914,0.49211281647674776,0.02448194684519134,0.5523471959672339,0.4641304347826088,0.5236767485822307,0.3988027725267801,0.5216069305248853
0.5916,0.49195540856686665,0.024529396072749777,0.5519691241335855,0.4630907372400756,0.5229206049149339,0.3987712665406427,0.5230253100050959
0.5918,0.49173063286305013,0.024097769238750295,0.5486294896030246,0.4623660995589162,0.5229521109010713,0.4002362948960302,0.5244691693562086
0.592,0.4909306928245023,0.02477592287767543,0.549747952110901,0.4579237555135475,0.5229206049149339,0.3983774417139257,0.5256837098692033
0.5922,0.4912036378469578,0.024776496533725705,0.5500315059861374,0.4579395085066163,0.5243226212980465,0.3987712665406427,0.5249532869033464
0.5924,0.4914304809471469,0.024830361484110705,0.5507718966603654,0.45760869565217394,0.5246849401386264,0.39913358538122246,0.5249532869033464
0.5926,0.49330885317675277,0.024751608661602253,0.5521739130434783,0.45945179584120976,0.5271896660365469,0.40132325141776937,0.5264056395447596
0.5928,0.49467539361610696,0.025424100184459675,0.5551354757403907,0.458396345305608,0.5290170132325142,0.40100819155639567,0.529819942245626
0.593,0.49468939122214434,0.02557959968355893,0.5540485192186515,0.45541902961562697,0.5326244486452427,0.40176433522369254,0.5295906234075082
0.5932,0.4944840039821597,0.02542168652987007,0.5528985507246378,0.4546943919344676,0.5322621298046629,0.4024732199117832,0.5300917275352471
0.5934,0.49498773958490877,0.025084122039647373,0.5528985507246377,0.4568683049779458,0.5319628229363579,0.403575929426591,0.5296330898590114
0.5936,0.4945698670262213,0.024926280818784282,0.5514492753623188,0.45729363579080023,0.5304820415879017,0.4032608695652174,0.5303635128248685
0.5938,0.49487056910610877,0.024354903084255957,0.5503308128544424,0.45946754883427854,0.5293635790800252,0.40505671077504724,0.5301341939867505
0.594,0.4946898846571573,0.023508135336877525,0.5447385003150599,0.46101134215500944,0.5308443604284813,0.4072306238185255,0.5296245965687106
0.5942,0.4950886240323831,0.023359106994968716,0.5454158790170134,0.46140516698172657,0.5294108380592313,0.40838059231253937,0.5308306437914048
0.5944,0.49519258522377274,0.023177854816592913,0.5450535601764335,0.4617832388153749,0.5301354757403907,0.4091367359798362,0.5298539154068286
0.5946,0.49519548910488,0.023298068598358514,0.5468966603654695,0.4625393824826717,0.5283081285444234,0.40839634530560803,0.5298369288262272
0.5948,0.4947973394968825,0.022978289607318913,0.5453843730308758,0.46327977315689983,0.5294108380592313,0.4087586641461877,0.5271530490912179
0.595,0.4933113968824112,0.022577718121491407,0.5428008821676118,0.46296471329552613,0.5264650283553876,0.40839634530560803,0.5259300152879225
0.5952,0.493514980569257,0.022249075802445773,0.5435255198487713,0.4625708884688091,0.5249369880277254,0.410586011342155,0.5259554951588244
0.5954,0.49427428339803114,0.021784433864793177,0.5434782608695652,0.46069628229363585,0.5252835538752363,0.41498109640831754,0.5269322235434007
0.5956,0.4941949029768688,0.020987921386818306,0.5408160050409577,0.46326402016383117,0.5245589161940769,0.4168557025834908,0.5254798709019874
0.5958,0.4938188246848947,0.020698981175987088,0.5404379332073093,0.4621140516698173,0.5234562066792691,0.4183364839319471,0.5247494479361305
0.596,0.4931118029548087,0.020119088524363317,0.5382010081915564,0.46461877756773784,0.5227315689981097,0.4183837429111531,0.5216239171054867
0.5962,0.4928888987718606,0.019332698765469204,0.5359798361688721,0.4649968494013863,0.5212192816635162,0.4213295526149968,0.5209189740105317
0.5964,0.49240521525486985,0.018456094102775773,0.5330182734719597,0.46532766225582856,0.5182577189666037,0.4242911153119093,0.5211313062680483
0.5966,0.49192855596189905,0.017707898276828477,0.5315217391304348,0.46496534341524887,0.5164776307498424,0.42723692501575306,0.5194411414982164
0.5968,0.49168455609419537,0.01744860703322398,0.5296471329552614,0.4642407057340895,0.5175488342785128,0.4282923755513548,0.518693731951758
0.597,0.49291376586283864,0.016812396483675208,0.5315059861373662,0.4667769376181474,0.5175645872715816,0.4319470699432892,0.5167742483438085
0.5972,0.4930294362349773,0.016020564470185412,0.5307498424700693,0.46674543163201,0.514666036546944,0.4359483301827347,0.5170375403431289
0.5974,0.49242245390476747,0.015239062552364409,0.5288437303087588,0.4682262129804663,0.511672967863894,0.437775677378702,0.5155936809920163
0.5976,0.49157923340749843,0.014361294814839736,0.5269061121613106,0.4682262129804663,0.5076559546313799,0.4407372400756143,0.5143706471887208
0.5978,0.4916384793253405,0.01378227730475705,0.5264650283553876,0.4700378071833649,0.5061751732829238,0.442596093257719,0.5129182945473076
0.598,0.49196377930118257,0.0134273379306742,0.5283238815374921,0.47336168872085693,0.5021739130434784,0.44374606175173276,0.5122133514523527
0.5982,0.49196742333480936,0.012473811038049377,0.5264807813484562,0.47334593572778827,0.4992438563327032,0.44851921865154376,0.5122473246135553
0.5984,0.49168643029095865,0.012083290603802402,0.5242911153119094,0.474054820415879,0.49669187145557653,0.44966918714555765,0.5137251571258706
0.5986,0.4917290696052702,0.011047859588213863,0.522069943289225,0.4761972274732199,0.4952741020793951,0.45332388153749215,0.5117801936470189
0.5988,0.49213459504987284,0.010303765093048789,0.520478890989288,0.47909577819785765,0.4927536231884059,0.4563011972274732,0.5120434856463394
0.599,0.4910029714206935,0.010066448860858833,0.5182577189666037,0.4801827347195967,0.49054820415879014,0.4552142407057341,0.5108119585527433
0.5992,0.48989644768534557,0.0101764175757695,0.5181632010081916,0.4801512287334594,0.48689350976685575,0.45415879017013233,0.5101155087480891
0.5994,0.48929382117679643,0.009740224460956029,0.5170289855072463,0.4808286074354127,0.48431001890359165,0.45565532451165724,0.5086461695260744
0.5996,0.4897160013910372,0.009288776655577502,0.5165721487082546,0.4826874606175173,0.482104599873976,0.4585696282293636,0.5086461695260744
0.5998,0.48900255376702306,0.009109775274053213,0.5165248897290485,0.4826874606175172,0.4792060491493384,0.45967233774417143,0.5069220315950399
0.6,0.4892531325898414,0.00859389262117835,0.5157057340894771,0.48558601134215496,0.47849716446124757,0.4614996849401386,0.5049770681161883
