time_ms,mean_auc,sem_auc,sub-104
-100.0,0.43923611111111116,0.0,0.43923611111111116
-99.8,0.43923611111111105,0.0,0.43923611111111105
-99.6,0.44027777777777777,0.0,0.44027777777777777
-99.4,0.4385416666666666,0.0,0.4385416666666666
-99.2,0.4378472222222222,0.0,0.4378472222222222
-99.0,0.43680555555555556,0.0,0.43680555555555556
-98.8,0.4371527777777778,0.0,0.4371527777777778
-98.6,0.43993055555555555,0.0,0.43993055555555555
-98.4,0.43993055555555555,0.0,0.43993055555555555
-98.19999999999999,0.440625,0.0,0.440625
-98.0,0.440625,0.0,0.440625
-97.8,0.440625,0.0,0.440625
-97.60000000000001,0.43993055555555555,0.0,0.43993055555555555
-97.4,0.4395833333333334,0.0,0.4395833333333334
-97.19999999999999,0.44305555555555554,0.0,0.44305555555555554
-97.0,0.44340277777777776,0.0,0.44340277777777776
-96.8,0.4427083333333333,0.0,0.4427083333333333
-96.60000000000001,0.4451388888888889,0.0,0.4451388888888889
-96.4,0.4444444444444445,0.0,0.4444444444444445
-96.19999999999999,0.44722222222222224,0.0,0.44722222222222224
-96.0,0.4503472222222221,0.0,0.4503472222222221
-95.8,0.4503472222222221,0.0,0.4503472222222221
-95.60000000000001,0.45243055555555556,0.0,0.45243055555555556
-95.4,0.45451388888888894,0.0,0.45451388888888894
-95.2,0.4541666666666667,0.0,0.4541666666666667
-95.0,0.45763888888888893,0.0,0.45763888888888893
-94.8,0.46284722222222224,0.0,0.46284722222222224
-94.60000000000001,0.46701388888888884,0.0,0.46701388888888884
-94.39999999999999,0.4708333333333333,0.0,0.4708333333333333
-94.2,0.4763888888888889,0.0,0.4763888888888889
-94.0,0.47847222222222224,0.0,0.47847222222222224
-93.8,0.4802083333333333,0.0,0.4802083333333333
-93.60000000000001,0.484375,0.0,0.484375
-93.39999999999999,0.4875,0.0,0.4875
-93.2,0.49027777777777776,0.0,0.49027777777777776
-93.0,0.490625,0.0,0.490625
-92.8,0.4947916666666667,0.0,0.4947916666666667
-92.60000000000001,0.4951388888888889,0.0,0.4951388888888889
-92.39999999999999,0.49722222222222223,0.0,0.49722222222222223
-92.2,0.5,0.0,0.5
-92.0,0.5027777777777777,0.0,0.5027777777777777
-91.80000000000001,0.5041666666666667,0.0,0.5041666666666667
-91.6,0.507986111111111,0.0,0.507986111111111
-91.39999999999999,0.5097222222222222,0.0,0.5097222222222222
-91.2,0.509375,0.0,0.509375
-91.0,0.5104166666666667,0.0,0.5104166666666667
-90.80000000000001,0.5131944444444445,0.0,0.5131944444444445
-90.6,0.5142361111111111,0.0,0.5142361111111111
-90.39999999999999,0.5149305555555556,0.0,0.5149305555555556
-90.2,0.5170138888888889,0.0,0.5170138888888889
-90.0,0.5180555555555555,0.0,0.5180555555555555
-89.80000000000001,0.5197916666666667,0.0,0.5197916666666667
-89.6,0.5208333333333333,0.0,0.5208333333333333
-89.39999999999999,0.5222222222222224,0.0,0.5222222222222224
-89.2,0.523263888888889,0.0,0.523263888888889
-89.0,0.5253472222222222,0.0,0.5253472222222222
-88.8,0.5263888888888888,0.0,0.5263888888888888
-88.6,0.5263888888888889,0.0,0.5263888888888889
-88.4,0.5263888888888888,0.0,0.5263888888888888
-88.2,0.5291666666666667,0.0,0.5291666666666667
-88.0,0.528125,0.0,0.528125
-87.8,0.5309027777777777,0.0,0.5309027777777777
-87.6,0.5326388888888889,0.0,0.5326388888888889
-87.4,0.5322916666666667,0.0,0.5322916666666667
-87.2,0.5326388888888889,0.0,0.5326388888888889
-87.0,0.5309027777777777,0.0,0.5309027777777777
-86.8,0.53125,0.0,0.53125
-86.6,0.53125,0.0,0.53125
-86.4,0.529513888888889,0.0,0.529513888888889
-86.2,0.5284722222222222,0.0,0.5284722222222222
-86.0,0.5284722222222222,0.0,0.5284722222222222
-85.8,0.5295138888888888,0.0,0.5295138888888888
-85.6,0.5249999999999999,0.0,0.5249999999999999
-85.4,0.523263888888889,0.0,0.523263888888889
-85.2,0.5243055555555556,0.0,0.5243055555555556
-85.0,0.5222222222222223,0.0,0.5222222222222223
-84.8,0.5208333333333334,0.0,0.5208333333333334
-84.6,0.5204861111111111,0.0,0.5204861111111111
-84.4,0.5194444444444445,0.0,0.5194444444444445
-84.2,0.5180555555555556,0.0,0.5180555555555556
-84.0,0.5170138888888889,0.0,0.5170138888888889
-83.8,0.515625,0.0,0.515625
-83.6,0.5145833333333333,0.0,0.5145833333333333
-83.4,0.5107638888888889,0.0,0.5107638888888889
-83.2,0.5114583333333333,0.0,0.5114583333333333
-83.0,0.5104166666666667,0.0,0.5104166666666667
-82.8,0.5076388888888889,0.0,0.5076388888888889
-82.60000000000001,0.5069444444444444,0.0,0.5069444444444444
-82.4,0.5052083333333334,0.0,0.5052083333333334
-82.19999999999999,0.5020833333333333,0.0,0.5020833333333333
-82.0,0.5,0.0,0.5
-81.8,0.49756944444444445,0.0,0.49756944444444445
-81.60000000000001,0.49444444444444446,0.0,0.49444444444444446
-81.4,0.4913194444444445,0.0,0.4913194444444445
-81.19999999999999,0.49027777777777776,0.0,0.49027777777777776
-81.0,0.48611111111111116,0.0,0.48611111111111116
-80.8,0.4850694444444444,0.0,0.4850694444444444
-80.60000000000001,0.4805555555555555,0.0,0.4805555555555555
-80.4,0.47847222222222224,0.0,0.47847222222222224
-80.19999999999999,0.4760416666666667,0.0,0.4760416666666667
-80.0,0.471875,0.0,0.471875
-79.8,0.4708333333333333,0.0,0.4708333333333333
-79.60000000000001,0.46805555555555556,0.0,0.46805555555555556
-79.39999999999999,0.4663194444444444,0.0,0.4663194444444444
-79.2,0.4649305555555555,0.0,0.4649305555555555
-79.0,0.4652777777777778,0.0,0.4652777777777778
-78.8,0.4649305555555555,0.0,0.4649305555555555
-78.60000000000001,0.46215277777777775,0.0,0.46215277777777775
-78.39999999999999,0.45798611111111115,0.0,0.45798611111111115
-78.2,0.45868055555555554,0.0,0.45868055555555554
-78.0,0.4572916666666667,0.0,0.4572916666666667
-77.8,0.4572916666666667,0.0,0.4572916666666667
-77.60000000000001,0.45590277777777777,0.0,0.45590277777777777
-77.39999999999999,0.45451388888888894,0.0,0.45451388888888894
-77.2,0.45451388888888894,0.0,0.45451388888888894
-77.0,0.45625,0.0,0.45625
-76.8,0.45763888888888893,0.0,0.45763888888888893
-76.6,0.4569444444444445,0.0,0.4569444444444445
-76.39999999999999,0.45555555555555555,0.0,0.45555555555555555
-76.2,0.45590277777777777,0.0,0.45590277777777777
-76.0,0.45486111111111105,0.0,0.45486111111111105
-75.80000000000001,0.4583333333333333,0.0,0.4583333333333333
-75.6,0.4572916666666666,0.0,0.4572916666666666
-75.39999999999999,0.45868055555555554,0.0,0.45868055555555554
-75.2,0.45972222222222225,0.0,0.45972222222222225
-75.0,0.4604166666666666,0.0,0.4604166666666666
-74.80000000000001,0.4625,0.0,0.4625
-74.6,0.4611111111111111,0.0,0.4611111111111111
-74.39999999999999,0.46215277777777775,0.0,0.46215277777777775
-74.2,0.4642361111111112,0.0,0.4642361111111112
-74.0,0.4649305555555555,0.0,0.4649305555555555
-73.80000000000001,0.4638888888888889,0.0,0.4638888888888889
-73.6,0.4645833333333334,0.0,0.4645833333333334
-73.4,0.46631944444444445,0.0,0.46631944444444445
-73.2,0.4666666666666666,0.0,0.4666666666666666
-73.0,0.46701388888888895,0.0,0.46701388888888895
-72.8,0.4666666666666667,0.0,0.4666666666666667
-72.6,0.46701388888888895,0.0,0.46701388888888895
-72.4,0.4697916666666666,0.0,0.4697916666666666
-72.2,0.47048611111111116,0.0,0.47048611111111116
-72.0,0.47048611111111116,0.0,0.47048611111111116
-71.8,0.46944444444444444,0.0,0.46944444444444444
-71.6,0.46875,0.0,0.46875
-71.4,0.47013888888888894,0.0,0.47013888888888894
-71.2,0.47048611111111105,0.0,0.47048611111111105
-71.0,0.46875,0.0,0.46875
-70.8,0.46631944444444445,0.0,0.46631944444444445
-70.6,0.46805555555555556,0.0,0.46805555555555556
-70.4,0.46805555555555556,0.0,0.46805555555555556
-70.2,0.46805555555555556,0.0,0.46805555555555556
-70.0,0.46875,0.0,0.46875
-69.8,0.46875,0.0,0.46875
-69.6,0.46909722222222233,0.0,0.46909722222222233
-69.4,0.46840277777777783,0.0,0.46840277777777783
-69.2,0.46736111111111117,0.0,0.46736111111111117
-69.0,0.4666666666666666,0.0,0.4666666666666666
-68.8,0.4684027777777778,0.0,0.4684027777777778
-68.6,0.46875,0.0,0.46875
-68.4,0.4708333333333334,0.0,0.4708333333333334
-68.2,0.47048611111111105,0.0,0.47048611111111105
-68.0,0.46944444444444444,0.0,0.46944444444444444
-67.8,0.4690972222222222,0.0,0.4690972222222222
-67.6,0.46805555555555556,0.0,0.46805555555555556
-67.4,0.46875,0.0,0.46875
-67.2,0.46805555555555556,0.0,0.46805555555555556
-67.0,0.46597222222222223,0.0,0.46597222222222223
-66.8,0.4635416666666667,0.0,0.4635416666666667
-66.60000000000001,0.465625,0.0,0.465625
-66.4,0.465625,0.0,0.465625
-66.19999999999999,0.46388888888888885,0.0,0.46388888888888885
-66.0,0.4649305555555555,0.0,0.4649305555555555
-65.8,0.4645833333333333,0.0,0.4645833333333333
-65.60000000000001,0.46354166666666663,0.0,0.46354166666666663
-65.4,0.4649305555555555,0.0,0.4649305555555555
-65.19999999999999,0.46875,0.0,0.46875
-65.0,0.471875,0.0,0.471875
-64.8,0.47326388888888893,0.0,0.47326388888888893
-64.60000000000001,0.47395833333333337,0.0,0.47395833333333337
-64.4,0.478125,0.0,0.478125
-64.19999999999999,0.4805555555555555,0.0,0.4805555555555555
-64.0,0.48194444444444445,0.0,0.48194444444444445
-63.8,0.4840277777777778,0.0,0.4840277777777778
-63.6,0.48680555555555555,0.0,0.48680555555555555
-63.4,0.4885416666666666,0.0,0.4885416666666666
-63.2,0.490625,0.0,0.490625
-63.0,0.490625,0.0,0.490625
-62.8,0.49097222222222214,0.0,0.49097222222222214
-62.6,0.4930555555555555,0.0,0.4930555555555555
-62.4,0.49340277777777786,0.0,0.49340277777777786
-62.199999999999996,0.49444444444444446,0.0,0.49444444444444446
-62.0,0.4958333333333334,0.0,0.4958333333333334
-61.800000000000004,0.4958333333333334,0.0,0.4958333333333334
-61.6,0.4965277777777778,0.0,0.4965277777777778
-61.400000000000006,0.49861111111111106,0.0,0.49861111111111106
-61.199999999999996,0.5006944444444444,0.0,0.5006944444444444
-61.0,0.5027777777777779,0.0,0.5027777777777779
-60.8,0.5041666666666667,0.0,0.5041666666666667
-60.6,0.5027777777777778,0.0,0.5027777777777778
-60.400000000000006,0.5034722222222221,0.0,0.5034722222222221
-60.199999999999996,0.5052083333333333,0.0,0.5052083333333333
-60.0,0.5052083333333334,0.0,0.5052083333333334
-59.8,0.5055555555555555,0.0,0.5055555555555555
-59.6,0.5045138888888889,0.0,0.5045138888888889
-59.4,0.5045138888888889,0.0,0.5045138888888889
-59.2,0.5048611111111111,0.0,0.5048611111111111
-59.0,0.507638888888889,0.0,0.507638888888889
-58.8,0.509375,0.0,0.509375
-58.6,0.5114583333333333,0.0,0.5114583333333333
-58.4,0.5121527777777778,0.0,0.5121527777777778
-58.2,0.513888888888889,0.0,0.513888888888889
-58.0,0.5135416666666668,0.0,0.5135416666666668
-57.8,0.513888888888889,0.0,0.513888888888889
-57.6,0.5152777777777778,0.0,0.5152777777777778
-57.4,0.5159722222222223,0.0,0.5159722222222223
-57.2,0.5177083333333333,0.0,0.5177083333333333
-57.0,0.5204861111111112,0.0,0.5204861111111112
-56.800000000000004,0.5197916666666667,0.0,0.5197916666666667
-56.599999999999994,0.5215277777777777,0.0,0.5215277777777777
-56.4,0.5211805555555556,0.0,0.5211805555555556
-56.2,0.5204861111111112,0.0,0.5204861111111112
-56.0,0.5215277777777778,0.0,0.5215277777777778
-55.800000000000004,0.5229166666666667,0.0,0.5229166666666667
-55.599999999999994,0.525,0.0,0.525
-55.4,0.529513888888889,0.0,0.529513888888889
-55.199999999999996,0.5305555555555556,0.0,0.5305555555555556
-55.0,0.5319444444444444,0.0,0.5319444444444444
-54.800000000000004,0.5319444444444444,0.0,0.5319444444444444
-54.6,0.5333333333333333,0.0,0.5333333333333333
-54.4,0.5326388888888889,0.0,0.5326388888888889
-54.199999999999996,0.5312500000000001,0.0,0.5312500000000001
-54.0,0.5322916666666666,0.0,0.5322916666666666
-53.8,0.5326388888888889,0.0,0.5326388888888889
-53.6,0.532986111111111,0.0,0.532986111111111
-53.400000000000006,0.5340277777777777,0.0,0.5340277777777777
-53.199999999999996,0.5364583333333333,0.0,0.5364583333333333
-53.0,0.5375,0.0,0.5375
-52.8,0.5340277777777777,0.0,0.5340277777777777
-52.6,0.5309027777777777,0.0,0.5309027777777777
-52.400000000000006,0.53125,0.0,0.53125
-52.2,0.5291666666666666,0.0,0.5291666666666666
-52.0,0.5309027777777778,0.0,0.5309027777777778
-51.8,0.5319444444444444,0.0,0.5319444444444444
-51.6,0.5340277777777778,0.0,0.5340277777777778
-51.4,0.5340277777777778,0.0,0.5340277777777778
-51.2,0.5326388888888889,0.0,0.5326388888888889
-51.0,0.5347222222222221,0.0,0.5347222222222221
-50.8,0.534375,0.0,0.534375
-50.6,0.5340277777777778,0.0,0.5340277777777778
-50.4,0.5347222222222221,0.0,0.5347222222222221
-50.2,0.5347222222222223,0.0,0.5347222222222223
-50.0,0.5336805555555555,0.0,0.5336805555555555
-49.8,0.5333333333333334,0.0,0.5333333333333334
-49.6,0.5350694444444445,0.0,0.5350694444444445
-49.4,0.5361111111111111,0.0,0.5361111111111111
-49.2,0.5354166666666667,0.0,0.5354166666666667
-49.0,0.5361111111111112,0.0,0.5361111111111112
-48.800000000000004,0.5322916666666667,0.0,0.5322916666666667
-48.599999999999994,0.5326388888888889,0.0,0.5326388888888889
-48.4,0.5312500000000001,0.0,0.5312500000000001
-48.2,0.534375,0.0,0.534375
-48.0,0.5350694444444445,0.0,0.5350694444444445
-47.800000000000004,0.5354166666666667,0.0,0.5354166666666667
-47.6,0.5375,0.0,0.5375
-47.4,0.5385416666666666,0.0,0.5385416666666666
-47.199999999999996,0.5402777777777779,0.0,0.5402777777777779
-47.0,0.5395833333333333,0.0,0.5395833333333333
-46.800000000000004,0.5371527777777778,0.0,0.5371527777777778
-46.6,0.5354166666666667,0.0,0.5354166666666667
-46.4,0.534375,0.0,0.534375
-46.199999999999996,0.5354166666666667,0.0,0.5354166666666667
-46.0,0.5347222222222223,0.0,0.5347222222222223
-45.8,0.5336805555555555,0.0,0.5336805555555555
-45.6,0.5322916666666667,0.0,0.5322916666666667
-45.400000000000006,0.53125,0.0,0.53125
-45.199999999999996,0.5333333333333334,0.0,0.5333333333333334
-45.0,0.5336805555555555,0.0,0.5336805555555555
-44.8,0.5319444444444444,0.0,0.5319444444444444
-44.6,0.534375,0.0,0.534375
-44.4,0.534375,0.0,0.534375
-44.2,0.5329861111111112,0.0,0.5329861111111112
-44.0,0.5340277777777778,0.0,0.5340277777777778
-43.8,0.5361111111111111,0.0,0.5361111111111111
-43.6,0.5350694444444445,0.0,0.5350694444444445
-43.4,0.5340277777777778,0.0,0.5340277777777778
-43.2,0.539236111111111,0.0,0.539236111111111
-43.0,0.5368055555555555,0.0,0.5368055555555555
-42.8,0.5347222222222222,0.0,0.5347222222222222
-42.6,0.5350694444444445,0.0,0.5350694444444445
-42.4,0.5364583333333334,0.0,0.5364583333333334
-42.2,0.5385416666666667,0.0,0.5385416666666667
-42.0,0.5357638888888888,0.0,0.5357638888888888
-41.8,0.5302083333333334,0.0,0.5302083333333334
-41.6,0.5270833333333332,0.0,0.5270833333333332
-41.4,0.5270833333333333,0.0,0.5270833333333333
-41.2,0.5270833333333333,0.0,0.5270833333333333
-41.0,0.5243055555555556,0.0,0.5243055555555556
-40.800000000000004,0.523263888888889,0.0,0.523263888888889
-40.599999999999994,0.5225694444444444,0.0,0.5225694444444444
-40.4,0.521875,0.0,0.521875
-40.2,0.5208333333333334,0.0,0.5208333333333334
-40.0,0.5204861111111112,0.0,0.5204861111111112
-39.800000000000004,0.521875,0.0,0.521875
-39.6,0.5222222222222223,0.0,0.5222222222222223
-39.4,0.5204861111111112,0.0,0.5204861111111112
-39.199999999999996,0.5177083333333333,0.0,0.5177083333333333
-39.0,0.5170138888888889,0.0,0.5170138888888889
-38.800000000000004,0.5125,0.0,0.5125
-38.6,0.513888888888889,0.0,0.513888888888889
-38.4,0.5135416666666666,0.0,0.5135416666666666
-38.199999999999996,0.5138888888888888,0.0,0.5138888888888888
-38.0,0.5145833333333333,0.0,0.5145833333333333
-37.8,0.5135416666666667,0.0,0.5135416666666667
-37.6,0.5090277777777777,0.0,0.5090277777777777
-37.400000000000006,0.5072916666666666,0.0,0.5072916666666666
-37.199999999999996,0.5052083333333333,0.0,0.5052083333333333
-37.0,0.503125,0.0,0.503125
-36.8,0.5006944444444444,0.0,0.5006944444444444
-36.6,0.49756944444444445,0.0,0.49756944444444445
-36.4,0.49444444444444446,0.0,0.49444444444444446
-36.2,0.4923611111111111,0.0,0.4923611111111111
-36.0,0.4916666666666667,0.0,0.4916666666666667
-35.8,0.48923611111111115,0.0,0.48923611111111115
-35.6,0.4888888888888888,0.0,0.4888888888888888
-35.4,0.48611111111111116,0.0,0.48611111111111116
-35.2,0.48298611111111106,0.0,0.48298611111111106
-35.0,0.4798611111111112,0.0,0.4798611111111112
-34.8,0.47881944444444446,0.0,0.47881944444444446
-34.6,0.4729166666666667,0.0,0.4729166666666667
-34.4,0.46840277777777783,0.0,0.46840277777777783
-34.2,0.4638888888888889,0.0,0.4638888888888889
-34.0,0.4625,0.0,0.4625
-33.8,0.4600694444444445,0.0,0.4600694444444445
-33.6,0.4600694444444445,0.0,0.4600694444444445
-33.4,0.45868055555555554,0.0,0.45868055555555554
-33.2,0.45798611111111115,0.0,0.45798611111111115
-33.0,0.45833333333333337,0.0,0.45833333333333337
-32.800000000000004,0.45555555555555555,0.0,0.45555555555555555
-32.599999999999994,0.4552083333333333,0.0,0.4552083333333333
-32.4,0.4552083333333334,0.0,0.4552083333333334
-32.2,0.45590277777777777,0.0,0.45590277777777777
-32.0,0.4552083333333333,0.0,0.4552083333333333
-31.8,0.45486111111111105,0.0,0.45486111111111105
-31.6,0.4565972222222222,0.0,0.4565972222222222
-31.4,0.453125,0.0,0.453125
-31.2,0.45381944444444444,0.0,0.45381944444444444
-31.0,0.45486111111111105,0.0,0.45486111111111105
-30.8,0.4569444444444445,0.0,0.4569444444444445
-30.599999999999998,0.45625,0.0,0.45625
-30.4,0.45486111111111116,0.0,0.45486111111111116
-30.200000000000003,0.45555555555555555,0.0,0.45555555555555555
-30.0,0.45555555555555555,0.0,0.45555555555555555
-29.8,0.45381944444444444,0.0,0.45381944444444444
-29.6,0.45625,0.0,0.45625
-29.4,0.4569444444444445,0.0,0.4569444444444445
-29.2,0.4600694444444445,0.0,0.4600694444444445
-29.0,0.4600694444444445,0.0,0.4600694444444445
-28.8,0.4614583333333333,0.0,0.4614583333333333
-28.6,0.46215277777777775,0.0,0.46215277777777775
-28.400000000000002,0.46215277777777775,0.0,0.46215277777777775
-28.2,0.4638888888888889,0.0,0.4638888888888889
-28.0,0.4649305555555555,0.0,0.4649305555555555
-27.799999999999997,0.46631944444444445,0.0,0.46631944444444445
-27.599999999999998,0.46736111111111106,0.0,0.46736111111111106
-27.400000000000002,0.4722222222222222,0.0,0.4722222222222222
-27.2,0.47430555555555554,0.0,0.47430555555555554
-27.0,0.47847222222222224,0.0,0.47847222222222224
-26.8,0.4802083333333333,0.0,0.4802083333333333
-26.599999999999998,0.48125,0.0,0.48125
-26.4,0.48298611111111117,0.0,0.48298611111111117
-26.200000000000003,0.4840277777777778,0.0,0.4840277777777778
-26.0,0.48680555555555555,0.0,0.48680555555555555
-25.8,0.49444444444444446,0.0,0.49444444444444446
-25.6,0.4989583333333334,0.0,0.4989583333333334
-25.4,0.5020833333333333,0.0,0.5020833333333333
-25.2,0.5038194444444445,0.0,0.5038194444444445
-25.0,0.5083333333333333,0.0,0.5083333333333333
-24.8,0.5121527777777778,0.0,0.5121527777777778
-24.6,0.5131944444444445,0.0,0.5131944444444445
-24.400000000000002,0.51875,0.0,0.51875
-24.2,0.5222222222222223,0.0,0.5222222222222223
-24.0,0.523611111111111,0.0,0.523611111111111
-23.8,0.525,0.0,0.525
-23.599999999999998,0.5277777777777779,0.0,0.5277777777777779
-23.400000000000002,0.5322916666666667,0.0,0.5322916666666667
-23.2,0.534375,0.0,0.534375
-23.0,0.5326388888888889,0.0,0.5326388888888889
-22.8,0.5336805555555555,0.0,0.5336805555555555
-22.599999999999998,0.5378472222222224,0.0,0.5378472222222224
-22.4,0.540625,0.0,0.540625
-22.2,0.5479166666666667,0.0,0.5479166666666667
-22.0,0.5479166666666667,0.0,0.5479166666666667
-21.8,0.5496527777777778,0.0,0.5496527777777778
-21.6,0.5482638888888889,0.0,0.5482638888888889
-21.4,0.5489583333333333,0.0,0.5489583333333333
-21.2,0.5510416666666667,0.0,0.5510416666666667
-21.0,0.5545138888888889,0.0,0.5545138888888889
-20.8,0.5524305555555555,0.0,0.5524305555555555
-20.6,0.5517361111111111,0.0,0.5517361111111111
-20.400000000000002,0.5520833333333333,0.0,0.5520833333333333
-20.2,0.5545138888888889,0.0,0.5545138888888889
-20.0,0.5527777777777778,0.0,0.5527777777777778
-19.8,0.5513888888888889,0.0,0.5513888888888889
-19.599999999999998,0.5503472222222222,0.0,0.5503472222222222
-19.400000000000002,0.5517361111111111,0.0,0.5517361111111111
-19.2,0.55,0.0,0.55
-19.0,0.5465277777777777,0.0,0.5465277777777777
-18.8,0.5472222222222222,0.0,0.5472222222222222
-18.599999999999998,0.5479166666666667,0.0,0.5479166666666667
-18.4,0.5444444444444445,0.0,0.5444444444444445
-18.2,0.5427083333333333,0.0,0.5427083333333333
-18.0,0.5395833333333332,0.0,0.5395833333333332
-17.8,0.538888888888889,0.0,0.538888888888889
-17.6,0.5368055555555555,0.0,0.5368055555555555
-17.4,0.5361111111111112,0.0,0.5361111111111112
-17.2,0.5368055555555555,0.0,0.5368055555555555
-17.0,0.5336805555555555,0.0,0.5336805555555555
-16.8,0.5309027777777777,0.0,0.5309027777777777
-16.6,0.5260416666666666,0.0,0.5260416666666666
-16.400000000000002,0.5229166666666666,0.0,0.5229166666666666
-16.2,0.5232638888888889,0.0,0.5232638888888889
-16.0,0.5222222222222221,0.0,0.5222222222222221
-15.8,0.5222222222222223,0.0,0.5222222222222223
-15.6,0.5197916666666667,0.0,0.5197916666666667
-15.4,0.5184027777777778,0.0,0.5184027777777778
-15.2,0.515625,0.0,0.515625
-15.0,0.5125,0.0,0.5125
-14.8,0.5111111111111111,0.0,0.5111111111111111
-14.6,0.5093749999999999,0.0,0.5093749999999999
-14.4,0.509375,0.0,0.509375
-14.200000000000001,0.5086805555555556,0.0,0.5086805555555556
-14.0,0.5104166666666666,0.0,0.5104166666666666
-13.799999999999999,0.5121527777777778,0.0,0.5121527777777778
-13.6,0.5118055555555555,0.0,0.5118055555555555
-13.4,0.513888888888889,0.0,0.513888888888889
-13.2,0.5145833333333334,0.0,0.5145833333333334
-13.0,0.5166666666666667,0.0,0.5166666666666667
-12.8,0.5170138888888889,0.0,0.5170138888888889
-12.6,0.5170138888888889,0.0,0.5170138888888889
-12.4,0.5208333333333334,0.0,0.5208333333333334
-12.200000000000001,0.523263888888889,0.0,0.523263888888889
-12.0,0.5253472222222222,0.0,0.5253472222222222
-11.799999999999999,0.525,0.0,0.525
-11.6,0.525,0.0,0.525
-11.4,0.5225694444444444,0.0,0.5225694444444444
-11.2,0.5253472222222223,0.0,0.5253472222222223
-11.0,0.5260416666666667,0.0,0.5260416666666667
-10.8,0.5260416666666667,0.0,0.5260416666666667
-10.6,0.5291666666666667,0.0,0.5291666666666667
-10.4,0.5326388888888889,0.0,0.5326388888888889
-10.200000000000001,0.5336805555555555,0.0,0.5336805555555555
-10.0,0.5361111111111112,0.0,0.5361111111111112
-9.799999999999999,0.5364583333333334,0.0,0.5364583333333334
-9.6,0.538888888888889,0.0,0.538888888888889
-9.4,0.5406249999999999,0.0,0.5406249999999999
-9.2,0.5409722222222222,0.0,0.5409722222222222
-9.0,0.5413194444444445,0.0,0.5413194444444445
-8.8,0.5413194444444445,0.0,0.5413194444444445
-8.6,0.5420138888888889,0.0,0.5420138888888889
-8.4,0.5420138888888889,0.0,0.5420138888888889
-8.200000000000001,0.5420138888888889,0.0,0.5420138888888889
-8.0,0.546875,0.0,0.546875
-7.8,0.5479166666666667,0.0,0.5479166666666667
-7.6,0.5475694444444444,0.0,0.5475694444444444
-7.4,0.5475694444444444,0.0,0.5475694444444444
-7.2,0.55,0.0,0.55
-7.0,0.5510416666666667,0.0,0.5510416666666667
-6.8,0.5506944444444445,0.0,0.5506944444444445
-6.6,0.5524305555555555,0.0,0.5524305555555555
-6.4,0.5513888888888889,0.0,0.5513888888888889
-6.2,0.553125,0.0,0.553125
-6.0,0.55625,0.0,0.55625
-5.8,0.5572916666666666,0.0,0.5572916666666666
-5.6,0.5569444444444445,0.0,0.5569444444444445
-5.4,0.5569444444444445,0.0,0.5569444444444445
-5.2,0.5579861111111112,0.0,0.5579861111111112
-5.0,0.5600694444444445,0.0,0.5600694444444445
-4.8,0.5600694444444444,0.0,0.5600694444444444
-4.6,0.5618055555555556,0.0,0.5618055555555556
-4.4,0.5618055555555556,0.0,0.5618055555555556
-4.2,0.5635416666666667,0.0,0.5635416666666667
-4.0,0.5645833333333334,0.0,0.5645833333333334
-3.8,0.5697916666666667,0.0,0.5697916666666667
-3.6,0.5739583333333333,0.0,0.5739583333333333
-3.4,0.5743055555555555,0.0,0.5743055555555555
-3.2,0.5788194444444444,0.0,0.5788194444444444
-3.0,0.578125,0.0,0.578125
-2.8,0.5826388888888888,0.0,0.5826388888888888
-2.6,0.5847222222222224,0.0,0.5847222222222224
-2.4,0.5871527777777776,0.0,0.5871527777777776
-2.2,0.585763888888889,0.0,0.585763888888889
-2.0,0.5875,0.0,0.5875
-1.8,0.5868055555555556,0.0,0.5868055555555556
-1.6,0.5861111111111111,0.0,0.5861111111111111
-1.4,0.5881944444444445,0.0,0.5881944444444445
-1.2,0.590625,0.0,0.590625
-1.0,0.5923611111111111,0.0,0.5923611111111111
-0.8,0.5916666666666667,0.0,0.5916666666666667
-0.6,0.5923611111111111,0.0,0.5923611111111111
-0.4,0.5965277777777778,0.0,0.5965277777777778
-0.2,0.5986111111111112,0.0,0.5986111111111112
0.0,0.5979166666666668,0.0,0.5979166666666668
0.2,0.6006944444444444,0.0,0.6006944444444444
0.4,0.6024305555555556,0.0,0.6024305555555556
0.6,0.6041666666666667,0.0,0.6041666666666667
0.8,0.6027777777777779,0.0,0.6027777777777779
1.0,0.6041666666666667,0.0,0.6041666666666667
1.2,0.607638888888889,0.0,0.607638888888889
1.4,0.6072916666666666,0.0,0.6072916666666666
1.6,0.6100694444444444,0.0,0.6100694444444444
1.8,0.6125,0.0,0.6125
2.0,0.6138888888888889,0.0,0.6138888888888889
2.2,0.6142361111111111,0.0,0.6142361111111111
2.4,0.6149305555555555,0.0,0.6149305555555555
2.6,0.6138888888888889,0.0,0.6138888888888889
2.8,0.6152777777777778,0.0,0.6152777777777778
3.0,0.6163194444444444,0.0,0.6163194444444444
3.2,0.6177083333333334,0.0,0.6177083333333334
3.4,0.6194444444444445,0.0,0.6194444444444445
3.6,0.617013888888889,0.0,0.617013888888889
3.8,0.61875,0.0,0.61875
4.0,0.6208333333333333,0.0,0.6208333333333333
4.2,0.6215277777777779,0.0,0.6215277777777779
4.4,0.6225694444444444,0.0,0.6225694444444444
4.6,0.6253472222222223,0.0,0.6253472222222223
4.8,0.6260416666666666,0.0,0.6260416666666666
5.0,0.6260416666666667,0.0,0.6260416666666667
5.2,0.6239583333333334,0.0,0.6239583333333334
5.4,0.6225694444444445,0.0,0.6225694444444445
5.6,0.6239583333333334,0.0,0.6239583333333334
5.8,0.6225694444444444,0.0,0.6225694444444444
6.0,0.6201388888888889,0.0,0.6201388888888889
6.2,0.617013888888889,0.0,0.617013888888889
6.4,0.6163194444444444,0.0,0.6163194444444444
6.6,0.615625,0.0,0.615625
6.8,0.6131944444444444,0.0,0.6131944444444444
7.0,0.6128472222222222,0.0,0.6128472222222222
7.2,0.6100694444444444,0.0,0.6100694444444444
7.4,0.6079861111111112,0.0,0.6079861111111112
7.6,0.6055555555555555,0.0,0.6055555555555555
7.8,0.6048611111111111,0.0,0.6048611111111111
8.0,0.6038194444444446,0.0,0.6038194444444446
8.200000000000001,0.603125,0.0,0.603125
8.4,0.6006944444444444,0.0,0.6006944444444444
8.6,0.5993055555555555,0.0,0.5993055555555555
8.8,0.5947916666666667,0.0,0.5947916666666667
9.0,0.5916666666666667,0.0,0.5916666666666667
9.2,0.5923611111111111,0.0,0.5923611111111111
9.4,0.5902777777777779,0.0,0.5902777777777779
9.6,0.5895833333333333,0.0,0.5895833333333333
9.799999999999999,0.5871527777777779,0.0,0.5871527777777779
10.0,0.586111111111111,0.0,0.586111111111111
10.200000000000001,0.5871527777777779,0.0,0.5871527777777779
10.4,0.5850694444444444,0.0,0.5850694444444444
10.6,0.58125,0.0,0.58125
10.8,0.58125,0.0,0.58125
11.0,0.5777777777777777,0.0,0.5777777777777777
11.2,0.5732638888888889,0.0,0.5732638888888889
11.4,0.5680555555555555,0.0,0.5680555555555555
11.6,0.5604166666666667,0.0,0.5604166666666667
11.799999999999999,0.5569444444444445,0.0,0.5569444444444445
12.0,0.5538194444444444,0.0,0.5538194444444444
12.200000000000001,0.5527777777777778,0.0,0.5527777777777778
12.4,0.5506944444444445,0.0,0.5506944444444445
12.6,0.5454861111111111,0.0,0.5454861111111111
12.8,0.5409722222222222,0.0,0.5409722222222222
13.0,0.540625,0.0,0.540625
13.2,0.5395833333333334,0.0,0.5395833333333334
13.4,0.5340277777777778,0.0,0.5340277777777778
13.6,0.532986111111111,0.0,0.532986111111111
13.799999999999999,0.5298611111111111,0.0,0.5298611111111111
14.0,0.5291666666666668,0.0,0.5291666666666668
14.200000000000001,0.5274305555555555,0.0,0.5274305555555555
14.4,0.5229166666666667,0.0,0.5229166666666667
14.6,0.5190972222222222,0.0,0.5190972222222222
14.8,0.5201388888888888,0.0,0.5201388888888888
15.0,0.515625,0.0,0.515625
15.2,0.5125,0.0,0.5125
15.4,0.5100694444444445,0.0,0.5100694444444445
15.6,0.5083333333333334,0.0,0.5083333333333334
15.8,0.5055555555555555,0.0,0.5055555555555555
16.0,0.5055555555555556,0.0,0.5055555555555556
16.2,0.5034722222222222,0.0,0.5034722222222222
16.400000000000002,0.5010416666666666,0.0,0.5010416666666666
16.6,0.5027777777777778,0.0,0.5027777777777778
16.8,0.4996527777777778,0.0,0.4996527777777778
17.0,0.49861111111111106,0.0,0.49861111111111106
17.2,0.4972222222222221,0.0,0.4972222222222221
17.4,0.49722222222222223,0.0,0.49722222222222223
17.6,0.49756944444444445,0.0,0.49756944444444445
17.8,0.49652777777777785,0.0,0.49652777777777785
18.0,0.4958333333333333,0.0,0.4958333333333333
18.2,0.49305555555555564,0.0,0.49305555555555564
18.4,0.490625,0.0,0.490625
18.599999999999998,0.490625,0.0,0.490625
18.8,0.48993055555555554,0.0,0.48993055555555554
19.0,0.49131944444444436,0.0,0.49131944444444436
19.2,0.4913194444444445,0.0,0.4913194444444445
19.400000000000002,0.4961805555555555,0.0,0.4961805555555555
19.599999999999998,0.49826388888888884,0.0,0.49826388888888884
19.8,0.5010416666666667,0.0,0.5010416666666667
20.0,0.5013888888888889,0.0,0.5013888888888889
20.2,0.49861111111111106,0.0,0.49861111111111106
20.400000000000002,0.49756944444444445,0.0,0.49756944444444445
20.6,0.4996527777777778,0.0,0.4996527777777778
20.8,0.5013888888888889,0.0,0.5013888888888889
21.0,0.5006944444444444,0.0,0.5006944444444444
21.2,0.5013888888888889,0.0,0.5013888888888889
21.4,0.49861111111111117,0.0,0.49861111111111117
21.6,0.4947916666666667,0.0,0.4947916666666667
21.8,0.49722222222222223,0.0,0.49722222222222223
22.0,0.4961805555555555,0.0,0.4961805555555555
22.2,0.4961805555555555,0.0,0.4961805555555555
22.4,0.4961805555555555,0.0,0.4961805555555555
22.599999999999998,0.5010416666666667,0.0,0.5010416666666667
22.8,0.5027777777777779,0.0,0.5027777777777779
23.0,0.5048611111111112,0.0,0.5048611111111112
23.2,0.5065972222222224,0.0,0.5065972222222224
23.400000000000002,0.5045138888888889,0.0,0.5045138888888889
23.599999999999998,0.5079861111111111,0.0,0.5079861111111111
23.8,0.509375,0.0,0.509375
24.0,0.5093749999999999,0.0,0.5093749999999999
24.2,0.5097222222222223,0.0,0.5097222222222223
24.400000000000002,0.5118055555555555,0.0,0.5118055555555555
24.6,0.5118055555555555,0.0,0.5118055555555555
24.8,0.5097222222222222,0.0,0.5097222222222222
25.0,0.5114583333333333,0.0,0.5114583333333333
25.2,0.5114583333333333,0.0,0.5114583333333333
25.4,0.5121527777777777,0.0,0.5121527777777777
25.6,0.5163194444444444,0.0,0.5163194444444444
25.8,0.5177083333333334,0.0,0.5177083333333334
26.0,0.51875,0.0,0.51875
26.200000000000003,0.5211805555555555,0.0,0.5211805555555555
26.4,0.523263888888889,0.0,0.523263888888889
26.599999999999998,0.523263888888889,0.0,0.523263888888889
26.8,0.5194444444444445,0.0,0.5194444444444445
27.0,0.5204861111111112,0.0,0.5204861111111112
27.2,0.5197916666666668,0.0,0.5197916666666668
27.400000000000002,0.5201388888888888,0.0,0.5201388888888888
27.599999999999998,0.5208333333333334,0.0,0.5208333333333334
27.799999999999997,0.5239583333333333,0.0,0.5239583333333333
28.0,0.5246527777777779,0.0,0.5246527777777779
28.2,0.5263888888888889,0.0,0.5263888888888889
28.400000000000002,0.5274305555555556,0.0,0.5274305555555556
28.6,0.529513888888889,0.0,0.529513888888889
28.8,0.529513888888889,0.0,0.529513888888889
29.0,0.5270833333333333,0.0,0.5270833333333333
29.2,0.5260416666666666,0.0,0.5260416666666666
29.4,0.5277777777777779,0.0,0.5277777777777779
29.6,0.529513888888889,0.0,0.529513888888889
29.8,0.5288194444444445,0.0,0.5288194444444445
30.0,0.5270833333333333,0.0,0.5270833333333333
30.200000000000003,0.5243055555555556,0.0,0.5243055555555556
30.4,0.5229166666666667,0.0,0.5229166666666667
30.599999999999998,0.525,0.0,0.525
30.8,0.5229166666666667,0.0,0.5229166666666667
31.0,0.5232638888888889,0.0,0.5232638888888889
31.2,0.5211805555555555,0.0,0.5211805555555555
31.4,0.5184027777777778,0.0,0.5184027777777778
31.6,0.5152777777777777,0.0,0.5152777777777777
31.8,0.5159722222222222,0.0,0.5159722222222222
32.0,0.5131944444444445,0.0,0.5131944444444445
32.2,0.5125,0.0,0.5125
32.4,0.5111111111111112,0.0,0.5111111111111112
32.599999999999994,0.5090277777777777,0.0,0.5090277777777777
32.800000000000004,0.5069444444444444,0.0,0.5069444444444444
33.0,0.5090277777777777,0.0,0.5090277777777777
33.2,0.5100694444444444,0.0,0.5100694444444444
33.4,0.50625,0.0,0.50625
33.6,0.5020833333333333,0.0,0.5020833333333333
33.8,0.4996527777777778,0.0,0.4996527777777778
34.0,0.4993055555555556,0.0,0.4993055555555556
34.2,0.49861111111111117,0.0,0.49861111111111117
34.4,0.4961805555555555,0.0,0.4961805555555555
34.6,0.49340277777777775,0.0,0.49340277777777775
34.8,0.4927083333333333,0.0,0.4927083333333333
35.0,0.4895833333333333,0.0,0.4895833333333333
35.2,0.4881944444444445,0.0,0.4881944444444445
35.4,0.48576388888888883,0.0,0.48576388888888883
35.6,0.48715277777777777,0.0,0.48715277777777777
35.8,0.4854166666666666,0.0,0.4854166666666666
36.0,0.4843750000000001,0.0,0.4843750000000001
36.2,0.48159722222222223,0.0,0.48159722222222223
36.4,0.48194444444444445,0.0,0.48194444444444445
36.6,0.4791666666666667,0.0,0.4791666666666667
36.8,0.47777777777777775,0.0,0.47777777777777775
37.0,0.47326388888888893,0.0,0.47326388888888893
37.199999999999996,0.4722222222222222,0.0,0.4722222222222222
37.400000000000006,0.4722222222222222,0.0,0.4722222222222222
37.6,0.47048611111111116,0.0,0.47048611111111116
37.8,0.4649305555555556,0.0,0.4649305555555556
38.0,0.46111111111111114,0.0,0.46111111111111114
38.199999999999996,0.4611111111111111,0.0,0.4611111111111111
38.4,0.45833333333333337,0.0,0.45833333333333337
38.6,0.45659722222222215,0.0,0.45659722222222215
38.800000000000004,0.45381944444444444,0.0,0.45381944444444444
39.0,0.44861111111111107,0.0,0.44861111111111107
39.199999999999996,0.44340277777777776,0.0,0.44340277777777776
39.4,0.44201388888888893,0.0,0.44201388888888893
39.6,0.4385416666666666,0.0,0.4385416666666666
39.800000000000004,0.4354166666666666,0.0,0.4354166666666666
40.0,0.43472222222222223,0.0,0.43472222222222223
40.2,0.43576388888888895,0.0,0.43576388888888895
40.4,0.4378472222222222,0.0,0.4378472222222222
40.599999999999994,0.4326388888888889,0.0,0.4326388888888889
40.800000000000004,0.42986111111111114,0.0,0.42986111111111114
41.0,0.43159722222222224,0.0,0.43159722222222224
41.2,0.434375,0.0,0.434375
41.4,0.43576388888888884,0.0,0.43576388888888884
41.6,0.4364583333333333,0.0,0.4364583333333333
41.8,0.43611111111111106,0.0,0.43611111111111106
42.0,0.4364583333333334,0.0,0.4364583333333334
42.2,0.4385416666666666,0.0,0.4385416666666666
42.4,0.43923611111111105,0.0,0.43923611111111105
42.6,0.4395833333333333,0.0,0.4395833333333333
42.8,0.44409722222222225,0.0,0.44409722222222225
43.0,0.44652777777777775,0.0,0.44652777777777775
43.2,0.45034722222222223,0.0,0.45034722222222223
43.4,0.4510416666666667,0.0,0.4510416666666667
43.6,0.4510416666666666,0.0,0.4510416666666666
43.8,0.4565972222222222,0.0,0.4565972222222222
44.0,0.4638888888888889,0.0,0.4638888888888889
44.2,0.46701388888888895,0.0,0.46701388888888895
44.4,0.4756944444444445,0.0,0.4756944444444445
44.6,0.4822916666666667,0.0,0.4822916666666667
44.8,0.4854166666666667,0.0,0.4854166666666667
45.0,0.4888888888888888,0.0,0.4888888888888888
45.199999999999996,0.49236111111111114,0.0,0.49236111111111114
45.400000000000006,0.4947916666666667,0.0,0.4947916666666667
45.6,0.4979166666666667,0.0,0.4979166666666667
45.8,0.501388888888889,0.0,0.501388888888889
46.0,0.5013888888888889,0.0,0.5013888888888889
46.199999999999996,0.5048611111111111,0.0,0.5048611111111111
46.4,0.5065972222222221,0.0,0.5065972222222221
46.6,0.5107638888888888,0.0,0.5107638888888888
46.800000000000004,0.5159722222222223,0.0,0.5159722222222223
47.0,0.5163194444444444,0.0,0.5163194444444444
47.199999999999996,0.5177083333333333,0.0,0.5177083333333333
47.4,0.5201388888888889,0.0,0.5201388888888889
47.6,0.523263888888889,0.0,0.523263888888889
47.800000000000004,0.5256944444444445,0.0,0.5256944444444445
48.0,0.5288194444444444,0.0,0.5288194444444444
48.2,0.5326388888888889,0.0,0.5326388888888889
48.4,0.5340277777777778,0.0,0.5340277777777778
48.599999999999994,0.5361111111111111,0.0,0.5361111111111111
48.800000000000004,0.5385416666666667,0.0,0.5385416666666667
49.0,0.5461805555555556,0.0,0.5461805555555556
49.2,0.548611111111111,0.0,0.548611111111111
49.4,0.5506944444444445,0.0,0.5506944444444445
49.6,0.553125,0.0,0.553125
49.8,0.5586805555555555,0.0,0.5586805555555555
50.0,0.5579861111111111,0.0,0.5579861111111111
50.2,0.5635416666666667,0.0,0.5635416666666667
50.4,0.5649305555555555,0.0,0.5649305555555555
50.6,0.565625,0.0,0.565625
50.8,0.5649305555555556,0.0,0.5649305555555556
51.0,0.5673611111111112,0.0,0.5673611111111112
51.2,0.5680555555555556,0.0,0.5680555555555556
51.4,0.5722222222222223,0.0,0.5722222222222223
51.6,0.5725694444444445,0.0,0.5725694444444445
51.8,0.5736111111111111,0.0,0.5736111111111111
52.0,0.5760416666666668,0.0,0.5760416666666668
52.2,0.5753472222222222,0.0,0.5753472222222222
52.400000000000006,0.575,0.0,0.575
52.6,0.575,0.0,0.575
52.8,0.5756944444444445,0.0,0.5756944444444445
53.0,0.5725694444444444,0.0,0.5725694444444444
53.199999999999996,0.5715277777777777,0.0,0.5715277777777777
53.400000000000006,0.570138888888889,0.0,0.570138888888889
53.6,0.5736111111111112,0.0,0.5736111111111112
53.8,0.5743055555555555,0.0,0.5743055555555555
54.0,0.575,0.0,0.575
54.199999999999996,0.5729166666666666,0.0,0.5729166666666666
54.4,0.5711805555555556,0.0,0.5711805555555556
54.6,0.5690972222222223,0.0,0.5690972222222223
54.800000000000004,0.5663194444444445,0.0,0.5663194444444445
55.0,0.5659722222222222,0.0,0.5659722222222222
55.199999999999996,0.564236111111111,0.0,0.564236111111111
55.4,0.5645833333333333,0.0,0.5645833333333333
55.599999999999994,0.5635416666666666,0.0,0.5635416666666666
55.800000000000004,0.5628472222222223,0.0,0.5628472222222223
56.0,0.5569444444444445,0.0,0.5569444444444445
56.2,0.5534722222222223,0.0,0.5534722222222223
56.4,0.55,0.0,0.55
56.599999999999994,0.5465277777777778,0.0,0.5465277777777778
56.800000000000004,0.5454861111111111,0.0,0.5454861111111111
57.0,0.5413194444444444,0.0,0.5413194444444444
57.2,0.5409722222222223,0.0,0.5409722222222223
57.4,0.5368055555555555,0.0,0.5368055555555555
57.6,0.5350694444444445,0.0,0.5350694444444445
57.8,0.5354166666666667,0.0,0.5354166666666667
58.0,0.5326388888888889,0.0,0.5326388888888889
58.2,0.5326388888888889,0.0,0.5326388888888889
58.4,0.53125,0.0,0.53125
58.6,0.5256944444444445,0.0,0.5256944444444445
58.8,0.5260416666666667,0.0,0.5260416666666667
59.0,0.5256944444444445,0.0,0.5256944444444445
59.2,0.5256944444444445,0.0,0.5256944444444445
59.4,0.5253472222222223,0.0,0.5253472222222223
59.6,0.5243055555555556,0.0,0.5243055555555556
59.8,0.5225694444444444,0.0,0.5225694444444444
60.0,0.51875,0.0,0.51875
60.199999999999996,0.5177083333333333,0.0,0.5177083333333333
60.400000000000006,0.515625,0.0,0.515625
60.6,0.5163194444444444,0.0,0.5163194444444444
60.8,0.515625,0.0,0.515625
61.0,0.5097222222222222,0.0,0.5097222222222222
61.199999999999996,0.5097222222222222,0.0,0.5097222222222222
61.400000000000006,0.5048611111111111,0.0,0.5048611111111111
61.6,0.5052083333333333,0.0,0.5052083333333333
61.800000000000004,0.5027777777777778,0.0,0.5027777777777778
62.0,0.5017361111111112,0.0,0.5017361111111112
62.199999999999996,0.4996527777777778,0.0,0.4996527777777778
62.4,0.49861111111111117,0.0,0.49861111111111117
62.6,0.49722222222222223,0.0,0.49722222222222223
62.8,0.49930555555555556,0.0,0.49930555555555556
63.0,0.5,0.0,0.5
63.2,0.5,0.0,0.5
63.4,0.5010416666666666,0.0,0.5010416666666666
63.6,0.5010416666666667,0.0,0.5010416666666667
63.8,0.5034722222222223,0.0,0.5034722222222223
64.0,0.50625,0.0,0.50625
64.19999999999999,0.5086805555555556,0.0,0.5086805555555556
64.4,0.507986111111111,0.0,0.507986111111111
64.60000000000001,0.5100694444444445,0.0,0.5100694444444445
64.8,0.5104166666666667,0.0,0.5104166666666667
65.0,0.5118055555555555,0.0,0.5118055555555555
65.19999999999999,0.5125,0.0,0.5125
65.4,0.5125,0.0,0.5125
65.60000000000001,0.5145833333333334,0.0,0.5145833333333334
65.8,0.5180555555555555,0.0,0.5180555555555555
66.0,0.5194444444444445,0.0,0.5194444444444445
66.19999999999999,0.5215277777777778,0.0,0.5215277777777778
66.4,0.5211805555555555,0.0,0.5211805555555555
66.60000000000001,0.5215277777777778,0.0,0.5215277777777778
66.8,0.5229166666666667,0.0,0.5229166666666667
67.0,0.5239583333333333,0.0,0.5239583333333333
67.2,0.5263888888888889,0.0,0.5263888888888889
67.4,0.5270833333333333,0.0,0.5270833333333333
67.6,0.5302083333333334,0.0,0.5302083333333334
67.8,0.5336805555555555,0.0,0.5336805555555555
68.0,0.5347222222222222,0.0,0.5347222222222222
68.2,0.5378472222222221,0.0,0.5378472222222221
68.4,0.5416666666666666,0.0,0.5416666666666666
68.6,0.5420138888888889,0.0,0.5420138888888889
68.8,0.5437500000000001,0.0,0.5437500000000001
69.0,0.5454861111111111,0.0,0.5454861111111111
69.2,0.5454861111111111,0.0,0.5454861111111111
69.4,0.5517361111111111,0.0,0.5517361111111111
69.6,0.5538194444444444,0.0,0.5538194444444444
69.8,0.5552083333333333,0.0,0.5552083333333333
70.0,0.5586805555555555,0.0,0.5586805555555555
70.2,0.5576388888888888,0.0,0.5576388888888888
70.4,0.5604166666666667,0.0,0.5604166666666667
70.6,0.559375,0.0,0.559375
70.8,0.560763888888889,0.0,0.560763888888889
71.0,0.5618055555555554,0.0,0.5618055555555554
71.2,0.5631944444444444,0.0,0.5631944444444444
71.4,0.5635416666666666,0.0,0.5635416666666666
71.6,0.5649305555555555,0.0,0.5649305555555555
71.8,0.5649305555555555,0.0,0.5649305555555555
72.0,0.5628472222222223,0.0,0.5628472222222223
72.2,0.5618055555555556,0.0,0.5618055555555556
72.4,0.5600694444444445,0.0,0.5600694444444445
72.6,0.5614583333333334,0.0,0.5614583333333334
72.8,0.5628472222222223,0.0,0.5628472222222223
73.0,0.5621527777777777,0.0,0.5621527777777777
73.2,0.5624999999999999,0.0,0.5624999999999999
73.4,0.5600694444444445,0.0,0.5600694444444445
73.6,0.5621527777777777,0.0,0.5621527777777777
73.80000000000001,0.5583333333333333,0.0,0.5583333333333333
74.0,0.5579861111111111,0.0,0.5579861111111111
74.2,0.5559027777777777,0.0,0.5559027777777777
74.39999999999999,0.5569444444444445,0.0,0.5569444444444445
74.6,0.5552083333333334,0.0,0.5552083333333334
74.80000000000001,0.5552083333333333,0.0,0.5552083333333333
75.0,0.554861111111111,0.0,0.554861111111111
75.2,0.5513888888888888,0.0,0.5513888888888888
75.39999999999999,0.5461805555555556,0.0,0.5461805555555556
75.6,0.5451388888888888,0.0,0.5451388888888888
75.80000000000001,0.5423611111111112,0.0,0.5423611111111112
76.0,0.5416666666666666,0.0,0.5416666666666666
76.2,0.5416666666666666,0.0,0.5416666666666666
76.39999999999999,0.5409722222222222,0.0,0.5409722222222222
76.6,0.5395833333333334,0.0,0.5395833333333334
76.8,0.5347222222222222,0.0,0.5347222222222222
77.0,0.5322916666666667,0.0,0.5322916666666667
77.2,0.529513888888889,0.0,0.529513888888889
77.39999999999999,0.5298611111111111,0.0,0.5298611111111111
77.60000000000001,0.5246527777777777,0.0,0.5246527777777777
77.8,0.5253472222222222,0.0,0.5253472222222222
78.0,0.5246527777777777,0.0,0.5246527777777777
78.2,0.5208333333333333,0.0,0.5208333333333333
78.39999999999999,0.51875,0.0,0.51875
78.60000000000001,0.5201388888888889,0.0,0.5201388888888889
78.8,0.5194444444444445,0.0,0.5194444444444445
79.0,0.517361111111111,0.0,0.517361111111111
79.2,0.5197916666666667,0.0,0.5197916666666667
79.39999999999999,0.5211805555555555,0.0,0.5211805555555555
79.60000000000001,0.5222222222222223,0.0,0.5222222222222223
79.8,0.523263888888889,0.0,0.523263888888889
80.0,0.5277777777777778,0.0,0.5277777777777778
80.19999999999999,0.5284722222222222,0.0,0.5284722222222222
80.4,0.5309027777777777,0.0,0.5309027777777777
80.60000000000001,0.5333333333333334,0.0,0.5333333333333334
80.8,0.5388888888888889,0.0,0.5388888888888889
81.0,0.5413194444444445,0.0,0.5413194444444445
81.19999999999999,0.5423611111111111,0.0,0.5423611111111111
81.4,0.5409722222222222,0.0,0.5409722222222222
81.60000000000001,0.5381944444444444,0.0,0.5381944444444444
81.8,0.5423611111111111,0.0,0.5423611111111111
82.0,0.5430555555555556,0.0,0.5430555555555556
82.19999999999999,0.5447916666666667,0.0,0.5447916666666667
82.4,0.5465277777777777,0.0,0.5465277777777777
82.60000000000001,0.5496527777777779,0.0,0.5496527777777779
82.8,0.5510416666666667,0.0,0.5510416666666667
83.0,0.5510416666666667,0.0,0.5510416666666667
83.2,0.5510416666666667,0.0,0.5510416666666667
83.4,0.5565972222222222,0.0,0.5565972222222222
83.6,0.554513888888889,0.0,0.554513888888889
83.8,0.5552083333333333,0.0,0.5552083333333333
84.0,0.5565972222222222,0.0,0.5565972222222222
84.2,0.5538194444444444,0.0,0.5538194444444444
84.4,0.55625,0.0,0.55625
84.6,0.5614583333333334,0.0,0.5614583333333334
84.8,0.5625,0.0,0.5625
85.0,0.5680555555555558,0.0,0.5680555555555558
85.2,0.5690972222222221,0.0,0.5690972222222221
85.4,0.5684027777777778,0.0,0.5684027777777778
85.6,0.570486111111111,0.0,0.570486111111111
85.8,0.5746527777777778,0.0,0.5746527777777778
86.0,0.5739583333333333,0.0,0.5739583333333333
86.2,0.5708333333333333,0.0,0.5708333333333333
86.4,0.5708333333333333,0.0,0.5708333333333333
86.6,0.5715277777777777,0.0,0.5715277777777777
86.8,0.56875,0.0,0.56875
87.0,0.5697916666666667,0.0,0.5697916666666667
87.2,0.5684027777777778,0.0,0.5684027777777778
87.4,0.5680555555555555,0.0,0.5680555555555555
87.6,0.5680555555555555,0.0,0.5680555555555555
87.8,0.5677083333333333,0.0,0.5677083333333333
88.0,0.5649305555555555,0.0,0.5649305555555555
88.2,0.5652777777777779,0.0,0.5652777777777779
88.4,0.5621527777777778,0.0,0.5621527777777778
88.6,0.5628472222222222,0.0,0.5628472222222222
88.8,0.5621527777777778,0.0,0.5621527777777778
89.0,0.5597222222222222,0.0,0.5597222222222222
89.2,0.5586805555555555,0.0,0.5586805555555555
89.39999999999999,0.5583333333333333,0.0,0.5583333333333333
89.6,0.5572916666666666,0.0,0.5572916666666666
89.80000000000001,0.5548611111111111,0.0,0.5548611111111111
90.0,0.5496527777777778,0.0,0.5496527777777778
90.2,0.5461805555555556,0.0,0.5461805555555556
90.39999999999999,0.5465277777777778,0.0,0.5465277777777778
90.6,0.5454861111111111,0.0,0.5454861111111111
90.80000000000001,0.5423611111111111,0.0,0.5423611111111111
91.0,0.5402777777777779,0.0,0.5402777777777779
91.2,0.538888888888889,0.0,0.538888888888889
91.39999999999999,0.5375,0.0,0.5375
91.6,0.5357638888888889,0.0,0.5357638888888889
91.80000000000001,0.534375,0.0,0.534375
92.0,0.5333333333333334,0.0,0.5333333333333334
92.2,0.5322916666666667,0.0,0.5322916666666667
92.39999999999999,0.5284722222222222,0.0,0.5284722222222222
92.60000000000001,0.5260416666666666,0.0,0.5260416666666666
92.8,0.5246527777777777,0.0,0.5246527777777777
93.0,0.5225694444444444,0.0,0.5225694444444444
93.2,0.5194444444444445,0.0,0.5194444444444445
93.39999999999999,0.5180555555555555,0.0,0.5180555555555555
93.60000000000001,0.5204861111111111,0.0,0.5204861111111111
93.8,0.5197916666666667,0.0,0.5197916666666667
94.0,0.5177083333333332,0.0,0.5177083333333332
94.2,0.5170138888888889,0.0,0.5170138888888889
94.39999999999999,0.513888888888889,0.0,0.513888888888889
94.60000000000001,0.5125,0.0,0.5125
94.8,0.5111111111111111,0.0,0.5111111111111111
95.0,0.5111111111111112,0.0,0.5111111111111112
95.2,0.5111111111111111,0.0,0.5111111111111111
95.4,0.5121527777777778,0.0,0.5121527777777778
95.60000000000001,0.5128472222222222,0.0,0.5128472222222222
95.8,0.5145833333333333,0.0,0.5145833333333333
96.0,0.5177083333333334,0.0,0.5177083333333334
96.19999999999999,0.5184027777777778,0.0,0.5184027777777778
96.4,0.5201388888888889,0.0,0.5201388888888889
96.60000000000001,0.5204861111111111,0.0,0.5204861111111111
96.8,0.5222222222222223,0.0,0.5222222222222223
97.0,0.5225694444444444,0.0,0.5225694444444444
97.19999999999999,0.523611111111111,0.0,0.523611111111111
97.4,0.5267361111111112,0.0,0.5267361111111112
97.60000000000001,0.5305555555555556,0.0,0.5305555555555556
97.8,0.5277777777777778,0.0,0.5277777777777778
98.0,0.5291666666666666,0.0,0.5291666666666666
98.19999999999999,0.5298611111111111,0.0,0.5298611111111111
98.4,0.5336805555555555,0.0,0.5336805555555555
98.6,0.534375,0.0,0.534375
98.8,0.5381944444444444,0.0,0.5381944444444444
99.0,0.5385416666666667,0.0,0.5385416666666667
99.2,0.5402777777777776,0.0,0.5402777777777776
99.4,0.5430555555555555,0.0,0.5430555555555555
99.6,0.5402777777777779,0.0,0.5402777777777779
99.8,0.5434027777777778,0.0,0.5434027777777778
100.0,0.5447916666666667,0.0,0.5447916666666667
100.2,0.5465277777777777,0.0,0.5465277777777777
100.4,0.5503472222222222,0.0,0.5503472222222222
100.6,0.5538194444444444,0.0,0.5538194444444444
100.8,0.5559027777777777,0.0,0.5559027777777777
101.0,0.5565972222222222,0.0,0.5565972222222222
101.2,0.5586805555555555,0.0,0.5586805555555555
101.4,0.5625000000000001,0.0,0.5625000000000001
101.6,0.5625000000000001,0.0,0.5625000000000001
101.8,0.5618055555555556,0.0,0.5618055555555556
102.0,0.5618055555555557,0.0,0.5618055555555557
102.2,0.5597222222222222,0.0,0.5597222222222222
102.4,0.5604166666666666,0.0,0.5604166666666666
102.6,0.5600694444444444,0.0,0.5600694444444444
102.8,0.5621527777777777,0.0,0.5621527777777777
103.0,0.5638888888888889,0.0,0.5638888888888889
103.2,0.5649305555555555,0.0,0.5649305555555555
103.4,0.5652777777777778,0.0,0.5652777777777778
103.6,0.564236111111111,0.0,0.564236111111111
103.8,0.5649305555555555,0.0,0.5649305555555555
104.0,0.5663194444444445,0.0,0.5663194444444445
104.2,0.5680555555555555,0.0,0.5680555555555555
104.4,0.5711805555555556,0.0,0.5711805555555556
104.6,0.571875,0.0,0.571875
104.80000000000001,0.5711805555555556,0.0,0.5711805555555556
105.0,0.5732638888888889,0.0,0.5732638888888889
105.2,0.5736111111111111,0.0,0.5736111111111111
105.39999999999999,0.5770833333333332,0.0,0.5770833333333332
105.6,0.5767361111111111,0.0,0.5767361111111111
105.80000000000001,0.5760416666666667,0.0,0.5760416666666667
106.0,0.5746527777777777,0.0,0.5746527777777777
106.2,0.5732638888888888,0.0,0.5732638888888888
106.39999999999999,0.5756944444444445,0.0,0.5756944444444445
106.6,0.576388888888889,0.0,0.576388888888889
106.80000000000001,0.5763888888888888,0.0,0.5763888888888888
107.0,0.5753472222222221,0.0,0.5753472222222221
107.2,0.5770833333333334,0.0,0.5770833333333334
107.39999999999999,0.5756944444444445,0.0,0.5756944444444445
107.6,0.5739583333333333,0.0,0.5739583333333333
107.80000000000001,0.5715277777777777,0.0,0.5715277777777777
108.0,0.5725694444444445,0.0,0.5725694444444445
108.2,0.5722222222222222,0.0,0.5722222222222222
108.39999999999999,0.5739583333333333,0.0,0.5739583333333333
108.60000000000001,0.5743055555555556,0.0,0.5743055555555556
108.8,0.5746527777777778,0.0,0.5746527777777778
109.0,0.575,0.0,0.575
109.2,0.5722222222222223,0.0,0.5722222222222223
109.39999999999999,0.571875,0.0,0.571875
109.60000000000001,0.5725694444444445,0.0,0.5725694444444445
109.8,0.5725694444444444,0.0,0.5725694444444444
110.0,0.5708333333333333,0.0,0.5708333333333333
110.2,0.5711805555555556,0.0,0.5711805555555556
110.39999999999999,0.56875,0.0,0.56875
110.60000000000001,0.5670138888888889,0.0,0.5670138888888889
110.8,0.5659722222222221,0.0,0.5659722222222221
111.0,0.5635416666666667,0.0,0.5635416666666667
111.19999999999999,0.564236111111111,0.0,0.564236111111111
111.4,0.5645833333333333,0.0,0.5645833333333333
111.60000000000001,0.564236111111111,0.0,0.564236111111111
111.8,0.5638888888888889,0.0,0.5638888888888889
112.0,0.5631944444444444,0.0,0.5631944444444444
112.19999999999999,0.5638888888888889,0.0,0.5638888888888889
112.4,0.564236111111111,0.0,0.564236111111111
112.60000000000001,0.5618055555555556,0.0,0.5618055555555556
112.8,0.5618055555555556,0.0,0.5618055555555556
113.0,0.5621527777777777,0.0,0.5621527777777777
113.19999999999999,0.5614583333333333,0.0,0.5614583333333333
113.4,0.5572916666666666,0.0,0.5572916666666666
113.60000000000001,0.553125,0.0,0.553125
113.8,0.5534722222222223,0.0,0.5534722222222223
114.0,0.5517361111111112,0.0,0.5517361111111112
114.2,0.55,0.0,0.55
114.4,0.5489583333333334,0.0,0.5489583333333334
114.6,0.5451388888888888,0.0,0.5451388888888888
114.8,0.5475694444444444,0.0,0.5475694444444444
115.0,0.5461805555555556,0.0,0.5461805555555556
115.2,0.5454861111111111,0.0,0.5454861111111111
115.4,0.5427083333333333,0.0,0.5427083333333333
115.6,0.5409722222222222,0.0,0.5409722222222222
115.8,0.5364583333333334,0.0,0.5364583333333334
116.0,0.5309027777777777,0.0,0.5309027777777777
116.2,0.5267361111111111,0.0,0.5267361111111111
116.4,0.525,0.0,0.525
116.6,0.521875,0.0,0.521875
116.8,0.5180555555555555,0.0,0.5180555555555555
117.0,0.515625,0.0,0.515625
117.2,0.5145833333333333,0.0,0.5145833333333333
117.4,0.5145833333333334,0.0,0.5145833333333334
117.6,0.5145833333333334,0.0,0.5145833333333334
117.8,0.5128472222222221,0.0,0.5128472222222221
118.0,0.5135416666666667,0.0,0.5135416666666667
118.2,0.5118055555555555,0.0,0.5118055555555555
118.4,0.5097222222222222,0.0,0.5097222222222222
118.6,0.5086805555555556,0.0,0.5086805555555556
118.8,0.509375,0.0,0.509375
119.0,0.5097222222222222,0.0,0.5097222222222222
119.2,0.5121527777777778,0.0,0.5121527777777778
119.4,0.5125,0.0,0.5125
119.6,0.5118055555555555,0.0,0.5118055555555555
119.8,0.5114583333333333,0.0,0.5114583333333333
120.0,0.5125,0.0,0.5125
120.2,0.513888888888889,0.0,0.513888888888889
120.39999999999999,0.5177083333333333,0.0,0.5177083333333333
120.6,0.5166666666666666,0.0,0.5166666666666666
120.80000000000001,0.5163194444444444,0.0,0.5163194444444444
121.0,0.5166666666666667,0.0,0.5166666666666667
121.2,0.5201388888888889,0.0,0.5201388888888889
121.39999999999999,0.5215277777777778,0.0,0.5215277777777778
121.6,0.5239583333333334,0.0,0.5239583333333334
121.80000000000001,0.523611111111111,0.0,0.523611111111111
122.0,0.521875,0.0,0.521875
122.2,0.5225694444444444,0.0,0.5225694444444444
122.39999999999999,0.523263888888889,0.0,0.523263888888889
122.6,0.525,0.0,0.525
122.80000000000001,0.5243055555555556,0.0,0.5243055555555556
123.0,0.525,0.0,0.525
123.2,0.523263888888889,0.0,0.523263888888889
123.39999999999999,0.5239583333333334,0.0,0.5239583333333334
123.60000000000001,0.521875,0.0,0.521875
123.8,0.5232638888888889,0.0,0.5232638888888889
124.0,0.5229166666666667,0.0,0.5229166666666667
124.2,0.521875,0.0,0.521875
124.39999999999999,0.5190972222222221,0.0,0.5190972222222221
124.60000000000001,0.5177083333333333,0.0,0.5177083333333333
124.8,0.5190972222222222,0.0,0.5190972222222222
125.0,0.5184027777777778,0.0,0.5184027777777778
125.2,0.5190972222222222,0.0,0.5190972222222222
125.4,0.51875,0.0,0.51875
125.6,0.5180555555555556,0.0,0.5180555555555556
125.8,0.5170138888888889,0.0,0.5170138888888889
126.0,0.5163194444444444,0.0,0.5163194444444444
126.2,0.5159722222222223,0.0,0.5159722222222223
126.4,0.5152777777777777,0.0,0.5152777777777777
126.6,0.5128472222222223,0.0,0.5128472222222223
126.8,0.5100694444444445,0.0,0.5100694444444445
127.0,0.509375,0.0,0.509375
127.2,0.5107638888888889,0.0,0.5107638888888889
127.40000000000002,0.5125,0.0,0.5125
127.6,0.5128472222222222,0.0,0.5128472222222222
127.8,0.5135416666666666,0.0,0.5135416666666666
128.0,0.5125,0.0,0.5125
128.20000000000002,0.5104166666666667,0.0,0.5104166666666667
128.39999999999998,0.5104166666666667,0.0,0.5104166666666667
128.6,0.5097222222222222,0.0,0.5097222222222222
128.8,0.507986111111111,0.0,0.507986111111111
129.0,0.5069444444444444,0.0,0.5069444444444444
129.20000000000002,0.5072916666666666,0.0,0.5072916666666666
129.39999999999998,0.5048611111111111,0.0,0.5048611111111111
129.6,0.50625,0.0,0.50625
129.8,0.5052083333333333,0.0,0.5052083333333333
130.0,0.5048611111111111,0.0,0.5048611111111111
130.20000000000002,0.5048611111111111,0.0,0.5048611111111111
130.39999999999998,0.5045138888888889,0.0,0.5045138888888889
130.6,0.5038194444444445,0.0,0.5038194444444445
130.8,0.5020833333333334,0.0,0.5020833333333334
131.0,0.5003472222222223,0.0,0.5003472222222223
131.20000000000002,0.496875,0.0,0.496875
131.39999999999998,0.49444444444444446,0.0,0.49444444444444446
131.6,0.4881944444444445,0.0,0.4881944444444445
131.8,0.48576388888888894,0.0,0.48576388888888894
132.0,0.4920138888888889,0.0,0.4920138888888889
132.20000000000002,0.49340277777777775,0.0,0.49340277777777775
132.39999999999998,0.49652777777777785,0.0,0.49652777777777785
132.6,0.496875,0.0,0.496875
132.8,0.5000000000000001,0.0,0.5000000000000001
133.0,0.49756944444444445,0.0,0.49756944444444445
133.20000000000002,0.4989583333333334,0.0,0.4989583333333334
133.39999999999998,0.5006944444444444,0.0,0.5006944444444444
133.6,0.5010416666666667,0.0,0.5010416666666667
133.8,0.5038194444444445,0.0,0.5038194444444445
134.0,0.5034722222222222,0.0,0.5034722222222222
134.20000000000002,0.5055555555555556,0.0,0.5055555555555556
134.4,0.5059027777777778,0.0,0.5059027777777778
134.6,0.5065972222222223,0.0,0.5065972222222223
134.8,0.5079861111111111,0.0,0.5079861111111111
135.0,0.507986111111111,0.0,0.507986111111111
135.2,0.5076388888888889,0.0,0.5076388888888889
135.4,0.507986111111111,0.0,0.507986111111111
135.6,0.5111111111111112,0.0,0.5111111111111112
135.8,0.5107638888888889,0.0,0.5107638888888889
136.0,0.5104166666666667,0.0,0.5104166666666667
136.2,0.5125,0.0,0.5125
136.4,0.5159722222222223,0.0,0.5159722222222223
136.6,0.5173611111111112,0.0,0.5173611111111112
136.8,0.5215277777777778,0.0,0.5215277777777778
137.0,0.5225694444444444,0.0,0.5225694444444444
137.2,0.5215277777777778,0.0,0.5215277777777778
137.4,0.5222222222222223,0.0,0.5222222222222223
137.6,0.5225694444444444,0.0,0.5225694444444444
137.8,0.5243055555555556,0.0,0.5243055555555556
138.0,0.5256944444444445,0.0,0.5256944444444445
138.2,0.5274305555555555,0.0,0.5274305555555555
138.4,0.5277777777777777,0.0,0.5277777777777777
138.6,0.5291666666666667,0.0,0.5291666666666667
138.8,0.5302083333333333,0.0,0.5302083333333333
139.0,0.5291666666666667,0.0,0.5291666666666667
139.2,0.5295138888888888,0.0,0.5295138888888888
139.4,0.5284722222222222,0.0,0.5284722222222222
139.6,0.5267361111111111,0.0,0.5267361111111111
139.8,0.5274305555555555,0.0,0.5274305555555555
140.0,0.5239583333333333,0.0,0.5239583333333333
140.2,0.523263888888889,0.0,0.523263888888889
140.4,0.5215277777777778,0.0,0.5215277777777778
140.6,0.5197916666666667,0.0,0.5197916666666667
140.8,0.5194444444444445,0.0,0.5194444444444445
141.0,0.5204861111111112,0.0,0.5204861111111112
141.2,0.5173611111111112,0.0,0.5173611111111112
141.4,0.5163194444444444,0.0,0.5163194444444444
141.6,0.5128472222222222,0.0,0.5128472222222222
141.8,0.5111111111111111,0.0,0.5111111111111111
142.0,0.5125,0.0,0.5125
142.2,0.5072916666666667,0.0,0.5072916666666667
142.4,0.5069444444444444,0.0,0.5069444444444444
142.6,0.5065972222222223,0.0,0.5065972222222223
142.8,0.5069444444444444,0.0,0.5069444444444444
143.0,0.5052083333333333,0.0,0.5052083333333333
143.2,0.5059027777777778,0.0,0.5059027777777778
143.4,0.5052083333333334,0.0,0.5052083333333334
143.6,0.5027777777777778,0.0,0.5027777777777778
143.8,0.49826388888888895,0.0,0.49826388888888895
144.0,0.4989583333333334,0.0,0.4989583333333334
144.2,0.49409722222222224,0.0,0.49409722222222224
144.4,0.49444444444444446,0.0,0.49444444444444446
144.6,0.4930555555555555,0.0,0.4930555555555555
144.8,0.4916666666666667,0.0,0.4916666666666667
145.0,0.49027777777777776,0.0,0.49027777777777776
145.2,0.49027777777777787,0.0,0.49027777777777787
145.4,0.4878472222222222,0.0,0.4878472222222222
145.6,0.4878472222222222,0.0,0.4878472222222222
145.8,0.48576388888888894,0.0,0.48576388888888894
146.0,0.4864583333333333,0.0,0.4864583333333333
146.2,0.48888888888888893,0.0,0.48888888888888893
146.4,0.48923611111111115,0.0,0.48923611111111115
146.6,0.490625,0.0,0.490625
146.8,0.48923611111111115,0.0,0.48923611111111115
147.0,0.48993055555555554,0.0,0.48993055555555554
147.2,0.48611111111111116,0.0,0.48611111111111116
147.4,0.4836805555555556,0.0,0.4836805555555556
147.60000000000002,0.48576388888888894,0.0,0.48576388888888894
147.79999999999998,0.4864583333333334,0.0,0.4864583333333334
148.0,0.4854166666666666,0.0,0.4854166666666666
148.2,0.48576388888888894,0.0,0.48576388888888894
148.4,0.48576388888888894,0.0,0.48576388888888894
148.60000000000002,0.4854166666666667,0.0,0.4854166666666667
148.79999999999998,0.484375,0.0,0.484375
149.0,0.4847222222222222,0.0,0.4847222222222222
149.2,0.4854166666666667,0.0,0.4854166666666667
149.4,0.48611111111111105,0.0,0.48611111111111105
149.60000000000002,0.48680555555555555,0.0,0.48680555555555555
149.79999999999998,0.4895833333333333,0.0,0.4895833333333333
150.0,0.4923611111111111,0.0,0.4923611111111111
150.2,0.4927083333333334,0.0,0.4927083333333334
150.4,0.4930555555555555,0.0,0.4930555555555555
150.60000000000002,0.49409722222222224,0.0,0.49409722222222224
150.79999999999998,0.4947916666666668,0.0,0.4947916666666668
151.0,0.4961805555555555,0.0,0.4961805555555555
151.2,0.49479166666666663,0.0,0.49479166666666663
151.4,0.49861111111111106,0.0,0.49861111111111106
151.60000000000002,0.4989583333333334,0.0,0.4989583333333334
151.79999999999998,0.5003472222222223,0.0,0.5003472222222223
152.0,0.4996527777777778,0.0,0.4996527777777778
152.2,0.5,0.0,0.5
152.4,0.501736111111111,0.0,0.501736111111111
152.60000000000002,0.5024305555555555,0.0,0.5024305555555555
152.79999999999998,0.5038194444444444,0.0,0.5038194444444444
153.0,0.5072916666666667,0.0,0.5072916666666667
153.2,0.5072916666666666,0.0,0.5072916666666666
153.4,0.5083333333333333,0.0,0.5083333333333333
153.6,0.5118055555555555,0.0,0.5118055555555555
153.79999999999998,0.5128472222222222,0.0,0.5128472222222222
154.0,0.5135416666666667,0.0,0.5135416666666667
154.20000000000002,0.5152777777777777,0.0,0.5152777777777777
154.4,0.5128472222222223,0.0,0.5128472222222223
154.6,0.5114583333333333,0.0,0.5114583333333333
154.79999999999998,0.5125,0.0,0.5125
155.0,0.5118055555555555,0.0,0.5118055555555555
155.20000000000002,0.5097222222222223,0.0,0.5097222222222223
155.4,0.5121527777777778,0.0,0.5121527777777778
155.6,0.5152777777777778,0.0,0.5152777777777778
155.79999999999998,0.5145833333333334,0.0,0.5145833333333334
156.0,0.5149305555555556,0.0,0.5149305555555556
156.20000000000002,0.5145833333333333,0.0,0.5145833333333333
156.4,0.5135416666666667,0.0,0.5135416666666667
156.6,0.5159722222222222,0.0,0.5159722222222222
156.79999999999998,0.5177083333333334,0.0,0.5177083333333334
157.0,0.5190972222222221,0.0,0.5190972222222221
157.20000000000002,0.5170138888888889,0.0,0.5170138888888889
157.4,0.513888888888889,0.0,0.513888888888889
157.6,0.5177083333333333,0.0,0.5177083333333333
157.79999999999998,0.5180555555555555,0.0,0.5180555555555555
158.0,0.517361111111111,0.0,0.517361111111111
158.20000000000002,0.5201388888888889,0.0,0.5201388888888889
158.4,0.51875,0.0,0.51875
158.6,0.5204861111111111,0.0,0.5204861111111111
158.79999999999998,0.5208333333333333,0.0,0.5208333333333333
159.0,0.5201388888888889,0.0,0.5201388888888889
159.20000000000002,0.5197916666666667,0.0,0.5197916666666667
159.39999999999998,0.5208333333333333,0.0,0.5208333333333333
159.6,0.5208333333333334,0.0,0.5208333333333334
159.8,0.5229166666666666,0.0,0.5229166666666666
160.0,0.5236111111111111,0.0,0.5236111111111111
160.20000000000002,0.5260416666666666,0.0,0.5260416666666666
160.39999999999998,0.5274305555555555,0.0,0.5274305555555555
160.6,0.5288194444444445,0.0,0.5288194444444445
160.8,0.5302083333333334,0.0,0.5302083333333334
161.0,0.5350694444444445,0.0,0.5350694444444445
161.20000000000002,0.5364583333333334,0.0,0.5364583333333334
161.39999999999998,0.5378472222222224,0.0,0.5378472222222224
161.6,0.5381944444444444,0.0,0.5381944444444444
161.8,0.5420138888888889,0.0,0.5420138888888889
162.0,0.5472222222222223,0.0,0.5472222222222223
162.20000000000002,0.5486111111111112,0.0,0.5486111111111112
162.39999999999998,0.5503472222222222,0.0,0.5503472222222222
162.6,0.5510416666666667,0.0,0.5510416666666667
162.8,0.55,0.0,0.55
163.0,0.5534722222222223,0.0,0.5534722222222223
163.20000000000002,0.5513888888888888,0.0,0.5513888888888888
163.39999999999998,0.5513888888888888,0.0,0.5513888888888888
163.6,0.5538194444444444,0.0,0.5538194444444444
163.8,0.5559027777777777,0.0,0.5559027777777777
164.0,0.5527777777777778,0.0,0.5527777777777778
164.20000000000002,0.5538194444444444,0.0,0.5538194444444444
164.39999999999998,0.553125,0.0,0.553125
164.6,0.5545138888888889,0.0,0.5545138888888889
164.8,0.5541666666666667,0.0,0.5541666666666667
165.0,0.5555555555555556,0.0,0.5555555555555556
165.20000000000002,0.5548611111111111,0.0,0.5548611111111111
165.39999999999998,0.5565972222222223,0.0,0.5565972222222223
165.6,0.5569444444444445,0.0,0.5569444444444445
165.8,0.5541666666666667,0.0,0.5541666666666667
166.0,0.5538194444444444,0.0,0.5538194444444444
166.2,0.554513888888889,0.0,0.554513888888889
166.4,0.5559027777777776,0.0,0.5559027777777776
166.6,0.5565972222222222,0.0,0.5565972222222222
166.8,0.5569444444444445,0.0,0.5569444444444445
167.0,0.5565972222222222,0.0,0.5565972222222222
167.2,0.5548611111111111,0.0,0.5548611111111111
167.4,0.554861111111111,0.0,0.554861111111111
167.6,0.5517361111111112,0.0,0.5517361111111112
167.8,0.5489583333333333,0.0,0.5489583333333333
168.0,0.5454861111111111,0.0,0.5454861111111111
168.2,0.5427083333333333,0.0,0.5427083333333333
168.4,0.5420138888888889,0.0,0.5420138888888889
168.6,0.5430555555555555,0.0,0.5430555555555555
168.8,0.5416666666666666,0.0,0.5416666666666666
169.0,0.5399305555555556,0.0,0.5399305555555556
169.2,0.5364583333333333,0.0,0.5364583333333333
169.4,0.5350694444444445,0.0,0.5350694444444445
169.6,0.5378472222222221,0.0,0.5378472222222221
169.8,0.5375,0.0,0.5375
170.0,0.5375,0.0,0.5375
170.2,0.5371527777777778,0.0,0.5371527777777778
170.4,0.5340277777777778,0.0,0.5340277777777778
170.6,0.5322916666666668,0.0,0.5322916666666668
170.8,0.5340277777777778,0.0,0.5340277777777778
171.0,0.5326388888888889,0.0,0.5326388888888889
171.2,0.532986111111111,0.0,0.532986111111111
171.4,0.532986111111111,0.0,0.532986111111111
171.6,0.53125,0.0,0.53125
171.8,0.532986111111111,0.0,0.532986111111111
172.0,0.534375,0.0,0.534375
172.2,0.5361111111111111,0.0,0.5361111111111111
172.4,0.5371527777777777,0.0,0.5371527777777777
172.6,0.5354166666666667,0.0,0.5354166666666667
172.8,0.539236111111111,0.0,0.539236111111111
173.0,0.5420138888888888,0.0,0.5420138888888888
173.2,0.5434027777777778,0.0,0.5434027777777778
173.4,0.5447916666666666,0.0,0.5447916666666666
173.6,0.5486111111111112,0.0,0.5486111111111112
173.8,0.5510416666666667,0.0,0.5510416666666667
174.0,0.5527777777777778,0.0,0.5527777777777778
174.2,0.5527777777777778,0.0,0.5527777777777778
174.4,0.553125,0.0,0.553125
174.6,0.5527777777777778,0.0,0.5527777777777778
174.8,0.554513888888889,0.0,0.554513888888889
175.0,0.5579861111111111,0.0,0.5579861111111111
175.2,0.5565972222222222,0.0,0.5565972222222222
175.4,0.5600694444444445,0.0,0.5600694444444445
175.6,0.5645833333333333,0.0,0.5645833333333333
175.8,0.570138888888889,0.0,0.570138888888889
176.0,0.571875,0.0,0.571875
176.2,0.5756944444444445,0.0,0.5756944444444445
176.4,0.58125,0.0,0.58125
176.6,0.5850694444444444,0.0,0.5850694444444444
176.8,0.5899305555555555,0.0,0.5899305555555555
177.0,0.5927083333333333,0.0,0.5927083333333333
177.2,0.5940972222222223,0.0,0.5940972222222223
177.4,0.5958333333333334,0.0,0.5958333333333334
177.6,0.5989583333333334,0.0,0.5989583333333334
177.8,0.601388888888889,0.0,0.601388888888889
178.0,0.6069444444444445,0.0,0.6069444444444445
178.2,0.6090277777777777,0.0,0.6090277777777777
178.4,0.6152777777777778,0.0,0.6152777777777778
178.60000000000002,0.6194444444444445,0.0,0.6194444444444445
178.79999999999998,0.6215277777777778,0.0,0.6215277777777778
179.0,0.6253472222222223,0.0,0.6253472222222223
179.2,0.6315972222222223,0.0,0.6315972222222223
179.4,0.6350694444444445,0.0,0.6350694444444445
179.60000000000002,0.6361111111111113,0.0,0.6361111111111113
179.79999999999998,0.6406250000000001,0.0,0.6406250000000001
180.0,0.64375,0.0,0.64375
180.2,0.6465277777777778,0.0,0.6465277777777778
180.4,0.6513888888888889,0.0,0.6513888888888889
180.60000000000002,0.6541666666666667,0.0,0.6541666666666667
180.79999999999998,0.6586805555555555,0.0,0.6586805555555555
181.0,0.6618055555555556,0.0,0.6618055555555556
181.2,0.6645833333333333,0.0,0.6645833333333333
181.4,0.6666666666666667,0.0,0.6666666666666667
181.60000000000002,0.6697916666666667,0.0,0.6697916666666667
181.79999999999998,0.6690972222222222,0.0,0.6690972222222222
182.0,0.66875,0.0,0.66875
182.2,0.6690972222222222,0.0,0.6690972222222222
182.4,0.6704861111111111,0.0,0.6704861111111111
182.60000000000002,0.6708333333333333,0.0,0.6708333333333333
182.79999999999998,0.6736111111111112,0.0,0.6736111111111112
183.0,0.6756944444444445,0.0,0.6756944444444445
183.2,0.6756944444444445,0.0,0.6756944444444445
183.4,0.6774305555555555,0.0,0.6774305555555555
183.60000000000002,0.6791666666666666,0.0,0.6791666666666666
183.79999999999998,0.6791666666666666,0.0,0.6791666666666666
184.0,0.6802083333333333,0.0,0.6802083333333333
184.2,0.679513888888889,0.0,0.679513888888889
184.4,0.6802083333333333,0.0,0.6802083333333333
184.6,0.6802083333333334,0.0,0.6802083333333334
184.79999999999998,0.6822916666666667,0.0,0.6822916666666667
185.0,0.6829861111111111,0.0,0.6829861111111111
185.20000000000002,0.6822916666666666,0.0,0.6822916666666666
185.4,0.6819444444444445,0.0,0.6819444444444445
185.6,0.6840277777777779,0.0,0.6840277777777779
185.79999999999998,0.6840277777777777,0.0,0.6840277777777777
186.0,0.6864583333333333,0.0,0.6864583333333333
186.20000000000002,0.6850694444444444,0.0,0.6850694444444444
186.4,0.6854166666666666,0.0,0.6854166666666666
186.6,0.6864583333333334,0.0,0.6864583333333334
186.79999999999998,0.6875,0.0,0.6875
187.0,0.6864583333333334,0.0,0.6864583333333334
187.20000000000002,0.6881944444444444,0.0,0.6881944444444444
187.4,0.6888888888888889,0.0,0.6888888888888889
187.6,0.6885416666666667,0.0,0.6885416666666667
187.79999999999998,0.6878472222222223,0.0,0.6878472222222223
188.0,0.6868055555555556,0.0,0.6868055555555556
188.20000000000002,0.6878472222222223,0.0,0.6878472222222223
188.4,0.6854166666666667,0.0,0.6854166666666667
188.6,0.6850694444444445,0.0,0.6850694444444445
188.79999999999998,0.684375,0.0,0.684375
189.0,0.6826388888888889,0.0,0.6826388888888889
189.20000000000002,0.6822916666666667,0.0,0.6822916666666667
189.4,0.6840277777777777,0.0,0.6840277777777777
189.6,0.6833333333333333,0.0,0.6833333333333333
189.79999999999998,0.6840277777777778,0.0,0.6840277777777778
190.0,0.6829861111111112,0.0,0.6829861111111112
190.20000000000002,0.6815972222222222,0.0,0.6815972222222222
190.4,0.678125,0.0,0.678125
190.6,0.6770833333333334,0.0,0.6770833333333334
190.8,0.678125,0.0,0.678125
191.0,0.6732638888888889,0.0,0.6732638888888889
191.20000000000002,0.6725694444444444,0.0,0.6725694444444444
191.39999999999998,0.6711805555555556,0.0,0.6711805555555556
191.6,0.6711805555555557,0.0,0.6711805555555557
191.8,0.66875,0.0,0.66875
192.0,0.6649305555555556,0.0,0.6649305555555556
192.20000000000002,0.6628472222222224,0.0,0.6628472222222224
192.39999999999998,0.6625,0.0,0.6625
192.6,0.6597222222222223,0.0,0.6597222222222223
192.8,0.6579861111111112,0.0,0.6579861111111112
193.0,0.6590277777777778,0.0,0.6590277777777778
193.20000000000002,0.6583333333333334,0.0,0.6583333333333334
193.39999999999998,0.65625,0.0,0.65625
193.6,0.654513888888889,0.0,0.654513888888889
193.8,0.6538194444444445,0.0,0.6538194444444445
194.0,0.6538194444444445,0.0,0.6538194444444445
194.20000000000002,0.6517361111111111,0.0,0.6517361111111111
194.39999999999998,0.6496527777777777,0.0,0.6496527777777777
194.6,0.6493055555555556,0.0,0.6493055555555556
194.8,0.6472222222222221,0.0,0.6472222222222221
195.0,0.6461805555555555,0.0,0.6461805555555555
195.20000000000002,0.642361111111111,0.0,0.642361111111111
195.39999999999998,0.6430555555555555,0.0,0.6430555555555555
195.6,0.6427083333333334,0.0,0.6427083333333334
195.8,0.6427083333333334,0.0,0.6427083333333334
196.0,0.6420138888888889,0.0,0.6420138888888889
196.20000000000002,0.6427083333333334,0.0,0.6427083333333334
196.39999999999998,0.6427083333333334,0.0,0.6427083333333334
196.6,0.642361111111111,0.0,0.642361111111111
196.8,0.6427083333333333,0.0,0.6427083333333333
197.0,0.6430555555555556,0.0,0.6430555555555556
197.2,0.6427083333333334,0.0,0.6427083333333334
197.4,0.640625,0.0,0.640625
197.6,0.6416666666666667,0.0,0.6416666666666667
197.8,0.6427083333333334,0.0,0.6427083333333334
198.0,0.6420138888888889,0.0,0.6420138888888889
198.2,0.6416666666666667,0.0,0.6416666666666667
198.4,0.6409722222222223,0.0,0.6409722222222223
198.6,0.6399305555555557,0.0,0.6399305555555557
198.8,0.6440972222222223,0.0,0.6440972222222223
199.0,0.64375,0.0,0.64375
199.2,0.6420138888888889,0.0,0.6420138888888889
199.4,0.6420138888888889,0.0,0.6420138888888889
199.6,0.6447916666666667,0.0,0.6447916666666667
199.8,0.6461805555555555,0.0,0.6461805555555555
200.0,0.6513888888888888,0.0,0.6513888888888888
200.2,0.6527777777777778,0.0,0.6527777777777778
200.4,0.6517361111111111,0.0,0.6517361111111111
200.6,0.6513888888888888,0.0,0.6513888888888888
200.8,0.6520833333333333,0.0,0.6520833333333333
201.0,0.653125,0.0,0.653125
201.2,0.6524305555555555,0.0,0.6524305555555555
201.4,0.654513888888889,0.0,0.654513888888889
201.6,0.6545138888888888,0.0,0.6545138888888888
201.8,0.6555555555555556,0.0,0.6555555555555556
202.0,0.6569444444444443,0.0,0.6569444444444443
202.2,0.6572916666666666,0.0,0.6572916666666666
202.4,0.6576388888888889,0.0,0.6576388888888889
202.6,0.6611111111111111,0.0,0.6611111111111111
202.8,0.6614583333333333,0.0,0.6614583333333333
203.0,0.6621527777777777,0.0,0.6621527777777777
203.2,0.6635416666666667,0.0,0.6635416666666667
203.4,0.6635416666666667,0.0,0.6635416666666667
203.6,0.663888888888889,0.0,0.663888888888889
203.8,0.665625,0.0,0.665625
204.0,0.6631944444444444,0.0,0.6631944444444444
204.2,0.6631944444444444,0.0,0.6631944444444444
204.4,0.6631944444444444,0.0,0.6631944444444444
204.6,0.6625,0.0,0.6625
204.8,0.6618055555555555,0.0,0.6618055555555555
205.0,0.6607638888888889,0.0,0.6607638888888889
205.2,0.6611111111111111,0.0,0.6611111111111111
205.4,0.6597222222222222,0.0,0.6597222222222222
205.6,0.657986111111111,0.0,0.657986111111111
205.8,0.6565972222222223,0.0,0.6565972222222223
206.0,0.6552083333333334,0.0,0.6552083333333334
206.2,0.6534722222222223,0.0,0.6534722222222223
206.4,0.6503472222222222,0.0,0.6503472222222222
206.6,0.6517361111111112,0.0,0.6517361111111112
206.8,0.6534722222222221,0.0,0.6534722222222221
207.0,0.6513888888888889,0.0,0.6513888888888889
207.2,0.65,0.0,0.65
207.4,0.648611111111111,0.0,0.648611111111111
207.6,0.648611111111111,0.0,0.648611111111111
207.8,0.6506944444444445,0.0,0.6506944444444445
208.0,0.65,0.0,0.65
208.2,0.6489583333333334,0.0,0.6489583333333334
208.4,0.65,0.0,0.65
208.6,0.6475694444444444,0.0,0.6475694444444444
208.8,0.6465277777777778,0.0,0.6465277777777778
209.0,0.6434027777777779,0.0,0.6434027777777779
209.2,0.6427083333333334,0.0,0.6427083333333334
209.4,0.642013888888889,0.0,0.642013888888889
209.60000000000002,0.6427083333333334,0.0,0.6427083333333334
209.79999999999998,0.6399305555555556,0.0,0.6399305555555556
210.0,0.6392361111111111,0.0,0.6392361111111111
210.2,0.6381944444444445,0.0,0.6381944444444445
210.4,0.6388888888888891,0.0,0.6388888888888891
210.60000000000002,0.6413194444444446,0.0,0.6413194444444446
210.79999999999998,0.6430555555555556,0.0,0.6430555555555556
211.0,0.6454861111111112,0.0,0.6454861111111112
211.2,0.6475694444444445,0.0,0.6475694444444445
211.4,0.6465277777777778,0.0,0.6465277777777778
211.60000000000002,0.6458333333333334,0.0,0.6458333333333334
211.79999999999998,0.646875,0.0,0.646875
212.0,0.646875,0.0,0.646875
212.2,0.6472222222222223,0.0,0.6472222222222223
212.4,0.6472222222222223,0.0,0.6472222222222223
212.60000000000002,0.6493055555555555,0.0,0.6493055555555555
212.79999999999998,0.6479166666666666,0.0,0.6479166666666666
213.0,0.648263888888889,0.0,0.648263888888889
213.2,0.6503472222222222,0.0,0.6503472222222222
213.4,0.6520833333333332,0.0,0.6520833333333332
213.60000000000002,0.6538194444444444,0.0,0.6538194444444444
213.79999999999998,0.6552083333333334,0.0,0.6552083333333334
214.0,0.6541666666666666,0.0,0.6541666666666666
214.2,0.65625,0.0,0.65625
214.4,0.65625,0.0,0.65625
214.60000000000002,0.6576388888888889,0.0,0.6576388888888889
214.79999999999998,0.6597222222222222,0.0,0.6597222222222222
215.0,0.6614583333333333,0.0,0.6614583333333333
215.2,0.6614583333333333,0.0,0.6614583333333333
215.4,0.664236111111111,0.0,0.664236111111111
215.60000000000002,0.6635416666666667,0.0,0.6635416666666667
215.79999999999998,0.6631944444444444,0.0,0.6631944444444444
216.0,0.6659722222222223,0.0,0.6659722222222223
216.20000000000002,0.6670138888888889,0.0,0.6670138888888889
216.4,0.6680555555555556,0.0,0.6680555555555556
216.6,0.6666666666666667,0.0,0.6666666666666667
216.79999999999998,0.6663194444444446,0.0,0.6663194444444446
217.0,0.6684027777777779,0.0,0.6684027777777779
217.20000000000002,0.6690972222222222,0.0,0.6690972222222222
217.4,0.6694444444444445,0.0,0.6694444444444445
217.6,0.6694444444444445,0.0,0.6694444444444445
217.79999999999998,0.6704861111111111,0.0,0.6704861111111111
218.0,0.6697916666666667,0.0,0.6697916666666667
218.20000000000002,0.6711805555555556,0.0,0.6711805555555556
218.4,0.6694444444444445,0.0,0.6694444444444445
218.6,0.66875,0.0,0.66875
218.79999999999998,0.6687500000000001,0.0,0.6687500000000001
219.0,0.6708333333333334,0.0,0.6708333333333334
219.20000000000002,0.670138888888889,0.0,0.670138888888889
219.4,0.6690972222222222,0.0,0.6690972222222222
219.6,0.6711805555555557,0.0,0.6711805555555557
219.79999999999998,0.6711805555555557,0.0,0.6711805555555557
220.0,0.6704861111111111,0.0,0.6704861111111111
220.20000000000002,0.671875,0.0,0.671875
220.4,0.6708333333333333,0.0,0.6708333333333333
220.6,0.6690972222222222,0.0,0.6690972222222222
220.79999999999998,0.6711805555555556,0.0,0.6711805555555556
221.0,0.6711805555555557,0.0,0.6711805555555557
221.20000000000002,0.6732638888888889,0.0,0.6732638888888889
221.4,0.6739583333333333,0.0,0.6739583333333333
221.6,0.6746527777777778,0.0,0.6746527777777778
221.8,0.6774305555555556,0.0,0.6774305555555556
222.0,0.678125,0.0,0.678125
222.20000000000002,0.6805555555555556,0.0,0.6805555555555556
222.39999999999998,0.6850694444444444,0.0,0.6850694444444444
222.6,0.6850694444444445,0.0,0.6850694444444445
222.8,0.6888888888888889,0.0,0.6888888888888889
223.0,0.6888888888888889,0.0,0.6888888888888889
223.20000000000002,0.6920138888888889,0.0,0.6920138888888889
223.39999999999998,0.6934027777777778,0.0,0.6934027777777778
223.6,0.6923611111111112,0.0,0.6923611111111112
223.8,0.6930555555555555,0.0,0.6930555555555555
224.0,0.69375,0.0,0.69375
224.20000000000002,0.6975694444444445,0.0,0.6975694444444445
224.39999999999998,0.6979166666666667,0.0,0.6979166666666667
224.6,0.7006944444444445,0.0,0.7006944444444445
224.8,0.7034722222222222,0.0,0.7034722222222222
225.0,0.7083333333333334,0.0,0.7083333333333334
225.20000000000002,0.7093749999999999,0.0,0.7093749999999999
225.39999999999998,0.711111111111111,0.0,0.711111111111111
225.6,0.7121527777777777,0.0,0.7121527777777777
225.8,0.7152777777777778,0.0,0.7152777777777778
226.0,0.7163194444444444,0.0,0.7163194444444444
226.20000000000002,0.7159722222222221,0.0,0.7159722222222221
226.39999999999998,0.717013888888889,0.0,0.717013888888889
226.6,0.7190972222222222,0.0,0.7190972222222222
226.8,0.7211805555555555,0.0,0.7211805555555555
227.0,0.720486111111111,0.0,0.720486111111111
227.20000000000002,0.7256944444444444,0.0,0.7256944444444444
227.39999999999998,0.726388888888889,0.0,0.726388888888889
227.6,0.7260416666666666,0.0,0.7260416666666666
227.8,0.7260416666666666,0.0,0.7260416666666666
228.0,0.7284722222222222,0.0,0.7284722222222222
228.2,0.7302083333333333,0.0,0.7302083333333333
228.4,0.7302083333333333,0.0,0.7302083333333333
228.6,0.7302083333333333,0.0,0.7302083333333333
228.8,0.7315972222222223,0.0,0.7315972222222223
229.0,0.7343750000000001,0.0,0.7343750000000001
229.2,0.7336805555555557,0.0,0.7336805555555557
229.4,0.7354166666666667,0.0,0.7354166666666667
229.6,0.7371527777777779,0.0,0.7371527777777779
229.8,0.7371527777777779,0.0,0.7371527777777779
230.0,0.7368055555555555,0.0,0.7368055555555555
230.2,0.7368055555555555,0.0,0.7368055555555555
230.4,0.7371527777777778,0.0,0.7371527777777778
230.6,0.7371527777777778,0.0,0.7371527777777778
230.8,0.7357638888888888,0.0,0.7357638888888888
231.0,0.736111111111111,0.0,0.736111111111111
231.2,0.7368055555555555,0.0,0.7368055555555555
231.4,0.7347222222222223,0.0,0.7347222222222223
231.6,0.7336805555555556,0.0,0.7336805555555556
231.8,0.732638888888889,0.0,0.732638888888889
232.0,0.7315972222222223,0.0,0.7315972222222223
232.2,0.7319444444444445,0.0,0.7319444444444445
232.4,0.7319444444444444,0.0,0.7319444444444444
232.6,0.732638888888889,0.0,0.732638888888889
232.8,0.7302083333333333,0.0,0.7302083333333333
233.0,0.7288194444444445,0.0,0.7288194444444445
233.2,0.7274305555555556,0.0,0.7274305555555556
233.4,0.728125,0.0,0.728125
233.6,0.7277777777777777,0.0,0.7277777777777777
233.8,0.7246527777777778,0.0,0.7246527777777778
234.0,0.7243055555555555,0.0,0.7243055555555555
234.2,0.7229166666666667,0.0,0.7229166666666667
234.4,0.7222222222222222,0.0,0.7222222222222222
234.6,0.7208333333333333,0.0,0.7208333333333333
234.8,0.7184027777777778,0.0,0.7184027777777778
235.0,0.7177083333333334,0.0,0.7177083333333334
235.2,0.7149305555555556,0.0,0.7149305555555556
235.4,0.7145833333333333,0.0,0.7145833333333333
235.6,0.7138888888888889,0.0,0.7138888888888889
235.8,0.7135416666666666,0.0,0.7135416666666666
236.0,0.7111111111111112,0.0,0.7111111111111112
236.2,0.710763888888889,0.0,0.710763888888889
236.4,0.7090277777777777,0.0,0.7090277777777777
236.6,0.7076388888888888,0.0,0.7076388888888888
236.8,0.7065972222222221,0.0,0.7065972222222221
237.0,0.7069444444444445,0.0,0.7069444444444445
237.2,0.7055555555555555,0.0,0.7055555555555555
237.4,0.7041666666666666,0.0,0.7041666666666666
237.6,0.703125,0.0,0.703125
237.8,0.7038194444444444,0.0,0.7038194444444444
238.0,0.7072916666666667,0.0,0.7072916666666667
238.2,0.7069444444444445,0.0,0.7069444444444445
238.4,0.7059027777777778,0.0,0.7059027777777778
238.6,0.7059027777777778,0.0,0.7059027777777778
238.8,0.7045138888888889,0.0,0.7045138888888889
239.0,0.703125,0.0,0.703125
239.2,0.7024305555555557,0.0,0.7024305555555557
239.4,0.7,0.0,0.7
239.6,0.6993055555555555,0.0,0.6993055555555555
239.8,0.6975694444444445,0.0,0.6975694444444445
240.0,0.6979166666666667,0.0,0.6979166666666667
240.2,0.6958333333333333,0.0,0.6958333333333333
240.4,0.6954861111111111,0.0,0.6954861111111111
240.6,0.6965277777777777,0.0,0.6965277777777777
240.79999999999998,0.6958333333333333,0.0,0.6958333333333333
241.0,0.695138888888889,0.0,0.695138888888889
241.2,0.6947916666666668,0.0,0.6947916666666668
241.4,0.6944444444444444,0.0,0.6944444444444444
241.60000000000002,0.6944444444444444,0.0,0.6944444444444444
241.79999999999998,0.6927083333333334,0.0,0.6927083333333334
242.0,0.6913194444444446,0.0,0.6913194444444446
242.2,0.690625,0.0,0.690625
242.4,0.6888888888888889,0.0,0.6888888888888889
242.60000000000002,0.685763888888889,0.0,0.685763888888889
242.79999999999998,0.684375,0.0,0.684375
243.0,0.6819444444444445,0.0,0.6819444444444445
243.2,0.6819444444444445,0.0,0.6819444444444445
243.4,0.679513888888889,0.0,0.679513888888889
243.60000000000002,0.6795138888888889,0.0,0.6795138888888889
243.79999999999998,0.6788194444444444,0.0,0.6788194444444444
244.0,0.6767361111111111,0.0,0.6767361111111111
244.2,0.6760416666666667,0.0,0.6760416666666667
244.4,0.6756944444444445,0.0,0.6756944444444445
244.60000000000002,0.675,0.0,0.675
244.79999999999998,0.6763888888888888,0.0,0.6763888888888888
245.0,0.6746527777777777,0.0,0.6746527777777777
245.2,0.6760416666666667,0.0,0.6760416666666667
245.4,0.6756944444444444,0.0,0.6756944444444444
245.60000000000002,0.6763888888888889,0.0,0.6763888888888889
245.79999999999998,0.6746527777777777,0.0,0.6746527777777777
246.0,0.6746527777777779,0.0,0.6746527777777779
246.2,0.6739583333333333,0.0,0.6739583333333333
246.4,0.6736111111111112,0.0,0.6736111111111112
246.60000000000002,0.6722222222222223,0.0,0.6722222222222223
246.79999999999998,0.6715277777777777,0.0,0.6715277777777777
247.0,0.6711805555555557,0.0,0.6711805555555557
247.20000000000002,0.6722222222222223,0.0,0.6722222222222223
247.4,0.6711805555555556,0.0,0.6711805555555556
247.6,0.6736111111111112,0.0,0.6736111111111112
247.79999999999998,0.6729166666666667,0.0,0.6729166666666667
248.0,0.6729166666666667,0.0,0.6729166666666667
248.20000000000002,0.6739583333333333,0.0,0.6739583333333333
248.4,0.6739583333333333,0.0,0.6739583333333333
248.6,0.6732638888888889,0.0,0.6732638888888889
248.79999999999998,0.6725694444444443,0.0,0.6725694444444443
249.0,0.6732638888888889,0.0,0.6732638888888889
249.20000000000002,0.671875,0.0,0.671875
249.4,0.671875,0.0,0.671875
249.6,0.6715277777777777,0.0,0.6715277777777777
249.79999999999998,0.670138888888889,0.0,0.670138888888889
250.0,0.6715277777777778,0.0,0.6715277777777778
250.2,0.6711805555555556,0.0,0.6711805555555556
250.4,0.670138888888889,0.0,0.670138888888889
250.6,0.671875,0.0,0.671875
250.8,0.6729166666666667,0.0,0.6729166666666667
251.0,0.6756944444444445,0.0,0.6756944444444445
251.2,0.6770833333333334,0.0,0.6770833333333334
251.4,0.678125,0.0,0.678125
251.6,0.6774305555555555,0.0,0.6774305555555555
251.8,0.6760416666666667,0.0,0.6760416666666667
252.0,0.6770833333333334,0.0,0.6770833333333334
252.2,0.6777777777777778,0.0,0.6777777777777778
252.4,0.6791666666666667,0.0,0.6791666666666667
252.6,0.6802083333333334,0.0,0.6802083333333334
252.8,0.6819444444444445,0.0,0.6819444444444445
253.0,0.6819444444444444,0.0,0.6819444444444444
253.2,0.6802083333333334,0.0,0.6802083333333334
253.4,0.6791666666666668,0.0,0.6791666666666668
253.6,0.6798611111111111,0.0,0.6798611111111111
253.8,0.679861111111111,0.0,0.679861111111111
254.0,0.6812500000000001,0.0,0.6812500000000001
254.2,0.6829861111111112,0.0,0.6829861111111112
254.4,0.6826388888888889,0.0,0.6826388888888889
254.6,0.6815972222222222,0.0,0.6815972222222222
254.80000000000004,0.6819444444444445,0.0,0.6819444444444445
255.0,0.6812500000000001,0.0,0.6812500000000001
255.2,0.6840277777777778,0.0,0.6840277777777778
255.4,0.6826388888888889,0.0,0.6826388888888889
255.6,0.6826388888888889,0.0,0.6826388888888889
255.80000000000004,0.6822916666666667,0.0,0.6822916666666667
256.0,0.6829861111111111,0.0,0.6829861111111111
256.2,0.6819444444444445,0.0,0.6819444444444445
256.40000000000003,0.6802083333333334,0.0,0.6802083333333334
256.6,0.6819444444444445,0.0,0.6819444444444445
256.79999999999995,0.6805555555555556,0.0,0.6805555555555556
257.0,0.6805555555555556,0.0,0.6805555555555556
257.2,0.6819444444444445,0.0,0.6819444444444445
257.40000000000003,0.6815972222222222,0.0,0.6815972222222222
257.6,0.6840277777777778,0.0,0.6840277777777778
257.79999999999995,0.6871527777777777,0.0,0.6871527777777777
258.0,0.6861111111111111,0.0,0.6861111111111111
258.2,0.6861111111111111,0.0,0.6861111111111111
258.40000000000003,0.685763888888889,0.0,0.685763888888889
258.6,0.6861111111111111,0.0,0.6861111111111111
258.79999999999995,0.6875,0.0,0.6875
259.0,0.6881944444444443,0.0,0.6881944444444443
259.2,0.6916666666666667,0.0,0.6916666666666667
259.40000000000003,0.6937500000000001,0.0,0.6937500000000001
259.6,0.6934027777777778,0.0,0.6934027777777778
259.79999999999995,0.6927083333333333,0.0,0.6927083333333333
260.0,0.6927083333333333,0.0,0.6927083333333333
260.2,0.69375,0.0,0.69375
260.40000000000003,0.6940972222222223,0.0,0.6940972222222223
260.6,0.6954861111111111,0.0,0.6954861111111111
260.79999999999995,0.696875,0.0,0.696875
261.0,0.696875,0.0,0.696875
261.2,0.6961805555555556,0.0,0.6961805555555556
261.40000000000003,0.6996527777777779,0.0,0.6996527777777779
261.6,0.7006944444444445,0.0,0.7006944444444445
261.79999999999995,0.7006944444444445,0.0,0.7006944444444445
262.0,0.7017361111111111,0.0,0.7017361111111111
262.2,0.7069444444444444,0.0,0.7069444444444444
262.40000000000003,0.7086805555555556,0.0,0.7086805555555556
262.6,0.711111111111111,0.0,0.711111111111111
262.79999999999995,0.7125,0.0,0.7125
263.0,0.7118055555555556,0.0,0.7118055555555556
263.2,0.7135416666666667,0.0,0.7135416666666667
263.40000000000003,0.7152777777777778,0.0,0.7152777777777778
263.6,0.7149305555555555,0.0,0.7149305555555555
263.79999999999995,0.7152777777777778,0.0,0.7152777777777778
264.0,0.7190972222222223,0.0,0.7190972222222223
264.2,0.7211805555555555,0.0,0.7211805555555555
264.40000000000003,0.7222222222222222,0.0,0.7222222222222222
264.6,0.7208333333333333,0.0,0.7208333333333333
264.79999999999995,0.7215277777777779,0.0,0.7215277777777779
265.0,0.721875,0.0,0.721875
265.2,0.7239583333333333,0.0,0.7239583333333333
265.40000000000003,0.7253472222222221,0.0,0.7253472222222221
265.6,0.7263888888888889,0.0,0.7263888888888889
265.79999999999995,0.726736111111111,0.0,0.726736111111111
266.0,0.7274305555555556,0.0,0.7274305555555556
266.2,0.7277777777777777,0.0,0.7277777777777777
266.40000000000003,0.7277777777777777,0.0,0.7277777777777777
266.6,0.7274305555555556,0.0,0.7274305555555556
266.79999999999995,0.7277777777777776,0.0,0.7277777777777776
267.0,0.7284722222222222,0.0,0.7284722222222222
267.2,0.728125,0.0,0.728125
267.40000000000003,0.7284722222222222,0.0,0.7284722222222222
267.6,0.7284722222222222,0.0,0.7284722222222222
267.79999999999995,0.7274305555555557,0.0,0.7274305555555557
268.0,0.7288194444444445,0.0,0.7288194444444445
268.2,0.7284722222222222,0.0,0.7284722222222222
268.40000000000003,0.7284722222222223,0.0,0.7284722222222223
268.6,0.7288194444444445,0.0,0.7288194444444445
268.8,0.7302083333333333,0.0,0.7302083333333333
269.0,0.7315972222222221,0.0,0.7315972222222221
269.2,0.7322916666666667,0.0,0.7322916666666667
269.4,0.7322916666666666,0.0,0.7322916666666666
269.6,0.7322916666666667,0.0,0.7322916666666667
269.8,0.7291666666666667,0.0,0.7291666666666667
270.0,0.7284722222222222,0.0,0.7284722222222222
270.2,0.7288194444444445,0.0,0.7288194444444445
270.4,0.728125,0.0,0.728125
270.6,0.7270833333333333,0.0,0.7270833333333333
270.8,0.7229166666666667,0.0,0.7229166666666667
271.0,0.7222222222222222,0.0,0.7222222222222222
271.2,0.721875,0.0,0.721875
271.4,0.7197916666666667,0.0,0.7197916666666667
271.6,0.7201388888888889,0.0,0.7201388888888889
271.8,0.7201388888888889,0.0,0.7201388888888889
272.0,0.7194444444444443,0.0,0.7194444444444443
272.2,0.7170138888888888,0.0,0.7170138888888888
272.4,0.7159722222222221,0.0,0.7159722222222221
272.6,0.715625,0.0,0.715625
272.8,0.7149305555555555,0.0,0.7149305555555555
273.0,0.7138888888888889,0.0,0.7138888888888889
273.2,0.7107638888888889,0.0,0.7107638888888889
273.4,0.7100694444444444,0.0,0.7100694444444444
273.6,0.7097222222222223,0.0,0.7097222222222223
273.8,0.7100694444444444,0.0,0.7100694444444444
274.0,0.709375,0.0,0.709375
274.2,0.7093749999999999,0.0,0.7093749999999999
274.4,0.7076388888888889,0.0,0.7076388888888889
274.6,0.7034722222222222,0.0,0.7034722222222222
274.8,0.7045138888888889,0.0,0.7045138888888889
275.0,0.7045138888888889,0.0,0.7045138888888889
275.2,0.704861111111111,0.0,0.704861111111111
275.4,0.704861111111111,0.0,0.704861111111111
275.6,0.7059027777777778,0.0,0.7059027777777778
275.8,0.7038194444444444,0.0,0.7038194444444444
276.0,0.7045138888888889,0.0,0.7045138888888889
276.2,0.7038194444444444,0.0,0.7038194444444444
276.4,0.7020833333333334,0.0,0.7020833333333334
276.6,0.7013888888888888,0.0,0.7013888888888888
276.8,0.7024305555555556,0.0,0.7024305555555556
277.0,0.7027777777777777,0.0,0.7027777777777777
277.2,0.7017361111111111,0.0,0.7017361111111111
277.4,0.7020833333333333,0.0,0.7020833333333333
277.6,0.7003472222222221,0.0,0.7003472222222221
277.8,0.6989583333333333,0.0,0.6989583333333333
278.0,0.698611111111111,0.0,0.698611111111111
278.2,0.6986111111111111,0.0,0.6986111111111111
278.4,0.6979166666666666,0.0,0.6979166666666666
278.6,0.7010416666666667,0.0,0.7010416666666667
278.8,0.7010416666666666,0.0,0.7010416666666666
279.0,0.6996527777777779,0.0,0.6996527777777779
279.2,0.6996527777777778,0.0,0.6996527777777778
279.4,0.7,0.0,0.7
279.6,0.6989583333333333,0.0,0.6989583333333333
279.8,0.6982638888888888,0.0,0.6982638888888888
280.0,0.6986111111111111,0.0,0.6986111111111111
280.2,0.6972222222222223,0.0,0.6972222222222223
280.4,0.696875,0.0,0.696875
280.6,0.6961805555555556,0.0,0.6961805555555556
280.8,0.6934027777777778,0.0,0.6934027777777778
281.0,0.6909722222222222,0.0,0.6909722222222222
281.2,0.6913194444444445,0.0,0.6913194444444445
281.4,0.6899305555555556,0.0,0.6899305555555556
281.6,0.6895833333333334,0.0,0.6895833333333334
281.8,0.685763888888889,0.0,0.685763888888889
282.0,0.6840277777777779,0.0,0.6840277777777779
282.2,0.6822916666666666,0.0,0.6822916666666666
282.4,0.6805555555555556,0.0,0.6805555555555556
282.6,0.6809027777777777,0.0,0.6809027777777777
282.8,0.6774305555555555,0.0,0.6774305555555555
283.0,0.6760416666666667,0.0,0.6760416666666667
283.2,0.6763888888888888,0.0,0.6763888888888888
283.4,0.6753472222222223,0.0,0.6753472222222223
283.6,0.6739583333333334,0.0,0.6739583333333334
283.8,0.671875,0.0,0.671875
284.0,0.6690972222222223,0.0,0.6690972222222223
284.2,0.6670138888888888,0.0,0.6670138888888888
284.4,0.665625,0.0,0.665625
284.6,0.6635416666666668,0.0,0.6635416666666668
284.8,0.6628472222222224,0.0,0.6628472222222224
285.0,0.6614583333333333,0.0,0.6614583333333333
285.2,0.6600694444444445,0.0,0.6600694444444445
285.4,0.6590277777777779,0.0,0.6590277777777779
285.6,0.6572916666666666,0.0,0.6572916666666666
285.8,0.6572916666666667,0.0,0.6572916666666667
286.0,0.65625,0.0,0.65625
286.2,0.6524305555555555,0.0,0.6524305555555555
286.4,0.6513888888888888,0.0,0.6513888888888888
286.6,0.6465277777777778,0.0,0.6465277777777778
286.8,0.6461805555555556,0.0,0.6461805555555556
287.0,0.64375,0.0,0.64375
287.2,0.6409722222222223,0.0,0.6409722222222223
287.4,0.640625,0.0,0.640625
287.6,0.6395833333333334,0.0,0.6395833333333334
287.8,0.6357638888888888,0.0,0.6357638888888888
288.0,0.6381944444444444,0.0,0.6381944444444444
288.2,0.6385416666666667,0.0,0.6385416666666667
288.4,0.6381944444444445,0.0,0.6381944444444445
288.6,0.6347222222222222,0.0,0.6347222222222222
288.8,0.6333333333333334,0.0,0.6333333333333334
289.0,0.6340277777777779,0.0,0.6340277777777779
289.2,0.6357638888888889,0.0,0.6357638888888889
289.4,0.6357638888888889,0.0,0.6357638888888889
289.6,0.6378472222222222,0.0,0.6378472222222222
289.8,0.6375,0.0,0.6375
290.0,0.6347222222222222,0.0,0.6347222222222222
290.2,0.6357638888888888,0.0,0.6357638888888888
290.4,0.6354166666666666,0.0,0.6354166666666666
290.6,0.6371527777777778,0.0,0.6371527777777778
290.8,0.6371527777777778,0.0,0.6371527777777778
291.0,0.6354166666666667,0.0,0.6354166666666667
291.2,0.6333333333333333,0.0,0.6333333333333333
291.4,0.6340277777777777,0.0,0.6340277777777777
291.6,0.632986111111111,0.0,0.632986111111111
291.8,0.6350694444444445,0.0,0.6350694444444445
292.0,0.6347222222222222,0.0,0.6347222222222222
292.2,0.6340277777777777,0.0,0.6340277777777777
292.4,0.632638888888889,0.0,0.632638888888889
292.6,0.632638888888889,0.0,0.632638888888889
292.8,0.6350694444444445,0.0,0.6350694444444445
293.0,0.632638888888889,0.0,0.632638888888889
293.2,0.6319444444444444,0.0,0.6319444444444444
293.4,0.6343749999999999,0.0,0.6343749999999999
293.6,0.6354166666666666,0.0,0.6354166666666666
293.8,0.6357638888888889,0.0,0.6357638888888889
294.0,0.6364583333333333,0.0,0.6364583333333333
294.20000000000005,0.640625,0.0,0.640625
294.4,0.6409722222222222,0.0,0.6409722222222222
294.59999999999997,0.6399305555555556,0.0,0.6399305555555556
294.8,0.6392361111111111,0.0,0.6392361111111111
295.0,0.6399305555555556,0.0,0.6399305555555556
295.20000000000005,0.6416666666666667,0.0,0.6416666666666667
295.4,0.64375,0.0,0.64375
295.59999999999997,0.6420138888888889,0.0,0.6420138888888889
295.8,0.6444444444444444,0.0,0.6444444444444444
296.0,0.64375,0.0,0.64375
296.20000000000005,0.6475694444444444,0.0,0.6475694444444444
296.4,0.6479166666666666,0.0,0.6479166666666666
296.59999999999997,0.6465277777777778,0.0,0.6465277777777778
296.8,0.6475694444444444,0.0,0.6475694444444444
297.0,0.6454861111111112,0.0,0.6454861111111112
297.20000000000005,0.6458333333333333,0.0,0.6458333333333333
297.4,0.6451388888888889,0.0,0.6451388888888889
297.59999999999997,0.6472222222222224,0.0,0.6472222222222224
297.8,0.6461805555555556,0.0,0.6461805555555556
298.0,0.6458333333333333,0.0,0.6458333333333333
298.20000000000005,0.6472222222222223,0.0,0.6472222222222223
298.4,0.6479166666666666,0.0,0.6479166666666666
298.59999999999997,0.646875,0.0,0.646875
298.8,0.6465277777777778,0.0,0.6465277777777778
299.0,0.6461805555555555,0.0,0.6461805555555555
299.20000000000005,0.6427083333333333,0.0,0.6427083333333333
299.4,0.642361111111111,0.0,0.642361111111111
299.59999999999997,0.6434027777777778,0.0,0.6434027777777778
299.8,0.6440972222222221,0.0,0.6440972222222221
300.0,0.6475694444444444,0.0,0.6475694444444444
300.20000000000005,0.6454861111111111,0.0,0.6454861111111111
300.4,0.64375,0.0,0.64375
300.59999999999997,0.6427083333333333,0.0,0.6427083333333333
300.8,0.64375,0.0,0.64375
301.0,0.64375,0.0,0.64375
301.20000000000005,0.6427083333333334,0.0,0.6427083333333334
301.4,0.6434027777777778,0.0,0.6434027777777778
301.59999999999997,0.6444444444444444,0.0,0.6444444444444444
301.8,0.6430555555555555,0.0,0.6430555555555555
302.0,0.64375,0.0,0.64375
302.20000000000005,0.6461805555555555,0.0,0.6461805555555555
302.4,0.6493055555555556,0.0,0.6493055555555556
302.59999999999997,0.6510416666666667,0.0,0.6510416666666667
302.8,0.6503472222222222,0.0,0.6503472222222222
303.0,0.6472222222222223,0.0,0.6472222222222223
303.20000000000005,0.6454861111111111,0.0,0.6454861111111111
303.4,0.6472222222222223,0.0,0.6472222222222223
303.59999999999997,0.646875,0.0,0.646875
303.8,0.6472222222222223,0.0,0.6472222222222223
304.0,0.6454861111111111,0.0,0.6454861111111111
304.20000000000005,0.6447916666666667,0.0,0.6447916666666667
304.4,0.64375,0.0,0.64375
304.59999999999997,0.6409722222222222,0.0,0.6409722222222222
304.8,0.6402777777777777,0.0,0.6402777777777777
305.0,0.6385416666666667,0.0,0.6385416666666667
305.20000000000005,0.6381944444444445,0.0,0.6381944444444445
305.4,0.6357638888888889,0.0,0.6357638888888889
305.59999999999997,0.6333333333333333,0.0,0.6333333333333333
305.8,0.6302083333333334,0.0,0.6302083333333334
306.0,0.6256944444444444,0.0,0.6256944444444444
306.20000000000005,0.6222222222222223,0.0,0.6222222222222223
306.4,0.6194444444444445,0.0,0.6194444444444445
306.59999999999997,0.6177083333333333,0.0,0.6177083333333333
306.8,0.6149305555555555,0.0,0.6149305555555555
307.0,0.6121527777777779,0.0,0.6121527777777779
307.2,0.6118055555555555,0.0,0.6118055555555555
307.40000000000003,0.6097222222222223,0.0,0.6097222222222223
307.59999999999997,0.607638888888889,0.0,0.607638888888889
307.8,0.6052083333333333,0.0,0.6052083333333333
308.0,0.6034722222222222,0.0,0.6034722222222222
308.2,0.5996527777777778,0.0,0.5996527777777778
308.40000000000003,0.5975694444444445,0.0,0.5975694444444445
308.59999999999997,0.5972222222222222,0.0,0.5972222222222222
308.8,0.5916666666666666,0.0,0.5916666666666666
309.0,0.5888888888888889,0.0,0.5888888888888889
309.2,0.5847222222222223,0.0,0.5847222222222223
309.40000000000003,0.5822916666666667,0.0,0.5822916666666667
309.59999999999997,0.5815972222222221,0.0,0.5815972222222221
309.8,0.5795138888888889,0.0,0.5795138888888889
310.0,0.5802083333333333,0.0,0.5802083333333333
310.2,0.5784722222222222,0.0,0.5784722222222222
310.40000000000003,0.5767361111111111,0.0,0.5767361111111111
310.59999999999997,0.5739583333333333,0.0,0.5739583333333333
310.8,0.5743055555555555,0.0,0.5743055555555555
311.0,0.5708333333333334,0.0,0.5708333333333334
311.2,0.5684027777777778,0.0,0.5684027777777778
311.40000000000003,0.5673611111111111,0.0,0.5673611111111111
311.59999999999997,0.5670138888888889,0.0,0.5670138888888889
311.8,0.5635416666666667,0.0,0.5635416666666667
312.0,0.5635416666666666,0.0,0.5635416666666666
312.2,0.5652777777777778,0.0,0.5652777777777778
312.40000000000003,0.5631944444444444,0.0,0.5631944444444444
312.59999999999997,0.5628472222222222,0.0,0.5628472222222222
312.8,0.5621527777777777,0.0,0.5621527777777777
313.0,0.560763888888889,0.0,0.560763888888889
313.2,0.5579861111111112,0.0,0.5579861111111112
313.40000000000003,0.5572916666666666,0.0,0.5572916666666666
313.59999999999997,0.5559027777777777,0.0,0.5559027777777777
313.8,0.5548611111111111,0.0,0.5548611111111111
314.0,0.554513888888889,0.0,0.554513888888889
314.2,0.55625,0.0,0.55625
314.40000000000003,0.5531250000000001,0.0,0.5531250000000001
314.59999999999997,0.5517361111111111,0.0,0.5517361111111111
314.8,0.5513888888888888,0.0,0.5513888888888888
315.0,0.5503472222222222,0.0,0.5503472222222222
315.2,0.5524305555555555,0.0,0.5524305555555555
315.40000000000003,0.5496527777777779,0.0,0.5496527777777779
315.59999999999997,0.5496527777777779,0.0,0.5496527777777779
315.8,0.5513888888888889,0.0,0.5513888888888889
316.0,0.5503472222222221,0.0,0.5503472222222221
316.2,0.5482638888888889,0.0,0.5482638888888889
316.40000000000003,0.5458333333333334,0.0,0.5458333333333334
316.59999999999997,0.5458333333333334,0.0,0.5458333333333334
316.8,0.5427083333333333,0.0,0.5427083333333333
317.0,0.5430555555555556,0.0,0.5430555555555556
317.2,0.5420138888888889,0.0,0.5420138888888889
317.40000000000003,0.5395833333333334,0.0,0.5395833333333334
317.59999999999997,0.5413194444444444,0.0,0.5413194444444444
317.8,0.5395833333333334,0.0,0.5395833333333334
318.0,0.5395833333333333,0.0,0.5395833333333333
318.2,0.5402777777777779,0.0,0.5402777777777779
318.40000000000003,0.5409722222222222,0.0,0.5409722222222222
318.6,0.5413194444444444,0.0,0.5413194444444444
318.79999999999995,0.5427083333333332,0.0,0.5427083333333332
319.0,0.5413194444444445,0.0,0.5413194444444445
319.2,0.540625,0.0,0.540625
319.40000000000003,0.5409722222222222,0.0,0.5409722222222222
319.6,0.5399305555555556,0.0,0.5399305555555556
319.79999999999995,0.5413194444444445,0.0,0.5413194444444445
320.0,0.5413194444444445,0.0,0.5413194444444445
320.2,0.5392361111111111,0.0,0.5392361111111111
320.40000000000003,0.5395833333333333,0.0,0.5395833333333333
320.6,0.5416666666666666,0.0,0.5416666666666666
320.79999999999995,0.5427083333333333,0.0,0.5427083333333333
321.0,0.545138888888889,0.0,0.545138888888889
321.2,0.5447916666666667,0.0,0.5447916666666667
321.40000000000003,0.5454861111111111,0.0,0.5454861111111111
321.6,0.5423611111111111,0.0,0.5423611111111111
321.79999999999995,0.5430555555555555,0.0,0.5430555555555555
322.0,0.5430555555555556,0.0,0.5430555555555556
322.2,0.5430555555555555,0.0,0.5430555555555555
322.40000000000003,0.5416666666666667,0.0,0.5416666666666667
322.6,0.5413194444444445,0.0,0.5413194444444445
322.79999999999995,0.540625,0.0,0.540625
323.0,0.5413194444444445,0.0,0.5413194444444445
323.2,0.5395833333333333,0.0,0.5395833333333333
323.40000000000003,0.538888888888889,0.0,0.538888888888889
323.6,0.5395833333333333,0.0,0.5395833333333333
323.79999999999995,0.5364583333333333,0.0,0.5364583333333333
324.0,0.5385416666666667,0.0,0.5385416666666667
324.2,0.5385416666666667,0.0,0.5385416666666667
324.40000000000003,0.5381944444444444,0.0,0.5381944444444444
324.6,0.5402777777777777,0.0,0.5402777777777777
324.79999999999995,0.5413194444444445,0.0,0.5413194444444445
325.0,0.5423611111111111,0.0,0.5423611111111111
325.2,0.5427083333333335,0.0,0.5427083333333335
325.40000000000003,0.5444444444444445,0.0,0.5444444444444445
325.6,0.5416666666666667,0.0,0.5416666666666667
325.79999999999995,0.5430555555555555,0.0,0.5430555555555555
326.0,0.5395833333333334,0.0,0.5395833333333334
326.2,0.5416666666666667,0.0,0.5416666666666667
326.40000000000003,0.5420138888888889,0.0,0.5420138888888889
326.6,0.5423611111111112,0.0,0.5423611111111112
326.79999999999995,0.5427083333333333,0.0,0.5427083333333333
327.0,0.5423611111111111,0.0,0.5423611111111111
327.2,0.5437500000000001,0.0,0.5437500000000001
327.40000000000003,0.5465277777777777,0.0,0.5465277777777777
327.6,0.545138888888889,0.0,0.545138888888889
327.79999999999995,0.5479166666666666,0.0,0.5479166666666666
328.0,0.5458333333333333,0.0,0.5458333333333333
328.2,0.5465277777777778,0.0,0.5465277777777778
328.40000000000003,0.5496527777777779,0.0,0.5496527777777779
328.6,0.5503472222222222,0.0,0.5503472222222222
328.79999999999995,0.5489583333333333,0.0,0.5489583333333333
329.0,0.5520833333333334,0.0,0.5520833333333334
329.2,0.5538194444444444,0.0,0.5538194444444444
329.40000000000003,0.5541666666666666,0.0,0.5541666666666666
329.6,0.5503472222222221,0.0,0.5503472222222221
329.79999999999995,0.5520833333333334,0.0,0.5520833333333334
330.0,0.5513888888888889,0.0,0.5513888888888889
330.2,0.5506944444444445,0.0,0.5506944444444445
330.40000000000003,0.5475694444444444,0.0,0.5475694444444444
330.6,0.545138888888889,0.0,0.545138888888889
330.79999999999995,0.5444444444444445,0.0,0.5444444444444445
331.0,0.5430555555555555,0.0,0.5430555555555555
331.2,0.545138888888889,0.0,0.545138888888889
331.4,0.545138888888889,0.0,0.545138888888889
331.6,0.5444444444444445,0.0,0.5444444444444445
331.8,0.5458333333333333,0.0,0.5458333333333333
332.0,0.5454861111111111,0.0,0.5454861111111111
332.2,0.5465277777777777,0.0,0.5465277777777777
332.4,0.5475694444444444,0.0,0.5475694444444444
332.6,0.5482638888888889,0.0,0.5482638888888889
332.8,0.5479166666666666,0.0,0.5479166666666666
333.0,0.5493055555555555,0.0,0.5493055555555555
333.2,0.5510416666666667,0.0,0.5510416666666667
333.4,0.5520833333333334,0.0,0.5520833333333334
333.6,0.553125,0.0,0.553125
333.8,0.5534722222222224,0.0,0.5534722222222224
334.0,0.5524305555555556,0.0,0.5524305555555556
334.2,0.5527777777777778,0.0,0.5527777777777778
334.4,0.5527777777777778,0.0,0.5527777777777778
334.6,0.55,0.0,0.55
334.8,0.5513888888888888,0.0,0.5513888888888888
335.0,0.5520833333333334,0.0,0.5520833333333334
335.2,0.5520833333333334,0.0,0.5520833333333334
335.4,0.5534722222222223,0.0,0.5534722222222223
335.6,0.5541666666666667,0.0,0.5541666666666667
335.8,0.5517361111111111,0.0,0.5517361111111111
336.0,0.5520833333333334,0.0,0.5520833333333334
336.2,0.5513888888888888,0.0,0.5513888888888888
336.4,0.5520833333333334,0.0,0.5520833333333334
336.6,0.5513888888888889,0.0,0.5513888888888889
336.8,0.5496527777777779,0.0,0.5496527777777779
337.0,0.5475694444444444,0.0,0.5475694444444444
337.2,0.5454861111111111,0.0,0.5454861111111111
337.4,0.5420138888888888,0.0,0.5420138888888888
337.6,0.5413194444444445,0.0,0.5413194444444445
337.8,0.5399305555555556,0.0,0.5399305555555556
338.0,0.540625,0.0,0.540625
338.2,0.5385416666666667,0.0,0.5385416666666667
338.4,0.538888888888889,0.0,0.538888888888889
338.6,0.5381944444444444,0.0,0.5381944444444444
338.8,0.5350694444444445,0.0,0.5350694444444445
339.0,0.5347222222222222,0.0,0.5347222222222222
339.2,0.5333333333333333,0.0,0.5333333333333333
339.4,0.5295138888888888,0.0,0.5295138888888888
339.6,0.5291666666666667,0.0,0.5291666666666667
339.8,0.5291666666666667,0.0,0.5291666666666667
340.0,0.5288194444444445,0.0,0.5288194444444445
340.2,0.529513888888889,0.0,0.529513888888889
340.4,0.5288194444444445,0.0,0.5288194444444445
340.6,0.5274305555555555,0.0,0.5274305555555555
340.8,0.523263888888889,0.0,0.523263888888889
341.0,0.5180555555555555,0.0,0.5180555555555555
341.2,0.5131944444444445,0.0,0.5131944444444445
341.4,0.5111111111111111,0.0,0.5111111111111111
341.6,0.5100694444444445,0.0,0.5100694444444445
341.8,0.5090277777777777,0.0,0.5090277777777777
342.0,0.5069444444444444,0.0,0.5069444444444444
342.2,0.5059027777777778,0.0,0.5059027777777778
342.4,0.5065972222222223,0.0,0.5065972222222223
342.6,0.5065972222222223,0.0,0.5065972222222223
342.8,0.5038194444444445,0.0,0.5038194444444445
343.0,0.503125,0.0,0.503125
343.2,0.5006944444444444,0.0,0.5006944444444444
343.4,0.5003472222222222,0.0,0.5003472222222222
343.6,0.49652777777777785,0.0,0.49652777777777785
343.8,0.4958333333333334,0.0,0.4958333333333334
344.0,0.4916666666666667,0.0,0.4916666666666667
344.2,0.48993055555555554,0.0,0.48993055555555554
344.4,0.48506944444444444,0.0,0.48506944444444444
344.6,0.4822916666666666,0.0,0.4822916666666666
344.8,0.48125,0.0,0.48125
345.0,0.4802083333333334,0.0,0.4802083333333334
345.2,0.4795138888888889,0.0,0.4795138888888889
345.4,0.47847222222222224,0.0,0.47847222222222224
345.6,0.4763888888888889,0.0,0.4763888888888889
345.8,0.478125,0.0,0.478125
346.0,0.4760416666666667,0.0,0.4760416666666667
346.2,0.475,0.0,0.475
346.4,0.47152777777777777,0.0,0.47152777777777777
346.6,0.47430555555555554,0.0,0.47430555555555554
346.8,0.47465277777777776,0.0,0.47465277777777776
347.0,0.4770833333333333,0.0,0.4770833333333333
347.2,0.4767361111111111,0.0,0.4767361111111111
347.4,0.475,0.0,0.475
347.6,0.4756944444444445,0.0,0.4756944444444445
347.8,0.4767361111111111,0.0,0.4767361111111111
348.0,0.47777777777777775,0.0,0.47777777777777775
348.2,0.47777777777777786,0.0,0.47777777777777786
348.4,0.47777777777777786,0.0,0.47777777777777786
348.6,0.47534722222222214,0.0,0.47534722222222214
348.8,0.47430555555555554,0.0,0.47430555555555554
349.0,0.4763888888888889,0.0,0.4763888888888889
349.2,0.4760416666666666,0.0,0.4760416666666666
349.4,0.47881944444444446,0.0,0.47881944444444446
349.6,0.478125,0.0,0.478125
349.8,0.47986111111111107,0.0,0.47986111111111107
350.0,0.48194444444444445,0.0,0.48194444444444445
350.2,0.48368055555555556,0.0,0.48368055555555556
350.4,0.48611111111111105,0.0,0.48611111111111105
350.6,0.484375,0.0,0.484375
350.8,0.48368055555555556,0.0,0.48368055555555556
351.0,0.4840277777777778,0.0,0.4840277777777778
351.2,0.48368055555555556,0.0,0.48368055555555556
351.4,0.4840277777777778,0.0,0.4840277777777778
351.6,0.4822916666666667,0.0,0.4822916666666667
351.8,0.4822916666666666,0.0,0.4822916666666666
352.0,0.48298611111111106,0.0,0.48298611111111106
352.2,0.4840277777777778,0.0,0.4840277777777778
352.4,0.4840277777777778,0.0,0.4840277777777778
352.6,0.48576388888888883,0.0,0.48576388888888883
352.8,0.4854166666666667,0.0,0.4854166666666667
353.0,0.484375,0.0,0.484375
353.2,0.48611111111111105,0.0,0.48611111111111105
353.4,0.484375,0.0,0.484375
353.6,0.4822916666666666,0.0,0.4822916666666666
353.8,0.48125,0.0,0.48125
354.0,0.4802083333333333,0.0,0.4802083333333333
354.2,0.4767361111111111,0.0,0.4767361111111111
354.4,0.47465277777777776,0.0,0.47465277777777776
354.6,0.4763888888888889,0.0,0.4763888888888889
354.8,0.47847222222222224,0.0,0.47847222222222224
355.0,0.4739583333333333,0.0,0.4739583333333333
355.2,0.471875,0.0,0.471875
355.4,0.4666666666666667,0.0,0.4666666666666667
355.6,0.4645833333333333,0.0,0.4645833333333333
355.8,0.4638888888888889,0.0,0.4638888888888889
356.0,0.4625,0.0,0.4625
356.2,0.45868055555555554,0.0,0.45868055555555554
356.4,0.4552083333333333,0.0,0.4552083333333333
356.59999999999997,0.4510416666666666,0.0,0.4510416666666666
356.8,0.4447916666666667,0.0,0.4447916666666667
357.0,0.44375,0.0,0.44375
357.20000000000005,0.44305555555555554,0.0,0.44305555555555554
357.4,0.44270833333333337,0.0,0.44270833333333337
357.59999999999997,0.43819444444444444,0.0,0.43819444444444444
357.8,0.43472222222222223,0.0,0.43472222222222223
358.0,0.4291666666666667,0.0,0.4291666666666667
358.20000000000005,0.42743055555555554,0.0,0.42743055555555554
358.4,0.4239583333333333,0.0,0.4239583333333333
358.59999999999997,0.4215277777777778,0.0,0.4215277777777778
358.8,0.4170138888888889,0.0,0.4170138888888889
359.0,0.4145833333333333,0.0,0.4145833333333333
359.20000000000005,0.4135416666666667,0.0,0.4135416666666667
359.4,0.4125,0.0,0.4125
359.59999999999997,0.41076388888888893,0.0,0.41076388888888893
359.8,0.4097222222222222,0.0,0.4097222222222222
360.0,0.4104166666666666,0.0,0.4104166666666666
360.20000000000005,0.40902777777777777,0.0,0.40902777777777777
360.4,0.40763888888888883,0.0,0.40763888888888883
360.59999999999997,0.40798611111111105,0.0,0.40798611111111105
360.8,0.4059027777777778,0.0,0.4059027777777778
361.0,0.4083333333333333,0.0,0.4083333333333333
361.20000000000005,0.40763888888888894,0.0,0.40763888888888894
361.4,0.409375,0.0,0.409375
361.59999999999997,0.40798611111111116,0.0,0.40798611111111116
361.8,0.41145833333333337,0.0,0.41145833333333337
362.0,0.4142361111111111,0.0,0.4142361111111111
362.20000000000005,0.41284722222222225,0.0,0.41284722222222225
362.4,0.4125,0.0,0.4125
362.59999999999997,0.41284722222222214,0.0,0.41284722222222214
362.8,0.41631944444444446,0.0,0.41631944444444446
363.0,0.41875,0.0,0.41875
363.20000000000005,0.41944444444444445,0.0,0.41944444444444445
363.4,0.41631944444444435,0.0,0.41631944444444435
363.59999999999997,0.41527777777777775,0.0,0.41527777777777775
363.8,0.41597222222222224,0.0,0.41597222222222224
364.0,0.41631944444444446,0.0,0.41631944444444446
364.20000000000005,0.4135416666666666,0.0,0.4135416666666666
364.4,0.4135416666666666,0.0,0.4135416666666666
364.59999999999997,0.41215277777777776,0.0,0.41215277777777776
364.8,0.41215277777777776,0.0,0.41215277777777776
365.0,0.4125,0.0,0.4125
365.20000000000005,0.41284722222222225,0.0,0.41284722222222225
365.4,0.4114583333333333,0.0,0.4114583333333333
365.59999999999997,0.41284722222222225,0.0,0.41284722222222225
365.8,0.41215277777777776,0.0,0.41215277777777776
366.0,0.4135416666666667,0.0,0.4135416666666667
366.20000000000005,0.4149305555555555,0.0,0.4149305555555555
366.4,0.41597222222222213,0.0,0.41597222222222213
366.59999999999997,0.4166666666666667,0.0,0.4166666666666667
366.8,0.41631944444444446,0.0,0.41631944444444446
367.0,0.4177083333333333,0.0,0.4177083333333333
367.20000000000005,0.4170138888888889,0.0,0.4170138888888889
367.4,0.4142361111111111,0.0,0.4142361111111111
367.59999999999997,0.415625,0.0,0.415625
367.8,0.41701388888888885,0.0,0.41701388888888885
368.0,0.41909722222222223,0.0,0.41909722222222223
368.20000000000005,0.41875,0.0,0.41875
368.4,0.4215277777777778,0.0,0.4215277777777778
368.59999999999997,0.42256944444444444,0.0,0.42256944444444444
368.8,0.4222222222222222,0.0,0.4222222222222222
369.0,0.4222222222222222,0.0,0.4222222222222222
369.2,0.4239583333333333,0.0,0.4239583333333333
369.40000000000003,0.4267361111111111,0.0,0.4267361111111111
369.59999999999997,0.4298611111111111,0.0,0.4298611111111111
369.8,0.4302083333333334,0.0,0.4302083333333334
370.0,0.4340277777777778,0.0,0.4340277777777778
370.2,0.43576388888888895,0.0,0.43576388888888895
370.40000000000003,0.43402777777777785,0.0,0.43402777777777785
370.59999999999997,0.4340277777777778,0.0,0.4340277777777778
370.8,0.4333333333333334,0.0,0.4333333333333334
371.0,0.4336805555555556,0.0,0.4336805555555556
371.2,0.43611111111111117,0.0,0.43611111111111117
371.40000000000003,0.4378472222222222,0.0,0.4378472222222222
371.59999999999997,0.4395833333333333,0.0,0.4395833333333333
371.8,0.4385416666666667,0.0,0.4385416666666667
372.0,0.440625,0.0,0.440625
372.2,0.4423611111111111,0.0,0.4423611111111111
372.40000000000003,0.44201388888888893,0.0,0.44201388888888893
372.59999999999997,0.4458333333333333,0.0,0.4458333333333333
372.8,0.4510416666666666,0.0,0.4510416666666666
373.0,0.45486111111111105,0.0,0.45486111111111105
373.2,0.45902777777777776,0.0,0.45902777777777776
373.40000000000003,0.4604166666666666,0.0,0.4604166666666666
373.59999999999997,0.46319444444444446,0.0,0.46319444444444446
373.8,0.46631944444444445,0.0,0.46631944444444445
374.0,0.4677083333333334,0.0,0.4677083333333334
374.2,0.471875,0.0,0.471875
374.40000000000003,0.4725694444444445,0.0,0.4725694444444445
374.59999999999997,0.4725694444444445,0.0,0.4725694444444445
374.8,0.47430555555555565,0.0,0.47430555555555565
375.0,0.4756944444444445,0.0,0.4756944444444445
375.2,0.47847222222222224,0.0,0.47847222222222224
375.40000000000003,0.4795138888888889,0.0,0.4795138888888889
375.59999999999997,0.4822916666666667,0.0,0.4822916666666667
375.8,0.4822916666666666,0.0,0.4822916666666666
376.0,0.4805555555555555,0.0,0.4805555555555555
376.2,0.48194444444444445,0.0,0.48194444444444445
376.40000000000003,0.48125,0.0,0.48125
376.59999999999997,0.4833333333333334,0.0,0.4833333333333334
376.8,0.48402777777777767,0.0,0.48402777777777767
377.0,0.48680555555555555,0.0,0.48680555555555555
377.2,0.4875,0.0,0.4875
377.40000000000003,0.48784722222222215,0.0,0.48784722222222215
377.59999999999997,0.48993055555555554,0.0,0.48993055555555554
377.8,0.4920138888888889,0.0,0.4920138888888889
378.0,0.4916666666666667,0.0,0.4916666666666667
378.2,0.48958333333333337,0.0,0.48958333333333337
378.40000000000003,0.48993055555555554,0.0,0.48993055555555554
378.59999999999997,0.4881944444444445,0.0,0.4881944444444445
378.8,0.48888888888888893,0.0,0.48888888888888893
379.0,0.48993055555555554,0.0,0.48993055555555554
379.2,0.48958333333333337,0.0,0.48958333333333337
379.40000000000003,0.490625,0.0,0.490625
379.59999999999997,0.4895833333333333,0.0,0.4895833333333333
379.8,0.4927083333333334,0.0,0.4927083333333334
380.0,0.49027777777777776,0.0,0.49027777777777776
380.2,0.48680555555555555,0.0,0.48680555555555555
380.40000000000003,0.48611111111111105,0.0,0.48611111111111105
380.59999999999997,0.4847222222222222,0.0,0.4847222222222222
380.8,0.48194444444444445,0.0,0.48194444444444445
381.0,0.48125,0.0,0.48125
381.2,0.47986111111111107,0.0,0.47986111111111107
381.40000000000003,0.47881944444444446,0.0,0.47881944444444446
381.6,0.4802083333333334,0.0,0.4802083333333334
381.79999999999995,0.4802083333333334,0.0,0.4802083333333334
382.0,0.4819444444444444,0.0,0.4819444444444444
382.2,0.48402777777777767,0.0,0.48402777777777767
382.40000000000003,0.48402777777777783,0.0,0.48402777777777783
382.6,0.48159722222222223,0.0,0.48159722222222223
382.79999999999995,0.48125,0.0,0.48125
383.0,0.4805555555555555,0.0,0.4805555555555555
383.2,0.4805555555555555,0.0,0.4805555555555555
383.40000000000003,0.4822916666666666,0.0,0.4822916666666666
383.6,0.4809027777777778,0.0,0.4809027777777778
383.79999999999995,0.4847222222222222,0.0,0.4847222222222222
384.0,0.484375,0.0,0.484375
384.2,0.48263888888888895,0.0,0.48263888888888895
384.40000000000003,0.484375,0.0,0.484375
384.6,0.4833333333333333,0.0,0.4833333333333333
384.79999999999995,0.4854166666666667,0.0,0.4854166666666667
385.0,0.4864583333333334,0.0,0.4864583333333334
385.2,0.4895833333333332,0.0,0.4895833333333332
385.40000000000003,0.4888888888888888,0.0,0.4888888888888888
385.6,0.48993055555555554,0.0,0.48993055555555554
385.79999999999995,0.4916666666666667,0.0,0.4916666666666667
386.0,0.4913194444444445,0.0,0.4913194444444445
386.2,0.48993055555555554,0.0,0.48993055555555554
386.40000000000003,0.48888888888888893,0.0,0.48888888888888893
386.6,0.49027777777777776,0.0,0.49027777777777776
386.79999999999995,0.48993055555555554,0.0,0.48993055555555554
387.0,0.48958333333333337,0.0,0.48958333333333337
387.2,0.4930555555555555,0.0,0.4930555555555555
387.40000000000003,0.49548611111111107,0.0,0.49548611111111107
387.6,0.49548611111111107,0.0,0.49548611111111107
387.79999999999995,0.4951388888888889,0.0,0.4951388888888889
388.0,0.49722222222222223,0.0,0.49722222222222223
388.2,0.4972222222222221,0.0,0.4972222222222221
388.40000000000003,0.49826388888888895,0.0,0.49826388888888895
388.6,0.4979166666666666,0.0,0.4979166666666666
388.79999999999995,0.496875,0.0,0.496875
389.0,0.49861111111111106,0.0,0.49861111111111106
389.2,0.49756944444444445,0.0,0.49756944444444445
389.40000000000003,0.49722222222222223,0.0,0.49722222222222223
389.6,0.5,0.0,0.5
389.79999999999995,0.5013888888888889,0.0,0.5013888888888889
390.0,0.5027777777777779,0.0,0.5027777777777779
390.2,0.503125,0.0,0.503125
390.40000000000003,0.503125,0.0,0.503125
390.6,0.5020833333333334,0.0,0.5020833333333334
390.79999999999995,0.5020833333333334,0.0,0.5020833333333334
391.0,0.5034722222222222,0.0,0.5034722222222222
391.2,0.5034722222222222,0.0,0.5034722222222222
391.40000000000003,0.5048611111111111,0.0,0.5048611111111111
391.6,0.5069444444444444,0.0,0.5069444444444444
391.79999999999995,0.5069444444444444,0.0,0.5069444444444444
392.0,0.5104166666666667,0.0,0.5104166666666667
392.2,0.5097222222222222,0.0,0.5097222222222222
392.40000000000003,0.5086805555555556,0.0,0.5086805555555556
392.6,0.5121527777777778,0.0,0.5121527777777778
392.79999999999995,0.5131944444444445,0.0,0.5131944444444445
393.0,0.515625,0.0,0.515625
393.2,0.5142361111111111,0.0,0.5142361111111111
393.40000000000003,0.5121527777777778,0.0,0.5121527777777778
393.6,0.513888888888889,0.0,0.513888888888889
393.8,0.5166666666666667,0.0,0.5166666666666667
394.0,0.5170138888888889,0.0,0.5170138888888889
394.2,0.5194444444444446,0.0,0.5194444444444446
394.4,0.5208333333333333,0.0,0.5208333333333333
394.6,0.5211805555555555,0.0,0.5211805555555555
394.8,0.5208333333333333,0.0,0.5208333333333333
395.0,0.5211805555555555,0.0,0.5211805555555555
395.2,0.5215277777777778,0.0,0.5215277777777778
395.4,0.5243055555555556,0.0,0.5243055555555556
395.6,0.525,0.0,0.525
395.8,0.5263888888888889,0.0,0.5263888888888889
396.0,0.5256944444444445,0.0,0.5256944444444445
396.2,0.5232638888888889,0.0,0.5232638888888889
396.4,0.5246527777777779,0.0,0.5246527777777779
396.6,0.5253472222222222,0.0,0.5253472222222222
396.8,0.5253472222222222,0.0,0.5253472222222222
397.0,0.5243055555555556,0.0,0.5243055555555556
397.2,0.5284722222222222,0.0,0.5284722222222222
397.4,0.529513888888889,0.0,0.529513888888889
397.6,0.5315972222222223,0.0,0.5315972222222223
397.8,0.5288194444444445,0.0,0.5288194444444445
398.0,0.5274305555555555,0.0,0.5274305555555555
398.2,0.5246527777777777,0.0,0.5246527777777777
398.4,0.5229166666666666,0.0,0.5229166666666666
398.6,0.523611111111111,0.0,0.523611111111111
398.8,0.5246527777777777,0.0,0.5246527777777777
399.0,0.5236111111111111,0.0,0.5236111111111111
399.2,0.5222222222222224,0.0,0.5222222222222224
399.4,0.523611111111111,0.0,0.523611111111111
399.6,0.5208333333333334,0.0,0.5208333333333334
399.8,0.5222222222222224,0.0,0.5222222222222224
400.0,0.521875,0.0,0.521875
400.2,0.5229166666666667,0.0,0.5229166666666667
400.4,0.5211805555555556,0.0,0.5211805555555556
400.6,0.5190972222222221,0.0,0.5190972222222221
400.8,0.51875,0.0,0.51875
401.0,0.5197916666666667,0.0,0.5197916666666667
401.2,0.5194444444444444,0.0,0.5194444444444444
401.4,0.5204861111111111,0.0,0.5204861111111111
401.6,0.5208333333333333,0.0,0.5208333333333333
401.8,0.5177083333333333,0.0,0.5177083333333333
402.0,0.517361111111111,0.0,0.517361111111111
402.2,0.5173611111111112,0.0,0.5173611111111112
402.4,0.5131944444444445,0.0,0.5131944444444445
402.6,0.5135416666666667,0.0,0.5135416666666667
402.8,0.5142361111111111,0.0,0.5142361111111111
403.0,0.5111111111111111,0.0,0.5111111111111111
403.2,0.5111111111111111,0.0,0.5111111111111111
403.4,0.5114583333333333,0.0,0.5114583333333333
403.6,0.5104166666666667,0.0,0.5104166666666667
403.8,0.5107638888888888,0.0,0.5107638888888888
404.0,0.5086805555555556,0.0,0.5086805555555556
404.2,0.5118055555555555,0.0,0.5118055555555555
404.4,0.5118055555555555,0.0,0.5118055555555555
404.6,0.5118055555555555,0.0,0.5118055555555555
404.8,0.513888888888889,0.0,0.513888888888889
405.0,0.5131944444444445,0.0,0.5131944444444445
405.2,0.5118055555555555,0.0,0.5118055555555555
405.4,0.5125,0.0,0.5125
405.6,0.5135416666666666,0.0,0.5135416666666666
405.8,0.5166666666666666,0.0,0.5166666666666666
406.0,0.5177083333333333,0.0,0.5177083333333333
406.2,0.5194444444444445,0.0,0.5194444444444445
406.4,0.523263888888889,0.0,0.523263888888889
406.6,0.5222222222222223,0.0,0.5222222222222223
406.8,0.5243055555555556,0.0,0.5243055555555556
407.0,0.5274305555555556,0.0,0.5274305555555556
407.2,0.5263888888888889,0.0,0.5263888888888889
407.4,0.5302083333333333,0.0,0.5302083333333333
407.6,0.5315972222222223,0.0,0.5315972222222223
407.8,0.53125,0.0,0.53125
408.0,0.5322916666666667,0.0,0.5322916666666667
408.2,0.5329861111111113,0.0,0.5329861111111113
408.4,0.5333333333333334,0.0,0.5333333333333334
408.6,0.5326388888888889,0.0,0.5326388888888889
408.8,0.5322916666666667,0.0,0.5322916666666667
409.0,0.5350694444444445,0.0,0.5350694444444445
409.2,0.5364583333333333,0.0,0.5364583333333333
409.4,0.5361111111111111,0.0,0.5361111111111111
409.6,0.5368055555555555,0.0,0.5368055555555555
409.8,0.5392361111111112,0.0,0.5392361111111112
410.0,0.5402777777777779,0.0,0.5402777777777779
410.2,0.540625,0.0,0.540625
410.4,0.5402777777777777,0.0,0.5402777777777777
410.6,0.5361111111111111,0.0,0.5361111111111111
410.8,0.5368055555555555,0.0,0.5368055555555555
411.0,0.5354166666666667,0.0,0.5354166666666667
411.2,0.5357638888888889,0.0,0.5357638888888889
411.4,0.5357638888888889,0.0,0.5357638888888889
411.6,0.5354166666666667,0.0,0.5354166666666667
411.8,0.5340277777777778,0.0,0.5340277777777778
412.0,0.5336805555555555,0.0,0.5336805555555555
412.2,0.5319444444444444,0.0,0.5319444444444444
412.4,0.5291666666666667,0.0,0.5291666666666667
412.6,0.5256944444444446,0.0,0.5256944444444446
412.8,0.521875,0.0,0.521875
413.0,0.5190972222222222,0.0,0.5190972222222222
413.2,0.5163194444444444,0.0,0.5163194444444444
413.4,0.5135416666666666,0.0,0.5135416666666666
413.6,0.5100694444444445,0.0,0.5100694444444445
413.8,0.5076388888888889,0.0,0.5076388888888889
414.0,0.5045138888888889,0.0,0.5045138888888889
414.2,0.501736111111111,0.0,0.501736111111111
414.4,0.49722222222222223,0.0,0.49722222222222223
414.6,0.49375,0.0,0.49375
414.8,0.48715277777777777,0.0,0.48715277777777777
415.0,0.4847222222222222,0.0,0.4847222222222222
415.2,0.4805555555555555,0.0,0.4805555555555555
415.4,0.47986111111111107,0.0,0.47986111111111107
415.6,0.475,0.0,0.475
415.8,0.4725694444444445,0.0,0.4725694444444445
416.0,0.46805555555555556,0.0,0.46805555555555556
416.2,0.4649305555555555,0.0,0.4649305555555555
416.4,0.4604166666666666,0.0,0.4604166666666666
416.6,0.4600694444444445,0.0,0.4600694444444445
416.8,0.4541666666666667,0.0,0.4541666666666667
417.0,0.45069444444444445,0.0,0.45069444444444445
417.2,0.45,0.0,0.45
417.4,0.44548611111111114,0.0,0.44548611111111114
417.6,0.4444444444444445,0.0,0.4444444444444445
417.8,0.4409722222222222,0.0,0.4409722222222222
418.0,0.4385416666666666,0.0,0.4385416666666666
418.2,0.4375,0.0,0.4375
418.4,0.43680555555555556,0.0,0.43680555555555556
418.6,0.4333333333333334,0.0,0.4333333333333334
418.8,0.43194444444444446,0.0,0.43194444444444446
419.0,0.42847222222222225,0.0,0.42847222222222225
419.20000000000005,0.4256944444444445,0.0,0.4256944444444445
419.4,0.4270833333333333,0.0,0.4270833333333333
419.59999999999997,0.428125,0.0,0.428125
419.8,0.42951388888888886,0.0,0.42951388888888886
420.0,0.428125,0.0,0.428125
420.20000000000005,0.42638888888888893,0.0,0.42638888888888893
420.4,0.42465277777777777,0.0,0.42465277777777777
420.59999999999997,0.42430555555555555,0.0,0.42430555555555555
420.8,0.4260416666666666,0.0,0.4260416666666666
421.0,0.42361111111111105,0.0,0.42361111111111105
421.20000000000005,0.4229166666666667,0.0,0.4229166666666667
421.4,0.42013888888888884,0.0,0.42013888888888884
421.59999999999997,0.4149305555555555,0.0,0.4149305555555555
421.8,0.41180555555555554,0.0,0.41180555555555554
422.0,0.4083333333333333,0.0,0.4083333333333333
422.20000000000005,0.40694444444444444,0.0,0.40694444444444444
422.4,0.40555555555555556,0.0,0.40555555555555556
422.59999999999997,0.40381944444444445,0.0,0.40381944444444445
422.8,0.40069444444444446,0.0,0.40069444444444446
423.0,0.4027777777777778,0.0,0.4027777777777778
423.20000000000005,0.40069444444444446,0.0,0.40069444444444446
423.4,0.39999999999999997,0.0,0.39999999999999997
423.59999999999997,0.39965277777777775,0.0,0.39965277777777775
423.8,0.39895833333333336,0.0,0.39895833333333336
424.0,0.3975694444444445,0.0,0.3975694444444445
424.20000000000005,0.4,0.0,0.4
424.4,0.39861111111111114,0.0,0.39861111111111114
424.59999999999997,0.3972222222222222,0.0,0.3972222222222222
424.8,0.3979166666666667,0.0,0.3979166666666667
425.0,0.39618055555555554,0.0,0.39618055555555554
425.20000000000005,0.3940972222222222,0.0,0.3940972222222222
425.4,0.3940972222222222,0.0,0.3940972222222222
425.59999999999997,0.39722222222222225,0.0,0.39722222222222225
425.8,0.39652777777777776,0.0,0.39652777777777776
426.0,0.3975694444444445,0.0,0.3975694444444445
426.20000000000005,0.39861111111111114,0.0,0.39861111111111114
426.4,0.40034722222222224,0.0,0.40034722222222224
426.59999999999997,0.39965277777777775,0.0,0.39965277777777775
426.8,0.4013888888888889,0.0,0.4013888888888889
427.0,0.40451388888888895,0.0,0.40451388888888895
427.20000000000005,0.40486111111111106,0.0,0.40486111111111106
427.4,0.4027777777777778,0.0,0.4027777777777778
427.59999999999997,0.4041666666666667,0.0,0.4041666666666667
427.8,0.4024305555555555,0.0,0.4024305555555555
428.0,0.4024305555555555,0.0,0.4024305555555555
428.20000000000005,0.4024305555555555,0.0,0.4024305555555555
428.4,0.403125,0.0,0.403125
428.59999999999997,0.4052083333333333,0.0,0.4052083333333333
428.8,0.40486111111111106,0.0,0.40486111111111106
429.0,0.4041666666666666,0.0,0.4041666666666666
429.20000000000005,0.40381944444444445,0.0,0.40381944444444445
429.4,0.4059027777777778,0.0,0.4059027777777778
429.59999999999997,0.4083333333333334,0.0,0.4083333333333334
429.8,0.4100694444444445,0.0,0.4100694444444445
430.0,0.41180555555555554,0.0,0.41180555555555554
430.20000000000005,0.41597222222222224,0.0,0.41597222222222224
430.4,0.41527777777777775,0.0,0.41527777777777775
430.59999999999997,0.41597222222222224,0.0,0.41597222222222224
430.8,0.41909722222222223,0.0,0.41909722222222223
431.0,0.41875,0.0,0.41875
431.20000000000005,0.42118055555555556,0.0,0.42118055555555556
431.4,0.42361111111111105,0.0,0.42361111111111105
431.59999999999997,0.4239583333333333,0.0,0.4239583333333333
431.8,0.42256944444444444,0.0,0.42256944444444444
432.0,0.425,0.0,0.425
432.2,0.42673611111111115,0.0,0.42673611111111115
432.40000000000003,0.4291666666666667,0.0,0.4291666666666667
432.59999999999997,0.4295138888888889,0.0,0.4295138888888889
432.8,0.43229166666666663,0.0,0.43229166666666663
433.0,0.4347222222222221,0.0,0.4347222222222221
433.2,0.43784722222222233,0.0,0.43784722222222233
433.40000000000003,0.4378472222222222,0.0,0.4378472222222222
433.59999999999997,0.4413194444444445,0.0,0.4413194444444445
433.8,0.4427083333333333,0.0,0.4427083333333333
434.0,0.4454861111111111,0.0,0.4454861111111111
434.2,0.44548611111111114,0.0,0.44548611111111114
434.40000000000003,0.4479166666666667,0.0,0.4479166666666667
434.59999999999997,0.45138888888888895,0.0,0.45138888888888895
434.8,0.4510416666666667,0.0,0.4510416666666667
435.0,0.44826388888888885,0.0,0.44826388888888885
435.2,0.4493055555555556,0.0,0.4493055555555556
435.40000000000003,0.45069444444444445,0.0,0.45069444444444445
435.59999999999997,0.45138888888888895,0.0,0.45138888888888895
435.8,0.45173611111111106,0.0,0.45173611111111106
436.0,0.45451388888888883,0.0,0.45451388888888883
436.2,0.45069444444444445,0.0,0.45069444444444445
436.40000000000003,0.45486111111111116,0.0,0.45486111111111116
436.59999999999997,0.4552083333333334,0.0,0.4552083333333334
436.8,0.4565972222222222,0.0,0.4565972222222222
437.0,0.45833333333333337,0.0,0.45833333333333337
437.2,0.4576388888888888,0.0,0.4576388888888888
437.40000000000003,0.4579861111111111,0.0,0.4579861111111111
437.59999999999997,0.45902777777777776,0.0,0.45902777777777776
437.8,0.45868055555555565,0.0,0.45868055555555565
438.0,0.45555555555555555,0.0,0.45555555555555555
438.2,0.4541666666666666,0.0,0.4541666666666666
438.40000000000003,0.45451388888888894,0.0,0.45451388888888894
438.59999999999997,0.4572916666666667,0.0,0.4572916666666667
438.8,0.45798611111111115,0.0,0.45798611111111115
439.0,0.4576388888888888,0.0,0.4576388888888888
439.2,0.4572916666666667,0.0,0.4572916666666667
439.40000000000003,0.4559027777777779,0.0,0.4559027777777779
439.59999999999997,0.45555555555555555,0.0,0.45555555555555555
439.8,0.4572916666666667,0.0,0.4572916666666667
440.0,0.45902777777777787,0.0,0.45902777777777787
440.2,0.4600694444444445,0.0,0.4600694444444445
440.40000000000003,0.45902777777777776,0.0,0.45902777777777776
440.59999999999997,0.4618055555555555,0.0,0.4618055555555555
440.8,0.4625,0.0,0.4625
441.0,0.4611111111111111,0.0,0.4611111111111111
441.2,0.4625,0.0,0.4625
441.40000000000003,0.46319444444444446,0.0,0.46319444444444446
441.59999999999997,0.4625,0.0,0.4625
441.8,0.4618055555555555,0.0,0.4618055555555555
442.0,0.46319444444444446,0.0,0.46319444444444446
442.2,0.46284722222222224,0.0,0.46284722222222224
442.40000000000003,0.465625,0.0,0.465625
442.59999999999997,0.46736111111111106,0.0,0.46736111111111106
442.8,0.465625,0.0,0.465625
443.0,0.46805555555555556,0.0,0.46805555555555556
443.2,0.46736111111111106,0.0,0.46736111111111106
443.40000000000003,0.465625,0.0,0.465625
443.6,0.4645833333333334,0.0,0.4645833333333334
443.79999999999995,0.46631944444444445,0.0,0.46631944444444445
444.0,0.46736111111111117,0.0,0.46736111111111117
444.2,0.4625,0.0,0.4625
444.40000000000003,0.46388888888888885,0.0,0.46388888888888885
444.6,0.46284722222222224,0.0,0.46284722222222224
444.79999999999995,0.46631944444444445,0.0,0.46631944444444445
445.0,0.46631944444444445,0.0,0.46631944444444445
445.2,0.465625,0.0,0.465625
445.40000000000003,0.4645833333333334,0.0,0.4645833333333334
445.6,0.4625,0.0,0.4625
445.79999999999995,0.46284722222222224,0.0,0.46284722222222224
446.0,0.4614583333333334,0.0,0.4614583333333334
446.2,0.45902777777777787,0.0,0.45902777777777787
446.40000000000003,0.4569444444444445,0.0,0.4569444444444445
446.6,0.4565972222222222,0.0,0.4565972222222222
446.79999999999995,0.45763888888888893,0.0,0.45763888888888893
447.0,0.45555555555555555,0.0,0.45555555555555555
447.2,0.45486111111111116,0.0,0.45486111111111116
447.40000000000003,0.45590277777777777,0.0,0.45590277777777777
447.6,0.45590277777777777,0.0,0.45590277777777777
447.79999999999995,0.4534722222222222,0.0,0.4534722222222222
448.0,0.4520833333333334,0.0,0.4520833333333334
448.2,0.4541666666666666,0.0,0.4541666666666666
448.40000000000003,0.45243055555555556,0.0,0.45243055555555556
448.6,0.4510416666666666,0.0,0.4510416666666666
448.79999999999995,0.453125,0.0,0.453125
449.0,0.4520833333333333,0.0,0.4520833333333333
449.2,0.45451388888888894,0.0,0.45451388888888894
449.40000000000003,0.45138888888888895,0.0,0.45138888888888895
449.6,0.45243055555555556,0.0,0.45243055555555556
449.79999999999995,0.44722222222222224,0.0,0.44722222222222224
450.0,0.44652777777777775,0.0,0.44652777777777775
450.2,0.446875,0.0,0.446875
450.40000000000003,0.4451388888888889,0.0,0.4451388888888889
450.6,0.4454861111111111,0.0,0.4454861111111111
450.79999999999995,0.44652777777777775,0.0,0.44652777777777775
451.0,0.44861111111111107,0.0,0.44861111111111107
451.2,0.4489583333333334,0.0,0.4489583333333334
451.40000000000003,0.4510416666666666,0.0,0.4510416666666666
451.6,0.4493055555555555,0.0,0.4493055555555555
451.79999999999995,0.45034722222222223,0.0,0.45034722222222223
452.0,0.4482638888888889,0.0,0.4482638888888889
452.2,0.44756944444444446,0.0,0.44756944444444446
452.40000000000003,0.4493055555555555,0.0,0.4493055555555555
452.6,0.4482638888888889,0.0,0.4482638888888889
452.79999999999995,0.453125,0.0,0.453125
453.0,0.4534722222222222,0.0,0.4534722222222222
453.2,0.4552083333333334,0.0,0.4552083333333334
453.40000000000003,0.45347222222222217,0.0,0.45347222222222217
453.6,0.4534722222222222,0.0,0.4534722222222222
453.79999999999995,0.4520833333333333,0.0,0.4520833333333333
454.0,0.45034722222222223,0.0,0.45034722222222223
454.2,0.453125,0.0,0.453125
454.40000000000003,0.45555555555555555,0.0,0.45555555555555555
454.6,0.45555555555555555,0.0,0.45555555555555555
454.79999999999995,0.4552083333333334,0.0,0.4552083333333334
455.0,0.45763888888888893,0.0,0.45763888888888893
455.2,0.45868055555555554,0.0,0.45868055555555554
455.40000000000003,0.45763888888888893,0.0,0.45763888888888893
455.6,0.4635416666666667,0.0,0.4635416666666667
455.79999999999995,0.46527777777777785,0.0,0.46527777777777785
456.0,0.4649305555555555,0.0,0.4649305555555555
456.2,0.46597222222222223,0.0,0.46597222222222223
456.4,0.465625,0.0,0.465625
456.6,0.46736111111111106,0.0,0.46736111111111106
456.8,0.46875,0.0,0.46875
457.0,0.4697916666666666,0.0,0.4697916666666666
457.2,0.47048611111111116,0.0,0.47048611111111116
457.4,0.4708333333333333,0.0,0.4708333333333333
457.6,0.47222222222222215,0.0,0.47222222222222215
457.8,0.47430555555555554,0.0,0.47430555555555554
458.0,0.47534722222222225,0.0,0.47534722222222225
458.2,0.48125,0.0,0.48125
458.4,0.48263888888888895,0.0,0.48263888888888895
458.6,0.4847222222222222,0.0,0.4847222222222222
458.8,0.48506944444444444,0.0,0.48506944444444444
459.0,0.48576388888888894,0.0,0.48576388888888894
459.2,0.4881944444444445,0.0,0.4881944444444445
459.4,0.4881944444444445,0.0,0.4881944444444445
459.6,0.4885416666666666,0.0,0.4885416666666666
459.8,0.4920138888888889,0.0,0.4920138888888889
460.0,0.4920138888888889,0.0,0.4920138888888889
460.2,0.4930555555555555,0.0,0.4930555555555555
460.4,0.49513888888888885,0.0,0.49513888888888885
460.6,0.49375,0.0,0.49375
460.8,0.49722222222222223,0.0,0.49722222222222223
461.0,0.49861111111111106,0.0,0.49861111111111106
461.2,0.5010416666666666,0.0,0.5010416666666666
461.4,0.5013888888888889,0.0,0.5013888888888889
461.6,0.5020833333333334,0.0,0.5020833333333334
461.8,0.5020833333333333,0.0,0.5020833333333333
462.0,0.5024305555555555,0.0,0.5024305555555555
462.2,0.5045138888888889,0.0,0.5045138888888889
462.4,0.5065972222222223,0.0,0.5065972222222223
462.6,0.507638888888889,0.0,0.507638888888889
462.8,0.509375,0.0,0.509375
463.0,0.5072916666666666,0.0,0.5072916666666666
463.2,0.5079861111111111,0.0,0.5079861111111111
463.4,0.507638888888889,0.0,0.507638888888889
463.6,0.5083333333333333,0.0,0.5083333333333333
463.8,0.5100694444444445,0.0,0.5100694444444445
464.0,0.5114583333333333,0.0,0.5114583333333333
464.2,0.5128472222222222,0.0,0.5128472222222222
464.4,0.5142361111111111,0.0,0.5142361111111111
464.6,0.5142361111111111,0.0,0.5142361111111111
464.8,0.5152777777777777,0.0,0.5152777777777777
465.0,0.51875,0.0,0.51875
465.2,0.5180555555555555,0.0,0.5180555555555555
465.4,0.5159722222222223,0.0,0.5159722222222223
465.6,0.517361111111111,0.0,0.517361111111111
465.8,0.517361111111111,0.0,0.517361111111111
466.0,0.5190972222222222,0.0,0.5190972222222222
466.2,0.5180555555555555,0.0,0.5180555555555555
466.4,0.5159722222222223,0.0,0.5159722222222223
466.6,0.5166666666666666,0.0,0.5166666666666666
466.8,0.5184027777777779,0.0,0.5184027777777779
467.0,0.5142361111111111,0.0,0.5142361111111111
467.2,0.5097222222222222,0.0,0.5097222222222222
467.4,0.5111111111111111,0.0,0.5111111111111111
467.6,0.5086805555555556,0.0,0.5086805555555556
467.8,0.5090277777777777,0.0,0.5090277777777777
468.0,0.509375,0.0,0.509375
468.2,0.5086805555555556,0.0,0.5086805555555556
468.4,0.5107638888888888,0.0,0.5107638888888888
468.6,0.5128472222222222,0.0,0.5128472222222222
468.8,0.5125,0.0,0.5125
469.0,0.5128472222222222,0.0,0.5128472222222222
469.2,0.5142361111111111,0.0,0.5142361111111111
469.4,0.5142361111111111,0.0,0.5142361111111111
469.6,0.5131944444444444,0.0,0.5131944444444444
469.8,0.5142361111111111,0.0,0.5142361111111111
470.0,0.5152777777777778,0.0,0.5152777777777778
470.2,0.5177083333333334,0.0,0.5177083333333334
470.4,0.5190972222222221,0.0,0.5190972222222221
470.6,0.521875,0.0,0.521875
470.8,0.5218750000000001,0.0,0.5218750000000001
471.0,0.5253472222222222,0.0,0.5253472222222222
471.2,0.5256944444444445,0.0,0.5256944444444445
471.4,0.5256944444444445,0.0,0.5256944444444445
471.6,0.5270833333333333,0.0,0.5270833333333333
471.8,0.5232638888888889,0.0,0.5232638888888889
472.0,0.5239583333333333,0.0,0.5239583333333333
472.2,0.523263888888889,0.0,0.523263888888889
472.4,0.5184027777777779,0.0,0.5184027777777779
472.6,0.5177083333333333,0.0,0.5177083333333333
472.8,0.5173611111111112,0.0,0.5173611111111112
473.0,0.5180555555555555,0.0,0.5180555555555555
473.2,0.5177083333333333,0.0,0.5177083333333333
473.4,0.5118055555555555,0.0,0.5118055555555555
473.6,0.5090277777777777,0.0,0.5090277777777777
473.8,0.5090277777777777,0.0,0.5090277777777777
474.0,0.5107638888888889,0.0,0.5107638888888889
474.2,0.5090277777777779,0.0,0.5090277777777779
474.4,0.5059027777777778,0.0,0.5059027777777778
474.6,0.5055555555555556,0.0,0.5055555555555556
474.8,0.5052083333333333,0.0,0.5052083333333333
475.0,0.50625,0.0,0.50625
475.2,0.5079861111111111,0.0,0.5079861111111111
475.4,0.507638888888889,0.0,0.507638888888889
475.6,0.5083333333333334,0.0,0.5083333333333334
475.8,0.5083333333333334,0.0,0.5083333333333334
476.0,0.509375,0.0,0.509375
476.2,0.5065972222222224,0.0,0.5065972222222224
476.4,0.5055555555555555,0.0,0.5055555555555555
476.6,0.50625,0.0,0.50625
476.8,0.5079861111111111,0.0,0.5079861111111111
477.0,0.5069444444444444,0.0,0.5069444444444444
477.2,0.5069444444444444,0.0,0.5069444444444444
477.4,0.507638888888889,0.0,0.507638888888889
477.6,0.5086805555555556,0.0,0.5086805555555556
477.8,0.5086805555555556,0.0,0.5086805555555556
478.0,0.5065972222222224,0.0,0.5065972222222224
478.2,0.5072916666666666,0.0,0.5072916666666666
478.4,0.5076388888888889,0.0,0.5076388888888889
478.6,0.509375,0.0,0.509375
478.8,0.5072916666666667,0.0,0.5072916666666667
479.0,0.507986111111111,0.0,0.507986111111111
479.2,0.5104166666666666,0.0,0.5104166666666666
479.4,0.5083333333333333,0.0,0.5083333333333333
479.6,0.5097222222222222,0.0,0.5097222222222222
479.8,0.5104166666666667,0.0,0.5104166666666667
480.0,0.509375,0.0,0.509375
480.2,0.5069444444444444,0.0,0.5069444444444444
480.4,0.5052083333333334,0.0,0.5052083333333334
480.6,0.5069444444444444,0.0,0.5069444444444444
480.8,0.5069444444444444,0.0,0.5069444444444444
481.0,0.50625,0.0,0.50625
481.2,0.5055555555555555,0.0,0.5055555555555555
481.4,0.5027777777777779,0.0,0.5027777777777779
481.59999999999997,0.5013888888888889,0.0,0.5013888888888889
481.8,0.4996527777777778,0.0,0.4996527777777778
482.0,0.49756944444444445,0.0,0.49756944444444445
482.20000000000005,0.4972222222222221,0.0,0.4972222222222221
482.4,0.4947916666666667,0.0,0.4947916666666667
482.59999999999997,0.4923611111111111,0.0,0.4923611111111111
482.8,0.49097222222222214,0.0,0.49097222222222214
483.0,0.490625,0.0,0.490625
483.20000000000005,0.4885416666666667,0.0,0.4885416666666667
483.4,0.4892361111111111,0.0,0.4892361111111111
483.59999999999997,0.4840277777777778,0.0,0.4840277777777778
483.8,0.48090277777777785,0.0,0.48090277777777785
484.0,0.47881944444444446,0.0,0.47881944444444446
484.20000000000005,0.4798611111111112,0.0,0.4798611111111112
484.4,0.4767361111111111,0.0,0.4767361111111111
484.59999999999997,0.47534722222222225,0.0,0.47534722222222225
484.8,0.47465277777777787,0.0,0.47465277777777787
485.0,0.47326388888888893,0.0,0.47326388888888893
485.20000000000005,0.4708333333333333,0.0,0.4708333333333333
485.4,0.46736111111111106,0.0,0.46736111111111106
485.59999999999997,0.465625,0.0,0.465625
485.8,0.46354166666666663,0.0,0.46354166666666663
486.0,0.46111111111111114,0.0,0.46111111111111114
486.20000000000005,0.45590277777777777,0.0,0.45590277777777777
486.4,0.4552083333333334,0.0,0.4552083333333334
486.59999999999997,0.4552083333333334,0.0,0.4552083333333334
486.8,0.4569444444444445,0.0,0.4569444444444445
487.0,0.4579861111111111,0.0,0.4579861111111111
487.20000000000005,0.45451388888888894,0.0,0.45451388888888894
487.4,0.4534722222222222,0.0,0.4534722222222222
487.59999999999997,0.45243055555555556,0.0,0.45243055555555556
487.8,0.45,0.0,0.45
488.0,0.4451388888888889,0.0,0.4451388888888889
488.20000000000005,0.4447916666666667,0.0,0.4447916666666667
488.4,0.44201388888888893,0.0,0.44201388888888893
488.59999999999997,0.4423611111111111,0.0,0.4423611111111111
488.8,0.43993055555555555,0.0,0.43993055555555555
489.0,0.4371527777777778,0.0,0.4371527777777778
489.20000000000005,0.4364583333333334,0.0,0.4364583333333334
489.4,0.4364583333333333,0.0,0.4364583333333333
489.59999999999997,0.4354166666666667,0.0,0.4354166666666667
489.8,0.4340277777777778,0.0,0.4340277777777778
490.0,0.4322916666666667,0.0,0.4322916666666667
490.20000000000005,0.434375,0.0,0.434375
490.4,0.43125,0.0,0.43125
490.59999999999997,0.4336805555555555,0.0,0.4336805555555555
490.8,0.4336805555555555,0.0,0.4336805555555555
491.0,0.43576388888888884,0.0,0.43576388888888884
491.20000000000005,0.4364583333333334,0.0,0.4364583333333334
491.4,0.4375,0.0,0.4375
491.59999999999997,0.4395833333333334,0.0,0.4395833333333334
491.8,0.4413194444444445,0.0,0.4413194444444445
492.0,0.4409722222222222,0.0,0.4409722222222222
492.20000000000005,0.4461805555555555,0.0,0.4461805555555555
492.4,0.44756944444444446,0.0,0.44756944444444446
492.59999999999997,0.4482638888888889,0.0,0.4482638888888889
492.8,0.44722222222222224,0.0,0.44722222222222224
493.0,0.4496527777777778,0.0,0.4496527777777778
493.20000000000005,0.4520833333333334,0.0,0.4520833333333334
493.4,0.45381944444444444,0.0,0.45381944444444444
493.59999999999997,0.45451388888888883,0.0,0.45451388888888883
493.8,0.4579861111111111,0.0,0.4579861111111111
494.0,0.4625,0.0,0.4625
494.2,0.46215277777777786,0.0,0.46215277777777786
494.40000000000003,0.4652777777777778,0.0,0.4652777777777778
494.59999999999997,0.4666666666666667,0.0,0.4666666666666667
494.8,0.46701388888888895,0.0,0.46701388888888895
495.0,0.47118055555555555,0.0,0.47118055555555555
495.2,0.475,0.0,0.475
495.40000000000003,0.47777777777777775,0.0,0.47777777777777775
495.59999999999997,0.47847222222222224,0.0,0.47847222222222224
495.8,0.48194444444444445,0.0,0.48194444444444445
496.0,0.4833333333333333,0.0,0.4833333333333333
496.2,0.48680555555555555,0.0,0.48680555555555555
496.40000000000003,0.48993055555555554,0.0,0.48993055555555554
496.59999999999997,0.4920138888888889,0.0,0.4920138888888889
496.8,0.49444444444444446,0.0,0.49444444444444446
497.0,0.49930555555555556,0.0,0.49930555555555556
497.2,0.5013888888888889,0.0,0.5013888888888889
497.40000000000003,0.50625,0.0,0.50625
497.59999999999997,0.5083333333333333,0.0,0.5083333333333333
497.8,0.5086805555555556,0.0,0.5086805555555556
498.0,0.5131944444444445,0.0,0.5131944444444445
498.2,0.5149305555555556,0.0,0.5149305555555556
498.40000000000003,0.5177083333333334,0.0,0.5177083333333334
498.59999999999997,0.5211805555555555,0.0,0.5211805555555555
498.8,0.523263888888889,0.0,0.523263888888889
499.0,0.5253472222222222,0.0,0.5253472222222222
499.2,0.5281250000000001,0.0,0.5281250000000001
499.40000000000003,0.5326388888888889,0.0,0.5326388888888889
499.59999999999997,0.5329861111111112,0.0,0.5329861111111112
499.8,0.5340277777777778,0.0,0.5340277777777778
500.0,0.5340277777777778,0.0,0.5340277777777778
500.2,0.5315972222222222,0.0,0.5315972222222222
500.4,0.5322916666666667,0.0,0.5322916666666667
500.6,0.5333333333333334,0.0,0.5333333333333334
500.8,0.534375,0.0,0.534375
501.0,0.5333333333333334,0.0,0.5333333333333334
501.2,0.534375,0.0,0.534375
501.4,0.5371527777777778,0.0,0.5371527777777778
501.6,0.5364583333333334,0.0,0.5364583333333334
501.8,0.538888888888889,0.0,0.538888888888889
502.0,0.5364583333333334,0.0,0.5364583333333334
502.2,0.5371527777777778,0.0,0.5371527777777778
502.4,0.5409722222222222,0.0,0.5409722222222222
502.6,0.54375,0.0,0.54375
502.8,0.5430555555555555,0.0,0.5430555555555555
503.0,0.5444444444444445,0.0,0.5444444444444445
503.2,0.54375,0.0,0.54375
503.4,0.5434027777777777,0.0,0.5434027777777777
503.6,0.5423611111111111,0.0,0.5423611111111111
503.8,0.5430555555555555,0.0,0.5430555555555555
504.0,0.5409722222222223,0.0,0.5409722222222223
504.2,0.538888888888889,0.0,0.538888888888889
504.4,0.538888888888889,0.0,0.538888888888889
504.6,0.5371527777777778,0.0,0.5371527777777778
504.8,0.5381944444444444,0.0,0.5381944444444444
505.0,0.5409722222222222,0.0,0.5409722222222222
505.2,0.5423611111111111,0.0,0.5423611111111111
505.4,0.5413194444444445,0.0,0.5413194444444445
505.6,0.5392361111111111,0.0,0.5392361111111111
505.8,0.5378472222222224,0.0,0.5378472222222224
506.0,0.5378472222222223,0.0,0.5378472222222223
506.2,0.532986111111111,0.0,0.532986111111111
506.4,0.5322916666666667,0.0,0.5322916666666667
506.6,0.5315972222222223,0.0,0.5315972222222223
506.8,0.5302083333333333,0.0,0.5302083333333333
507.0,0.5302083333333333,0.0,0.5302083333333333
507.2,0.528125,0.0,0.528125
507.4,0.5291666666666667,0.0,0.5291666666666667
507.6,0.5298611111111111,0.0,0.5298611111111111
507.8,0.5288194444444445,0.0,0.5288194444444445
508.0,0.5256944444444445,0.0,0.5256944444444445
508.2,0.5253472222222222,0.0,0.5253472222222222
508.4,0.5239583333333334,0.0,0.5239583333333334
508.6000000000001,0.5222222222222223,0.0,0.5222222222222223
508.8,0.5194444444444445,0.0,0.5194444444444445
509.0,0.5201388888888889,0.0,0.5201388888888889
509.2,0.51875,0.0,0.51875
509.4,0.5149305555555556,0.0,0.5149305555555556
509.6000000000001,0.5149305555555556,0.0,0.5149305555555556
509.8,0.5149305555555556,0.0,0.5149305555555556
510.0,0.5131944444444445,0.0,0.5131944444444445
510.2,0.5125,0.0,0.5125
510.4,0.5128472222222221,0.0,0.5128472222222221
510.6000000000001,0.5131944444444445,0.0,0.5131944444444445
510.8,0.5114583333333333,0.0,0.5114583333333333
511.0,0.509375,0.0,0.509375
511.2,0.5059027777777778,0.0,0.5059027777777778
511.4,0.5038194444444445,0.0,0.5038194444444445
511.6000000000001,0.5027777777777778,0.0,0.5027777777777778
511.8,0.5034722222222222,0.0,0.5034722222222222
512.0,0.5041666666666667,0.0,0.5041666666666667
512.2,0.5038194444444445,0.0,0.5038194444444445
512.4,0.503125,0.0,0.503125
512.5999999999999,0.5024305555555556,0.0,0.5024305555555556
512.8000000000001,0.5003472222222223,0.0,0.5003472222222223
513.0,0.49861111111111117,0.0,0.49861111111111117
513.2,0.49722222222222223,0.0,0.49722222222222223
513.4,0.49548611111111107,0.0,0.49548611111111107
513.5999999999999,0.4951388888888889,0.0,0.4951388888888889
513.8000000000001,0.4927083333333334,0.0,0.4927083333333334
514.0,0.49375,0.0,0.49375
514.2,0.49340277777777775,0.0,0.49340277777777775
514.4,0.49513888888888885,0.0,0.49513888888888885
514.5999999999999,0.49513888888888885,0.0,0.49513888888888885
514.8000000000001,0.49340277777777786,0.0,0.49340277777777786
515.0,0.4940972222222223,0.0,0.4940972222222223
515.2,0.49375,0.0,0.49375
515.4,0.49548611111111107,0.0,0.49548611111111107
515.5999999999999,0.4979166666666667,0.0,0.4979166666666667
515.8000000000001,0.49444444444444435,0.0,0.49444444444444435
516.0,0.49340277777777775,0.0,0.49340277777777775
516.2,0.49236111111111114,0.0,0.49236111111111114
516.4,0.4916666666666668,0.0,0.4916666666666668
516.5999999999999,0.4947916666666667,0.0,0.4947916666666667
516.8000000000001,0.49444444444444446,0.0,0.49444444444444446
517.0,0.4947916666666667,0.0,0.4947916666666667
517.2,0.49340277777777786,0.0,0.49340277777777786
517.4,0.4920138888888889,0.0,0.4920138888888889
517.5999999999999,0.4930555555555555,0.0,0.4930555555555555
517.8000000000001,0.4951388888888889,0.0,0.4951388888888889
518.0,0.4954861111111112,0.0,0.4954861111111112
518.2,0.49548611111111107,0.0,0.49548611111111107
518.4,0.4958333333333333,0.0,0.4958333333333333
518.5999999999999,0.4979166666666666,0.0,0.4979166666666666
518.8000000000001,0.49722222222222223,0.0,0.49722222222222223
519.0,0.4961805555555555,0.0,0.4961805555555555
519.2,0.49409722222222224,0.0,0.49409722222222224
519.4,0.496875,0.0,0.496875
519.5999999999999,0.49722222222222223,0.0,0.49722222222222223
519.8000000000001,0.49444444444444446,0.0,0.49444444444444446
520.0,0.496875,0.0,0.496875
520.2,0.4979166666666668,0.0,0.4979166666666668
520.4,0.49861111111111106,0.0,0.49861111111111106
520.5999999999999,0.4979166666666667,0.0,0.4979166666666667
520.8000000000001,0.4996527777777778,0.0,0.4996527777777778
521.0,0.501736111111111,0.0,0.501736111111111
521.2,0.5045138888888888,0.0,0.5045138888888888
521.4,0.5052083333333334,0.0,0.5052083333333334
521.5999999999999,0.5045138888888888,0.0,0.5045138888888888
521.8000000000001,0.5048611111111111,0.0,0.5048611111111111
522.0,0.5041666666666667,0.0,0.5041666666666667
522.2,0.5052083333333334,0.0,0.5052083333333334
522.4,0.5090277777777779,0.0,0.5090277777777779
522.5999999999999,0.5097222222222222,0.0,0.5097222222222222
522.8000000000001,0.509375,0.0,0.509375
523.0,0.5076388888888889,0.0,0.5076388888888889
523.2,0.5086805555555556,0.0,0.5086805555555556
523.4,0.5052083333333334,0.0,0.5052083333333334
523.5999999999999,0.5083333333333334,0.0,0.5083333333333334
523.8000000000001,0.50625,0.0,0.50625
524.0,0.5017361111111112,0.0,0.5017361111111112
524.2,0.5052083333333334,0.0,0.5052083333333334
524.4,0.5017361111111112,0.0,0.5017361111111112
524.5999999999999,0.5034722222222222,0.0,0.5034722222222222
524.8000000000001,0.5072916666666667,0.0,0.5072916666666667
525.0,0.5086805555555556,0.0,0.5086805555555556
525.2,0.5083333333333333,0.0,0.5083333333333333
525.4,0.5055555555555556,0.0,0.5055555555555556
525.5999999999999,0.5059027777777778,0.0,0.5059027777777778
525.8000000000001,0.5059027777777778,0.0,0.5059027777777778
526.0,0.5072916666666666,0.0,0.5072916666666666
526.2,0.5052083333333333,0.0,0.5052083333333333
526.4,0.5048611111111111,0.0,0.5048611111111111
526.5999999999999,0.5034722222222222,0.0,0.5034722222222222
526.8000000000001,0.5003472222222223,0.0,0.5003472222222223
527.0,0.4989583333333333,0.0,0.4989583333333333
527.2,0.496875,0.0,0.496875
527.4,0.49826388888888884,0.0,0.49826388888888884
527.5999999999999,0.5003472222222223,0.0,0.5003472222222223
527.8000000000001,0.49965277777777783,0.0,0.49965277777777783
528.0,0.49756944444444445,0.0,0.49756944444444445
528.2,0.4958333333333333,0.0,0.4958333333333333
528.4,0.496875,0.0,0.496875
528.5999999999999,0.496875,0.0,0.496875
528.8000000000001,0.49444444444444446,0.0,0.49444444444444446
529.0,0.4947916666666667,0.0,0.4947916666666667
529.2,0.49201388888888886,0.0,0.49201388888888886
529.4,0.4927083333333334,0.0,0.4927083333333334
529.5999999999999,0.4920138888888889,0.0,0.4920138888888889
529.8000000000001,0.4913194444444445,0.0,0.4913194444444445
530.0,0.49097222222222225,0.0,0.49097222222222225
530.2,0.4930555555555555,0.0,0.4930555555555555
530.4,0.4930555555555555,0.0,0.4930555555555555
530.5999999999999,0.49236111111111114,0.0,0.49236111111111114
530.8000000000001,0.4923611111111111,0.0,0.4923611111111111
531.0,0.4947916666666667,0.0,0.4947916666666667
531.2,0.49548611111111107,0.0,0.49548611111111107
531.4,0.49756944444444445,0.0,0.49756944444444445
531.5999999999999,0.49479166666666663,0.0,0.49479166666666663
531.8000000000001,0.4961805555555555,0.0,0.4961805555555555
532.0,0.4961805555555555,0.0,0.4961805555555555
532.2,0.49930555555555556,0.0,0.49930555555555556
532.4,0.49826388888888895,0.0,0.49826388888888895
532.5999999999999,0.5006944444444444,0.0,0.5006944444444444
532.8000000000001,0.5003472222222223,0.0,0.5003472222222223
533.0,0.5013888888888889,0.0,0.5013888888888889
533.2,0.5020833333333334,0.0,0.5020833333333334
533.4,0.5,0.0,0.5
533.5999999999999,0.5013888888888889,0.0,0.5013888888888889
533.8000000000001,0.50625,0.0,0.50625
534.0,0.5072916666666667,0.0,0.5072916666666667
534.2,0.5045138888888889,0.0,0.5045138888888889
534.4,0.5052083333333333,0.0,0.5052083333333333
534.5999999999999,0.5045138888888889,0.0,0.5045138888888889
534.8000000000001,0.5034722222222221,0.0,0.5034722222222221
535.0,0.50625,0.0,0.50625
535.2,0.50625,0.0,0.50625
535.4,0.5086805555555556,0.0,0.5086805555555556
535.5999999999999,0.5083333333333333,0.0,0.5083333333333333
535.8000000000001,0.5083333333333333,0.0,0.5083333333333333
536.0,0.5086805555555556,0.0,0.5086805555555556
536.2,0.509375,0.0,0.509375
536.4,0.5090277777777777,0.0,0.5090277777777777
536.5999999999999,0.5114583333333333,0.0,0.5114583333333333
536.8000000000001,0.5111111111111111,0.0,0.5111111111111111
537.0,0.5104166666666667,0.0,0.5104166666666667
537.2,0.5059027777777778,0.0,0.5059027777777778
537.4,0.5072916666666667,0.0,0.5072916666666667
537.6,0.5045138888888889,0.0,0.5045138888888889
537.8,0.5052083333333333,0.0,0.5052083333333333
538.0,0.5055555555555555,0.0,0.5055555555555555
538.2,0.509375,0.0,0.509375
538.4,0.5097222222222222,0.0,0.5097222222222222
538.6,0.5114583333333333,0.0,0.5114583333333333
538.8,0.5114583333333333,0.0,0.5114583333333333
539.0,0.50625,0.0,0.50625
539.2,0.5034722222222223,0.0,0.5034722222222223
539.4,0.5024305555555555,0.0,0.5024305555555555
539.6,0.5024305555555555,0.0,0.5024305555555555
539.8,0.5024305555555555,0.0,0.5024305555555555
540.0,0.5038194444444445,0.0,0.5038194444444445
540.2,0.5031249999999999,0.0,0.5031249999999999
540.4,0.5024305555555555,0.0,0.5024305555555555
540.6,0.503125,0.0,0.503125
540.8,0.5013888888888889,0.0,0.5013888888888889
541.0,0.5,0.0,0.5
541.2,0.49826388888888884,0.0,0.49826388888888884
541.4,0.49930555555555556,0.0,0.49930555555555556
541.6,0.4989583333333334,0.0,0.4989583333333334
541.8,0.4965277777777778,0.0,0.4965277777777778
542.0,0.49548611111111107,0.0,0.49548611111111107
542.2,0.49375,0.0,0.49375
542.4,0.49722222222222234,0.0,0.49722222222222234
542.6,0.4965277777777778,0.0,0.4965277777777778
542.8,0.4930555555555555,0.0,0.4930555555555555
543.0,0.49340277777777775,0.0,0.49340277777777775
543.2,0.4927083333333333,0.0,0.4927083333333333
543.4,0.49027777777777787,0.0,0.49027777777777787
543.6,0.48888888888888893,0.0,0.48888888888888893
543.8,0.4885416666666666,0.0,0.4885416666666666
544.0,0.4875,0.0,0.4875
544.2,0.4840277777777778,0.0,0.4840277777777778
544.4,0.4822916666666667,0.0,0.4822916666666667
544.6,0.4822916666666666,0.0,0.4822916666666666
544.8,0.4864583333333333,0.0,0.4864583333333333
545.0,0.4878472222222222,0.0,0.4878472222222222
545.2,0.4878472222222222,0.0,0.4878472222222222
545.4,0.4854166666666667,0.0,0.4854166666666667
545.6,0.4864583333333333,0.0,0.4864583333333333
545.8,0.4854166666666667,0.0,0.4854166666666667
546.0,0.48576388888888883,0.0,0.48576388888888883
546.2,0.48680555555555555,0.0,0.48680555555555555
546.4,0.4913194444444445,0.0,0.4913194444444445
546.6,0.4906249999999999,0.0,0.4906249999999999
546.8,0.48993055555555554,0.0,0.48993055555555554
547.0,0.48784722222222215,0.0,0.48784722222222215
547.2,0.4881944444444445,0.0,0.4881944444444445
547.4,0.4864583333333334,0.0,0.4864583333333334
547.6,0.4878472222222222,0.0,0.4878472222222222
547.8,0.4895833333333333,0.0,0.4895833333333333
548.0,0.48958333333333337,0.0,0.48958333333333337
548.2,0.48993055555555554,0.0,0.48993055555555554
548.4,0.4878472222222222,0.0,0.4878472222222222
548.6,0.49027777777777787,0.0,0.49027777777777787
548.8,0.4930555555555555,0.0,0.4930555555555555
549.0,0.4930555555555555,0.0,0.4930555555555555
549.2,0.49409722222222224,0.0,0.49409722222222224
549.4,0.49652777777777785,0.0,0.49652777777777785
549.6,0.4965277777777778,0.0,0.4965277777777778
549.8,0.49756944444444445,0.0,0.49756944444444445
550.0,0.4979166666666667,0.0,0.4979166666666667
550.2,0.4979166666666666,0.0,0.4979166666666666
550.4,0.49826388888888895,0.0,0.49826388888888895
550.6,0.49826388888888884,0.0,0.49826388888888884
550.8,0.4979166666666667,0.0,0.4979166666666667
551.0,0.496875,0.0,0.496875
551.2,0.49409722222222224,0.0,0.49409722222222224
551.4,0.4958333333333334,0.0,0.4958333333333334
551.6,0.4965277777777778,0.0,0.4965277777777778
551.8,0.49756944444444445,0.0,0.49756944444444445
552.0,0.4989583333333334,0.0,0.4989583333333334
552.2,0.5,0.0,0.5
552.4,0.5020833333333333,0.0,0.5020833333333333
552.6,0.49930555555555556,0.0,0.49930555555555556
552.8,0.5003472222222223,0.0,0.5003472222222223
553.0,0.4996527777777778,0.0,0.4996527777777778
553.2,0.501736111111111,0.0,0.501736111111111
553.4,0.5052083333333334,0.0,0.5052083333333334
553.6,0.5045138888888889,0.0,0.5045138888888889
553.8,0.503125,0.0,0.503125
554.0,0.50625,0.0,0.50625
554.2,0.5052083333333333,0.0,0.5052083333333333
554.4,0.5072916666666667,0.0,0.5072916666666667
554.6,0.5055555555555555,0.0,0.5055555555555555
554.8,0.5065972222222223,0.0,0.5065972222222223
555.0,0.5045138888888889,0.0,0.5045138888888889
555.2,0.5020833333333334,0.0,0.5020833333333334
555.4,0.5024305555555555,0.0,0.5024305555555555
555.6,0.501736111111111,0.0,0.501736111111111
555.8,0.5003472222222223,0.0,0.5003472222222223
556.0,0.5027777777777779,0.0,0.5027777777777779
556.2,0.5024305555555555,0.0,0.5024305555555555
556.4,0.5003472222222223,0.0,0.5003472222222223
556.6,0.49826388888888884,0.0,0.49826388888888884
556.8,0.4996527777777778,0.0,0.4996527777777778
557.0,0.5006944444444444,0.0,0.5006944444444444
557.2,0.5,0.0,0.5
557.4,0.5010416666666666,0.0,0.5010416666666666
557.6,0.5027777777777778,0.0,0.5027777777777778
557.8,0.5013888888888889,0.0,0.5013888888888889
558.0,0.5006944444444444,0.0,0.5006944444444444
558.2,0.4996527777777778,0.0,0.4996527777777778
558.4,0.5003472222222223,0.0,0.5003472222222223
558.6,0.4979166666666668,0.0,0.4979166666666668
558.8,0.49930555555555556,0.0,0.49930555555555556
559.0,0.5006944444444444,0.0,0.5006944444444444
559.2,0.5003472222222223,0.0,0.5003472222222223
559.4,0.5006944444444444,0.0,0.5006944444444444
559.6,0.5,0.0,0.5
559.8,0.4993055555555556,0.0,0.4993055555555556
560.0,0.4979166666666666,0.0,0.4979166666666666
560.2,0.4989583333333334,0.0,0.4989583333333334
560.4,0.49826388888888895,0.0,0.49826388888888895
560.6,0.49826388888888884,0.0,0.49826388888888884
560.8,0.5003472222222223,0.0,0.5003472222222223
561.0,0.5034722222222221,0.0,0.5034722222222221
561.2,0.5048611111111111,0.0,0.5048611111111111
561.4,0.5090277777777777,0.0,0.5090277777777777
561.6,0.5107638888888888,0.0,0.5107638888888888
561.8,0.5097222222222222,0.0,0.5097222222222222
562.0,0.5131944444444445,0.0,0.5131944444444445
562.2,0.5142361111111111,0.0,0.5142361111111111
562.4,0.5170138888888889,0.0,0.5170138888888889
562.6,0.5194444444444445,0.0,0.5194444444444445
562.8,0.5204861111111111,0.0,0.5204861111111111
563.0,0.5211805555555555,0.0,0.5211805555555555
563.2,0.5222222222222223,0.0,0.5222222222222223
563.4,0.5229166666666666,0.0,0.5229166666666666
563.6,0.5236111111111111,0.0,0.5236111111111111
563.8,0.5236111111111111,0.0,0.5236111111111111
564.0,0.5263888888888889,0.0,0.5263888888888889
564.2,0.53125,0.0,0.53125
564.4,0.5305555555555556,0.0,0.5305555555555556
564.6,0.5322916666666667,0.0,0.5322916666666667
564.8,0.534375,0.0,0.534375
565.0,0.5361111111111111,0.0,0.5361111111111111
565.2,0.5357638888888889,0.0,0.5357638888888889
565.4,0.5371527777777778,0.0,0.5371527777777778
565.6,0.5406249999999999,0.0,0.5406249999999999
565.8,0.5444444444444445,0.0,0.5444444444444445
566.0,0.5454861111111111,0.0,0.5454861111111111
566.2,0.5482638888888889,0.0,0.5482638888888889
566.4,0.5524305555555556,0.0,0.5524305555555556
566.6,0.554513888888889,0.0,0.554513888888889
566.8,0.5565972222222222,0.0,0.5565972222222222
567.0,0.5590277777777779,0.0,0.5590277777777779
567.2,0.5611111111111111,0.0,0.5611111111111111
567.4,0.5583333333333333,0.0,0.5583333333333333
567.6,0.5586805555555555,0.0,0.5586805555555555
567.8,0.5618055555555554,0.0,0.5618055555555554
568.0,0.5635416666666667,0.0,0.5635416666666667
568.2,0.5631944444444444,0.0,0.5631944444444444
568.4,0.5638888888888889,0.0,0.5638888888888889
568.6,0.5645833333333333,0.0,0.5645833333333333
568.8,0.5635416666666667,0.0,0.5635416666666667
569.0,0.5611111111111111,0.0,0.5611111111111111
569.2,0.5583333333333333,0.0,0.5583333333333333
569.4,0.5604166666666667,0.0,0.5604166666666667
569.6,0.5638888888888889,0.0,0.5638888888888889
569.8,0.5649305555555555,0.0,0.5649305555555555
570.0,0.5659722222222222,0.0,0.5659722222222222
570.2,0.5673611111111111,0.0,0.5673611111111111
570.4,0.5687499999999999,0.0,0.5687499999999999
570.6,0.570138888888889,0.0,0.570138888888889
570.8,0.5708333333333334,0.0,0.5708333333333334
571.0,0.5729166666666666,0.0,0.5729166666666666
571.2,0.575,0.0,0.575
571.4,0.5774305555555556,0.0,0.5774305555555556
571.6,0.578125,0.0,0.578125
571.8,0.578125,0.0,0.578125
572.0,0.5805555555555556,0.0,0.5805555555555556
572.2,0.5815972222222222,0.0,0.5815972222222222
572.4,0.5829861111111112,0.0,0.5829861111111112
572.6,0.5840277777777778,0.0,0.5840277777777778
572.8,0.5854166666666667,0.0,0.5854166666666667
573.0,0.5861111111111111,0.0,0.5861111111111111
573.2,0.5875,0.0,0.5875
573.4,0.5892361111111112,0.0,0.5892361111111112
573.6,0.5871527777777777,0.0,0.5871527777777777
573.8,0.5864583333333334,0.0,0.5864583333333334
574.0,0.5847222222222223,0.0,0.5847222222222223
574.2,0.5864583333333333,0.0,0.5864583333333333
574.4,0.5840277777777778,0.0,0.5840277777777778
574.6,0.5829861111111111,0.0,0.5829861111111111
574.8,0.579861111111111,0.0,0.579861111111111
575.0,0.5802083333333333,0.0,0.5802083333333333
575.2,0.58125,0.0,0.58125
575.4,0.5826388888888889,0.0,0.5826388888888889
575.6,0.5833333333333333,0.0,0.5833333333333333
575.8,0.5836805555555555,0.0,0.5836805555555555
576.0,0.5809027777777778,0.0,0.5809027777777778
576.2,0.5847222222222224,0.0,0.5847222222222224
576.4,0.5850694444444444,0.0,0.5850694444444444
576.6,0.5843750000000001,0.0,0.5843750000000001
576.8,0.5836805555555556,0.0,0.5836805555555556
577.0,0.5847222222222223,0.0,0.5847222222222223
577.2,0.5850694444444444,0.0,0.5850694444444444
577.4,0.5836805555555555,0.0,0.5836805555555555
577.6,0.5854166666666666,0.0,0.5854166666666666
577.8,0.585763888888889,0.0,0.585763888888889
578.0,0.5868055555555556,0.0,0.5868055555555556
578.2,0.5875,0.0,0.5875
578.4,0.5881944444444445,0.0,0.5881944444444445
578.6,0.5871527777777777,0.0,0.5871527777777777
578.8,0.5892361111111111,0.0,0.5892361111111111
579.0,0.5895833333333333,0.0,0.5895833333333333
579.2,0.5885416666666666,0.0,0.5885416666666666
579.4,0.5871527777777777,0.0,0.5871527777777777
579.6,0.5868055555555555,0.0,0.5868055555555555
579.8,0.5871527777777777,0.0,0.5871527777777777
580.0,0.5868055555555556,0.0,0.5868055555555556
580.2,0.585763888888889,0.0,0.585763888888889
580.4,0.5850694444444444,0.0,0.5850694444444444
580.6,0.5836805555555555,0.0,0.5836805555555555
580.8,0.5815972222222222,0.0,0.5815972222222222
581.0,0.5802083333333334,0.0,0.5802083333333334
581.2,0.5836805555555555,0.0,0.5836805555555555
581.4,0.5833333333333333,0.0,0.5833333333333333
581.6,0.5864583333333334,0.0,0.5864583333333334
581.8,0.5840277777777778,0.0,0.5840277777777778
582.0,0.5836805555555555,0.0,0.5836805555555555
582.2,0.5822916666666667,0.0,0.5822916666666667
582.4,0.5829861111111111,0.0,0.5829861111111111
582.6,0.5847222222222221,0.0,0.5847222222222221
582.8,0.5888888888888889,0.0,0.5888888888888889
583.0,0.5875,0.0,0.5875
583.2,0.5868055555555556,0.0,0.5868055555555556
583.4,0.5847222222222224,0.0,0.5847222222222224
583.6,0.5805555555555555,0.0,0.5805555555555555
583.8,0.5805555555555555,0.0,0.5805555555555555
584.0,0.5805555555555555,0.0,0.5805555555555555
584.2,0.5822916666666667,0.0,0.5822916666666667
584.4,0.579861111111111,0.0,0.579861111111111
584.6,0.578125,0.0,0.578125
584.8,0.5774305555555556,0.0,0.5774305555555556
585.0,0.5743055555555556,0.0,0.5743055555555556
585.2,0.5715277777777777,0.0,0.5715277777777777
585.4,0.5694444444444444,0.0,0.5694444444444444
585.6,0.5687499999999999,0.0,0.5687499999999999
585.8,0.5697916666666666,0.0,0.5697916666666666
586.0,0.5708333333333333,0.0,0.5708333333333333
586.2,0.5746527777777779,0.0,0.5746527777777779
586.4,0.5739583333333333,0.0,0.5739583333333333
586.6,0.5729166666666667,0.0,0.5729166666666667
586.8,0.5715277777777777,0.0,0.5715277777777777
587.0,0.570138888888889,0.0,0.570138888888889
587.2,0.5684027777777778,0.0,0.5684027777777778
587.4,0.56875,0.0,0.56875
587.6,0.5684027777777777,0.0,0.5684027777777777
587.8,0.5694444444444444,0.0,0.5694444444444444
588.0,0.5687499999999999,0.0,0.5687499999999999
588.1999999999999,0.5697916666666666,0.0,0.5697916666666666
588.4000000000001,0.5684027777777778,0.0,0.5684027777777778
588.6,0.56875,0.0,0.56875
588.8,0.5645833333333333,0.0,0.5645833333333333
589.0,0.5642361111111112,0.0,0.5642361111111112
589.1999999999999,0.5621527777777777,0.0,0.5621527777777777
589.4000000000001,0.5607638888888888,0.0,0.5607638888888888
589.6,0.5611111111111111,0.0,0.5611111111111111
589.8,0.5618055555555556,0.0,0.5618055555555556
590.0,0.5590277777777778,0.0,0.5590277777777778
590.1999999999999,0.5572916666666667,0.0,0.5572916666666667
590.4000000000001,0.55625,0.0,0.55625
590.6,0.5576388888888888,0.0,0.5576388888888888
590.8,0.5562499999999999,0.0,0.5562499999999999
591.0,0.5565972222222222,0.0,0.5565972222222222
591.1999999999999,0.554861111111111,0.0,0.554861111111111
591.4000000000001,0.553125,0.0,0.553125
591.6,0.5520833333333333,0.0,0.5520833333333333
591.8,0.5534722222222223,0.0,0.5534722222222223
592.0,0.5510416666666667,0.0,0.5510416666666667
592.1999999999999,0.5510416666666667,0.0,0.5510416666666667
592.4000000000001,0.5496527777777778,0.0,0.5496527777777778
592.6,0.55,0.0,0.55
592.8,0.546875,0.0,0.546875
593.0,0.546875,0.0,0.546875
593.1999999999999,0.5479166666666666,0.0,0.5479166666666666
593.4000000000001,0.55,0.0,0.55
593.6,0.5517361111111112,0.0,0.5517361111111112
593.8,0.554861111111111,0.0,0.554861111111111
594.0,0.5555555555555556,0.0,0.5555555555555556
594.1999999999999,0.5552083333333334,0.0,0.5552083333333334
594.4000000000001,0.5534722222222221,0.0,0.5534722222222221
594.6,0.5572916666666667,0.0,0.5572916666666667
594.8,0.5604166666666666,0.0,0.5604166666666666
595.0,0.5625,0.0,0.5625
595.1999999999999,0.5625,0.0,0.5625
595.4000000000001,0.5635416666666667,0.0,0.5635416666666667
595.6,0.5677083333333333,0.0,0.5677083333333333
595.8,0.56875,0.0,0.56875
596.0,0.5694444444444444,0.0,0.5694444444444444
596.1999999999999,0.5722222222222222,0.0,0.5722222222222222
596.4000000000001,0.571875,0.0,0.571875
596.6,0.5739583333333333,0.0,0.5739583333333333
596.8,0.5746527777777779,0.0,0.5746527777777779
597.0,0.5753472222222222,0.0,0.5753472222222222
597.1999999999999,0.5788194444444444,0.0,0.5788194444444444
597.4000000000001,0.5805555555555555,0.0,0.5805555555555555
597.6,0.579861111111111,0.0,0.579861111111111
597.8,0.5815972222222222,0.0,0.5815972222222222
598.0,0.5833333333333334,0.0,0.5833333333333334
598.1999999999999,0.5847222222222223,0.0,0.5847222222222223
598.4000000000001,0.5868055555555556,0.0,0.5868055555555556
598.6,0.5895833333333333,0.0,0.5895833333333333
598.8,0.5888888888888889,0.0,0.5888888888888889
599.0,0.590625,0.0,0.590625
599.1999999999999,0.5940972222222223,0.0,0.5940972222222223
599.4000000000001,0.5965277777777778,0.0,0.5965277777777778
599.6,0.6,0.0,0.6
599.8,0.6027777777777779,0.0,0.6027777777777779
600.0,0.6065972222222223,0.0,0.6065972222222223
