time,mean_auc,sem_auc,sub-101,sub-102,sub-104,sub-105,sub-106,sub-107
-0.1,0.5026016329362131,0.021427313432010226,0.4687967346938775,0.6131869387755102,0.4539738775510204,0.4860865306122449,0.4817551020408164,0.5118106139438086
-0.0998,0.5030359605569595,0.02138929673464899,0.4718889795918367,0.6140848979591836,0.45413061224489804,0.48721469387755106,0.4811151020408163,0.5097814776274714
-0.0996,0.5029599042947043,0.021541854875984895,0.4733567346938775,0.6154710204081633,0.4550285714285714,0.487774693877551,0.4781159183673469,0.5080124869927158
-0.0994,0.5033070132444237,0.021857265087195932,0.47400489795918366,0.6180816326530612,0.4558367346938776,0.4887461224489796,0.47698122448979596,0.5061914672216441
-0.0992,0.5027613690387706,0.021850093154162444,0.4765975510204081,0.6178383673469388,0.4555918367346939,0.4880114285714285,0.47421061224489797,0.504318418314256
-0.099,0.5028115664663367,0.021702942459565316,0.4801763265306122,0.6176032653061224,0.456741224489796,0.4883248979591836,0.47225469387755104,0.5017689906347554
-0.0988,0.5026512643434065,0.021937106789700334,0.4827787755102041,0.618749387755102,0.45609142857142865,0.48863673469387753,0.4698073469387755,0.499843912591051
-0.0986,0.5025402042939965,0.021796921837429043,0.48570775510204084,0.6181061224489796,0.4568212244897959,0.49007673469387747,0.46817142857142857,0.4963579604578564
-0.0984,0.5026702626940475,0.021835112715737577,0.48692081632653067,0.6183477551020408,0.4569861224489796,0.49194122448979594,0.4670285714285714,0.4947970863683663
-0.0982,0.5026867953591426,0.021745379168360147,0.49025959183673473,0.617709387755102,0.45731591836734686,0.4923395918367347,0.46557224489795923,0.4929240374609781
-0.098,0.5022299101701034,0.021883958654893294,0.4922906122448979,0.6178791836734694,0.4578073469387755,0.49200489795918373,0.462814693877551,0.49058272632674294
-0.0978,0.5020388645614333,0.02211693831201032,0.4958726530612245,0.6182873469387754,0.45732081632653054,0.4915869387755102,0.4597273469387755,0.4894380853277836
-0.0976,0.5020431367552224,0.02216284958405246,0.49856326530612244,0.6180506122448979,0.45764408163265297,0.49207510204081634,0.4579444897959184,0.48798126951092613
-0.0974,0.5019675935639605,0.02229776938547559,0.500275918367347,0.6182922448979593,0.458698775510204,0.4921436734693877,0.4553502040816326,0.48704474505723205
-0.0972,0.501790564533826,0.02222743973855655,0.5023216326530612,0.6172326530612244,0.45894367346938775,0.49311346938775513,0.45422040816326537,0.48491155046826223
-0.097,0.5018042322693905,0.02227732339263643,0.5040179591836734,0.6172277551020409,0.4599134693877551,0.4932604081632652,0.45315918367346936,0.48324661810613934
-0.0968,0.5016595482313633,0.022357080737486584,0.5058808163265306,0.6173159183673469,0.4604848979591837,0.4924359183673469,0.45267428571428575,0.4811654526534859
-0.0966,0.5014743763228496,0.022425771603159138,0.5071004081632654,0.6173142857142858,0.4605583673469388,0.492029387755102,0.4524473469387755,0.4793964620187305
-0.0964,0.5012498409394975,0.022458575407692714,0.5083248979591837,0.6168261224489796,0.46087836734693877,0.492269387755102,0.4513126530612245,0.4778876170655567
-0.0962,0.5008330888317867,0.022625794681243875,0.5087363265306123,0.616995918367347,0.4609436734693877,0.49209306122448987,0.449694693877551,0.476534859521332
-0.096,0.5009795408694174,0.022666651927463897,0.5101224489795919,0.6169126530612246,0.46142040816326535,0.4936359183673469,0.4496963265306123,0.47408949011446405
-0.0958,0.501023916130448,0.02296512597738999,0.5124767346938776,0.6174742857142856,0.4609273469387755,0.4954138775510204,0.4481551020408164,0.4716961498439126
-0.0956,0.500494069811067,0.023101345268338975,0.5127951020408162,0.6175559183673469,0.4603591836734694,0.49476897959183674,0.44807836734693873,0.4694068678459938
-0.0954,0.5006112564151571,0.023062004513927228,0.5147428571428572,0.6166579591836735,0.46060081632653055,0.4954089795918367,0.44711020408163266,0.469146722164412
-0.0952,0.5003670776614496,0.02320733284087192,0.5152310204081633,0.6166465306122448,0.4604342857142857,0.4961322448979592,0.4456522448979592,0.4681061394380853
-0.095,0.4998992206247744,0.02328148708606048,0.5145828571428572,0.6167134693877551,0.4605942857142857,0.49572244897959183,0.44549714285714287,0.4662851196670135
-0.0948,0.49996058414208555,0.023303148702888618,0.514501224489796,0.6168636734693878,0.460669387755102,0.4964522448979592,0.4459804081632653,0.4652965660770031
-0.0946,0.49964816241585086,0.02324782345346145,0.5135493877551021,0.6161142857142858,0.4609763265306122,0.49751510204081634,0.4451657142857142,0.46456815816857444
-0.0944,0.49901103329156843,0.02311339437119951,0.5115983673469386,0.6152195918367347,0.4607281632653061,0.4976653061224489,0.4464718367346939,0.4623829344432882
-0.0942,0.4982968506445242,0.02291543566756331,0.5094857142857142,0.6135069387755101,0.4597436734693877,0.49888653061224486,0.4467118367346939,0.4614464099895942
-0.094,0.49802433179723504,0.022757408207076727,0.5103004081632654,0.6118644897959185,0.4592408163265306,0.4996048979591837,0.4474579591836735,0.4596774193548388
-0.0938,0.49775397906092717,0.022690908867645083,0.5094840816326531,0.6112897959183673,0.4591624489795919,0.49992653061224485,0.44755591836734687,0.459105098855359
-0.0936,0.4971497954936397,0.022634999919791315,0.507861224489796,0.6103020408163264,0.4593110204081633,0.5009012244897959,0.4472391836734694,0.45728407908428714
-0.0934,0.49695726588658357,0.0227085053807666,0.507941224489796,0.6103836734693877,0.45880816326530616,0.5008228571428571,0.44707591836734684,0.45671175858480756
-0.0932,0.4959884816694628,0.02253459896755098,0.505505306122449,0.609004081632653,0.45717714285714284,0.5001583673469387,0.4480506122448979,0.45603537981269504
-0.093,0.4958756955269101,0.022571046446276912,0.5049355102040817,0.6090057142857143,0.4570873469387755,0.5008767346938776,0.44830204081632646,0.45504682622268466
-0.0928,0.495654866600126,0.02265331778707346,0.5041991836734694,0.6092408163265305,0.45642938775510206,0.5011983673469389,0.4483869387755102,0.4544745057232049
-0.0926,0.49577446140995424,0.022525443953562384,0.5033926530612246,0.6088163265306122,0.4568277551020408,0.5020179591836734,0.4501061224489796,0.45348595213319454
-0.0924,0.4955937811378454,0.02239220208017014,0.50176,0.607911836734694,0.45672979591836727,0.5033926530612245,0.4502824489795919,0.45348595213319454
-0.0922,0.4957753963770732,0.02247217147962792,0.4999771428571429,0.60856,0.4572897959183673,0.505258775510204,0.4514334693877551,0.45213319458896983
-0.092,0.49535190270905455,0.022436248099328888,0.49681306122448987,0.6083902040816327,0.45719510204081637,0.505898775510204,0.45194122448979596,0.45187304890738816
-0.0918,0.4947344265822875,0.02235127924191046,0.4952816326530612,0.607404081632653,0.45653714285714286,0.5058155102040816,0.45258775510204086,0.4507804370447451
-0.0916,0.4947526219145307,0.022114571673499582,0.4946367346938775,0.6057632653061225,0.45612571428571425,0.5075951020408163,0.4535624489795918,0.4508324661810613
-0.0914,0.49427318651914454,0.0221856391361728,0.4930155102040816,0.6058448979591837,0.4545763265306123,0.5075102040816326,0.4534955102040816,0.45119667013527576
-0.0912,0.4936665839863521,0.022035692163276284,0.4917208163265306,0.6045436734693878,0.45400653061224483,0.507170612244898,0.4532571428571428,0.45130072840790836
-0.091,0.4932084198008027,0.021883245211113504,0.48961795918367346,0.6032489795918368,0.45302204081632647,0.5078938775510204,0.45505142857142855,0.45041623309053075
-0.0908,0.4924933537202602,0.021888044693267526,0.48644897959183675,0.6030857142857142,0.45162938775510203,0.5072391836734694,0.4561926530612245,0.4503642039542143
-0.0906,0.49258278522230947,0.021726214627987076,0.4849224489795917,0.6020914285714285,0.4515444897959184,0.508770612244898,0.45806367346938776,0.45010405827263267
-0.0904,0.49227737603261906,0.02136592549381927,0.48305795918367345,0.5997322448979592,0.4509681632653061,0.5096571428571429,0.4592081632653061,0.45104058272632674
-0.0902,0.49151490666610037,0.021312901723707978,0.4807085714285714,0.5984359183673469,0.4491787755102041,0.5101436734693877,0.45994612244897953,0.4506763787721124
-0.09,0.49146494057352386,0.020956894683254915,0.48030040816326525,0.5967248979591837,0.44828081632653055,0.5094922448979592,0.4614938775510204,0.4524973985431841
-0.0898,0.490873668443444,0.020710635772461617,0.47786122448979595,0.5950236734693878,0.44795755102040813,0.5090726530612245,0.46246530612244896,0.4528616024973985
-0.0896,0.4911782349734899,0.0206597148695089,0.4764848979591837,0.5947151020408163,0.4474661224489796,0.5106089795918367,0.4642563265306123,0.45353798126951095
-0.0894,0.49046358965646614,0.020446303861229836,0.4743640816326531,0.592617142857143,0.4466432653061224,0.510924081632653,0.464174693877551,0.45405827263267434
-0.0892,0.49120112213043393,0.020384187611273877,0.4736408163265306,0.5919689795918368,0.44721142857142854,0.5147363265306122,0.4641861224489796,0.45546305931321546
-0.089,0.49089740194100534,0.020097835223583282,0.47152979591836736,0.5904424489795919,0.4476244897959184,0.5141551020408163,0.4649208163265306,0.45671175858480756
-0.0888,0.49024552627294415,0.019981422960397757,0.46957551020408167,0.5893191836734694,0.44632326530612243,0.5131624489795918,0.4653404081632653,0.4577523413111342
-0.0886,0.4897037468056942,0.019621817811797025,0.46867591836734696,0.5864130612244898,0.4451167346938775,0.5133224489795918,0.46574530612244897,0.45894901144641
-0.0884,0.4895553648056517,0.01925829073254363,0.46696489795918367,0.5836636734693877,0.44601795918367343,0.5150155102040817,0.46542040816326524,0.4602497398543184
-0.0882,0.48945144442792726,0.01921694268268249,0.4650987755102041,0.5836097959183674,0.4474824489795918,0.5149289795918367,0.46419428571428567,0.46139438085327794
-0.088,0.48884054931441884,0.01909184361918165,0.463715918367347,0.5820685714285714,0.44708571428571425,0.5149322448979592,0.46264979591836736,0.4625910509885536
-0.0878,0.4884968698988441,0.019047925480217505,0.4615248979591837,0.5812669387755101,0.44571265306122454,0.5146873469387756,0.46322122448979586,0.4645681581685744
-0.0876,0.4881505413153815,0.018675231576547158,0.45949061224489796,0.5789257142857143,0.44693877551020406,0.5142824489795919,0.4628244897959183,0.46644120707596254
-0.0874,0.4874820310475907,0.01849693391203914,0.45965224489795914,0.5765028571428571,0.44474285714285716,0.5146122448979591,0.46184816326530614,0.4675338189386056
-0.0872,0.4873685557136486,0.01825598648921411,0.4594857142857142,0.5750514285714285,0.4445012244897959,0.5140555102040817,0.4616065306122449,0.46951092611862644
-0.087,0.4867110940276214,0.01812561381675349,0.4584979591836736,0.5726318367346939,0.4421485714285714,0.5146171428571429,0.46161142857142856,0.47075962539021854
-0.0868,0.4862657333984582,0.017754107443719788,0.4564571428571429,0.5701338775510203,0.44280653061224495,0.5138073469387755,0.46217306122448976,0.4722164412070759
-0.0866,0.4857354796236913,0.01733619062331149,0.4557175510204082,0.567309387755102,0.4431477551020408,0.5125877551020408,0.46119673469387745,0.4744536940686784
-0.0864,0.4849314639653988,0.01725573972421552,0.4542563265306122,0.5645812244897959,0.44039020408163265,0.5131673469387754,0.46086693877551016,0.4763267429760666
-0.0862,0.4843820498771829,0.01696498464921022,0.4529518367346938,0.5624963265306122,0.43982857142857146,0.5113942857142857,0.4616816326530612,0.477939646201873
-0.086,0.4840162732980809,0.016657566215637527,0.45327183673469384,0.55912,0.43893714285714286,0.5124522448979592,0.46071183673469385,0.4796045785639958
-0.0858,0.4838221973992511,0.016385468851669048,0.45374857142857145,0.5570236734693879,0.43845551020408163,0.5119706122448979,0.46046530612244896,0.4812695109261186
-0.0856,0.483332164199707,0.016061151570866516,0.45180408163265307,0.5538775510204081,0.4381338775510204,0.5111738775510204,0.46102857142857145,0.48397502601456815
-0.0854,0.48297050521353185,0.01563657141632294,0.452364081632653,0.5500816326530613,0.43774204081632656,0.5114236734693878,0.4606236734693878,0.4855879292403745
-0.0852,0.48251341275740267,0.015483488107060387,0.45236081632653063,0.5477453061224489,0.43669551020408165,0.5109273469387755,0.4594742857142857,0.4878772112382935
-0.085,0.48207383352092137,0.015045321909702095,0.4512881632653061,0.544530612244898,0.4373665306122449,0.5102922448979592,0.4605159183673469,0.4884495317377732
-0.0848,0.48141816871597753,0.014911638901266663,0.4500636734693878,0.5426089795918367,0.43671836734693875,0.5089991836734694,0.46026448979591833,0.4898543184183143
-0.0846,0.4811298508498092,0.01453972305489374,0.44892408163265307,0.5395232653061224,0.438109387755102,0.5088506122448979,0.46011265306122445,0.49125910509885545
-0.0844,0.48125776720677865,0.01427375966304329,0.4484342857142857,0.5370922448979591,0.43861387755102044,0.5095951020408163,0.4614073469387755,0.49240374609781484
-0.0842,0.48117146198333655,0.013987326882899078,0.44900408163265315,0.534822857142857,0.4384571428571428,0.50912,0.46197224489795924,0.49365244536940694
-0.084,0.4812038010292567,0.01376626436253077,0.44899918367346936,0.5329665306122449,0.4387151020408163,0.5084,0.4624604081632652,0.4956815816857441
-0.0838,0.48062423439302876,0.013610566153086378,0.44785306122448976,0.5292408163265305,0.4375020408163265,0.5090530612244898,0.46327020408163266,0.4968262226847034
-0.0836,0.4802148232779064,0.013356717719348378,0.4465534693877551,0.5258448979591837,0.43888,0.510029387755102,0.462530612244898,0.4974505723204995
-0.0834,0.48007324881253227,0.013262797742628032,0.44669387755102036,0.5243902040816326,0.43872,0.509062857142857,0.46204081632653066,0.49953173777315296
-0.0832,0.48020088824707824,0.01271739772210931,0.4484734693877551,0.5206595918367347,0.4396032653061225,0.5094024489795919,0.4631706122448979,0.4998959417273673
-0.083,0.47996427106118195,0.012455470473107765,0.44855510204081633,0.5174122448979592,0.4403363265306123,0.5094938775510204,0.4626873469387755,0.5013007284079085
-0.0828,0.48012061500562764,0.01227436719802294,0.4496783673469388,0.5157142857142858,0.44049469387755097,0.509338775510204,0.4628440816326531,0.5026534859521332
-0.0826,0.4799783224673844,0.012005271990236831,0.450574693877551,0.5139265306122449,0.44106775510204077,0.508690612244898,0.46259265306122443,0.5030176899063475
-0.0824,0.4804198053331635,0.011602565426904554,0.4513730612244899,0.5104995918367348,0.4425273469387755,0.5085355102040816,0.4643804081632653,0.5052029136316337
-0.0822,0.480551238718172,0.01146813918770894,0.45152816326530615,0.5079869387755103,0.4432604081632653,0.509766530612245,0.4647820408163265,0.5059833506763788
-0.082,0.4804717158288914,0.01131739834201777,0.45119836734693874,0.5054693877551021,0.44424489795918365,0.5101142857142857,0.46493551020408164,0.5068678459937564
-0.0818,0.48071843586966523,0.011250996004178669,0.4520930612244897,0.5036130612244898,0.44441306122448976,0.5107657142857143,0.4652571428571429,0.508168574401665
-0.0816,0.4808930937869424,0.011249838696250148,0.4514465306122449,0.5023118367346939,0.4432718367346939,0.5112702040816326,0.46883755102040814,0.5082206035379813
-0.0814,0.4817468323104476,0.011005108847366154,0.4533861224489796,0.49977959183673465,0.44457469387755094,0.5129061224489797,0.47062530612244896,0.5092091571279918
-0.0812,0.4822093298505666,0.010706975471970725,0.45638204081632655,0.49822857142857135,0.4455444897959183,0.5131575510204082,0.4702138775510204,0.5097294484911551
-0.081,0.482559410478031,0.010637379483676358,0.45816000000000007,0.49667102040816324,0.4465191836734694,0.5146318367346938,0.4690726530612245,0.5103017689906347
-0.0808,0.4829465950292708,0.010871593481129717,0.45986775510204075,0.496014693877551,0.4444816326530613,0.5155314285714286,0.46986938775510206,0.5119146722164413
-0.0806,0.4843289846885684,0.010855387347098054,0.4618873469387754,0.4968228571428571,0.4451983673469388,0.5174955102040816,0.47197877551020395,0.5125910509885536
-0.0804,0.4852061605328917,0.010788984551235422,0.4640816326530611,0.49657959183673467,0.44544163265306125,0.5182416326530612,0.4733648979591837,0.5135275754422477
-0.0802,0.485305444300509,0.010918931130104398,0.4637502040816327,0.49494693877551016,0.4449485714285714,0.519869387755102,0.4747379591836734,0.513579604578564
-0.08,0.4859759672110259,0.0108045562072826,0.46431836734693877,0.4952636734693877,0.44608326530612247,0.5215755102040817,0.47628408163265307,0.5123309053069718
-0.0798,0.48684147352177093,0.010769274400969635,0.4652065306122449,0.4957404081632653,0.44753959183673475,0.523286530612245,0.47684081632653064,0.5124349635796046
-0.0796,0.4872597455881416,0.010540028931214028,0.46642448979591833,0.49491428571428575,0.4486057142857144,0.5226448979591838,0.4778057142857143,0.5131633714880333
-0.0794,0.4882862324534392,0.010406935962085527,0.468050612244898,0.49579265306122444,0.44990367346938775,0.5235297959183673,0.4790171428571428,0.513423517169615
-0.0792,0.48887144626841367,0.010353789722325245,0.4687771428571428,0.4952032653061226,0.45047020408163263,0.5247412244897959,0.48087346938775505,0.5131633714880333
-0.079,0.4900063811081144,0.010400355165288274,0.47112653061224485,0.49625142857142845,0.45094530612244893,0.526370612244898,0.4813485714285714,0.5139958376690947
-0.0788,0.4905285627924427,0.01042883980343606,0.4726726530612245,0.49559999999999993,0.4511836734693878,0.5273404081632653,0.4815983673469389,0.5147762747138398
-0.0786,0.4914527571194971,0.010315819389288982,0.47413224489795913,0.4970448979591836,0.45199020408163265,0.5274106122448978,0.4827379591836734,0.5154006243496358
-0.0784,0.49190209631407195,0.01036458260479612,0.4753551020408164,0.49800653061224487,0.4519918367346939,0.5286187755102041,0.48256,0.5148803329864723
-0.0782,0.49253362016606844,0.0101116412048784,0.47624163265306124,0.49872163265306124,0.4532097959183674,0.5285371428571428,0.4843395918367347,0.5141519250780437
-0.078,0.49347925955814165,0.010021839307256374,0.47858122448979595,0.5003314285714285,0.453766530612245,0.5283640816326531,0.4845877551020408,0.5152445369406867
-0.0778,0.4945339738226196,0.00991070998703757,0.4801942857142857,0.5011330612244898,0.45473632653061224,0.5290808163265307,0.48645061224489794,0.5156087408949012
-0.0776,0.49545780373335596,0.009913906733266788,0.4810938775510204,0.5028342857142857,0.4555444897959184,0.5300457142857142,0.4872555102040816,0.5159729448491154
-0.0774,0.4963194849469444,0.010051709254743087,0.4825420408163266,0.5057338775510203,0.4554563265306122,0.5308489795918367,0.48684244897959184,0.5164932362122788
-0.0772,0.4970593236920158,0.00996454001613883,0.4841648979591837,0.5065289795918366,0.45642775510204076,0.5323167346938775,0.4875689795918367,0.5153485952133194
-0.077,0.4977948338960974,0.009843199932524737,0.4864179591836734,0.5081485714285714,0.4569191836734694,0.532058775510204,0.4878759183673469,0.5153485952133195
-0.0768,0.49861647914941204,0.00992431556698995,0.48690285714285714,0.5092734693877551,0.45772734693877554,0.53352,0.48835428571428563,0.5159209157127991
-0.0766,0.4994426219853185,0.009679801270482655,0.4887624489795918,0.5092636734693877,0.45951673469387755,0.5337551020408163,0.4890726530612245,0.5162851196670136
-0.0764,0.50014041212739,0.009512335834595183,0.48915591836734695,0.5124032653061225,0.46023836734693885,0.5329289795918368,0.49076734693877555,0.5153485952133194
-0.0762,0.5009877746395124,0.009479380607799029,0.489724081632653,0.5149991836734693,0.4613730612244898,0.5334873469387754,0.4914106122448979,0.5149323621227888
-0.076,0.5011690866232029,0.00957608198247183,0.49062040816326535,0.5169355102040816,0.4609616326530612,0.5334073469387756,0.4906775510204081,0.5144120707596255
-0.0758,0.5019320546199749,0.009639306142882938,0.49191183673469385,0.5191967346938775,0.46128979591836733,0.534444081632653,0.4914824489795918,0.513267429760666
-0.0756,0.5025551634847488,0.009782238597789676,0.493046530612245,0.5229257142857143,0.4613697959183673,0.5341844897959184,0.49090122448979595,0.5129032258064516
-0.0754,0.5033038068338679,0.00980793531335916,0.49385959183673467,0.5263281632653061,0.46331428571428573,0.5342481632653061,0.48927346938775507,0.5127991675338189
-0.0752,0.5039531460284427,0.009710859390661896,0.49377469387755096,0.5273779591836735,0.46557224489795923,0.5353665306122448,0.4893485714285714,0.5122788761706556
-0.075,0.5037407320888813,0.009741883456966876,0.4940979591836735,0.5290938775510204,0.4650775510204081,0.5338922448979591,0.48894040816326534,0.5113423517169615
-0.0748,0.5042677505716125,0.009805478630693662,0.4951526530612244,0.5326612244897959,0.4661322448979591,0.5326628571428571,0.48796734693877547,0.5110301768990635
-0.0746,0.504805725328633,0.00971437217228421,0.4966138775510204,0.5355755102040817,0.46736163265306124,0.530625306122449,0.4880440816326531,0.5106139438085328
-0.0744,0.5051916223888099,0.009769825127398447,0.4971885714285714,0.5370334693877551,0.4687428571428572,0.5315085714285714,0.4873110204081632,0.5093652445369407
-0.0742,0.5046971550326687,0.010012111938184014,0.49704,0.5391428571428571,0.46785632653061227,0.5301959183673469,0.4860914285714285,0.5078563995837669
-0.074,0.5048681784139254,0.01025376597605407,0.49710857142857134,0.5419869387755101,0.4675983673469387,0.5294628571428571,0.4861844897959184,0.5068678459937564
-0.0738,0.504811703228638,0.010502260146864745,0.4970285714285714,0.5447510204081633,0.46824979591836735,0.5283151020408162,0.48423020408163253,0.5062955254942768
-0.0736,0.5046808500215902,0.010614273382414182,0.4975102040816326,0.5468751020408162,0.46930122448979594,0.5265093877551019,0.48242612244897964,0.5054630593132153
-0.0734,0.5050517295617518,0.010859134070835013,0.49792163265306116,0.5493926530612244,0.4706873469387755,0.5266612244897959,0.4809648979591836,0.5046826222684704
-0.0732,0.5043515071460426,0.010900294383358274,0.49832979591836724,0.5491477551020407,0.4697959183673469,0.5259330612244897,0.4804571428571428,0.5024453694068678
-0.073,0.5043317462677058,0.01104371351987417,0.49930448979591835,0.550690612244898,0.470610612244898,0.5249567346938775,0.47891918367346936,0.5015088449531737
-0.0728,0.5043053109360289,0.011319166520666946,0.4993877551020408,0.5530497959183673,0.4704522448979592,0.5238073469387755,0.4783542857142857,0.5007804370447451
-0.0726,0.5040360729682091,0.011550482097427166,0.4998759183673469,0.5546808163265305,0.4719183673469388,0.5232342857142857,0.47591183673469395,0.4985952133194589
-0.0724,0.5039036746019948,0.011571610459117155,0.5014955102040817,0.5554922448979591,0.4723232653061224,0.5213665306122449,0.4755020408163266,0.49724245577523407
-0.0722,0.5032978943419201,0.011984455269787055,0.5020734693877552,0.5578579591836734,0.4725730612244898,0.5191689795918367,0.4727444897959184,0.4953694068678461
-0.072,0.5032714949705167,0.012300210567465919,0.5022302040816327,0.5606938775510203,0.47321959183673473,0.5169648979591837,0.4719314285714285,0.4945889698231009
-0.0718,0.5032100606652651,0.01229622277467883,0.5031265306122449,0.5611885714285714,0.4743542857142858,0.5158253061224489,0.47184163265306117,0.4929240374609781
-0.0716,0.502900879044646,0.012645460700262172,0.5045926530612245,0.5628244897959183,0.4751738775510204,0.514364081632653,0.46939918367346944,0.49105098855359
-0.0714,0.5033756993494588,0.012778324888690025,0.5049257142857142,0.5642971428571428,0.47712816326530605,0.5149355102040818,0.4694775510204082,0.48949011446409985
-0.0712,0.5035760026049961,0.013163275763948523,0.5055820408163265,0.5669910204081632,0.47777142857142857,0.5137975510204081,0.46865632653061223,0.48865764828303854
-0.071,0.5032051182512548,0.013327748857804697,0.5056587755102041,0.5671493877551022,0.47695673469387756,0.5135493877551021,0.4672587755102041,0.4886576482830384
-0.0708,0.5034614040080132,0.013570283200008332,0.5071232653061225,0.5687722448979592,0.4780979591836735,0.5125730612244898,0.4662726530612245,0.48792924037460983
-0.0706,0.5032603982529537,0.013706914853350523,0.5078579591836735,0.5690987755102042,0.47842448979591834,0.5121730612244898,0.4653795918367346,0.48662851196670137
-0.0704,0.5034315091281049,0.01389538051110535,0.5090008163265306,0.569593469387755,0.47931755102040813,0.5132359183673468,0.4643216326530612,0.4851196670135276
-0.0702,0.5034268784641849,0.014161857815336406,0.5099804081632653,0.570974693877551,0.4794089795918367,0.5123510204081632,0.46350693877551025,0.48433922996878265
-0.07,0.5027415237812086,0.014473070179853434,0.5107869387755102,0.5712114285714286,0.47908081632653055,0.5112163265306122,0.4603346938775511,0.48381893860561914
-0.0698,0.5027412828190588,0.014728875801935484,0.51128,0.5724995918367347,0.47932734693877554,0.5108212244897958,0.4595330612244897,0.4829864724245578
-0.0696,0.5028006385072238,0.014834113033367213,0.5131510204081632,0.572589387755102,0.47998530612244894,0.5098351020408163,0.4583085714285714,0.4829344432882414
-0.0694,0.5031693304168702,0.014890049833779758,0.5141289795918367,0.5732489795918367,0.48023183673469383,0.5095102040816326,0.45854530612244904,0.4833506763787721
-0.0692,0.5034315869948396,0.015087000095381047,0.5159248979591837,0.5739036734693876,0.4805632653061225,0.5095102040816327,0.4576489795918367,0.4830385015608741
-0.069,0.5037013595531865,0.01525473727193583,0.5170595918367347,0.57456,0.4809779591836735,0.50944,0.45650775510204084,0.4836628511966702
-0.0688,0.5044235723842087,0.015487121677863758,0.5186122448979592,0.576341224489796,0.481629387755102,0.5096816326530612,0.45666612244897953,0.48361082206035383
-0.0686,0.5044043197632851,0.01559390172672362,0.5191004081632652,0.576435918367347,0.48392,0.5092048979591837,0.4550383673469388,0.48272632674297605
-0.0684,0.5043404976392222,0.015971312827925372,0.5196783673469387,0.5780636734693878,0.48376489795918365,0.5088065306122449,0.45357551020408166,0.48215400624349636
-0.0682,0.5045625744158225,0.016278909583480834,0.5211330612244899,0.5799314285714285,0.4847526530612245,0.5066971428571427,0.45275918367346935,0.48210197710718
-0.068,0.5047761487113055,0.01642316392378265,0.5239869387755103,0.5801061224489795,0.48337469387755105,0.5057306122448979,0.4525240816326531,0.4829344432882414
-0.0678,0.505471710449008,0.016584556239129324,0.5260195918367347,0.5808310204081633,0.48468897959183666,0.506625306122449,0.4521991836734694,0.4824661810613944
-0.0676,0.5057453032909313,0.01665810334063608,0.5278171428571429,0.5806024489795918,0.4864048979591836,0.5063738775510204,0.45137959183673465,0.4818938605619147
-0.0674,0.5058674034275521,0.016962041235346413,0.5294481632653062,0.5814220408163265,0.4856783673469388,0.5070367346938776,0.4504016326530612,0.4812174817898023
-0.0672,0.5060440739875555,0.01721101442352371,0.5309942857142858,0.5823134693877552,0.48585795918367347,0.5064669387755102,0.4495183673469388,0.48111342351716957
-0.067,0.5065969631973497,0.017323381129626152,0.5329534693877551,0.5821583673469387,0.48805877551020405,0.5070334693877551,0.4482122448979592,0.4811654526534859
-0.0668,0.5068956512136592,0.01728158033027372,0.5336816326530612,0.5819085714285714,0.48854204081632646,0.5072653061224489,0.44829061224489797,0.4816857440166493
-0.0666,0.5071243101361252,0.01725649441153731,0.536050612244898,0.5810171428571429,0.48879346938775503,0.5070204081632653,0.44869877551020404,0.4811654526534859
-0.0664,0.506853084726086,0.01732255013772426,0.5367804081632653,0.5808522448979592,0.4897795918367347,0.5051428571428571,0.44828244897959185,0.4802809573361083
-0.0662,0.5071632120735912,0.0176083724859289,0.5382465306122449,0.58248,0.49019918367346926,0.5041665306122448,0.44828244897959185,0.47960457856399585
-0.066,0.507558396794722,0.017719031787811326,0.538734693877551,0.5835379591836735,0.4927330612244898,0.5033420408163266,0.44869877551020404,0.47830385015608734
-0.0658,0.5081501819957951,0.017653099703443937,0.540435918367347,0.5833665306122449,0.4936375510204082,0.5030089795918367,0.44968,0.47877211238293443
-0.0656,0.5083087699179568,0.017661430692180444,0.5410857142857143,0.5834563265306122,0.4950220408163265,0.5013763265306123,0.4496718367346938,0.47924037460978147
-0.0654,0.5088533675946966,0.01769230677976453,0.5417387755102041,0.583614693877551,0.49649959183673464,0.5026661224489797,0.4495167346938775,0.47908428720083246
-0.0652,0.5089393228425606,0.01776566908085265,0.5430367346938776,0.5837844897959183,0.49683102040816324,0.5006236734693879,0.44944326530612244,0.4799167533818938
-0.065,0.5084666697813361,0.01790140818933328,0.5432718367346939,0.5840408163265306,0.49691755102040813,0.49777632653061216,0.44887673469387757,0.4799167533818938
-0.0648,0.508729942874132,0.017953944624295795,0.5450742857142858,0.5842873469387755,0.4966759183673469,0.49654204081632647,0.4500914285714286,0.4797086368366285
-0.0646,0.5094634656359942,0.01781775276607052,0.5457240816326531,0.5843738775510204,0.4982351020408163,0.49620897959183663,0.451229387755102,0.4810093652445369
-0.0644,0.5096759059086693,0.017902173733633956,0.547098775510204,0.5847020408163265,0.4996995918367347,0.49401142857142855,0.452210612244898,0.4803329864724245
-0.0642,0.5095627649769585,0.017748158745078596,0.5459526530612245,0.5843755102040816,0.5015787755102041,0.4918857142857143,0.4529387755102041,0.4806451612903226
-0.064,0.5099076959233225,0.017667080914655495,0.5449681632653061,0.5856800000000001,0.5025551020408163,0.48943836734693874,0.45522285714285715,0.48158168574401666
-0.0638,0.5098764957137901,0.017797383721709262,0.5457942857142857,0.5856783673469388,0.5037877551020408,0.4874073469387755,0.454749387755102,0.48184183142559833
-0.0636,0.510049345990217,0.017722131038064207,0.5465338775510203,0.5850351020408164,0.504938775510204,0.4854514285714286,0.45540244897959176,0.4829344432882413
-0.0634,0.5102434519031338,0.018060480830386264,0.5473485714285714,0.5868212244897959,0.5061665306122449,0.4821077551020408,0.45582204081632655,0.4831945889698231
-0.0632,0.5101745412587512,0.018110676062311943,0.5473518367346939,0.5869861224489796,0.5066563265306122,0.47966530612244895,0.4563085714285714,0.48407908428720087
-0.063,0.5102412127389978,0.018141654785103233,0.5475951020408163,0.5868342857142858,0.5082138775510204,0.47681469387755104,0.45712979591836733,0.4848595213319459
-0.0628,0.5102873681751576,0.01814528238684522,0.5481697959183673,0.5864130612244898,0.5087885714285714,0.4748571428571429,0.4576995918367347,0.48579604578563995
-0.0626,0.510015300105474,0.017810770052550336,0.5465387755102041,0.5848669387755101,0.5098481632653062,0.4726497959183673,0.45966367346938775,0.4865244536940687
-0.0624,0.5100416431296764,0.018075769528799707,0.5466204081632653,0.5863297959183673,0.510181224489796,0.4687412244897959,0.4613844897959184,0.48699271592091575
-0.0622,0.5103895624597393,0.01803888093031449,0.5463640816326529,0.5868914285714286,0.5108424489795917,0.4671869387755102,0.4639036734693877,0.48714880332986465
-0.062,0.5103334409310031,0.01815412644956417,0.5453061224489796,0.587534693877551,0.5119085714285715,0.46425469387755103,0.4649632653061224,0.4880332986472425
-0.0618,0.5101716177168057,0.018137392019332562,0.5457142857142856,0.5863934693877552,0.5120734693877551,0.4609175510204081,0.4664408163265306,0.48949011446409996
-0.0616,0.5100629791812666,0.018355245861020174,0.5454791836734694,0.5871151020408163,0.5119934693877551,0.45717551020408154,0.46823999999999993,0.4903746097814777
-0.0614,0.5095857973907566,0.018337831124779595,0.5448277551020408,0.5864571428571429,0.5106171428571429,0.4545665306122449,0.4696310204081633,0.4914151925078044
-0.0612,0.5097800927322022,0.01818707159815574,0.5433697959183673,0.5862873469387755,0.5109485714285714,0.45304,0.47205877551020403,0.4929760665972944
-0.061,0.5091885533068586,0.018196141304908427,0.5426318367346938,0.5849126530612245,0.5106253061224489,0.449709387755102,0.47313142857142854,0.494120707596254
-0.0608,0.508905872992277,0.018413149135204972,0.5434563265306122,0.5838465306122449,0.5107118367346939,0.44500408163265304,0.4755673469387755,0.4948491155046826
-0.0606,0.5083653161743366,0.018246823467636755,0.5429648979591837,0.5822955102040817,0.5089355102040816,0.44338285714285713,0.47833632653061225,0.4942767950052029
-0.0604,0.5078710119136104,0.018203972061007097,0.5400342857142857,0.5821306122448979,0.508785306122449,0.4415232653061224,0.47907102040816324,0.49568158168574394
-0.0602,0.5080618058003639,0.018025213358068188,0.5394661224489795,0.581404081632653,0.5079738775510204,0.44097959183673474,0.4813567346938775,0.49719042663891777
-0.06,0.5077052041878145,0.018199784675213763,0.5384228571428571,0.5809175510204081,0.5083102040816327,0.4376587755102041,0.48274285714285714,0.4981789802289282
-0.0598,0.5074070496294251,0.01818222611444636,0.5360848979591836,0.5802710204081633,0.5089763265306122,0.43539428571428573,0.48486040816326537,0.4988553590010406
-0.0596,0.5070014324647653,0.0182331490387429,0.5330024489795918,0.5811673469387756,0.5075118367346938,0.4341110204081632,0.48632,0.4998959417273673
-0.0594,0.5070937900571258,0.01822637407332924,0.5330008163265306,0.5807640816326531,0.5069502040816326,0.4332228571428571,0.48810448979591836,0.5005202913631633
-0.0592,0.507199809438864,0.0182054380434931,0.5328457142857144,0.5807608163265306,0.5061355102040815,0.4330726530612245,0.4889273469387755,0.5014568158168575
-0.059,0.5070761126094558,0.018184516111247544,0.5323755102040816,0.580195918367347,0.5049926530612245,0.4321061224489796,0.490705306122449,0.5020811654526535
-0.0588,0.5069282700135204,0.018364385067406497,0.5309273469387755,0.5807706122448979,0.5053273469387755,0.4304179591836735,0.4915248979591837,0.5026014568158168
-0.0586,0.5071505673653437,0.01850736396718495,0.5298677551020408,0.581665306122449,0.5062236734693878,0.429469387755102,0.49265959183673474,0.5030176899063475
-0.0584,0.5072077821430341,0.018405307087685428,0.5276130612244898,0.5824767346938776,0.5064734693877551,0.43037224489795917,0.49339755102040816,0.5029136316337148
-0.0582,0.5078310648629899,0.018195067139699293,0.52608,0.5824,0.5064718367346938,0.43111673469387757,0.49665142857142863,0.5042663891779396
-0.058,0.5080837257108879,0.017981452246595964,0.5233142857142856,0.5826448979591836,0.50648,0.43217795918367347,0.49982693877551015,0.5040582726326743
-0.0578,0.5083817460553419,0.017788577770620387,0.5226122448979591,0.58224,0.5055102040816326,0.43307755102040807,0.5016995918367347,0.5051508844953174
-0.0576,0.509242199806041,0.01794085435328622,0.5217273469387755,0.5844293877551021,0.5047738775510205,0.43356244897959184,0.5043004081632654,0.5066597294484911
-0.0574,0.5095579947192196,0.017651279432475665,0.5197910204081633,0.5845926530612245,0.5046857142857142,0.4358465306122449,0.5052,0.5072320499479709
-0.0572,0.5098177507839764,0.01719837646641587,0.5188228571428573,0.5830448979591837,0.5042024489795918,0.43797061224489797,0.5074775510204081,0.5073881373569199
-0.057,0.5099528450381192,0.017066765845729148,0.517534693877551,0.5832130612244898,0.5038775510204081,0.4391265306122449,0.5083689795918367,0.5075962539021852
-0.0568,0.5100106399937707,0.016698373834407063,0.5157551020408164,0.5821632653061225,0.5029093877551021,0.44115102040816334,0.5106448979591838,0.5074401664932362
-0.0566,0.5108181715474952,0.016130086952019233,0.5146187755102041,0.581273469387755,0.502909387755102,0.44514775510204074,0.5129991836734694,0.5079604578563996
-0.0564,0.5115799684285786,0.015904511483796784,0.5132440816326531,0.5825044897959184,0.5029828571428572,0.4484865306122449,0.514145306122449,0.5081165452653484
-0.0562,0.5124980840536006,0.015616495118376567,0.5108881632653061,0.582589387755102,0.5033077551020407,0.45142530612244897,0.5182971428571429,0.508480749219563
-0.056,0.5131762919860973,0.01523062854630675,0.5089436734693876,0.582109387755102,0.5033991836734695,0.45476408163265314,0.5207363265306122,0.509105098855359
-0.0558,0.5137880441999901,0.01482406611532365,0.507810612244898,0.5807983673469388,0.5041208163265306,0.4575363265306123,0.523825306122449,0.508636836628512
-0.0556,0.5138367157227095,0.014555065738359216,0.5057861224489797,0.5803869387755102,0.5029795918367347,0.46029714285714285,0.5248816326530612,0.5086888657648283
-0.0554,0.5146545874124885,0.014303800246476627,0.5051412244897959,0.5803036734693878,0.5029730612244898,0.46322612244897965,0.5270742857142857,0.5092091571279916
-0.0552,0.5148756632476091,0.01397158634323312,0.5028751020408164,0.5796571428571429,0.5030514285714285,0.46665142857142855,0.5283820408163266,0.508636836628512
-0.055,0.5156118255501992,0.013589573319555901,0.5014171428571428,0.5791738775510205,0.5032032653061224,0.47105795918367344,0.5303379591836734,0.508480749219563
-0.0548,0.5162468352835411,0.013444145765193576,0.4988293877551021,0.5793436734693878,0.5035951020408163,0.47471836734693873,0.5327738775510205,0.5082206035379814
-0.0546,0.5174672842206601,0.013208040218609322,0.4967216326530613,0.5798367346938775,0.5042432653061224,0.48000489795918366,0.5350481632653061,0.50894901144641
-0.0544,0.5183195446919663,0.012659868030841803,0.49648000000000003,0.5778073469387756,0.5062710204081633,0.4840685714285714,0.5367575510204082,0.5085327783558793
-0.0542,0.5188424251948437,0.012322862335831394,0.4956734693877551,0.5769240816326531,0.5052048979591837,0.4892032653061224,0.5381404081632654,0.5079084287200832
-0.054,0.519314020967388,0.012222728233595104,0.4946938775510204,0.576675918367347,0.5046351020408164,0.49295510204081633,0.539848163265306,0.5070759625390219
-0.0538,0.5200365059072536,0.012048360311545084,0.4938791836734694,0.5758661224489796,0.5059412244897958,0.49580408163265305,0.5417044897959185,0.5070239334027055
-0.0536,0.5210030724797724,0.0116394527805585,0.49462204081632655,0.5752146938775511,0.507069387755102,0.5004391836734694,0.541701224489796,0.5069719042663892
-0.0534,0.5215304301783148,0.011581224303529633,0.49501551020408163,0.5744848979591837,0.5059265306122448,0.5037730612244898,0.5442073469387756,0.5057752341311134
-0.0532,0.5225375205815938,0.011620112206854962,0.4940522448979592,0.575309387755102,0.5066644897959183,0.5084914285714286,0.5453485714285715,0.5053590010405827
-0.053,0.5237043233026821,0.011577991546761377,0.4939689795918367,0.5757191836734694,0.5086057142857143,0.5118334693877551,0.5467395918367347,0.5053590010405827
-0.0528,0.5238240871541124,0.0113345801262605,0.49281632653061236,0.573185306122449,0.508610612244898,0.5151657142857142,0.5478595918367347,0.5053069719042663
-0.0526,0.5245321095514168,0.011345608194404125,0.4927428571428571,0.5724408163265307,0.5081175510204081,0.5196408163265306,0.5497240816326531,0.5045265348595214
-0.0524,0.5248497480657196,0.011301323892164511,0.4916816326530612,0.5721110204081633,0.5100767346938776,0.5218302040816327,0.5493926530612245,0.5040062434963579
-0.0522,0.5253833331209695,0.01124335707337549,0.4915951020408163,0.5708930612244898,0.5099885714285716,0.5257322448979591,0.5504489795918367,0.5036420395421436
-0.052,0.5258603914573113,0.011453752865995684,0.49159510204081636,0.5721110204081633,0.5092506122448979,0.5284244897959185,0.5506073469387756,0.5031737773152966
-0.0518,0.5264085217354371,0.011596581480023,0.4909518367346939,0.5714595918367347,0.5102236734693878,0.530945306122449,0.552633469387755,0.5022372528616026
-0.0516,0.5269347802388386,0.011669296557898782,0.490705306122449,0.5707248979591837,0.509810612244898,0.5345273469387755,0.5536032653061225,0.5022372528616026
-0.0514,0.5271808541272909,0.011766873447776978,0.49078530612244897,0.5702955102040816,0.5092408163265306,0.5366383673469387,0.5544081632653061,0.5017169614984391
-0.0512,0.527655612138716,0.011775369497240612,0.4898008163265306,0.5695591836734695,0.5106987755102042,0.5400489795918368,0.5540048979591836,0.5018210197710717
-0.051,0.5273637579901888,0.012127885054319462,0.48769142857142855,0.5697240816326531,0.5102008163265307,0.5428963265306123,0.5532016326530612,0.500468262226847
-0.0508,0.5278507920462671,0.012333490389794474,0.4872897959183674,0.5693926530612246,0.5106840816326531,0.5455722448979592,0.5544261224489796,0.4997398543184183
-0.0506,0.5282838658710103,0.012406274224485822,0.48744816326530616,0.5693077551020408,0.5101926530612245,0.5474465306122449,0.5549959183673469,0.500312174817898
-0.0504,0.5282786598427093,0.01232672752423922,0.4872865306122449,0.5667004081632653,0.510035918367347,0.5499640816326531,0.5553208163265306,0.5003642039542143
-0.0502,0.5286163984511598,0.012612538914182715,0.4863885714285715,0.5670187755102042,0.5101959183673469,0.5523902040816326,0.5558089795918366,0.4998959417273673
-0.05,0.5285750534802892,0.012717064145684624,0.4865583673469388,0.567905306122449,0.5094595918367347,0.5528881632653061,0.5551591836734694,0.4994797086368366
-0.0498,0.5283712847303332,0.012728655101895546,0.48517714285714286,0.567418775510204,0.509694693877551,0.5543363265306123,0.5533926530612245,0.5002081165452653
-0.0496,0.5279788882046055,0.012519016673631644,0.48542204081632645,0.5657028571428571,0.509206530612245,0.5555591836734693,0.5513583673469389,0.500624349635796
-0.0494,0.52798846836133,0.012579119147981455,0.48388081632653057,0.5652930612244897,0.5106726530612244,0.5566106122448979,0.5505371428571428,0.5009365244536941
-0.0492,0.5279257190992942,0.012626143742948548,0.4835559183673469,0.5654563265306123,0.5107526530612245,0.5567869387755102,0.5502220408163265,0.5007804370447451
-0.049,0.5275355102040816,0.012712925133666493,0.48193142857142857,0.5648881632653062,0.5121240816326531,0.5574334693877552,0.5488359183673469,0.5
-0.0488,0.5277009775814593,0.012470386264090626,0.48275102040816326,0.564633469387755,0.5126187755102041,0.5574432653061224,0.547614693877551,0.5011446409989594
-0.0486,0.5278459912081377,0.012320615561521548,0.48381714285714283,0.5641436734693878,0.5138383673469387,0.5589175510204081,0.5455787755102041,0.5007804370447451
-0.0484,0.5275853672832296,0.0120787249473061,0.48454367346938776,0.5628408163265306,0.5138334693877551,0.5590922448979592,0.5441093877551021,0.501092611862643
-0.0482,0.5268096413175051,0.012071881262200183,0.48234612244897956,0.561048163265306,0.5148979591836734,0.5600571428571428,0.5411036734693877,0.5014047866805411
-0.048,0.5267995888636412,0.012187045081230167,0.4817861224489796,0.5601485714285716,0.5155526530612244,0.5618579591836734,0.5404636734693877,0.5009885535900104
-0.0478,0.5268966082666157,0.01223697224608571,0.4816326530612244,0.5606497959183674,0.5152163265306122,0.5622710204081633,0.5400489795918367,0.5015608740894901
-0.0476,0.5270491894072925,0.012348828751285713,0.48130285714285714,0.5621175510204081,0.5162775510204081,0.5629191836734694,0.5380130612244898,0.5016649323621227
-0.0474,0.5265945111030885,0.012198616814633873,0.48171591836734695,0.5608310204081632,0.5166791836734694,0.5632669387755103,0.5358253061224489,0.5012486992715921
-0.0472,0.5261747861850256,0.012574009132029917,0.4794448979591836,0.561658775510204,0.5169975510204081,0.5638285714285715,0.5348587755102041,0.5002601456815816
-0.047,0.5262814684250391,0.012434762006937472,0.4811477551020408,0.561585306122449,0.5190187755102041,0.5651330612244898,0.53096,0.499843912591051
-0.0468,0.5256602439352432,0.012321716723328107,0.4811477551020408,0.5601289795918367,0.5190106122448979,0.5653812244897959,0.5284489795918368,0.499843912591051
-0.0466,0.5244720117224829,0.012061239359908585,0.48188081632653057,0.559084081632653,0.5196571428571428,0.56384,0.5234106122448979,0.49895941727367327
-0.0464,0.5241251400539405,0.012038983536194228,0.4831069387755102,0.5592489795918367,0.5196571428571428,0.5640114285714286,0.5206514285714285,0.49807492195629555
-0.0462,0.5241567094933708,0.011780480737402482,0.4848081632653061,0.5591575510204082,0.5193289795918367,0.5633600000000001,0.5194302040816327,0.4988553590010406
-0.046,0.5242178980228928,0.011766965021910209,0.4859428571428571,0.5604604081632653,0.5185844897959184,0.5629551020408163,0.518457142857143,0.4989073881373569
-0.0458,0.5234333266792669,0.011777519920435154,0.4864326530612245,0.5596424489795918,0.5180897959183672,0.56288,0.5161044897959183,0.49745057232049944
-0.0456,0.5229650885203198,0.011707566815288251,0.48732571428571425,0.5599771428571428,0.5168620408163266,0.5623983673469388,0.512684081632653,0.4985431841831426
-0.0454,0.5222004830569064,0.011581411933589013,0.4878971428571428,0.5591102040816327,0.516109387755102,0.5615836734693878,0.5095951020408164,0.498907388137357
-0.0452,0.521900470456653,0.011366665921113501,0.49105795918367345,0.558385306122449,0.5158530612244897,0.5611771428571428,0.5065942857142856,0.4983350676378772
-0.045,0.5214292810068876,0.011292765461586625,0.4923575510204081,0.5582138775510204,0.5168097959183673,0.5599575510204081,0.5038383673469388,0.4973985431841831
-0.0448,0.5204487445758741,0.011156904026339247,0.49268081632653066,0.5583020408163264,0.5156669387755102,0.5572848979591838,0.5015673469387755,0.49719042663891777
-0.0446,0.5197774316719403,0.0110568052328251,0.4960897959183674,0.5574955102040816,0.5145257142857143,0.5565502040816327,0.49717714285714293,0.49682622268470344
-0.0444,0.5190987514423042,0.0111480615462682,0.49884408163265304,0.5561959183673469,0.5132995918367346,0.55712,0.4930351020408163,0.4960978147762747
-0.0442,0.5182820760687209,0.011099829634524562,0.4999820408163266,0.5549714285714284,0.5112734693877551,0.5565551020408164,0.49148897959183674,0.4954214360041623
-0.044,0.5171603618679521,0.01106378943312431,0.5008783673469387,0.5537616326530613,0.5096408163265306,0.5551706122448979,0.48954612244897966,0.49396462018730486
-0.0438,0.5163159721661817,0.010818768220255518,0.501926530612245,0.5521404081632653,0.509155918367347,0.5530579591836735,0.48759836734693873,0.4940166493236212
-0.0436,0.5161484765727311,0.01087759532770847,0.5042742857142858,0.5526269387755102,0.5075134693877551,0.552494693877551,0.4865371428571429,0.49344432882414146
-0.0434,0.5152311209270389,0.010893218025727274,0.5064604081632653,0.5525420408163264,0.5054742857142858,0.5502089795918368,0.48393306122448976,0.4927679500520291
-0.0432,0.5148376359659369,0.010731400252876586,0.5088048979591836,0.5501877551020409,0.5041648979591836,0.5500506122448978,0.4826334693877551,0.4931841831425599
-0.043,0.5150190714037955,0.010944142798848078,0.5115526530612244,0.5514155102040815,0.5037583673469388,0.5497208163265305,0.4815755102040816,0.4920915712799168
-0.0428,0.5139017001847566,0.011000483915784771,0.5142302040816327,0.5500375510204082,0.49968,0.548174693877551,0.4794563265306123,0.49183142559833504
-0.0426,0.513702156908549,0.011111102047549492,0.5172342857142856,0.5506106122448979,0.4961714285714286,0.5468734693877552,0.4789714285714286,0.4923517169614984
-0.0424,0.5134230607289741,0.011108588651601053,0.5210530612244898,0.5506089795918367,0.4948653061224489,0.5441044897959184,0.4780751020408164,0.49183142559833504
-0.0422,0.5130936496138517,0.011220970869912045,0.5211330612244898,0.5507804081632652,0.4941273469387754,0.5435248979591837,0.47654040816326526,0.4924557752341312
-0.042,0.5128992967925984,0.011434109051437937,0.5231624489795919,0.5524114285714286,0.49289306122448984,0.5409991836734693,0.474589387755102,0.4933402705515089
-0.0418,0.5122019537471597,0.01154235652381929,0.5256016326530611,0.5519297959183673,0.48906285714285713,0.5389583673469389,0.47442285714285715,0.49323621227887615
-0.0416,0.512328012062265,0.011716887968753031,0.528917551020408,0.5525910204081632,0.4873322448979591,0.5374024489795918,0.47459265306122445,0.49313215400624355
-0.0414,0.5117788341226189,0.011782181830065108,0.5304604081632653,0.5522726530612244,0.4848865306122449,0.5347885714285715,0.47346775510204075,0.4947970863683663
-0.0412,0.5114652412806954,0.011920515042658826,0.5327297959183673,0.5526824489795918,0.4826024489795918,0.5320195918367346,0.47338775510204084,0.4953694068678461
-0.041,0.5111147699037991,0.01220773832750154,0.5349991836734693,0.5534971428571429,0.48111836734693886,0.529164081632653,0.47176,0.49614984391259104
-0.0408,0.511464542462146,0.01233900417653097,0.5371183673469387,0.5537436734693877,0.47965551020408165,0.5288375510204082,0.4726579591836734,0.4967741935483871
-0.0406,0.511413786376153,0.012582266169378723,0.5403559183673469,0.5535885714285713,0.4781012244897959,0.5270383673469388,0.4724163265306123,0.49698231009365246
-0.0404,0.511266980681971,0.012822920352880272,0.5422318367346939,0.5538399999999999,0.4757387755102041,0.5254024489795919,0.47241795918367346,0.49797086368366295
-0.0402,0.5111829553965187,0.013017781628403648,0.5456473469387755,0.552290612244898,0.4732261224489796,0.5244228571428572,0.4732277551020408,0.49828303850156086
-0.04,0.5109467541605611,0.013390641611370675,0.5468457142857142,0.5539281632653061,0.47022204081632657,0.521818775510204,0.4733861224489796,0.4994797086368366
-0.0398,0.5100631088647739,0.013641538626224952,0.5479836734693878,0.553511836734694,0.46769795918367335,0.5188146938775511,0.47273469387755107,0.4996357960457857
-0.0396,0.5099236704962943,0.013933787300702345,0.5491167346938776,0.5537502040816327,0.4643036734693878,0.5176734693877552,0.473709387755102,0.5009885535900105
-0.0394,0.5107425994747535,0.014310587224433428,0.552124081632653,0.5552930612244897,0.4633175510204082,0.5169322448979592,0.47444734693877555,0.5023413111342352
-0.0392,0.5103844682763845,0.014679549960263369,0.553985306122449,0.554728163265306,0.4606351020408163,0.5164391836734694,0.4741257142857143,0.5023933402705515
-0.039,0.5107012233571889,0.014920925092267067,0.5566579591836736,0.5545583673469388,0.460065306122449,0.5158742857142856,0.4742938775510204,0.5027575442247659
-0.0388,0.5105295430638436,0.015199673444488943,0.5582808163265305,0.554071836734694,0.4580342857142857,0.5152995918367347,0.47436897959183677,0.5031217481789801
-0.0386,0.5098789308189456,0.015385743937363444,0.5583608163265306,0.5533485714285714,0.45478040816326526,0.5141632653061224,0.47549877551020414,0.5031217481789803
-0.0384,0.5096855896989388,0.01602628280945234,0.5607167346938775,0.5545681632653061,0.45153959183673464,0.5128604081632653,0.4750987755102041,0.5033298647242456
-0.0382,0.5093962037843233,0.016031627815819426,0.5609518367346938,0.5536016326530613,0.4498204081632653,0.5102481632653061,0.47665632653061224,0.505098855359001
-0.038,0.509201466159825,0.01654453648935942,0.5636359183673469,0.5545077551020408,0.4479591836734693,0.5072408163265306,0.4765061224489796,0.5053590010405827
-0.0378,0.508975780047711,0.01668273407855386,0.564021224489796,0.5542008163265306,0.4460946938775511,0.5061959183673469,0.4778269387755102,0.5055150884495317
-0.0376,0.5087615992411533,0.017095163475963047,0.5650791836734693,0.5547722448979592,0.4430089795918367,0.5043183673469388,0.47904326530612246,0.5063475546305931
-0.0374,0.5088053008841414,0.017283196754300945,0.5659755102040817,0.5556848979591836,0.4427673469387755,0.5028555102040817,0.47904489795918376,0.5065036420395421
-0.0372,0.5084273009266141,0.017522719842325344,0.5671069387755102,0.5545518367346938,0.4403281632653061,0.5027706122448979,0.4800310204081633,0.5057752341311134
-0.037,0.5076904505652416,0.017871363640301306,0.5684016326530612,0.5530906122448979,0.43732897959183675,0.5009093877551021,0.48027265306122446,0.5061394380853278
-0.0368,0.5074626391160001,0.018052795043591436,0.5699379591836735,0.5524391836734693,0.43626938775510204,0.49839510204081633,0.48190693877551016,0.5058272632674298
-0.0366,0.5073059967295971,0.01812548895568672,0.5707412244897958,0.5513942857142857,0.4354661224489796,0.4972506122448979,0.48289632653061226,0.5060874089490114
-0.0364,0.5068155283257944,0.018209408937747553,0.571555918367347,0.5501681632653062,0.43482448979591837,0.49490285714285714,0.4835624489795919,0.5058792924037461
-0.0362,0.5065123835007468,0.018355803946277196,0.5723722448979591,0.5492881632653062,0.4336914285714285,0.49230857142857154,0.48511836734693875,0.5062955254942768
-0.036,0.5057599413875852,0.018640458674925323,0.5725338775510205,0.5487167346938776,0.4308457142857143,0.49028081632653064,0.48697959183673467,0.5052029136316337
-0.0358,0.5055083174414406,0.01893746073138634,0.573425306122449,0.5486416326530612,0.42922612244897956,0.4872685714285714,0.4886089795918367,0.5058792924037461
-0.0356,0.5048124068607671,0.018863241945147078,0.5732685714285715,0.5465975510204082,0.4289795918367346,0.4857469387755102,0.488610612244898,0.5056711758584808
-0.0354,0.5038756595666363,0.01899292764776529,0.5725485714285714,0.5456179591836735,0.42701877551020406,0.48378448979591837,0.489185306122449,0.505098855359001
-0.0352,0.5032683282012077,0.018844891778163984,0.5712473469387754,0.5448032653061226,0.4270302040816327,0.48257469387755103,0.4892718367346939,0.5046826222684704
-0.035,0.5029425216080189,0.01907457698689662,0.571395918367347,0.5448163265306123,0.4255575510204082,0.4795722448979592,0.4918906122448979,0.5044224765868887
-0.0348,0.5021744098763334,0.018865905697368627,0.5698367346938775,0.5440832653061225,0.42621224489795917,0.47819265306122444,0.49076734693877555,0.5039542143600416
-0.0346,0.5018260542094048,0.018748947124193182,0.5688604081632652,0.5430236734693877,0.42581224489795916,0.4776179591836735,0.492,0.5036420395421436
-0.0344,0.502076610107102,0.018831607764106282,0.5701681632653062,0.5435183673469387,0.4267151020408163,0.47713959183673466,0.49158857142857143,0.5033298647242456
-0.0342,0.5017920813778165,0.018911027946218427,0.5698416326530612,0.5427134693877551,0.4254987755102041,0.4764032653061225,0.49192489795918376,0.5043704474505724
-0.034,0.5019539297925205,0.018869868240647382,0.5703461224489796,0.5425665306122449,0.42631836734693873,0.47592979591836737,0.49250448979591843,0.5040582726326742
-0.0338,0.5012132495204117,0.018735264450247723,0.5682432653061225,0.541513469387755,0.42518857142857147,0.47552816326530606,0.4927477551020408,0.5040582726326743
-0.0336,0.5015337062442041,0.018789617058671305,0.5683281632653061,0.5425681632653061,0.42535183673469384,0.475534693877551,0.49284081632653054,0.5045785639958377
-0.0334,0.5009431377462535,0.018604094834938096,0.5664,0.5414351020408164,0.42429387755102044,0.47700571428571426,0.49220571428571425,0.504318418314256
-0.0332,0.5003249735607042,0.018610416590915585,0.566008163265306,0.5403804081632653,0.42339918367346935,0.47684571428571426,0.49188244897959177,0.5034339229968782
-0.033,0.49969660232042873,0.018474533937320122,0.5640604081632652,0.5407951020408164,0.4234138775510205,0.4770089795918368,0.4893632653061224,0.503537981269511
-0.0328,0.4990404448314186,0.018496227965031562,0.562610612244898,0.538844081632653,0.4206432653061225,0.47871510204081635,0.4889551020408163,0.504474505723205
-0.0326,0.4985989296863386,0.018451467463690224,0.5608228571428572,0.5381991836734693,0.4193469387755102,0.47937306122448975,0.4879722448979592,0.5058792924037461
-0.0324,0.49749806479928077,0.018371068416135925,0.5587885714285715,0.5372995918367347,0.4183036734693878,0.4785665306122449,0.4866710204081633,0.5053590010405827
-0.0322,0.49753313569340324,0.018234443644096862,0.5580636734693878,0.5352685714285714,0.41732734693877555,0.4812555102040815,0.48709224489795916,0.5061914672216441
-0.032,0.4971976303029016,0.017967927766302138,0.5550628571428572,0.5351885714285715,0.4172669387755102,0.48151183673469394,0.48718367346938773,0.5069719042663892
-0.0318,0.4962671103654781,0.017843250967697205,0.5537681632653062,0.5328310204081632,0.4165273469387755,0.4804604081632652,0.4867836734693878,0.5072320499479709
-0.0316,0.49662096455647814,0.01775766861773984,0.55296,0.5337322448979591,0.4169387755102041,0.4816048979591837,0.48663346938775504,0.5078563995837669
-0.0314,0.4962303649118336,0.017242800025401822,0.5501991836734693,0.5317795918367347,0.4181534693877551,0.4832457142857143,0.48557551020408163,0.5084287200832466
-0.0312,0.4957457234881466,0.0170266026358681,0.547526530612245,0.5301502040816326,0.41709224489795915,0.4860963265306122,0.48476408163265317,0.5088449531737773
-0.031,0.495269358024167,0.017126917338764577,0.5467265306122449,0.5298187755102041,0.4161159183673469,0.4866628571428572,0.4824065306122449,0.509885535900104
-0.0308,0.4946291218755972,0.01686669167757115,0.5449502040816326,0.5275559183673468,0.4161110204081632,0.4885436734693879,0.48078040816326534,0.5098335067637876
-0.0306,0.49434317144131334,0.016526548923180236,0.5436702040816327,0.5268375510204082,0.4179869387755102,0.4892032653061225,0.47857959183673476,0.5097814776274714
-0.0304,0.49453078751583873,0.016352619258572742,0.5412342857142858,0.526589387755102,0.4177273469387755,0.49212734693877547,0.4787363265306122,0.5107700312174817
-0.0302,0.49366666213623844,0.015922519722844045,0.5387330612244898,0.5253534693877551,0.4195983673469388,0.4908310204081633,0.4764538775510204,0.5110301768990635
-0.03,0.4936320575930684,0.01589666547191624,0.5381730612244897,0.5240473469387755,0.4193502040816327,0.4922236734693877,0.47571918367346944,0.5122788761706556
-0.0298,0.4934523471157453,0.01604237727213032,0.5367951020408164,0.5232326530612245,0.41764408163265304,0.4945110204081633,0.47489959183673464,0.5136316337148803
-0.0296,0.4929559690515124,0.015822432871616957,0.5347608163265306,0.5217583673469388,0.4186922448979592,0.4968669387755102,0.4715575510204082,0.5140998959417274
-0.0294,0.49261001564413487,0.015489681600351279,0.5308604081632653,0.5201191836734693,0.4190155102040817,0.49931591836734696,0.4713126530612245,0.5150364203954215
-0.0292,0.4922221886215465,0.01520593205644146,0.5295673469387754,0.5185746938775511,0.4207232653061224,0.5002073469387756,0.46912000000000004,0.515140478668054
-0.029,0.49156963084088995,0.015013110293682224,0.527141224489796,0.5169355102040816,0.4202285714285714,0.5014236734693878,0.46927673469387754,0.5144120707596254
-0.0288,0.49142974650838483,0.01447667683119351,0.5254497959183674,0.5153763265306123,0.4231559183673469,0.5020848979591837,0.4684636734693878,0.514047866805411
-0.0286,0.49151217991462975,0.014150280850622775,0.5238269387755101,0.5156881632653061,0.42503346938775516,0.5016032653061224,0.4684571428571428,0.5144640998959418
-0.0284,0.4905146960011893,0.014188173128921807,0.5221338775510205,0.5150269387755102,0.42341387755102045,0.5008783673469387,0.4680555102040816,0.513579604578564
-0.0282,0.4908218301514154,0.013696418615283328,0.5210889795918368,0.5142889795918367,0.4265812244897959,0.5024277551020407,0.46764081632653054,0.5129032258064516
-0.028,0.49092706435331673,0.013471786176709688,0.5188848979591836,0.5142808163265306,0.4274661224489796,0.5038840816326531,0.4680391836734694,0.5130072840790842
-0.0278,0.4920762771206297,0.01319876018208031,0.5189779591836735,0.514035918367347,0.4298138775510204,0.5060865306122448,0.4694955102040817,0.5140478668054109
-0.0276,0.4921837037666263,0.012798373025445828,0.5167885714285714,0.5154106122448979,0.4322530612244898,0.5054987755102041,0.4694155102040817,0.513735691987513
-0.0274,0.4922520953938287,0.012684904653322301,0.5155722448979592,0.515804081632653,0.43282122448979593,0.5056473469387754,0.4696718367346938,0.5139958376690947
-0.0272,0.49280003511081855,0.012357979513795168,0.5137224489795917,0.5166922448979592,0.4346057142857143,0.5059004081632653,0.47136326530612244,0.5145161290322581
-0.027,0.4933297639222182,0.012077418773446461,0.5125191836734693,0.5167640816326531,0.43631183673469387,0.5063151020408163,0.47266775510204073,0.5154006243496358
-0.0268,0.49344510211160425,0.01178965322241441,0.5116261224489796,0.5182204081632653,0.4387526530612245,0.5046057142857142,0.4720130612244898,0.5154526534859522
-0.0266,0.4937724538639596,0.011556432710690321,0.5109828571428572,0.5185338775510203,0.4401387755102041,0.5035248979591836,0.4732212244897959,0.5162330905306971
-0.0264,0.49392450636029644,0.011158777752681932,0.5099379591836735,0.518450612244898,0.44249959183673465,0.5031102040816327,0.4736277551020408,0.5159209157127991
-0.0262,0.49407710788790027,0.010825388738133131,0.5087151020408164,0.5181126530612246,0.44412081632653055,0.502210612244898,0.47491428571428573,0.5163891779396461
-0.026,0.49457112928001584,0.010380755256597854,0.5071820408163265,0.5194873469387755,0.4470465306122449,0.5011444897959183,0.47638530612244895,0.5161810613943809
-0.0258,0.4947315656168816,0.010176143790113515,0.5057404081632654,0.5202906122448979,0.44858285714285717,0.5006497959183673,0.47678857142857145,0.5163371488033299
-0.0256,0.49485515456546825,0.009783038292536655,0.5041306122448981,0.5210955102040817,0.45077877551020407,0.4988522448979592,0.4784048979591836,0.5158688865764829
-0.0254,0.4957832818705006,0.009410581490783323,0.5030008163265307,0.5215853061224489,0.4532081632653061,0.5003951020408164,0.48058938775510207,0.5159209157127992
-0.0252,0.4965115841633219,0.009168056791223312,0.5033208163265306,0.523454693877551,0.45507918367346933,0.49950693877551017,0.48277551020408166,0.5149323621227888
-0.025,0.49720214487459913,0.008976617144736675,0.5021991836734694,0.5244195918367348,0.4562138775510204,0.49879346938775504,0.4861861224489795,0.5154006243496358
-0.0248,0.498023178803259,0.008714512792665885,0.5011363265306122,0.5252212244897959,0.45872816326530613,0.4974089795918367,0.48878693877551027,0.5168574401664932
-0.0246,0.4988506258361825,0.008482137898613781,0.500749387755102,0.5264408163265306,0.461010612244898,0.4971706122448979,0.4908228571428571,0.5169094693028096
-0.0244,0.4995903615140125,0.00817407483402937,0.5007542857142858,0.5272620408163264,0.4636946938775511,0.49636571428571424,0.492764081632653,0.5167013527575443
-0.0242,0.5003205937692455,0.007730083775663793,0.5004261224489795,0.5268702040816327,0.46676571428571423,0.4959624489795919,0.4950416326530612,0.5168574401664932
-0.024,0.500766061146623,0.007495132788092656,0.49920979591836734,0.5267036734693877,0.46928000000000003,0.493774693877551,0.4976261224489796,0.5180020811654525
-0.0238,0.5009501097920958,0.007508037404208277,0.49669061224489797,0.5285028571428572,0.4701828571428571,0.4945828571428571,0.49867591836734687,0.5170655567117585
-0.0236,0.5016336831673356,0.00776860381734109,0.495309387755102,0.5313567346938776,0.47059428571428563,0.494661224489796,0.5008669387755103,0.5170135275754423
-0.0234,0.5021040058895566,0.0076792634088449175,0.4942628571428571,0.5332408163265306,0.4729648979591836,0.49441632653061224,0.5020783673469388,0.5156607700312176
-0.0232,0.5027536016196281,0.007653321176581475,0.49297306122448986,0.5347902040816326,0.47539265306122447,0.49418938775510196,0.5036195918367348,0.5155567117585849
-0.023,0.5031168873126773,0.007557159860001799,0.49255999999999994,0.5346514285714286,0.4767787755102041,0.4937044897959183,0.5050857142857142,0.5159209157127991
-0.0228,0.5037064548691484,0.007478071546889135,0.4928326530612245,0.5358155102040816,0.4792979591836735,0.4927314285714285,0.5059004081632652,0.5156607700312176
-0.0226,0.5049060389192097,0.007605721375113811,0.4925795918367347,0.5377044897959184,0.4808440816326531,0.4932048979591836,0.5092342857142856,0.5158688865764828
-0.0224,0.5053115326297012,0.007628610393672928,0.49135020408163266,0.5386775510204082,0.4832832653061224,0.4923069387755101,0.510850612244898,0.5154006243496358
-0.0222,0.5061011361464461,0.007860011583664152,0.4901191836734694,0.5417061224489796,0.48661714285714286,0.4915657142857143,0.5115102040816326,0.5150884495317377
-0.022,0.5066887941274325,0.007742723397870444,0.4903575510204082,0.5425191836734694,0.4900261224489796,0.49101061224489795,0.5121714285714286,0.514047866805411
-0.0218,0.5065206727685871,0.00763927808073511,0.4886416326530612,0.5422073469387756,0.4935314285714286,0.4900587755102041,0.5126661224489796,0.5120187304890739
-0.0216,0.5066880352807096,0.007615971175523488,0.4878204081632653,0.5418955102040816,0.49612897959183666,0.48909877551020414,0.5135820408163265,0.5116024973985432
-0.0214,0.5062031432677129,0.007603188008316108,0.4862742857142857,0.5413371428571427,0.4976816326530612,0.4886171428571428,0.5136832653061225,0.5096253902185224
-0.0212,0.5065874436351023,0.00789389250717434,0.4844816326530612,0.5435412244897959,0.4993991836734694,0.48984326530612243,0.5139346938775511,0.508324661810614
-0.021,0.5067073669009747,0.008015966589903434,0.4841567346938775,0.5442857142857143,0.5006938775510203,0.4893616326530612,0.5140979591836735,0.5076482830385015
-0.0208,0.5070629568122775,0.008144074914827298,0.48308408163265304,0.5448653061224491,0.5032163265306122,0.4893616326530612,0.5145142857142857,0.5073361082206035
-0.0206,0.5072166263883284,0.008199820731044534,0.48185469387755103,0.5443118367346939,0.5061306122448979,0.48872489795918367,0.5148375510204082,0.5074401664932362
-0.0204,0.5074341384753692,0.00830762685182778,0.48013877551020406,0.5441567346938776,0.508086530612245,0.4890726530612245,0.5146693877551021,0.508480749219563
-0.0202,0.5076249179213829,0.008483499605613532,0.4788375510204082,0.5444244897959183,0.5092195918367348,0.4894106122448979,0.5162089795918366,0.5076482830385015
-0.02,0.508034400957053,0.00890359919288975,0.4777730612244898,0.5467069387755102,0.5110808163265307,0.48910530612244896,0.5166204081632653,0.5069198751300729
-0.0198,0.5091759490893131,0.008991737261752805,0.47760326530612246,0.5478579591836734,0.5134204081632653,0.491541224489796,0.518181224489796,0.5064516129032258
-0.0196,0.5093668927633489,0.008926318454537176,0.4773551020408163,0.5469795918367346,0.5151248979591836,0.4922024489795918,0.518764081632653,0.5057752341311134
-0.0194,0.5096240259933317,0.009098181066910183,0.47823346938775513,0.5479640816326531,0.5163363265306122,0.49107102040816325,0.5199248979591836,0.5042143600416231
-0.0192,0.5097891397141582,0.00933853706691504,0.4763624489795918,0.5489518367346939,0.5182791836734694,0.4924489795918367,0.5187902040816327,0.5039021852237251
-0.019,0.5100809686621787,0.009230076796527275,0.47594938775510204,0.5479934693877551,0.520450612244898,0.49399020408163274,0.5179918367346938,0.5041103017689906
-0.0188,0.5103589104320188,0.009305327083772333,0.4763444897959183,0.5489812244897959,0.5223902040816326,0.49522938775510195,0.516450612244898,0.5027575442247658
-0.0186,0.5109200504010136,0.009282597832050788,0.4763395918367347,0.5489093877551021,0.5242465306122449,0.4974318367346938,0.5163036734693878,0.5022892819979188
-0.0184,0.5109926830753113,0.00934689908309542,0.4759167346938775,0.5493991836734693,0.5229371428571429,0.49799999999999994,0.5177779591836733,0.5019250780437046
-0.0182,0.5109604051901718,0.009372202755253608,0.4761632653061224,0.5485893877551021,0.5243134693877551,0.49693714285714286,0.518770612244898,0.5009885535900104
-0.018,0.5112033624271769,0.009399827199858357,0.4763232653061225,0.548189387755102,0.5264342857142857,0.4967706122448979,0.5184620408163265,0.5010405827263267
-0.0178,0.5108978668761989,0.009189605609168476,0.47599183673469386,0.5460163265306123,0.5273942857142857,0.49873142857142855,0.5175134693877551,0.4997398543184183
-0.0176,0.5101952566416785,0.009375056365115977,0.473789387755102,0.5444081632653062,0.5289322448979592,0.4984946938775511,0.5169518367346939,0.4985952133194589
-0.0174,0.510334699823738,0.009336300420565814,0.47419755102040817,0.5434465306122449,0.5307167346938775,0.4989812244897959,0.5166432653061224,0.4980228928199792
-0.0172,0.5105089525508434,0.009214616552591344,0.47444897959183674,0.5420718367346938,0.5316865306122448,0.5009355102040816,0.5168244897959183,0.4970863683662851
-0.017,0.5104310682608111,0.009355707719795096,0.47430040816326535,0.5412571428571429,0.5341273469387755,0.500785306122449,0.5161224489795918,0.495993756503642
-0.0168,0.5105871304692532,0.009221000338043446,0.47476081632653067,0.5396391836734693,0.5348555102040817,0.5014383673469387,0.5170432653061224,0.49578563995837677
-0.0166,0.5103744084605746,0.009325850412023145,0.4736995918367347,0.5377795918367346,0.5359102040816326,0.50152,0.518435918367347,0.49490114464099894
-0.0164,0.5100237836154234,0.009318673013652828,0.4727167346938776,0.5362595918367348,0.5359755102040816,0.5024979591836736,0.518364081632653,0.49432882414151924
-0.0162,0.5103705270162174,0.0089680394351208,0.4741828571428572,0.5343216326530612,0.5356375510204081,0.5033257142857143,0.5197502040816326,0.4950052029136316
-0.016,0.510723184891022,0.008861426910887328,0.47508081632653065,0.53408,0.5371085714285714,0.504385306122449,0.517898775510204,0.49578563995837677
-0.0158,0.5108460186738587,0.008691890456764564,0.47549877551020414,0.5325469387755102,0.5376669387755102,0.5055248979591837,0.5174285714285715,0.4964099895941728
-0.0156,0.5112554598030679,0.008421736007148675,0.4767983673469388,0.5306987755102041,0.5381469387755102,0.5057648979591836,0.5184130612244898,0.49771071800208116
-0.0154,0.5108920614156173,0.008366195222600169,0.47744653061224485,0.5299738775510205,0.5379053061224489,0.5043934693877551,0.5189110204081633,0.49672216441207073
-0.0152,0.5107310712339046,0.008214621262558104,0.47891755102040817,0.5288391836734694,0.5370040816326531,0.503745306122449,0.5208751020408163,0.4950052029136317
-0.015,0.5101547962369131,0.007838576285450066,0.4798971428571429,0.5273763265306123,0.5352130612244898,0.5041567346938776,0.5197485714285714,0.49453694068678467
-0.0148,0.5101058370320032,0.007491317194694819,0.4808783673469387,0.5268865306122448,0.5334269387755102,0.5051983673469388,0.5193436734693877,0.49490114464099894
-0.0146,0.5102703550015218,0.00735956393238838,0.4821012244897959,0.526814693877551,0.5331069387755102,0.5044702040816327,0.5200718367346939,0.4950572320499479
-0.0144,0.5101111976611664,0.007251191609402041,0.4838073469387755,0.5260865306122449,0.532945306122449,0.5038873469387755,0.5204963265306123,0.49344432882414146
-0.0142,0.5092193016061783,0.006844564711569431,0.48381714285714283,0.5226563265306122,0.5309110204081633,0.5033093877551019,0.520501224489796,0.4941207075962538
-0.014,0.5093029721024727,0.0065214091169632175,0.4850481632653061,0.5220081632653061,0.5300848979591837,0.5035477551020409,0.5200195918367347,0.4951092611862643
-0.0138,0.509275381228454,0.006194052595452971,0.48731755102040814,0.5208702040816326,0.5296048979591836,0.5027281632653062,0.5198661224489796,0.49526534859521326
-0.0136,0.5101348184643264,0.005654687175541859,0.4900865306122449,0.519978775510204,0.528225306122449,0.5049191836734694,0.5209289795918366,0.4966701352757544
-0.0134,0.5102905822308111,0.005146636803992618,0.49180081632653067,0.5191738775510204,0.5264310204081633,0.5058204081632652,0.5204424489795918,0.4980749219562955
-0.0132,0.5097269165480968,0.004832031044512626,0.4930285714285715,0.5197469387755101,0.5239820408163265,0.5045110204081632,0.5192261224489796,0.4978668054110302
-0.013,0.5094403703625051,0.004450983488874734,0.4933534693877551,0.517955918367347,0.5236555102040816,0.5069453061224489,0.5164489795918368,0.49828303850156086
-0.0128,0.5092763606503996,0.003954944428627819,0.49564244897959187,0.5169044897959183,0.5218628571428571,0.5078432653061224,0.5152261224489797,0.4981789802289282
-0.0126,0.509548073930925,0.0036472239350122926,0.49727510204081626,0.5177159183673469,0.520313469387755,0.5084130612244898,0.5148195918367346,0.4987513007284079
-0.0124,0.5093158008593656,0.003296778634062806,0.49858775510204073,0.5178661224489796,0.517949387755102,0.5099461224489796,0.5129502040816327,0.4985952133194589
-0.0122,0.5095282507592007,0.0032418750925407515,0.49875428571428576,0.5202955102040817,0.5156669387755102,0.5114073469387754,0.5115657142857143,0.49947970863683666
-0.012,0.5093300213071701,0.0030102368302650745,0.4986726530612245,0.5203624489795918,0.5138661224489796,0.5109926530612244,0.5108375510204082,0.5012486992715921
-0.0118,0.5095977812227909,0.0027836264842832858,0.5007118367346938,0.5208620408163265,0.5130546938775511,0.5115526530612244,0.5093763265306123,0.5020291363163372
-0.0116,0.5086297977588538,0.002700049468355745,0.5006236734693876,0.5201208163265306,0.5102106122448979,0.5122775510204083,0.5067771428571428,0.5017689906347556
-0.0114,0.5085477599156207,0.0029506911265599024,0.5012016326530613,0.5215836734693877,0.5076930612244899,0.5134906122448979,0.506537142857143,0.5007804370447451
-0.0112,0.5080777152484303,0.0031282852629773467,0.5023510204081634,0.521898775510204,0.5050922448979592,0.5146253061224489,0.5043428571428572,0.500156087408949
-0.011,0.5075203284560442,0.0033267831388010456,0.5025289795918367,0.5222187755102041,0.5032995918367347,0.5149469387755102,0.5018155102040815,0.500312174817898
-0.0108,0.5078239911656651,0.0036034865573887852,0.5046514285714285,0.5229436734693877,0.5012587755102041,0.5168163265306122,0.4997648979591836,0.5015088449531737
-0.0106,0.5082185693757212,0.003715037198025867,0.5055412244897959,0.523098775510204,0.5007036734693877,0.5182710204081633,0.4998236734693878,0.5018730489073882
-0.0104,0.5080652078687874,0.003958672299152466,0.5058628571428571,0.5241453061224489,0.4981028571428571,0.5181763265306122,0.5003869387755102,0.5017169614984391
-0.0102,0.5081245431700255,0.004313872272605444,0.5057763265306121,0.5244555102040817,0.49727999999999994,0.5206155102040816,0.49931918367346945,0.5013007284079085
-0.01,0.508058415907466,0.004555507421986649,0.5069175510204081,0.5249420408163266,0.4968555102040816,0.5212604081632654,0.49785469387755105,0.5005202913631634
-0.0098,0.5078208960337517,0.004807543106642465,0.5088669387755103,0.5255085714285714,0.49473795918367347,0.5208457142857142,0.49727836734693875,0.499687825182102
-0.0096,0.5069766297861497,0.005179496950450531,0.5086367346938776,0.5262351020408162,0.4921404081632653,0.5202808163265307,0.4953991836734694,0.4991675338189386
-0.0094,0.506394789158119,0.005308172528018894,0.5087216326530613,0.5262383673469386,0.49050448979591843,0.5192979591836734,0.4943346938775511,0.49927159209157124
-0.0092,0.5061739961916087,0.005633758695680998,0.5092881632653061,0.5281012244897958,0.48926693877551014,0.5183085714285713,0.4934318367346939,0.49864724245577524
-0.009,0.5060724995929692,0.005925782248854821,0.508713469387755,0.528261224489796,0.4896751020408163,0.520406530612245,0.49073142857142854,0.4986472424557752
-0.0088,0.5057410662079608,0.006310792943579244,0.5081502040816327,0.5285942857142858,0.4893485714285714,0.5221910204081632,0.4882955102040816,0.4978668054110302
-0.0086,0.5057148718384336,0.006676604628571364,0.5088930612244897,0.5298089795918368,0.48803918367346943,0.5226775510204081,0.48689959183673465,0.49797086368366283
-0.0084,0.5055924432457686,0.006882541258290564,0.5085730612244898,0.5299722448979591,0.48728163265306124,0.5235706122448979,0.48582204081632663,0.4983350676378772
-0.0082,0.5052802372811768,0.00701611061261201,0.5085012244897958,0.5298008163265306,0.48662857142857147,0.5240702040816325,0.4853861224489796,0.4972944849115504
-0.008,0.5056594850885202,0.007254661372146276,0.5090742857142857,0.5303657142857143,0.48588408163265306,0.5257828571428571,0.4854514285714286,0.49739854318418314
-0.0078,0.5055264957845782,0.007193331400412299,0.5096440816326531,0.5299608163265306,0.4853844897959183,0.5251265306122449,0.4857485714285715,0.4972944849115505
-0.0076,0.505061938881692,0.007473141715315717,0.5094955102040817,0.5296326530612244,0.48391346938775504,0.5256946938775511,0.4834563265306122,0.4981789802289282
-0.0074,0.5055464412778639,0.007676700142968986,0.509905306122449,0.5309404081632653,0.4843820408163266,0.5265812244897958,0.48271836734693874,0.4987513007284079
-0.0072,0.5056952944424388,0.0077371810204820875,0.5098220408163264,0.531745306122449,0.48275265306122445,0.5260114285714286,0.4835281632653062,0.5003121748178979
-0.007,0.5055268075346685,0.007772766191304873,0.5110432653061224,0.531330612244898,0.48201632653061227,0.5251934693877551,0.48279673469387757,0.5007804370447451
-0.0068,0.5050903857234882,0.007977991754133313,0.5107248979591836,0.5316587755102041,0.480865306122449,0.5246220408163265,0.48116244897959176,0.5015088449531737
-0.0066,0.5050415859330205,0.008148415507989398,0.5102351020408162,0.5318857142857143,0.48037061224489797,0.5257632653061225,0.4807461224489796,0.5012486992715921
-0.0064,0.5052848871994167,0.008161222002907888,0.5108065306122448,0.5315461224489797,0.480269387755102,0.5266563265306123,0.4812342857142857,0.5011966701352757
-0.0062,0.5056219940962857,0.008460945481969306,0.5102448979591836,0.5334285714285715,0.47938122448979587,0.5278791836734693,0.48154938775510203,0.5012486992715921
-0.006,0.505752379819774,0.008524310769626314,0.5117959183673471,0.5333632653061224,0.47847999999999996,0.5270644897959184,0.4810530612244898,0.5027575442247658
-0.0058,0.5058576188352553,0.008349915423402363,0.5119608163265306,0.5332767346938776,0.47937306122448975,0.52584,0.48105306122448976,0.5036420395421437
-0.0056,0.5057739675932809,0.008190289201301465,0.5126089795918367,0.5315608163265306,0.47878530612244896,0.5248538775510203,0.4810595918367347,0.5057752341311135
-0.0054,0.5058960821706413,0.008450505840937735,0.5130873469387754,0.5313959183673469,0.4778677551020408,0.5258318367346939,0.4797534693877551,0.5074401664932362
-0.0052,0.5055328635845596,0.008134080071539576,0.513330612244898,0.5297551020408162,0.4773714285714286,0.5248457142857144,0.4817028571428571,0.5061914672216441
-0.005,0.5053516798686176,0.008017536096529105,0.5128408163265307,0.5285289795918368,0.47671346938775516,0.5246693877551021,0.48243755102040814,0.5069198751300729
-0.0048,0.5050512872786991,0.007666112215593504,0.5124342857142856,0.5273877551020408,0.4767085714285715,0.5230383673469389,0.4842351020408163,0.5065036420395421
-0.0046,0.5051080297592502,0.007668607669868778,0.5134122448979592,0.5275379591836734,0.47565551020408164,0.5222187755102041,0.485528163265306,0.5062955254942768
-0.0044,0.505298402882485,0.007596420405458541,0.5134857142857143,0.5277763265306122,0.47564244897959185,0.5213991836734694,0.486254693877551,0.5072320499479709
-0.0042,0.5048773270473642,0.007781085577550482,0.5130726530612245,0.5293959183673469,0.47442448979591834,0.5190448979591836,0.4855216326530612,0.5078043704474504
-0.004,0.5052050839898915,0.007577248246481699,0.513715918367347,0.5290742857142856,0.47530285714285714,0.517404081632653,0.48616000000000004,0.5095733610822061
-0.0038,0.505467673837485,0.007377104031381053,0.515425306122449,0.5284130612244897,0.47569795918367347,0.5154448979591837,0.48747102040816326,0.5103537981269511
-0.0036,0.5054033686565157,0.007140071069188914,0.5157420408163265,0.5281681632653061,0.4770008163265306,0.5130024489795918,0.48763265306122444,0.5108740894901145
-0.0034,0.5053557603686635,0.0069477199347896205,0.5167134693877551,0.527526530612245,0.4789616326530612,0.5125942857142858,0.4866612244897959,0.5096774193548386
-0.0032,0.505334839134405,0.006568860526231651,0.5170269387755103,0.5270220408163265,0.4803477551020408,0.5103118367346939,0.4884555102040816,0.5088449531737773
-0.003,0.5050126718908167,0.006367122462701317,0.516530612244898,0.5261371428571429,0.4804326530612245,0.5071379591836734,0.48943183673469387,0.5104058272632674
-0.0028,0.5049863384937742,0.00622383668964773,0.5160310204081633,0.5262073469387756,0.48132571428571425,0.5046971428571428,0.49015836734693874,0.5114984391259105
-0.0026,0.5051852656317469,0.005924250737825308,0.5174808163265305,0.5257142857142857,0.4836032653061225,0.5012751020408164,0.49195591836734687,0.5110822060353799
-0.0024,0.5054275503833167,0.006049425167111292,0.5182040816326531,0.5271820408163265,0.4837551020408163,0.49875102040816327,0.4937469387755102,0.5109261186264308
-0.0022,0.5055706592480905,0.006110697936119134,0.5194106122448979,0.5273387755102041,0.4837518367346939,0.4970579591836735,0.49530285714285716,0.5105619146722165
-0.002,0.505470836076366,0.006276373849875766,0.5186759183673469,0.5283036734693878,0.4831755102040816,0.4954204081632653,0.49595918367346936,0.5112903225806452
-0.0018,0.505474378304912,0.006304414621614818,0.519315918367347,0.5278824489795919,0.4839951020408163,0.49337795918367344,0.496204081632653,0.5120707596253903
-0.0016,0.5061358077965837,0.006298658834180864,0.5197061224489795,0.5287771428571428,0.48562612244897957,0.4925632653061225,0.4971869387755102,0.5129552549427681
-0.0014,0.5063244044256621,0.006396598044582322,0.5208277551020408,0.528275918367347,0.48660734693877544,0.49012408163265303,0.49801142857142855,0.5140998959417274
-0.0012,0.5069993518656162,0.0068521657228626034,0.5231657142857142,0.529890612244898,0.48871346938775506,0.48646040816326536,0.49826122448979593,0.5155046826222685
-0.001,0.507280321660402,0.007011805261142071,0.5242155102040817,0.5289991836734694,0.48847510204081634,0.48440816326530617,0.5007265306122448,0.5168574401664932
-0.0008,0.5075904586350669,0.007354310197374461,0.525825306122449,0.5294791836734694,0.4875036734693878,0.48318857142857147,0.5018040816326531,0.517741935483871
-0.0006,0.5071731048298612,0.007751003937794067,0.5271902040816328,0.5284212244897959,0.4863673469387756,0.4804848979591837,0.5017404081632653,0.5188345473465141
-0.0004,0.5068413574295483,0.007863472507284818,0.5272636734693877,0.5267036734693878,0.4868604081632653,0.4782955102040817,0.5018416326530611,0.5200832466181061
-0.0002,0.5070237063149922,0.007824876569690302,0.5278155102040816,0.5263706122448979,0.48825469387755105,0.4778922448979592,0.5017779591836735,0.5200312174817897
0.0,0.5065891796385568,0.007944916501285532,0.5286269387755101,0.5256391836734695,0.48826122448979586,0.47658775510204077,0.5012212244897959,0.5191987513007283
0.0002,0.5065316208314752,0.008334251167027589,0.5304097959183673,0.5245893877551021,0.48924081632653066,0.4730122448979592,0.5025306122448979,0.5194068678459937
0.0004,0.5064617296325399,0.008388174419433934,0.5299069387755102,0.5240114285714286,0.4894857142857143,0.47196571428571427,0.5032653061224489,0.5201352757544224
0.0006,0.5055629025887151,0.008792737738679526,0.5289991836734693,0.5229551020408163,0.4894889795918367,0.4675673469387755,0.5037632653061225,0.5206035379812695
0.0008,0.5053502573141639,0.00905749750520244,0.5293061224489797,0.5220555102040816,0.4893224489795919,0.46513959183673464,0.5058824489795919,0.5203954214360041
0.001,0.5052066761522507,0.00921461437520636,0.529193469387755,0.5208375510204083,0.49045877551020406,0.46304653061224493,0.5070481632653061,0.5206555671175859
0.0012,0.5049856410909838,0.009591279631641202,0.5300604081632653,0.5187085714285715,0.49086857142857143,0.46028571428571424,0.5080342857142857,0.5219562955254943
0.0014,0.5045683592063256,0.009971899816521489,0.5303591836734693,0.5169175510204082,0.4904669387755102,0.45761142857142856,0.5091102040816325,0.5229448491155047
0.0016,0.5040057256117847,0.010222219948545122,0.5308391836734694,0.5147167346938775,0.4912702040816327,0.45508571428571437,0.5096979591836734,0.5224245577523413
0.0018,0.5034142532934089,0.010631071642180188,0.5310742857142857,0.5128424489795919,0.4920179591836734,0.4517551020408163,0.5101110204081633,0.5226847034339229
0.002,0.5025996313364055,0.010889474305486493,0.5297534693877551,0.5129191836734694,0.4915297959183674,0.449178775510204,0.5096359183673469,0.5225806451612904
0.0022,0.5010614048574684,0.011289679042814835,0.528364081632653,0.5112816326530613,0.4900718367346939,0.4455951020408163,0.5076946938775511,0.5233610822060355
0.0024,0.5005294213085858,0.011608337772855788,0.5282726530612244,0.5094857142857142,0.49023510204081633,0.4433273469387755,0.5072979591836735,0.5245577523413111
0.0026,0.4996961113352729,0.011808676382067769,0.5273012244897959,0.5091657142857143,0.48973551020408157,0.4411330612244898,0.5069077551020408,0.523933402705515
0.0028,0.4990957828792287,0.012361961469662525,0.5273828571428572,0.5086726530612246,0.4902302040816327,0.43699918367346935,0.5076685714285715,0.523621227887617
0.003,0.4982814689913426,0.012502740904017366,0.5254955102040816,0.5068816326530612,0.49096,0.43480653061224483,0.50808,0.5234651404786681
0.0032,0.4973698995519124,0.012725915406758045,0.5239444897959185,0.5047591836734695,0.492261224489796,0.43197551020408165,0.5085942857142858,0.5226847034339229
0.0034,0.49629470520362146,0.012785650136409452,0.5234448979591837,0.501673469387755,0.49209632653061225,0.4307526530612245,0.5073763265306122,0.5224245577523412
0.0036,0.4949589384640432,0.01296681266241572,0.5212326530612243,0.5002889795918367,0.4922465306122449,0.4280620408163266,0.5059151020408164,0.5220083246618106
0.0038,0.49357126122873707,0.012936190640931159,0.5196048979591836,0.498669387755102,0.49135510204081634,0.4266057142857143,0.5052653061224489,0.5199271592091572
0.004,0.4927464429767745,0.013046963551042767,0.5193485714285714,0.4979281632653061,0.4911167346938775,0.4252277551020408,0.5032424489795918,0.5196149843912591
0.0042,0.49173247793185954,0.013246162455745723,0.5168130612244899,0.49744489795918356,0.4917632653061224,0.422785306122449,0.5014530612244897,0.5201352757544224
0.0044,0.4911579230818237,0.013299750524059122,0.5163085714285715,0.4958269387755102,0.4933142857142857,0.42163102040816336,0.50072,0.519146722164412
0.0046,0.4898225159449836,0.01370434534432087,0.5149142857142857,0.4938693877551021,0.4929991836734694,0.41789714285714286,0.5010448979591837,0.5182101977107179
0.0048,0.48839685616598355,0.013814793615765347,0.5127118367346939,0.49377469387755096,0.4920261224489796,0.4155395918367347,0.4995755102040816,0.5167533818938604
0.005,0.4875535860462812,0.01423119801398216,0.5136016326530612,0.49255673469387756,0.49374857142857137,0.41238040816326527,0.4970612244897959,0.5159729448491155
0.0052,0.48705976597506845,0.014210378595017382,0.5140620408163266,0.49239999999999995,0.49537469387755095,0.41172734693877544,0.4952669387755102,0.5135275754422477
0.0054,0.48666666694981836,0.014108049690364062,0.5133273469387755,0.4932930612244898,0.49634448979591833,0.41159183673469385,0.4936326530612245,0.5118106139438086
0.0056,0.4858266165488047,0.013980484202646429,0.5121991836734694,0.4928767346938775,0.49626448979591836,0.4111902040816326,0.4929077551020408,0.5095213319458897
0.0058,0.4855662239588863,0.01388896119606215,0.5119591836734694,0.4922938775510204,0.49700897959183676,0.41152326530612243,0.49150693877551016,0.5091050988553589
0.006,0.48465019289713807,0.013686816553943427,0.5098465306122449,0.4903542857142857,0.49766367346938784,0.4117616326530612,0.4897942857142857,0.508480749219563
0.0062,0.48438198107130465,0.013719396861476022,0.5104114285714285,0.48984979591836736,0.49871836734693875,0.4116097959183674,0.48774204081632655,0.5079604578563995
0.0064,0.4843236322708064,0.013737017896017034,0.5113028571428572,0.4908244897959184,0.5006661224489797,0.4117861224489795,0.48480653061224493,0.5065556711758583
0.0066,0.4835583398812178,0.013872045492236777,0.5109844897959184,0.4902661224489796,0.5012506122448979,0.4101844897959183,0.4842938775510204,0.5043704474505722
0.0068,0.48302296389107147,0.013771866057410504,0.510989387755102,0.4913942857142857,0.5003706122448979,0.41028244897959193,0.4824995918367347,0.5026014568158168
0.007,0.48298346733490477,0.013740762363754093,0.5097714285714285,0.4918057142857143,0.5012848979591836,0.41011428571428576,0.4830514285714286,0.5018730489073882
0.0072,0.48205193201526186,0.01388886422150104,0.5099412244897958,0.49205714285714286,0.5009763265306122,0.40848816326530607,0.48157714285714287,0.4992715920915714
0.0074,0.4821381653181564,0.013857486176189432,0.5114073469387754,0.49206040816326524,0.501964081632653,0.4093061224489796,0.47996408163265303,0.49812695109261185
0.0076,0.4820476201802261,0.013548187946223292,0.5113355102040817,0.49123755102040817,0.5021469387755102,0.4111787755102041,0.4791444897959184,0.49724245577523407
0.0078,0.48188328795826346,0.013410860725253496,0.5112620408163265,0.49173387755102044,0.5028848979591837,0.41192,0.47864979591836737,0.4948491155046827
0.008,0.4819730527299369,0.013379393697931034,0.5116767346938775,0.49124897959183667,0.5029926530612245,0.41248653061224483,0.4777518367346939,0.495681581685744
0.0082,0.4816823948976053,0.013305424186120006,0.5127428571428572,0.49181387755102046,0.501781224489796,0.4129795918367346,0.476604081632653,0.49417273673257023
0.0084,0.4819585601732889,0.012959776126798018,0.5120979591836735,0.49296489795918363,0.5020538775510204,0.4151755102040816,0.4764310204081633,0.4930280957336108
0.0086,0.48239997225112724,0.01269288132758138,0.5129959183673469,0.49385306122448985,0.5018269387755103,0.4175461224489796,0.47561795918367344,0.49255983350676374
0.0088,0.48272673419836193,0.01255150275911351,0.5135738775510205,0.4946579591836735,0.5023151020408163,0.41909061224489796,0.4748914285714285,0.49183142559833504
0.009,0.4825091190440796,0.012383015594974362,0.5128489795918367,0.494174693877551,0.5031395918367347,0.4203951020408163,0.4727689795918367,0.49172736732570244
0.0092,0.4818285903997395,0.012492356413130496,0.5130236734693877,0.49400816326530606,0.5028979591836735,0.4200636734693878,0.4696669387755102,0.49131113423517175
0.0094,0.4815171288411307,0.012329598119559535,0.5127102040816326,0.4940946938775511,0.5022808163265307,0.42096,0.4686824489795918,0.4903746097814777
0.0096,0.48172574401664936,0.01239323736113928,0.5147657142857143,0.49434938775510207,0.5017273469387755,0.4216130612244898,0.46778448979591836,0.490114464099896
0.0098,0.4811104495742105,0.012020787182709514,0.5141338775510205,0.4937877551020408,0.4986481632653061,0.42300244897959177,0.4672881632653061,0.48980228928199787
0.01,0.48140372656034325,0.011843202657157808,0.5142367346938775,0.494850612244898,0.4988244897959184,0.4249551020408163,0.466065306122449,0.48949011446409985
0.0102,0.4815923543361153,0.011750338779166489,0.5145044897959183,0.49403428571428565,0.49972244897959184,0.4261697959183673,0.46532081632653066,0.489802289281998
0.0104,0.4813638140542377,0.011678862342938742,0.5146726530612244,0.49265795918367344,0.5004718367346939,0.4269012244897959,0.46450938775510203,0.48896982310093656
0.0106,0.48152713570756084,0.011544274865439066,0.5141224489795918,0.49371918367346934,0.49990367346938774,0.4277093877551021,0.4644261224489796,0.4892819979188346
0.0108,0.48167120473996045,0.011516825216178164,0.5154497959183674,0.49316244897959177,0.4998987755102041,0.42862040816326524,0.4641861224489796,0.4887096774193548
0.011,0.4820288636411901,0.011659057967038311,0.5159526530612244,0.4944016326530612,0.5008734693877551,0.4285322448979592,0.46385959183673464,0.48855359001040577
0.0112,0.48203175971741447,0.011811325462003884,0.5164604081632653,0.49440489795918363,0.5020816326530613,0.4280359183673469,0.46369469387755097,0.4875130072840791
0.0114,0.48211431657782783,0.011656950938848875,0.5159885714285715,0.494806530612245,0.5020016326530612,0.4290889795918368,0.4634432653061224,0.4873569198751301
0.0116,0.4821058344836373,0.011987964281688966,0.515585306122449,0.4960326530612244,0.5024930612244898,0.427054693877551,0.4628636734693877,0.4886056191467222
0.0118,0.48146324166295035,0.012050630378384459,0.5160897959183675,0.4947281632653061,0.5014432653061225,0.42696326530612244,0.460741224489796,0.48881373569198755
0.012,0.4823064806359589,0.011785771856947345,0.5173322448979591,0.495549387755102,0.4998269387755102,0.42963265306122445,0.4610710204081633,0.4904266389177939
0.0122,0.4823545564073704,0.011798119161875816,0.5164473469387756,0.49506775510204076,0.5005730612244899,0.42863999999999997,0.4624522448979592,0.49094693028095737
0.0124,0.4822887216405813,0.011776341011068949,0.5169534693877551,0.4949061224489796,0.4999216326530613,0.42872653061224497,0.4626938775510204,0.4905306971904266
0.0126,0.4822094300862905,0.011819881060840946,0.5161583673469388,0.4964522448979592,0.49952163265306126,0.4283967346938775,0.46204081632653066,0.4906867845993757
0.0128,0.4825327673129605,0.011733975015585697,0.5181926530612244,0.49580408163265305,0.49903836734693874,0.4304342857142857,0.4611444897959184,0.49058272632674294
0.013,0.483306264874316,0.011700369973361406,0.518444081632653,0.4959755102040816,0.5002546938775511,0.4301077551020408,0.4643167346938776,0.49073881373569206
0.0132,0.4831558858048943,0.0116012690117951,0.5178106122448979,0.4955673469387755,0.4993583673469388,0.43034122448979595,0.46407836734693875,0.4917793964620188
0.0134,0.4829641413776749,0.011454449388163146,0.5174122448979592,0.49441959183673473,0.4987869387755103,0.4307363265306122,0.4643902040816326,0.49203954214360035
0.0136,0.4834148615033942,0.011622591783198058,0.5184865306122448,0.494829387755102,0.49944979591836736,0.42983510204081626,0.46600489795918365,0.49188345473465134
0.0138,0.4830986914141307,0.011567883732266845,0.5178595918367346,0.4943412244897959,0.49888816326530616,0.42983346938775513,0.46542204081632654,0.49224765868886583
0.014,0.48336661555777355,0.011267448527083154,0.5179559183673469,0.49297142857142856,0.4973518367346939,0.4309567346938776,0.46777959183673473,0.4931841831425598
0.0142,0.4837175532856223,0.01127416205786813,0.5187804081632652,0.4929681632653061,0.49638040816326523,0.4312718367346939,0.46841959183673476,0.4944849115504682
0.0144,0.48446580588530935,0.01122084819850174,0.5201730612244898,0.49272653061224486,0.4955657142857143,0.43207510204081634,0.4705208163265306,0.49573361082206036
0.0146,0.48434745892529746,0.010744336200961931,0.5192163265306122,0.4906808163265307,0.49459591836734695,0.4345861224489796,0.47090775510204075,0.4960978147762747
0.0148,0.4846747854771462,0.010700548486571487,0.5200277551020409,0.49059265306122457,0.4950008163265306,0.4353828571428571,0.4713110204081633,0.49573361082206036
0.015,0.48466914792555943,0.01055737147841693,0.519235918367347,0.4888995918367347,0.49533387755102043,0.43569306122448975,0.47244244897959187,0.4964099895941727
0.0152,0.4851085521742516,0.010069376213326918,0.5188326530612245,0.48596408163265303,0.4967232653061224,0.43941224489795916,0.47284081632653063,0.49687825182101975
0.0154,0.4854831225976343,0.00992829464541794,0.5190824489795919,0.4847428571428572,0.49672,0.44045061224489795,0.47445224489795923,0.49745057232049944
0.0156,0.485740661017789,0.009672892696595445,0.5182710204081633,0.48541387755102033,0.49632000000000004,0.44116897959183665,0.4763918367346939,0.49687825182101975
0.0158,0.4863206424713486,0.009510650759803594,0.5186775510204081,0.4850759183673469,0.4954269387755102,0.4426187755102041,0.47784163265306123,0.49828303850156086
0.016,0.4862710107810033,0.009454795413205978,0.5183461224489797,0.4829616326530612,0.4955771428571428,0.4426889795918367,0.4796130612244898,0.4984391259105099
0.0162,0.4863194053812992,0.009324702662037668,0.5187510204081632,0.48173714285714286,0.4955657142857143,0.44381877551020404,0.4803330612244898,0.49771071800208116
0.0164,0.4864946386629574,0.009120902032362349,0.5195673469387755,0.4791412244897959,0.4955493877551021,0.44608326530612247,0.48169632653061223,0.49693028095733605
0.0166,0.4863565715984624,0.009041012005300159,0.5195722448979592,0.47800653061224496,0.4945779591836734,0.4467428571428571,0.48215346938775505,0.49708636836628506
0.0168,0.4865119505617023,0.009186726047388285,0.5198220408163265,0.4757257142857143,0.49547591836734695,0.4465795918367347,0.4836016326530612,0.4978668054110302
0.017,0.4862629613427056,0.008847043135516723,0.5194138775510204,0.4733665306122449,0.4950775510204082,0.4492571428571428,0.4841567346938775,0.49630593132154005
0.0172,0.4861169983081682,0.00860678741471286,0.5181991836734694,0.4723004081632653,0.4935412244897959,0.4500702040816327,0.48690938775510195,0.495681581685744
0.0174,0.48700100320669376,0.008470504847255915,0.5183657142857143,0.4705844897959183,0.4948375510204082,0.4524979591836734,0.4907151020408163,0.4950052029136317
0.0176,0.4868306990309131,0.008657064325564724,0.5183542857142858,0.4686367346938775,0.49329142857142855,0.4519461224489795,0.4938024489795918,0.4949531737773153
0.0178,0.48690026177380424,0.008609048207681522,0.5182644897959184,0.46659591836734693,0.4930351020408163,0.4536734693877551,0.4959200000000001,0.4939125910509885
0.018,0.48742562721654736,0.008690636953400895,0.5194024489795919,0.46546285714285707,0.4934383673469388,0.45522612244897964,0.4977877551020408,0.49323621227887615
0.0182,0.48780615883398104,0.008645516796482322,0.5201322448979592,0.46449632653061224,0.4919804081632654,0.4575853061224489,0.4999787755102041,0.4926638917793965
0.0184,0.48773781874039934,0.008880182176437787,0.5196440816326531,0.46172081632653067,0.49188897959183675,0.45817142857142856,0.5030661224489796,0.4919354838709677
0.0186,0.48791573715021913,0.009013970660297379,0.520050612244898,0.46147591836734697,0.4924620408163266,0.4580163265306122,0.5042824489795918,0.491207075962539
0.0188,0.48798713754804734,0.009136450222109795,0.5200473469387755,0.4600963265306122,0.4930367346938775,0.4585110204081633,0.5051804081632654,0.49105098855359
0.019,0.4880778888204606,0.0091986058785191,0.5208555102040816,0.45904489795918363,0.4924571428571428,0.4600604081632653,0.5059869387755102,0.49006243496357965
0.0192,0.4878289967225183,0.009409329766651257,0.5205355102040816,0.4574138775510204,0.49269551020408164,0.45966040816326525,0.5071265306122449,0.48954214360041615
0.0194,0.48783490156936865,0.009429127643236578,0.5197175510204082,0.45758040816326523,0.49311020408163264,0.45960653061224493,0.5089093877551021,0.48808532778355873
0.0196,0.4883307198425677,0.009450843117791785,0.5212636734693877,0.45693387755102044,0.4915640816326531,0.4623820408163265,0.5098073469387756,0.4880332986472425
0.0198,0.4889545994464384,0.009699092269485248,0.5221632653061224,0.4552163265306123,0.4930334693877551,0.46490448979591836,0.5122497959183674,0.48616024973985433
0.02,0.4898176004303907,0.009655971855645408,0.5224848979591836,0.45537795918367346,0.49475102040816327,0.4671069387755102,0.5132326530612245,0.485952133194589
0.0202,0.4904404731465948,0.009898137337659162,0.5225632653061224,0.4551281632653062,0.4963102040816326,0.46718857142857145,0.5159167346938774,0.4855359001040583
0.0204,0.49037110096483966,0.010279281223830535,0.52264,0.45211265306122456,0.49623510204081633,0.4683363265306122,0.5177828571428572,0.4851196670135276
0.0206,0.4905371700397121,0.010539150581875075,0.523368163265306,0.4513110204081633,0.4965648979591837,0.46882612244897953,0.5193338775510205,0.48381893860561914
0.0208,0.4905124081349501,0.010813864071652303,0.5252375510204083,0.44944163265306114,0.4958416326530612,0.46972734693877555,0.5190073469387755,0.48381893860561914
0.021,0.4898641321752426,0.011035101813630403,0.5249812244897958,0.4468391836734694,0.4941273469387756,0.4706938775510204,0.5193485714285715,0.4831945889698231
0.0212,0.4904663353791048,0.011280909120599415,0.5258040816326531,0.44635428571428565,0.49348081632653057,0.4733812244897959,0.5221959183673469,0.48158168574401666
0.0214,0.4906631216066031,0.011571804745815328,0.5268685714285715,0.44440326530612245,0.49340244897959185,0.47533714285714285,0.5228538775510204,0.4811134235171696
0.0216,0.4908562061911133,0.011718932935408316,0.5267934693877552,0.44455999999999996,0.4942889795918367,0.4745991836734694,0.524406530612245,0.4804890738813736
0.0218,0.49094871357075603,0.01193196611133793,0.5265469387755102,0.44398530612244896,0.4955036734693878,0.47477061224489797,0.5259575510204082,0.47892819979188345
0.022,0.49101776324265395,0.012247804678478037,0.526073469387755,0.4425061224489796,0.49608326530612246,0.47623673469387756,0.5281518367346939,0.4770551508844953
0.0222,0.49132701791642774,0.012446586769133069,0.5268930612244899,0.44161142857142854,0.4956048979591836,0.4786595918367347,0.5291265306122448,0.47606659729448486
0.0224,0.49172449701628834,0.012537325307923931,0.527381224489796,0.4411118367346939,0.49552653061224483,0.48045551020408156,0.5297012244897958,0.4761706555671176
0.0226,0.49128218225063175,0.01276055061058743,0.5264032653061225,0.4390677551020408,0.49610448979591837,0.48168163265306124,0.5300342857142858,0.4744016649323621
0.0228,0.49157567018482734,0.013139366094617941,0.5257502040816326,0.4384163265306123,0.497484081632653,0.4815167346938775,0.5332897959183673,0.4729968782518211
0.023,0.49251796272307047,0.013307588873535305,0.5255167346938775,0.4392995918367347,0.4971510204081633,0.4837191836734694,0.5367885714285714,0.4726326742976067
0.0232,0.4938735418746063,0.013300708681544987,0.5259297959183673,0.44075755102040814,0.4976424489795919,0.4864048979591836,0.538989387755102,0.47351716961498436
0.0234,0.4946015049516164,0.01341153299186728,0.526829387755102,0.44131428571428577,0.49919510204081635,0.48679999999999995,0.5400571428571428,0.47341311134235176
0.0236,0.4949855176368154,0.013810794280306998,0.5273224489795918,0.4403461224489796,0.4995281632653061,0.48769142857142855,0.5424963265306122,0.47252861602497404
0.0238,0.4963491677461827,0.014031263902924395,0.5284702040816326,0.440829387755102,0.5014857142857142,0.48924408163265304,0.5449126530612245,0.47315296566077
0.024,0.496913588594647,0.014257730340537293,0.5307608163265306,0.44036081632653057,0.502233469387755,0.4909534693877552,0.5449044897959184,0.47226847034339225
0.0242,0.49766717067680344,0.014359723526866123,0.5316506122448978,0.44133061224489795,0.5032212244897958,0.49029551020408163,0.5466122448979592,0.4728928199791883
0.0244,0.49887516971408746,0.014032264670736379,0.532393469387755,0.44409959183673464,0.5044342857142856,0.49356897959183665,0.5460179591836735,0.4727367325702393
0.0246,0.49964298413642244,0.013972216441844106,0.5327216326530613,0.44515265306122453,0.5055771428571428,0.49625795918367344,0.5460881632653061,0.4720603537981269
0.0248,0.4995674817190144,0.013881452702657148,0.5331363265306122,0.44498938775510205,0.5045224489795919,0.49820571428571425,0.5446987755102042,0.47185223725286163
0.025,0.49925333503224395,0.013983796847624144,0.5330579591836735,0.44367020408163266,0.5048506122448979,0.4994383673469388,0.5436391836734693,0.47086368366285114
0.0252,0.49934744873183406,0.013663140178541238,0.5325861224489795,0.4443983673469388,0.5062416326530613,0.5009061224489796,0.5410367346938776,0.47091571279916755
0.0254,0.4999451639802643,0.013553626866019828,0.5334024489795918,0.4458595918367346,0.5055885714285714,0.5026220408163266,0.5411265306122448,0.4710718002081166
0.0256,0.5000300307927542,0.013243146043118796,0.5322677551020407,0.44691755102040814,0.5055167346938776,0.5032718367346939,0.5403020408163266,0.4719042663891779
0.0258,0.5006672533571181,0.012981695215803776,0.5313877551020407,0.4488620408163266,0.5068783673469388,0.5054710204081633,0.5398122448979592,0.47159209157127996
0.026,0.5009899540586266,0.012903452179021915,0.5319657142857143,0.44960326530612243,0.5072212244897958,0.5070889795918367,0.5388326530612245,0.4712278876170656
0.0262,0.5017528909087047,0.012719179757594226,0.5322987755102041,0.45148081632653064,0.5089322448979591,0.5089518367346939,0.5379379591836735,0.47091571279916755
0.0264,0.5021380424302916,0.012616543053283774,0.5331102040816327,0.4514073469387755,0.5096620408163265,0.5096065306122449,0.5367216326530612,0.47232049947970867
0.0266,0.5020800988199651,0.012609346794880568,0.5339297959183673,0.45181714285714286,0.5081942857142857,0.5104130612244898,0.5362220408163265,0.471904266389178
0.0268,0.5026760171873119,0.012321281302736334,0.5333697959183674,0.45392489795918367,0.5095804081632653,0.5119526530612244,0.535324081632653,0.471904266389178
0.027,0.5030810949478647,0.01211143567195298,0.5326416326530612,0.45523265306122446,0.5101338775510204,0.5152261224489795,0.5336081632653061,0.4716441207075962
0.0272,0.5038549257788443,0.011727610424047442,0.5322334693877551,0.45773714285714284,0.5103722448979593,0.5169387755102041,0.5329551020408163,0.4728928199791883
0.0274,0.503917490425931,0.011243100846938097,0.5315738775510204,0.4609077551020408,0.5104636734693877,0.5169453061224489,0.5310857142857143,0.47252861602497404
0.0276,0.5042954496096045,0.010910285542938415,0.5305142857142856,0.4630155102040816,0.5116816326530612,0.5189044897959184,0.5291281632653061,0.4725286160249739
0.0278,0.5052150444194327,0.010807388975120628,0.5310122448979592,0.465854693877551,0.5131412244897959,0.5216685714285715,0.5280734693877551,0.4715400624349636
0.028,0.5056804068890823,0.010700531190438572,0.5304342857142856,0.46650122448979586,0.5162269387755102,0.5225583673469388,0.526509387755102,0.47185223725286163
0.0282,0.5060058082920994,0.010808829497565077,0.5301110204081633,0.4669028571428571,0.5168751020408164,0.5255657142857142,0.5254563265306122,0.4711238293444328
0.0284,0.5061404458224497,0.01067171994854168,0.5293665306122449,0.46811591836734695,0.5188244897959183,0.5263722448979592,0.5233518367346939,0.4708116545265348
0.0286,0.5063384379933035,0.010514127027628531,0.5274269387755102,0.4686808163265305,0.5194857142857143,0.5288848979591838,0.521804081632653,0.47174817898022886
0.0288,0.5059004098621759,0.01036874861890325,0.525382857142857,0.4697959183673469,0.5202220408163265,0.5299346938775511,0.5192032653061224,0.47086368366285114
0.029,0.5057293457070654,0.01008937850557856,0.522930612244898,0.47144,0.5198204081632654,0.531235918367347,0.5178253061224489,0.4711238293444329
0.0292,0.5057542562665024,0.009853147961456702,0.5212163265306121,0.4730726530612245,0.5208653061224491,0.5323689795918367,0.5153061224489796,0.4716961498439126
0.0294,0.5059898665647321,0.009945576375870143,0.5185404081632653,0.47371591836734694,0.5212685714285714,0.5355200000000001,0.5151461224489796,0.47174817898022897
0.0296,0.5058678335350789,0.009966852899819544,0.516006530612245,0.47435755102040816,0.5214253061224489,0.5372163265306121,0.514661224489796,0.4715400624349635
0.0298,0.5059780891503324,0.010114754634953933,0.5150236734693877,0.47468734693877546,0.523702857142857,0.5381877551020409,0.5131951020408163,0.47107180020811656
0.03,0.505808853022999,0.010075504882826854,0.512326530612245,0.47639836734693874,0.5246775510204081,0.539324081632653,0.5114710204081632,0.4706555671175859
0.0302,0.5061713691095585,0.01008417040026435,0.5125502040816328,0.479570612244898,0.5262220408163265,0.5405322448979593,0.5083820408163265,0.46977107180020816
0.0304,0.5059978919351299,0.01012351359440605,0.5100097959183674,0.4803820408163265,0.5268783673469388,0.5418171428571428,0.5069208163265306,0.4699791883454735
0.0306,0.5059957306377285,0.010321876250180616,0.5093469387755102,0.4807069387755102,0.5276195918367346,0.5432718367346938,0.5054661224489795,0.4695629552549428
0.0308,0.5066539259699717,0.01049107827333247,0.5070497959183673,0.4825877551020408,0.5300538775510203,0.5448979591836735,0.5057191836734694,0.46961498439125904
0.031,0.5063567267656283,0.010673669865495793,0.505164081632653,0.48241795918367353,0.530791836734694,0.5457779591836734,0.5046857142857143,0.4693028095733611
0.0312,0.5060543263465636,0.010687439669142446,0.501964081632653,0.48322285714285707,0.5296457142857143,0.5473077551020408,0.5043624489795918,0.46982310093652446
0.0314,0.5055048307106401,0.010841692302048109,0.49837061224489787,0.48337632653061224,0.5298791836734693,0.5482742857142857,0.503149387755102,0.4699791883454735
0.0316,0.5056109735465466,0.010996886193489396,0.49697632653061224,0.48409469387755105,0.5301191836734693,0.5498857142857142,0.5022465306122449,0.47034339229968786
0.0318,0.5046059113593409,0.011065336208440626,0.49443755102040815,0.483686530612245,0.5292293877551021,0.5499493877551019,0.500145306122449,0.47018730489073884
0.032,0.5045931941642422,0.01129147624161108,0.49424816326530613,0.48367673469387756,0.5292114285714286,0.5516424489795918,0.49869714285714284,0.4700832466181062
0.0322,0.5040813885762422,0.011308551092961812,0.49228734693877546,0.4850351020408163,0.5296130612244898,0.5509028571428571,0.49739918367346936,0.46925078043704477
0.0324,0.5036396120820857,0.011421507436474968,0.49047999999999997,0.4846367346938775,0.5285567346938775,0.5518726530612245,0.4968326530612244,0.46945889698231014
0.0326,0.5033480192826348,0.011539389878700105,0.488029387755102,0.4849551020408162,0.5288685714285715,0.5520195918367345,0.4969126530612244,0.4693028095733611
0.0328,0.5028774507846844,0.011541660903001348,0.4864636734693878,0.4841355102040817,0.5290367346938776,0.551018775510204,0.4975673469387754,0.4690426638917794
0.033,0.5019940056771929,0.011547176085668619,0.48375673469387764,0.48397061224489796,0.5280669387755103,0.550589387755102,0.49627755102040805,0.469302809573361
0.0332,0.5017304293288596,0.011516320067456539,0.4821942857142857,0.48428571428571426,0.5283885714285714,0.5501795918367347,0.49499102040816323,0.47034339229968786
0.0334,0.5006148346039768,0.011507149645920518,0.4800636734693877,0.4832995918367347,0.5286302040816325,0.5482155102040817,0.49360489795918366,0.4698751300728408
0.0336,0.5001053797419072,0.011252412817924209,0.4796261224489795,0.4836375510204082,0.5275657142857144,0.5468930612244899,0.4921502040816327,0.47075962539021854
0.0338,0.4994854283024344,0.011148744503273014,0.4776538775510204,0.484450612244898,0.5266710204081633,0.5459934693877552,0.49086367346938775,0.47127991675338193
0.034,0.4987013592700347,0.011025462256604656,0.47651591836734697,0.48445224489795924,0.5251232653061224,0.5452620408163266,0.4890024489795918,0.47185223725286163
0.0342,0.4984022133973256,0.010866406856424987,0.4770791836734694,0.4825110204081632,0.5244702040816327,0.5446775510204082,0.48810612244897955,0.47356919875130077
0.0344,0.4981996769238392,0.010875885696910574,0.47600326530612247,0.4823526530612245,0.5247069387755102,0.5442644897959183,0.48778122448979594,0.47408949011446405
0.0346,0.49744924150721676,0.010945613579603893,0.4750122448979591,0.4811363265306122,0.5253485714285715,0.54328,0.4851004081632652,0.47481789802289287
0.0348,0.49627821331238003,0.01080736126272592,0.4736979591836734,0.47993959183673474,0.523570612244898,0.5417942857142857,0.48364081632653066,0.47502601456815813
0.035,0.49573963317689196,0.010741013497647717,0.4736718367346938,0.47951673469387757,0.5215428571428571,0.541884081632653,0.48347265306122444,0.47434963579604583
0.0352,0.49610051547778317,0.010588015787850395,0.47284081632653063,0.48008653061224493,0.5232457142857143,0.5403363265306123,0.4838710204081632,0.476222684703434
0.0354,0.49610941238930534,0.01053222869628528,0.4728979591836734,0.48049632653061225,0.5227510204081633,0.5404963265306122,0.48249142857142857,0.47752341311134233
0.0356,0.4956820013166557,0.010373306417807853,0.4718938775510204,0.48116081632653057,0.5202236734693877,0.5404048979591837,0.48298938775510203,0.4774193548387097
0.0358,0.4949974366270962,0.010036592012266383,0.4706693877551021,0.4795363265306122,0.5189322448979593,0.5378873469387756,0.4844473469387755,0.47851196670135276
0.036,0.4944113141781166,0.00978262523516676,0.47017306122448976,0.48027755102040814,0.5178677551020407,0.5360881632653062,0.4835493877551021,0.4785119667013527
0.0362,0.49388730927959107,0.009405973197271203,0.4704130612244898,0.48028571428571426,0.5167999999999999,0.5337289795918367,0.48290775510204076,0.4791883454734651
0.0364,0.4932664336327663,0.009148881825411577,0.4704081632653062,0.4789975510204082,0.516138775510204,0.5316097959183672,0.4825795918367347,0.4798647242455775
0.0366,0.4925862022977765,0.00865860985319048,0.47047836734693876,0.4790073469387755,0.5145093877551019,0.5285910204081632,0.48233795918367345,0.48059313215400623
0.0368,0.49204879214537006,0.008467372296886556,0.4703069387755102,0.4768195918367347,0.5138465306122448,0.5268048979591836,0.4831412244897959,0.4813735691987513
0.037,0.49165114881748745,0.008191593722266279,0.4718465306122449,0.4756065306122449,0.5118938775510203,0.5259771428571428,0.48346938775510206,0.4811134235171696
0.0372,0.49147592034940923,0.008126866395106054,0.47183020408163256,0.4739951020408163,0.5114824489795918,0.5253224489795917,0.4835510204081633,0.4826742976066597
0.0374,0.4910485656239603,0.0077456087700823835,0.4728065306122449,0.4731902040816327,0.5095297959183673,0.5235297959183673,0.48435265306122444,0.48288241415192507
0.0376,0.4903029766329008,0.007565882161256137,0.4729681632653061,0.47126857142857137,0.5083036734693878,0.5217404081632653,0.4834579591836735,0.48407908428720087
0.0378,0.49020681433031066,0.0075519458413565435,0.47402285714285713,0.469564081632653,0.5081371428571428,0.5213322448979592,0.48394938775510205,0.4842351716961499
0.038,0.4894020290655283,0.007353062185769507,0.4744424489795918,0.46817469387755095,0.5064326530612245,0.5196979591836735,0.4828048979591837,0.48485952133194593
0.0382,0.48864383670637873,0.007438808191263101,0.4750922448979592,0.4658204081632653,0.5057844897959184,0.519126530612245,0.4822204081632653,0.48381893860561914
0.0384,0.4878255898405148,0.007083538915917223,0.47632816326530614,0.4648424489795918,0.5022922448979592,0.5175885714285715,0.4816669387755102,0.4842351716961498
0.0386,0.48654260740300287,0.006881168570014269,0.4774824489795918,0.4626514285714286,0.49871020408163264,0.5159559183673469,0.4814171428571429,0.4830385015608741
0.0388,0.4866353294116814,0.006723128958956175,0.479694693877551,0.4619216326530612,0.4987836734693878,0.514574693877551,0.4809142857142857,0.48392299687825185
0.039,0.48564963848598747,0.006641281267194229,0.4793763265306123,0.4597240816326531,0.49683755102040816,0.512705306122449,0.4819559183673469,0.48329864724245575
0.0392,0.4852246763929297,0.006797462458705775,0.480755918367347,0.4567967346938776,0.4965877551020408,0.5115738775510204,0.48243918367346933,0.4831945889698231
0.0394,0.48542648884736,0.007117102871998574,0.48246693877551017,0.45493061224489795,0.4963395918367347,0.5128783673469387,0.4830089795918367,0.4829344432882414
0.0396,0.4852095102182392,0.007418901465686147,0.48360816326530615,0.4521648979591836,0.4962595918367347,0.5127248979591836,0.4834089795918367,0.48309053069719043
0.0398,0.48498550829280723,0.007458141948518059,0.4840326530612245,0.45102857142857145,0.4964293877551021,0.5116620408163266,0.48398204081632656,0.4827783558792923
0.04,0.48480758025582765,0.007485471100286563,0.4863183673469388,0.44973877551020414,0.4947151020408163,0.5108555102040816,0.4852718367346939,0.481945889698231
0.0402,0.48413873190483275,0.007345862191975296,0.48559346938775516,0.44974530612244906,0.49448163265306116,0.5094710204081633,0.48437551020408165,0.481165452653486
0.0404,0.4835603879179143,0.00745272115048813,0.4860914285714285,0.4482008163265306,0.4937551020408163,0.5086497959183675,0.4841240816326531,0.4805411030176899
0.0406,0.48389597485612357,0.007440058471443522,0.48717877551020405,0.4477142857142857,0.4926987755102041,0.5080016326530613,0.48656489795918373,0.4812174817898023
0.0408,0.4833475053621865,0.00798078991283234,0.48825469387755094,0.443309387755102,0.49254367346938766,0.5073502040816327,0.48558857142857137,0.4830385015608741
0.041,0.4828072770002902,0.008354365252038575,0.4891608163265305,0.44062857142857137,0.49279183673469396,0.5071199999999999,0.48436408163265304,0.4827783558792924
0.0412,0.4825473207472375,0.008834783553584462,0.4914416326530612,0.4377028571428571,0.4914824489795918,0.5077795918367347,0.4843591836734694,0.48251821019771074
0.0414,0.48276820120764224,0.00925415329058197,0.49315428571428566,0.4357551020408163,0.4918775510204082,0.5088326530612244,0.48436734693877553,0.4826222684703435
0.0416,0.48295104759073243,0.009804686988916957,0.4959314285714285,0.43258122448979586,0.4922710204081632,0.508749387755102,0.4843542857142856,0.48381893860561914
0.0418,0.4833629328859535,0.010145734725380669,0.4976522448979591,0.4310432653061224,0.49404408163265306,0.5088244897959183,0.48427428571428577,0.48433922996878254
0.042,0.483243214621957,0.010293932602882073,0.49815510204081637,0.42965387755102036,0.4943640816326531,0.5075216326530613,0.4838644897959184,0.48590010405827255
0.0422,0.48353709698655734,0.010700705055413384,0.49857142857142855,0.42785959183673467,0.4958302040816326,0.5087395918367347,0.483541224489796,0.4866805411030177
0.0424,0.48360765472474104,0.010983196700119545,0.499404081632653,0.42664,0.4957404081632653,0.5096424489795919,0.4820816326530613,0.48813735691987514
0.0426,0.48418174209121734,0.011235631400794416,0.5006432653061225,0.42581224489795916,0.495578775510204,0.5106873469387755,0.4825665306122449,0.48980228928199787
0.0428,0.484278910148867,0.011590732949697438,0.5026857142857143,0.4239428571428571,0.49672,0.5097877551020409,0.48159020408163267,0.49094693028095737
0.043,0.4849958498446205,0.011832737319562827,0.5046481632653061,0.423614693877551,0.49728816326530617,0.5110171428571428,0.4815755102040816,0.49183142559833504
0.0432,0.48544176913221054,0.012230258033230842,0.5062808163265305,0.4219820408163265,0.49884244897959185,0.5114171428571428,0.48141224489795914,0.49271592091571276
0.0434,0.48564042416133985,0.012322279729796808,0.5077567346938775,0.42164081632653055,0.5001355102040816,0.5103542857142858,0.4816555102040816,0.4922996878251821
0.0436,0.4859808419517651,0.012585713184497017,0.5094693877551021,0.42089959183673464,0.5007934693877552,0.5105142857142857,0.4803477551020408,0.4938605619146722
0.0438,0.48664902857709164,0.012781608976904973,0.5111934693877551,0.42066122448979587,0.5012767346938775,0.5119706122448979,0.48155591836734696,0.49323621227887615
0.044,0.4871682326374878,0.013209391589154962,0.5122579591836735,0.41894857142857134,0.5038710204081632,0.5126236734693878,0.4817077551020407,0.4936004162330906
0.0442,0.48723675253243853,0.013682911380795582,0.5116195918367346,0.41667591836734685,0.5049240816326531,0.5149861224489796,0.48114612244897953,0.4940686784599375
0.0444,0.48735958150169534,0.014003890695120542,0.5127575510204081,0.41463020408163265,0.505418775510204,0.514501224489796,0.4829371428571429,0.4939125910509885
0.0446,0.48790527724096927,0.014324579855077518,0.5146302040816326,0.41348571428571435,0.5065518367346938,0.5144995918367348,0.4829469387755102,0.49531737773152973
0.0448,0.4885407844719573,0.014572882493317112,0.5163428571428571,0.4129910204081633,0.5075216326530612,0.5152195918367346,0.48286367346938774,0.49630593132154005
0.045,0.4884444579413451,0.014652721997820655,0.5163444897959184,0.41274285714285713,0.508654693877551,0.5149714285714285,0.48164734693877553,0.49630593132154005
0.0452,0.488152577459704,0.014716769071987691,0.515469387755102,0.4116865306122449,0.5093877551020408,0.513585306122449,0.4822204081632653,0.4965660770031217
0.0454,0.48853694380145396,0.015130451148035622,0.5174334693877551,0.41039346938775506,0.5105175510204081,0.5147330612244898,0.48100571428571426,0.49713839750260147
0.0456,0.48858411093886045,0.015286263816487723,0.5198008163265306,0.41023346938775507,0.5112408163265305,0.51352,0.4793110204081633,0.49739854318418314
0.0458,0.48931715659000324,0.015198654373474296,0.5211232653061224,0.41160489795918365,0.5109926530612243,0.514494693877551,0.4798726530612245,0.4978147762747138
0.046,0.48953130624986724,0.015482076541903395,0.5226808163265306,0.4110220408163265,0.5118889795918367,0.5154595918367346,0.47832163265306116,0.4978147762747138
0.0462,0.48977943836847954,0.015593664792965164,0.5245469387755103,0.41111346938775506,0.5113175510204082,0.5155412244897959,0.4775102040816327,0.49864724245577524
0.0464,0.4905813119836904,0.015760384848277256,0.5262514285714286,0.41126530612244905,0.5129420408163264,0.5157844897959183,0.47776489795918364,0.49947970863683666
0.0466,0.49116855882831795,0.015742873779270573,0.5283657142857143,0.41199183673469386,0.5124555102040815,0.5157012244897958,0.47906938775510205,0.49942767950052025
0.0468,0.4913606268980017,0.01588608711151974,0.5300669387755103,0.411665306122449,0.5118089795918368,0.5163542857142858,0.4795689795918367,0.4986992715920916
0.047,0.49135230421825343,0.015915092707184202,0.5312897959183673,0.4119102040816326,0.5105795918367346,0.5162595918367348,0.47875102040816325,0.4993236212278876
0.0472,0.491737302271585,0.015693374245338874,0.5310351020408163,0.41305469387755095,0.5119477551020408,0.5147902040816327,0.48022040816326533,0.49937565036420395
0.0474,0.4921006850856888,0.015654527318545445,0.5326448979591836,0.4137061224489796,0.512341224489796,0.512501224489796,0.4806302040816326,0.500780437044745
0.0476,0.4927298882258418,0.015492149962951266,0.534501224489796,0.41572571428571437,0.5133142857142857,0.511454693877551,0.4811232653061224,0.5002601456815816
0.0478,0.4930299163994422,0.01512102809089771,0.5354742857142857,0.4183461224489796,0.5127444897959184,0.5096636734693878,0.48153469387755105,0.5004162330905306
0.048,0.4932597404914099,0.015093505014383161,0.5368522448979592,0.4189208163265306,0.5117681632653062,0.5092604081632653,0.4821844897959184,0.5005723204994796
0.0482,0.49422213312380103,0.014626739537066268,0.5374971428571429,0.4226514285714285,0.5125828571428571,0.508930612244898,0.4834106122448979,0.5002601456815816
0.0484,0.49422448498233845,0.014600701041279121,0.5393567346938775,0.4233093877551021,0.512821224489796,0.5061697959183673,0.4844702040816327,0.49921956295525494
0.0486,0.49447264343406455,0.014719531542379401,0.5412081632653061,0.4237991836734694,0.513214693877551,0.5063395918367346,0.48383510204081626,0.4984391259105099
0.0488,0.49480835977262916,0.01472247452710332,0.5424114285714285,0.4249469387755102,0.513534693877551,0.507964081632653,0.48342693877551024,0.4965660770031217
0.049,0.49517619458189105,0.01448248068833782,0.5435493877551021,0.4267379591836734,0.5119885714285715,0.5072359183673469,0.48529142857142854,0.4962539021852237
0.0492,0.49520162415850827,0.014125038577788164,0.543061224489796,0.428698775510204,0.5108391836734694,0.5069877551020407,0.48594122448979593,0.495681581685744
0.0494,0.49549752511202194,0.013832189839965005,0.5430481632653061,0.43080653061224494,0.5113191836734694,0.5064130612244897,0.48706938775510206,0.49432882414151924
0.0496,0.4955565523441427,0.013895477699670561,0.5446644897959183,0.43114122448979586,0.5099297959183674,0.5062481632653062,0.4873910204081633,0.49396462018730497
0.0498,0.49639297415532285,0.013906829334060865,0.5483151020408163,0.4335004081632653,0.5091053061224489,0.5054204081632653,0.4887804081632653,0.49323621227887615
0.05,0.4960715009167038,0.01385472883717806,0.5488,0.4339869387755102,0.5091004081632653,0.5028130612244898,0.48911673469387756,0.4926118626430801
0.0502,0.49641741355022756,0.013575919588908737,0.5489534693877551,0.4363575510204082,0.5091820408163266,0.5026514285714285,0.4904130612244898,0.49094693028095726
0.0504,0.4968561608868314,0.013418380115410612,0.5497436734693878,0.4381469387755102,0.5095053061224492,0.5010008163265306,0.49194938775510205,0.49079084287200825
0.0506,0.4973376137385235,0.01345542774907602,0.5510318367346938,0.4390383673469388,0.510233469387755,0.50008,0.49259102040816327,0.49105098855359
0.0508,0.49703423871109315,0.013114852277432854,0.5505126530612245,0.4413110204081633,0.5092506122448979,0.4987787755102041,0.4929142857142857,0.4894380853277835
0.051,0.4977180638082497,0.012848414644627139,0.5513126530612245,0.4440702040816326,0.5082693877551021,0.4982122448979592,0.4954220408163266,0.4890218522372528
0.0512,0.49843270431169345,0.012702732414938005,0.5528391836734694,0.44707428571428576,0.508109387755102,0.4980522448979592,0.4968,0.48772112382934446
0.0514,0.4987130027536509,0.012778111603390322,0.5549355102040817,0.44918040816326527,0.5085110204081632,0.4975510204081631,0.4959918367346939,0.486108220603538
0.0516,0.4994225966432358,0.01276896213660255,0.5568702040816327,0.4523281632653061,0.5096424489795919,0.49771755102040816,0.49574204081632656,0.4842351716961498
0.0518,0.4991707221077817,0.012574413044202362,0.5568522448979591,0.45468081632653057,0.5085942857142858,0.49713142857142856,0.4952473469387755,0.48251821019771074
0.052,0.5002485656239604,0.012176747710944633,0.5573224489795918,0.45906612244897965,0.5080930612244897,0.4977730612244898,0.49635428571428575,0.48288241415192507
0.0522,0.5008794481372153,0.012161615854390477,0.5583673469387754,0.46124897959183675,0.5076097959183674,0.49759510204081625,0.49934204081632655,0.48111342351716957
0.0524,0.5013659583625334,0.012284931223380285,0.5599689795918368,0.46261877551020414,0.5081681632653062,0.4963608163265307,0.5003297959183672,0.48074921956295535
0.0526,0.5016401421421847,0.01212045290988843,0.5597877551020407,0.4652342857142857,0.5080751020408163,0.49668408163265304,0.5011314285714284,0.47892819979188345
0.0528,0.5020908837874379,0.012181119644482484,0.5619053061224489,0.469934693877551,0.5072489795918368,0.49562938775510207,0.5014481632653061,0.476378772112383
0.053,0.5035300734070943,0.01231001829964915,0.5641828571428571,0.4741404081632653,0.5084604081632651,0.49725224489795916,0.502742857142857,0.4744016649323621
0.0532,0.503666882994613,0.01212514832672341,0.5636816326530611,0.4773028571428572,0.5081975510204082,0.49635428571428564,0.5031559183673469,0.4733090530697191
0.0534,0.5043837819165127,0.011988872922560899,0.5641567346938776,0.48030857142857136,0.5077126530612245,0.49700897959183676,0.503650612244898,0.473465140478668
0.0536,0.5049220958893442,0.012020865827669426,0.5647183673469387,0.48257306122448984,0.5067248979591836,0.49783020408163264,0.5055216326530612,0.47216441207075965
0.0538,0.5059039472771419,0.011848828154237871,0.5638922448979592,0.4856685714285714,0.5081714285714286,0.4991281632653061,0.5076995918367346,0.47086368366285125
0.054,0.5064291029044292,0.011960667423584946,0.5640538775510204,0.4880212244897959,0.5083265306122449,0.5000848979591838,0.5095657142857143,0.46852237252861595
0.0542,0.507183374177975,0.011974993292412035,0.5634857142857144,0.49191346938775504,0.5092097959183672,0.5001599999999999,0.5121502040816327,0.46618106139438087
0.0544,0.5079587153404546,0.012033295690785697,0.5640604081632652,0.4958889795918367,0.509694693877551,0.49981551020408166,0.5130481632653061,0.4652445369406868
0.0546,0.5079851110308848,0.012217454700032531,0.5632506122448979,0.4979265306122449,0.5116391836734694,0.49827102040816335,0.5143363265306122,0.4624869927159209
0.0548,0.5080737010058965,0.012311735051639487,0.5632571428571429,0.5001208163265305,0.5108163265306123,0.49857632653061223,0.5145893877551021,0.4610822060353798
0.055,0.5085211413847536,0.01247628442728612,0.5624440816326531,0.5045061224489796,0.5131608163265307,0.4974383673469388,0.5149926530612243,0.4585848074921956
0.0552,0.509449079261257,0.012547035976402039,0.561875918367347,0.5079183673469387,0.5142057142857143,0.4984097959183674,0.5169485714285714,0.4573361082206035
0.0554,0.5094761270501957,0.012911230551527621,0.5618775510204082,0.5114987755102041,0.5115102040816326,0.49840163265306126,0.5191461224489797,0.4544224765868886
0.0556,0.509762612075007,0.013144028805620406,0.5621191836734694,0.5142742857142857,0.5110024489795919,0.49855346938775513,0.5197126530612246,0.4529136316337149
0.0558,0.5106507141795323,0.01335197541868612,0.5625257142857143,0.5168832653061225,0.5106742857142856,0.5003493877551021,0.521650612244898,0.4518210197710718
0.056,0.511129308047881,0.013595973210888804,0.5626889795918367,0.5189142857142858,0.5104244897959184,0.5014008163265306,0.5230351020408163,0.45031217481789804
0.0562,0.5119385501214013,0.013774613503761246,0.5617975510204081,0.5224865306122449,0.510334693877551,0.5034383673469389,0.5248228571428571,0.4487513007284079
0.0564,0.5120386250150425,0.014060465907539578,0.5622857142857143,0.5231314285714286,0.5090285714285714,0.5028751020408163,0.5272522448979592,0.4476586888657648
0.0566,0.5125106007772515,0.014067767275977248,0.5607477551020408,0.5244408163265306,0.5082857142857142,0.5062008163265307,0.5287183673469388,0.44667013527575444
0.0568,0.5129177271408043,0.01400920833602165,0.5592816326530612,0.5263069387755103,0.5086808163265306,0.5084,0.5286351020408163,0.4462018730489074
0.057,0.5125778379947191,0.014044872608094571,0.557098775510204,0.5293273469387755,0.5084963265306122,0.5075069387755102,0.5279804081632653,0.44505723204994807
0.0572,0.5122014706902532,0.014024823089961122,0.5558808163265306,0.5286024489795919,0.50808,0.5079232653061224,0.5283934693877551,0.44432882414151925
0.0574,0.5124196456355695,0.01395614014920244,0.5527804081632652,0.5309746938775509,0.5070220408163266,0.509381224489796,0.5303428571428571,0.44401664932362117
0.0576,0.512341237514777,0.01393554718961628,0.5504979591836735,0.5316342857142857,0.5072767346938776,0.5099477551020407,0.5314024489795919,0.4432882414151925
0.0578,0.5122082841711086,0.013865656449825257,0.5483804081632653,0.5326204081632653,0.5062187755102041,0.5110089795918367,0.5318889795918367,0.44313215400624345
0.058,0.5129335417330304,0.014055169660357442,0.5476489795918368,0.5346497959183674,0.5067951020408163,0.5117322448979592,0.5341632653061223,0.4426118626430801
0.0582,0.5127107457509539,0.013752385423823347,0.5453697959183674,0.5343281632653062,0.5075183673469388,0.5106840816326531,0.5346595918367347,0.4437044745057232
0.0584,0.5131305689226784,0.013931084112273742,0.5442285714285713,0.5363820408163266,0.5076685714285714,0.5114889795918367,0.5360391836734694,0.4429760665972945
0.0586,0.5136343658462345,0.014007426775822536,0.5427722448979592,0.5366367346938775,0.5088963265306122,0.5131951020408163,0.5379020408163265,0.44240374609781474
0.0588,0.5136126175256783,0.013881124801537265,0.5391999999999999,0.5377061224489796,0.5087265306122449,0.5140016326530612,0.5392734693877552,0.4427679500520291
0.059,0.5141286845477004,0.013784122020961468,0.5386187755102041,0.5377159183673469,0.5102726530612245,0.5150595918367348,0.5397648979591836,0.4433402705515088
0.0592,0.5145977534739182,0.013656944849235235,0.5385436734693878,0.538385306122449,0.5091183673469388,0.5171004081632653,0.5398497959183673,0.4445889698231009
0.0594,0.51490403533734,0.01383384675777197,0.538138775510204,0.5385583673469388,0.5083885714285714,0.5190481632653061,0.5413257142857144,0.44396462018730487
0.0596,0.5151189905639675,0.01364471872850816,0.5377191836734693,0.5395444897959184,0.5086220408163266,0.5192097959183674,0.5404571428571427,0.4451612903225806
0.0598,0.5157630770102005,0.013642515318962597,0.5381077551020408,0.5402889795918366,0.5088587755102041,0.5199412244897959,0.54144,0.4459417273673257
0.06,0.515827720274374,0.013341604117547465,0.5355738775510204,0.5401991836734694,0.5099151020408164,0.5202122448979591,0.5417714285714285,0.4472944849115505
0.0602,0.5163032275053622,0.013293208273816526,0.5349142857142857,0.5397257142857141,0.5097404081632652,0.5210236734693877,0.5441322448979592,0.44828303850156087
0.0604,0.5164991099124353,0.013364105508065152,0.5335951020408163,0.5403820408163266,0.5100620408163264,0.5207820408163265,0.5458383673469388,0.4483350676378772
0.0606,0.5166157415390714,0.013248048304243363,0.5318791836734694,0.5394318367346939,0.5099755102040816,0.5215118367346939,0.5476244897959184,0.4492715920915712
0.0608,0.5167079349034098,0.013208063823200016,0.5308146938775511,0.5382236734693877,0.5102204081632653,0.5219151020408163,0.5493338775510204,0.44973985431841823
0.061,0.5167148814655934,0.013260240203319234,0.529505306122449,0.5372555102040816,0.5111183673469387,0.5219216326530611,0.5509567346938775,0.449531737773153
0.0612,0.5167873799259558,0.013068816517254852,0.5290040816326529,0.5353175510204082,0.51064,0.5227330612244898,0.5520930612244899,0.4509365244536941
0.0614,0.5170896053572314,0.013116031186118272,0.5284130612244897,0.5344326530612246,0.5118742857142856,0.5217551020408163,0.5546057142857143,0.4514568158168575
0.0616,0.5175809201016515,0.012891301586425758,0.5292930612244897,0.5339542857142857,0.5122791836734695,0.520785306122449,0.5555836734693878,0.4535900104058272
0.0618,0.5176173515399917,0.012780035525180795,0.5293534693877551,0.5319248979591837,0.5127951020408164,0.5207200000000001,0.5564881632653061,0.4544224765868886
0.062,0.5177837012182605,0.012435344257124574,0.5291069387755101,0.5312751020408164,0.5113322448979591,0.5201648979591836,0.5573828571428571,0.45744016649323616
0.0622,0.5184746875066364,0.01238432186542723,0.5293534693877551,0.5308832653061224,0.5114285714285713,0.5203412244897959,0.5595804081632654,0.459261186264308
0.0624,0.5192520965264358,0.012254431149389726,0.5296604081632653,0.5299951020408162,0.5120751020408163,0.5213273469387755,0.5612163265306123,0.46123829344432893
0.0626,0.5197538389008048,0.011979800602596699,0.5309469387755102,0.5274987755102041,0.5141061224489796,0.5220604081632654,0.5610595918367347,0.4628511966701353
0.0628,0.519785808716827,0.011794057931892763,0.5312636734693877,0.5257224489795919,0.5146775510204081,0.5224702040816326,0.560741224489796,0.4638397502601457
0.063,0.5202599602171774,0.011724378844114322,0.53272,0.523541224489796,0.5143608163265306,0.5232081632653062,0.5621208163265307,0.4656087408949011
0.0632,0.5204026316124785,0.011518766887973372,0.5330432653061226,0.5225665306122449,0.5146808163265306,0.5212571428571429,0.5630220408163266,0.46784599375650365
0.0634,0.5205426130660381,0.011330613461892293,0.53376,0.5210416326530612,0.5149338775510204,0.5214938775510205,0.5627755102040816,0.46925078043704477
0.0636,0.5207256548238443,0.011558647467890995,0.5352163265306122,0.5185208163265307,0.5144457142857144,0.521418775510204,0.5649812244897958,0.46977107180020816
0.0638,0.5198173243574225,0.011439036463764794,0.5356097959183674,0.5148424489795917,0.5134791836734693,0.5201191836734693,0.5642497959183673,0.4706035379812695
0.064,0.5196556090240466,0.011525185587971064,0.5347134693877551,0.5115967346938775,0.5144457142857142,0.5189028571428571,0.566370612244898,0.4719042663891779
0.0642,0.5203894038947525,0.011574496177275661,0.5364212244897959,0.510370612244898,0.5168114285714285,0.5180146938775512,0.567513469387755,0.47320499479708633
0.0644,0.5210128868030043,0.011724156354422649,0.5388571428571429,0.5077714285714285,0.5168163265306122,0.5191542857142857,0.5688163265306122,0.47466181061394386
0.0646,0.5211967293139941,0.012078496658553359,0.5408097959183673,0.5051575510204082,0.5178726530612244,0.5165616326530612,0.5711804081632653,0.47559833506763793
0.0648,0.5212971315310724,0.012088405991271972,0.5412930612244897,0.5016636734693878,0.5188538775510204,0.5167314285714286,0.5716653061224489,0.47757544224765863
0.065,0.5219532471136218,0.012227741396641796,0.5434073469387755,0.5008489795918367,0.521528163265306,0.5147967346938775,0.5724702040816327,0.4786680541103019
0.0652,0.52231671742162,0.012515495339779517,0.5443004081632653,0.5001828571428572,0.5215265306122449,0.5134987755102041,0.5748391836734694,0.4795525494276795
0.0654,0.5218465589274212,0.012416062603844997,0.5437371428571429,0.49846367346938775,0.5218383673469388,0.5116342857142857,0.5743444897959182,0.48106139438085327
0.0656,0.5221627590307715,0.012596389165456408,0.5464946938775511,0.4970808163265306,0.5225763265306123,0.5094497959183674,0.5747526530612245,0.4826222684703435
0.0658,0.5221175374291237,0.012722312330559371,0.5466628571428571,0.4951297959183673,0.5235493877551021,0.5092016326530613,0.5750710204081633,0.48309053069719043
0.066,0.5222975188826832,0.012829092621094378,0.5478775510204081,0.4946481632653061,0.5236195918367347,0.5074220408163266,0.5757224489795918,0.48449531737773155
0.0662,0.5224589202007546,0.012998873271188868,0.5491069387755102,0.4934155102040817,0.5228081632653061,0.5076669387755102,0.5765322448979592,0.48522372528616026
0.0664,0.5225588860809672,0.013047951633760097,0.5491020408163265,0.49284081632653065,0.5241208163265306,0.5051477551020407,0.5770971428571429,0.4870447450572321
0.0666,0.5225765264357564,0.013166508926411503,0.5507379591836734,0.49112,0.5247689795918367,0.503854693877551,0.5766840816326531,0.48829344432882416
0.0668,0.5227993883921934,0.01311640856731334,0.5520391836734694,0.4925763265306122,0.5251804081632654,0.501818775510204,0.5761077551020408,0.4890738813735692
0.067,0.5225702571725881,0.013428566511303414,0.5525224489795919,0.492,0.5242204081632653,0.49954612244897956,0.5776424489795918,0.48949011446409996
0.0672,0.5225213795153858,0.013501932394041525,0.551789387755102,0.48970938775510203,0.5249485714285715,0.4991428571428571,0.5782269387755102,0.49131113423517175
0.0674,0.522265878938464,0.013798677512542106,0.5517224489795918,0.48927999999999994,0.5233142857142857,0.49621714285714286,0.580189387755102,0.49287200832466177
0.0676,0.522121342422505,0.013904466036946037,0.5530285714285714,0.4889355102040816,0.5224261224489796,0.49427102040816334,0.5799461224489797,0.494120707596254
0.0678,0.5218318642004148,0.013817919014185184,0.5522285714285714,0.48859265306122446,0.5216995918367348,0.4932195918367347,0.5796212244897958,0.49562955254942764
0.068,0.5218372596572448,0.014156260796227695,0.5541779591836734,0.48981877551020414,0.5212897959183674,0.4885877551020408,0.5802710204081633,0.49687825182101975
0.0682,0.5215137630161326,0.014159038306802521,0.554429387755102,0.49013551020408164,0.5203983673469388,0.4868848979591836,0.5796277551020407,0.4976066597294485
0.0684,0.5210244238215578,0.01421595840466663,0.5546889795918368,0.49079346938775503,0.5189420408163266,0.48453551020408164,0.5790595918367346,0.49812695109261185
0.0686,0.5208795228892805,0.014302057057468289,0.5548555102040815,0.48940571428571433,0.5187869387755102,0.48405551020408166,0.5790579591836735,0.4991155046826223
0.0688,0.5206035170280391,0.01442517168357072,0.5539804081632653,0.4896506122448979,0.518545306122449,0.4821044897959183,0.5797044897959184,0.4996357960457856
0.069,0.5202267793610681,0.014566531734772604,0.5550432653061226,0.48868081632653065,0.5172489795918367,0.4806285714285714,0.579134693877551,0.500624349635796
0.0692,0.5202923731657074,0.01471646874652184,0.5563526530612244,0.4902204081632653,0.5165175510204081,0.4791542857142857,0.5793012244897959,0.5002081165452653
0.0694,0.5200242069273079,0.014684601402630133,0.5563510204081632,0.49094530612244897,0.5147379591836734,0.4780930612244898,0.5788212244897959,0.5011966701352757
0.0696,0.5200766052935221,0.014568614308458773,0.5552261224489795,0.4932244897959183,0.5131085714285715,0.47719836734693877,0.5791526530612244,0.5025494276795006
0.0698,0.5198647500123877,0.014420169503554606,0.554995918367347,0.49387265306122446,0.5127134693877551,0.47595918367346934,0.5776930612244897,0.5039542143600416
0.07,0.5199872241924867,0.014243571411885892,0.5542710204081633,0.4956620408163266,0.511730612244898,0.4757877551020407,0.5773730612244898,0.505098855359001
0.0702,0.5194774001005188,0.014295384230690393,0.5532914285714285,0.4954922448979592,0.5112522448979592,0.47458285714285714,0.577302857142857,0.504942767950052
0.0704,0.5196072571796669,0.013878978460911936,0.5527297959183674,0.4972032653061225,0.5104375510204082,0.47564408163265304,0.5755934693877551,0.5060353798126951
0.0706,0.5196546497058762,0.013691526222497382,0.5527363265306123,0.4972734693877551,0.5099461224489796,0.47596734693877546,0.5744604081632654,0.507544224765869
0.0708,0.5198403658320768,0.013502613250048406,0.5515918367346938,0.49841632653061224,0.5099477551020408,0.4757093877551021,0.5740636734693878,0.5093132154006244
0.071,0.5192117069096108,0.013255404418465488,0.5488555102040815,0.4989061224489795,0.5078334693877551,0.4761779591836735,0.5736636734693878,0.5098335067637877
0.0712,0.5190914084676533,0.01307388341595426,0.5484538775510204,0.49996408163265293,0.5076751020408163,0.47504,0.5719689795918368,0.5114464099895941
0.0714,0.518686659163145,0.01275737030519877,0.5474742857142856,0.5009436734693878,0.5058873469387756,0.4756130612244898,0.5701828571428571,0.5120187304890739
0.0716,0.518380603821133,0.012616449194000784,0.547395918367347,0.5020979591836735,0.5049142857142858,0.4756930612244898,0.569048163265306,0.5111342351716962
0.0718,0.5183316494298031,0.012144363036466696,0.546429387755102,0.504785306122449,0.5048375510204082,0.47552326530612243,0.5661355102040816,0.5122788761706556
0.072,0.5183602460588814,0.012131494791156335,0.5465942857142857,0.5053518367346939,0.5039428571428571,0.4751967346938776,0.5656522448979592,0.513423517169615
0.0722,0.5182405181677249,0.01192089853602852,0.5462726530612244,0.5060179591836734,0.5038628571428572,0.47552000000000005,0.5643461224489796,0.513423517169615
0.0724,0.5179115433894682,0.011786121441581584,0.545701224489796,0.5068375510204082,0.5038677551020407,0.47430204081632654,0.5625567346938775,0.5142039542143599
0.0726,0.5180963616414308,0.011447178089812436,0.5456995918367347,0.5093518367346939,0.504349387755102,0.47445877551020404,0.5602024489795918,0.514516129032258
0.0728,0.5178229641742232,0.01084861065135702,0.5442318367346939,0.5108995918367347,0.5052555102040817,0.47535183673469394,0.5567869387755102,0.5144120707596253
0.073,0.5185694402797539,0.010388576596886943,0.5448130612244897,0.5117093877551021,0.5068881632653062,0.4773828571428571,0.5547542857142856,0.5158688865764829
0.0732,0.5187358474378305,0.009994467131623327,0.5442367346938776,0.5121371428571428,0.5094155102040816,0.4777861224489796,0.5523983673469388,0.5164412070759624
0.0734,0.5189430709224377,0.009486563670550653,0.5419608163265306,0.5136048979591836,0.5128391836734693,0.4781061224489796,0.5501338775510203,0.5170135275754423
0.0736,0.5191017463384937,0.00912709122668486,0.541469387755102,0.515724081632653,0.5135085714285714,0.47891918367346936,0.5480277551020408,0.516961498439126
0.0738,0.5194186908478272,0.00898978303516624,0.5402546938775511,0.5178334693877551,0.5148130612244899,0.47817795918367345,0.5468065306122449,0.5186264308012487
0.074,0.5196906918105432,0.008789032059272214,0.5390367346938776,0.5192212244897959,0.516858775510204,0.47833632653061225,0.5459085714285714,0.5187825182101977
0.0742,0.5203894206007065,0.008470832958231811,0.5390432653061225,0.5214171428571428,0.5188179591836735,0.4793110204081633,0.5437159183673469,0.5200312174817898
0.0744,0.5206506858643561,0.008048832485877499,0.537345306122449,0.5236097959183673,0.5203755102040817,0.48045387755102037,0.5413599999999998,0.5207596253902185
0.0746,0.5201546266290075,0.0078094222607685134,0.536865306122449,0.5243379591836734,0.5209420408163264,0.48053224489795915,0.5382710204081633,0.5199791883454734
0.0748,0.5205823505843544,0.00769592132075009,0.5363118367346938,0.5251575510204082,0.5241208163265305,0.4806040816326531,0.5364881632653061,0.5208116545265349
0.075,0.5207758559323833,0.007627193980158556,0.5354171428571429,0.5271869387755101,0.5249371428571428,0.4807542857142858,0.5356,0.5207596253902185
0.0752,0.520630262127744,0.007588494612344558,0.5352636734693877,0.5270187755102042,0.5261632653061225,0.4804342857142857,0.5337257142857144,0.5211758584807493
0.0754,0.5211423757848613,0.007488690015135084,0.5348636734693877,0.5282334693877552,0.5288620408163265,0.4810775510204082,0.5318612244897959,0.5219562955254944
0.0756,0.5210138529168171,0.007617563673640267,0.5330906122448981,0.5293714285714286,0.5305681632653061,0.47993795918367343,0.5306383673469387,0.5224765868886576
0.0758,0.5210341735861878,0.007500989874603183,0.5326889795918367,0.5300228571428571,0.5309779591836735,0.4805061224489796,0.5290122448979592,0.522996878251821
0.076,0.5213279480699669,0.007535243651298829,0.5326955102040817,0.5303575510204082,0.5330922448979593,0.48066612244897955,0.5272228571428571,0.523933402705515
0.0762,0.5220135748617866,0.007486072071083345,0.5323787755102041,0.5322987755102041,0.5352114285714286,0.48189551020408167,0.5258432653061226,0.5244536940686785
0.0764,0.5229653696900196,0.007390649018811657,0.5323036734693877,0.5338351020408163,0.5370057142857143,0.48360816326530615,0.5245567346938775,0.5264828303850155
0.0766,0.5232447787522917,0.007416749615123352,0.5322269387755103,0.5357077551020408,0.5368440816326532,0.4840130612244898,0.5229453061224489,0.5277315296566076
0.0768,0.5243328437639363,0.007449431921656706,0.5319151020408164,0.5374987755102041,0.5392097959183673,0.4853942857142857,0.5225306122448978,0.5294484911550468
0.077,0.5254178076974806,0.007762471481512242,0.5328930612244898,0.5390318367346938,0.5422236734693877,0.48546938775510207,0.5215673469387754,0.5313215400624349
0.0772,0.5260727833110351,0.007821308703925276,0.5317567346938775,0.5396065306122448,0.5446612244897959,0.48645061224489794,0.5210791836734694,0.532882414151925
0.0774,0.5267012983924059,0.008000256926028477,0.5312702040816326,0.5424538775510205,0.546698775510204,0.487265306122449,0.519949387755102,0.532570239334027
0.0776,0.5262594295907749,0.007877029560931437,0.5290742857142858,0.5426106122448979,0.545738775510204,0.4875036734693877,0.5201110204081634,0.5325182101977107
0.0778,0.5275592264293856,0.008002311150925735,0.528675918367347,0.5443167346938776,0.5493926530612244,0.4893730612244898,0.5201942857142857,0.5334027055150885
0.078,0.5282011515782171,0.0082228432214214,0.5280277551020408,0.5469126530612245,0.5513485714285713,0.49041795918367354,0.5187330612244898,0.5337669094693028
0.0782,0.528313548103945,0.008303835760002548,0.5260881632653062,0.5480473469387754,0.5528979591836733,0.4915657142857143,0.5179314285714285,0.5333506763787721
0.0784,0.5290179863662426,0.008340479636901262,0.5256081632653061,0.5499951020408164,0.5533910204081632,0.49254857142857145,0.5187461224489797,0.5338189386056191
0.0786,0.5294569075580284,0.008416368287380217,0.5251151020408164,0.5510481632653061,0.5535689795918367,0.4929567346938775,0.5186726530612245,0.5353798126951093
0.0788,0.5295715936489059,0.008684045277569486,0.5234089795918366,0.5521861224489796,0.5547918367346938,0.4923836734693878,0.5190710204081632,0.5355879292403747
0.079,0.5298756723084656,0.008871086019423113,0.5223526530612246,0.5533142857142856,0.5562710204081632,0.4934448979591838,0.517294693877551,0.536576482830385
0.0792,0.5301686100787869,0.009087602089792313,0.5216065306122449,0.5539575510204082,0.5575657142857142,0.49303346938775505,0.5176995918367348,0.5371488033298648
0.0794,0.5302670259862531,0.009565405046804205,0.5193289795918367,0.5553306122448979,0.5595216326530613,0.49172244897959183,0.518029387755102,0.5376690946930281
0.0796,0.5309589832020217,0.009600109851517345,0.5193355102040816,0.5574383673469387,0.5595199999999999,0.49269224489795926,0.5186824489795919,0.5380853277835589
0.0798,0.5314331202616323,0.010014048373577849,0.5189191836734695,0.5597844897959183,0.5614857142857141,0.49204734693877555,0.5188489795918367,0.5375130072840791
0.08,0.5314888510409367,0.010292044384510758,0.5179526530612246,0.5614889795918367,0.561570612244898,0.4912489795918368,0.518690612244898,0.5379812695109262
0.0802,0.5319583311035131,0.010212317011681522,0.5179575510204082,0.5622171428571429,0.5616620408163264,0.49248816326530614,0.5191836734693878,0.5382414151925078
0.0804,0.5320459812978262,0.010880585911725821,0.5174677551020409,0.5665861224489797,0.5621502040816326,0.4904538775510205,0.5182089795918368,0.5374089490114463
0.0806,0.5326046207536085,0.01119215701901891,0.517475918367347,0.5685338775510204,0.5631379591836735,0.4893926530612244,0.5196783673469387,0.5374089490114464
0.0808,0.5329335439982444,0.011240519061926708,0.5166742857142858,0.5695869387755103,0.5637828571428571,0.49045224489795913,0.5200081632653061,0.5370967741935484
0.081,0.5329456965887293,0.011254450308133738,0.516675918367347,0.5695820408163265,0.5641012244897959,0.490545306122449,0.5199330612244897,0.5368366285119667
0.0812,0.5330948841555352,0.011525611107075612,0.5158677551020407,0.57096,0.5646808163265307,0.4896636734693877,0.5206644897959183,0.536732570239334
0.0814,0.533512222387394,0.011973536510574756,0.5160408163265306,0.5742889795918368,0.5650922448979592,0.4883608163265306,0.5212342857142857,0.5360561914672216
0.0816,0.5339402136380046,0.012291792984678846,0.5152277551020409,0.5763102040816326,0.5664783673469387,0.48852244897959185,0.5209942857142856,0.5361082206035379
0.0818,0.5345234351971798,0.012463993516436171,0.5156408163265306,0.5778334693877551,0.5669616326530612,0.4881208163265306,0.5222155102040815,0.5363683662851196
0.082,0.5338011815923039,0.012681287342802284,0.5162987755102041,0.5780702040816326,0.5657355102040815,0.48528163265306123,0.5217289795918367,0.5356919875130073
0.0822,0.5336723050677087,0.01301716375883859,0.5165436734693878,0.5782089795918367,0.5672979591836734,0.4830938775510204,0.5221338775510204,0.5347554630593132
0.0824,0.5334706627874876,0.013260107788791404,0.5169648979591837,0.5807265306122449,0.5665632653061226,0.4828620408163265,0.5205126530612244,0.5331945889698231
0.0826,0.5333062071113565,0.01351289402851419,0.516968163265306,0.5820146938775511,0.5677910204081632,0.48304489795918365,0.5186448979591837,0.5313735691987513
0.0828,0.5340286668507154,0.013918044549120913,0.5181861224489797,0.585585306122449,0.5687689795918367,0.4830514285714286,0.5184032653061225,0.5301768990634755
0.083,0.533871142163421,0.014287459021006104,0.5197338775510205,0.588014693877551,0.568290612244898,0.4817648979591837,0.5168587755102041,0.5285639958376691
0.0832,0.5340967826881012,0.01452420917975157,0.5206334693877551,0.5908375510204081,0.5675608163265305,0.4819510204081633,0.516698775510204,0.5268990634755463
0.0834,0.533548930465006,0.01482306671446193,0.5210448979591835,0.5916424489795918,0.5671657142857143,0.4800097959183674,0.5155722448979592,0.5258584807492195
0.0836,0.5329631268449107,0.015094135840581419,0.5210563265306122,0.592675918367347,0.5662742857142857,0.4783069387755102,0.5148555102040816,0.5246097814776274
0.0838,0.5323034486468886,0.015491061233138988,0.5222008163265306,0.5943689795918368,0.5652799999999999,0.47628408163265307,0.5133142857142857,0.5223725286160249
0.084,0.5315539949174258,0.015759575910932664,0.5219624489795918,0.5962987755102042,0.5628522448979593,0.4749730612244898,0.5127379591836735,0.5204994797086367
0.0842,0.5312066976717847,0.015862020640014983,0.5218024489795918,0.5975967346938775,0.5617942857142857,0.4755379591836735,0.5122465306122449,0.5182622268470343
0.0844,0.5307277657202318,0.016251880794118614,0.5218089795918368,0.5991363265306123,0.5614677551020408,0.47408,0.5099755102040816,0.51789802289282
0.0846,0.5298413285480685,0.016806011156918644,0.5218138775510205,0.6014057142857142,0.5598497959183674,0.4709991836734694,0.509578775510204,0.5154006243496358
0.0848,0.5285899778433746,0.017211318005651018,0.5206024489795917,0.6027069387755102,0.5574122448979592,0.4679085714285714,0.5095902040816326,0.5133194588969824
0.085,0.5278705999277964,0.01762397764269596,0.5207640816326531,0.6048179591836735,0.5558008163265307,0.4665420408163266,0.5080604081632653,0.5112382934443288
0.0852,0.5270992288361754,0.01782423664601845,0.5209289795918368,0.6053061224489796,0.554342857142857,0.46508081632653064,0.5081436734693877,0.508792924037461
0.0854,0.5266904349918947,0.018037969733870916,0.5213338775510203,0.6068522448979591,0.5529714285714284,0.4651673469387755,0.5072620408163265,0.5065556711758585
0.0856,0.5256280920526378,0.01824929181426827,0.521164081632653,0.6068555102040816,0.5517681632653061,0.4635444897959184,0.5058057142857143,0.504630593132154
0.0858,0.5241465372663113,0.018219872650223255,0.5206710204081633,0.6057077551020408,0.5495167346938776,0.46289632653061225,0.5035379591836734,0.5025494276795005
0.086,0.5233651748816072,0.018305777577184587,0.5200130612244898,0.604974693877551,0.5496016326530613,0.4619248979591837,0.5028963265306122,0.5007804370447451
0.0862,0.5219795102890271,0.018519376919622715,0.5198530612244896,0.6058710204081633,0.5457828571428572,0.4607167346938775,0.5011102040816326,0.4985431841831426
0.0864,0.5208897922373944,0.018684320861333988,0.51936,0.6063657142857142,0.5431820408163265,0.4597469387755102,0.5002220408163265,0.49646201873048906
0.0866,0.52015405664451,0.01888289554424692,0.5205746938775511,0.606764081632653,0.541235918367347,0.4584489795918367,0.49868734693877553,0.49521331945889696
0.0868,0.5193091286712396,0.019356867880953428,0.5205616326530611,0.6082383673469389,0.5399461224489797,0.4559281632653061,0.49789224489795914,0.49328824141519256
0.087,0.5180646729951085,0.019546471213446142,0.5191869387755103,0.6087363265306122,0.5376767346938776,0.45512489795918365,0.49619591836734694,0.49146722164412077
0.0872,0.5165916410768261,0.019878698781442477,0.5185322448979591,0.6092277551020409,0.5355755102040816,0.45333061224489796,0.49401795918367347,0.4888657648283038
0.0874,0.5155171970807053,0.019913058869010767,0.5172995918367347,0.609395918367347,0.5328930612244898,0.4536555102040817,0.4931265306122449,0.48673257023933403
0.0876,0.5142463420331712,0.020213847767608775,0.5152636734693876,0.6102073469387754,0.5316930612244898,0.4529257142857143,0.4912571428571429,0.4841311134235172
0.0878,0.5130183975026014,0.02009875675443863,0.5146873469387755,0.6082661224489796,0.5296832653061225,0.4513044897959183,0.49133877551020405,0.4828303850156087
0.088,0.512534029320365,0.02024039092383258,0.5125567346938775,0.6087673469387755,0.5307510204081632,0.4521959183673469,0.490444081632653,0.4804890738813735
0.0882,0.5108855843190553,0.02022343737705397,0.5115755102040815,0.607724081632653,0.5269469387755101,0.45090938775510203,0.48922938775510205,0.47892819979188345
0.0884,0.5098179526711829,0.02042095242975219,0.5095297959183673,0.6082318367346938,0.5251755102040816,0.44960163265306113,0.4880130612244898,0.4783558792924037
0.0886,0.5086091588269022,0.020350099905647245,0.5083118367346938,0.6071820408163265,0.5229861224489796,0.44959999999999994,0.4874563265306122,0.4761186264308012
0.0888,0.5074020180226096,0.020339773171198405,0.5070024489795918,0.6062057142857142,0.5212914285714285,0.44902530612244906,0.48664163265306115,0.47424557752341306
0.089,0.5064971337962864,0.02042649720909103,0.5069093877551021,0.6064620408163265,0.5181240816326531,0.44903020408163263,0.4863967346938775,0.4720603537981269
0.0892,0.505685515796329,0.020438116116194796,0.505526530612245,0.6063918367346939,0.5161012244897959,0.4492702040816326,0.4860636734693878,0.47075962539021854
0.0894,0.5041825099987967,0.020279513009032694,0.5036457142857143,0.6053420408163265,0.5115493877551021,0.4495183673469388,0.48485224489795914,0.47018730489073884
0.0896,0.5034026568129853,0.02039404408868774,0.5012032653061225,0.6057534693877551,0.5107363265306122,0.44976816326530616,0.48396408163265303,0.4689906347554631
0.0898,0.5023392098650074,0.020335981736323873,0.4994089795918367,0.6050253061224489,0.5084653061224489,0.4500930612244898,0.4835608163265306,0.46748178980228927
0.09,0.5020269775673016,0.020084347807164137,0.49785959183673467,0.6039722448979592,0.5077257142857142,0.4513142857142857,0.483235918367347,0.468054110301769
0.0902,0.5017304352750466,0.019852116788793103,0.4959885714285715,0.6034922448979592,0.5055248979591837,0.45327346938775503,0.4837371428571428,0.46836628511966705
0.0904,0.5010160680130533,0.0198036747036348,0.49363755102040824,0.603164081632653,0.5041469387755102,0.45459102040816324,0.48364734693877554,0.4669094693028096
0.0906,0.5006964587624853,0.019816126396331443,0.49192489795918365,0.6039151020408162,0.5017828571428571,0.4573518367346939,0.48364734693877554,0.4655567117585848
0.0908,0.5007535860462812,0.019577290516795604,0.49093551020408166,0.6034367346938776,0.49992000000000003,0.4597126530612245,0.48454367346938776,0.4659729448491155
0.091,0.5004619776734835,0.01957257880782023,0.48930938775510213,0.6032163265306122,0.5000848979591836,0.45946938775510204,0.484458775510204,0.46623309053069717
0.0912,0.4998744587200125,0.019518608272740906,0.4880114285714286,0.6026497959183673,0.49887020408163263,0.45953959183673465,0.48389061224489793,0.4662851196670136
0.0914,0.5000783916979903,0.019162947469638897,0.4880097959183673,0.6010220408163265,0.49976816326530604,0.4621453061224489,0.48381224489795915,0.46571279916753383
0.0916,0.49923396122236613,0.019151822515765318,0.48556897959183665,0.6004538775510204,0.4991036734693878,0.4629697959183673,0.4822710204081632,0.4650364203954214
0.0918,0.5000270554340362,0.019153983495155787,0.4850742857142857,0.6013632653061224,0.49999346938775513,0.464189387755102,0.4835689795918367,0.46597294484911556
0.092,0.5003684801121281,0.01878144014183025,0.48498612244897965,0.5999820408163264,0.5002285714285715,0.46761632653061225,0.4833208163265306,0.46607700312174816
0.0922,0.5005461108397574,0.018626943981412594,0.48311346938775507,0.5993371428571429,0.5015216326530612,0.4702204081632654,0.48331918367346943,0.46576482830385013
0.0924,0.5013051866324053,0.018392521337120604,0.4832685714285714,0.5990922448979592,0.5015281632653061,0.47429714285714286,0.483724081632653,0.46592091571279914
0.0926,0.5024063032413798,0.01807546835935596,0.4838514285714285,0.598298775510204,0.5032212244897959,0.4778008163265306,0.4851885714285714,0.4660770031217482
0.0928,0.5030212176941536,0.017977666851196356,0.482545306122449,0.5981338775510203,0.5051526530612245,0.4795118367346939,0.4862383673469388,0.46654526534859525
0.093,0.5038103789278459,0.017750162068256053,0.48163918367346936,0.5977355102040816,0.5062808163265305,0.48308408163265304,0.4860685714285714,0.468054110301769
0.0932,0.5048008491721351,0.01765826655713527,0.4823624489795918,0.5982204081632654,0.5078938775510204,0.486509387755102,0.48378775510204075,0.4700312174817897
0.0934,0.505400849172135,0.01770443890297954,0.48188571428571425,0.5988816326530613,0.5087771428571429,0.4885502040816327,0.4842791836734694,0.4700312174817897
0.0936,0.5062583564455959,0.017610940659007025,0.48294367346938777,0.5992016326530611,0.5086938775510204,0.49221877551020404,0.4842008163265306,0.4702913631633715
0.0938,0.5068099618453,0.01750785619586781,0.4822840816326531,0.5989567346938776,0.5094155102040816,0.4951461224489796,0.4840375510204081,0.47101977107180015
0.094,0.5070981862713868,0.01744385080788313,0.48113959183673466,0.5984685714285713,0.5115951020408163,0.49587918367346945,0.48339428571428567,0.47211238293444324
0.0942,0.5074779938697643,0.01750884791789943,0.4803281632653061,0.5984702040816325,0.5136979591836734,0.4979248979591836,0.4826465306122449,0.4718002081165452
0.0944,0.5083814048574685,0.017506011777682687,0.4799983673469387,0.5991836734693877,0.515395918367347,0.4987297959183673,0.48361959183673464,0.47336108220603546
0.0946,0.5092302658087168,0.01728080675614311,0.4807330612244898,0.5981240816326531,0.5180653061224489,0.5009371428571429,0.48280816326530607,0.4747138397502601
0.0948,0.5100978411093886,0.017346135965689412,0.4812114285714285,0.5990089795918367,0.5183836734693876,0.5044440816326531,0.4825648979591837,0.4749739854318419
0.095,0.5108161617362865,0.017317810108106905,0.48128979591836735,0.5992375510204082,0.5199967346938775,0.5055853061224489,0.4825648979591836,0.476222684703434
0.0952,0.5118444610560144,0.01757172972525079,0.48161795918367345,0.6007020408163265,0.5220310204081632,0.5090775510204082,0.48141551020408163,0.476222684703434
0.0954,0.5133234949422016,0.017497887853435538,0.4819461224489795,0.6009485714285714,0.5255248979591836,0.5112097959183673,0.4819036734693878,0.47840790842872005
0.0956,0.5144616531815639,0.017396577088460832,0.4826889795918367,0.6015787755102041,0.5270563265306122,0.5117877551020408,0.4823885714285714,0.48126951092611864
0.0958,0.5150556356403123,0.01742080570552105,0.48235591836734687,0.6018089795918368,0.5284277551020409,0.5131673469387755,0.48247183673469396,0.48210197710718
0.096,0.5163620194383685,0.01744930969422859,0.48494857142857145,0.6031036734693876,0.529555918367347,0.5152816326530612,0.48198367346938775,0.4832986472424558
0.0962,0.5172139047335896,0.01764211899451721,0.48421714285714285,0.6042302040816326,0.5314906122448979,0.5173142857142856,0.4822122448979592,0.48381893860561914
0.0964,0.5177226967373839,0.017905729366592057,0.4850334693877551,0.6060897959183673,0.5317975510204083,0.5181289795918367,0.4809991836734694,0.4842872008324662
0.0966,0.5191056558148754,0.017930894300764853,0.4851983673469388,0.6068032653061225,0.5343836734693878,0.5205795918367346,0.48156081632653064,0.486108220603538
0.0968,0.51997550029377,0.01783166848203759,0.4854416326530613,0.6063069387755101,0.537214693877551,0.5215608163265306,0.4827004081632653,0.48662851196670137
0.097,0.5208776370985438,0.017645852406718704,0.48584979591836736,0.6059804081632653,0.538014693877551,0.523033469387755,0.4819608163265306,0.4904266389177939
0.0972,0.522674997557816,0.01763565385731445,0.4887787755102041,0.6078383673469387,0.5401142857142858,0.5240130612244898,0.4834220408163265,0.49188345473465145
0.0974,0.5237772637629454,0.017511330637565114,0.4892685714285715,0.6075216326530612,0.5422155102040817,0.5261273469387755,0.48439836734693875,0.49313215400624355
0.0976,0.5248609342592396,0.017544720284996967,0.4904114285714286,0.6084097959183674,0.5443885714285714,0.5267771428571428,0.4850579591836735,0.49412070759625387
0.0978,0.5257499390515832,0.01734833250019002,0.4921877551020407,0.6088032653061224,0.5437224489795919,0.5281697959183674,0.48635102040816325,0.4952653485952133
0.098,0.527085386962277,0.017264265392539765,0.49325877551020403,0.6092097959183673,0.5459885714285713,0.5296391836734694,0.48748571428571424,0.4969302809573361
0.0982,0.5281162683429251,0.017224372791224896,0.4948,0.6094514285714286,0.5480914285714286,0.5307804081632653,0.48765551020408165,0.4979188345473465
0.0984,0.5285311672223519,0.01721892908131404,0.4949714285714285,0.6106448979591838,0.5458824489795917,0.5324146938775509,0.4884702040816326,0.49880332986472425
0.0986,0.5295230087706259,0.017210299431995382,0.4965861224489796,0.6125012244897959,0.5448114285714285,0.5334661224489796,0.49018938775510196,0.49958376690946926
0.0988,0.5302446199041531,0.017005909112905573,0.49732408163265307,0.6126595918367347,0.5447918367346938,0.533389387755102,0.49132571428571425,0.5019771071800208
0.099,0.5310108832211343,0.016843005508274115,0.4977322448979592,0.6124130612244898,0.5461502040816326,0.5339836734693877,0.4930285714285715,0.5027575442247658
0.0992,0.5322441824346804,0.016822128882024803,0.4991118367346939,0.6141942857142857,0.5462138775510204,0.53464,0.4947265306122449,0.5045785639958377
0.0994,0.5333331153064764,0.01673434313355758,0.5013942857142857,0.6150857142857143,0.5471004081632653,0.5350563265306122,0.495534693877551,0.5058272632674298
0.0996,0.533631972364388,0.016776705960853327,0.5015575510204082,0.6163902040816327,0.5462057142857143,0.534168163265306,0.4961861224489795,0.5072840790842872
0.0998,0.534378376549371,0.016713896382731238,0.5023673469387756,0.6171951020408163,0.5460408163265306,0.5346644897959184,0.49715755102040815,0.5088449531737773
0.1,0.534811855564286,0.016735446449555262,0.5036636734693878,0.6180032653061225,0.5445648979591836,0.5361404081632652,0.49609306122448976,0.5104058272632674
0.1002,0.5356145862798813,0.016628782454516662,0.5054628571428571,0.618974693877551,0.5430873469387755,0.5370448979591836,0.4971510204081633,0.5119667013527576
0.1004,0.5364388699413167,0.016485840488992178,0.5073224489795918,0.6192228571428572,0.5431689795918367,0.5376995918367348,0.49737959183673464,0.5138397502601457
0.1006,0.5373923489562319,0.01667424218464799,0.5074987755102042,0.621257142857143,0.5430791836734693,0.5392571428571429,0.497861224489796,0.5154006243496358
0.1008,0.5380217774851876,0.016536349091518757,0.5083885714285714,0.6213208163265306,0.5432375510204082,0.5399820408163265,0.4990726530612245,0.5161290322580645
0.101,0.5393123682105516,0.016421139746145366,0.50896,0.6229404081632652,0.5421730612244897,0.5407118367346939,0.5025665306122449,0.5185223725286161
0.1012,0.5396058657719071,0.016414221237791928,0.5096048979591836,0.6233371428571428,0.5410285714285714,0.542021224489796,0.5029648979591836,0.5186784599375651
0.1014,0.539552121302215,0.016434137305416804,0.510334693877551,0.623505306122449,0.5386661224489796,0.5431624489795918,0.5019771428571428,0.5196670135275754
0.1016,0.5393633700722744,0.01642761127860444,0.5109061224489796,0.6238269387755102,0.5360702040816326,0.5430840816326531,0.5023657142857143,0.5199271592091572
0.1018,0.5396867324994513,0.016304527241879196,0.5122873469387754,0.6241534693877551,0.5327297959183672,0.5439069387755102,0.5040751020408163,0.5209677419354838
0.102,0.5398289831312337,0.016306861834632955,0.5126938775510204,0.6246465306122448,0.5307657142857143,0.5437518367346938,0.5044832653061224,0.5226326742976066
0.1022,0.539729575909448,0.016072466974457716,0.5136685714285714,0.6233567346938775,0.5283216326530612,0.5447444897959184,0.5051330612244898,0.5231529656607701
0.1024,0.5401656837053239,0.015931474388864754,0.5158677551020407,0.6230302040816327,0.5260391836734694,0.546065306122449,0.5055379591836735,0.5244536940686785
0.1026,0.5400502735953903,0.01578005728960572,0.5164342857142857,0.6221371428571428,0.5241567346938775,0.5466432653061224,0.5064244897959184,0.5245057232049948
0.1028,0.5405331325787339,0.015776936947954786,0.517475918367347,0.6221371428571428,0.5218008163265306,0.5488408163265306,0.5066693877551021,0.5262747138397502
0.103,0.5403472929983647,0.015695739518346605,0.5195085714285714,0.6216538775510204,0.5196881632653062,0.5488473469387755,0.5073077551020408,0.5250780437044745
0.1032,0.5404071929042168,0.015784478207608327,0.5202416326530612,0.6220685714285714,0.5181338775510204,0.5494302040816326,0.5075428571428572,0.5250260145681581
0.1034,0.540526586393142,0.01599278020521913,0.520734693877551,0.6229681632653061,0.5148865306122449,0.5501763265306122,0.5077028571428571,0.526690946930281
0.1036,0.540457567867938,0.0160379640460539,0.5220261224489795,0.6229697959183673,0.5110759183673469,0.5500277551020408,0.5089142857142857,0.5277315296566077
0.1038,0.5399503773705111,0.01606308203420974,0.5237240816326532,0.62232,0.5082269387755102,0.5491526530612244,0.5081828571428572,0.5280957336108221
0.104,0.5399729420175979,0.015992457467761633,0.52576,0.6211820408163266,0.5053012244897959,0.5506285714285715,0.5092342857142858,0.5277315296566076
0.1042,0.539637483347137,0.015804861419442016,0.5255967346938776,0.6192228571428571,0.5037534693877552,0.5518677551020408,0.5101208163265306,0.5272632674297607
0.1044,0.5397510450423666,0.015864551369275004,0.5264048979591837,0.618974693877551,0.5017322448979591,0.5530187755102041,0.5108522448979592,0.5275234131113423
0.1046,0.539452192798035,0.015781673442301098,0.5279428571428572,0.6175934693877552,0.4991297959183673,0.5532032653061225,0.5119967346938775,0.52684703433923
0.1048,0.5391313308840706,0.015821232896907646,0.5295575510204081,0.6170253061224489,0.49717877551020406,0.5531265306122449,0.5125616326530612,0.5253381893860563
0.105,0.5386742803344022,0.016017573293252006,0.5308538775510204,0.6162073469387754,0.4930383673469388,0.5537844897959183,0.5125632653061224,0.5255983350676379
0.1052,0.538583893478307,0.016001449298403095,0.5322269387755102,0.6150677551020408,0.49075755102040813,0.553875918367347,0.5127281632653061,0.52684703433923
0.1054,0.5381333375806098,0.015834040871248633,0.5331151020408165,0.6129567346938776,0.4896097959183673,0.5538840816326529,0.5120751020408163,0.527159209157128
0.1056,0.5379363667381625,0.015961844253517078,0.5346579591836734,0.61224,0.4871640816326531,0.5544473469387755,0.5120016326530613,0.5271071800208116
0.1058,0.5381277923364975,0.016050355016429003,0.5370889795918368,0.6111102040816327,0.48472,0.5557551020408165,0.5119967346938775,0.5280957336108221
0.106,0.5377633822478002,0.0162149146557358,0.5387951020408164,0.6102302040816326,0.48219265306122444,0.5560767346938775,0.5115020408163264,0.527783558792924
0.1062,0.5370635386891489,0.016173997831813943,0.5396032653061225,0.6071379591836734,0.4795869387755102,0.5573861224489796,0.5105191836734694,0.5281477627471384
0.1064,0.5360233744611268,0.016393360559091963,0.5400130612244898,0.6055216326530612,0.47682612244897954,0.5577975510204082,0.5079902040816326,0.5279916753381895
0.1066,0.5360537691038955,0.016454906844160747,0.5405779591836735,0.6048032653061224,0.4752865306122449,0.5591853061224491,0.509934693877551,0.5265348595213319
0.1068,0.535715809920222,0.01633442688901874,0.542690612244898,0.6027820408163265,0.47463999999999995,0.5586938775510204,0.5089534693877551,0.5265348595213319
0.107,0.5349099936998734,0.016576151587049625,0.5452751020408162,0.600850612244898,0.4708130612244898,0.5586187755102041,0.5091885714285714,0.5247138397502602
0.1072,0.534604564123256,0.016423526862039836,0.547557551020408,0.5977648979591837,0.47017306122448976,0.5590383673469388,0.5078073469387755,0.5252861602497398
0.1074,0.5344997614446403,0.016525354360856278,0.5480440816326532,0.5967918367346939,0.4690481632653062,0.560589387755102,0.5079673469387755,0.5245577523413111
0.1076,0.5340094980427135,0.016724762299906642,0.5493469387755102,0.5950955102040816,0.4670204081632653,0.5614138775510205,0.5059461224489795,0.5252341311134234
0.1078,0.5337682142326233,0.016762744039931003,0.5491738775510203,0.5935575510204081,0.46637224489795914,0.5629485714285714,0.5046465306122448,0.5259105098855359
0.108,0.533035060700659,0.016769061835244785,0.5488489795918368,0.5925779591836735,0.4663836734693877,0.5626236734693878,0.5021257142857143,0.5256503642039542
0.1082,0.5327018867817679,0.01687608602091419,0.5501355102040815,0.5903934693877553,0.4658220408163265,0.5647330612244899,0.5001012244897959,0.5250260145681582
0.1084,0.5324892930408375,0.016943847254175592,0.5513420408163265,0.5893338775510204,0.465418775510204,0.5652897959183674,0.4992016326530613,0.5243496357960458
0.1086,0.5326106535850553,0.017046573150183493,0.5522318367346939,0.5879526530612245,0.4644489795918368,0.5672375510204082,0.49944326530612243,0.5243496357960458
0.1088,0.532113398033511,0.016994347713410934,0.5514971428571428,0.5861632653061224,0.4643755102040815,0.5683706122448979,0.49854857142857145,0.5237252861602497
0.109,0.5323361832558205,0.017151338126129217,0.5512571428571429,0.5867265306122449,0.464785306122449,0.5700032653061224,0.49741551020408165,0.5238293444328825
0.1092,0.5326556234647866,0.01712061267333933,0.5528930612244898,0.5851820408163265,0.46455673469387754,0.571054693877551,0.49800163265306124,0.524245577523413
0.1094,0.5326561832558204,0.01696565910823639,0.55296,0.5849469387755102,0.46587591836734693,0.5707232653061224,0.4976016326530612,0.5238293444328824
0.1096,0.5323907129053495,0.016793596761052985,0.5531265306122449,0.5842187755102041,0.4664620408163266,0.5695706122448979,0.4972930612244898,0.5236732570239334
0.1098,0.532139063758698,0.016554367012384486,0.5534563265306123,0.5824261224489795,0.46688326530612245,0.569075918367347,0.4977877551020408,0.5232049947970864
0.11,0.5318719607551657,0.016458066474276927,0.5544310204081632,0.581128163265306,0.4673077551020408,0.568494693877551,0.49682122448979593,0.5230489073881375
0.1102,0.5313608276526011,0.01648176805069187,0.5530514285714286,0.5801551020408164,0.4662595918367347,0.5692179591836733,0.4970563265306122,0.5224245577523414
0.1104,0.5312627198142525,0.016307108214213314,0.5539346938775511,0.5790873469387756,0.46763918367346935,0.5688097959183673,0.49625306122448976,0.5218522372528616
0.1106,0.5308328297479242,0.016440773988543097,0.5544261224489796,0.5794922448979591,0.4674122448979592,0.5683951020408163,0.4954481632653061,0.5198231009365244
0.1108,0.5303420328880771,0.016220235154597536,0.5540261224489795,0.5785077551020408,0.4681534693877551,0.5670889795918367,0.4949730612244898,0.5193028095733611
0.111,0.5302625051852167,0.015957134075183257,0.5523918367346938,0.578174693877551,0.4695510204081633,0.5669175510204081,0.4951330612244898,0.5194068678459937
0.1112,0.5298235324598102,0.015709197453921624,0.5510873469387756,0.5770302040816326,0.4706220408163265,0.5667461224489796,0.4951412244897959,0.5183142559833506
0.1114,0.5296861486405176,0.015675642618699453,0.5524718367346939,0.5764587755102041,0.4709583673469388,0.5660130612244898,0.49473306122448973,0.5174817898022892
0.1116,0.529106551990203,0.015825448658645814,0.5516604081632653,0.5764522448979592,0.47048489795918363,0.56624,0.49310040816326534,0.5167013527575441
0.1118,0.5290286725137506,0.015698329797284423,0.5510971428571428,0.5762873469387755,0.47178612244897966,0.5661485714285714,0.4924636734693877,0.5163891779396461
0.112,0.5291283829910737,0.015627288385190584,0.551425306122449,0.5772685714285715,0.4742155102040816,0.5655738775510205,0.49125061224489797,0.5150364203954214
0.1122,0.5284175579576263,0.01556838123634115,0.5505322448979593,0.5763755102040816,0.4745355102040817,0.5649893877551021,0.48971265306122447,0.5143600416233091
0.1124,0.5278926815179766,0.01558356559857047,0.5497910204081633,0.5766073469387755,0.4749469387755102,0.564648163265306,0.48939591836734697,0.5119667013527576
0.1126,0.5272693113041262,0.015764905550686818,0.5485828571428571,0.5772571428571428,0.47372734693877555,0.5643102040816326,0.488604081632653,0.5111342351716961
0.1128,0.5261915504682623,0.01574844738887528,0.5464653061224489,0.5769240816326531,0.4740718367346938,0.5634840816326531,0.48673469387755103,0.5094693028095734
0.113,0.525728149107718,0.015764918859000554,0.5456489795918367,0.5774808163265306,0.4743869387755102,0.5621844897959184,0.48519836734693883,0.5094693028095734
0.1132,0.5256506651942775,0.01546969915733586,0.5448408163265306,0.5763461224489796,0.47610285714285716,0.5622595918367347,0.4857697959183673,0.5085848074921957
0.1134,0.5249171987796158,0.01535701108945402,0.5437942857142857,0.5769110204081633,0.4770808163265306,0.5596489795918367,0.4844718367346939,0.5075962539021852
0.1136,0.5246843203295887,0.015076491440566376,0.5434710204081632,0.5756048979591838,0.47904,0.559244081632653,0.48439836734693875,0.5063475546305931
0.1138,0.52430415907466,0.014934273262945063,0.5429077551020407,0.5756914285714285,0.47968816326530606,0.5576865306122449,0.48464816326530613,0.5052029136316337
0.114,0.5240024215138709,0.014723117933037034,0.5420897959183673,0.5752783673469388,0.4809175510204081,0.5566204081632653,0.48473795918367346,0.5043704474505722
0.1142,0.5234434895623182,0.014550181075380045,0.5412032653061225,0.5752767346938776,0.4818987755102041,0.5543412244897958,0.48393469387755106,0.5040062434963579
0.1144,0.5234618646959305,0.014851495644938257,0.5403853061224491,0.5774661224489795,0.4821469387755101,0.5545044897959184,0.48247020408163266,0.5037981269510927
0.1146,0.5229285109756702,0.014554685575333974,0.5385175510204082,0.5767363265306122,0.48231346938775504,0.5530351020408164,0.483534693877551,0.5034339229968783
0.1148,0.5230576344086022,0.014561670318442684,0.5378073469387756,0.578349387755102,0.4834563265306122,0.5519657142857143,0.483541224489796,0.5032258064516129
0.115,0.5222602176021293,0.01459784905573782,0.5378122448979592,0.5788277551020409,0.48337142857142845,0.5492685714285714,0.4828244897959184,0.5014568158168574
0.1152,0.522021013541733,0.014690683231534324,0.5356995918367347,0.579724081632653,0.4836114285714285,0.549665306122449,0.48233306122448977,0.5010926118626431
0.1154,0.5209003614432246,0.014510574976085206,0.5327902040816327,0.5785126530612246,0.4823836734693877,0.548290612244898,0.48217632653061226,0.5012486992715921
0.1156,0.5204767598943844,0.014334759292959217,0.5324669387755102,0.5777828571428572,0.48319999999999996,0.5467363265306122,0.4815297959183674,0.5011446409989594
0.1158,0.5201101165877381,0.01407000109728297,0.5326285714285715,0.5770432653061224,0.48335510204081633,0.544444081632653,0.4826693877551021,0.5005202913631633
0.116,0.5191922274841257,0.0139553124692561,0.53176,0.5763151020408163,0.4840097959183674,0.5424816326530613,0.4819395918367347,0.49864724245577524
0.1162,0.519016568625369,0.01413956345427009,0.5307934693877552,0.578014693877551,0.48304,0.5416604081632653,0.482515918367347,0.4980749219562955
0.1164,0.5186804830569064,0.014187535438152422,0.5292473469387755,0.579149387755102,0.4839297959183673,0.5399477551020408,0.4809012244897959,0.4989073881373569
0.1166,0.518616193449284,0.014202350718963933,0.5282873469387754,0.5801926530612245,0.48425142857142867,0.5388016326530611,0.48115265306122446,0.4990114464099896
0.1168,0.5182478551961888,0.014114635943233369,0.5282906122448978,0.5802008163265306,0.4841681632653061,0.5361910204081634,0.4805844897959184,0.5000520291363163
0.117,0.518209672464199,0.014205134940829258,0.5285387755102041,0.5817355102040817,0.48498122448979597,0.5335722448979592,0.47985795918367347,0.5005723204994796
0.1172,0.5182343109147926,0.014318793661713252,0.5272457142857143,0.5829518367346939,0.4854644897959184,0.533324081632653,0.4792751020408163,0.5011446409989594
0.1174,0.517513453814408,0.014449638958194712,0.5272457142857142,0.5833502040816326,0.48391183673469385,0.5311232653061224,0.47903346938775515,0.5004162330905306
0.1176,0.5171191165665018,0.014285996400311161,0.5270171428571429,0.5828685714285714,0.4839053061224489,0.5286808163265306,0.4793583673469387,0.5008844953173777
0.1178,0.5173317258807789,0.014311851802459613,0.5270334693877551,0.5833665306122449,0.4845616326530612,0.5286873469387754,0.4791967346938775,0.5011446409989594
0.118,0.5177802787629099,0.014487656085376189,0.5282563265306123,0.5846644897959183,0.48366367346938777,0.5281110204081633,0.4794367346938776,0.5025494276795006
0.1182,0.5169150805212824,0.01456635549395195,0.526406530612245,0.5852342857142858,0.48260408163265306,0.5255869387755102,0.479265306122449,0.5023933402705516
0.1184,0.5164789463922926,0.014585410320523955,0.5251967346938776,0.5857208163265305,0.4830008163265306,0.5235526530612244,0.4786971428571428,0.5027055150884496
0.1186,0.5163527598094388,0.014695404247842674,0.5243885714285714,0.5868604081632653,0.48209959183673473,0.5224114285714286,0.47975510204081634,0.5026014568158168
0.1188,0.5160201553087417,0.01490881420408322,0.5231836734693878,0.5880816326530613,0.4824195918367347,0.5211836734693878,0.47813061224489795,0.5031217481789801
0.119,0.5161057305669405,0.014850672066877922,0.5226351020408163,0.588568163265306,0.4819265306122449,0.5196408163265306,0.47975346938775515,0.5041103017689905
0.1192,0.5162728102104526,0.015123043975041914,0.522305306122449,0.590604081632653,0.4818318367346938,0.5184914285714286,0.4795134693877551,0.5048907388137357
0.1194,0.516141391266184,0.015106557780190202,0.5224767346938776,0.5903608163265306,0.48184000000000005,0.5169371428571429,0.47878204081632647,0.5064516129032257
0.1196,0.5160326711829373,0.015407040513322773,0.5221583673469388,0.5918318367346938,0.48215836734693873,0.5170073469387756,0.47716081632653057,0.5058792924037461
0.1198,0.5163663377858949,0.015566993674140281,0.5214448979591837,0.5935477551020408,0.481585306122449,0.5162710204081632,0.4783771428571429,0.5069719042663892
0.12,0.5163905243262757,0.01578224826206808,0.5220244897959183,0.5945355102040816,0.4802089795918367,0.5153877551020408,0.4783820408163265,0.5078043704474504
0.1202,0.5163258703023353,0.015993098970747462,0.5206563265306122,0.5960881632653061,0.48108734693877553,0.5149877551020409,0.4774873469387755,0.5076482830385015
0.1204,0.5170208207153829,0.01610044777054346,0.520275918367347,0.5974677551020408,0.48156734693877545,0.5166187755102041,0.47813061224489795,0.5080645161290323
0.1206,0.5171560072770003,0.01635720442441392,0.5206889795918367,0.5987004081632653,0.4800244897959184,0.5167804081632653,0.47820897959183667,0.5085327783558793
0.1208,0.5171804863131516,0.016501924069799462,0.5195591836734693,0.5996734693877551,0.4797061224489795,0.5163755102040817,0.47803918367346937,0.5097294484911551
0.121,0.5172949362554595,0.016763337712700947,0.5206236734693876,0.6008995918367347,0.4783314285714286,0.5159869387755102,0.47804244897959186,0.5098855359001041
0.1212,0.5173095785993899,0.016936781089550487,0.5197518367346939,0.6013893877551021,0.4773583673469388,0.5177779591836733,0.4772261224489796,0.5103537981269511
0.1214,0.5176269653917759,0.017054597685127057,0.5216457142857143,0.6017208163265305,0.47679183673469383,0.518515918367347,0.4768897959183674,0.5101977107180021
0.1216,0.517997737051116,0.01733033340437284,0.5216538775510204,0.6040065306122449,0.47834285714285707,0.5183379591836734,0.47607183673469383,0.509573361082206
0.1218,0.5184131034141024,0.01761916517504426,0.5208489795918367,0.6059591836734693,0.47714285714285715,0.5198726530612245,0.47687346938775504,0.5097814776274714
0.122,0.5181594979719254,0.017508405453519102,0.5195608163265307,0.6053044897959184,0.47715591836734694,0.5200359183673469,0.47711836734693874,0.5097814776274714
0.1222,0.5190989255806381,0.017736477449209122,0.5186644897959183,0.608151836734694,0.4794465306122449,0.5211755102040817,0.4775297959183673,0.5096253902185224
0.1224,0.5190493861977673,0.017947729303349168,0.5175461224489796,0.6090432653061224,0.47889142857142863,0.5220604081632653,0.47671346938775516,0.5100416233090531
0.1226,0.5195356087408949,0.01809883672044546,0.5180457142857142,0.610262857142857,0.4791477551020408,0.5228751020408163,0.47678857142857145,0.5100936524453694
0.1228,0.5199574337955785,0.018207348253385162,0.5187069387755102,0.6110024489795917,0.47947755102040823,0.5237730612244899,0.476378775510204,0.5104058272632674
0.123,0.5197059081030956,0.01813736845328263,0.5182416326530611,0.6107526530612244,0.480458775510204,0.5232032653061224,0.4762138775510204,0.5093652445369407
0.1232,0.5190590130745326,0.018184710532441476,0.5176032653061224,0.6096212244897958,0.4788326530612245,0.524355918367347,0.4748359183673469,0.5091050988553589
0.1234,0.5197394134511244,0.018117581316217317,0.5168783673469387,0.6097763265306122,0.4813502040816326,0.5268636734693878,0.47425469387755104,0.5093132154006244
0.1236,0.519881053890859,0.01836324199963038,0.5155869387755102,0.6113257142857143,0.4822432653061225,0.5276783673469387,0.4733469387755102,0.509105098855359
0.1238,0.5199985533776464,0.018126963215104038,0.5143771428571429,0.610829387755102,0.48322775510204086,0.5271069387755102,0.47487673469387753,0.5095733610822061
0.124,0.5202831432677129,0.01823634639813753,0.5130106122448981,0.6118922448979591,0.48412734693877557,0.5280016326530613,0.4750416326530612,0.5096253902185224
0.1242,0.5202421375126534,0.01833789133180854,0.5122791836734694,0.6125355102040817,0.4846285714285715,0.5286481632653061,0.4750367346938775,0.508324661810614
0.1244,0.5200934018560598,0.018191079232700545,0.5109044897959183,0.6125420408163266,0.486589387755102,0.5266873469387755,0.47566857142857144,0.508168574401665
0.1246,0.5204251025363319,0.018216288870208413,0.5108391836734694,0.6131836734693877,0.48587265306122446,0.5271902040816326,0.47729632653061227,0.508168574401665
0.1248,0.5201093280100803,0.01808231427507,0.5103608163265305,0.6116457142857143,0.4858057142857143,0.528406530612245,0.47647673469387747,0.5079604578563996
0.125,0.5192511590109509,0.0178693645110596,0.5084261224489797,0.6095281632653061,0.4863102040816326,0.5290465306122449,0.4759004081632653,0.5062955254942768
0.1252,0.5186059997026907,0.017850816771464162,0.5075379591836734,0.6087167346938775,0.48526693877551014,0.5291232653061224,0.4758922448979591,0.505098855359001
0.1254,0.5185005856994201,0.017771656616057965,0.5056816326530612,0.6086367346938776,0.4863379591836735,0.5286432653061225,0.4764489795918367,0.50525494276795
0.1256,0.5178392125549491,0.017519194513907516,0.5022742857142857,0.6073289795918366,0.48764734693877543,0.5275151020408163,0.4775869387755103,0.5046826222684704
0.1258,0.5172082796406805,0.017510874249375894,0.501214693877551,0.6073224489795919,0.4870857142857143,0.5252457142857143,0.4782187755102041,0.5041623309053069
0.126,0.5164840289664253,0.01729794248334486,0.49992653061224485,0.6056097959183674,0.4872555102040816,0.5245926530612245,0.47829387755102043,0.5032258064516129
0.1262,0.5160282262665733,0.017187916222250164,0.4980522448979591,0.6049485714285714,0.4888097959183673,0.5233779591836735,0.4781191836734694,0.5028616024973986
0.1264,0.5157407870203232,0.017075723024858932,0.4970742857142857,0.6046253061224489,0.4894563265306123,0.5216783673469387,0.4790089795918367,0.5026014568158168
0.1266,0.515105844393949,0.01698501423704398,0.49471020408163263,0.6033175510204082,0.48939265306122454,0.5222416326530612,0.478995918367347,0.5019771071800208
0.1268,0.5146382690932773,0.016942945005658912,0.49413387755102045,0.6028212244897958,0.4885828571428571,0.5212620408163265,0.4793126530612245,0.5017169614984391
0.127,0.5140380125577806,0.016832961897712415,0.49194122448979594,0.6021599999999999,0.4889910204081632,0.5193910204081632,0.4804440816326531,0.5013007284079084
0.1272,0.5132652497752482,0.0168058779818258,0.4902220408163265,0.6014285714285714,0.4894073469387756,0.5184914285714285,0.4803542857142856,0.499687825182102
0.1274,0.5128161119015765,0.016794101804553513,0.48971918367346934,0.6012604081632653,0.48991183673469385,0.5175379591836735,0.4809126530612245,0.49755463059313215
0.1276,0.5122583918395661,0.01677431096745181,0.48696163265306114,0.6005322448979592,0.4918759183673469,0.5171395918367347,0.48042285714285715,0.4966181061394381
0.1278,0.5116646611027346,0.016742191549459114,0.4849175510204081,0.599629387755102,0.49212244897959173,0.5172310204081632,0.48066612244897955,0.49542143600416233
0.128,0.5107550839191035,0.01671173808421774,0.4839297959183673,0.5989697959183673,0.4906710204081632,0.5152767346938776,0.4815624489795919,0.49412070759625387
0.1282,0.5106471238151868,0.016791961323475546,0.4827804081632653,0.5993763265306122,0.48986448979591835,0.5152734693877551,0.48335183673469384,0.49323621227887615
0.1284,0.5105979751817481,0.016629031885496134,0.4825191836734694,0.598553469387755,0.4919085714285714,0.5147134693877551,0.4835934693877551,0.4922996878251821
0.1286,0.5101138323883143,0.016559232590644606,0.4816865306122448,0.5978138775510203,0.49223999999999996,0.5137371428571428,0.4839983673469387,0.491207075962539
0.1288,0.5097946031274112,0.016544645340137047,0.48117551020408167,0.5975787755102041,0.49306285714285714,0.5126922448979592,0.48456,0.48969823100936527
0.129,0.5085772144945387,0.01656203444676734,0.47922122448979587,0.5964326530612245,0.4924963265306122,0.5113175510204082,0.48391020408163266,0.48808532778355873
0.1292,0.5078482612358158,0.016461969458459194,0.47954285714285716,0.5952065306122448,0.4911248979591837,0.5109191836734693,0.48382367346938776,0.48647242455775236
0.1294,0.5071218900380131,0.01638090118862949,0.4788016326530612,0.5942285714285716,0.49162448979591833,0.5090628571428572,0.4831657142857143,0.4858480749219563
0.1296,0.5066645529387613,0.01662822875545703,0.47790530612244886,0.5950416326530613,0.4914661224489795,0.5087379591836734,0.48306938775510205,0.4837669094693028
0.1298,0.5062885500506132,0.016655880821366868,0.47716408163265306,0.5948751020408163,0.4908179591836735,0.5080930612244898,0.48348244897959186,0.4832986472424558
0.13,0.5062448639809721,0.016640036268492635,0.47625632653061223,0.5945420408163266,0.49025959183673473,0.5088195918367346,0.48486530612244894,0.48272632674297605
0.1302,0.5055402926373463,0.01669448023390082,0.4739738775510204,0.5938824489795919,0.4903379591836735,0.5083510204081633,0.48542693877551013,0.48126951092611864
0.1304,0.5053990273736967,0.016657247388140867,0.4746024489795918,0.5935542857142856,0.4899265306122449,0.5084310204081632,0.4853387755102041,0.4805411030176899
0.1306,0.5050205239723361,0.016650466943246674,0.47403102040816325,0.5930693877551019,0.4899248979591837,0.5082710204081632,0.4842857142857143,0.4805411030176899
0.1308,0.504598786411547,0.016657076680871137,0.4746791836734694,0.592835918367347,0.4883085714285714,0.5077730612244898,0.48428734693877545,0.4797086368366285
0.131,0.5046404142510282,0.016877441747014294,0.47507591836734697,0.5940473469387755,0.48717224489795913,0.5081795918367347,0.4844391836734694,0.47892819979188345
0.1312,0.504320080981404,0.01695121979518436,0.4755624489795919,0.5941322448979591,0.4866808163265306,0.5080048979591837,0.4837044897959183,0.47783558792924036
0.1314,0.5040564794325638,0.0172354536181832,0.4753142857142857,0.5956048979591837,0.48553959183673473,0.5071102040816327,0.48303836734693884,0.47773152965660765
0.1316,0.5036715688731268,0.0173483163425766,0.47538285714285716,0.5960081632653061,0.48496000000000006,0.5060538775510204,0.482465306122449,0.47715920915712806
0.1318,0.5035271917716098,0.017710060326113098,0.4742302040816326,0.5977959183673469,0.4835673469387755,0.5061322448979593,0.4816538775510204,0.4777835587929241
0.132,0.5034949390869771,0.017771699190205624,0.4754530612244897,0.5983673469387755,0.4828326530612245,0.5052457142857143,0.4810791836734694,0.47799167533818937
0.1322,0.5036372471985672,0.017787584225876528,0.47521142857142856,0.5985322448979591,0.48364734693877554,0.5054057142857142,0.48181551020408164,0.4772112382934443
0.1324,0.5040243502020995,0.017798151529273436,0.47593795918367343,0.5990138775510203,0.48420897959183673,0.5056424489795919,0.48197551020408164,0.4773673257023933
0.1326,0.5039292763348836,0.017868828476932334,0.47715428571428575,0.5994204081632654,0.48363918367346936,0.5053240816326531,0.4805142857142857,0.47752341311134233
0.1328,0.5040141791076473,0.01803078678927253,0.47893224489795916,0.6005567346938776,0.48111673469387756,0.5049959183673469,0.4801795918367347,0.4783038501560875
0.133,0.5039429429378411,0.01817356746980111,0.4790187755102041,0.6015265306122449,0.48005714285714285,0.5036081632653061,0.4808310204081633,0.4786160249739854
0.1332,0.5035549924610844,0.018180694103670025,0.4794122448979591,0.6011281632653062,0.4786824489795919,0.5035216326530613,0.4792930612244898,0.47929240374609783
0.1334,0.503498881692115,0.01832796587165669,0.48159346938775516,0.6021795918367346,0.4785224489795918,0.5016506122448979,0.47806693877551015,0.4789802289281998
0.1336,0.5037859924823207,0.018519498672114054,0.483381224489796,0.6034710204081633,0.4779461224489796,0.5017306122448979,0.477258775510204,0.47892819979188345
0.1338,0.5031864695930401,0.0184145563140394,0.4846742857142857,0.6022416326530612,0.47477061224489797,0.5007608163265306,0.47685877551020417,0.47981269510926117
0.134,0.5035082305138495,0.018499064001719353,0.48646367346938774,0.6032195918367347,0.4747820408163266,0.4993795918367347,0.47718367346938767,0.48002081165452654
0.1342,0.5036755307325843,0.01835308839990929,0.48865795918367344,0.6024848979591837,0.47413387755102043,0.49905632653061216,0.4764506122448979,0.4812695109261186
0.1344,0.5037057036675232,0.01828089359757126,0.4912587755102041,0.6019118367346938,0.47185795918367346,0.4982432653061224,0.47686040816326525,0.48210197710718
0.1346,0.5041128036979621,0.018410878806572124,0.4933648979591837,0.6028848979591837,0.47080816326530606,0.49751836734693883,0.4768538775510204,0.48324661810613945
0.1348,0.5048220883858225,0.01833924433853217,0.49521306122448977,0.6029616326530611,0.4701697959183674,0.49832489795918367,0.47807999999999995,0.4841831425598334
0.135,0.5047803322785931,0.01826584310012135,0.4967542857142858,0.6025485714285714,0.470414693877551,0.49662204081632655,0.4775869387755103,0.4847554630593132
0.1352,0.5051969201582819,0.018073293158150174,0.49919510204081635,0.601404081632653,0.4695281632653062,0.4976,0.47750204081632647,0.48595213319458896
0.1354,0.5056285819051866,0.017930972405176052,0.5012342857142856,0.6009191836734693,0.4700930612244898,0.4970302040816327,0.4775020408163265,0.48699271592091575
0.1356,0.5055433603035387,0.01802628289239141,0.5035085714285714,0.6007461224489796,0.46896000000000004,0.4968718367346939,0.47571265306122446,0.4874609781477628
0.1358,0.5062777713124792,0.01779884960588555,0.5059363265306122,0.5997697959183674,0.47017469387755106,0.4982416326530613,0.47488653061224484,0.48865764828303854
0.136,0.5067107216830541,0.017599833821289095,0.5068995918367347,0.5991248979591836,0.4706661224489796,0.4978302040816326,0.4759412244897959,0.48980228928199787
0.1362,0.5068605302016749,0.017418654712315643,0.5077893877551021,0.5983085714285714,0.47132571428571435,0.49693714285714286,0.4764277551020408,0.4903746097814777
0.1364,0.5073333882647751,0.017142553734962793,0.5099036734693877,0.5969975510204082,0.47311836734693874,0.4969485714285714,0.4757730612244898,0.4912591050988553
0.1366,0.5074174795245882,0.01704471769099876,0.5103869387755102,0.5963477551020407,0.47401632653061226,0.49662530612244904,0.47430857142857147,0.4928199791883454
0.1368,0.5085592170853773,0.01699012826600799,0.5138742857142857,0.5966710204081632,0.4755673469387755,0.49704000000000004,0.4745502040816326,0.49365244536940683
0.137,0.5088244968747123,0.01700383762538217,0.5159787755102041,0.5963395918367347,0.4755689795918368,0.4963820408163264,0.47341224489795913,0.4952653485952133
0.1372,0.5086948544246002,0.017022179677106113,0.5161289795918367,0.5958448979591836,0.4755771428571428,0.4966187755102041,0.47138122448979586,0.4966181061394381
0.1374,0.5089230866373604,0.016988060527948073,0.516772244897959,0.595433469387755,0.4759918367346939,0.49767510204081633,0.47016326530612246,0.4975026014568158
0.1376,0.5090567172800442,0.016673313852948256,0.5179085714285714,0.593309387755102,0.47681142857142855,0.49815673469387756,0.4695069387755101,0.49864724245577535
0.1378,0.5096186364826888,0.016407850916392852,0.5196163265306122,0.5919199999999999,0.47696489795918373,0.49782857142857145,0.4703934693877551,0.5009885535900105
0.138,0.5106103545767943,0.016160557654188727,0.522124081632653,0.5910171428571428,0.4788326530612245,0.49846530612244894,0.47088163265306127,0.5023413111342352
0.1382,0.5108791717810953,0.01598940455379283,0.5218824489795917,0.5902840816326531,0.47850285714285706,0.49902693877551013,0.4716244897959184,0.5039542143600416
0.1384,0.5113284894561363,0.015860723827565506,0.521810612244898,0.5898677551020408,0.47858612244897963,0.4998400000000001,0.4720391836734693,0.5058272632674298
0.1386,0.5119720161113354,0.015582291178261777,0.5235232653061226,0.5886432653061224,0.4801208163265306,0.49982530612244896,0.4726955102040816,0.5070239334027056
0.1388,0.5123639907409373,0.015467481011673678,0.5227151020408163,0.5888930612244898,0.4811004081632653,0.4986775510204081,0.47400489795918366,0.508792924037461
0.139,0.5126607117019545,0.015379590043981194,0.5237828571428571,0.5880734693877551,0.48190693877551016,0.4977028571428571,0.47352,0.5109781477627471
0.1392,0.512803126561759,0.014979254408715574,0.5235526530612246,0.5858742857142857,0.48231020408163267,0.4977844897959184,0.4744979591836735,0.5127991675338189
0.1394,0.5128347319614629,0.0147820560127341,0.5247085714285714,0.5843395918367347,0.48369306122448974,0.4966399999999999,0.47409959183673467,0.5135275754422477
0.1396,0.5126774734368252,0.014729618115110688,0.524785306122449,0.583688163265306,0.4838497959183673,0.49607346938775504,0.4737763265306122,0.5138917793964619
0.1398,0.5132114121486264,0.01465913155905817,0.5249469387755102,0.5839314285714285,0.48466938775510204,0.49606204081632654,0.4746742857142857,0.5149843912591051
0.14,0.5140232555373866,0.014794812884779279,0.5255232653061224,0.5849681632653062,0.48570938775510203,0.4961387755102041,0.4742661224489796,0.5175338189386057
0.1402,0.5144936490475484,0.014763544846239837,0.5249665306122449,0.5853583673469388,0.4868391836734694,0.4966204081632652,0.47434285714285707,0.5188345473465141
0.1404,0.5150016762584326,0.014941569231587837,0.5257779591836734,0.5867314285714287,0.4874040816326531,0.497338775510204,0.4739232653061224,0.5188345473465141
0.1406,0.5151535741539072,0.015027362820614553,0.5250514285714285,0.5874563265306123,0.4874808163265306,0.49683918367346935,0.47416653061224495,0.5199271592091571
0.1408,0.5155781922175738,0.01484827779591712,0.5246465306122449,0.5872897959183673,0.48803591836734694,0.4981420408163265,0.4752195918367347,0.5201352757544224
0.141,0.5155037626621929,0.014781811846187704,0.52376,0.5869551020408164,0.48868244897959184,0.49855020408163264,0.4747314285714285,0.5203433922996878
0.1412,0.5154153992085908,0.014897154722230464,0.5234416326530613,0.5875167346938776,0.4869632653061225,0.4993600000000001,0.4749714285714286,0.5202393340270551
0.1414,0.5160345595220398,0.014862165191757053,0.5221420408163265,0.5884081632653062,0.48932571428571425,0.500734693877551,0.4747330612244898,0.5208636836628512
0.1416,0.5174502028074497,0.014860073513312906,0.5222318367346939,0.5904522448979592,0.4915248979591837,0.5020342857142857,0.4766057142857143,0.5218522372528616
0.1418,0.5172098851111725,0.015139032482075515,0.5199542857142857,0.5928065306122449,0.49078693877551016,0.5020359183673471,0.47733224489795917,0.5203433922996877
0.142,0.5179447120700517,0.015137103494958719,0.5189828571428571,0.5940163265306122,0.49086693877551013,0.5032620408163266,0.4792081632653062,0.5213319458896982
0.1422,0.518165684837931,0.015246201967635124,0.5176048979591836,0.5950628571428571,0.4909404081632653,0.5044016326530613,0.4792881632653061,0.5216961498439125
0.1424,0.5181528238017371,0.01525393335983822,0.5152457142857142,0.5955477551020408,0.49174530612244893,0.5051265306122449,0.47945142857142853,0.5218002081165453
0.1426,0.5182474457587406,0.015327625093774618,0.5128163265306123,0.5965077551020407,0.4924702040816326,0.5059314285714287,0.4798546938775511,0.521904266389178
0.1428,0.5185539530109651,0.015357008803744809,0.5114318367346938,0.5971477551020408,0.49278857142857146,0.5069175510204083,0.480509387755102,0.522528616024974
0.143,0.5191742736803359,0.015331584435603262,0.5104734693877551,0.5981273469387756,0.4936048979591837,0.5072457142857142,0.482545306122449,0.5230489073881374
0.1432,0.5188120656628936,0.015352307597470737,0.5092506122448979,0.597635918367347,0.4928751020408163,0.5070824489795919,0.4821469387755101,0.5238813735691988
0.1434,0.5190411249619514,0.015226332028889763,0.5090008163265306,0.5975444897959183,0.49368653061224493,0.5071542857142857,0.4832914285714286,0.5235691987513007
0.1436,0.5192334339937849,0.015019921287701972,0.5069648979591836,0.5972897959183674,0.4939297959183673,0.5069975510204081,0.486545306122449,0.5236732570239334
0.1438,0.5191683280596319,0.01517724813826743,0.504355918367347,0.5983510204081632,0.4934383673469388,0.5071542857142857,0.48793306122448976,0.523777315296566
0.144,0.5187280355638614,0.015188919666144308,0.5016685714285714,0.598021224489796,0.4934367346938776,0.5078857142857143,0.4879428571428572,0.5234131113423517
0.1442,0.5188783319529685,0.015384466232111503,0.4989844897959184,0.5991559183673469,0.49342857142857144,0.5095118367346939,0.4885159183673469,0.5236732570239334
0.1444,0.5194350510734992,0.015396666874547748,0.4966432653061224,0.5999657142857143,0.49520163265306116,0.5101632653061225,0.4905469387755102,0.5240894901144642
0.1446,0.5204293571747117,0.015369386680089992,0.4965730612244898,0.6007787755102041,0.49633142857142853,0.5126742857142857,0.49176489795918366,0.5244536940686785
0.1448,0.5205754951970382,0.015430072104506575,0.49584489795918374,0.6011200000000001,0.4957567346938775,0.514538775510204,0.4921551020408163,0.5240374609781477
0.145,0.5208695933232814,0.015340422551714984,0.49519836734693873,0.6008751020408163,0.4965681632653062,0.5150204081632653,0.4930497959183674,0.5245057232049948
0.1452,0.520862590413897,0.015445130441380803,0.4936522448979591,0.6011967346938775,0.49599510204081626,0.5163118367346938,0.4936179591836735,0.5244016649323621
0.1454,0.5201869033815398,0.015494105725969699,0.4908081632653061,0.6005534693877552,0.49591346938775505,0.5165567346938775,0.49361632653061216,0.5236732570239334
0.1456,0.5209125972803273,0.015543645324273051,0.491381224489796,0.6016995918367348,0.4961518367346939,0.5179330612244898,0.4950008163265306,0.523309053069719
0.1458,0.5207205603573375,0.015631665163236746,0.4877289795918367,0.6013697959183674,0.49655183673469383,0.5194857142857143,0.4959820408163266,0.5232049947970864
0.146,0.5204472551976045,0.015759147546059754,0.4862595918367346,0.6015379591836735,0.4969567346938775,0.5193110204081632,0.4952571428571429,0.5233610822060354
0.1462,0.5197785662610518,0.01576125296626024,0.48350040816326534,0.6005583673469388,0.49743673469387756,0.5198873469387755,0.49533224489795913,0.5219562955254944
0.1464,0.5199889938910007,0.01559988200983003,0.4832555102040817,0.5997469387755101,0.49848163265306117,0.5211918367346938,0.4958220408163266,0.5214360041623308
0.1466,0.519901318496181,0.015638846525428168,0.48212244897959183,0.59968,0.49873142857142855,0.5215232653061224,0.49622693877551016,0.5211238293444328
0.1468,0.5199863087628391,0.01594123062417671,0.48018285714285713,0.601149387755102,0.4991248979591836,0.5212816326530612,0.49679510204081634,0.5213839750260145
0.147,0.5189631902709054,0.016172271689511304,0.4783951020408163,0.6013077551020407,0.49782367346938783,0.5203167346938776,0.49574857142857154,0.5201873048907388
0.1472,0.5183040299574565,0.015975498081710345,0.47717551020408167,0.5995967346938775,0.4980636734693878,0.5189404081632654,0.4964848979591837,0.5195629552549427
0.1474,0.5182207802246809,0.0159705008811204,0.47742204081632655,0.5998432653061224,0.49732244897959177,0.5178024489795918,0.4977877551020408,0.5191467221644122
0.1476,0.5182020814486045,0.016110812079516458,0.47637387755102034,0.6000897959183673,0.4958579591836735,0.5185355102040816,0.4985322448979592,0.5198231009365245
0.1478,0.5179557102508016,0.015957149934822897,0.47654040816326526,0.5994481632653061,0.4967575510204082,0.5167575510204081,0.49903183673469387,0.5191987513007283
0.148,0.5175014167498425,0.015828928951113427,0.4757224489795918,0.5981453061224489,0.49578122448979595,0.5155330612244897,0.5004195918367348,0.5194068678459937
0.1482,0.5175243458132472,0.015730794769649503,0.4748195918367347,0.5974089795918366,0.4953779591836735,0.5149616326530613,0.5032751020408163,0.5193028095733611
0.1484,0.5178643176396469,0.015767042952463253,0.4744065306122449,0.5977387755102042,0.4958661224489796,0.5160244897959183,0.5040032653061224,0.5191467221644122
0.1486,0.517300031005118,0.015658105574947543,0.4736832653061224,0.5966840816326531,0.49651591836734693,0.5148979591836735,0.5037567346938776,0.5182622268470343
0.1488,0.5168610523335245,0.01578646626961571,0.4726269387755102,0.5966008163265306,0.4952097959183674,0.513905306122449,0.5036767346938775,0.519146722164412
0.149,0.5164071543955772,0.015565772504512486,0.47359346938775515,0.5953910204081633,0.4943967346938775,0.5116244897959183,0.504654693877551,0.5187825182101976
0.1492,0.5159198337899156,0.01562576861375843,0.4716457142857142,0.5951477551020409,0.4952914285714286,0.5095951020408163,0.5066693877551021,0.5171696149843912
0.1494,0.5153363808957506,0.01567464015078093,0.47180081632653065,0.594981224489796,0.49399836734693875,0.5067640816326531,0.506835918367347,0.5176378772112383
0.1496,0.5149212195346401,0.015647901432073376,0.4726089795918368,0.5945844897959184,0.4928571428571429,0.5039265306122449,0.5072359183673469,0.5183142559833507
0.1498,0.5144807268505737,0.015543874563796677,0.47447020408163265,0.5940979591836735,0.4914024489795918,0.5016636734693877,0.507404081632653,0.5178459937565036
0.15,0.5140000135912846,0.015504650787720951,0.47519346938775514,0.5938595918367348,0.49164408163265305,0.49938775510204075,0.5070057142857143,0.5169094693028097
0.1502,0.5134652010731452,0.015329031451470916,0.4759967346938776,0.592151836734694,0.49001306122448973,0.4979281632653061,0.5064391836734694,0.5182622268470343
0.1504,0.5120421281686451,0.015290275378837048,0.4755820408163265,0.5901975510204082,0.48765714285714284,0.49476408163265295,0.5054775510204081,0.5185744016649323
0.1506,0.5112603438878153,0.01526037312006844,0.4764751020408163,0.5892277551020408,0.4866889795918367,0.49159836734693874,0.5045812244897959,0.5189906347554631
0.1508,0.5100119240870126,0.015435422505512435,0.4755755102040816,0.5885697959183673,0.4840881632653061,0.4890008163265306,0.5042628571428571,0.5185744016649323
0.151,0.5094642720522132,0.01546120394333659,0.4754089795918368,0.5879983673469388,0.48425632653061224,0.48575346938775504,0.5057306122448979,0.5176378772112383
0.1512,0.5083881942704241,0.015431826080771947,0.4749910204081633,0.5861257142857144,0.48410285714285706,0.48160326530612235,0.5052440816326531,0.5182622268470343
0.1514,0.5074766859917744,0.015463741890972478,0.4754775510204081,0.5850677551020407,0.4832979591836734,0.478414693877551,0.5040277551020408,0.5185744016649323
0.1516,0.5068095470279682,0.015613847610743633,0.47644408163265306,0.5850759183673468,0.48142693877551024,0.47622040816326533,0.5032195918367346,0.5184703433922996
0.1518,0.5062307511308374,0.01543246864049598,0.4783738775510205,0.5834595918367346,0.48101877551020406,0.4739379591836735,0.5024881632653061,0.5181061394380853
0.152,0.5055006111830788,0.015420925381584304,0.47901551020408173,0.58208,0.48231673469387754,0.46970285714285714,0.5016783673469387,0.518210197710718
0.1522,0.5050957132238952,0.015461821125002793,0.4810530612244898,0.5814351020408164,0.4806138775510204,0.4674302040816326,0.5018318367346939,0.5182101977107181
0.1524,0.5046993789066095,0.015428639720125589,0.4828359183673469,0.5803885714285715,0.47956571428571426,0.46555755102040813,0.5014302040816327,0.5184183142559833
0.1526,0.5039561369605073,0.015452170079415729,0.48526857142857144,0.5791608163265306,0.4776946938775509,0.46270693877551017,0.5011118367346938,0.5177939646201873
0.1528,0.5028598104298951,0.01559738780540052,0.48510530612244895,0.5780179591836735,0.47623836734693875,0.45978612244897965,0.5002171428571429,0.5177939646201872
0.153,0.501400665689793,0.01566866960315758,0.48487346938775505,0.5760604081632652,0.47518040816326523,0.45596408163265306,0.4995722448979591,0.5167533818938606
0.1532,0.5005414742296503,0.01578530529875335,0.48675102040816326,0.5747673469387755,0.4732375510204082,0.4530955102040816,0.4984359183673469,0.516961498439126
0.1534,0.49995822633736114,0.01582879026658734,0.4883085714285714,0.5725697959183673,0.47349224489795916,0.4492669387755102,0.49779755102040807,0.5183142559833508
0.1536,0.4984263770024138,0.01591135212424123,0.4884685714285714,0.5702938775510205,0.4709730612244899,0.44626612244897956,0.49681469387755095,0.517741935483871
0.1538,0.4981420232609173,0.015782373316729905,0.49000489795918367,0.5689142857142858,0.47122448979591847,0.44544979591836736,0.4955167346938776,0.517741935483871
0.154,0.49694899021002775,0.015962272743066237,0.4899379591836735,0.5675232653061224,0.4702628571428572,0.44234775510204083,0.4937240816326531,0.51789802289282
0.1542,0.4957114547629666,0.01609805998650651,0.49164244897959186,0.5654922448979592,0.4684734693877551,0.439010612244898,0.4921681632653061,0.5174817898022893
0.1544,0.49459317490992233,0.01635021595960706,0.49083265306122453,0.5650791836734694,0.46814857142857147,0.4360718367346939,0.490465306122449,0.516961498439126
0.1546,0.4932163760821706,0.016741013767540707,0.4908963265306122,0.5643526530612244,0.4666791836734694,0.43208,0.48843265306122446,0.5168574401664932
0.1548,0.49268067050337305,0.01700396635770904,0.49163591836734694,0.5641877551020409,0.46724897959183664,0.4295591836734694,0.4859183673469388,0.5175338189386057
0.155,0.49194301457523687,0.017155897109300402,0.4915510204081633,0.5640310204081633,0.46675918367346936,0.4279183673469388,0.4846971428571429,0.5167013527575441
0.1552,0.4912760554127999,0.017595917500542235,0.4922971428571429,0.5645991836734694,0.46716734693877554,0.4242612244897959,0.4829942857142856,0.5163371488033299
0.1554,0.4903353955276179,0.01779534159893839,0.4946595918367346,0.5631395918367346,0.46456,0.4223085714285714,0.48064326530612245,0.5167013527575441
0.1556,0.4896700378715482,0.01803117939414466,0.49605387755102043,0.5625697959183673,0.46399183673469385,0.42044081632653063,0.4777942857142857,0.5171696149843912
0.1558,0.4890181058562863,0.01817246053206584,0.4954922448979592,0.5613518367346939,0.4639151020408163,0.41822857142857145,0.4772228571428571,0.51789802289282
0.156,0.48865049162224716,0.018569919602409425,0.4965534693877551,0.5617632653061225,0.46188408163265304,0.4162057142857143,0.4768179591836734,0.518678459937565
0.1562,0.4883553098742099,0.01864557506712566,0.49664979591836733,0.5609567346938775,0.4627085714285714,0.41465959183673473,0.4761665306122449,0.5189906347554631
0.1564,0.48719480161679657,0.018713423601777062,0.496174693877551,0.5592522448979593,0.4608408163265306,0.4131836734693877,0.4747787755102041,0.5189386056191467
0.1566,0.48661316599064186,0.01902836292684985,0.4965077551020408,0.5583542857142858,0.4621355102040816,0.40984489795918366,0.4729093877551021,0.5199271592091571
0.1568,0.4858290250376946,0.019406617555753212,0.49610448979591837,0.5583510204081633,0.4614840816326531,0.4072342857142857,0.4711967346938776,0.5206035379812695
0.157,0.486230446742693,0.019549014386128535,0.4985583673469388,0.5579542857142857,0.46287510204081633,0.4062530612244898,0.4700457142857143,0.5216961498439125
0.1572,0.4857196157630586,0.019466746504101518,0.4989763265306123,0.5556816326530613,0.4623069387755102,0.40618122448979593,0.46817469387755095,0.522996878251821
0.1574,0.48584110457502466,0.019648964616879257,0.5000457142857143,0.5560946938775511,0.46247183673469383,0.4052065306122449,0.4680228571428572,0.5232049947970865
0.1576,0.4854000005663035,0.019685781303742687,0.5000620408163264,0.555526530612245,0.4618351020408163,0.40520163265306125,0.46615346938775504,0.523621227887617
0.1578,0.48522578379947195,0.020055983797561926,0.5022644897959183,0.5554465306122449,0.46142204081632654,0.40325877551020406,0.4644571428571429,0.5245057232049948
0.158,0.48563976328512676,0.020333708214388315,0.5040538775510204,0.5551297959183674,0.46304979591836737,0.4015526530612245,0.4637257142857143,0.5263267429760666
0.1582,0.48532945132267263,0.020264351113592597,0.5043151020408163,0.5536702040816326,0.46297632653061216,0.40122122448979597,0.4633110204081632,0.5264828303850155
0.1584,0.4854043987626268,0.020509814682126978,0.5051379591836735,0.5534383673469387,0.46224,0.3998432653061224,0.46387918367346936,0.5278876170655568
0.1586,0.48480730927959104,0.020663967767701102,0.5060391836734693,0.5507461224489795,0.4629779591836735,0.39748408163265303,0.4624081632653061,0.529188345473465
0.1588,0.48473327528722204,0.020496045957777268,0.5066220408163266,0.5491869387755102,0.4633093877551021,0.39747755102040816,0.46297959183673465,0.5288241415192508
0.159,0.4850379496980895,0.020516314979328397,0.5089861224489797,0.5477306122448979,0.4646073469387756,0.39690285714285717,0.4626563265306123,0.5293444328824142
0.1592,0.4848326154020401,0.020413660962986056,0.5089273469387754,0.5465257142857143,0.46542367346938784,0.3967542857142857,0.46217632653061225,0.529188345473465
0.1594,0.4852983674885147,0.020594878999558665,0.5100636734693877,0.5462040816326531,0.46575999999999995,0.3959477551020408,0.46290938775510204,0.5309053069719043
0.1596,0.48551772799025955,0.020773905201672924,0.5125110204081633,0.5461257142857143,0.46561469387755106,0.3959428571428571,0.4612783673469387,0.531633714880333
0.1598,0.48570240240112694,0.020570710383018085,0.5135020408163266,0.5438465306122449,0.46660408163265304,0.3963477551020408,0.46176000000000006,0.5321540062434964
0.16,0.4861329397523837,0.02054688603496397,0.5150514285714285,0.5420636734693878,0.4671885714285714,0.3959444897959184,0.4633028571428571,0.5332466181061394
0.1602,0.48605258014964575,0.020508117571459244,0.5148261224489796,0.540858775510204,0.46761795918367355,0.3955330612244898,0.4637126530612245,0.5337669094693028
0.1604,0.4865384071297614,0.020428232622929383,0.5161355102040817,0.5403836734693878,0.46827428571428575,0.3965828571428571,0.4634628571428571,0.5343912591050989
0.1606,0.48698964514005394,0.020334571033571603,0.5161420408163265,0.5386073469387755,0.47048163265306114,0.3964163265306122,0.46444244897959186,0.5358480749219562
0.1608,0.48708669568972224,0.02039436116550968,0.5167951020408164,0.538210612244898,0.4711363265306122,0.3954481632653061,0.4653420408163266,0.5355879292403746
0.161,0.4875534439040965,0.020489658959422497,0.5171379591836734,0.5383004081632654,0.47254040816326526,0.3955232653061224,0.4647738775510204,0.5370447450572321
0.1612,0.4878257985233636,0.020541578731485086,0.5168995918367347,0.537330612244898,0.47344326530612246,0.3950416326530612,0.46558204081632654,0.5386576482830385
0.1614,0.48841568377611194,0.020473765898796008,0.5172342857142858,0.5364326530612245,0.47418285714285713,0.3953714285714286,0.46736653061224487,0.5399063475546306
0.1616,0.4890841880977157,0.020310861755724764,0.5172457142857143,0.5361175510204081,0.47615183673469386,0.3966693877551021,0.46752979591836735,0.5407908428720084
0.1618,0.48949576532381944,0.020373736963991102,0.5179787755102041,0.5363624489795918,0.47730122448979595,0.39676081632653065,0.4672081632653061,0.541363163371488
0.162,0.4901466233444471,0.0202616436036501,0.5188832653061225,0.5346628571428572,0.4798269387755102,0.3978138775510204,0.46671673469387753,0.5429760665972945
0.1622,0.49027194206714947,0.020269511160272567,0.5197812244897959,0.5336963265306123,0.4800751020408163,0.39789714285714284,0.4666334693877551,0.5435483870967741
0.1624,0.4903166038777634,0.02008174925265993,0.5197714285714287,0.5324767346938775,0.4808914285714286,0.3987134693877551,0.4665502040816326,0.5434963579604578
0.1626,0.490691928334289,0.019970898420797877,0.5183102040816328,0.5311085714285715,0.481789387755102,0.39943510204081634,0.467774693877551,0.5457336108220603
0.1628,0.4910527650477465,0.01955893852537069,0.5175053061224488,0.5294057142857144,0.48366204081632647,0.401709387755102,0.46793632653061223,0.5460978147762747
0.163,0.49097051144287057,0.01909391411846256,0.5155542857142856,0.5273828571428572,0.4851363265306122,0.4030873469387755,0.4692408163265306,0.5454214360041624
0.1632,0.4910292869530746,0.018595045926928868,0.514094693877551,0.5249518367346938,0.4867706122448979,0.4054448979591837,0.46949224489795915,0.5454214360041624
0.1634,0.49151400992446925,0.018270514217700883,0.5130334693877552,0.5233175510204082,0.48824163265306114,0.40738938775510203,0.47064000000000006,0.5464620187304889
0.1636,0.4920932936920866,0.01789187434971878,0.5136799999999999,0.5211265306122449,0.4889012244897959,0.40909877551020407,0.4732391836734694,0.5465140478668055
0.1638,0.4926580274232481,0.01751508546285603,0.5126857142857142,0.5203118367346938,0.4914138775510203,0.41113142857142854,0.4740473469387755,0.5463579604578565
0.164,0.4925604122689658,0.017173381644550467,0.5113681632653061,0.5173959183673469,0.4930432653061224,0.4121926530612245,0.4751085714285714,0.5462539021852236
0.1642,0.4918256056970134,0.016788994108722272,0.5096718367346939,0.5145714285714286,0.4924799999999999,0.41348734693877554,0.4751134693877551,0.5456295525494277
0.1644,0.49186588261943687,0.01657458192136872,0.5066726530612244,0.5133534693877551,0.49387755102040815,0.41446367346938773,0.47641795918367347,0.5464099895941728
0.1646,0.492096943801454,0.016257188115404594,0.5054514285714286,0.5106873469387756,0.4955902040816326,0.4163967346938776,0.47731755102040807,0.5471383975026015
0.1648,0.4920213898504251,0.015829045065510267,0.5048832653061224,0.5072032653061224,0.4958334693877552,0.41892408163265304,0.47788571428571436,0.5473985431841831
0.165,0.4920836823886683,0.01537283576189127,0.5023493877551021,0.5066432653061225,0.49689469387755114,0.4217714285714286,0.4778089795918367,0.5470343392299688
0.1652,0.49213916739224306,0.014744988219753763,0.4992555102040817,0.5057436734693878,0.497724081632653,0.42503346938775516,0.47918857142857146,0.5458896982310094
0.1654,0.4918566212915967,0.014252580248795338,0.4956702040816327,0.504130612244898,0.4996848979591837,0.42770448979591835,0.47910040816326527,0.5448491155046826
0.1656,0.49141455230166997,0.01401620929212228,0.4936310204081633,0.5018693877551021,0.49992326530612247,0.4289355102040816,0.4794351020408163,0.5446930280957336
0.1658,0.49067790807478034,0.013518427190745665,0.49093877551020404,0.49919346938775516,0.5000881632653061,0.4312261224489796,0.4794367346938776,0.5431841831425597
0.166,0.4910396078348092,0.013189197227267219,0.4900604081632654,0.49937306122448977,0.5010677551020408,0.43318204081632655,0.48025469387755104,0.5422996878251821
0.1662,0.4913755699491034,0.01298750720947602,0.48981714285714284,0.4987983673469388,0.5028571428571429,0.43497142857142856,0.47976979591836744,0.5420395421436004
0.1664,0.4921649528906255,0.01261420687813377,0.4890775510204081,0.4992881632653061,0.5041632653061224,0.43731918367346934,0.48188244897959187,0.5412591050988553
0.1666,0.4924370521070031,0.012159772760769306,0.4877110204081633,0.4992179591836735,0.5055412244897959,0.43999999999999995,0.4824538775510204,0.5396982310093653
0.1668,0.49287622133973263,0.011492100601021595,0.48761795918367346,0.4986612244897959,0.5060342857142857,0.4431771428571428,0.48440979591836736,0.53735691987513
0.167,0.49295251488316455,0.011211915307064642,0.4875363265306122,0.49801469387755104,0.5069322448979592,0.4449665306122449,0.4838448979591837,0.536420395421436
0.1672,0.4930600134497087,0.011191634626371605,0.48622530612244896,0.49776163265306117,0.5087281632653061,0.4453828571428572,0.4842579591836735,0.5360041623309053
0.1674,0.4930775782029773,0.010763067486627033,0.4849404081632652,0.4966285714285714,0.510597551020408,0.4477436734693878,0.48473632653061227,0.5338189386056191
0.1676,0.49357480855401475,0.010629355259648218,0.4859934693877552,0.4946791836734693,0.5126383673469388,0.44872326530612244,0.4861159183673469,0.5332986472424557
0.1678,0.4940128474449093,0.010480537353924303,0.4852653061224489,0.49428244897959195,0.513534693877551,0.4499412244897959,0.4880669387755102,0.5329864724245578
0.168,0.49395948891106906,0.010379516975862452,0.4852718367346938,0.4938008163265305,0.5146710204081633,0.45035755102040814,0.48781387755102046,0.5318418314255983
0.1682,0.49421496428748396,0.010022255862252794,0.4851918367346939,0.49404408163265306,0.5166285714285713,0.4520620408163265,0.48822693877551016,0.5291363163371487
0.1684,0.4937178321901081,0.009833915358032004,0.48349714285714285,0.49355102040816323,0.5166318367346938,0.45319673469387756,0.4874906122448979,0.5279396462018731
0.1686,0.49398926373463015,0.009558727165418088,0.4821077551020408,0.4927608163265306,0.517608163265306,0.45555918367346937,0.48894857142857145,0.5269510926118626
0.1688,0.4940316467398615,0.00920317356521809,0.48113306122448984,0.4922840816326531,0.5182514285714286,0.4578432653061225,0.4896,0.5250780437044746
0.169,0.49368213666319805,0.008791943042234405,0.48129795918367346,0.4924440816326531,0.5175934693877552,0.45939428571428575,0.4884702040816326,0.5228928199791884
0.1692,0.49348693268774735,0.008544128076457673,0.48112653061224486,0.49252408163265304,0.5174253061224491,0.46005551020408164,0.4887183673469388,0.5210718002081165
0.1694,0.49372519810005167,0.008080271062230051,0.4817665306122449,0.49236244897959186,0.5166857142857143,0.46184979591836733,0.49043591836734696,0.5192507804370449
0.1696,0.4931006986769734,0.007988454161769425,0.4804685714285714,0.49147755102040824,0.5166873469387756,0.46201795918367344,0.4902628571428571,0.5176899063475546
0.1698,0.49258368224709237,0.007944887920437994,0.47934530612244897,0.49163265306122456,0.5166857142857143,0.46169142857142853,0.4900179591836734,0.5161290322580646
0.17,0.4922182508299886,0.007915282514586742,0.4782955102040816,0.49194122448979594,0.516509387755102,0.4613681632653061,0.4902628571428572,0.5149323621227888
0.1702,0.4918749477231059,0.007914268848912845,0.47756408163265307,0.49226285714285717,0.5169959183673469,0.4608734693877551,0.4903379591836735,0.5132154006243497
0.1704,0.49175682247092384,0.007770945843333658,0.4758644897959184,0.4922644897959184,0.5181289795918367,0.462742857142857,0.4902497959183673,0.5112903225806452
0.1706,0.4914986738587214,0.007700413889418269,0.47416979591836733,0.4936375510204082,0.5172179591836734,0.46275265306122454,0.4912244897959184,0.5099895941727367
0.1708,0.4912239062201364,0.007132950462410667,0.4736848979591837,0.4940571428571429,0.5147706122448981,0.4653567346938776,0.49114938775510203,0.508324661810614
0.171,0.49028938733037436,0.006960685852090108,0.4721485714285715,0.4928212244897958,0.5130563265306123,0.4657648979591837,0.4906612244897959,0.5072840790842872
0.1712,0.4898674291943624,0.006936999274294115,0.47068571428571426,0.49224816326530607,0.5134563265306122,0.4665763265306122,0.490254693877551,0.5059833506763788
0.1714,0.489586403052376,0.006970376139743264,0.46897469387755103,0.4931379591836735,0.5131216326530612,0.4664163265306122,0.491549387755102,0.504318418314256
0.1716,0.4889323360728266,0.0067135448004280165,0.46734693877551015,0.49386612244897965,0.5100195918367347,0.46706775510204085,0.49227591836734685,0.5030176899063475
0.1718,0.4888175528608946,0.006390137439796517,0.4684032653061225,0.4947608163265306,0.5082987755102041,0.46739918367346933,0.4922742857142858,0.5017689906347556
0.172,0.4885519134688214,0.006023402050769359,0.46823999999999993,0.49492244897959187,0.5059216326530611,0.46887346938775504,0.4926775510204081,0.5006763787721125
0.1722,0.4886281914389064,0.005929355835380265,0.4681697959183674,0.4960685714285714,0.5048522448979591,0.46928000000000003,0.4932424489795918,0.5001560874089491
0.1724,0.48833973086425003,0.005779214465841891,0.46743836734693883,0.4975951020408164,0.502894693877551,0.4701061224489796,0.4929926530612246,0.49901144640998957
0.1726,0.48811795252960705,0.005784235648692478,0.4660489795918368,0.49848489795918366,0.5014155102040816,0.4706889795918368,0.49461877551020406,0.4974505723204995
0.1728,0.4874831741312551,0.005987430203622963,0.4636946938775511,0.49929795918367353,0.49994285714285713,0.4704538775510204,0.49452734693877554,0.49698231009365246
0.173,0.4874082518918077,0.005838483663731263,0.46304653061224493,0.5011657142857143,0.49740571428571434,0.47257142857142853,0.49353795918367344,0.49672216441207073
0.1732,0.48723638698351346,0.005696457604626405,0.4632881632653062,0.5016538775510204,0.4955428571428572,0.4732359183673469,0.49313142857142855,0.4965660770031217
0.1734,0.4872909118194624,0.005410518642524246,0.4643330612244897,0.502545306122449,0.4928457142857143,0.47485387755102043,0.49353795918367344,0.49562955254942764
0.1736,0.486998523080408,0.005397528648387849,0.46408326530612243,0.5029485714285714,0.4903183673469388,0.4752734693877551,0.4935297959183673,0.495837669094693
0.1738,0.48626263288666133,0.005552731943364512,0.4631069387755102,0.5030285714285714,0.48689306122448983,0.4745371428571429,0.4940163265306122,0.495993756503642
0.174,0.48612035110818513,0.005311831351542821,0.4639151020408163,0.502538775510204,0.48525551020408164,0.47576653061224494,0.4940848979591836,0.4951612903225806
0.1742,0.48630172425265633,0.005427937365708146,0.4630922448979592,0.503178775510204,0.4828799999999999,0.47820408163265304,0.4947216326530611,0.49573361082206036
0.1744,0.4863922849639335,0.005623562760617128,0.46317551020408165,0.5038253061224489,0.4810873469387754,0.4778024489795918,0.49626122448979587,0.4962018730489074
0.1746,0.48584486907770397,0.005485538818374955,0.4636489795918367,0.5026889795918368,0.4779804081632653,0.47910530612244895,0.4963281632653061,0.4953173777315296
0.1748,0.48592493618467164,0.0055676511582925,0.46324897959183675,0.5027657142857143,0.47707428571428573,0.48040163265306124,0.4976261224489796,0.494432882414152
0.175,0.4855207933912378,0.005896210592939512,0.46251265306122447,0.5042220408163265,0.4745387755102041,0.48023346938775513,0.49827755102040816,0.4933402705515088
0.1752,0.48543674290527866,0.005816298424680041,0.46382204081632655,0.5037306122448979,0.4729893877551021,0.4804783673469387,0.49909224489795917,0.4925078043704475
0.1754,0.48506897520298436,0.005958979844343498,0.46308897959183676,0.5034073469387754,0.4718481632653061,0.48039673469387756,0.4997371428571428,0.4919354838709677
0.1756,0.48541024528021404,0.006136167487347284,0.46325714285714287,0.504130612244898,0.47062040816326534,0.4810416326530612,0.4999673469387755,0.4934443288241416
0.1758,0.4851115776508314,0.006378696067932529,0.463338775510204,0.5042873469387754,0.4676195918367346,0.4816016326530613,0.5005338775510204,0.49328824141519245
0.176,0.4849572811767788,0.006766488086518891,0.46268408163265307,0.5038791836734694,0.4646073469387755,0.48232816326530614,0.50176,0.4944849115504682
0.1762,0.4849300954929318,0.0068435687711549615,0.4632538775510205,0.5035510204081632,0.4637828571428571,0.48127510204081636,0.502088163265306,0.49562955254942764
0.1764,0.48485343753318183,0.007093873926634018,0.4638269387755102,0.5033910204081632,0.46150040816326526,0.48096163265306124,0.5031346938775509,0.49630593132154005
0.1766,0.48462609838107973,0.006998996375433738,0.4649518367346939,0.5023379591836734,0.4601975510204082,0.48152489795918363,0.502646530612245,0.4960978147762747
0.1768,0.4843271634564337,0.0070789983882555115,0.4659314285714286,0.5010530612244899,0.45800489795918364,0.48169142857142855,0.5025600000000001,0.49672216441207073
0.177,0.4839688680300423,0.00724891986319556,0.46673795918367345,0.501294693877551,0.4558824489795918,0.4809616326530611,0.5023183673469387,0.4966181061394381
0.1772,0.48377302158324303,0.007664461467349962,0.46633469387755094,0.5014416326530612,0.4532114285714286,0.48144489795918355,0.5036914285714286,0.4965140478668054
0.1774,0.48340179320011045,0.007897264300408123,0.46627755102040813,0.5017795918367347,0.4515869387755102,0.48030693877551023,0.5038416326530613,0.4966181061394381
0.1776,0.48284820035818693,0.008026391068281352,0.4665404081632653,0.5008751020408163,0.4493942857142857,0.4803151020408163,0.5027738775510204,0.49719042663891777
0.1778,0.4828444316082312,0.008138174487920681,0.4671102040816327,0.5007885714285714,0.448014693877551,0.48111836734693875,0.5021159183673469,0.49791883454734653
0.178,0.4821776162868893,0.008339780701892233,0.46678204081632657,0.5002955102040816,0.44590693877551024,0.4807836734693877,0.5019510204081632,0.4973465140478668
0.1782,0.48152662405232644,0.008514088175607863,0.4665387755102041,0.5000604081632654,0.4435526530612245,0.48142530612244894,0.50008,0.4975026014568158
0.1784,0.4812240953655135,0.008944968775985633,0.46573551020408166,0.5008685714285714,0.4407869387755102,0.4823983673469387,0.4997404081632653,0.4978147762747138
0.1786,0.4811900457997975,0.009001575614743506,0.4663869387755102,0.5006269387755101,0.4398138775510204,0.48320163265306126,0.4992440816326531,0.4978668054110301
0.1788,0.48039196613504925,0.009095213127961969,0.46591020408163264,0.5000669387755102,0.43835428571428564,0.48230693877551023,0.4982628571428571,0.4974505723204995
0.179,0.47994792046266993,0.009139190236922166,0.4659134693877551,0.4996620408163265,0.4373828571428572,0.48204571428571424,0.4972848979591837,0.49739854318418314
0.1792,0.4798444064077243,0.009239678059828125,0.4644571428571428,0.5001567346938776,0.4370644897959183,0.4836604081632652,0.49695346938775503,0.49677419354838703
0.1794,0.47952111590109503,0.009310531815671335,0.4644604081632653,0.4998448979591837,0.4359265306122449,0.48455346938775506,0.4967118367346939,0.49562955254942764
0.1796,0.47911141710378224,0.009515177948160543,0.46479183673469393,0.4995232653061225,0.4339771428571428,0.4843069387755102,0.4953991836734694,0.49667013527575443
0.1798,0.4787315687315509,0.00957088579686896,0.46464,0.49920489795918377,0.4330073469387756,0.4849436734693877,0.4943395918367347,0.4962539021852237
0.18,0.47837681072012567,0.009818028282756998,0.4631869387755102,0.5002612244897959,0.4318889795918367,0.4848555102040816,0.4939183673469388,0.49614984391259104
0.1802,0.4777966746657039,0.010070226248947009,0.4628718367346939,0.500107755102041,0.42977306122448977,0.48453387755102045,0.4933436734693878,0.496149843912591
0.1804,0.4776544900082822,0.010049613568128226,0.46303183673469384,0.4993697959183674,0.42944979591836735,0.48526367346938776,0.4924538775510204,0.4963579604578564
0.1806,0.4774696669427396,0.010019296763088987,0.4643216326530612,0.4988097959183674,0.4286432653061224,0.4854155102040817,0.4923624489795918,0.4952653485952133
0.1808,0.4774859526994981,0.009907791314923073,0.46676244897959174,0.4975069387755101,0.42816979591836735,0.4850008163265306,0.49293877551020404,0.49453694068678467
0.181,0.47732850474633143,0.009872663565018917,0.4663526530612245,0.4983232653061225,0.42842448979591835,0.4844163265306123,0.49285387755102034,0.4936004162330906
0.1812,0.4764794436067872,0.00962061711156084,0.4667559183673469,0.4967885714285714,0.4283444897959184,0.4840163265306122,0.4908277551020409,0.49214360041623306
0.1814,0.4763546846751187,0.009648930505922715,0.4672424489795919,0.4973632653061225,0.42785306122448985,0.48424979591836725,0.4902644897959183,0.49115504682622263
0.1816,0.4767601987725371,0.009488475418451282,0.46830530612244897,0.49623183673469384,0.42859428571428565,0.48659918367346944,0.4897795918367347,0.49105098855359
0.1818,0.4760768567322871,0.009686969582252188,0.4679755102040817,0.49624326530612245,0.4267281632653061,0.48658612244897953,0.48855346938775507,0.4903746097814777
0.182,0.47610314340928883,0.00981320425123352,0.4683804081632653,0.49502693877551024,0.42575673469387754,0.4890155102040817,0.4879085714285714,0.4905306971904267
0.1822,0.4757575855649232,0.009882543741343982,0.46749061224489796,0.49396571428571434,0.42519346938775515,0.49014693877551013,0.4868538775510204,0.49089490114464096
0.1824,0.47573456419404386,0.009984174405365857,0.4686302040816326,0.4924342857142857,0.4241502040816327,0.49135999999999996,0.4870938775510204,0.49073881373569195
0.1826,0.4757692250844146,0.010223877519435758,0.4699363265306123,0.49285061224489796,0.42260897959183674,0.49328979591836736,0.4861273469387755,0.48980228928199787
0.1828,0.4754241347236085,0.010040169511592296,0.470269387755102,0.49106775510204076,0.4230220408163265,0.49296163265306114,0.4857338775510204,0.48949011446409985
0.183,0.47524072854948435,0.009946685483302452,0.4706824489795919,0.4899281632653061,0.4231934693877551,0.4933518367346939,0.48557877551020406,0.4887096774193548
0.1832,0.4752578150594265,0.010032404816404293,0.47110204081632656,0.4891151020408163,0.422705306122449,0.4944881632653061,0.48573877551020406,0.48839750260145676
0.1834,0.4754379666871951,0.009860187416694867,0.47215020408163266,0.48669387755102045,0.4237697959183674,0.4960277551020408,0.48600489795918367,0.48798126951092613
0.1836,0.4754130969016119,0.010018107370067895,0.4726302040816327,0.48426448979591835,0.42312163265306124,0.4980604081632653,0.4862644897959184,0.48813735691987503
0.1838,0.4751853165990642,0.00998595653041396,0.4714138775510204,0.4827199999999999,0.4235428571428571,0.49878693877551006,0.48765551020408165,0.48699271592091575
0.184,0.47504554014738054,0.010031786833053849,0.47223673469387756,0.48092734693877554,0.42331102040816326,0.4999951020408163,0.48733061224489793,0.48647242455775236
0.1842,0.4749333030360947,0.010112227425820049,0.4719183673469388,0.4798040816326531,0.4230759183673468,0.5007167346938776,0.4878204081632653,0.486264308012487
0.1844,0.4751842952706576,0.010307674095026757,0.47273959183673464,0.47842285714285715,0.4225959183673469,0.5022677551020408,0.48897142857142856,0.486108220603538
0.1846,0.4756016742763703,0.010455109768100379,0.4723363265306123,0.47655510204081636,0.42341877551020407,0.5054383673469388,0.48970122448979597,0.48616024973985433
0.1848,0.47600670050330235,0.010547029220319503,0.4745126530612245,0.4749485714285715,0.4234383673469388,0.5064114285714286,0.49036081632653056,0.4863683662851197
0.185,0.4755876276837478,0.010279655004821898,0.47435591836734686,0.47406530612244896,0.42457469387755103,0.5057583673469388,0.48954775510204074,0.48522372528616026
0.1852,0.47645603488429716,0.010494419683435402,0.4747461224489796,0.4748816326530612,0.4246644897959184,0.5075428571428572,0.4918334693877551,0.48506763787721124
0.1854,0.4758940582018447,0.010747629094176227,0.47353469387755104,0.4713991836734694,0.42409632653061224,0.5090857142857141,0.4920767346938775,0.4851716961498439
0.1856,0.47598900861489235,0.010858923939780116,0.4749926530612244,0.46854693877551024,0.42426775510204084,0.5097306122448979,0.49280816326530613,0.48558792924037464
0.1858,0.4760675246165064,0.010911459590375367,0.47563755102040817,0.466269387755102,0.4245877551020409,0.5091510204081633,0.49459918367346944,0.48616024973985433
0.186,0.47659532346549444,0.01108398940690911,0.47743673469387754,0.46529469387755107,0.4246661224489796,0.5102857142857143,0.4959885714285714,0.48590010405827255
0.1862,0.476709629566707,0.011402813467791309,0.4767869387755102,0.46350530612244895,0.4243477551020408,0.5120636734693876,0.49728979591836725,0.486264308012487
0.1864,0.47655196585189746,0.011540698269777848,0.4773567346938775,0.4613142857142858,0.42459591836734695,0.5135151020408163,0.4968897959183673,0.48563995837669094
0.1866,0.4762903613724367,0.011833162434152798,0.4770253061224491,0.4595314285714286,0.42361306122448983,0.5143183673469388,0.49745795918367347,0.48579604578563995
0.1868,0.47653566452179213,0.011985059895771854,0.47742204081632644,0.4578416326530612,0.4237795918367347,0.5142318367346939,0.4991542857142857,0.4867845993756504
0.187,0.4768021046670489,0.01208470556615962,0.4761110204081632,0.4569616326530612,0.42426938775510215,0.5137518367346938,0.501425306122449,0.48829344432882404
0.1872,0.4772150531971373,0.012260884424898581,0.47667591836734696,0.4575330612244898,0.4237910204081633,0.5144767346938774,0.5031444897959183,0.4876690946930281
0.1874,0.4774953564526747,0.012447045619047126,0.47568,0.45681306122448984,0.4246122448979592,0.5169142857142857,0.5041159183673469,0.48683662851196663
0.1876,0.4777578947666476,0.012731529858406143,0.4746955102040816,0.454705306122449,0.4251069387755102,0.5180522448979592,0.5059020408163265,0.48808532778355873
0.1878,0.47820263331138907,0.013151791272709977,0.4748538775510204,0.4531673469387755,0.42462693877551017,0.5191934693877551,0.5086644897959184,0.4887096774193548
0.188,0.4785991726305507,0.013398118221654732,0.476065306122449,0.45106285714285715,0.42494530612244896,0.5196865306122449,0.5104489795918367,0.48938605619146724
0.1882,0.47848083048411877,0.013641986826090797,0.4764702040816326,0.449854693877551,0.42381714285714284,0.5205877551020408,0.5096244897959183,0.4905306971904267
0.1884,0.479084305605697,0.014157740977469762,0.476953469387755,0.4479934693877551,0.4232489795918367,0.5230302040816327,0.5110840816326531,0.49219562955254936
0.1886,0.47921769528623104,0.014352167104871657,0.4779951020408163,0.44638693877551017,0.4231771428571428,0.5235151020408163,0.511724081632653,0.4925078043704475
0.1888,0.4792920013874436,0.01465243461718234,0.47888489795918365,0.4449289795918368,0.42237387755102035,0.524406530612245,0.5122857142857142,0.49287200832466177
0.189,0.4789264357564045,0.014650332974079677,0.4790383673469387,0.442749387755102,0.4228636734693877,0.5228555102040816,0.5126073469387754,0.4934443288241416
0.1892,0.478766908053544,0.014640468266559232,0.4796048979591836,0.4419428571428571,0.42278040816326534,0.5210661224489795,0.5136587755102041,0.4935483870967742
0.1894,0.47923174669243346,0.014961156063670829,0.47951510204081627,0.44073306122448974,0.4229436734693877,0.5222873469387755,0.5156865306122448,0.49422476586888664
0.1896,0.4795420994287413,0.015449614747991747,0.47941714285714276,0.4397648979591836,0.4216457142857143,0.5239118367346939,0.517715918367347,0.4947970863683663
0.1898,0.47981957852860185,0.015839834359999288,0.4796604081632653,0.4388865306122449,0.42075265306122456,0.5256310204081633,0.5190857142857143,0.49490114464099894
0.19,0.48010707893563254,0.016025511526867372,0.4795657142857143,0.43749877551020405,0.42123591836734686,0.5258677551020409,0.5202204081632653,0.4962539021852237
0.1902,0.47969813049048954,0.016118340015474616,0.47850285714285706,0.4365322448979591,0.42115918367346933,0.525949387755102,0.5206236734693876,0.49542143600416233
0.1904,0.4799605609236411,0.016350694506608327,0.47881959183673467,0.436058775510204,0.42042612244897964,0.5270024489795919,0.5206302040816326,0.4968262226847034
0.1906,0.4796471430695067,0.016471756407334667,0.4781599999999999,0.43549224489795924,0.41984979591836735,0.5274938775510204,0.5205289795918367,0.4963579604578564
0.1908,0.4802220886689743,0.01661025534362255,0.4784767346938775,0.4357404081632653,0.42033306122448977,0.5295330612244898,0.5212555102040817,0.495993756503642
0.191,0.48011908768502204,0.017083631531709737,0.47725224489795914,0.43420734693877555,0.41927510204081625,0.5321338775510205,0.5216440816326531,0.4962018730489074
0.1912,0.47930333651879065,0.016975694327336633,0.47610122448979586,0.4345469387755102,0.41822040816326533,0.5307624489795919,0.5208195918367347,0.495369406867846
0.1914,0.47986241712501854,0.016970313915521062,0.47624653061224487,0.43519836734693873,0.4188734693877551,0.5318171428571428,0.5207330612244898,0.49630593132154
0.1916,0.4801747513573587,0.017076399971832395,0.4776995918367347,0.43422693877551016,0.41895346938775513,0.5323869387755102,0.5202269387755102,0.49755463059313215
0.1918,0.47959977461119724,0.017168098689108194,0.4770416326530612,0.433084081632653,0.4179738775510204,0.5319102040816326,0.5188375510204082,0.4987513007284079
0.192,0.4793463489703895,0.01744041319416288,0.4763820408163265,0.43137959183673474,0.4177142857142857,0.5335363265306123,0.5185746938775511,0.49849115504682634
0.1922,0.4795985579080748,0.017444700406138554,0.476450612244898,0.43138775510204075,0.4184489795918368,0.534924081632653,0.5178367346938776,0.49854318418314253
0.1924,0.47906302731706624,0.017569662397168753,0.4757142857142858,0.4300195918367347,0.4179526530612246,0.5346873469387755,0.5178253061224489,0.4981789802289282
0.1926,0.4787191225126888,0.017623822284482664,0.4748130612244898,0.4283853061224489,0.4185175510204083,0.5347673469387756,0.516924081632653,0.4989073881373569
0.1928,0.47821129067652035,0.017769194712266737,0.47358204081632654,0.427810612244898,0.41778775510204075,0.5359167346938776,0.5159395918367347,0.4982310093652445
0.193,0.4778480613306717,0.017711398224565602,0.4717191836734694,0.4274791836734694,0.41850775510204075,0.53616,0.5150432653061224,0.4981789802289282
0.1932,0.47738547629665806,0.017884122780022417,0.46886693877551017,0.42609142857142857,0.419315918367347,0.538035918367347,0.5138236734693878,0.4981789802289282
0.1934,0.47749132663679417,0.017795132795661715,0.46764081632653054,0.4260032653061224,0.4210938775510204,0.5389404081632654,0.513090612244898,0.49817898022892815
0.1936,0.4771965812256224,0.0177219573794714,0.4672179591836735,0.42527020408163263,0.4215722448979591,0.5382889795918367,0.512182857142857,0.49864724245577524
0.1938,0.47669976201094383,0.017627519964332997,0.46543510204081634,0.4238122448979592,0.4237567346938776,0.5391151020408163,0.5099004081632653,0.4981789802289282
0.194,0.47654146658455265,0.01771969524335081,0.46396571428571426,0.424538775510204,0.423665306122449,0.5415477551020409,0.5074563265306122,0.4980749219562955
0.1942,0.4763966891064438,0.017547257624496344,0.462589387755102,0.4232359183673469,0.4270089795918367,0.5422089795918367,0.5048457142857143,0.49849115504682623
0.1944,0.4765005160440867,0.01765312885722283,0.46209959183673466,0.42233142857142864,0.4279102040816326,0.5430351020408164,0.5037828571428571,0.4998439125910509
0.1946,0.47622131198369044,0.01758001202956427,0.46087836734693877,0.4218416326530612,0.4293812244897959,0.5434367346938775,0.5023102040816326,0.4994797086368366
0.1948,0.4763246929573077,0.017634365172715907,0.460218775510204,0.4220016326530612,0.43035591836734693,0.5451608163265307,0.5010955102040816,0.4991155046826223
0.195,0.47610406903239966,0.017552481647438445,0.4589942857142858,0.42248653061224495,0.43075591836734695,0.5450824489795918,0.4998775510204082,0.49942767950052025
0.1952,0.4765281069181055,0.017551260416190748,0.45809795918367346,0.42305959183673475,0.43288163265306123,0.5470334693877552,0.498408163265306,0.4996878251821021
0.1954,0.47589897088492,0.017429062400284114,0.455578775510204,0.42411755102040816,0.43346285714285715,0.5473518367346939,0.4955591836734693,0.4993236212278876
0.1956,0.4756683304664217,0.017484455768455306,0.4538644897959183,0.42460244897959176,0.43378775510204076,0.5482448979591836,0.4943428571428571,0.49916753381893864
0.1958,0.475703637509114,0.01753735792174087,0.45320653061224486,0.4250742857142857,0.4344326530612245,0.549469387755102,0.4919869387755102,0.5000520291363164
0.196,0.47557000092024326,0.017468320249648325,0.45044244897959185,0.4264408163265306,0.4357338775510204,0.5497208163265306,0.4901975510204082,0.5008844953173777
0.1962,0.47594487459916324,0.01772331950070462,0.4493779591836734,0.4266024489795918,0.4371167346938775,0.5525632653061223,0.4893844897959184,0.500624349635796
0.1964,0.4760887590166139,0.017653048454822386,0.4488016326530612,0.4283069387755102,0.4380179591836734,0.5538710204081633,0.4880032653061225,0.49953173777315285
0.1966,0.476559620010335,0.017269502874576147,0.44887836734693876,0.4311542857142857,0.4400522448979592,0.5536261224489796,0.485490612244898,0.500156087408949
0.1968,0.47645239355263436,0.01749020877469359,0.4483085714285714,0.42992653061224495,0.4404555102040817,0.5546057142857143,0.48484571428571427,0.5005723204994798
0.197,0.4764172555515442,0.017278656008587367,0.4473257142857142,0.4316326530612244,0.4418416326530612,0.5543575510204082,0.48272163265306123,0.500624349635796
0.1972,0.47625489887942685,0.01705624787404638,0.44567999999999997,0.43228408163265303,0.4442089795918367,0.5533763265306122,0.4810955102040816,0.5008844953173777
0.1974,0.4762245461431191,0.016888777107495825,0.4464016326530612,0.4343036734693877,0.44356244897959185,0.5534579591836735,0.479309387755102,0.500312174817898
0.1976,0.47667703200322786,0.01680820647396089,0.4469681632653062,0.4362530612244898,0.44454367346938783,0.5542824489795918,0.47687020408163255,0.5011446409989594
0.1978,0.4769438628979166,0.016680734640257603,0.44753306122448977,0.4373763265306122,0.44535346938775505,0.5543624489795917,0.4757371428571428,0.5013007284079084
0.198,0.4770800659743606,0.016791534147403926,0.4467102040816326,0.4377746938775511,0.4462595918367347,0.5552620408163266,0.4746008163265306,0.5018730489073882
0.1982,0.47663015736159187,0.01694470027467991,0.445090612244898,0.43744979591836736,0.4468342857142857,0.5560065306122448,0.47315102040816326,0.501248699271592
0.1984,0.4766867404277007,0.016652409556586832,0.4459836734693877,0.4383281632653061,0.44814204081632647,0.5547902040816327,0.47121142857142856,0.5016649323621227
0.1986,0.47667738565977896,0.016628793867405355,0.44508081632653057,0.43921795918367346,0.4489583673469387,0.5545453061224489,0.4696604081632653,0.5026014568158168
0.1988,0.47674385213814974,0.01653203702123939,0.4445191836734693,0.44205877551020406,0.44888653061224487,0.5547069387755102,0.4677942857142857,0.5024973985431842
0.199,0.4767951212951362,0.01648109045256388,0.4437028571428572,0.44197551020408155,0.4500359183673469,0.5541322448979591,0.46780244897959183,0.5031217481789803
0.1992,0.4767494789299695,0.01639213016581554,0.4432914285714286,0.4432734693877551,0.4501126530612244,0.5538106122448979,0.4669910204081633,0.5030176899063477
0.1994,0.4765224682339117,0.01650330744713828,0.4406922448979592,0.44440653061224483,0.45076408163265314,0.5540473469387754,0.4661028571428572,0.5031217481789801
0.1996,0.4764139531525409,0.016545775794076446,0.44020081632653063,0.4451314285714286,0.450690612244898,0.5541371428571429,0.4648897959183674,0.5034339229968783
0.1998,0.4761569745234202,0.016389045945777374,0.44027918367346935,0.44536489795918366,0.4509355102040816,0.5529289795918367,0.46384326530612247,0.5035900104058273
0.2,0.4760510774632434,0.016445131290987732,0.4404457142857143,0.4456048979591836,0.4505289795918367,0.5526661224489796,0.46222204081632656,0.5048387096774194
0.2002,0.4758811221304338,0.016397059015196197,0.4414138775510204,0.4451085714285714,0.44987265306122454,0.5519428571428572,0.4614857142857143,0.5054630593132153
0.2004,0.47520519894950697,0.016214940272116875,0.4412522448979591,0.4449322448979592,0.44897795918367345,0.5503036734693877,0.46108244897959183,0.5046826222684703
0.2006,0.47437226896585893,0.016113033192022577,0.4399412244897959,0.44584,0.44841632653061225,0.5489991836734693,0.459134693877551,0.5039021852237252
0.2008,0.4742405886725137,0.016044088002202715,0.4387167346938775,0.4472277551020408,0.4485697959183673,0.5481763265306123,0.45848653061224487,0.5042663891779396
0.201,0.4738852300962007,0.015882496151475155,0.43864326530612247,0.44811102040816325,0.4483216326530612,0.5470302040816326,0.4573551020408163,0.5038501560874089
0.2012,0.4735069113097892,0.015526536916147058,0.4382236734693878,0.4485061224489796,0.4484832653061225,0.5440179591836733,0.45743999999999996,0.5043704474505724
0.2014,0.4729493602893811,0.015356923997170573,0.4372587755102041,0.4494808163265306,0.44816,0.5421322448979591,0.45629387755102035,0.5043704474505724
0.2016,0.47304791522436235,0.01525758165099132,0.4371085714285714,0.45061387755102034,0.44783836734693877,0.5418857142857142,0.4569387755102041,0.5039021852237253
0.2018,0.47313646329291337,0.015007757588586908,0.4373567346938775,0.4506857142857143,0.44800326530612244,0.5400897959183674,0.45815673469387763,0.5045265348595213
0.202,0.47334453906432494,0.014605979033941476,0.4379314285714285,0.4526236734693877,0.44841142857142857,0.5377224489795919,0.45833142857142856,0.5050468262226847
0.2022,0.4730728509843063,0.014389383093425238,0.4382497959183674,0.45343510204081633,0.44785142857142846,0.5356881632653061,0.457593469387755,0.5056191467221645
0.2024,0.47335619783813626,0.014314890884110285,0.43939102040816325,0.4531102040816327,0.4484963265306122,0.5349551020408163,0.4571085714285714,0.5070759625390218
0.2026,0.47292914636822475,0.014292957895516791,0.4378514285714285,0.45392489795918367,0.4475200000000001,0.5342334693877551,0.45759346938775514,0.5064516129032258
0.2028,0.47263567400737605,0.014213748437741256,0.4373779591836735,0.45376979591836736,0.4471951020408163,0.5325240816326531,0.4575069387755102,0.5074401664932362
0.203,0.47211911911486765,0.014205394267902502,0.4358481632653062,0.4541812244897959,0.4461420408163265,0.5314579591836734,0.45790530612244906,0.5071800208116545
0.2032,0.4718281988008523,0.013904575026096341,0.435774693877551,0.4545828571428571,0.44589387755102045,0.528930612244898,0.4585551020408163,0.5072320499479709
0.2034,0.4712724854353812,0.01408054639874617,0.43408326530612246,0.4543265306122448,0.44458775510204085,0.5281224489795917,0.4583983673469388,0.5081165452653486
0.2036,0.4706404892862452,0.014021882871488025,0.43246530612244893,0.45578448979591835,0.44335836734693873,0.5257551020408163,0.45773877551020414,0.5087408949011446
0.2038,0.4705474280617554,0.013982053854778288,0.4323069387755102,0.4574955102040816,0.4431918367346939,0.5252702040816326,0.4562791836734695,0.5087408949011447
0.204,0.47090207819235913,0.013703475320621187,0.43183020408163264,0.45952979591836735,0.4444783673469388,0.5234759183673469,0.4570971428571428,0.5090010405827263
0.2042,0.47111906163505984,0.013627210835157218,0.43070204081632646,0.4605012244897959,0.4453763265306122,0.5223575510204082,0.4581518367346938,0.5096253902185224
0.2044,0.4707122433406245,0.013675222333608834,0.42858448979591834,0.46130938775510194,0.44529959183673473,0.5208979591836734,0.45814040816326534,0.5100416233090531
0.2046,0.47080614609215177,0.01379893348654433,0.42664653061224483,0.46349714285714283,0.4452130612244898,0.5199118367346939,0.4583820408163265,0.5111862643080125
0.2048,0.47116632476091375,0.013610600936223807,0.4266497959183674,0.4639755102040817,0.44594612244897947,0.5166530612244897,0.46008979591836735,0.5136836628511967
0.205,0.47095756574429987,0.013635520538764155,0.4255999999999999,0.4650889795918367,0.4458644897959184,0.5154269387755102,0.4596130612244897,0.5141519250780437
0.2052,0.4707194908931314,0.013436188200296876,0.42561632653061227,0.4654808163265306,0.4470024489795918,0.5132261224489796,0.4584751020408163,0.5145161290322581
0.2054,0.4707806434623798,0.013505950518089083,0.42399673469387755,0.4679151020408163,0.44725714285714285,0.5125061224489796,0.45838857142857137,0.5146201873048908
0.2056,0.47065687471242396,0.01350783981861712,0.4232718367346939,0.4688800000000001,0.4474204081632653,0.5109583673469388,0.45806204081632645,0.5153485952133195
0.2058,0.47095650732301236,0.013539405032803258,0.42353306122448975,0.46999673469387754,0.4466057142857142,0.5106416326530612,0.45888489795918364,0.5160770031217481
0.206,0.47082795925446136,0.013420863696992321,0.42297306122448985,0.4711314285714286,0.4465191836734694,0.5093551020408164,0.45953632653061216,0.515452653485952
0.2062,0.47118070462316036,0.013620864583275183,0.4222563265306123,0.4745322448979591,0.4453714285714286,0.5097502040816326,0.4594612244897959,0.5157127991675339
0.2064,0.4712966122307403,0.013842114413715356,0.4194302040816327,0.4766220408163265,0.446349387755102,0.5081257142857142,0.4603428571428571,0.5169094693028096
0.2066,0.47150029830038154,0.014006672972345152,0.41749551020408154,0.4794530612244897,0.4468375510204082,0.506829387755102,0.4609044897959184,0.5174817898022892
0.2068,0.47127874054096147,0.014113910410119772,0.4157240816326532,0.48156244897959183,0.4465795918367347,0.506349387755102,0.4610677551020408,0.5163891779396461
0.207,0.47163482313633054,0.014317297869034592,0.4143689795918368,0.4838302040816327,0.446909387755102,0.5065877551020408,0.46156734693877544,0.5165452653485951
0.2072,0.47226037022092915,0.014336259969803995,0.4151983673469387,0.486814693877551,0.44601795918367343,0.5056130612244899,0.4625404081632653,0.5173777315296566
0.2074,0.472457982402118,0.014507452967555595,0.41424163265306124,0.4889110204081632,0.44666448979591833,0.5044718367346939,0.4619885714285714,0.5184703433922998
0.2076,0.47240809898985603,0.01473954233791149,0.41302530612244903,0.489294693877551,0.4458465306122449,0.5046416326530612,0.46264979591836736,0.5189906347554631
0.2078,0.4730100085653408,0.015145937917730898,0.41197387755102033,0.49195591836734687,0.44567836734693883,0.5065175510204082,0.46216326530612245,0.5197710718002082
0.208,0.4735782533783544,0.01560120335297964,0.40995265306122447,0.4936555102040817,0.4462465306122449,0.5078171428571429,0.46256979591836733,0.5212278876170655
0.2082,0.47429725725045485,0.01600946546885089,0.40858122448979584,0.4960783673469388,0.4464016326530612,0.5103363265306122,0.46289795918367355,0.5214880332986473
0.2084,0.4755947849108426,0.016042434977784296,0.4095771428571428,0.49875265306122446,0.448021224489796,0.5116375510204081,0.4634677551020408,0.5221123829344434
0.2086,0.47665781109530175,0.016133771840604518,0.4103216326530612,0.5010971428571429,0.44825959183673475,0.5123657142857143,0.46485387755102037,0.5230489073881374
0.2088,0.47747827079218785,0.016200901408678147,0.40993142857142856,0.5025436734693878,0.44980571428571425,0.5139232653061225,0.4660848979591837,0.5225806451612903
0.209,0.4779030578974566,0.01638415096102232,0.40937959183673467,0.5034236734693878,0.44963591836734695,0.5140212244897959,0.46723265306122447,0.5237252861602497
0.2092,0.47835350591433246,0.016622765882129274,0.40889959183673474,0.507061224489796,0.44932081632653065,0.5141975510204081,0.4670726530612245,0.5235691987513007
0.2094,0.47880544274317427,0.016649874381808868,0.4090595918367347,0.5084244897959184,0.4492408163265306,0.5141142857142857,0.46837224489795914,0.5236212278876171
0.2096,0.47918571782511127,0.016737406875170852,0.4089877551020408,0.5104408163265306,0.4493224489795919,0.5150971428571427,0.46863346938775513,0.5226326742976066
0.2098,0.4791278869091862,0.016883869282160426,0.4077779591836734,0.5115624489795918,0.44964571428571426,0.5142171428571429,0.46872326530612246,0.5228407908428719
0.21,0.47997135240360445,0.016823366295911517,0.408195918367347,0.5126073469387755,0.4509436734693878,0.5145387755102041,0.47059755102040823,0.5229448491155047
0.2102,0.48062265752086475,0.01698530492779739,0.4086187755102041,0.515033469387755,0.4501224489795918,0.5147820408163265,0.47166204081632657,0.5235171696149845
0.2104,0.48163555933091234,0.017086034647834918,0.4090302040816326,0.516821224489796,0.45125877551020405,0.5160832653061225,0.4724783673469387,0.5241415192507805
0.2106,0.4825710287611402,0.01709462877648591,0.4087885714285714,0.5173795918367347,0.45304816326530606,0.5181077551020408,0.4746889795918367,0.5234131113423517
0.2108,0.48339158076550076,0.01715920302684583,0.40888326530612246,0.5190759183673469,0.4538628571428571,0.5189991836734693,0.4763232653061225,0.5232049947970863
0.211,0.48410955736300765,0.017320844796838045,0.4089665306122449,0.5202040816326532,0.45404081632653065,0.5196571428571428,0.47723102040816334,0.5245577523413112
0.2112,0.485196195856074,0.017169325082565582,0.411010612244898,0.52248,0.4548604081632653,0.520050612244898,0.4783738775510204,0.5244016649323621
0.2114,0.4860187857036675,0.017227489117142142,0.4109322448979592,0.5240244897959183,0.4560669387755102,0.5197355102040817,0.4801714285714286,0.5251821019771071
0.2116,0.4872715592459668,0.017303980602871114,0.4121583673469388,0.5258122448979592,0.45583020408163255,0.5215297959183673,0.4827004081632653,0.5255983350676379
0.2118,0.4883389907055434,0.01749655205254962,0.4120865306122449,0.5275983673469388,0.4570416326530612,0.5235575510204081,0.4836832653061224,0.5260665972944849
0.212,0.4892619323692016,0.01758746284972717,0.4119248979591836,0.5289093877551021,0.45818448979591836,0.5241338775510205,0.48588408163265306,0.5265348595213319
0.2122,0.49050960776402136,0.01726028042185498,0.4151836734693878,0.5291510204081633,0.45851265306122446,0.5252636734693878,0.4880995918367346,0.52684703433923
0.2124,0.49138957180374754,0.01716977795825372,0.41641142857142865,0.529890612244898,0.45949061224489796,0.5264,0.48924571428571423,0.5268990634755463
0.2126,0.4920210177890094,0.017298784576360755,0.4164995918367348,0.5301371428571429,0.45940244897959187,0.5272065306122449,0.49062857142857136,0.528251821019771
0.2128,0.4928338272915826,0.016921844264322115,0.4191869387755102,0.5295738775510205,0.4598269387755102,0.5269665306122449,0.4928326530612245,0.5286160249739853
0.213,0.4934500099810996,0.016850292428412,0.4194367346938776,0.5298971428571428,0.4611216326530612,0.52688,0.4945404081632653,0.5288241415192507
0.2132,0.49385888169211495,0.01675658091528363,0.4206628571428572,0.5308751020408164,0.46112653061224496,0.5266367346938775,0.4948718367346939,0.5289802289281997
0.2134,0.4952442956953853,0.01651160747763062,0.4233469387755102,0.5316179591836734,0.46275102040816324,0.5289877551020409,0.49593795918367345,0.5288241415192508
0.2136,0.49684847926267284,0.016369868247808252,0.42562612244897957,0.5330073469387756,0.4643771428571428,0.5295477551020407,0.49788734693877557,0.5306451612903226
0.2138,0.49758436945641943,0.016343206239239676,0.4259526530612245,0.534408163265306,0.46632653061224494,0.5302726530612245,0.4980571428571429,0.5304890738813736
0.214,0.4988552304501405,0.01616724637885378,0.42766693877551026,0.535629387755102,0.46852081632653064,0.5309273469387755,0.4992734693877551,0.5311134235171696
0.2142,0.49945689906347557,0.016152813657389395,0.42799346938775507,0.5363706122448979,0.46957877551020405,0.5315689795918367,0.5001681632653061,0.5310613943808533
0.2144,0.500160244076819,0.016122175629813728,0.4288816326530611,0.5375036734693878,0.4696522448979592,0.5319640816326531,0.5022106122448979,0.5307492195629553
0.2146,0.5008923859075368,0.016136266268654796,0.4295265306122449,0.537265306122449,0.47029061224489793,0.533578775510204,0.5030073469387755,0.5316857440166494
0.2148,0.5023137027048071,0.016014190384535294,0.43172734693877557,0.5396979591836735,0.4714220408163265,0.5341420408163265,0.5049469387755102,0.531945889698231
0.215,0.5032778766449347,0.015766934883493157,0.4338448979591837,0.5396228571428572,0.47223020408163263,0.5347918367346939,0.5069714285714285,0.5322060353798127
0.2152,0.5036581157665979,0.015435480565459085,0.4357975510204081,0.5392048979591837,0.4723102040816326,0.5342057142857143,0.5091608163265305,0.5312695109261186
0.2154,0.5039295005910793,0.015264243488008904,0.43677714285714286,0.5392081632653062,0.4732897959183674,0.5341110204081633,0.5086612244897959,0.5315296566077002
0.2156,0.5040495161644262,0.014973460579829376,0.4379967346938775,0.538734693877551,0.4735330612244898,0.5323085714285714,0.510610612244898,0.5311134235171696
0.2158,0.5050264432599262,0.014745861192003044,0.4397126530612245,0.5390595918367348,0.4747575510204082,0.5318971428571428,0.5133061224489796,0.5314255983350675
0.216,0.5058530128055384,0.01453091616942246,0.44068244897959186,0.5393844897959184,0.47679020408163264,0.5319738775510203,0.5159020408163266,0.530385015608741
0.2162,0.5073146017116524,0.014150871822713264,0.44352326530612246,0.5397061224489795,0.4793942857142858,0.533018775510204,0.5176000000000001,0.5306451612903227
0.2164,0.5081765502205045,0.013853478574409939,0.44563428571428576,0.5406824489795918,0.4810204081632653,0.5326791836734694,0.5186579591836735,0.5303850156087409
0.2166,0.508907054584581,0.013654450119492454,0.44709387755102037,0.5410138775510204,0.48224,0.5325093877551019,0.520044081632653,0.5305411030176899
0.2168,0.50908621489803,0.013288057603659725,0.44847346938775506,0.5404391836734694,0.4840212244897959,0.5308685714285715,0.5195493877551021,0.5311654526534859
0.217,0.508961179043938,0.012842844974315424,0.45034612244897954,0.5392130612244899,0.4843379591836735,0.5293110204081632,0.5211624489795919,0.5293964620187304
0.2172,0.5095285523158276,0.01251819726120068,0.45262040816326526,0.5392832653061225,0.48498612244897965,0.5296244897959184,0.522873469387755,0.527783558792924
0.2174,0.5096989235985757,0.012115189516036884,0.4544065306122449,0.5388816326530612,0.48627755102040815,0.527833469387755,0.5238432653061225,0.5269510926118627
0.2176,0.5095988750380486,0.011723799755134587,0.45579428571428576,0.5380767346938775,0.48748408163265305,0.5257208163265306,0.5240865306122449,0.5264308012486992
0.2178,0.5101352327153547,0.011032964840479064,0.45985795918367345,0.5357208163265306,0.4882922448979592,0.5262938775510204,0.525048163265306,0.5255983350676379
0.218,0.5104636477025773,0.010566501786241933,0.4621338775510204,0.5349044897959183,0.48983673469387756,0.5257126530612245,0.5249599999999999,0.5252341311134237
0.2182,0.51131821331238,0.00997231222564771,0.46620244897959184,0.5335902040816325,0.4908016326530612,0.5258726530612245,0.5264163265306122,0.5250260145681581
0.2184,0.511439353281375,0.009549984810328732,0.46782040816326526,0.532370612244898,0.492421224489796,0.5254612244897959,0.5260048979591838,0.5245577523413112
0.2186,0.5109825603998104,0.009232677169001086,0.4686318367346939,0.5310661224489795,0.49298938775510204,0.5243232653061225,0.5264081632653062,0.5224765868886576
0.2188,0.509882717973766,0.008994579805853943,0.4684620408163266,0.5287820408163265,0.49265142857142863,0.5236587755102041,0.5256587755102041,0.5200832466181061
0.219,0.5102390678643985,0.00868839589363936,0.46991999999999995,0.5285371428571428,0.49427755102040816,0.523258775510204,0.5259820408163265,0.5194588969823102
0.2192,0.5099832555373867,0.008431139625394154,0.47097795918367347,0.5286938775510204,0.49476734693877544,0.5219493877551021,0.5259771428571429,0.5175338189386056
0.2194,0.509958463618538,0.008088657457876517,0.4724359183673469,0.5286138775510205,0.4961518367346939,0.5210514285714287,0.5258889795918368,0.5156087408949012
0.2196,0.5103049720033696,0.007727396542977362,0.47446530612244897,0.5289387755102041,0.49818285714285704,0.5203134693877551,0.5264538775510204,0.5134755463059314
0.2198,0.5108184413911246,0.007358000086058152,0.47640653061224486,0.5282987755102041,0.5001289795918368,0.5196685714285714,0.526932244897959,0.5134755463059313
0.22,0.5104173948622113,0.007008643584600888,0.4772816326530612,0.5279657142857143,0.5017469387755102,0.5191673469387755,0.5248963265306122,0.5114464099895941
0.2202,0.5092988176998167,0.007040777343361572,0.47580897959183677,0.5277175510204082,0.5019151020408164,0.5165665306122449,0.5240032653061225,0.5097814776274714
0.2204,0.5086987361521091,0.006514730986112052,0.4773420408163266,0.5250318367346939,0.5036016326530612,0.5143771428571429,0.5235151020408163,0.5083246618106139
0.2206,0.5083917517891652,0.006262410721007085,0.47872000000000003,0.5245485714285714,0.5035183673469389,0.5136375510204081,0.5231102040816327,0.5068158168574401
0.2208,0.5079100579753234,0.006044430126800248,0.47887510204081635,0.5242138775510204,0.5054644897959184,0.5118530612244898,0.521330612244898,0.5057232049947971
0.221,0.5079010843296736,0.005752019431461569,0.4816310204081633,0.5259151020408164,0.5052881632653061,0.5109681632653061,0.5198579591836735,0.5037460978147762
0.2212,0.507017465367,0.0053779395367317545,0.48267428571428567,0.5238840816326531,0.5052832653061224,0.5094253061224491,0.5185485714285714,0.5022892819979188
0.2214,0.5069982642796973,0.005519818242374336,0.4825077551020408,0.5252,0.5054530612244897,0.5100669387755101,0.517825306122449,0.5009365244536941
0.2216,0.5065828415695101,0.005192607612115762,0.48395591836734686,0.5247902040816326,0.5066677551020409,0.507709387755102,0.5159575510204081,0.5004162330905306
0.2218,0.5060131535319642,0.004991735263563404,0.48466612244897955,0.5245567346938775,0.5065779591836735,0.5060016326530612,0.5140163265306124,0.5002601456815817
0.222,0.5056028553023707,0.00517948360644086,0.48464653061224483,0.5255183673469388,0.5064963265306124,0.5045371428571428,0.5141877551020408,0.4982310093652445
0.2222,0.5054130779304439,0.005013136452986091,0.4866742857142857,0.5263232653061225,0.5069926530612245,0.5040604081632654,0.5116016326530611,0.49682622268470344
0.2224,0.5044896795429931,0.004880053155308023,0.48731591836734695,0.5258383673469388,0.506181224489796,0.5023444897959184,0.5094204081632653,0.495837669094693
0.2226,0.5042211440746954,0.004768417526776957,0.4876375510204081,0.5255836734693877,0.5061877551020408,0.502749387755102,0.5073828571428571,0.49578563995837677
0.2228,0.5039153044943263,0.004836411247273752,0.4880326530612245,0.526,0.5075722448979592,0.5027591836734693,0.5045387755102041,0.4945889698231009
0.223,0.5032149011446411,0.004867094201551821,0.4872097959183674,0.5255820408163265,0.5084685714285715,0.5011330612244898,0.5015265306122448,0.495369406867846
0.2232,0.5027489740703773,0.005128708775976807,0.48646204081632644,0.5259102040816327,0.510429387755102,0.499831836734694,0.4991673469387755,0.49469302809573357
0.2234,0.5016365679174896,0.005153535412737026,0.4854824489795918,0.524684081632653,0.5101142857142857,0.49828408163265303,0.49770612244897955,0.4935483870967742
0.2236,0.5013991811251036,0.005019800979280037,0.4875722448979592,0.5242710204081633,0.5101942857142857,0.49787755102040815,0.49477551020408167,0.4937044745057232
0.2238,0.5001327817537005,0.005429695771236768,0.48692244897959186,0.5253191836734694,0.5093044897959184,0.4962644897959184,0.4900620408163265,0.4929240374609781
0.224,0.5000557545640525,0.00543523521387509,0.4880326530612244,0.5249991836734693,0.5099526530612245,0.49594938775510206,0.48884081632653054,0.49255983350676386
0.2242,0.49939556216243003,0.0055413963315265645,0.4887542857142858,0.5248375510204081,0.5094644897959183,0.49474285714285704,0.48632653061224485,0.49224765868886583
0.2244,0.49873478958284667,0.005885122075185838,0.4898138775510204,0.5261404081632653,0.5082612244897959,0.49329142857142855,0.48291428571428574,0.49198751300728405
0.2246,0.4985008119376783,0.006076034420392041,0.4908620408163265,0.5259020408163266,0.5096587755102041,0.4915999999999999,0.4810465306122449,0.4919354838709677
0.2248,0.49826753792463907,0.006182710809586592,0.4907804081632653,0.5254155102040816,0.5104718367346939,0.49200653061224486,0.4796718367346939,0.4912591050988554
0.225,0.49793616088683135,0.006653230085689341,0.49192489795918365,0.5268783673469388,0.5108783673469388,0.49022693877551016,0.4769175510204082,0.49079084287200825
0.2252,0.49741701317363574,0.007079441817960437,0.4921648979591836,0.5269567346938775,0.5118628571428572,0.4896669387755102,0.4731118367346939,0.49073881373569195
0.2254,0.49713788103378714,0.007493524769519172,0.49338122448979593,0.5272816326530613,0.512930612244898,0.4889338775510204,0.47002938775510206,0.4902705515088449
0.2256,0.49685045736088407,0.007805488555750149,0.4949175510204082,0.5276097959183674,0.5131804081632654,0.4880473469387755,0.4677534693877551,0.4895941727367326
0.2258,0.49712039414725306,0.008222051156926848,0.4958971428571429,0.5280261224489796,0.5152179591836734,0.48805061224489793,0.46515591836734693,0.4903746097814777
0.226,0.4968688217347293,0.008685791808371797,0.49695020408163265,0.5281877551020409,0.5164342857142856,0.4870710204081633,0.4619869387755102,0.4905827263267429
0.2262,0.4968405631888551,0.008994261324494351,0.4984783673469388,0.5290857142857143,0.5154563265306124,0.4873142857142857,0.45939755102040813,0.49131113423517175
0.2264,0.496755952911862,0.00915322092603011,0.5000930612244898,0.5299722448979592,0.5144048979591836,0.4865028571428572,0.4586677551020408,0.49089490114464096
0.2266,0.49666785080733655,0.00930061140617689,0.5003330612244898,0.5294857142857142,0.5144848979591836,0.48691102040816325,0.4568048979591837,0.49198751300728405
0.2268,0.49583677886555244,0.009362041391291341,0.49991183673469386,0.5281844897959184,0.5136832653061225,0.48568326530612244,0.45510204081632655,0.4924557752341311
0.227,0.4949049139572583,0.009459414105034926,0.5003167346938776,0.5263232653061225,0.5136065306122448,0.48340408163265314,0.45347918367346934,0.4922996878251821
0.2272,0.49443807824898944,0.009676467204892892,0.5019346938775511,0.5260032653061224,0.5130497959183674,0.4824995918367347,0.4517779591836734,0.491363163371488
0.2274,0.4937714523561767,0.009871835133792903,0.5012751020408164,0.5253632653061224,0.5116604081632653,0.48346612244897963,0.4487722448979592,0.4920915712799168
0.2276,0.49370618219400136,0.009999790906019327,0.5018351020408163,0.5248767346938775,0.511658775510204,0.4845175510204081,0.4473093877551021,0.49203954214360035
0.2278,0.4937785271861086,0.010129870780347038,0.5028783673469388,0.5251951020408163,0.5112408163265306,0.4847657142857143,0.44649959183673477,0.4920915712799167
0.228,0.49334028810691816,0.010396178789662588,0.5032865306122449,0.5258530612244898,0.5102726530612244,0.48346122448979595,0.44486857142857145,0.492299687825182
0.2282,0.4933436145738212,0.010494030076400292,0.5036783673469387,0.5242204081632653,0.5108391836734694,0.48484734693877557,0.443084081632653,0.4933922996878253
0.2284,0.493357055787976,0.010605219897596888,0.5048963265306122,0.5237273469387755,0.5115657142857143,0.48411918367346934,0.4425975510204082,0.49323621227887615
0.2286,0.4933195407278416,0.01050700195234223,0.50488,0.5227559183673469,0.5114024489795919,0.48517714285714286,0.4425175510204082,0.4931841831425599
0.2288,0.4927112540083671,0.010665308868568141,0.5050416326530612,0.5206416326530612,0.5111624489795918,0.48559020408163267,0.44007510204081635,0.4937565036420396
0.229,0.4926998302505185,0.010667036508399964,0.5064032653061225,0.5194204081632654,0.5105861224489796,0.485673469387755,0.4395787755102041,0.49453694068678455
0.2292,0.4926370858020628,0.011039499970514871,0.5066465306122448,0.5208783673469387,0.5098448979591836,0.4858334693877552,0.4374579591836735,0.4951612903225806
0.2294,0.49273383309619384,0.0112753674585135,0.5074416326530613,0.5200767346938775,0.5106628571428571,0.48673142857142865,0.4357567346938776,0.49573361082206036
0.2296,0.49243843077293353,0.011557556266604381,0.50832,0.5201697959183674,0.5092032653061225,0.4878775510204082,0.4334824489795919,0.49557752341311134
0.2298,0.49230859889429235,0.011850454348171542,0.5088751020408163,0.5199216326530612,0.5101828571428572,0.48747102040816326,0.4317714285714286,0.49562955254942775
0.23,0.49241582053841304,0.01187284753222054,0.5091085714285715,0.5199951020408162,0.5109910204081632,0.4881142857142858,0.43185306122448974,0.4944328824141519
0.2302,0.49244926953924134,0.011796458859415649,0.5095085714285714,0.5197469387755103,0.5102530612244899,0.48901877551020406,0.43209959183673463,0.4940686784599375
0.2304,0.4923881996503075,0.011770876890273355,0.5094220408163265,0.5201600000000001,0.5098416326530613,0.48998693877551014,0.43225469387755105,0.4926638917793965
0.2306,0.49226895962963746,0.011800704485907044,0.5083657142857143,0.5196751020408164,0.5107363265306122,0.49071020408163263,0.431774693877551,0.4923517169614985
0.2308,0.4924265262233925,0.011876716154829001,0.5084342857142856,0.5208897959183674,0.5113044897959182,0.48997551020408164,0.43201959183673466,0.4919354838709677
0.231,0.4924752744802395,0.012057909804131895,0.5092391836734693,0.5217061224489795,0.5107297959183673,0.4893191836734694,0.4311934693877551,0.4926638917793965
0.2312,0.4928881510897803,0.012181674041614186,0.5093159183673469,0.5237502040816328,0.5106351020408162,0.4902171428571429,0.43126693877551014,0.49214360041623306
0.2314,0.4926535165325236,0.01200510922769,0.509469387755102,0.5231918367346939,0.5095787755102041,0.4902171428571428,0.43199673469387745,0.49146722164412077
0.2316,0.4924987177472446,0.0120655300184818,0.5114155102040817,0.5227069387755102,0.5088506122448979,0.4896424489795918,0.4317420408163265,0.49063475546305935
0.2318,0.49237496457063573,0.012105585272660296,0.5126302040816327,0.5219836734693877,0.5073828571428571,0.4902236734693878,0.4310824489795918,0.49094693028095726
0.232,0.49209129407434143,0.012219421367612832,0.5126285714285714,0.5228130612244898,0.5068032653061224,0.48976163265306116,0.4305828571428571,0.4899583766909469
0.2322,0.49256566728252177,0.012227486745409338,0.512545306122449,0.5234791836734694,0.5078726530612245,0.4909828571428571,0.43107591836734693,0.4894380853277836
0.2324,0.49286483835573774,0.01215876559205381,0.5119722448979592,0.52504,0.5081126530612246,0.49090938775510207,0.43228897959183676,0.4888657648283038
0.2326,0.49282751867031926,0.012215865432470715,0.512858775510204,0.5262791836734694,0.506574693877551,0.49058612244897964,0.4325289795918367,0.48813735691987514
0.2328,0.4932431319416424,0.012227111711336612,0.513425306122449,0.5277567346938775,0.5077877551020408,0.48937959183673463,0.4339085714285714,0.48720083246618107
0.233,0.493044703433923,0.012136831096983814,0.5139020408163264,0.5282563265306123,0.5063967346938776,0.4887232653061225,0.43488163265306123,0.486108220603538
0.2332,0.49306038862579377,0.012082822244861001,0.5142220408163265,0.5286628571428572,0.5059885714285715,0.48872489795918356,0.43569632653061224,0.48506763787721124
0.2334,0.49353766272377847,0.011991863596419466,0.5158595918367347,0.5298040816326532,0.5046759183673469,0.48904,0.4375591836734694,0.4842872008324662
0.2336,0.4938358017088209,0.012049646137826208,0.5166693877551021,0.53136,0.5035363265306122,0.48912979591836736,0.4382922448979592,0.4840270551508845
0.2338,0.4943411593648906,0.011881858271531084,0.5163493877551021,0.5318628571428571,0.5046628571428572,0.4895330612244898,0.44008,0.4835587929240375
0.234,0.49465886979974094,0.011662591238737315,0.5159428571428571,0.5321306122448979,0.5045730612244899,0.4904995918367347,0.44187265306122453,0.4829344432882414
0.2342,0.4948280399527137,0.011615051676374178,0.5165975510204082,0.5334432653061224,0.5031902040816327,0.4906791836734694,0.4435804081632654,0.48147762747138395
0.2344,0.4947885589698939,0.01134269701552564,0.5152065306122449,0.5345175510204083,0.5023722448979593,0.4899542857142857,0.44634775510204083,0.48033298647242456
0.2346,0.49536577374758434,0.01114403347301254,0.5142987755102041,0.5359036734693877,0.5017191836734693,0.49141061224489785,0.44863346938775506,0.48022892819979185
0.2348,0.49579073584064215,0.010911862420883125,0.5155167346938775,0.5363199999999999,0.49918693877551024,0.4922236734693877,0.4511640816326531,0.48033298647242456
0.235,0.49589330048772884,0.010856265683382275,0.5180261224489795,0.535185306122449,0.4986955102040816,0.49150530612244897,0.45197877551020416,0.4799687825182102
0.2352,0.49654625383139733,0.010934955574246268,0.518261224489796,0.5371542857142858,0.49844244897959183,0.4922497959183675,0.4530448979591837,0.4801248699271592
0.2354,0.49690336851493977,0.010917791072623273,0.5193224489795918,0.5368473469387756,0.49965877551020405,0.4920179591836735,0.45360489795918363,0.4799687825182102
0.2356,0.4970439612931541,0.010933349200705177,0.5189991836734694,0.5383199999999999,0.4992522448979592,0.4905436734693878,0.45465959183673466,0.4804890738813736
0.2358,0.49741295645833783,0.010749796756931601,0.5186742857142856,0.5391542857142857,0.49737469387755107,0.4922677551020408,0.4569338775510204,0.4800728407908429
0.236,0.4973634434085809,0.010929731315918198,0.519978775510204,0.5400604081632653,0.4955771428571428,0.49226285714285717,0.457425306122449,0.4788761706555671
0.2362,0.4974259157481931,0.011153742370554599,0.5213632653061224,0.5405665306122449,0.4951755102040816,0.4923428571428571,0.45685551020408155,0.47825182101977104
0.2364,0.49746654745977475,0.01143019672297966,0.5230726530612245,0.541564081632653,0.4942726530612244,0.4915363265306123,0.4566220408163265,0.4777315296566077
0.2366,0.49772094884155527,0.011556779889963063,0.5242138775510204,0.5419118367346938,0.49370775510204085,0.492595918367347,0.45652897959183675,0.4773673257023933
0.2368,0.49763527051611484,0.01161983639375284,0.5259265306122449,0.541193469387755,0.49225142857142856,0.49267918367346936,0.4564457142857143,0.4773152965660771
0.237,0.4977702268753495,0.011642814312796092,0.5262563265306122,0.5418481632653062,0.49176653061224496,0.4930024489795919,0.4579934693877551,0.47575442247658695
0.2372,0.4982114231915451,0.011897130811888538,0.5279640816326531,0.5430938775510203,0.4909648979591837,0.4935657142857144,0.4580816326530613,0.47559833506763793
0.2374,0.49789814917850594,0.012110951411116056,0.5288718367346938,0.5435102040816326,0.4888555102040816,0.49347102040816326,0.45775836734693875,0.47492195629552547
0.2376,0.4978727603757424,0.012213228925761158,0.5316408163265306,0.5420538775510204,0.486094693877551,0.4940391836734694,0.45718530612244895,0.476222684703434
0.2378,0.4978575018935775,0.012145928895838732,0.5319787755102041,0.541505306122449,0.4860016326530613,0.49396571428571434,0.45783510204081634,0.47585848074921955
0.238,0.4975824202396881,0.012234350491228166,0.5318204081632653,0.5420016326530612,0.4842889795918368,0.4934971428571429,0.4576636734693878,0.476222684703434
0.2382,0.49726906354633416,0.012343270467936854,0.5333697959183673,0.5407934693877551,0.4835624489795919,0.4925110204081632,0.45653061224489794,0.4768470343392299
0.2384,0.497876918742523,0.012442647318921815,0.5350824489795919,0.5414497959183674,0.4821044897959183,0.4936473469387755,0.4580783673469388,0.4768990634755463
0.2386,0.4982562384704141,0.012646014442294306,0.5356489795918368,0.5424359183673468,0.4821028571428571,0.49519020408163267,0.4572604081632653,0.4768990634755463
0.2388,0.4980415853667169,0.012677285167381232,0.5359836734693878,0.5415461224489796,0.4790955102040816,0.4968995918367347,0.4570971428571428,0.4776274713839751
0.239,0.49832772041594997,0.012708285234146533,0.5374595918367346,0.540974693877551,0.477875918367347,0.49762612244897964,0.4578302040816326,0.47819979188345474
0.2392,0.49777920533457926,0.01281868292393382,0.5367526530612245,0.5408228571428572,0.47576326530612245,0.49812734693877553,0.4566971428571428,0.4785119667013527
0.2394,0.4974230196719686,0.013050166927326917,0.5374906122448978,0.5413959183673469,0.4732408163265306,0.49665795918367345,0.4564604081632654,0.47929240374609783
0.2396,0.497199135254518,0.013263904273527418,0.5382334693877551,0.5411608163265307,0.471774693877551,0.4967232653061224,0.4549175510204081,0.4803850156087409
0.2398,0.49725407009421874,0.013309866860381572,0.5397861224489795,0.5395346938775509,0.4712816326530612,0.49745142857142854,0.4542530612244898,0.4812174817898023
0.24,0.497432434468064,0.013260592965445454,0.5409224489795919,0.537425306122449,0.47062857142857145,0.4994008163265307,0.4540114285714286,0.4822060353798127
0.2402,0.4976298464609569,0.013313495219075978,0.5417502040816327,0.5358073469387754,0.46941061224489805,0.5021632653061224,0.45345306122448975,0.4831945889698231
0.2404,0.4978569387047222,0.013739876527279427,0.5434530612244898,0.536305306122449,0.4685910204081633,0.5030595918367347,0.45118530612244906,0.4845473465140479
0.2406,0.49825399109487706,0.014159874273225022,0.5461404081632653,0.5363804081632653,0.4665567346938775,0.5039428571428571,0.4504473469387754,0.48605619146722157
0.2408,0.49840347115745365,0.014198219960196148,0.5477681632653061,0.5350595918367347,0.4673779591836734,0.5038514285714285,0.45004734693877557,0.48631633714880335
0.241,0.49866949053919174,0.014238076173993188,0.5485828571428571,0.5345714285714286,0.46647836734693876,0.5045877551020408,0.4505436734693877,0.4872528616024974
0.2412,0.49874670234378865,0.014394890716185165,0.5499689795918368,0.5340669387755101,0.46517551020408165,0.5045061224489796,0.45062530612244894,0.48813735691987514
0.2414,0.4990025769641884,0.014546689720702288,0.5501289795918367,0.5346285714285715,0.4646024489795918,0.5061240816326531,0.4501338775510204,0.48839750260145676
0.2416,0.49912989275626996,0.014599662625261411,0.5508604081632653,0.532772244897959,0.4645257142857143,0.5081485714285714,0.4492424489795918,0.4892299687825181
0.2418,0.49993510841173094,0.014866443043947627,0.553141224489796,0.5317861224489796,0.46444408163265305,0.5109910204081632,0.448509387755102,0.49073881373569195
0.242,0.5000059538321052,0.014993882299176755,0.5534644897959183,0.530574693877551,0.46332408163265304,0.5130253061224489,0.4478677551020408,0.4917793964620188
0.2422,0.49990792754146396,0.015087344891346267,0.5539510204081634,0.5288604081632653,0.46193959183673466,0.5143918367346938,0.4476408163265305,0.4926638917793964
0.2424,0.4999700295185712,0.015019176165831457,0.553141224489796,0.5280489795918368,0.4616995918367347,0.5156897959183674,0.44748408163265313,0.4937565036420395
0.2426,0.49967334819880077,0.01517473010521838,0.5536342857142857,0.5260097959183673,0.4604832653061225,0.516509387755102,0.44634612244897964,0.49505723204994795
0.2428,0.49979658235822955,0.015067729933805597,0.5529044897959183,0.5248685714285715,0.4604897959183674,0.5180391836734695,0.44658775510204085,0.49588969823100937
0.243,0.4998482411320408,0.014927316437200633,0.5522595918367348,0.5214432653061225,0.4612310204081632,0.5202236734693877,0.4460130612244898,0.49791883454734653
0.2432,0.5002182624392109,0.014997146332259913,0.5533257142857144,0.5198922448979592,0.4617893877551021,0.5213632653061224,0.44577142857142854,0.4991675338189386
0.2434,0.5002116443330714,0.015040058289660381,0.5525126530612244,0.5195640816326531,0.4614024489795918,0.5228114285714286,0.44529142857142856,0.499687825182102
0.2436,0.5001949270530273,0.015420985988726345,0.552770612244898,0.5175265306122449,0.4596228571428572,0.5263004081632653,0.44390857142857143,0.5010405827263267
0.2438,0.5002034751215784,0.015544420369194192,0.5526873469387755,0.5150824489795919,0.45946122448979587,0.5289779591836734,0.4433469387755101,0.5016649323621227
0.244,0.500605949301677,0.015766233157025602,0.5536604081632653,0.514334693877551,0.4587297959183673,0.5307510204081632,0.4433502040816327,0.5028095733610822
0.2442,0.5011304972852825,0.0158198108119971,0.5540783673469387,0.5143363265306122,0.4585714285714285,0.5312261224489795,0.44367999999999996,0.5048907388137358
0.2444,0.5010953485244254,0.01602907714278247,0.5544016326530612,0.5130302040816327,0.45760979591836726,0.5323608163265305,0.44303020408163263,0.5061394380853278
0.2446,0.5011224515279576,0.01609244634955956,0.5548130612244897,0.5106726530612244,0.45705306122448974,0.5341371428571429,0.4437632653061224,0.5062955254942768
0.2448,0.5014461375975988,0.01621215088270575,0.5548195918367347,0.509766530612245,0.45795102040816327,0.5362399999999999,0.4430318367346938,0.5068678459937564
0.245,0.501313081186689,0.01622287546143324,0.5539934693877552,0.5079722448979591,0.457869387755102,0.5375281632653061,0.4428669387755102,0.5076482830385015
0.2452,0.5011697361733455,0.016581427022891764,0.5551265306122448,0.5063363265306122,0.45599673469387747,0.5390595918367347,0.44253877551020404,0.5079604578563996
0.2454,0.5007735301238081,0.01678852893656429,0.5548914285714286,0.5050236734693877,0.45623673469387754,0.5396995918367347,0.44041306122448975,0.5083766909469303
0.2456,0.5008784047229714,0.017005694724651577,0.5557110204081633,0.502989387755102,0.4563281632653061,0.5413093877551021,0.43993142857142853,0.5090010405827263
0.2458,0.500724422264223,0.017217727852744426,0.556930612244898,0.5023526530612245,0.4561665306122449,0.5416228571428572,0.43910530612244897,0.508168574401665
0.246,0.5003750860427417,0.017333532775365753,0.5575134693877551,0.5007983673469387,0.45730775510204075,0.5414497959183674,0.4374808163265306,0.5077003121748178
0.2462,0.5005345166245478,0.017310970061753056,0.5578351020408162,0.4997355102040816,0.4586204081632653,0.5426644897959183,0.437795918367347,0.5065556711758585
0.2464,0.5006014554000581,0.017482771463917354,0.5576848979591836,0.4974546938775511,0.4592734693877551,0.5452604081632654,0.4373795918367348,0.5065556711758585
0.2466,0.5002474417946159,0.017460047739888827,0.5573534693877551,0.49534204081632655,0.46041795918367345,0.5451706122448978,0.4366448979591836,0.5065556711758585
0.2468,0.5001278217842808,0.017747896092555223,0.5577697959183673,0.4941289795918367,0.4607477551020408,0.5466236734693878,0.43509714285714285,0.5063995837669094
0.247,0.5003225390218523,0.01778714686512121,0.5576179591836735,0.4947820408163265,0.4617191836734694,0.5475151020408162,0.4345257142857143,0.5057752341311134
0.2472,0.5005301844025851,0.017687918046021156,0.5582008163265305,0.49444897959183665,0.4636032653061225,0.5477567346938775,0.4350089795918368,0.5041623309053069
0.2474,0.5008337403639915,0.01757846329436446,0.5572212244897959,0.494684081632653,0.467105306122449,0.5490432653061225,0.4341910204081632,0.5027575442247658
0.2476,0.5002756451258962,0.017913917837989565,0.5585273469387755,0.49296326530612244,0.4666971428571428,0.5485583673469387,0.4321502040816327,0.5027575442247658
0.2478,0.5005380766916548,0.017832610358415657,0.5596734693877551,0.4928767346938775,0.4679918367346939,0.5482448979591836,0.43303673469387755,0.5014047866805411
0.248,0.5007556666454304,0.01770876676496714,0.5590285714285714,0.4931983673469388,0.4696179591836735,0.5489681632653062,0.4333567346938775,0.5003642039542144
0.2482,0.5008917881741667,0.017669006500136735,0.5594432653061225,0.49400979591836736,0.47132734693877554,0.5483085714285714,0.4327820408163266,0.4994797086368366
0.2484,0.5005114878917227,0.017591986601447326,0.558393469387755,0.4935118367346939,0.47222367346938776,0.5477355102040816,0.4318808163265306,0.49932362122788765
0.2486,0.5003466055058859,0.017416693216987803,0.5577436734693877,0.49376,0.47295020408163263,0.5467542857142857,0.43196408163265304,0.4989073881373569
0.2488,0.5002236638422278,0.017515975202628403,0.5578253061224491,0.4942367346938775,0.4732702040816326,0.5466644897959183,0.43090612244897963,0.4984391259105099
0.249,0.5001025346329998,0.017543731076080638,0.5562057142857143,0.4950416326530612,0.4736783673469388,0.5479640816326531,0.43001469387755104,0.4977107180020811
0.2492,0.49998992829181627,0.017508341221587495,0.5561404081632653,0.49576816326530615,0.4762775510204082,0.5467444897959183,0.4285469387755102,0.4964620187304892
0.2494,0.499705888565624,0.017360367621997358,0.5552457142857143,0.4965812244897959,0.4778138775510204,0.5459428571428571,0.4282187755102041,0.4944328824141519
0.2496,0.5000690363637651,0.017329722163187268,0.5563036734693878,0.49626285714285717,0.4800897959183673,0.5459444897959183,0.428785306122449,0.4930280957336108
0.2498,0.500158924589607,0.017116415449348672,0.555244081632653,0.4955346938775511,0.4818073469387755,0.5458008163265307,0.4292783673469388,0.49328824141519245
0.25,0.49961754181797585,0.016987419555484422,0.5547722448979592,0.4957028571428571,0.48172734693877556,0.544749387755102,0.42959836734693874,0.49115504682622274
0.2502,0.4991432057026765,0.016932496604317546,0.5551836734693878,0.49675918367346944,0.481484081632653,0.5429714285714285,0.42959510204081636,0.4888657648283038
0.2504,0.49912522613207616,0.017071349167303983,0.5554432653061224,0.49716734693877546,0.48042122448979596,0.5437926530612245,0.429425306122449,0.4885015608740895
0.2506,0.4988864691683126,0.017051026615455586,0.5557681632653061,0.4975657142857143,0.4804865306122449,0.5429012244897959,0.4295004081632653,0.4870967741935484
0.2508,0.4989013943808533,0.016929948753523424,0.5563379591836735,0.49755918367346935,0.48105142857142863,0.541774693877551,0.43031673469387766,0.4863683662851196
0.251,0.4985158269093277,0.016795824457283934,0.5561763265306122,0.49821387755102037,0.4830857142857143,0.5390236734693877,0.4294236734693878,0.48517169614984396
0.2512,0.4980813254333991,0.016527860303461726,0.5552195918367346,0.4985322448979591,0.4841387755102041,0.536101224489796,0.42901224489795914,0.485483870967742
0.2514,0.49747500095563724,0.01642231922065321,0.5548195918367347,0.4970759183673469,0.48462530612244903,0.5353028571428572,0.42941551020408164,0.4836108220603538
0.2516,0.49620946944438543,0.016309083690076512,0.5526155102040816,0.4956865306122449,0.48396734693877547,0.5342661224489796,0.42835918367346937,0.4823621227887617
0.2518,0.4957172401197732,0.016161648128602057,0.5515559183673469,0.4958481632653061,0.4832375510204082,0.5332897959183673,0.42842612244897965,0.481945889698231
0.252,0.4949772946264874,0.01596861617827068,0.5505159183673469,0.49576979591836734,0.48266448979591836,0.5316767346938776,0.4287477551020409,0.4804890738813736
0.2522,0.49469100016281237,0.01593887618788397,0.5499722448979592,0.4960897959183674,0.4819330612244898,0.5311934693877551,0.42841632653061223,0.4805411030176899
0.2524,0.4949221692256507,0.015968018284353284,0.5490759183673469,0.49682448979591837,0.48274122448979595,0.5320995918367346,0.42767836734693876,0.4811134235171696
0.2526,0.49480904386728675,0.015760343438365555,0.5492408163265305,0.4980408163265306,0.4826530612244898,0.5295902040816326,0.42832,0.4810093652445369
0.2528,0.49432463377858943,0.015396070586056368,0.5484277551020409,0.4981257142857142,0.4822432653061225,0.5269191836734693,0.429534693877551,0.4806971904266389
0.253,0.49425682232934803,0.01514784157419138,0.548021224489796,0.49804571428571426,0.48329469387755103,0.5253714285714286,0.4304228571428571,0.48038501560874086
0.2532,0.4936104355581983,0.015119635857880842,0.5476342857142857,0.49730285714285716,0.4820718367346939,0.5243967346938775,0.43007999999999996,0.48017689906347555
0.2534,0.4936955589061847,0.01477585948466501,0.5456848979591836,0.49876244897959177,0.48181877551020413,0.5235983673469388,0.4308832653061224,0.48142559833506765
0.2536,0.49254725477287686,0.014582379409115682,0.5433191836734693,0.49917387755102033,0.48051265306122454,0.5215722448979592,0.43006040816326535,0.4806451612903226
0.2538,0.49248762697586845,0.014456942859878546,0.5435640816326531,0.49844897959183665,0.4800163265306123,0.5210889795918368,0.4311102040816327,0.48069719042663894
0.254,0.4921955618792782,0.014377704629179503,0.5424212244897959,0.4982122448979592,0.4797534693877551,0.5213224489795919,0.4310269387755102,0.4804370447450572
0.2542,0.49198805552606056,0.014266877544240015,0.5403869387755103,0.49983999999999995,0.47959673469387754,0.520844081632653,0.43019918367346943,0.4810613943808534
0.2544,0.49142428196252497,0.014009247804418984,0.5386808163265306,0.49976489795918366,0.4791967346938776,0.5194530612244898,0.43044081632653064,0.4810093652445369
0.2546,0.4911363033121677,0.013562177059493889,0.5364848979591837,0.49902693877551024,0.48031999999999997,0.5180587755102041,0.43139755102040817,0.4815296566077004
0.2548,0.49091373866508103,0.013403125362744487,0.5347755102040816,0.5002579591836736,0.4796604081632653,0.5174922448979592,0.43140244897959185,0.4818938605619147
0.255,0.4905128863782766,0.013297504856374294,0.5335624489795918,0.5001714285714286,0.47916734693877555,0.5170057142857142,0.43122448979591843,0.481945889698231
0.2552,0.49032527993091085,0.013325272991693768,0.5325110204081632,0.49993959183673464,0.4794040816326531,0.5173387755102041,0.43024000000000007,0.4825182101977107
0.2554,0.4904725315891185,0.013252459671348228,0.5325910204081633,0.4996179591836734,0.4797191836734694,0.5170922448979592,0.43056816326530606,0.48324661810613934
0.2556,0.49033609717768484,0.013028832959204595,0.5325077551020408,0.49946285714285715,0.47947591836734693,0.5155477551020409,0.4316195918367347,0.48340270551508846
0.2558,0.4897936715581133,0.01308210428030643,0.5311151020408162,0.4997044897959183,0.47807510204081627,0.5162106122448978,0.4308783673469388,0.4827783558792924
0.256,0.4896354324789229,0.01276338096081304,0.5300457142857142,0.4998742857142857,0.4781371428571429,0.514749387755102,0.4320195918367348,0.4829864724245578
0.2562,0.4892179659793158,0.012622715590455824,0.5284114285714285,0.5005224489795919,0.47746938775510206,0.5136930612244898,0.4317567346938776,0.4834547346514048
0.2564,0.48896884735996377,0.012426761552047241,0.5270138775510202,0.4996375510204082,0.4773844897959183,0.51336,0.43197387755102046,0.4844432882414152
0.2566,0.48823903105466954,0.012513335218434297,0.5268408163265306,0.49995102040816325,0.47535020408163264,0.5120604081632653,0.43115265306122447,0.48407908428720087
0.2568,0.48783090856321715,0.012306348324880445,0.5240734693877551,0.500844081632653,0.47444897959183674,0.5116636734693877,0.4311477551020408,0.48480749219562946
0.257,0.4872664265539723,0.012254388156565875,0.5228555102040817,0.4999559183673469,0.4745289795918367,0.5112571428571429,0.4304016326530612,0.4845993756503642
0.2572,0.4873340378149178,0.012422911258266328,0.5218628571428571,0.5002775510204082,0.4742775510204081,0.5132865306122449,0.4294922448979592,0.4848074921956296
0.2574,0.4870181709811916,0.012458573892306183,0.520298775510204,0.5009338775510204,0.47490938775510205,0.5132848979591836,0.4283428571428571,0.48433922996878254
0.2576,0.4865852098508498,0.012251181844173608,0.5186595918367347,0.5008522448979591,0.4752995918367347,0.5119804081632653,0.4283281632653061,0.4843912591050989
0.2578,0.48654087168270016,0.01227612460177383,0.5174334693877551,0.5014236734693878,0.47610612244897954,0.5125616326530611,0.427745306122449,0.48397502601456815
0.258,0.48678746345572566,0.012324003521038119,0.5159608163265306,0.503054693877551,0.47763918367346936,0.5123248979591837,0.42667755102040816,0.48506763787721124
0.2582,0.4866855353338006,0.012374911245177853,0.5152930612244898,0.5030644897959183,0.4764032653061224,0.5131395918367347,0.42652081632653066,0.4856919875130073
0.2584,0.4868280376874996,0.012583389252621754,0.5153648979591836,0.5036440816326531,0.47670367346938775,0.5131444897959183,0.4251183673469388,0.48699271592091586
0.2586,0.4866096673674672,0.012580067707843264,0.5143036734693878,0.5054367346938775,0.47489795918367345,0.5120065306122449,0.4250318367346938,0.4879812695109262
0.2588,0.4865484836515251,0.012570428490106153,0.514044081632653,0.5060065306122449,0.4744032653061224,0.5111820408163266,0.42494530612244896,0.4887096774193548
0.259,0.48642499777017995,0.01274896290810464,0.5148408163265306,0.5058465306122449,0.4749648979591837,0.5109322448979592,0.42372408163265307,0.48824141519250785
0.2592,0.48621571010922576,0.012793359676197569,0.5138595918367347,0.5052897959183673,0.4760897959183673,0.5110938775510204,0.42266775510204085,0.48829344432882416
0.2594,0.4862584156243143,0.012758759540488687,0.5137730612244897,0.5058726530612245,0.47615836734693884,0.5102857142857143,0.4227510204081633,0.4887096774193548
0.2596,0.486112052213185,0.012849279966300945,0.5128555102040816,0.5074220408163266,0.47630857142857136,0.5101191836734694,0.42208979591836737,0.4878772112382935
0.2598,0.48634071594923084,0.013371792972712172,0.5139885714285714,0.5094579591836734,0.47564571428571434,0.5109273469387755,0.4198873469387755,0.48813735691987514
0.26,0.48652561688150814,0.01346543942302314,0.5139836734693877,0.5106057142857143,0.47620408163265304,0.5114938775510204,0.4197175510204082,0.48714880332986465
0.2602,0.48629018638464744,0.013607315953518004,0.5146171428571429,0.5110204081632653,0.47611591836734696,0.5104277551020409,0.41872326530612247,0.48683662851196674
0.2604,0.48638179475744514,0.013548677691812954,0.5133991836734694,0.511351836734694,0.4767591836734694,0.5112359183673469,0.41896816326530606,0.486576482830385
0.2606,0.48646403873516103,0.01367089805843315,0.512669387755102,0.5128897959183674,0.4769240816326531,0.5119738775510203,0.41863510204081633,0.4856919875130073
0.2608,0.48699732053487366,0.013596493497812362,0.5124179591836735,0.514355918367347,0.4776408163265306,0.5118857142857143,0.41952326530612244,0.48616024973985433
0.261,0.4865815178350216,0.013612134794019657,0.5121665306122448,0.5154089795918367,0.47666285714285717,0.5101730612244898,0.4192816326530612,0.48579604578564
0.2612,0.4873331747683465,0.013708294179300914,0.5127983673469387,0.5170318367346939,0.47745632653061226,0.5109730612244898,0.41968326530612254,0.48605619146722157
0.2614,0.4880880970077938,0.013845395502003387,0.5136048979591836,0.5184114285714285,0.47897795918367353,0.5116179591836735,0.4196,0.48631633714880335
0.2616,0.48832606397814066,0.013824595815490599,0.513345306122449,0.5197093877551021,0.4782497959183673,0.512044081632653,0.4204995918367347,0.48610822060353803
0.2618,0.48824743528212533,0.013637654391556208,0.5140620408163266,0.5192277551020408,0.4782432653061225,0.5113191836734694,0.4217208163265306,0.48491155046826223
0.262,0.4882865937550878,0.01350899781746413,0.5129273469387756,0.5205306122448979,0.4775869387755101,0.5117257142857142,0.4231820408163265,0.4837669094693028
0.2622,0.48928871427863546,0.013506727614735871,0.5135820408163265,0.5209273469387756,0.47969306122448974,0.5139265306122448,0.42414857142857143,0.4834547346514048
0.2624,0.4897278883249449,0.013464961562849112,0.5133240816326531,0.5214889795918367,0.48187755102040813,0.5148995918367347,0.42488326530612247,0.48189386056191463
0.2626,0.4894976794297323,0.013366253858189191,0.5131493877551021,0.5198644897959184,0.4823542857142858,0.5154628571428571,0.42504163265306116,0.4811134235171696
0.2628,0.4901178310575011,0.013165942190058193,0.5127395918367347,0.5205110204081632,0.48390040816326535,0.5160326530612245,0.42682612244897955,0.4806971904266389
0.263,0.49047311884587336,0.013067676146288997,0.5132212244897959,0.5205126530612245,0.4853616326530613,0.5169208163265306,0.4283624489795918,0.4784599375650364
0.2632,0.4901665300459414,0.01298686481197697,0.5132179591836734,0.5201126530612246,0.4857534693877551,0.5165208163265305,0.42901551020408163,0.4763787721123829
0.2634,0.49012091401388863,0.013045334510461873,0.512814693877551,0.5203363265306122,0.48517387755102037,0.5180669387755101,0.4296718367346938,0.47466181061394386
0.2636,0.4909577158147338,0.013085042419734468,0.5135330612244898,0.5210514285714286,0.4871983673469388,0.519454693877551,0.4307314285714286,0.473777315296566
0.2638,0.4913819238746488,0.013058967795820301,0.5140048979591836,0.5205599999999999,0.48784,0.5214057142857143,0.43226448979591836,0.472216441207076
0.264,0.4914330551367269,0.012792231694213065,0.5129518367346939,0.5192522448979592,0.4889795918367347,0.5222269387755102,0.434115918367347,0.47107180020811656
0.2642,0.49213732435742247,0.012489474762233528,0.5132636734693878,0.5185208163265307,0.49075755102040813,0.52288,0.4367983673469388,0.4706035379812695
0.2644,0.49171819519066734,0.012129666097652326,0.5117142857142858,0.5178742857142857,0.49279183673469384,0.5206106122448979,0.43817142857142866,0.469146722164412
0.2646,0.491969778362958,0.012184864173109591,0.5118644897959184,0.5178595918367347,0.49255836734693875,0.5224081632653061,0.4393861224489797,0.467741935483871
0.2648,0.49249365980731513,0.011928333633084263,0.5118514285714286,0.5174497959183674,0.49370612244897955,0.522728163265306,0.44158857142857144,0.4676378772112383
0.265,0.4927470242873424,0.01181660492065749,0.5114416326530613,0.517694693877551,0.4943477551020409,0.5230530612244898,0.4431395918367347,0.4668054110301769
0.2652,0.4932033975379953,0.011880098265701204,0.5136310204081631,0.51662693877551,0.4946024489795918,0.5243624489795918,0.44444081632653054,0.4655567117585848
0.2654,0.49369758315813317,0.011760929268421162,0.5147624489795919,0.5159755102040816,0.49582530612244896,0.524370612244898,0.44574693877551014,0.46550468262226846
0.2656,0.4940004918346111,0.01168185533798805,0.5136995918367347,0.5161338775510204,0.4976163265306123,0.5247902040816326,0.4467265306122449,0.4650364203954214
0.2658,0.4942007795168015,0.011651631584843402,0.5144195918367347,0.5152310204081633,0.4973730612244898,0.5257746938775509,0.44778612244897953,0.46462018730489074
0.266,0.49438317993586617,0.011466174501521327,0.5162024489795918,0.5140848979591837,0.49737469387755107,0.5249616326530612,0.44957551020408165,0.4640998959417274
0.2662,0.49401827234952256,0.01164907652470799,0.5162089795918366,0.5141551020408164,0.4963248979591836,0.5255493877551021,0.44933224489795914,0.4625390218522372
0.2664,0.4941350945372946,0.011620356174661218,0.5165387755102041,0.5130057142857143,0.4968930612244898,0.526210612244898,0.4501436734693877,0.4620187304890739
0.2666,0.49462045998003773,0.011529562290720455,0.5168702040816326,0.513884081632653,0.4982138775510204,0.5256457142857143,0.4517665306122449,0.4613423517169615
0.2668,0.4948562812263302,0.011492822710484114,0.5165404081632653,0.5140375510204082,0.4989551020408163,0.526065306122449,0.4532375510204082,0.46030176899063474
0.267,0.4953367487098898,0.011612004928143975,0.5181583673469388,0.5144277551020409,0.4998514285714285,0.5261436734693878,0.45381387755102043,0.45962539021852233
0.2672,0.49591558056729457,0.011567139213695853,0.5178220408163265,0.5147477551020408,0.5002579591836736,0.5276097959183674,0.4551183673469388,0.45993756503642036
0.2674,0.49615541633927246,0.011556129970034182,0.5175689795918367,0.5148016326530611,0.4997746938775511,0.5288244897959183,0.4561812244897959,0.45978147762747135
0.2676,0.4961354600862198,0.011274556480154336,0.5173208163265306,0.5126693877551021,0.5002693877551021,0.5287477551020408,0.458284081632653,0.4595213319458898
0.2678,0.49644370787232694,0.010919078054920121,0.5161044897959185,0.5130579591836735,0.5014122448979592,0.5276979591836735,0.46040000000000003,0.4599895941727368
0.268,0.496479046061713,0.01092581675526393,0.5149616326530613,0.5134383673469387,0.5009371428571429,0.5287673469387755,0.4607281632653061,0.46004162330905307
0.2682,0.4965304902064884,0.010793779021705151,0.5129322448979592,0.5127738775510204,0.5000571428571428,0.5307102040816326,0.4630840816326531,0.45962539021852233
0.2684,0.49689953095910583,0.010398730672168925,0.5126775510204082,0.5126644897959184,0.4996620408163265,0.5300620408163266,0.46561306122448975,0.4607180020811654
0.2686,0.49666952706576906,0.010318065696790195,0.5119412244897958,0.5114285714285715,0.49730612244897954,0.5315297959183674,0.466989387755102,0.4608220603537981
0.2688,0.4969963861340582,0.010163801211789366,0.5117077551020408,0.5123004081632653,0.4978106122448979,0.5308881632653061,0.46813714285714286,0.46113423517169616
0.269,0.49713376995335073,0.009782353593778216,0.5113910204081632,0.5115412244897959,0.4962710204081633,0.5305616326530612,0.47107102040816323,0.4619667013527575
0.2692,0.49754461834681846,0.009722828410070493,0.5116391836734694,0.5096489795918367,0.4968440816326531,0.5320979591836735,0.47301877551020405,0.4620187304890738
0.2694,0.4972407602624817,0.00966815276110659,0.5102612244897959,0.5077485714285714,0.49604081632653063,0.5332408163265306,0.47465469387755094,0.4614984391259105
0.2696,0.4969181062810139,0.009499038364710307,0.5090367346938776,0.5069110204081633,0.49540734693877553,0.5326808163265306,0.47685877551020406,0.46061394380853277
0.2698,0.49669238902220614,0.009080554701405192,0.5069175510204081,0.5058432653061224,0.4952555102040817,0.5317224489795918,0.4788130612244898,0.46160249739854314
0.27,0.496116611522861,0.008821176614485997,0.5055314285714286,0.5045224489795918,0.4930661224489795,0.5312391836734693,0.47995755102040805,0.4623829344432882
0.2702,0.49623534328611774,0.008712083199213313,0.5053795918367348,0.5020783673469388,0.4920228571428572,0.5322220408163265,0.48306612244897956,0.4626430801248699
0.2704,0.4961583976441774,0.008463880477940389,0.5049730612244898,0.49994612244897957,0.49032,0.5321436734693877,0.48583183673469393,0.46373569198751297
0.2706,0.49614344723112974,0.008709974186734677,0.5054514285714287,0.49806040816326524,0.48927510204081626,0.5339461224489795,0.48680816326530607,0.4633194588969823
0.2708,0.49583397198213314,0.008640752990555056,0.504313469387755,0.496494693877551,0.4884685714285714,0.5341926530612244,0.487694693877551,0.4638397502601457
0.271,0.49615809438863995,0.008744407643139784,0.5046416326530612,0.496225306122449,0.4866889795918368,0.5354857142857142,0.489338775510204,0.4645681581685744
0.2712,0.4960821448745992,0.008695010815899129,0.5041599999999999,0.49556571428571433,0.486050612244898,0.535730612244898,0.489585306122449,0.4654006243496358
0.2714,0.4959358066639768,0.008843360944833404,0.5036767346938775,0.494341224489796,0.48582204081632663,0.5370383673469388,0.4890236734693878,0.46571279916753383
0.2716,0.49571654328328624,0.008883834496426699,0.5026187755102041,0.4931167346938775,0.485818775510204,0.5376979591836735,0.4890220408163265,0.46602497398543186
0.2718,0.4946770155804257,0.008867737551870048,0.5018889795918368,0.49254204081632647,0.4829812244897959,0.5367983673469388,0.4877224489795918,0.4661290322580645
0.272,0.49494689601959413,0.008952781393196474,0.5019820408163265,0.49187102040816333,0.4834008163265306,0.5378530612244898,0.4879771428571428,0.46659729448491155
0.2722,0.4943096734552302,0.0089457367930496,0.5003575510204081,0.49047346938775505,0.4834155102040817,0.5379363265306123,0.48676571428571436,0.4669094693028096
0.2724,0.49450947326693423,0.009245377618618938,0.4998742857142856,0.4906318367346939,0.4830171428571429,0.5400359183673469,0.4866922448979592,0.4668054110301768
0.2726,0.49460903395697503,0.009274674400763733,0.4984816326530613,0.4917730612244897,0.48352000000000006,0.5408506122448979,0.48539102040816323,0.4676378772112383
0.2728,0.49374975018935774,0.00943874832033071,0.4966073469387755,0.4896571428571428,0.48279673469387757,0.5415820408163265,0.484269387755102,0.4675858480749219
0.273,0.4932641437844649,0.009514900767707031,0.4943428571428572,0.48850938775510205,0.4835395918367348,0.5420685714285715,0.483694693877551,0.46742976066597297
0.2732,0.49331388816921146,0.009476857593857678,0.4936114285714286,0.4871983673469387,0.4849224489795918,0.5422318367346939,0.484021224489796,0.4678980228928199
0.2734,0.49350098041297685,0.009573331759515127,0.49442448979591835,0.48572897959183675,0.4859118367346939,0.5432097959183674,0.48247999999999996,0.46925078043704477
0.2736,0.4929632214175992,0.009646320679641156,0.49352653061224483,0.4845861224489795,0.4867379591836734,0.5432081632653062,0.48036571428571423,0.4693548387096774
0.2738,0.4930993885337694,0.009893398421571564,0.494669387755102,0.4838579591836735,0.4880489795918367,0.5444375510204081,0.47760326530612246,0.46997918834547353
0.274,0.49347150997756023,0.009905789937204612,0.4958987755102041,0.4840212244897959,0.4888783673469388,0.5446106122448979,0.4768685714285715,0.4705515088449532
0.2742,0.4934054750224752,0.009933072012769183,0.4964620408163266,0.4841779591836734,0.4911444897959184,0.5439510204081632,0.47466612244897954,0.47003121748178983
0.2744,0.49341890547686296,0.010152973005819466,0.49581551020408166,0.48140897959183676,0.49513469387755105,0.5446057142857144,0.4724767346938775,0.47107180020811656
0.2746,0.4937132241783289,0.010294851381678086,0.4967216326530612,0.4802677551020407,0.4966824489795919,0.5451787755102041,0.4714204081632653,0.47200832466181064
0.2748,0.49405570133152116,0.010152088241992993,0.4979624489795918,0.48116244897959176,0.49871183673469394,0.5438008163265305,0.4705322448979592,0.47216441207075965
0.275,0.493882712027579,0.01024340178244609,0.49861714285714287,0.4816620408163265,0.4995297959183674,0.5432473469387755,0.4681795918367347,0.4720603537981269
0.2752,0.49392345161998197,0.01040012996056258,0.49887836734693874,0.48182857142857144,0.5010791836734694,0.543330612244898,0.46704,0.4713839750260146
0.2754,0.49423552450324565,0.010463764809497208,0.49888489795918367,0.4829681632653061,0.5023085714285714,0.5435102040816326,0.466305306122449,0.47143600416233095
0.2756,0.49430864023444965,0.010833140617100102,0.49816979591836735,0.4843477551020408,0.5036881632653062,0.5448914285714286,0.4647755102040817,0.4699791883454735
0.2758,0.49483352743386644,0.011036407250461634,0.4993975510204082,0.4851575510204082,0.505229387755102,0.5454563265306123,0.46258448979591843,0.47117585848074917
0.276,0.49507226401070303,0.011196768946432201,0.49989224489795925,0.48539918367346935,0.5065224489795919,0.5456914285714285,0.46071183673469385,0.4722164412070759
0.2762,0.4956657382120382,0.011353449060215022,0.49974367346938775,0.4862187755102041,0.5099314285714286,0.5456930612244898,0.4594106122448979,0.47299687825182096
0.2764,0.49592106861475077,0.01174627781556774,0.5002448979591836,0.4866367346938776,0.5108375510204082,0.5472489795918368,0.457301224489796,0.47325702393340274
0.2766,0.49536859535489536,0.011945362867091962,0.5004979591836735,0.48576163265306116,0.5114057142857142,0.5466122448979591,0.4549371428571429,0.4729968782518211
0.2768,0.49550016776741906,0.012078569877031002,0.5009926530612245,0.48584163265306124,0.5136048979591836,0.5459657142857142,0.4538073469387755,0.4727887617065557
0.277,0.4951474068253732,0.012259297051573073,0.5013110204081632,0.48706612244897957,0.5140097959183673,0.5449175510204082,0.45063510204081636,0.4729448491155047
0.2772,0.49470950214841397,0.012519616405457155,0.5012522448979592,0.486429387755102,0.5152391836734693,0.5446775510204082,0.44917061224489785,0.4714880332986472
0.2774,0.49439719311658054,0.01267501047542036,0.5020702040816326,0.48676081632653057,0.5161355102040817,0.5433044897959183,0.4467281632653061,0.4713839750260146
0.2776,0.4946307188515364,0.012870202728984084,0.5026563265306122,0.48733551020408167,0.5174383673469387,0.5433142857142856,0.4453436734693878,0.4716961498439126
0.2778,0.49548504831276946,0.013092976318065908,0.504204081632653,0.4896195918367347,0.5193142857142858,0.5437224489795918,0.4446138775510204,0.47143600416233095
0.278,0.4956702261674701,0.013380552970530696,0.5046122448979592,0.4910106122448979,0.5208636734693878,0.5436457142857144,0.44266122448979595,0.4712278876170656
0.2782,0.49568809304366895,0.013744009616686599,0.5042220408163265,0.4915151020408163,0.5236277551020408,0.5433257142857142,0.44047020408163257,0.4709677419354838
0.2784,0.49555660812503993,0.01375990371619253,0.5047151020408164,0.4931493877551021,0.5232995918367347,0.5421926530612244,0.4393273469387754,0.4706555671175859
0.2786,0.4960198608309088,0.014114334141163816,0.5081257142857142,0.4941420408163265,0.5246791836734694,0.541715918367347,0.43737306122448977,0.4700832466181061
0.2788,0.4957720571683408,0.014365064937664904,0.5084538775510203,0.49399673469387756,0.5257289795918367,0.5412326530612245,0.43565714285714285,0.4695629552549427
0.279,0.49595495027147174,0.014392882206476632,0.5081289795918368,0.4967722448979591,0.5263689795918367,0.5401077551020409,0.4348408163265306,0.46951092611862644
0.2792,0.4963154429555381,0.014443492725533892,0.5072326530612246,0.4973436734693878,0.527585306122449,0.5406775510204082,0.43507428571428564,0.4699791883454735
0.2794,0.4962206567705126,0.014583846430305789,0.5066759183673469,0.4988244897959184,0.5296097959183672,0.5388048979591837,0.4336897959183673,0.4697190426638918
0.2796,0.49637341771255844,0.014543921130986473,0.506284081632653,0.5003036734693878,0.5307314285714285,0.5375118367346939,0.4338465306122449,0.4695629552549427
0.2798,0.49642378899530676,0.014727528020606137,0.5047493877551019,0.5035608163265307,0.5320195918367348,0.5366122448979592,0.4328702040816326,0.46873048907388143
0.28,0.4961036918742523,0.014845063119510107,0.5027167346938776,0.5043902040816327,0.5335575510204082,0.535730612244898,0.43253714285714284,0.46768990634755453
0.2802,0.49598960634826245,0.01494116880627118,0.5022285714285715,0.5059477551020407,0.5338759183673469,0.534684081632653,0.43140734693877547,0.4677939646201873
0.2804,0.4963805655956451,0.015102586006826933,0.5027167346938775,0.5066187755102042,0.5356604081632653,0.534770612244898,0.4318155102040816,0.4667013527575442
0.2806,0.4959227658264138,0.014730909516427715,0.5003526530612245,0.506385306122449,0.5358889795918367,0.5328228571428572,0.4340097959183674,0.46607700312174816
0.2808,0.49493429265150385,0.014614333204442146,0.49840489795918363,0.5073012244897959,0.5354710204081632,0.5300604081632654,0.4340081632653061,0.464360041623309
0.281,0.49479547636744603,0.014407104699886382,0.49710204081632653,0.5088587755102041,0.5356930612244897,0.5280293877551021,0.43545795918367347,0.46363163371488036
0.2812,0.4948725298902079,0.014320249016844469,0.49564734693877543,0.5107428571428572,0.5360081632653061,0.5272963265306123,0.43715755102040815,0.46238293444328826
0.2814,0.4948917573106246,0.0143947216342561,0.4946628571428572,0.5113191836734694,0.5369012244897958,0.5270465306122449,0.4372979591836734,0.46212278876170654
0.2816,0.4948968506445242,0.014191127683795235,0.4924702040816326,0.5116473469387754,0.537214693877551,0.5268032653061224,0.43979918367346943,0.4614464099895942
0.2818,0.49496660876213133,0.014145879360890803,0.49061387755102037,0.5125567346938775,0.5384244897959184,0.52616,0.4423151020408163,0.45972944849115505
0.282,0.49494951262502923,0.014039076495204085,0.48908571428571435,0.5143575510204081,0.5388930612244899,0.5244555102040815,0.44442448979591836,0.45848074921956294
0.2822,0.4951462425053268,0.014014671923255213,0.48657469387755103,0.5158302040816327,0.5395297959183674,0.5244538775510204,0.4467885714285714,0.4577003121748179
0.2824,0.4956141570218098,0.013969480346877559,0.48438857142857145,0.5195151020408163,0.5400881632653062,0.5229942857142857,0.44962285714285705,0.45707596253902183
0.2826,0.4956809315692978,0.013854505671887805,0.4811477551020408,0.521389387755102,0.5403232653061224,0.5217730612244897,0.4525322448979591,0.4569198751300728
0.2828,0.4963069928574968,0.013810823871925804,0.480174693877551,0.5237518367346938,0.539905306122449,0.5223297959183674,0.45585306122448976,0.4558272632674297
0.283,0.4959292650088131,0.013613203101083356,0.47846693877551016,0.5236032653061224,0.5391640816326531,0.5211232653061224,0.4581191836734694,0.4550988553590011
0.2832,0.4953065984270919,0.013470799241332253,0.4763575510204081,0.52312,0.5379314285714285,0.5203853061224489,0.46040326530612247,0.45364203954214355
0.2834,0.49527766258220246,0.013299676002658007,0.4753077551020408,0.5232163265306122,0.5374285714285714,0.5196489795918368,0.4626824489795919,0.45338189386056194
0.2836,0.4955941203536565,0.013521691109201484,0.47223020408163274,0.5228930612244896,0.5392930612244898,0.5208620408163265,0.4656848979591837,0.45260145681581687
0.2838,0.4954985286018674,0.01369885995891881,0.47004081632653055,0.5246089795918367,0.5388702040816327,0.5206987755102042,0.46762775510204085,0.45114464099895935
0.284,0.4956550223335953,0.013895711530092156,0.4676048979591837,0.5273861224489796,0.5384555102040817,0.520275918367347,0.46989551020408166,0.45031217481789804
0.2842,0.4948732895863861,0.013928879672174502,0.4624963265306123,0.5280424489795918,0.5377191836734693,0.5178269387755103,0.472894693877551,0.4502601456815817
0.2844,0.4943602672952636,0.014089075966445848,0.45925551020408156,0.528938775510204,0.5373093877551021,0.5161159183673469,0.47532244897959186,0.44921956295525495
0.2846,0.49473884261717177,0.014343897546689993,0.4565714285714286,0.5299330612244898,0.5377926530612245,0.5170171428571428,0.47800326530612247,0.4491155046826223
0.2848,0.49427109232871086,0.014311008770269935,0.4532375510204082,0.530355918367347,0.5359151020408163,0.5161975510204082,0.4800244897959184,0.44989594172736724
0.285,0.4943073295249421,0.014633362278823432,0.4508,0.5305224489795919,0.5368816326530612,0.5161273469387755,0.48286530612244893,0.44864724245577514
0.2852,0.4946691012055186,0.014885228063208722,0.4498987755102041,0.5321518367346939,0.5372930612244897,0.5158726530612244,0.48513959183673466,0.4476586888657648
0.2854,0.49423175631959343,0.015520543216632866,0.44607183673469397,0.533454693877551,0.5385942857142857,0.5151346938775511,0.48634938775510206,0.44578563995837667
0.2856,0.4944561586216172,0.015882984797180744,0.44249632653061227,0.5343591836734694,0.5385044897959184,0.516684081632653,0.48838693877551015,0.44630593132154006
0.2858,0.4939644327408383,0.016285816846014312,0.43899428571428567,0.5353322448979592,0.5374383673469388,0.5169257142857142,0.489934693877551,0.4451612903225806
0.286,0.493913132437158,0.016830048790358244,0.4345991836734694,0.53688,0.5376685714285714,0.5174873469387755,0.49147428571428564,0.445369406867846
0.2862,0.493776020726709,0.01718808115341465,0.43151510204081633,0.5365681632653061,0.5365289795918368,0.5197681632653061,0.49373877551020406,0.44453694068678457
0.2864,0.4944035289204131,0.017379130447057432,0.4298204081632653,0.5372228571428571,0.5370987755102041,0.520254693877551,0.4963428571428571,0.445681581685744
0.2866,0.4949144977949557,0.017507296476521477,0.42941551020408164,0.5378808163265306,0.5370057142857143,0.5222024489795919,0.4968326530612245,0.44614984391259105
0.2868,0.4950637261356156,0.01783759775031054,0.42647510204081635,0.5378791836734693,0.5374726530612245,0.5228391836734694,0.4989420408163266,0.4467741935483871
0.287,0.49546870082892674,0.018109934795167097,0.42395102040816324,0.536821224489796,0.537955918367347,0.5241355102040817,0.5024979591836735,0.44745057232049945
0.2872,0.49593411964577716,0.018320233004380196,0.423054693877551,0.537221224489796,0.5397371428571429,0.5242955102040816,0.5032212244897959,0.4480749219562955
0.2874,0.4960128717959608,0.018562213213567044,0.4206204081632653,0.5362481632653061,0.5398971428571429,0.5251102040816326,0.5055020408163264,0.4486992715920916
0.2876,0.49586460843650676,0.018818081597640576,0.41841795918367347,0.5360097959183674,0.5397338775510203,0.5250922448979591,0.5072865306122449,0.44864724245577525
0.2878,0.49635933232814455,0.01883954940966733,0.41760816326530603,0.5360016326530612,0.5404571428571429,0.5248473469387754,0.508669387755102,0.4505723204994797
0.288,0.4965842069273078,0.01920185822020523,0.4152473469387755,0.5364114285714285,0.5419118367346939,0.5241910204081633,0.5105469387755102,0.45119667013527576
0.2882,0.4969259037142432,0.01953024663219849,0.4133763265306123,0.5356767346938776,0.5424897959183673,0.5258906122448979,0.5128212244897958,0.45130072840790836
0.2884,0.49712209900401366,0.01954196667308647,0.41303183673469385,0.5344538775510204,0.5434791836734694,0.525884081632653,0.5138024489795918,0.4520811654526534
0.2886,0.4976204274175851,0.01953834369976503,0.4131836734693878,0.5345404081632653,0.5434808163265306,0.5278318367346939,0.513564081632653,0.45312174817898027
0.2888,0.4981890366469169,0.019534262084479323,0.4130122448979591,0.5344636734693877,0.5445420408163265,0.5276571428571429,0.5146204081632653,0.4548387096774194
0.289,0.4995406516737808,0.019206566190583176,0.41577306122448976,0.5345387755102041,0.546488163265306,0.5269959183673468,0.51632,0.45712799167533824
0.2892,0.5001374367686722,0.019019545862370795,0.41658448979591844,0.5351036734693878,0.5467330612244898,0.5277224489795919,0.5152636734693877,0.459417273673257
0.2894,0.50075959990656,0.018812521006259172,0.4173877551020408,0.5333942857142857,0.547482448979592,0.5285387755102041,0.516151836734694,0.4616024973985432
0.2896,0.5017242809714937,0.018868083165162246,0.41689632653061215,0.5334889795918367,0.5488718367346939,0.5300097959183674,0.516406530612245,0.4646722164412071
0.2898,0.5025548998704581,0.01880178906685229,0.417549387755102,0.5333975510204081,0.5506661224489796,0.5312963265306122,0.5151983673469388,0.4672216441207076
0.29,0.5039563623493101,0.01880223312514737,0.41869061224489795,0.5340538775510204,0.5526204081632653,0.531941224489796,0.517389387755102,0.4690426638917794
0.2902,0.5053071047024429,0.0184724214427034,0.422029387755102,0.533810612244898,0.5544179591836735,0.5339755102040816,0.5165893877551019,0.47101977107180015
0.2904,0.5063679384428068,0.018108774699389506,0.42542857142857143,0.5329926530612245,0.5561387755102041,0.5348538775510204,0.5164212244897959,0.4723725286160249
0.2906,0.5077784776345502,0.018136146102490272,0.42616000000000004,0.5327395918367348,0.5580979591836736,0.5374514285714286,0.5169877551020409,0.47523413111342344
0.2908,0.5087386718766591,0.017677512546077623,0.4294922448979592,0.5312832653061224,0.5591657142857143,0.5380914285714286,0.517084081632653,0.47731529656607696
0.291,0.509911316018603,0.017199788743913615,0.4330024489795917,0.5296489795918367,0.5603934693877551,0.5394612244897958,0.5166808163265306,0.4802809573361082
0.2912,0.5108550243156575,0.016858883770278114,0.43529959183673467,0.5285012244897959,0.5605600000000001,0.5414236734693878,0.5163591836734694,0.4829864724245577
0.2914,0.5118773468679876,0.016649963736826874,0.4376522448979592,0.5281779591836735,0.5622857142857143,0.5417469387755103,0.5168538775510204,0.48454734651404785
0.2916,0.5126031475149894,0.016347408393589006,0.44016816326530617,0.5272734693877551,0.5636,0.5423183673469387,0.5154742857142858,0.4867845993756504
0.2918,0.5135995681935625,0.01587974244834849,0.44342693877551015,0.5277697959183674,0.5636065306122449,0.5424848979591836,0.5154955102040816,0.48881373569198744
0.292,0.5144857692171562,0.015476251568727692,0.44709061224489793,0.5258122448979592,0.5660636734693878,0.5419134693877551,0.5147755102040816,0.4912591050988553
0.2922,0.5154275727523059,0.015111334088346516,0.45018285714285716,0.5255771428571429,0.5673044897959184,0.5419869387755102,0.5135493877551021,0.49396462018730486
0.2924,0.5162366950526308,0.015101119691672662,0.45196897959183674,0.5237061224489795,0.5696767346938775,0.5437812244897959,0.5117730612244898,0.49651404786680536
0.2926,0.5175985519618879,0.014583319981639052,0.45579591836734695,0.5241942857142858,0.5706595918367346,0.5430416326530612,0.5113795918367348,0.5005202913631634
0.2928,0.5183750523476821,0.014320993264359407,0.45921142857142855,0.5227248979591836,0.5720555102040816,0.5439346938775511,0.510086530612245,0.5022372528616025
0.293,0.5191861561440393,0.013991304905308833,0.46294040816326526,0.5204457142857143,0.5733763265306122,0.5444979591836734,0.5083934693877551,0.5054630593132153
0.2932,0.5193219373243575,0.013950667171579249,0.46367510204081636,0.519054693877551,0.5738057142857143,0.5448163265306123,0.5063591836734694,0.5082206035379813
0.2934,0.5202847603474272,0.013898109688543292,0.4665322448979591,0.5177681632653061,0.5754432653061224,0.546530612244898,0.5053926530612245,0.510041623309053
0.2936,0.5209788884877572,0.013447640972194959,0.46961469387755106,0.5182416326530612,0.5747265306122449,0.5462008163265306,0.5046546938775511,0.5124349635796045
0.2938,0.5224987794743287,0.013580278492482197,0.472865306122449,0.5170236734693877,0.5779934693877552,0.548153469387755,0.5036081632653062,0.5153485952133194
0.294,0.5235390300636383,0.01378839221373796,0.47480653061224487,0.5164620408163265,0.5804604081632653,0.5497012244897959,0.5020620408163265,0.517741935483871
0.2942,0.5244127500407031,0.013598624281571313,0.4786138775510205,0.5141942857142857,0.5808767346938775,0.5512424489795918,0.5014138775510203,0.5201352757544224
0.2944,0.5246798938180891,0.013536361595708724,0.48113142857142854,0.5122318367346939,0.5814546938775511,0.5516555102040817,0.5005861224489796,0.5210197710718002
0.2946,0.5258321094098409,0.013256079303419249,0.4845371428571429,0.5116620408163264,0.5809795918367346,0.5532751020408162,0.500917551020408,0.5236212278876171
0.2948,0.5262759489477372,0.012908616279618982,0.487534693877551,0.5115820408163265,0.5800179591836734,0.5528799999999999,0.500094693877551,0.5255463059313216
0.295,0.5271017933416863,0.012659859432121284,0.49043918367346945,0.5114906122448979,0.578734693877551,0.5547412244897958,0.49968163265306115,0.5275234131113423
0.2952,0.5275320274374058,0.0126619214060656,0.49295183673469384,0.5110040816326531,0.5782677551020408,0.5561175510204082,0.49740244897959185,0.5294484911550468
0.2954,0.5278735648098989,0.01271012445520679,0.4939232653061224,0.511157551020408,0.5784342857142857,0.5569371428571428,0.4966122448979592,0.5301768990634755
0.2956,0.527913554050132,0.012775428735383352,0.4956277551020408,0.510915918367347,0.5776424489795919,0.5579902040816327,0.4939314285714286,0.5313735691987513
0.2958,0.5278200409154297,0.012672235201794358,0.49757387755102034,0.5109061224489796,0.5773991836734694,0.5570155102040817,0.49239183673469383,0.531633714880333
0.296,0.5281729553257307,0.012787204707363074,0.5000179591836735,0.5107330612244898,0.5773991836734694,0.5580163265306123,0.49004081632653057,0.5328303850156088
0.2962,0.5280624168418667,0.012584448939961225,0.5000130612244897,0.5113877551020408,0.5752114285714286,0.5577861224489796,0.4894808163265306,0.5344953173777316
0.2964,0.5279365431417103,0.012429572644945312,0.5005795918367346,0.5122791836734695,0.5732685714285715,0.5579461224489796,0.4884261224489796,0.5351196670135276
0.2966,0.5279663516603311,0.012200335059855023,0.5016277551020408,0.5137502040816326,0.5722971428571428,0.5566514285714286,0.48777959183673464,0.5356919875130073
0.2968,0.527660337092173,0.012309835923603855,0.502035918367347,0.5132522448979591,0.5709273469387754,0.5581273469387755,0.4860832653061225,0.5355359001040583
0.297,0.5272068910644383,0.012146902027871893,0.5006497959183674,0.5147151020408163,0.5684963265306122,0.5585436734693878,0.4859248979591837,0.5349115504682622
0.2972,0.5273074994159995,0.011929573698162632,0.5019444897959183,0.5156995918367346,0.5672163265306123,0.5582922448979593,0.4856767346938776,0.5350156087408949
0.2974,0.526464825047605,0.011925608166045406,0.5015379591836735,0.5162595918367348,0.5651951020408164,0.5583085714285714,0.4837208163265306,0.5337669094693028
0.2976,0.5265480903537272,0.011818286223261159,0.5028408163265305,0.5175689795918368,0.5639820408163264,0.5583836734693877,0.48274612244897963,0.5337669094693027
0.2978,0.526229286669923,0.011456052990964836,0.502915918367347,0.5192783673469388,0.5616326530612245,0.5570269387755101,0.48291102040816325,0.5336108220603538
0.298,0.5262028105643922,0.011292240763580702,0.5024995918367348,0.5200914285714286,0.5614808163265306,0.5568702040816327,0.48412081632653053,0.5321540062434963
0.2982,0.5257755589061847,0.01099421401053247,0.5027477551020407,0.5213077551020409,0.5594595918367347,0.5556653061224489,0.4840473469387755,0.5314255983350676
0.2984,0.5252197951397001,0.01066000847881025,0.5029877551020407,0.5216228571428572,0.5573583673469388,0.554778775510204,0.48455020408163263,0.5300208116545265
0.2986,0.5253120196507323,0.010247447770579026,0.5036489795918369,0.523084081632653,0.5541975510204081,0.5553502040816326,0.485934693877551,0.5296566077003122
0.2988,0.5251780857525112,0.010209138452368524,0.5033240816326531,0.5252669387755102,0.5530661224489796,0.554865306122449,0.4852016326530612,0.5293444328824142
0.299,0.5247605892388173,0.010101953006677501,0.5031559183673469,0.5263216326530612,0.5516848979591837,0.5545404081632654,0.48497306122448974,0.5278876170655568
0.2992,0.5241175252535978,0.009567106745018804,0.5032473469387755,0.5288375510204082,0.5477910204081633,0.5532506122448979,0.4863444897959184,0.5252341311134235
0.2994,0.5239986040618121,0.009456115386527655,0.5030204081632653,0.5287379591836735,0.5461844897959184,0.5547167346938776,0.4876587755102041,0.5236732570239334
0.2996,0.5237143845342507,0.009365723865980178,0.5011363265306122,0.531250612244898,0.5446481632653061,0.5543951020408164,0.48895183673469383,0.5219042663891779
0.2998,0.5228941465451946,0.009125918698721905,0.5009714285714285,0.5315657142857143,0.5417959183673469,0.5536702040816326,0.48927836734693875,0.5200832466181062
0.3,0.5230441048510975,0.009027978877007457,0.5008195918367346,0.5326138775510204,0.5404048979591838,0.5548081632653061,0.49114775510204084,0.5184703433922996
0.3002,0.5224682721371586,0.009057372269366468,0.5007265306122448,0.5346399999999999,0.5390955102040816,0.5538334693877551,0.4903330612244899,0.5161810613943809
0.3004,0.5222067659113593,0.008942356542593828,0.4997518367346938,0.5356097959183673,0.5381175510204081,0.5532620408163266,0.4918791836734694,0.5146201873048908
0.3006,0.5218735512186145,0.008857644522176569,0.49975510204081636,0.535606530612245,0.5373012244897958,0.5529322448979592,0.49237877551020415,0.5132674297606659
0.3008,0.5217590556888728,0.008734510652396185,0.5013044897959184,0.5363412244897958,0.5364848979591837,0.5523657142857143,0.4924555102040816,0.5116024973985432
0.301,0.5208581500279612,0.008410904214764165,0.5008930612244897,0.5355102040816326,0.5331624489795919,0.5514726530612244,0.4937567346938775,0.5103537981269511
0.3012,0.5204602249640752,0.008233219814455678,0.5006481632653061,0.5359869387755103,0.5317795918367347,0.5505142857142857,0.4952995918367346,0.5085327783558793
0.3014,0.5205527323437179,0.008290986185900302,0.5012261224489796,0.5376048979591836,0.5307151020408163,0.550844081632653,0.4959542857142857,0.5069719042663892
0.3016,0.5205469832303369,0.008258659240441084,0.5017910204081633,0.5376783673469389,0.5301387755102042,0.5513355102040817,0.4980718367346938,0.5042663891779396
0.3018,0.5196005742317739,0.008108365913048728,0.5017077551020408,0.5365338775510204,0.5284261224489797,0.5502106122448979,0.49879999999999997,0.5019250780437046
0.302,0.5187326812348249,0.008029231857767266,0.5012244897959184,0.5365991836734694,0.5255706122448979,0.5493077551020409,0.4995379591836735,0.5001560874089489
0.3022,0.5184454888969116,0.007955476020308883,0.5007395918367348,0.5362710204081632,0.5253273469387756,0.5485763265306123,0.5010073469387755,0.4987513007284078
0.3024,0.5181083160256819,0.007943274191818577,0.5019526530612245,0.5365044897959184,0.5238726530612244,0.548174693877551,0.5013191836734694,0.49682622268470344
0.3026,0.5171821557759421,0.007981754390896661,0.5015461224489796,0.5361795918367347,0.5209387755102041,0.5478432653061225,0.501475918367347,0.4951092611862643
0.3028,0.5164614377030728,0.008131201892198724,0.5012228571428571,0.5360963265306122,0.5183248979591836,0.5481632653061224,0.5015689795918368,0.49339229968782516
0.303,0.5165627089129096,0.008137918034732827,0.5020375510204081,0.5364130612244897,0.5180685714285713,0.5480048979591837,0.5027085714285714,0.49214360041623306
0.3032,0.5163975651779963,0.008343805222587949,0.5004195918367347,0.5385991836734694,0.516261224489796,0.5474220408163266,0.5051526530612245,0.4905306971904265
0.3034,0.5161903164928823,0.008494950498372523,0.49935183673469385,0.539898775510204,0.5149420408163266,0.5466204081632652,0.5075151020408164,0.48881373569198755
0.3036,0.5153528433392087,0.00880529684947803,0.4982873469387756,0.5403836734693878,0.5125616326530611,0.5467183673469387,0.5074334693877551,0.48673257023933403
0.3038,0.515037639363758,0.009043293577853525,0.49952326530612245,0.5403836734693879,0.5102824489795919,0.547774693877551,0.5073502040816327,0.48491155046826223
0.304,0.5146372905207868,0.008924342754163957,0.49944163265306124,0.5402955102040815,0.510770612244898,0.5459738775510204,0.5071069387755102,0.4842351716961499
0.3042,0.5139594169905215,0.009154561982545353,0.4978938775510205,0.5401371428571429,0.5101044897959184,0.5455755102040816,0.5080995918367346,0.48194588969823104
0.3044,0.5130953646640759,0.009275374015830428,0.4991265306122449,0.5398106122448979,0.5067722448979592,0.5445893877551021,0.5089289795918368,0.47934443288241413
0.3046,0.5129986173699449,0.009438923599558256,0.49945632653061234,0.5403706122448979,0.5047314285714286,0.544995918367347,0.509665306122449,0.47877211238293443
0.3048,0.5131191771609789,0.009514827829716126,0.5007673469387756,0.5407004081632654,0.5036538775510204,0.5453289795918368,0.5099085714285714,0.4783558792924037
0.305,0.5128496407512017,0.009614216779611728,0.5011102040816326,0.5409404081632653,0.5027493877551021,0.545338775510204,0.5091755102040817,0.477783558792924
0.3052,0.5125130421117458,0.00947752322786786,0.5019363265306123,0.5406171428571429,0.5011983673469388,0.5439640816326531,0.5095787755102041,0.4777835587929241
0.3054,0.5127608457743139,0.00915801130737298,0.5040604081632654,0.5397240816326531,0.5024669387755102,0.542924081632653,0.5090857142857143,0.4783038501560874
0.3056,0.5132143229487425,0.009394125808823477,0.5059265306122448,0.5406204081632653,0.500835918367347,0.5443885714285714,0.5094187755102041,0.47809573361082214
0.3058,0.5129302413160893,0.009315565753081347,0.5059346938775511,0.540625306122449,0.5007412244897959,0.5434073469387755,0.5087771428571429,0.47809573361082214
0.306,0.5132721227179737,0.009214237863291924,0.507324081632653,0.5406318367346938,0.500829387755102,0.5433355102040816,0.5087918367346939,0.47872008324661797
0.3062,0.5132935629694125,0.00922413150307333,0.5094530612244897,0.5396653061224491,0.49952653061224483,0.5437485714285715,0.50896,0.47840790842872005
0.3064,0.5133054074907798,0.00945214859372735,0.5099526530612245,0.5404816326530612,0.49797877551020403,0.5445714285714285,0.5086481632653062,0.4781997918834547
0.3066,0.5125227661095656,0.009420688988358426,0.509149387755102,0.5394971428571428,0.49626285714285706,0.5437697959183673,0.5085697959183674,0.4778876170655567
0.3068,0.5128007486532594,0.009493511644444048,0.5094008163265306,0.5389289795918367,0.49748081632653063,0.5449910204081633,0.5087395918367348,0.4772632674297606
0.307,0.5129324852938053,0.009689718605338989,0.5099036734693877,0.5392653061224489,0.49608816326530614,0.5461322448979591,0.5089942857142857,0.4772112382934443
0.3072,0.5128341509340468,0.009504206282615484,0.5100620408163264,0.5395183673469388,0.4952669387755102,0.5445942857142857,0.5094155102040817,0.4781477627471384
0.3074,0.5126641752143104,0.009606522291331186,0.5090073469387755,0.5404212244897959,0.49460897959183675,0.5446726530612245,0.5088669387755103,0.47840790842872016
0.3076,0.5124651557688632,0.009715421860529413,0.5070677551020408,0.5418122448979592,0.4941959183673469,0.5442726530612244,0.5088783673469388,0.47856399583766907
0.3078,0.5124639486929007,0.00953460204993081,0.5081355102040817,0.5413224489795919,0.49344979591836735,0.5437975510204082,0.5081616326530612,0.4799167533818938
0.308,0.5123933179015624,0.009486656323392174,0.5084799999999999,0.5418236734693878,0.4915673469387755,0.5430661224489797,0.5081012244897959,0.481321540062435
0.3082,0.5118052187701303,0.009299253153750622,0.507993469387755,0.5410318367346939,0.4911542857142857,0.5414497959183674,0.5077763265306122,0.48142559833506765
0.3084,0.5116006696539178,0.00936977133930904,0.5067085714285714,0.542429387755102,0.489934693877551,0.5404685714285714,0.5079608163265306,0.48210197710718
0.3086,0.5107830748865624,0.00926155440514958,0.5063134693877551,0.5425224489795918,0.48895999999999995,0.5382808163265305,0.5062595918367347,0.4823621227887617
0.3088,0.5103789261469416,0.00932951535733098,0.5034628571428571,0.5428522448979592,0.4883085714285714,0.5384538775510205,0.5059493877551021,0.48324661810613945
0.309,0.5099346802862664,0.009540476116470239,0.49948571428571426,0.5423738775510204,0.4878889795918367,0.53992,0.5068489795918368,0.48309053069719043
0.3092,0.5099633799825861,0.00976295084182872,0.4993355102040816,0.5416506122448979,0.4862644897959184,0.5421126530612245,0.5071183673469387,0.48329864724245575
0.3094,0.5096596394062307,0.009907696655875473,0.4975575510204081,0.5424816326530613,0.48471673469387755,0.5417991836734692,0.5072195918367347,0.4841831425598335
0.3096,0.5091283798764042,0.0101114841250628,0.4951248979591837,0.5425714285714285,0.4830922448979592,0.5423689795918367,0.5064930612244898,0.4851196670135276
0.3098,0.5088584119433414,0.010228997330241437,0.493185306122449,0.5435559183673468,0.48374367346938774,0.5422138775510205,0.5052800000000001,0.4851716961498439
0.31,0.5081848910219655,0.010001161626135673,0.4919902040816327,0.5437338775510204,0.4841436734693878,0.5393763265306122,0.504225306122449,0.485639958376691
0.3102,0.5076443749778788,0.009892402672714878,0.49085387755102045,0.5428489795918368,0.4837322448979592,0.5383265306122449,0.5043085714285714,0.48579604578564
0.3104,0.5072989142545675,0.01019814838414673,0.4886628571428572,0.5442334693877552,0.4827477551020408,0.5388963265306121,0.5020522448979592,0.48720083246618107
0.3106,0.506655099917178,0.010168814645130926,0.48849959183673464,0.5434302040816327,0.481934693877551,0.5381697959183673,0.501475918367347,0.48642039542143606
0.3108,0.5067103680265032,0.010372336982943793,0.4859804081632653,0.5444228571428572,0.48152326530612244,0.5386563265306122,0.5013338775510204,0.4883454734651405
0.311,0.5064039171214793,0.010482574122339895,0.48581551020408165,0.5454057142857143,0.4806334693877551,0.5376832653061224,0.5008522448979591,0.4880332986472425
0.3112,0.5061555536678771,0.010690505800472823,0.48483918367346934,0.5463020408163265,0.47965551020408165,0.5375216326530612,0.5006857142857142,0.4879292403746097
0.3114,0.5067464865821459,0.011084108475559481,0.48379755102040817,0.549964081632653,0.48055346938775506,0.5377551020408164,0.4999591836734695,0.48844953173777317
0.3116,0.5065263553413041,0.011230007911244164,0.4829812244897959,0.5501289795918367,0.4802236734693877,0.5385012244897959,0.4980930612244898,0.4892299687825181
0.3118,0.5062635749325745,0.011303746264913022,0.4820179591836734,0.549250612244898,0.4797289795918368,0.5395624489795917,0.4971151020408164,0.48990634755463053
0.312,0.5068886604798006,0.011671192356433468,0.4813697959183673,0.5516032653061224,0.4807885714285714,0.5410987755102041,0.49703346938775506,0.4894380853277836
0.3122,0.5065565438495898,0.011816664120065476,0.47991346938775514,0.5514481632653062,0.48036734693877553,0.541577142857143,0.49638693877551016,0.48964620187304886
0.3124,0.5069964719290422,0.011988148533474595,0.4799216326530612,0.5531624489795919,0.4809306122448979,0.5419020408163265,0.4963118367346938,0.4897502601456816
0.3126,0.5063508091769486,0.011940479462421261,0.4795820408163265,0.5520277551020408,0.4811787755102041,0.5418138775510204,0.4942204081632653,0.4892819979188346
0.3128,0.5066009083508533,0.012228919171088141,0.47843755102040814,0.5527689795918367,0.4814971428571429,0.5435216326530612,0.494930612244898,0.48844953173777317
0.313,0.5068906227215132,0.012370753496921332,0.4781975510204082,0.5529404081632653,0.48288653061224485,0.5450726530612245,0.49525387755102035,0.48699271592091564
0.3132,0.5075533467830421,0.012640507687976027,0.4794318367346939,0.5546432653061224,0.48263999999999996,0.5466073469387756,0.49599346938775507,0.4860041623309053
0.3134,0.5075858715765181,0.012853562685192247,0.4802367346938775,0.5559526530612245,0.4814873469387755,0.5469387755102041,0.49510367346938783,0.48579604578564
0.3136,0.5082177802317597,0.012987933873839272,0.48081306122448975,0.5571820408163266,0.4823722448979592,0.5479804081632652,0.4952669387755102,0.4856919875130073
0.3138,0.5081196208597903,0.013070386015705251,0.4809028571428572,0.5575804081632653,0.481564081632653,0.5479020408163265,0.49518040816326525,0.4855879292403745
0.314,0.5080292351363022,0.013154714025123644,0.4817991836734694,0.5588032653061225,0.4816310204081633,0.5470106122448979,0.4948522448979592,0.48407908428720087
0.3142,0.5083052721442375,0.013406673466520483,0.48275265306122445,0.5602710204081633,0.48123102040816323,0.5477469387755102,0.49510367346938766,0.48272632674297605
0.3144,0.5083841069747358,0.01367267028087099,0.4815314285714286,0.5602971428571428,0.4822040816326531,0.550022857142857,0.4941991836734694,0.48204994797086365
0.3146,0.5082830215124551,0.013824881252049472,0.4822644897959184,0.5602889795918367,0.4814644897959184,0.5509910204081632,0.4936277551020408,0.48106139438085327
0.3148,0.5082031149525367,0.01410797949365603,0.48420734693877554,0.5604522448979592,0.48064326530612245,0.5526971428571429,0.49265469387755106,0.4785639958376692
0.315,0.5080043472290061,0.014253826840130822,0.48467918367346935,0.5598024489795919,0.47934693877551016,0.5540799999999999,0.4917616326530612,0.47835587929240375
0.3152,0.5081271917716098,0.014542909551060948,0.4838416326530613,0.5598057142857142,0.48008163265306114,0.5565322448979592,0.49071836734693874,0.4777835587929241
0.3154,0.508163233593125,0.014974855348451468,0.4837502040816327,0.5607918367346938,0.47933714285714285,0.5587297959183672,0.4891591836734694,0.4772112382934443
0.3156,0.5081892492938903,0.01508548828016369,0.4846285714285715,0.5606416326530612,0.4795804081632653,0.5593763265306121,0.49029877551020407,0.4746097814776274
0.3158,0.5081687799698443,0.015436043397050438,0.4858351020408163,0.5618644897959184,0.4775542857142857,0.560355918367347,0.48988571428571426,0.47351716961498447
0.316,0.5077960531475858,0.015509774712733763,0.4868048979591837,0.5608097959183673,0.47772734693877544,0.5610889795918368,0.4884930612244898,0.47185223725286163
0.3162,0.507370901625999,0.01574548430667899,0.4870416326530613,0.5605730612244898,0.4756914285714286,0.5618155102040816,0.48865632653061225,0.4704474505723205
0.3164,0.5071044099471212,0.015843330735997772,0.48809795918367344,0.5605795918367347,0.475686530612245,0.5618922448979591,0.4869632653061224,0.46940686784599367
0.3166,0.5064451932864718,0.016045279864460072,0.4872702040816327,0.5596946938775511,0.474705306122449,0.5628685714285714,0.4856620408163265,0.4684703433922997
0.3168,0.5064978337474427,0.01612227777989491,0.48838693877551026,0.5602824489795919,0.474050612244898,0.5627085714285714,0.4856604081632653,0.46789802289282
0.317,0.5062305209284547,0.016149722115772987,0.48894204081632653,0.5611804081632653,0.4742824489795918,0.5611657142857143,0.48573551020408157,0.4660770031217482
0.3172,0.505727202248225,0.016128150987622596,0.48998857142857144,0.5607722448979591,0.47372408163265306,0.5600963265306123,0.48500571428571426,0.46477627471383975
0.3174,0.5048337358335634,0.01641716090835778,0.48837224489795916,0.5601306122448979,0.4715330612244898,0.5609942857142858,0.4841844897959183,0.4637877211238294
0.3176,0.5043032626161807,0.016445686998449616,0.48764244897959175,0.5594840816326532,0.4713681632653062,0.5607444897959184,0.48378122448979594,0.46279916753381894
0.3178,0.5042187446466619,0.016457081283112067,0.4879428571428572,0.5614285714285714,0.4702302040816327,0.5584718367346938,0.4845959183673469,0.46264308012486993
0.318,0.504036422094332,0.016896528613153924,0.4876032653061224,0.5629616326530613,0.46836571428571433,0.559286530612245,0.4849191836734694,0.4610822060353798
0.3182,0.5040219799386977,0.017039744339298314,0.4892179591836735,0.5632881632653062,0.4667330612244898,0.5595216326530613,0.4846530612244898,0.4607180020811654
0.3184,0.5037758448894646,0.017049794850393367,0.4899379591836735,0.5636930612244898,0.46601142857142863,0.5583804081632653,0.4844865306122449,0.4601456815816857
0.3186,0.5031660081972437,0.01685448363394959,0.48879510204081633,0.5625534693877551,0.46690938775510205,0.5570791836734694,0.48424163265306125,0.459417273673257
0.3188,0.5031521150728762,0.01676532144371816,0.4900032653061224,0.5627085714285714,0.4672440816326531,0.5562661224489795,0.4828571428571428,0.4598335067637877
0.319,0.5021224096214969,0.016891942031855768,0.4884408163265306,0.5622808163265306,0.46553469387755103,0.5553681632653061,0.48278530612244897,0.45832466181061393
0.3192,0.50108853504357,0.016767830217649823,0.48762285714285714,0.560901224489796,0.4641534693877551,0.5535771428571428,0.4829404081632653,0.4573361082206036
0.3194,0.5014003310044101,0.016771113940181725,0.4872963265306122,0.561469387755102,0.46561632653061225,0.5535820408163264,0.4838302040816326,0.4566077003121748
0.3196,0.5007046217446397,0.017029336971112825,0.4853469387755102,0.562515918367347,0.4656179591836735,0.5525142857142857,0.4844865306122449,0.4537460978147763
0.3198,0.5004529570246412,0.01706629324986323,0.48543510204081636,0.56504,0.4649665306122449,0.5492620408163266,0.48432000000000003,0.45369406867845996
0.32,0.49976251976753244,0.017169859297348634,0.4841257142857144,0.564393469387755,0.46349877551020413,0.5490922448979592,0.48481142857142856,0.4526534859521332
0.3202,0.4992403225098572,0.017213348537331623,0.4829844897959184,0.5633355102040817,0.4630955102040816,0.5497469387755102,0.4839902040816327,0.4522892819979189
0.3204,0.49877181818825345,0.01717972498944454,0.48152326530612244,0.5636604081632652,0.4643265306122449,0.5482857142857143,0.4834302040816326,0.4514047866805411
0.3206,0.49815897753898647,0.01720960571298988,0.4810334693877551,0.5639869387755102,0.4634351020408163,0.5472179591836734,0.4814073469387755,0.45187304890738816
0.3208,0.4981710174350698,0.01748826806343202,0.48029714285714287,0.5658595918367346,0.46417959183673474,0.5472848979591837,0.48041632653061217,0.45098855359001033
0.321,0.4976136150693369,0.01744385440985568,0.4789926530612245,0.5655412244897959,0.46424816326530616,0.5466253061224491,0.4787134693877551,0.45156087408949014
0.3212,0.4972036345360204,0.017494840023343634,0.4764702040816327,0.5662677551020407,0.46555755102040824,0.5454971428571429,0.4783885714285714,0.45104058272632674
0.3214,0.4968034343477245,0.01757424550917706,0.47426775510204083,0.5666677551020408,0.46605387755102046,0.5450008163265305,0.47789387755102036,0.4509365244536941
0.3216,0.4965377026481769,0.017983806582418646,0.47296979591836735,0.5688620408163265,0.4663085714285714,0.5449142857142858,0.47658775510204077,0.44958376690946933
0.3218,0.49631680661442523,0.01803364939864009,0.4708571428571428,0.5686187755102041,0.46695020408163257,0.5453991836734694,0.4761795918367347,0.44989594172736735
0.322,0.4961451670949337,0.018103945424056023,0.46946775510204086,0.5704914285714286,0.46720326530612244,0.5435216326530613,0.47519836734693877,0.45098855359001044
0.3222,0.4959883041333079,0.018099118501991224,0.4687444897959184,0.5716228571428571,0.46947755102040817,0.5416473469387755,0.4736571428571429,0.4507804370447451
0.3224,0.49565351313470235,0.01827361472556632,0.4677795918367346,0.5722693877551019,0.46988081632653056,0.5413224489795918,0.4729289795918367,0.44973985431841834
0.3226,0.49605247623294885,0.01848248595791648,0.46779265306122453,0.5734889795918366,0.4703640816326531,0.5422171428571427,0.4731804081632653,0.4492715920915712
0.3228,0.496349387755102,0.018581528861403074,0.46820408163265304,0.5750204081632653,0.4706971428571428,0.5418122448979592,0.47236244897959184,0.45
0.323,0.49580964726369214,0.018703788805741507,0.46601795918367345,0.5742155102040816,0.4713420408163265,0.5427167346938775,0.4711379591836734,0.4494276795005203
0.3232,0.49550268810125503,0.01903022476450125,0.4644767346938776,0.5751836734693878,0.47125877551020406,0.5435216326530612,0.4695118367346939,0.44906347554630593
0.3234,0.49611724295129084,0.019399059916937494,0.4642432653061225,0.5777877551020408,0.4730644897959184,0.5446465306122449,0.46690938775510205,0.45005202913631626
0.3236,0.4955922371112857,0.019472962708523264,0.4628636734693877,0.5787673469387755,0.47170938775510207,0.5427820408163264,0.46722285714285705,0.45020811654526527
0.3238,0.4954225179270459,0.01927081879801037,0.46245714285714284,0.5778775510204082,0.4714579591836735,0.5419755102040817,0.4678824489795918,0.45088449531737773
0.324,0.4955706626459117,0.019201810339835795,0.4618073469387755,0.5785175510204081,0.4721893877551021,0.5409208163265307,0.46769959183673465,0.45228928199791885
0.3242,0.4963500950682042,0.01929043586148867,0.4629567346938776,0.5809518367346939,0.47372897959183663,0.539934693877551,0.467614693877551,0.4529136316337149
0.3244,0.4970239336858573,0.01939218969920161,0.46287183673469395,0.5829812244897958,0.47618285714285713,0.5392734693877551,0.46688,0.4539542143600416
0.3246,0.4971762427176906,0.019390596432906124,0.46449795918367354,0.584195918367347,0.4769208163265306,0.5376457142857143,0.46573877551020415,0.45405827263267423
0.3248,0.49757222224581815,0.019520363934977625,0.46465632653061223,0.585978775510204,0.4783771428571429,0.5369093877551021,0.4643608163265306,0.45515088449531743
0.325,0.49843126391867876,0.019549850169644566,0.46385795918367345,0.5871902040816327,0.4805763265306123,0.5373077551020409,0.4645273469387755,0.45712799167533824
0.3252,0.4985224611551176,0.01934664194301774,0.46409142857142854,0.5864538775510204,0.48204244897959186,0.5365746938775511,0.46411591836734695,0.4578563995837669
0.3254,0.4993355475801142,0.01928853359605649,0.46515428571428574,0.5875804081632653,0.48376,0.5360848979591837,0.4644326530612245,0.4590010405827264
0.3256,0.4998021267528863,0.019334652599017024,0.4671102040816327,0.5893681632653062,0.48319510204081634,0.5349420408163266,0.4646759183673469,0.4595213319458897
0.3258,0.500013544564548,0.019341104584063743,0.46783346938775505,0.5904179591836736,0.483534693877551,0.5337142857142857,0.4638628571428572,0.4607180020811654
0.326,0.5006840099952572,0.01923824788622969,0.4708342857142857,0.5914775510204081,0.48361795918367345,0.5326416326530612,0.46361795918367343,0.4619146722164412
0.3262,0.5018821256202793,0.019371469286789345,0.472785306122449,0.5936604081632653,0.4849338775510204,0.5332032653061225,0.46443102040816325,0.46227887617065566
0.3264,0.5025689175816008,0.01923080668416671,0.47360163265306127,0.5949632653061225,0.48615346938775517,0.5310808163265306,0.4661387755102041,0.46347554630593135
0.3266,0.5036862324534392,0.01945749046225364,0.4757142857142857,0.5976571428571428,0.48818122448979595,0.5309942857142856,0.4661469387755102,0.46342351716961494
0.3268,0.5042289505687811,0.019439594680099852,0.47651755102040816,0.598793469387755,0.4882726530612246,0.5302530612244898,0.46712489795918366,0.4644120707596254
0.327,0.5048419398727233,0.01959537664777191,0.47805714285714285,0.6009061224489795,0.4888457142857144,0.5292783673469389,0.4674481632653061,0.46451612903225803
0.3272,0.5057409407717302,0.019707350598911558,0.47845877551020405,0.6025338775510204,0.48819428571428575,0.5304930612244899,0.46900081632653057,0.46576482830385013
0.3274,0.5069854431679018,0.019810857320100975,0.48217795918367345,0.605048163265306,0.48885714285714277,0.5298416326530613,0.4696506122448979,0.4663371488033299
0.3276,0.5076538599956111,0.019827591947581578,0.48346448979591833,0.6070791836734694,0.48967346938775513,0.5274040816326531,0.47056,0.467741935483871
0.3278,0.5087468181528595,0.019811392431827494,0.48572081632653064,0.6083004081632654,0.4915608163265306,0.5274122448979591,0.47080816326530617,0.46867845993756496
0.328,0.5099254031019275,0.019885607967905977,0.4875902040816326,0.6104179591836735,0.49343836734693874,0.5267673469387755,0.47120326530612244,0.4701352757544225
0.3282,0.5104818093397608,0.01987234402057015,0.4897763265306122,0.6114775510204081,0.4938497959183673,0.5253795918367347,0.4725844897959184,0.46982310093652446
0.3284,0.5113017452058868,0.020000534656797214,0.49032489795918366,0.6126057142857142,0.49582204081632647,0.5266775510204081,0.4726612244897959,0.4697190426638918
0.3286,0.5120682806317115,0.019901799317442147,0.49193469387755095,0.6132522448979592,0.4973844897959184,0.5257877551020409,0.4735510204081633,0.4704994797086369
0.3288,0.5128282135247438,0.019697588923096847,0.4924081632653062,0.6130873469387754,0.4991085714285714,0.5258742857142857,0.4751069387755102,0.4713839750260146
0.329,0.5134831746975586,0.01966042796615388,0.49369795918367343,0.6138922448979592,0.4993665306122449,0.5253828571428572,0.477955918367347,0.4706035379812695
0.3292,0.5146635876744038,0.019645684989199767,0.4952424489795918,0.6151967346938776,0.5015787755102041,0.5253077551020409,0.47927183673469387,0.4713839750260146
0.3294,0.5149568539007695,0.019615786655549385,0.4967820408163265,0.6158318367346938,0.5010073469387755,0.5241681632653061,0.4796832653061224,0.47226847034339225
0.3296,0.5154559938272916,0.019523417912398068,0.49750367346938773,0.6163053061224489,0.5024751020408164,0.5226204081632653,0.48130285714285703,0.47252861602497404
0.3298,0.5160918858615247,0.019210099958905148,0.49814530612244895,0.6157289795918367,0.5028048979591837,0.522218775510204,0.4835118367346939,0.4741415192507804
0.33,0.5161847313243716,0.019083529650979078,0.4989420408163265,0.6158073469387755,0.5016881632653061,0.520355918367347,0.48586122448979585,0.47445369406867843
0.3302,0.5165231520454175,0.018949895118517565,0.5003036734693878,0.6154889795918368,0.502915918367347,0.5199526530612245,0.48472326530612236,0.47575442247658695
0.3304,0.5172272103180503,0.01868504326497387,0.502741224489796,0.6150791836734694,0.5041436734693877,0.5184930612244898,0.4865273469387755,0.476378772112383
0.3306,0.5176800246342033,0.018545842220747445,0.5035591836734694,0.6153257142857143,0.5051183673469388,0.5164751020408163,0.48807836734693877,0.47752341311134233
0.3308,0.5181470809176948,0.01842870789102615,0.5032310204081633,0.6157338775510205,0.5054416326530612,0.5151902040816327,0.4903575510204082,0.47892819979188345
0.331,0.5181368738629687,0.018289655800735258,0.5015183673469388,0.6153142857142857,0.5053665306122449,0.514793469387755,0.49191183673469385,0.4799167533818938
0.3312,0.518293280100802,0.01803464808497873,0.5016,0.6142628571428572,0.5058595918367347,0.5135004081632653,0.4949322448979592,0.4796045785639958
0.3314,0.518977735776933,0.017745607710882946,0.5009583673469388,0.6136146938775509,0.5078938775510203,0.5130889795918367,0.49688489795918367,0.4814255983350676
0.3316,0.5191960486171576,0.017556942784240862,0.5011085714285713,0.61312,0.5095183673469388,0.5109926530612245,0.4975542857142857,0.48288241415192507
0.3318,0.5194072866274501,0.01724695859079059,0.5003118367346939,0.6117469387755101,0.5118073469387755,0.5096979591836734,0.4985404081632653,0.48433922996878254
0.332,0.519358932801008,0.016807234846310897,0.5003118367346939,0.6094775510204082,0.5132048979591837,0.5075118367346938,0.4998514285714285,0.48579604578563995
0.3322,0.5193068773315778,0.01672844651085368,0.4986040816326531,0.6091477551020408,0.5139510204081633,0.505724081632653,0.5013175510204081,0.4870967741935484
0.3324,0.5187581668754911,0.016324458841804734,0.49753959183673474,0.6063934693877551,0.514778775510204,0.503934693877551,0.5018171428571429,0.48808532778355873
0.3326,0.5186010054719078,0.01607368337760855,0.49664489795918365,0.6050008163265306,0.5144522448979592,0.5017436734693878,0.5042742857142857,0.48949011446409996
0.3328,0.5179708936977495,0.01586198690307604,0.4966399999999999,0.6031314285714285,0.5150334693877551,0.4992244897959184,0.5040457142857143,0.4897502601456815
0.333,0.5178846448215081,0.01548979237819533,0.49542857142857144,0.6007738775510203,0.5165877551020408,0.4980881632653061,0.5051183673469388,0.49131113423517164
0.3332,0.5179117526386204,0.01522349432184069,0.49583673469387757,0.5992342857142857,0.5170922448979591,0.4967102040816326,0.506349387755102,0.49224765868886583
0.3334,0.5175502171066138,0.01507498749114003,0.4963183673469388,0.5978595918367346,0.5182481632653062,0.4942677551020408,0.5053191836734694,0.49328824141519245
0.3336,0.5176802791876376,0.014723691156532978,0.49567836734693876,0.5958220408163266,0.519629387755102,0.49386122448979586,0.5058253061224489,0.4952653485952133
0.3338,0.517747346230896,0.014457688951447344,0.49576653061224485,0.5941175510204081,0.520284081632653,0.49312816326530606,0.5077142857142857,0.49547346514047863
0.334,0.5180588174166649,0.014173459723177392,0.49503510204081635,0.5923265306122449,0.5214204081632653,0.49143020408163257,0.5101697959183673,0.49797086368366283
0.3342,0.517475924313534,0.014282598043690168,0.4926857142857143,0.5916048979591837,0.5221534693877551,0.48932081632653057,0.5110677551020408,0.49802289281997913
0.3344,0.5168500380131241,0.014254012426176419,0.491389387755102,0.5900604081632652,0.5229665306122449,0.4870416326530612,0.5115673469387755,0.49807492195629555
0.3346,0.5164487434432671,0.014408145159472556,0.4880669387755102,0.5897420408163265,0.5240179591836734,0.48582693877551025,0.5110906122448979,0.49994797086368364
0.3348,0.5157051922954405,0.014034960620740484,0.48587591836734695,0.5856032653061225,0.5247444897959184,0.48347265306122444,0.5124016326530613,0.5021331945889698
0.335,0.515558689856796,0.014034939503359364,0.4856375510204082,0.5837485714285714,0.5274204081632653,0.48054530612244895,0.5137110204081632,0.5022892819979188
0.3352,0.5144348539998725,0.013819972959343133,0.4849926530612244,0.5807395918367346,0.526844081632653,0.47778448979591837,0.5123461224489796,0.5039021852237253
0.3354,0.5140620589380394,0.013463220511915014,0.4848326530612245,0.5770057142857143,0.5283004081632653,0.4761697959183673,0.5121844897959184,0.5058792924037461
0.3356,0.5140769266707724,0.01328665770115969,0.4850710204081633,0.5752310204081633,0.5293502040816327,0.4754302040816326,0.5117828571428571,0.5075962539021853
0.3358,0.5137075563295037,0.01325491718003478,0.48320489795918364,0.5732816326530612,0.5302351020408163,0.474370612244898,0.512204081632653,0.5089490114464099
0.336,0.5130475377830633,0.013222010704460432,0.4816571428571429,0.5702726530612244,0.5313632653061224,0.47192979591836737,0.5127085714285714,0.510353798126951
0.3362,0.5133478992262878,0.012942019827731749,0.48140081632653065,0.5674367346938776,0.533462857142857,0.4724114285714286,0.5137730612244897,0.5116024973985432
0.3364,0.5132589040611042,0.012723027745809641,0.48123102040816323,0.5642808163265306,0.535330612244898,0.47193632653061235,0.5147559183673469,0.5120187304890738
0.3366,0.5124412217998541,0.012439341404229805,0.4801861224489796,0.5607102040816325,0.5344293877551021,0.47111510204081625,0.5154073469387754,0.5127991675338189
0.3368,0.5116756513552351,0.012361041076163194,0.4789714285714286,0.5577910204081633,0.5350873469387756,0.4699657142857142,0.5156473469387756,0.5125910509885536
0.337,0.5111464044681348,0.012209526441781788,0.4787248979591837,0.5544800000000001,0.5359755102040815,0.46875918367346936,0.5155673469387756,0.5133714880332987
0.3372,0.5114900312174817,0.012056802616837463,0.47871836734693873,0.5523722448979591,0.5371102040816327,0.46916081632653056,0.5169583673469388,0.5146201873048907
0.3374,0.5117603635668627,0.011881631677514158,0.4803559183673469,0.5501959183673469,0.5393795918367348,0.4690775510204082,0.5167248979591836,0.514828303850156
0.3376,0.5120016414307659,0.012144191912302878,0.4798612244897959,0.5486677551020408,0.542545306122449,0.4677681632653061,0.5170383673469388,0.5161290322580644
0.3378,0.5124256122095039,0.011843494258541072,0.4821420408163265,0.54528,0.5445714285714286,0.4680097959183673,0.5172767346938776,0.517273673257024
0.338,0.5127397025490738,0.011779248960674229,0.4831134693877551,0.5431738775510204,0.5467575510204081,0.4681730612244898,0.5172702040816326,0.5179500520291362
0.3382,0.5127227958405006,0.011481345788520446,0.4831951020408162,0.5403314285714286,0.5469975510204081,0.4694040816326531,0.5184065306122448,0.5180020811654527
0.3384,0.5133611835743662,0.011378319155500995,0.4859526530612245,0.5385404081632653,0.5488669387755103,0.46914938775510207,0.5192914285714286,0.518366285119667
0.3386,0.514002877388208,0.011322387246955182,0.48716081632653063,0.5362710204081632,0.5509714285714286,0.4697208163265307,0.5204342857142856,0.5194588969823101
0.3388,0.5140734458861588,0.01143452880260394,0.4859379591836735,0.5346481632653061,0.5527477551020408,0.47030857142857146,0.5210791836734694,0.5197190426638918
0.339,0.5146578074143289,0.01121927643716498,0.4882906122448979,0.533258775510204,0.5537110204081633,0.47120653061224493,0.5219689795918366,0.5195109261186264
0.3392,0.5157785158600382,0.011276208203395777,0.4908832653061225,0.5333404081632653,0.555650612244898,0.4712881632653062,0.5238416326530613,0.5196670135275754
0.3394,0.516782273850227,0.011273262322346218,0.494195918367347,0.5321975510204082,0.5574285714285715,0.47111183673469387,0.5256244897959184,0.5201352757544224
0.3396,0.5174148705642507,0.011079426657087537,0.4975102040816327,0.5292604081632654,0.5590628571428572,0.47208163265306125,0.5267510204081632,0.5198231009365245
0.3398,0.5186155322899192,0.011013824164874876,0.5008244897959183,0.5303020408163265,0.5597012244897959,0.47232,0.5273175510204082,0.5212278876170655
0.34,0.5194748675911571,0.01072227015122131,0.5049583673469387,0.5292424489795918,0.5600114285714286,0.4735395918367347,0.5282857142857142,0.5208116545265348
0.3402,0.5197708656657252,0.010503593611543884,0.5074710204081633,0.5262367346938776,0.5607281632653061,0.4748457142857143,0.5288440816326531,0.5204994797086367
0.3404,0.5207295566551282,0.010428393594465147,0.5125746938775511,0.5262351020408162,0.5612914285714286,0.47491918367346936,0.5293257142857143,0.5200312174817898
0.3406,0.5213632166040193,0.010176631673219161,0.5156604081632653,0.5256734693877549,0.5614399999999999,0.4767787755102041,0.5300522448979592,0.5185744016649323
0.3408,0.5223717550454104,0.010244398346155275,0.5184228571428571,0.5244587755102039,0.5631477551020408,0.47799673469387766,0.5325665306122449,0.5176378772112382
0.341,0.5230647958829734,0.010418976358044002,0.5213469387755103,0.5230726530612244,0.5640310204081633,0.4777551020408163,0.534909387755102,0.5172736732570239
0.3412,0.5235360224256196,0.010649712239480719,0.5237795918367347,0.522254693877551,0.5656473469387755,0.47791836734693877,0.5362155102040816,0.5154006243496358
0.3414,0.5238347523483899,0.010539052124441464,0.5241028571428571,0.5216767346938775,0.5657959183673469,0.47978448979591837,0.5377567346938775,0.513891779396462
0.3416,0.5247234034841824,0.010587280546693723,0.5260473469387755,0.5202922448979591,0.5668457142857143,0.48140244897959183,0.5401730612244897,0.513579604578564
0.3418,0.5253237426999936,0.010510362579474658,0.5299363265306123,0.5208620408163266,0.565033469387755,0.48147102040816325,0.5419444897959184,0.5126951092611862
0.342,0.5257610527582521,0.010626573433800345,0.5333485714285715,0.5210204081632653,0.5647787755102041,0.48112979591836724,0.5424261224489795,0.5118626430801247
0.3422,0.5263713317335259,0.010777607824468486,0.536595918367347,0.5202791836734695,0.5647787755102041,0.4816081632653061,0.5441959183673469,0.5107700312174818
0.3424,0.5267951598037758,0.010977134352967528,0.5392734693877551,0.5195461224489796,0.5649322448979592,0.4819281632653061,0.5457257142857141,0.5093652445369407
0.3426,0.5278369626310462,0.011232244680030338,0.5400832653061225,0.5205110204081632,0.5678367346938776,0.4837175510204082,0.5473289795918367,0.5075442247658689
0.3428,0.5284485506169168,0.01125777941704357,0.541964081632653,0.5204195918367346,0.5678367346938776,0.4849322448979591,0.5486187755102041,0.5069198751300729
0.343,0.528838313548104,0.011570918089223503,0.5437387755102041,0.5203330612244897,0.5687265306122449,0.48443102040816327,0.5498171428571428,0.5059833506763788
0.3432,0.5283172874061175,0.011881470884083823,0.5463183673469387,0.5170644897959182,0.5695330612244898,0.4841665306122449,0.5485028571428572,0.504318418314256
0.3434,0.5286716606142977,0.01219940088967748,0.5472865306122449,0.5169910204081634,0.5710791836734694,0.48358693877551023,0.5492881632653062,0.5037981269510926
0.3436,0.5291983758414917,0.01225159581760969,0.5486726530612245,0.5178024489795918,0.5712277551020408,0.48348734693877554,0.5496816326530611,0.504318418314256
0.3438,0.5291783224673844,0.012458081643054314,0.5493126530612245,0.5159983673469388,0.5722889795918367,0.4842138775510204,0.5502383673469388,0.5030176899063475
0.344,0.5294588618714916,0.012742591027707102,0.5514955102040816,0.5160620408163266,0.5744751020408163,0.48412081632653053,0.5483624489795919,0.5022372528616025
0.3442,0.5294221990981615,0.012853053728396038,0.5521322448979591,0.5141942857142856,0.5760212244897959,0.48500571428571426,0.5470465306122448,0.5021331945889698
0.3444,0.5295338104440528,0.012943599683259277,0.5528620408163265,0.5136130612244898,0.5766775510204082,0.4861289795918367,0.5470367346938775,0.5008844953173778
0.3446,0.5291951787749439,0.013020960171942157,0.5539934693877552,0.5124718367346939,0.5766693877551019,0.48587591836734695,0.545484081632653,0.5006763787721124
0.3448,0.5291539057246207,0.013250403070905747,0.5550432653061225,0.5101093877551021,0.5779608163265306,0.48659102040816327,0.5450628571428572,0.500156087408949
0.345,0.5286229242498248,0.013611702785551143,0.5543885714285715,0.5081436734693877,0.5795085714285715,0.4855314285714286,0.5450497959183673,0.4991155046826223
0.3452,0.5283403062286308,0.013931494444181205,0.5550383673469388,0.5076587755102041,0.581781224489796,0.484953469387755,0.5424310204081634,0.4981789802289282
0.3454,0.5284262926231887,0.014261631352175065,0.555854693877551,0.5082122448979594,0.5825110204081633,0.4825763265306122,0.5432244897959184,0.4981789802289282
0.3456,0.5283588144435714,0.014271828552938315,0.5563379591836736,0.5078808163265306,0.5811248979591837,0.481258775510204,0.5445910204081633,0.49895941727367327
0.3458,0.5275952362547517,0.014578443849519908,0.5568179591836735,0.5075542857142856,0.5807885714285714,0.47823510204081643,0.5439444897959183,0.49823100936524456
0.346,0.527579166259636,0.014870153088490596,0.5577779591836736,0.5069779591836735,0.5831444897959184,0.47750204081632647,0.5414253061224489,0.4986472424557752
0.3462,0.5270511312620781,0.015091337678390094,0.5576016326530612,0.5069714285714285,0.5836310204081633,0.47513306122448984,0.5401142857142858,0.49885535900104055
0.3464,0.5267212945698571,0.015225585057944262,0.5575118367346938,0.5059134693877552,0.5845240816326531,0.47520653061224494,0.5390448979591836,0.49812695109261185
0.3466,0.5256356677780374,0.015868006036697874,0.5581551020408163,0.5041159183673469,0.5862955102040817,0.4712097959183673,0.5364310204081633,0.4976066597294485
0.3468,0.5245171158161496,0.016143734431307136,0.5580702040816327,0.5024016326530611,0.5863004081632653,0.46883918367346933,0.5344048979591836,0.4970863683662851
0.347,0.5240588233628519,0.01646514881484029,0.5579738775510205,0.5018269387755101,0.5878579591836735,0.4676930612244899,0.5330073469387756,0.495993756503642
0.3472,0.5231958379522464,0.016876046357992443,0.558532244897959,0.4998775510204082,0.5885061224489796,0.4650873469387755,0.5313861224489795,0.49578563995837677
0.3474,0.5221957660316988,0.017324392949145433,0.5587020408163265,0.4979265306122449,0.5894857142857142,0.4620669387755102,0.5291036734693877,0.49588969823100937
0.3476,0.5210053821486971,0.017666708533317005,0.5576375510204082,0.49671510204081626,0.589395918367347,0.4580816326530613,0.5280522448979592,0.49614984391259104
0.3478,0.5204105522167243,0.017860876187198504,0.5571363265306123,0.4961551020408164,0.5898987755102041,0.456450612244898,0.5266726530612245,0.49614984391259104
0.348,0.5192789497901137,0.018326342748401815,0.5576097959183673,0.49460897959183664,0.5900571428571428,0.4533551020408163,0.5256097959183673,0.4944328824141519
0.3482,0.5184740314440032,0.01863202264899768,0.5566285714285714,0.494785306122449,0.5905469387755101,0.4502579591836734,0.5245567346938775,0.4940686784599375
0.3484,0.5173021053749283,0.019148705120113046,0.556625306122449,0.491774693877551,0.5911983673469388,0.4473273469387755,0.5240669387755102,0.4928199791883455
0.3486,0.5160504873749707,0.019713761451843902,0.5578318367346938,0.4908718367346938,0.5894857142857142,0.44163755102040814,0.5249567346938775,0.491519250780437
0.3488,0.5155455972024606,0.019982326684503483,0.5590595918367347,0.4903967346938775,0.5897355102040817,0.4400130612244898,0.5227575510204082,0.49131113423517164
0.349,0.5154667779453092,0.020522342409565325,0.5593110204081633,0.48942693877551025,0.5921697959183673,0.437650612244898,0.5226710204081633,0.4915712799167534
0.3492,0.5143098334359758,0.020773192103224657,0.5585828571428572,0.488538775510204,0.5913632653061225,0.4348783673469388,0.522589387755102,0.48990634755463064
0.3494,0.5135002532792514,0.021168868309195513,0.5596424489795918,0.48854204081632646,0.5910432653061225,0.4313861224489795,0.5207934693877551,0.4895941727367326
0.3496,0.5127541415900387,0.021856948198211042,0.5606204081632653,0.4864130612244898,0.5920244897959183,0.4275526530612245,0.5215167346938776,0.48839750260145676
0.3498,0.5120661785130286,0.02215586382538938,0.5617648979591837,0.48558204081632644,0.591046530612245,0.42471020408163274,0.5207918367346938,0.4885015608740895
0.35,0.5113794632858345,0.022477560908985082,0.5624065306122448,0.4849306122448979,0.5905616326530613,0.4220097959183674,0.5203869387755102,0.48798126951092613
0.3502,0.5106491339095472,0.022815142695139484,0.5632114285714286,0.48501714285714287,0.5895102040816328,0.4188195918367347,0.520551836734694,0.4867845993756504
0.3504,0.5103915954893924,0.023226396035884223,0.5638595918367347,0.484698775510204,0.5893518367346938,0.41546775510204076,0.5216146938775509,0.4873569198751301
0.3506,0.5092982261957854,0.02361409284228132,0.5657240816326531,0.48331755102040824,0.5864228571428571,0.41115102040816326,0.5217648979591837,0.48740894901144644
0.3508,0.5086772174676323,0.023594517469990132,0.5661338775510203,0.48348408163265316,0.5851151020408162,0.41033632653061225,0.519897142857143,0.4870967741935484
0.351,0.5079071698273483,0.02382453076209512,0.5661257142857143,0.4837322448979592,0.5838220408163265,0.4071477551020409,0.5191542857142857,0.4874609781477627
0.3512,0.5076383622502071,0.023838665888999362,0.5664375510204083,0.48471020408163257,0.581381224489796,0.40535673469387756,0.5205355102040816,0.48740894901144644
0.3514,0.5071277422186357,0.024235121811781214,0.5663608163265306,0.48348897959183673,0.5821126530612245,0.4027428571428572,0.520444081632653,0.4876170655567118
0.3516,0.5067391192564435,0.02460304618191318,0.5674171428571428,0.4821012244897959,0.5821910204081633,0.4005208163265306,0.5201191836734693,0.48808532778355873
0.3518,0.5068927576858007,0.024894478494942484,0.5696897959183673,0.4829975510204082,0.58064,0.39807673469387755,0.5209306122448979,0.4890218522372529
0.352,0.5072221220808822,0.024860080671763027,0.5693763265306122,0.48420408163265305,0.5804734693877551,0.39782204081632655,0.521810612244898,0.48964620187304886
0.3522,0.5071982124629248,0.025057087329371775,0.5708326530612244,0.4838873469387755,0.5796620408163266,0.3966808163265306,0.5225322448979591,0.4895941727367326
0.3524,0.5072076439649742,0.0249716750372474,0.5710726530612245,0.48486040816326537,0.5782024489795919,0.3965126530612245,0.5232636734693877,0.48933402705515083
0.3526,0.5077277518457955,0.02472906129681486,0.5713404081632654,0.48664163265306126,0.5779673469387754,0.39813877551020405,0.5231004081632653,0.4891779396462018
0.3528,0.5074815652629417,0.02441847184160062,0.569875918367347,0.4862302040816326,0.5769142857142857,0.39929469387755107,0.5235004081632654,0.4890738813735692
0.353,0.5077643019247241,0.024379879143595445,0.5693812244897959,0.48664163265306115,0.5771542857142857,0.3997077551020408,0.5250432653061224,0.48865764828303854
0.3532,0.5081864350485251,0.024336711258199684,0.5701224489795919,0.48672979591836735,0.5767395918367347,0.4003526530612245,0.5262563265306122,0.4889177939646202
0.3534,0.5088929782610234,0.023890453718331404,0.5686530612244898,0.4880277551020408,0.5769061224489795,0.4030530612244897,0.5272277551020409,0.48949011446409985
0.3536,0.5099341590038721,0.023588046889822828,0.5684114285714286,0.4904669387755102,0.5760751020408164,0.4048408163265306,0.5300604081632653,0.4897502601456815
0.3538,0.5105493815257632,0.023194974092791216,0.5685044897959183,0.49112,0.5746938775510204,0.4072914285714286,0.53152,0.4901664932362123
0.354,0.510666460249032,0.023154300484180282,0.5691559183673469,0.49079999999999996,0.5737844897959185,0.407709387755102,0.5324865306122449,0.49006243496357954
0.3542,0.5111135914261647,0.022908277499103735,0.5680244897959184,0.49259102040816327,0.5737061224489797,0.40877061224489797,0.533214693877551,0.4903746097814777
0.3544,0.5119796623415236,0.02262906057222081,0.5692538775510203,0.49357061224489807,0.572814693877551,0.41112816326530616,0.5342677551020407,0.4908428720083247
0.3546,0.5129458489243772,0.022457137010651225,0.5699967346938776,0.4936555102040816,0.5736310204081633,0.41373061224489793,0.5357142857142857,0.49094693028095737
0.3548,0.5134479257009776,0.022184006597009018,0.5702432653061225,0.4940636734693877,0.5726514285714286,0.4157583673469388,0.537075918367347,0.49089490114464096
0.355,0.5147151413989113,0.02180091893967906,0.5712228571428571,0.4956163265306122,0.5707820408163264,0.41868081632653065,0.5403134693877552,0.491675338189386
0.3552,0.5157216097177685,0.021627594230565688,0.5715526530612245,0.4965910204081633,0.5715085714285715,0.42031346938775505,0.5410236734693877,0.4933402705515089
0.3554,0.5161817613455372,0.021163860951351515,0.5715640816326532,0.49805551020408173,0.5701142857142856,0.42317387755102037,0.5412587755102041,0.4929240374609781
0.3556,0.5168650110783127,0.02092008857348628,0.5726155102040817,0.49839510204081633,0.5680881632653061,0.4251395918367347,0.5436114285714286,0.4933402705515088
0.3558,0.5174979925955814,0.02044474865410783,0.5709044897959183,0.49815346938775507,0.5678514285714286,0.42855020408163264,0.545875918367347,0.49365244536940694
0.356,0.5177330119560831,0.019932526245331792,0.5695281632653061,0.49896816326530613,0.5657355102040816,0.43051918367346936,0.5466938775510204,0.49495317377731524
0.3562,0.5180040479375934,0.019767419306663182,0.5685648979591837,0.4997044897959183,0.5652359183673469,0.4315755102040816,0.548406530612245,0.49453694068678455
0.3564,0.5187284939865645,0.019385103553476776,0.5673616326530613,0.49978938775510207,0.565564081632653,0.4347461224489796,0.5501126530612245,0.4947970863683662
0.3566,0.5195476183397397,0.018772859191583814,0.5655036734693877,0.5018220408163265,0.5649093877551021,0.43823020408163266,0.5513469387755102,0.49547346514047863
0.3568,0.5201425046189131,0.01808970454986008,0.562901224489796,0.5045861224489796,0.5641779591836735,0.441570612244898,0.5518334693877551,0.49578563995837666
0.357,0.5210132888785066,0.017642097392070788,0.5620979591836734,0.5065338775510204,0.5639248979591837,0.44481959183673475,0.5529697959183674,0.49573361082206036
0.3572,0.5211698233840883,0.01702570226372056,0.5595722448979592,0.5079167346938775,0.5622155102040816,0.447825306122449,0.5538595918367347,0.49562955254942775
0.3574,0.5214576581933502,0.016390362130247756,0.5566481632653062,0.5085714285714286,0.562210612244898,0.45180734693877544,0.5541910204081633,0.4953173777315296
0.3576,0.5217270459484523,0.015639576048586862,0.5535591836734695,0.5114971428571429,0.5607477551020408,0.45521306122448985,0.5540277551020407,0.4953173777315296
0.3578,0.522211188741886,0.014871935662112918,0.5499102040816327,0.5132016326530613,0.5601044897959184,0.4591836734693878,0.5544571428571428,0.4964099895941727
0.358,0.52233509057317,0.013923008276213128,0.5460881632653061,0.514181224489796,0.5572424489795917,0.46429551020408166,0.5555330612244898,0.49667013527575443
0.3582,0.5223349671190015,0.013361480319368893,0.5420179591836735,0.5149942857142856,0.5558595918367347,0.467134693877551,0.5567608163265307,0.4972424557752341
0.3584,0.5226298300381548,0.01272551064650511,0.5392538775510205,0.5171167346938776,0.5545714285714286,0.47013224489795924,0.5565257142857143,0.4981789802289282
0.3586,0.5235197542242704,0.01224878900351113,0.5358448979591837,0.5190644897959185,0.5556228571428571,0.4745240816326531,0.5576751020408163,0.49838709677419357
0.3588,0.5233908513665613,0.011555862645105571,0.5323510204081632,0.5205306122448979,0.5531885714285715,0.4777795918367347,0.557431836734694,0.4990634755463059
0.359,0.5232152692419318,0.011164081690302405,0.5280522448979592,0.521577142857143,0.5520457142857144,0.4803689795918366,0.5580799999999999,0.49916753381893847
0.3592,0.5233128017158997,0.010940578594611158,0.525701224489796,0.5218155102040816,0.5485518367346939,0.48198693877551013,0.5612489795918367,0.5005723204994796
0.3594,0.5235353652303795,0.010538944676352711,0.5235918367346939,0.5232685714285715,0.5476571428571428,0.48321306122448987,0.5605159183673469,0.5029656607700311
0.3596,0.5242959190752264,0.010102278179942926,0.5206677551020408,0.5248195918367348,0.5474073469387755,0.48719346938775504,0.5611608163265307,0.5045265348595214
0.3598,0.5257467003617263,0.009889805490184696,0.5200114285714286,0.5279036734693878,0.5471510204081633,0.49084408163265303,0.5631069387755103,0.5054630593132153
0.36,0.5260415992411532,0.009615064459456488,0.5174824489795918,0.5296897959183674,0.5458399999999999,0.49344326530612237,0.5634465306122449,0.5063475546305931
0.3602,0.5258084427360955,0.009441772880417764,0.515454693877551,0.5296848979591837,0.5428963265306124,0.49514775510204084,0.5645910204081632,0.5070759625390219
0.3604,0.5266841345820326,0.009318581513902713,0.5144816326530612,0.5304179591836735,0.5428146938775511,0.4978367346938775,0.5659689795918367,0.5085848074921955
0.3606,0.5267771442729017,0.009367736830954765,0.5120489795918367,0.5310775510204081,0.5419885714285714,0.49937632653061215,0.5671183673469387,0.5090530697190426
0.3608,0.526957521289473,0.009444608201111263,0.5094661224489796,0.5302644897959183,0.5415657142857142,0.5017338775510204,0.568829387755102,0.5098855359001041
0.361,0.5276043384513015,0.009541830770358167,0.5072032653061225,0.5304979591836736,0.5404179591836735,0.5040914285714286,0.5711885714285714,0.5122268470343393
0.3612,0.5279715055887079,0.009541410661093644,0.5050987755102041,0.5317844897959183,0.5386122448979591,0.5075118367346938,0.5723346938775509,0.5124869927159208
0.3614,0.5282132197894766,0.009740783431288692,0.502189387755102,0.5328326530612244,0.5384473469387755,0.5086432653061224,0.5732228571428571,0.5139438085327784
0.3616,0.5281111478264563,0.009834289447399806,0.5004016326530613,0.5341273469387755,0.5351102040816327,0.5100473469387754,0.5742040816326531,0.5147762747138398
0.3618,0.5280739096887455,0.010027333348636367,0.4978269387755102,0.5355036734693877,0.5339657142857143,0.511025306122449,0.5746171428571428,0.5155046826222686
0.362,0.5281455966361571,0.01008674243072562,0.496370612244898,0.5354987755102041,0.5320979591836735,0.5120179591836734,0.5751983673469387,0.5176899063475547
0.3622,0.5281619435536961,0.010374139933982342,0.49473959183673466,0.5371297959183673,0.5293975510204081,0.5130612244897959,0.576589387755102,0.5180541103017691
0.3624,0.5281427413337864,0.010813582588640371,0.490850612244898,0.5382579591836735,0.5293191836734694,0.5135608163265306,0.5774089795918367,0.5194588969823102
0.3626,0.5286566266714802,0.011005626932273027,0.49069551020408164,0.5398922448979591,0.5280130612244898,0.5152,0.578888163265306,0.5192507804370446
0.3628,0.5290531348439479,0.010985906942301794,0.4910187755102041,0.540124081632653,0.5254057142857144,0.5173861224489796,0.5796244897959183,0.5207596253902185
0.363,0.5295058364656998,0.011034320480664009,0.4915869387755102,0.5405257142857144,0.5258008163265306,0.5173877551020408,0.5804538775510204,0.5212799167533818
0.3632,0.5290499151252592,0.011206953192757226,0.4903771428571429,0.5410987755102041,0.5238514285714286,0.5162383673469387,0.5804653061224491,0.5222684703433923
0.3634,0.5290684233401998,0.011640813910486294,0.4885061224489796,0.5420653061224489,0.5236702040816327,0.5151020408163265,0.5820179591836735,0.5230489073881373
0.3636,0.529357326197909,0.01193545787468728,0.4880440816326531,0.5434579591836736,0.5226824489795919,0.5159248979591837,0.5836620408163264,0.5223725286160249
0.3638,0.529391544805227,0.012135881999665981,0.48749551020408166,0.5433159183673469,0.5215314285714285,0.5159297959183673,0.5848195918367347,0.5232570239334027
0.364,0.5292898372585246,0.012418625361929182,0.4866840816326531,0.5429126530612246,0.5201371428571429,0.5153648979591836,0.5862906122448979,0.5243496357960458
0.3642,0.5289456963055774,0.012443688895149036,0.48619918367346937,0.5421910204081632,0.5181844897959184,0.5159330612244898,0.5861404081632653,0.5250260145681582
0.3644,0.5291910965759873,0.012607246160324059,0.48604081632653057,0.5410579591836734,0.5166285714285715,0.516829387755102,0.5875346938775511,0.5270551508844953
0.3646,0.5296219216094347,0.01276229504306543,0.4858791836734694,0.5411363265306123,0.5160718367346939,0.5181420408163265,0.588770612244898,0.5277315296566077
0.3648,0.528962514387649,0.012784670896996643,0.4851461224489796,0.5419510204081632,0.5134644897959184,0.517490612244898,0.5874710204081632,0.5282518210197711
0.365,0.5291414229791812,0.012906413544149729,0.4853942857142858,0.5426089795918367,0.5127967346938777,0.5166824489795918,0.5881257142857143,0.5292403746097815
0.3652,0.5286969050096626,0.012814126490750607,0.4857093877551021,0.5430987755102041,0.510844081632653,0.5165322448979592,0.5869126530612244,0.5290842872008324
0.3654,0.529130471518472,0.012742312487305186,0.4881404081632653,0.5433648979591836,0.5092897959183673,0.5163787755102041,0.5874840816326531,0.5301248699271592
0.3656,0.5290354024648362,0.012647560571832896,0.4897779591836734,0.5417436734693878,0.5071787755102041,0.51688,0.587570612244898,0.5310613943808532
0.3658,0.5282981361535248,0.012513377523509762,0.49237551020408155,0.5406204081632653,0.5032914285714286,0.5153420408163265,0.5865257142857143,0.531633714880333
0.366,0.5280224335478207,0.012824954193176554,0.49310040816326534,0.5390873469387755,0.5003836734693877,0.5157681632653062,0.5884734693877551,0.531321540062435
0.3662,0.5281999204343547,0.01285429414808918,0.4954497959183673,0.5386057142857142,0.4979526530612245,0.516829387755102,0.5891444897959184,0.5312174817898022
0.3664,0.5278962829252408,0.013202132165253493,0.497395918367347,0.5379575510204081,0.4945420408163265,0.5154514285714286,0.590865306122449,0.531165452653486
0.3666,0.5278771322389518,0.013306539689683176,0.49844081632653064,0.5380408163265307,0.49177959183673464,0.5161959183673469,0.5907036734693877,0.53210197710718
0.3668,0.5279820787586625,0.013479760086789088,0.5016130612244898,0.5378906122448979,0.48886367346938775,0.515381224489796,0.5915216326530612,0.5326222684703434
0.367,0.5274493411766371,0.013450489149164323,0.5043738775510204,0.5353779591836735,0.48692244897959186,0.514501224489796,0.5913665306122449,0.5321540062434964
0.3672,0.5268213751265335,0.013761581660156771,0.5058302040816326,0.5336832653061225,0.48229224489795913,0.5145861224489796,0.5912897959183673,0.5332466181061394
0.3674,0.5266676384435148,0.013650873575621574,0.5080179591836734,0.5310971428571429,0.4813110204081633,0.5149191836734694,0.5906334693877551,0.5340270551508844
0.3676,0.5258591311488175,0.013998453923491232,0.509381224489796,0.5289844897959183,0.4772571428571428,0.514610612244898,0.5907902040816326,0.5341311134235172
0.3678,0.5254524314949706,0.014222005082804143,0.5102791836734694,0.5284995918367348,0.4755624489795919,0.5137289795918367,0.5914497959183673,0.5331945889698232
0.368,0.5247646278324025,0.014110113118407755,0.5110857142857144,0.5274644897959184,0.4743542857142857,0.5131689795918367,0.58984,0.5326742976066597
0.3682,0.5234886327309279,0.014256405129889856,0.5118008163265306,0.5255885714285714,0.47135183673469394,0.5115657142857144,0.5886269387755101,0.5319979188345473
0.3684,0.5227730583929722,0.014573820425873312,0.5126089795918368,0.5243755102040816,0.4681877551020408,0.5109387755102042,0.5886334693877552,0.5318938605619146
0.3686,0.521771589967933,0.014739917742414116,0.5134171428571429,0.5238840816326531,0.4649420408163265,0.5093191836734694,0.5870171428571428,0.5320499479708637
0.3688,0.5212742313491473,0.014846164925194612,0.514953469387755,0.5232375510204081,0.4628457142857143,0.5082791836734695,0.5859673469387755,0.5323621227887617
0.369,0.5207073470803514,0.015028051174295844,0.5161632653061226,0.5224963265306122,0.460901224489796,0.5078073469387755,0.5859706122448979,0.5309053069719043
0.3692,0.520923216887171,0.015412550500995938,0.518189387755102,0.5230710204081632,0.4590351020408163,0.5073371428571428,0.5875216326530612,0.5303850156087409
0.3694,0.5204150206346848,0.015733136886680626,0.5199575510204082,0.5222514285714286,0.45677877551020407,0.5060391836734695,0.588014693877551,0.5294484911550468
0.3696,0.5190860877628887,0.015992637520586276,0.5214155102040816,0.5210367346938776,0.45402938775510204,0.5027967346938775,0.5870383673469388,0.5281997918834548
0.3698,0.5187495970042544,0.016518611177797432,0.5222318367346939,0.5195673469387756,0.45101877551020414,0.502974693877551,0.588661224489796,0.5280437044745058
0.37,0.5179808176007136,0.017016321890368762,0.523934693877551,0.5166351020408163,0.4481779591836735,0.501353469387755,0.589635918367347,0.5281477627471384
0.3702,0.5171640343463088,0.017623716712881054,0.5268506122448979,0.5133714285714286,0.44428408163265304,0.5003983673469388,0.5904522448979591,0.5276274713839749
0.3704,0.5163645222167951,0.018272034245810486,0.5273991836734694,0.512218775510204,0.4402253061224489,0.49934204081632655,0.5916865306122449,0.527315296566077
0.3706,0.5159378099626948,0.018587872796910303,0.5283722448979591,0.5108310204081632,0.4393355102040816,0.4980604081632653,0.593221224489796,0.5258064516129032
0.3708,0.5148706409848018,0.01906517125642097,0.5288473469387756,0.5105861224489796,0.4359265306122449,0.49636408163265316,0.5937224489795918,0.5237773152965661
0.371,0.5141654990903749,0.01927476412213312,0.5291689795918366,0.5098563265306122,0.43348897959183674,0.495724081632653,0.5928212244897959,0.5239334027055149
0.3712,0.5131300793532813,0.01959739100547315,0.528669387755102,0.5076571428571428,0.4319608163265306,0.4941861224489796,0.5938824489795917,0.5224245577523413
0.3714,0.5121533680194242,0.01975745211480849,0.5297779591836734,0.5049714285714286,0.43123102040816325,0.491585306122449,0.5935542857142858,0.5218002081165453
0.3716,0.5107205099563239,0.019902558602898034,0.5294448979591836,0.5034122448979591,0.42913469387755104,0.48924244897959185,0.5921730612244899,0.5209157127991675
0.3718,0.5102058034785194,0.020021510628639154,0.529113469387755,0.5025028571428571,0.4292228571428572,0.48723102040816324,0.5928212244897959,0.5203433922996877
0.372,0.5090818812603085,0.020142241689420914,0.5283722448979592,0.500524081632653,0.4280897959183673,0.4854612244897959,0.5923248979591837,0.5197190426638918
0.3722,0.5079430242023969,0.020615993036221966,0.5288489795918367,0.4984816326530613,0.4250922448979592,0.484,0.5929730612244899,0.5182622268470343
0.3724,0.5072911437207558,0.020548497009976487,0.5298089795918368,0.49749224489795923,0.4249289795918368,0.4818073469387755,0.5911869387755101,0.518522372528616
0.3726,0.506199572440839,0.02045613574637569,0.5302155102040815,0.4966530612244897,0.42477551020408166,0.4798530612244898,0.5897273469387756,0.5159729448491155
0.3728,0.5052508631173592,0.020374632290525347,0.5289959183673469,0.4959951020408163,0.42533061224489793,0.477665306122449,0.5893142857142857,0.5142039542143599
0.373,0.504120148937827,0.020388873415008228,0.5292310204081632,0.49386612244897954,0.4245257142857143,0.476538775510204,0.5881763265306121,0.5123829344432883
0.3732,0.5033801878711942,0.02032126464705405,0.5297208163265306,0.4925616326530612,0.4247836734693878,0.4748293877551021,0.5870432653061224,0.5113423517169615
0.3734,0.5020494377313881,0.020206139329709563,0.5285877551020409,0.491730612244898,0.4245420408163266,0.4724587755102041,0.585404081632653,0.5095733610822061
0.3736,0.501720720621235,0.020447803709396677,0.5308555102040816,0.4905028571428572,0.42429877551020406,0.47076081632653055,0.5858938775510204,0.508012486992716
0.3738,0.5007899141342281,0.020404495673962245,0.5315885714285714,0.4903885714285714,0.4231689795918367,0.46971755102040813,0.5839444897959185,0.5059313215400624
0.374,0.5001895508505171,0.020274837385322517,0.5331363265306124,0.4887510204081632,0.42414040816326537,0.4693142857142857,0.5828816326530613,0.5029136316337148
0.3742,0.49986597379430436,0.01969929060958985,0.5337077551020408,0.4875934693877551,0.42845714285714287,0.46883102040816327,0.5811787755102041,0.49942767950052025
0.3744,0.4990981605045765,0.01971496821959846,0.5333126530612244,0.4866775510204082,0.42918367346938774,0.46688163265306126,0.5811869387755102,0.4973465140478668
0.3746,0.49841991179822603,0.019288969475415366,0.5320048979591837,0.4868277551020408,0.4312816326530612,0.4652538775510203,0.5791575510204081,0.495993756503642
0.3748,0.4978296465558127,0.018923933156530084,0.5322595918367348,0.484458775510204,0.4332244897959184,0.4650955102040816,0.5770383673469388,0.4949011446409989
0.375,0.4975735717471172,0.018574518959337278,0.5314497959183673,0.4837110204081633,0.43466938775510205,0.4654922448979592,0.5755820408163265,0.49453694068678455
0.3752,0.4977031015028279,0.01817674584121767,0.5324342857142856,0.4822334693877551,0.43897632653061225,0.4653338775510204,0.5746808163265306,0.49255983350676374
0.3754,0.49749330077088066,0.017872272304750574,0.5326187755102041,0.48181714285714283,0.44043591836734686,0.4653355102040816,0.5729730612244899,0.4917793964620187
0.3756,0.496879300898299,0.017493820409241325,0.53312,0.48107428571428573,0.44367183673469385,0.4632065306122449,0.5706089795918368,0.4895941727367326
0.3758,0.4963396527143636,0.017447396168412958,0.5339395918367347,0.4804914285714286,0.4439102040816326,0.46143346938775504,0.5689812244897959,0.4892819979188346
0.376,0.4961311094593925,0.017189967811211317,0.5337959183673469,0.47974204081632654,0.44550857142857136,0.4607951020408164,0.5675069387755103,0.4894380853277836
0.3762,0.4968257062158891,0.016809240968260267,0.5343787755102041,0.48117877551020405,0.44786612244897955,0.46251265306122447,0.5666204081632653,0.48839750260145676
0.3764,0.4966730998747053,0.016429159602762096,0.533018775510204,0.4820473469387755,0.45079673469387754,0.4614579591836735,0.5655689795918367,0.48714880332986465
0.3766,0.4968376897647717,0.01620319435648451,0.5336718367346939,0.48169469387755104,0.45297795918367345,0.4610530612244898,0.5644277551020409,0.4872008324661811
0.3768,0.49755068685538734,0.015879919926524187,0.534501224489796,0.4824195918367347,0.45630367346938777,0.4613697959183673,0.5636130612244898,0.4870967741935484
0.377,0.4976216976363907,0.015867149927053396,0.5353142857142857,0.4827232653061224,0.45668571428571425,0.46202938775510205,0.5634416326530612,0.4855359001040583
0.3772,0.49683709514607094,0.015823327032013754,0.534909387755102,0.48279673469387757,0.4556130612244897,0.46089142857142856,0.5619004081632653,0.48491155046826223
0.3774,0.49703549845328343,0.015647448267074857,0.535658775510204,0.4832000000000001,0.456995918367347,0.4607314285714287,0.5607673469387755,0.48485952133194593
0.3776,0.49754692999780564,0.015502815846048065,0.5359885714285715,0.48344,0.45772571428571424,0.4632538775510204,0.5610024489795917,0.4838709677419355
0.3778,0.4972737794389348,0.01527229509131358,0.5364897959183673,0.4845763265306123,0.45756244897959186,0.46366530612244894,0.5587265306122449,0.4826222684703433
0.378,0.49720091061606747,0.015268945097386077,0.5365714285714286,0.4845746938775511,0.45861224489795915,0.4620375510204081,0.5584751020408163,0.4829344432882414
0.3782,0.49694187857036676,0.014984303237308963,0.5351999999999999,0.486515918367347,0.45803102040816324,0.4624522448979592,0.5569338775510204,0.48251821019771074
0.3784,0.49705911670807756,0.014983378826605198,0.5358497959183673,0.4876375510204081,0.4577730612244898,0.46277551020408164,0.5565289795918367,0.481789802289282
0.3786,0.49718756765557415,0.014603054898800254,0.5350432653061225,0.4877044897959184,0.45906775510204084,0.4645583673469388,0.5553779591836734,0.4813735691987513
0.3788,0.497072825217496,0.014253175821165346,0.5337551020408163,0.48899755102040815,0.45970938775510206,0.4652228571428571,0.5538987755102041,0.4808532778355879
0.379,0.4973443586966524,0.014143874827094685,0.533753469387755,0.4907804081632653,0.45912163265306116,0.46555591836734694,0.5531689795918368,0.4816857440166493
0.3792,0.4972951837300997,0.01387201285809961,0.5328718367346938,0.49134693877551017,0.45888326530612245,0.4664522448979592,0.5518546938775512,0.4823621227887617
0.3794,0.4972105626933396,0.013700292174254464,0.5325632653061224,0.4919983673469388,0.4579820408163265,0.46710367346938775,0.550473469387755,0.4831425598335068
0.3796,0.4971943332837818,0.01374378033721268,0.5330595918367347,0.4930677551020408,0.4563363265306123,0.4669485714285714,0.5495706122448979,0.4841831425598335
0.3798,0.49706392122717974,0.013715112516864107,0.5328261224489795,0.4956751020408164,0.45478204081632645,0.46662693877551026,0.5481861224489796,0.4842872008324662
0.38,0.4966342565496542,0.013862284699060591,0.5316130612244898,0.49754122448979593,0.45226122448979583,0.4667069387755102,0.5481763265306122,0.4835067637877211
0.3802,0.49643380945302157,0.013530831270469609,0.5298579591836734,0.4979575510204081,0.4518465306122449,0.46776,0.546633469387755,0.48454734651404785
0.3804,0.49607874337247915,0.013420617230148734,0.5289795918367347,0.5000848979591836,0.4498987755102041,0.46841959183673476,0.5445942857142858,0.48449531737773144
0.3806,0.49606263260350963,0.013393686428172695,0.5280228571428571,0.5031902040816327,0.44868408163265305,0.4687542857142857,0.5435412244897958,0.4841831425598334
0.3808,0.49522771999122234,0.01339124106527119,0.5261632653061226,0.5017469387755102,0.4453534693877551,0.4700587755102041,0.5425599999999999,0.485483870967742
0.381,0.4943512370192613,0.013422266118887164,0.524313469387755,0.5025844897959184,0.44308897959183674,0.46973387755102036,0.5412669387755102,0.4851196670135275
0.3812,0.4940415100483482,0.013627057451576066,0.5237469387755102,0.502835918367347,0.44041306122448975,0.47015346938775515,0.5410955102040816,0.4860041623309053
0.3814,0.49363296197979717,0.013951784487038224,0.522865306122449,0.5052146938775509,0.43732897959183675,0.4701583673469387,0.5408506122448979,0.48537981269510927
0.3816,0.49327944105842136,0.013828264175400692,0.5212457142857143,0.5054661224489797,0.4372457142857143,0.4696751020408164,0.5401959183673469,0.4858480749219563
0.3818,0.4923577832048533,0.014001447736089386,0.5182481632653061,0.5064408163265306,0.43554775510204075,0.46852734693877557,0.5406791836734695,0.48470343392299686
0.382,0.49149040327889737,0.013881774476167272,0.5161567346938776,0.5063004081632652,0.4347281632653061,0.46853224489795914,0.5394579591836735,0.48376690946930284
0.3822,0.49093713889301815,0.0142661014760484,0.5144538775510205,0.5072897959183672,0.4309077551020408,0.4687085714285715,0.5396114285714285,0.48465140478668045
0.3824,0.4903128852456695,0.014283799572438836,0.5123510204081633,0.5072963265306123,0.4287951020408164,0.470014693877551,0.5387167346938776,0.4847034339229969
0.3826,0.4897979378057155,0.01426502192838256,0.5117991836734694,0.507141224489796,0.42740081632653065,0.47164571428571433,0.5375020408163266,0.4832986472424558
0.3828,0.4894368853306151,0.014500412255515254,0.5097812244897959,0.5069910204081632,0.42502367346938774,0.4731918367346938,0.5383869387755101,0.48324661810613934
0.383,0.4885417910764723,0.014755468369876993,0.5068636734693877,0.5070171428571429,0.4219428571428572,0.47400653061224496,0.5383820408163266,0.4830385015608741
0.3832,0.4873027823907919,0.014635558374442605,0.5041926530612245,0.5058073469387756,0.42103999999999997,0.4736848979591837,0.5370938775510203,0.48199791883454735
0.3834,0.48663319926097387,0.014817360546886175,0.5002171428571429,0.5063069387755103,0.41901714285714287,0.4740848979591837,0.5374987755102041,0.48267429760665975
0.3836,0.48645119921850116,0.015250683620826598,0.49769959183673473,0.507469387755102,0.41568163265306124,0.4762122448979592,0.5382416326530612,0.48340270551508846
0.3838,0.4857982303014859,0.015616814134876748,0.496494693877551,0.5079804081632653,0.41275265306122455,0.4758171428571429,0.5380816326530612,0.4836628511966702
0.384,0.4848477085235759,0.015772715040028383,0.4942204081632653,0.510204081632653,0.4108848979591837,0.47524571428571427,0.5363771428571429,0.48215400624349636
0.3842,0.48462727997338373,0.01597020709058721,0.49130285714285715,0.5113502040816327,0.4100751020408163,0.4758873469387755,0.5373583673469386,0.481789802289282
0.3844,0.48479447712487705,0.016336534089476974,0.4899314285714286,0.51152,0.40813387755102043,0.47638530612244895,0.5388212244897959,0.48397502601456815
0.3846,0.4843613361931662,0.016846416127686413,0.4881551020408164,0.511454693877551,0.40479183673469377,0.4775265306122449,0.5399526530612245,0.4842872008324662
0.3848,0.4845075101757665,0.017009084456594752,0.48539755102040816,0.5119591836734694,0.4046432653061224,0.4796375510204081,0.5415885714285714,0.48381893860561914
0.385,0.483975301238081,0.01713229526174989,0.48247510204081634,0.5101714285714285,0.40343183673469385,0.48183999999999994,0.5421665306122447,0.48376690946930284
0.3852,0.4830197065131984,0.017340358668467316,0.4807657142857143,0.5083036734693878,0.40075265306122454,0.4835640816326531,0.5414334693877552,0.4832986472424558
0.3854,0.482869466471292,0.017332831069425732,0.4793110204081633,0.5071738775510204,0.40044571428571435,0.48566857142857145,0.5412669387755102,0.4833506763787721
0.3856,0.48204170060948415,0.017381408885209084,0.47639510204081625,0.5057910204081633,0.3987428571428572,0.48721306122448976,0.5395608163265306,0.48454734651404785
0.3858,0.48120938676407093,0.01762838052067911,0.47444897959183674,0.5041730612244898,0.39671999999999996,0.4886024489795918,0.5396489795918368,0.48366285119667013
0.386,0.48061308840705896,0.017685752008721682,0.4727444897959184,0.5031951020408163,0.39599673469387753,0.48852571428571423,0.5393975510204082,0.48381893860561914
0.3862,0.4804113682601032,0.01767402755501456,0.471048163265306,0.5017371428571429,0.396181224489796,0.4895053061224489,0.5396571428571428,0.4843392299687824
0.3864,0.4800270475057869,0.01761277103773616,0.4691804081632654,0.5007624489795919,0.3958644897959183,0.4908032653061225,0.5382759183673469,0.4852757544224766
0.3866,0.47960695222521893,0.017795616919407058,0.4665812244897959,0.5003575510204081,0.3949779591836735,0.49128326530612243,0.5384375510204082,0.4860041623309053
0.3868,0.4797270133859996,0.017656891336496235,0.4658644897959183,0.4998661224489796,0.3957306122448979,0.49208163265306126,0.537722448979592,0.4870967741935484
0.387,0.4792955770278975,0.01740632666428578,0.4640865306122449,0.4980832653061224,0.3973028571428572,0.49150204081632654,0.5374938775510204,0.4873048907388138
0.3872,0.4791469384923584,0.017107494791588268,0.4627085714285714,0.49620571428571425,0.39878204081632657,0.49287510204081625,0.5361208163265306,0.4881893860561915
0.3874,0.4788887479736952,0.017324760210613136,0.46172734693877543,0.4940163265306123,0.39782204081632655,0.4937469387755102,0.5371020408163265,0.4889177939646202
0.3876,0.4792555099209299,0.016826766621666336,0.4590465306122448,0.49400816326530617,0.40270857142857147,0.4939020408163265,0.5376783673469389,0.4881893860561915
0.3878,0.47942957208689924,0.016702995905485525,0.45954775510204077,0.4917371428571428,0.40419102040816324,0.4933224489795919,0.539069387755102,0.4887096774193548
0.388,0.4787212212335507,0.01661640795494065,0.4571885714285714,0.4884734693877551,0.40533877551020414,0.4926628571428572,0.5394857142857142,0.4891779396462018
0.3882,0.47863259048468504,0.016303513857766298,0.45572897959183667,0.48732734693877544,0.407621224489796,0.4925844897959184,0.5386791836734695,0.4898543184183143
0.3884,0.4786540559366306,0.015919656016823075,0.4546008163265306,0.4862726530612244,0.41056163265306117,0.4916848979591837,0.5381175510204081,0.4906867845993756
0.3886,0.4788308332448484,0.015770748978743806,0.45282448979591833,0.4827020408163265,0.41350530612244896,0.4917551020408163,0.5390138775510205,0.4931841831425598
0.3888,0.47928009457268855,0.015536208643439728,0.45313632653061225,0.48043102040816327,0.4163689795918367,0.49116897959183675,0.5398302040816325,0.4947450572320499
0.389,0.4789920440017838,0.015173399831985136,0.4514187755102041,0.4766971428571428,0.41972244897959177,0.4919771428571429,0.5387673469387755,0.495369406867846
0.3892,0.47911855309449486,0.014899449088027058,0.45183183673469396,0.4736783673469388,0.42232979591836733,0.4907461224489795,0.5383624489795918,0.49776274713839747
0.3894,0.4794570661230153,0.014710254669284955,0.4521534693877551,0.4715591836734694,0.4251085714285715,0.4897436734693878,0.5388538775510204,0.4993236212278875
0.3896,0.4797162108631174,0.01443082104780484,0.45144653061224493,0.47042285714285714,0.42870204081632657,0.4884277551020408,0.5389338775510204,0.5003642039542143
0.3898,0.48042479191884874,0.014364567711852894,0.45183510204081634,0.46733877551020414,0.43213224489795915,0.48915102040816316,0.540166530612245,0.5019250780437046
0.39,0.4809452738431481,0.014103106241199983,0.4519918367346939,0.4655510204081633,0.43539755102040817,0.48970775510204084,0.539433469387755,0.5035900104058272
0.3902,0.48145820382679605,0.013797458717397511,0.45345469387755094,0.46457469387755096,0.4376832653061225,0.49002938775510196,0.5386367346938775,0.5043704474505722
0.3904,0.4822378149178506,0.01358074591185409,0.4537779591836735,0.4626971428571428,0.4416832653061225,0.4897844897959184,0.5379918367346939,0.5074921956295526
0.3906,0.4829667166429527,0.013671999564495482,0.45451755102040814,0.46041959183673475,0.44396734693877554,0.4904375510204081,0.5388848979591836,0.5095733610822061
0.3908,0.48332860951248335,0.013863764434915847,0.4553338775510204,0.45675755102040816,0.4460930612244898,0.4892930612244898,0.5389665306122449,0.5135275754422477
0.391,0.4840073149426263,0.0138931956088258,0.456568163265306,0.4553763265306122,0.44780571428571425,0.4896783673469387,0.539214693877551,0.5154006243496358
0.3912,0.4845404625284037,0.0137411946202298,0.4579444897959184,0.45317551020408164,0.45138448979591833,0.4887657142857143,0.5383346938775511,0.5176378772112382
0.3914,0.48503082191877783,0.013988051667926018,0.45924897959183675,0.45048816326530605,0.4532538775510204,0.4876163265306122,0.5388179591836735,0.5207596253902185
0.3916,0.48572639328364026,0.013784747579232324,0.459570612244898,0.4489436734693878,0.45814040816326534,0.48784653061224487,0.5380048979591836,0.5218522372528616
0.3918,0.48627544663651096,0.013772270755732887,0.4610432653061224,0.4482073469387755,0.4597697959183673,0.48734367346938773,0.5377714285714286,0.5235171696149843
0.392,0.48752181188812677,0.014081313909228671,0.46275102040816324,0.44593142857142853,0.46261387755102046,0.48838693877551015,0.5393289795918367,0.5261186264308012
0.3922,0.48801659212696524,0.014366660301435926,0.46446530612244896,0.44397551020408166,0.46302204081632653,0.4884571428571428,0.5398236734693878,0.5283558792924038
0.3924,0.4891323966673038,0.014330725704641256,0.46698775510204077,0.44365061224489794,0.4664342857142857,0.48706612244897957,0.540166530612245,0.5304890738813736
0.3926,0.49010148895354183,0.014306584481335307,0.4678040816326531,0.4436424489795918,0.4696865306122449,0.48721469387755106,0.5411477551020407,0.5311134235171696
0.3928,0.49087773761741943,0.014421301840227723,0.4696718367346938,0.4425844897959184,0.4713061224489795,0.4874367346938776,0.5410726530612245,0.5331945889698231
0.393,0.4916792468163123,0.014516569222011041,0.4715559183673469,0.4411216326530612,0.4744783673469387,0.48710367346938777,0.5420489795918366,0.5337669094693028
0.3932,0.4931031252875761,0.014458796546858202,0.474894693877551,0.44145632653061223,0.4765975510204081,0.4879020408163265,0.5431167346938777,0.5346514047866806
0.3934,0.4942152077979995,0.014448968486004713,0.4766726530612245,0.4420130612244898,0.47837061224489785,0.48845387755102027,0.5435167346938776,0.5362643080124869
0.3936,0.49474865382573424,0.01431361135653565,0.47959836734693884,0.44250938775510207,0.4795804081632653,0.4867216326530611,0.5431934693877551,0.536888657648283
0.3938,0.49510497256967295,0.014115934731101506,0.4810563265306122,0.44341061224489786,0.4811167346938775,0.48540408163265303,0.542545306122449,0.5370967741935483
0.394,0.49634695887928526,0.014087158668307318,0.4825991836734693,0.4456865306122449,0.4826563265306122,0.4844963265306122,0.5440897959183674,0.5385535900104059
0.3942,0.4970750550376238,0.014228320011496407,0.4847967346938775,0.44487346938775507,0.48427591836734696,0.4841665306122449,0.5448995918367346,0.5394380853277836
0.3944,0.49855277991321395,0.014102975677482655,0.48739918367346935,0.4469991836734694,0.48605551020408166,0.48423183673469394,0.545475918367347,0.5411550468262227
0.3946,0.49939726192245887,0.01410795691533637,0.48894040816326534,0.44812897959183673,0.4849257142857143,0.4859265306122449,0.5470987755102039,0.541363163371488
0.3948,0.5002494241401035,0.014165102821801482,0.49080979591836743,0.4495167346938775,0.4843591836734694,0.485905306122449,0.5482416326530611,0.5426638917793964
0.395,0.5010367944388993,0.014166010705178776,0.4923379591836735,0.4491151020408163,0.48761632653061227,0.4855738775510203,0.5495379591836735,0.5420395421436004
0.3952,0.5015468090920031,0.014024376074329714,0.4938040816326531,0.4508228571428571,0.48735999999999996,0.4854857142857143,0.5510693877551021,0.540738813735692
0.3954,0.5018234155181324,0.01410190596853191,0.4946955102040816,0.4510138775510204,0.48783510204081637,0.4846612244897958,0.552204081632653,0.5405306971904266
0.3956,0.5026260910191341,0.013896083892206992,0.4968228571428572,0.4530383673469388,0.48807183673469384,0.4850514285714286,0.5537502040816327,0.539021852237253
0.3958,0.5034925730708517,0.013751140305235153,0.5002171428571429,0.4542628571428572,0.4890269387755102,0.48463510204081633,0.5543118367346939,0.5385015608740895
0.396,0.5039592708842122,0.013536011781901476,0.5017551020408163,0.455724081632653,0.4899069387755103,0.4843004081632653,0.5544,0.5376690946930281
0.3962,0.5042017977305386,0.013339767971286352,0.503374693877551,0.45789714285714284,0.4884359183673469,0.4843820408163266,0.5555330612244898,0.5355879292403747
0.3964,0.5043635334508414,0.013199527009073137,0.5047444897959183,0.45951346938775506,0.4877730612244898,0.4837322448979592,0.5557665306122449,0.5346514047866806
0.3966,0.5048349494220165,0.013158179213780844,0.5065991836734693,0.46130938775510194,0.4874448979591836,0.4828391836734694,0.5567379591836735,0.5340790842872009
0.3968,0.5056396579526713,0.012853901636708963,0.508545306122449,0.4634171428571429,0.48783510204081637,0.48420408163265305,0.5570579591836734,0.5327783558792925
0.397,0.5057316822754075,0.012707816101150635,0.509265306122449,0.46479183673469393,0.4879902040816326,0.48330285714285715,0.5567297959183674,0.5323100936524453
0.3972,0.5053502839304297,0.012792307165701983,0.5104032653061223,0.46439836734693873,0.48733061224489793,0.48216816326530604,0.5572081632653061,0.5305931321540063
0.3974,0.5057417814493123,0.01292206452371082,0.5143820408163265,0.46522612244897965,0.4861746938775511,0.48038857142857144,0.5568016326530613,0.5314776274713839
0.3976,0.5057529078978106,0.012876314352766958,0.5159853061224491,0.46644408163265305,0.4853420408163265,0.4798285714285714,0.5573648979591838,0.5295525494276795
0.3978,0.5055376913221065,0.012843691778882844,0.51736,0.4670057142857143,0.48525061224489796,0.47877224489795916,0.5576783673469388,0.527159209157128
0.398,0.5048158332802424,0.012864622688218912,0.5186595918367346,0.4664424489795918,0.48385795918367347,0.47756571428571426,0.5564587755102041,0.5259105098855359
0.3982,0.5045944708955382,0.012890699013690695,0.5197061224489795,0.4674906122448979,0.48303510204081634,0.476334693877551,0.556858775510204,0.5241415192507805
0.3984,0.5040319715149327,0.012635644365729152,0.5211510204081632,0.46871183673469385,0.4814808163265306,0.4760130612244898,0.5549828571428572,0.5218522372528616
0.3986,0.5041485012069343,0.012637237947212183,0.5226008163265305,0.47050448979591836,0.48023999999999994,0.4754514285714285,0.5551265306122449,0.5209677419354839
0.3988,0.5039197763101079,0.012852695593334969,0.5242220408163265,0.4698563265306122,0.4790971428571429,0.47505306122448987,0.5556751020408163,0.5196149843912592
0.399,0.5039327152130363,0.013153649439447275,0.5263232653061225,0.47108244897959184,0.47656653061224497,0.47473795918367345,0.5574563265306123,0.517429760665973
0.3992,0.5036172079820481,0.013043955878122867,0.5272130612244897,0.4720506122448979,0.47445224489795923,0.4753910204081633,0.5561551020408163,0.5164412070759625
0.3994,0.503002920427276,0.013104670842891521,0.5288277551020408,0.47212408163265307,0.4724865306122449,0.47489795918367345,0.5550089795918367,0.5146722164412071
0.3996,0.5029102499522181,0.013336633746779857,0.5305289795918368,0.471804081632653,0.47134693877551015,0.4748293877551021,0.5556326530612244,0.5133194588969824
0.3998,0.5024618409111824,0.013084082797813387,0.5321534693877551,0.47220244897959185,0.4706889795918367,0.4752538775510204,0.5527657142857143,0.5117065556711757
0.4,0.5020092471702521,0.012975910769813588,0.5339428571428572,0.47244408163265306,0.470195918367347,0.47436897959183677,0.5500734693877551,0.5110301768990635
0.4002,0.5015578497455173,0.013050746029444178,0.5361371428571429,0.4730922448979592,0.46914448979591833,0.4726759183673469,0.5480995918367346,0.5101977107180021
0.4004,0.5009334582032605,0.013489909412823945,0.5386497959183674,0.4730122448979592,0.4662171428571429,0.4713061224489796,0.547934693877551,0.508480749219563
0.4006,0.5010549266282995,0.01356931187619568,0.5408342857142857,0.4749616326530612,0.4653240816326531,0.47018938775510205,0.5466955102040816,0.508324661810614
0.4008,0.5000659296226294,0.01376007092779563,0.5427069387755102,0.47399673469387754,0.4643314285714286,0.46799346938775505,0.5443951020408163,0.5069719042663892
0.401,0.4998761055306618,0.013763151762639595,0.5442448979591836,0.4748097959183674,0.4632767346938776,0.46776489795918363,0.5423444897959184,0.5068158168574401
0.4012,0.4997729966658881,0.013976260420277695,0.5446514285714287,0.47464163265306125,0.46205061224489796,0.4672897959183674,0.5428244897959184,0.5071800208116546
0.4014,0.49933619005146274,0.014115161041440403,0.5440799999999999,0.47601469387755097,0.4596032653061224,0.4662351020408163,0.5428,0.5072840790842872
0.4016,0.4988716439083438,0.014405004816961579,0.5450563265306123,0.47536326530612244,0.4588604081632653,0.46427591836734694,0.5427020408163266,0.5069719042663892
0.4018,0.4988195836253336,0.014489763851394069,0.5462563265306122,0.47453877551020407,0.4591069387755102,0.46380571428571427,0.5417175510204082,0.5074921956295525
0.402,0.49770832706860063,0.014688404612018834,0.5455983673469388,0.47419755102040817,0.4566563265306122,0.46170285714285714,0.540654693877551,0.5074401664932362
0.4022,0.4967085116835495,0.014948038186535707,0.5460065306122448,0.47272653061224484,0.4550204081632653,0.45951346938775506,0.5390236734693877,0.5079604578563996
0.4024,0.4962629460525105,0.01487091387161505,0.5453485714285715,0.47224000000000005,0.45420571428571427,0.4596114285714286,0.5376391836734694,0.5085327783558793
0.4026,0.4962149614559664,0.015095873078147063,0.5456620408163265,0.47044571428571424,0.45461061224489796,0.45815020408163265,0.5373910204081633,0.5110301768990635
0.4028,0.49582083996970266,0.01542742525909285,0.5467983673469388,0.47019265306122443,0.45316244897959185,0.45645061224489797,0.537134693877551,0.5111862643080125
0.403,0.4956724531560803,0.015601952300776423,0.5474285714285714,0.470269387755102,0.45275591836734697,0.4550710204081633,0.5368032653061224,0.5117065556711757
0.4032,0.49546357068529795,0.01586465487477281,0.5476538775510204,0.4697844897959184,0.4508897959183673,0.45467265306122445,0.5370334693877551,0.5127471383975026
0.4034,0.49541507301776067,0.015891538008541775,0.5481322448979592,0.4706775510204082,0.4517044897959184,0.45240816326530614,0.5351559183673469,0.5144120707596254
0.4036,0.4954004199140634,0.0159156321439497,0.5474644897959184,0.47108897959183677,0.45243918367346936,0.45087510204081627,0.5353942857142857,0.515140478668054
0.4038,0.49558075021059406,0.016120468140910754,0.5468114285714286,0.4713306122448979,0.45194448979591834,0.4497420408163265,0.5364342857142856,0.5172216441207077
0.404,0.4958307151705635,0.01631325970703291,0.5485028571428572,0.47042448979591833,0.4514595918367347,0.4503265306122449,0.5361126530612245,0.5181581685744017
0.4042,0.49570937982685265,0.01622636249698608,0.5456538775510203,0.47213061224489794,0.4512979591836735,0.44886857142857145,0.5370024489795919,0.5193028095733612
0.4044,0.4953495488684547,0.016318979945763604,0.545970612244898,0.4722106122448979,0.45178612244897953,0.4465991836734694,0.5352914285714286,0.520239334027055
0.4046,0.49586662164553647,0.016497745031395623,0.546210612244898,0.47278204081632647,0.45170775510204086,0.4462024489795919,0.5361844897959184,0.5221123829344433
0.4048,0.49561478675132903,0.016692293412824005,0.5452212244897959,0.4733502040816326,0.4507216326530612,0.44441795918367344,0.5360963265306122,0.5238813735691987
0.405,0.4958494872829465,0.016589317288745395,0.5427624489795918,0.4754677551020408,0.4507297959183673,0.4437648979591836,0.5359412244897959,0.5264308012486992
0.4052,0.4959789847593565,0.016850330741116516,0.5428277551020408,0.4766824489795919,0.4499216326530612,0.442225306122449,0.5361730612244898,0.5280437044745059
0.4054,0.4957658768148258,0.016929308079764144,0.5407004081632654,0.4774987755102041,0.44902693877551025,0.4412587755102041,0.5368179591836734,0.5292924037460978
0.4056,0.49566246469451464,0.016852826881804114,0.5382399999999998,0.4768424489795918,0.44918530612244895,0.44159183673469393,0.5376261224489796,0.5304890738813736
0.4058,0.49569891651978165,0.01705997167113914,0.5383085714285715,0.47651102040816323,0.45041306122448976,0.43940244897959185,0.5378726530612246,0.5316857440166493
0.406,0.49520630720550446,0.016838470579466504,0.5358677551020408,0.4758612244897959,0.45195918367346943,0.4385877551020408,0.5375363265306122,0.5314255983350676
0.4062,0.49509973284631226,0.01658032037920571,0.5331755102040816,0.4780620408163265,0.45123265306122456,0.43923591836734693,0.5372065306122449,0.5316857440166494
0.4064,0.4945994733377222,0.01635025777256635,0.5294416326530612,0.47772897959183674,0.4504212244897959,0.44044897959183676,0.5372979591836735,0.532258064516129
0.4066,0.4944673459477444,0.016481849918667853,0.5266808163265306,0.4794318367346938,0.44985959183673463,0.43898448979591836,0.5381844897959184,0.5336628511966701
0.4068,0.49410527101163043,0.01659012005075487,0.5236685714285714,0.48016,0.44978122448979585,0.4373567346938776,0.538181224489796,0.5354838709677419
0.407,0.4932597413408652,0.016614958745459648,0.5217126530612244,0.4795836734693878,0.4482383673469387,0.4369632653061224,0.5370563265306123,0.5360041623309053
0.4072,0.4925203448788464,0.016298734417739637,0.5190155102040817,0.4803183673469388,0.4477583673469388,0.43735999999999997,0.5353420408163265,0.5353277835587928
0.4074,0.49208722914764236,0.016119650748710898,0.5143804081632652,0.4807297959183673,0.4476032653061225,0.4380897959183673,0.5349355102040817,0.5367845993756505
0.4076,0.49100408729568823,0.015883525650281317,0.5100751020408163,0.48039836734693875,0.44760653061224487,0.43777142857142853,0.5339608163265306,0.5362122788761707
0.4078,0.4907547840613873,0.015637219478285266,0.5048636734693878,0.48145795918367346,0.4495591836734694,0.4376848979591837,0.5342824489795918,0.5366805411030178
0.408,0.4898719347052036,0.01567227408184015,0.5008897959183674,0.48186612244897964,0.45021714285714287,0.43558204081632657,0.5342040816326531,0.5364724245577523
0.4082,0.4895280095138992,0.015458919127276372,0.4969126530612245,0.48356571428571427,0.45005061224489795,0.43656000000000006,0.5332424489795918,0.5368366285119667
0.4084,0.48830749346981245,0.015295461472510385,0.4918775510204082,0.48242448979591834,0.45031020408163264,0.43655020408163264,0.5316897959183673,0.5369927159209157
0.4086,0.4879136848662462,0.015253365839561939,0.4883020408163265,0.48388897959183674,0.45064653061224486,0.43630204081632656,0.5304653061224489,0.5378772112382935
0.4088,0.4871042533641969,0.015260369337529023,0.4829469387755102,0.4841355102040816,0.4514661224489796,0.43580571428571424,0.5301338775510204,0.5381373569198751
0.409,0.4869027801255778,0.015232862717374984,0.4781632653061224,0.4855216326530612,0.45258612244897967,0.43629224489795915,0.5313404081632653,0.537513007284079
0.4092,0.4862527276717139,0.015218035383961217,0.47450612244897955,0.48633469387755096,0.4542236734693878,0.43491428571428575,0.5304408163265306,0.5370967741935484
0.4094,0.4857968219046202,0.01532363612038439,0.4705322448979592,0.4874677551020407,0.4548,0.43451428571428574,0.529797551020408,0.537669094693028
0.4096,0.4853314953952444,0.015490989742407231,0.46656,0.4878726530612244,0.45520979591836735,0.4342726530612245,0.5307689795918367,0.5373048907388137
0.4098,0.4853863486872376,0.015372380418027983,0.4638889795918367,0.488610612244898,0.4567738775510204,0.4353534693877551,0.531010612244898,0.5366805411030177
0.41,0.48564448285870027,0.015226122374799133,0.4608179591836734,0.48998367346938776,0.4596065306122449,0.4363314285714285,0.5314873469387755,0.535639958376691
0.4102,0.4849117560364416,0.015165522394066334,0.4569224489795918,0.49063999999999997,0.4601910204081633,0.4367379591836735,0.5310040816326531,0.5339750260145683
0.4104,0.4851778484713345,0.015014067723432603,0.45417795918367354,0.4918612244897959,0.46215346938775514,0.43860244897959183,0.5322220408163265,0.5320499479708637
0.4106,0.4848304577856117,0.015341717926403797,0.4497975510204082,0.49265795918367344,0.46231510204081633,0.43893551020408167,0.5329665306122449,0.5323100936524453
0.4108,0.485128083699661,0.015361852041372326,0.44800979591836737,0.4932979591836735,0.4650987755102041,0.439025306122449,0.5341191836734694,0.5312174817898023
0.411,0.48523200889096535,0.015459584755113331,0.4471118367346939,0.4950775510204082,0.4657583673469389,0.43838367346938767,0.5342073469387756,0.530853277835588
0.4112,0.48516111193697037,0.015438266602078301,0.44499918367346936,0.495389387755102,0.4655248979591836,0.44031510204081636,0.534457142857143,0.5302809573361082
0.4114,0.48485360374326625,0.015399936181212555,0.44255999999999995,0.494974693877551,0.46692244897959184,0.4411428571428571,0.5343853061224489,0.5291363163371487
0.4116,0.4850969157694294,0.01545370148301983,0.4406971428571428,0.4948097959183674,0.46912489795918366,0.44204897959183675,0.5360130612244898,0.5278876170655568
0.4118,0.48548029674304677,0.015466080400576596,0.4407804081632653,0.49446857142857137,0.4716473469387755,0.4415591836734694,0.536902857142857,0.5275234131113423
0.412,0.4860118487686438,0.01524769524074749,0.44069714285714284,0.49560816326530616,0.47459102040816326,0.4422155102040817,0.5360081632653062,0.5269510926118627
0.4122,0.4858482753934039,0.015130165191129072,0.4397191836734694,0.4950416326530612,0.47615020408163267,0.4426204081632653,0.5345551020408162,0.527003121748179
0.4124,0.4859259702549073,0.015294639748670003,0.43688489795918367,0.49594285714285713,0.4795706122448979,0.4423820408163265,0.5339804081632653,0.5267950052029137
0.4126,0.48654439692214035,0.01516275083753724,0.43582693877551026,0.49649959183673464,0.48217632653061226,0.44457469387755105,0.5340702040816326,0.5261186264308012
0.4128,0.48677151549901954,0.015118107620824052,0.43597551020408165,0.4962465306122449,0.4850334693877551,0.4439281632653061,0.5335869387755102,0.5258584807492196
0.413,0.48674186158126104,0.014853809163487813,0.4358236734693877,0.4965648979591837,0.48789061224489794,0.4441616326530612,0.5321289795918368,0.5238813735691987
0.4132,0.4865471191431827,0.014704712952036895,0.43541061224489797,0.49518204081632655,0.4898481632653061,0.4445795918367347,0.5309012244897959,0.5233610822060353
0.4134,0.48687807541747175,0.01445271496545414,0.4361257142857142,0.49582367346938777,0.4915591836734693,0.44530938775510204,0.529193469387755,0.5232570239334027
0.4136,0.48704604925424905,0.014184389457557985,0.43644897959183676,0.4950955102040816,0.49401142857142866,0.446450612244898,0.5283134693877551,0.5219562955254943
0.4138,0.4873716508455619,0.013914071779336774,0.4374106122448979,0.49484244897959184,0.49449632653061226,0.4479951020408164,0.5281534693877552,0.5213319458896983
0.414,0.48785107661378807,0.013559082811589077,0.43999510204081627,0.4960653061224489,0.4966269387755101,0.4475820408163266,0.5274302040816327,0.5194068678459937
0.4142,0.4885583234584156,0.013157753328359246,0.44314448979591836,0.4937812244897959,0.4993110204081632,0.4486497959183674,0.5271085714285714,0.5193548387096774
0.4144,0.48888160433788497,0.0127965775266893,0.44412081632653067,0.49296489795918363,0.5021583673469387,0.45019265306122447,0.5249142857142857,0.5189386056191466
0.4146,0.48945700184756524,0.012331428572854884,0.44736653061224485,0.49166530612244896,0.5048489795918367,0.45108897959183675,0.5234579591836734,0.5183142559833507
0.4148,0.4901135129931265,0.012107435116708948,0.4483183673469388,0.4928097959183674,0.5068946938775509,0.4522987755102041,0.5215248979591837,0.5188345473465141
0.415,0.49031753346499896,0.011832400451550807,0.4495281632653061,0.4914383673469388,0.5095151020408164,0.45344653061224494,0.5202351020408162,0.517741935483871
0.4152,0.49058071425032024,0.011350604176173174,0.4520424489795918,0.4908751020408163,0.5118057142857142,0.4545746938775509,0.5169126530612245,0.517273673257024
0.4154,0.4909359649458118,0.011231194783609198,0.45408,0.4895053061224489,0.5134416326530612,0.45464653061224486,0.5160963265306122,0.5178459937565036
0.4156,0.49079737405055673,0.01085050950108481,0.45667918367346944,0.48797061224489796,0.5132179591836734,0.4549616326530613,0.5135885714285715,0.518366285119667
0.4158,0.4910480630295823,0.010532490701906294,0.4600734693877551,0.48693714285714285,0.5155102040816326,0.45511999999999997,0.5096048979591836,0.5190426638917793
0.416,0.4912152301669888,0.010332548834111959,0.46250122448979597,0.4862236734693878,0.517062857142857,0.4552897959183674,0.5069110204081633,0.5193028095733612
0.4162,0.49173276561405,0.009995285631645737,0.4655134693877551,0.4843575510204081,0.5188604081632653,0.45747755102040816,0.5044685714285715,0.5197190426638917
0.4164,0.49220740498488674,0.009783090693697264,0.46884081632653063,0.48379265306122454,0.5190302040816326,0.4580457142857143,0.5023591836734693,0.5211758584807492
0.4166,0.4922486420749361,0.009454211675493701,0.47242285714285714,0.48274122448979595,0.5189453061224489,0.45893551020408163,0.49869877551020414,0.5217481789802291
0.4168,0.49220651079162153,0.009369679037665102,0.4746236734693877,0.48201795918367346,0.5181404081632652,0.459105306122449,0.49609469387755106,0.5232570239334027
0.417,0.4923708333864243,0.009207690950585051,0.4763363265306123,0.4802351020408163,0.5182138775510203,0.461214693877551,0.49413551020408164,0.524089490114464
0.4172,0.4927090694925212,0.00922206324104842,0.4801665306122449,0.47903020408163266,0.5187951020408162,0.46104979591836737,0.49234285714285714,0.5248699271592091
0.4174,0.4934584824481301,0.009055095810382755,0.48293387755102035,0.4794465306122449,0.5182318367346939,0.46234122448979587,0.49178285714285713,0.5260145681581687
0.4176,0.4933813366178937,0.009192552243905376,0.4859461224489795,0.4778236734693877,0.5181616326530613,0.4620130612244898,0.4893404081632652,0.527003121748179
0.4178,0.49433661251389216,0.009226732448497858,0.48847510204081634,0.4773485714285714,0.5189779591836735,0.4640408163265306,0.4884571428571428,0.5287200832466181
0.418,0.4954455064523208,0.009437991332686841,0.4917387755102041,0.4783412244897959,0.5198759183673469,0.464210612244898,0.48749714285714285,0.531009365244537
0.4182,0.49635145391351126,0.00967211658919307,0.4940865306122449,0.4779444897959184,0.5223199999999999,0.46501877551020404,0.4866889795918367,0.5320499479708637
0.4184,0.49720085908244666,0.009615865827429897,0.49613061224489796,0.47892244897959185,0.52224,0.46680816326530616,0.4857012244897959,0.5334027055150885
0.4186,0.49821259459038564,0.010070984859306036,0.49858285714285716,0.4783657142857143,0.5241942857142857,0.46705632653061224,0.4849681632653061,0.5361082206035379
0.4188,0.4991327324852937,0.010278193950819052,0.5003706122448979,0.47820408163265304,0.5255036734693876,0.4681959183673469,0.48464489795918364,0.5378772112382934
0.419,0.499265726602816,0.010526142495396771,0.501098775510204,0.47787755102040813,0.5261502040816326,0.46722285714285716,0.4844832653061225,0.5387617065556711
0.4192,0.4998516536770796,0.0103901496875876,0.5014318367346939,0.48005877551020415,0.5256571428571428,0.46771265306122445,0.48481142857142856,0.5394380853277836
0.4194,0.5003131191290252,0.010390275788949417,0.5026416326530612,0.4800669387755102,0.5249959183673469,0.46762938775510204,0.4862742857142857,0.5402705515088451
0.4196,0.5007223444965915,0.010664225954449847,0.5037975510204081,0.47949551020408165,0.5256489795918367,0.4675461224489796,0.4859624489795918,0.5418834547346514
0.4198,0.5008058148045899,0.010635530337788064,0.503964081632653,0.4781191836734694,0.5244293877551021,0.4686138775510204,0.4869404081632653,0.5427679500520292
0.42,0.501191263635527,0.010881660979870611,0.5048636734693878,0.4770644897959183,0.5236163265306122,0.4693469387755102,0.4869387755102041,0.5453173777315297
0.4202,0.50200278932801,0.011110081920075609,0.5061681632653061,0.4768163265306121,0.5254073469387754,0.46902857142857135,0.48823836734693876,0.5463579604578565
0.4204,0.502017508406068,0.011184896881931559,0.506174693877551,0.4758302040816327,0.524029387755102,0.4689502040816326,0.4896179591836735,0.5475026014568158
0.4206,0.5027873343385221,0.011127572164107941,0.5065910204081632,0.4759951020408163,0.5229632653061224,0.4713208163265306,0.49042612244897954,0.5494276795005204
0.4208,0.5029776559281361,0.011263916673627479,0.5059477551020408,0.4748522448979592,0.5225436734693878,0.4718057142857143,0.4918840816326531,0.5508324661810614
0.421,0.5031407150997756,0.011422201329904439,0.5052228571428572,0.4750122448979591,0.5219689795918369,0.4721322448979592,0.49180244897959186,0.5527055150884495
0.4212,0.5037534059617603,0.011645728292705463,0.5060506122448979,0.4748293877551021,0.5228718367346938,0.472785306122449,0.4915608163265306,0.5544224765868886
0.4214,0.503891318425393,0.011681614504891398,0.5054073469387756,0.47408653061224487,0.5214857142857142,0.4736734693877551,0.4930236734693877,0.5556711758584807
0.4216,0.5043771861793626,0.011697297406051715,0.5046873469387756,0.4738481632653061,0.5213975510204081,0.4758726530612245,0.4934334693877552,0.5570239334027055
0.4218,0.5043830131594781,0.011809486457231778,0.5026677551020409,0.47310857142857143,0.5223673469387756,0.4766759183673469,0.49383020408163264,0.5576482830385016
0.422,0.5046283570826874,0.012020336209478911,0.5013061224489795,0.4724522448979592,0.5221926530612244,0.4769159183673469,0.4955379591836735,0.5593652445369406
0.4222,0.5052029682799238,0.012002227665177586,0.4995477551020408,0.47342204081632655,0.5226008163265305,0.4791951020408164,0.49578612244897957,0.5606659729448491
0.4224,0.5056234016436959,0.012120727501568082,0.4980816326530612,0.4722808163265307,0.5230024489795918,0.48130938775510207,0.49725551020408165,0.5618106139438085
0.4226,0.5057405774880191,0.012213189022687795,0.4968783673469387,0.4721208163265306,0.5222677551020409,0.481382857142857,0.49904653061224497,0.5627471383975026
0.4228,0.5055974278493917,0.012093411680736991,0.4957502040816326,0.47242938775510196,0.5218677551020409,0.48259591836734683,0.4985583673469387,0.5623829344432882
0.423,0.5054658602504477,0.01234375961106692,0.49357061224489795,0.47218122448979594,0.5228408163265307,0.4824179591836734,0.49841306122448986,0.5633714880332986
0.4232,0.5054044607728628,0.012530371873987714,0.49259102040816327,0.4711951020408163,0.5224310204081632,0.4829844897959184,0.49881306122448976,0.5644120707596254
0.4234,0.5054392907048356,0.012495860175925445,0.49089959183673465,0.47135673469387757,0.5223330612244897,0.4842693877551021,0.4993648979591837,0.5644120707596254
0.4236,0.5060805637551586,0.012383333856792399,0.4906628571428572,0.4716081632653061,0.5215902040816326,0.48710204081632646,0.5005877551020409,0.5649323621227887
0.4238,0.5059477434928185,0.012650992336929606,0.48678693877551016,0.4699722448979592,0.5219085714285714,0.4904081632653061,0.5008457142857143,0.5657648283038502
0.424,0.5059314373491333,0.012804144189993929,0.48515265306122457,0.46914122448979595,0.5222971428571428,0.49170122448979586,0.5011673469387754,0.5661290322580645
0.4242,0.5065172253958815,0.012914761540388207,0.4846742857142857,0.4701142857142857,0.5225257142857143,0.49478040816326524,0.4992146938775511,0.5677939646201873
0.4244,0.5070303244211316,0.013090283119928336,0.482414693877551,0.47180897959183665,0.5227624489795918,0.4968016326530612,0.4988832653061225,0.5695109261186264
0.4246,0.5072842019721521,0.013117759461891098,0.48071510204081636,0.47181387755102044,0.5226693877551021,0.4989779591836734,0.5000179591836734,0.5695109261186264
0.4248,0.5079817811661606,0.013160893539696102,0.4780457142857143,0.4739951020408163,0.524530612244898,0.4996163265306124,0.5020359183673471,0.5696670135275754
0.425,0.5083805896635449,0.013426470146856963,0.4758661224489796,0.4735069387755102,0.5250024489795919,0.5014791836734693,0.503825306122449,0.5706035379812695
0.4252,0.5086413778164752,0.013542351374864951,0.47272326530612235,0.47513469387755103,0.5264522448979593,0.5031820408163264,0.5039085714285714,0.5704474505723205
0.4254,0.5089159044929107,0.013720055331764448,0.47031020408163265,0.47700734693877556,0.5269273469387755,0.5056848979591837,0.5022857142857143,0.571279916753382
0.4256,0.5088643728542405,0.01385410196889885,0.4690187755102041,0.47773551020408167,0.5259395918367347,0.5054220408163265,0.5028538775510204,0.572216441207076
0.4258,0.5091740579186931,0.014077798217380061,0.4670057142857143,0.4792702040816327,0.5262514285714286,0.5066236734693879,0.5025322448979592,0.5733610822060354
0.426,0.509047178463477,0.014041908429284487,0.46514285714285714,0.4805730612244898,0.5255820408163265,0.5069436734693877,0.5033567346938776,0.5726847034339231
0.4262,0.5088915214452066,0.014449963379294217,0.4623967346938776,0.4812163265306122,0.5266171428571428,0.5073371428571429,0.5019004081632652,0.5738813735691988
0.4264,0.5090141550397475,0.014624779924734255,0.46013551020408167,0.4830138775510203,0.5264310204081633,0.508545306122449,0.5015575510204082,0.5744016649323622
0.4266,0.5094908333864242,0.014623672018109586,0.4594204081632653,0.4846399999999999,0.5276538775510204,0.5100669387755102,0.5010742857142858,0.5740894901144641
0.4268,0.5094735011007526,0.01458153077756286,0.4574791836734694,0.48658775510204083,0.5278155102040817,0.5115151020408164,0.5006546938775511,0.5727887617065557
0.427,0.5094365146849583,0.014772237382803245,0.45536489795918367,0.48887020408163256,0.528458775510204,0.5106171428571428,0.5001551020408164,0.57315296566077
0.4272,0.5096344660819582,0.014814981000432726,0.4545714285714285,0.49147265306122445,0.5290204081632652,0.5098791836734694,0.49950204081632654,0.5733610822060353
0.4274,0.509001371870288,0.014944279523801486,0.45238367346938774,0.49210775510204086,0.5279575510204081,0.5125616326530612,0.49657306122448974,0.5724245577523412
0.4276,0.5089694836019736,0.015114504970091269,0.4511689795918367,0.4943934693877551,0.5278775510204081,0.5130269387755103,0.4944571428571428,0.5728928199791883
0.4278,0.5088991201058987,0.015450790335618114,0.4485697959183673,0.49619591836734694,0.5290155102040816,0.5115493877551021,0.4945469387755102,0.5735171696149843
0.428,0.5091060978147763,0.015288091130186105,0.44858612244897955,0.4988130612244898,0.5291771428571429,0.5113681632653061,0.4942155102040816,0.5724765868886577
0.4282,0.509881223215613,0.015033978924196984,0.4494824489795919,0.5029730612244898,0.5294220408163266,0.5104555102040816,0.4951020408163266,0.5718522372528616
0.4284,0.5100044225473748,0.014918665261063179,0.4490971428571428,0.5059134693877549,0.5309583673469387,0.5098824489795919,0.4941959183673469,0.5699791883454736
0.4286,0.5098507637310907,0.014842722133724324,0.4487640816326531,0.5081093877551021,0.5313697959183672,0.5088114285714285,0.4933714285714285,0.568678459937565
0.4288,0.5099787579547949,0.014802780434160182,0.44860897959183677,0.511054693877551,0.53136,0.5092016326530613,0.49190530612244904,0.5677419354838709
0.429,0.5098924431041928,0.014685408438865647,0.4487689795918367,0.5122710204081633,0.5303102040816327,0.5077077551020409,0.4928669387755102,0.567429760665973
0.4292,0.5097594957067114,0.014523819282129943,0.4481991836734694,0.5128310204081633,0.5304734693877551,0.5087395918367347,0.49301714285714276,0.5652965660770031
0.4294,0.5103720750069018,0.014403367835603814,0.4483575510204082,0.5163330612244899,0.5317714285714286,0.5087999999999999,0.493338775510204,0.5636316337148803
0.4296,0.5105151790580956,0.014384765871332899,0.4483559183673469,0.5182873469387755,0.5329044897959183,0.5083755102040816,0.49268081632653066,0.5624869927159208
0.4298,0.5105617048567607,0.014525639534035904,0.4472081632653061,0.5209648979591837,0.5332440816326531,0.508050612244898,0.49219591836734694,0.5617065556711759
0.43,0.5103026164638592,0.014582620735383208,0.44736979591836734,0.5229077551020408,0.5340636734693878,0.5057599999999999,0.4907363265306122,0.5609781477627471
0.4302,0.5105224911692045,0.014601902459398923,0.4472130612244897,0.5248636734693879,0.5353714285714286,0.5050971428571429,0.4908081632653062,0.5597814776274712
0.4304,0.5101982045346755,0.014501261459531017,0.448014693877551,0.5255918367346938,0.5354612244897959,0.5032310204081633,0.4899934693877551,0.5588969823100938
0.4306,0.5104097877069662,0.014345385729298804,0.44914775510204075,0.5287526530612244,0.5353077551020408,0.5013567346938774,0.49040163265306125,0.5574921956295525
0.4308,0.5105592785293097,0.01443588643662872,0.44978285714285704,0.5311836734693877,0.5366938775510204,0.5006138775510205,0.48852571428571423,0.5565556711758586
0.431,0.5109787480444831,0.014219008041300305,0.45196571428571425,0.5325665306122449,0.5389028571428571,0.5008538775510203,0.48721306122448976,0.5543704474505724
0.4312,0.5110913195580001,0.013883451402573653,0.45408,0.5333142857142856,0.538581224489796,0.5006889795918367,0.4869697959183673,0.5529136316337149
0.4314,0.5110918181882534,0.013760595897796105,0.4545485714285714,0.5354269387755102,0.5376097959183673,0.5008408163265308,0.4867199999999999,0.5514047866805412
0.4316,0.5111002847090969,0.01367351996538122,0.4542906122448979,0.5355902040816326,0.5373763265306122,0.5013306122448979,0.4874416326530612,0.5505723204994797
0.4318,0.5108457610057551,0.013490166117338002,0.4548424489795918,0.5364,0.5370497959183673,0.5000179591836734,0.4880130612244898,0.5487513007284079
0.432,0.5113897173437533,0.01346084513017671,0.45491918367346934,0.5385910204081632,0.5368,0.5029420408163265,0.4875314285714286,0.5475546305931321
0.4322,0.5117982869318384,0.013363913745458473,0.4566155102040816,0.5412032653061225,0.537374693877551,0.503258775510204,0.48655183673469377,0.5457856399583767
0.4324,0.5125668457601563,0.013192204341095876,0.4573338775510204,0.541614693877551,0.5381861224489797,0.5047134693877551,0.4883395918367347,0.545213319458897
0.4326,0.5129212656883774,0.012810572774330084,0.4599232653061224,0.5427689795918367,0.5376228571428572,0.5056048979591836,0.4881632653061224,0.5434443288241415
0.4328,0.5129773716437668,0.012533141492856609,0.46209632653061217,0.5425322448979593,0.5371395918367347,0.5057714285714285,0.48734857142857146,0.5429760665972945
0.433,0.5129078663806834,0.012413455343469652,0.4625779591836735,0.5436685714285714,0.5364163265306123,0.5056163265306123,0.48759673469387754,0.5415712799167534
0.4332,0.5134005583752751,0.012135075376113299,0.46378775510204073,0.5438302040816326,0.5367542857142857,0.5061959183673469,0.4893044897959184,0.5405306971904267
0.4334,0.5136230511018142,0.011913795835627664,0.46384326530612247,0.5435053061224491,0.535294693877551,0.5082204081632653,0.49060408163265307,0.540270551508845
0.4336,0.5139238344411646,0.011722490514994329,0.4650563265306122,0.5443199999999999,0.5348848979591836,0.5089404081632652,0.4910073469387755,0.5393340270551509
0.4338,0.5141821016939555,0.01139372915065099,0.4673991836734694,0.5441583673469388,0.5343216326530612,0.5085208163265306,0.4914106122448979,0.5392819979188346
0.434,0.5146547859018739,0.011360308779635507,0.46810612244897964,0.5449861224489796,0.5353942857142856,0.5094971428571429,0.49149551020408155,0.5384495317377731
0.4342,0.5148791785767377,0.011109370978001652,0.4694840816326531,0.5457257142857143,0.5343412244897959,0.5103200000000001,0.4919951020408163,0.5374089490114463
0.4344,0.5146853195721577,0.010849294337097847,0.4710204081632653,0.5469502040816326,0.5325567346938775,0.5088457142857143,0.4927346938775511,0.5360041623309053
0.4346,0.5145884595836253,0.01062995519529913,0.4726269387755102,0.5484195918367346,0.5299591836734694,0.5092391836734694,0.49247836734693884,0.5348074921956295
0.4348,0.5144375110960097,0.010315231912226067,0.4738481632653061,0.5481795918367347,0.5274351020408163,0.508844081632653,0.4936146938775511,0.5347034339229969
0.435,0.5137072944141237,0.010087689355271328,0.4744881632653061,0.5477110204081632,0.5241828571428572,0.5083591836734694,0.4933714285714286,0.5341311134235172
0.4352,0.5134025588424755,0.00962352134995724,0.4760163265306122,0.5465175510204081,0.5229632653061225,0.5077224489795918,0.4946775510204082,0.5325182101977106
0.4354,0.5128375637622374,0.009478300126964491,0.47568816326530616,0.5456995918367348,0.5213534693877551,0.5082122448979592,0.49459428571428565,0.531477627471384
0.4356,0.5123891031875809,0.009233717973137108,0.47656653061224485,0.5449861224489796,0.5194824489795918,0.5090138775510205,0.4939526530612245,0.5303329864724246
0.4358,0.5119502431565759,0.008981915785973819,0.4781077551020408,0.5443412244897959,0.517301224489796,0.5088636734693879,0.49322285714285713,0.5298647242455775
0.436,0.5115677611898037,0.00881045090873862,0.4794791836734694,0.5443657142857142,0.514785306122449,0.5096065306122449,0.49224163265306126,0.5289281997918834
0.4362,0.5109309449482186,0.008957285767757095,0.478574693877551,0.5448636734693878,0.5143020408163265,0.50952,0.4908538775510204,0.527471383975026
0.4364,0.5107708118668904,0.008888074625901392,0.4795493877551021,0.54488,0.514145306122449,0.5099330612244899,0.4896342857142857,0.5264828303850156
0.4366,0.5099174689063971,0.00848012027031328,0.48157877551020406,0.543345306122449,0.5110742857142857,0.5096865306122449,0.4888979591836734,0.5249219562955256
0.4368,0.5099775234131113,0.0082794629302906,0.48303836734693884,0.5438334693877551,0.5104277551020407,0.5094563265306122,0.4896440816326531,0.5234651404786681
0.437,0.5093276615203833,0.008123084239376382,0.4833436734693877,0.542551836734694,0.510764081632653,0.5094563265306122,0.4882579591836735,0.52159209157128
0.4372,0.5083051591666844,0.007957061071539026,0.48374367346938774,0.5408587755102042,0.5099738775510204,0.5083346938775509,0.48662857142857147,0.5202913631633715
0.4374,0.5079849589783884,0.007795494088383099,0.4865142857142857,0.5405518367346939,0.5090024489795918,0.5063281632653062,0.48532571428571425,0.5201873048907387
0.4376,0.50743788230797,0.007482790986248981,0.487235918367347,0.5391020408163266,0.5088636734693878,0.5054416326530612,0.48556571428571427,0.5184183142559833
0.4378,0.5065628881479752,0.007460793637716224,0.4853730612244897,0.5376522448979592,0.5081404081632653,0.5044718367346939,0.4854775510204082,0.5182622268470343
0.438,0.5056103789278459,0.007466852610868342,0.4839020408163265,0.5366073469387754,0.5071004081632653,0.5026122448979592,0.4853861224489796,0.5180541103017691
0.4382,0.5049704100745397,0.00730936581695067,0.48487020408163267,0.5353844897959184,0.5072669387755102,0.5005991836734693,0.4844799999999999,0.5172216441207075
0.4384,0.5039489398090141,0.0070280093565810685,0.48649306122448976,0.5345028571428572,0.5040995918367347,0.4983395918367347,0.48464979591836743,0.515608740894901
0.4386,0.5037505053551077,0.006971663088172623,0.48730938775510213,0.5343379591836735,0.50208,0.49664979591836733,0.4856326530612245,0.5164932362122789
0.4388,0.5033846880021521,0.0068297196160271335,0.48867918367346935,0.5328,0.5017632653061225,0.49367183673469395,0.48596408163265303,0.517429760665973
0.439,0.5023075325447556,0.006857988216033144,0.4902971428571428,0.5317534693877551,0.49990530612244904,0.4911755102040816,0.4838563265306123,0.5168574401664932
0.4392,0.5012440496365039,0.006756947809227645,0.4895559183673469,0.5301436734693878,0.49992000000000003,0.48925061224489796,0.48319346938775504,0.5154006243496358
0.4394,0.5004518125252182,0.006718860537461543,0.4903657142857142,0.5287575510204082,0.498705306122449,0.4875575510204081,0.48213224489795914,0.5151925078043704
0.4396,0.499591563776395,0.006890726761982641,0.4915771428571428,0.5285877551020408,0.49724571428571424,0.48498122448979586,0.48058938775510207,0.5145681581685745
0.4398,0.4984467814847062,0.00703847128787185,0.4924538775510204,0.5269648979591837,0.4970040816326531,0.4816538775510203,0.4784,0.5142039542143599
0.44,0.4984688426879596,0.007114781468331156,0.4944016326530612,0.5268114285714285,0.49652081632653056,0.48002775510204077,0.47848326530612245,0.5145681581685744
0.4402,0.49815907012961275,0.006736788860295632,0.49665632653061226,0.5241355102040817,0.4952995918367346,0.47971102040816327,0.47920816326530613,0.5139438085327783
0.4404,0.4982480856817233,0.006850378404310871,0.4995804081632652,0.5238938775510205,0.4949779591836735,0.47890285714285713,0.4782416326530612,0.5138917793964619
0.4406,0.4976125628773882,0.006926770988742401,0.49949877551020405,0.5231738775510204,0.4948261224489796,0.47816653061224484,0.47669061224489795,0.5133194588969822
0.4408,0.4965231936687265,0.00696657465442576,0.5002971428571429,0.5219510204081631,0.4928,0.47655510204081625,0.4756212244897958,0.511914672216441
0.441,0.496044970162883,0.007005241848582832,0.5010448979591837,0.5212179591836734,0.49117224489795913,0.4755951020408163,0.4755330612244898,0.5117065556711757
0.4412,0.4954632937628746,0.00691483464931321,0.5012897959183673,0.5194236734693878,0.4892179591836735,0.47519183673469384,0.4756897959183674,0.5119667013527576
0.4414,0.4955159905710463,0.0068212740539429955,0.5030726530612244,0.5183820408163266,0.4884881632653061,0.47551836734693875,0.4759281632653061,0.5117065556711758
0.4416,0.4943980810805071,0.006743351962299686,0.5019314285714286,0.5182138775510203,0.4854824489795918,0.4743918367346939,0.4768995918367347,0.5094693028095734
0.4418,0.49395739302172476,0.0066895627275744916,0.5023363265306122,0.5167493877551019,0.48321469387755106,0.4742318367346939,0.47753469387755104,0.5096774193548386
0.442,0.49370647270770945,0.006774995516250508,0.502654693877551,0.5166742857142856,0.4814889795918368,0.4752081632653062,0.4764832653061224,0.5097294484911551
0.4422,0.4930556554609356,0.006769174188700478,0.5029844897959184,0.5156130612244898,0.4800865306122448,0.4745681632653061,0.47623673469387756,0.5088449531737773
0.4424,0.49243354272406153,0.006685141548129043,0.5020832653061224,0.5141469387755102,0.4780489795918367,0.47432816326530614,0.4770448979591836,0.50894901144641
0.4426,0.4917837312323472,0.006583649921374201,0.5007869387755102,0.5123542857142857,0.4760881632653061,0.47433959183673463,0.4777681632653061,0.5093652445369407
0.4428,0.49154382353982173,0.006536947670290815,0.5004538775510203,0.5113877551020408,0.47584489795918367,0.4741012244897959,0.47784979591836735,0.5096253902185224
0.443,0.49102569234145266,0.006575103752564413,0.5010220408163265,0.5097697959183674,0.4741273469387755,0.4739477551020408,0.4776097959183673,0.5096774193548387
0.4432,0.49017165056241024,0.006658798394649637,0.500370612244898,0.5086318367346939,0.47265632653061224,0.47329632653061227,0.47655346938775506,0.5095213319458897
0.4434,0.4899354241259459,0.006669496905606763,0.5010122448979593,0.5074089795918366,0.47111346938775506,0.47419591836734687,0.4763085714285714,0.5095733610822061
0.4436,0.48949928999695613,0.006799827960177385,0.5010171428571428,0.5065126530612245,0.4690759183673469,0.4738791836734694,0.4766253061224489,0.509885535900104
0.4438,0.4895888030467129,0.006780328155660832,0.5006138775510204,0.505534693877551,0.46866612244897954,0.47550040816326533,0.47613551020408157,0.5110822060353799
0.444,0.48960136082736944,0.006712308099573752,0.5004571428571428,0.5041453061224491,0.4683314285714285,0.47623836734693875,0.4766253061224489,0.5118106139438086
0.4442,0.4889781596551211,0.006780002596102357,0.49997061224489797,0.5028375510204082,0.4670220408163265,0.4763265306122449,0.47579755102040816,0.5119146722164412
0.4444,0.4884972246880022,0.0069573964925902605,0.4993991836734694,0.50088,0.46490448979591836,0.47698285714285715,0.4755493877551021,0.513267429760666
0.4446,0.4878678009726263,0.006780362297494771,0.4968897959183673,0.4990791836734694,0.4644130612244898,0.4779657142857143,0.47553959183673467,0.5133194588969823
0.4448,0.4875514666553406,0.00657474008722309,0.4951167346938775,0.4973714285714285,0.4650563265306123,0.4785371428571429,0.47569959183673466,0.5135275754422477
0.445,0.4870824948501773,0.00651095861253475,0.49366204081632653,0.4957404081632653,0.4644016326530612,0.4814595918367347,0.47391183673469384,0.5133194588969823
0.4452,0.4861298058286791,0.006703067044850129,0.49146448979591834,0.4949322448979592,0.4630155102040816,0.4828457142857143,0.471149387755102,0.5133714880332987
0.4454,0.48531700113968584,0.006679980350210805,0.4879771428571428,0.49369959183673473,0.4631722448979592,0.4828473469387755,0.4704179591836734,0.5137877211238292
0.4456,0.4847163490411773,0.006878767558407956,0.48537795918367355,0.49352653061224483,0.46250122448979586,0.4848930612244898,0.46805551020408165,0.5139438085327783
0.4458,0.4836475570373831,0.007044609490256718,0.4817224489795918,0.49254530612244907,0.4613502040816327,0.4866824489795919,0.466109387755102,0.5134755463059314
0.446,0.48308369116637295,0.007024796325708584,0.47972081632653063,0.4915657142857143,0.4615836734693878,0.48701387755102044,0.46545469387755106,0.5131633714880333
0.4462,0.48234129074730836,0.0073050199289669705,0.4773518367346939,0.49017795918367335,0.46142204081632654,0.4884881632653061,0.46292408163265303,0.5136836628511967
0.4464,0.4820754092604784,0.007439947585106286,0.4746759183673469,0.4883102040816326,0.4620734693877552,0.49027755102040815,0.4625991836734694,0.514516129032258
0.4466,0.4819732965236043,0.007647933654885883,0.47273632653061226,0.48782367346938776,0.4619869387755102,0.49279346938775503,0.46187918367346936,0.5146201873048908
0.4468,0.48130126441419446,0.007843151908283552,0.46925224489795914,0.4865191836734694,0.462951836734694,0.4928767346938775,0.4609110204081633,0.5152965660770031
0.447,0.48125646357606516,0.008238433489725168,0.46706448979591836,0.48569795918367353,0.46334693877551025,0.4954808163265305,0.4596114285714286,0.5163371488033298
0.4472,0.4809870602476162,0.008702109295195605,0.4653616326530612,0.4832571428571429,0.4637485714285715,0.4994612244897959,0.45734040816326527,0.5167533818938607
0.4474,0.48042971422908387,0.009160831915082435,0.4626873469387755,0.4829273469387755,0.46260244897959185,0.5006024489795918,0.45612081632653056,0.5176378772112382
0.4476,0.48005460921517407,0.009633633510873653,0.45863836734693875,0.4813812244897959,0.46438367346938775,0.5025583673469387,0.45473959183673474,0.5186264308012487
0.4478,0.47927090459909244,0.010064853292763139,0.45620244897959183,0.47967346938775507,0.4642873469387755,0.5032179591836734,0.452785306122449,0.5194588969823101
0.448,0.47844252259905007,0.010670406205905097,0.453694693877551,0.47746775510204087,0.4640277551020408,0.5045975510204082,0.4501077551020408,0.5207596253902185
0.4482,0.47815535546164356,0.011124419583265644,0.451185306122449,0.47803591836734693,0.4643395918367347,0.5069551020408163,0.4479167346938775,0.5204994797086369
0.4484,0.4772274127715603,0.011664551280630361,0.4474530612244898,0.47729632653061216,0.4644848979591837,0.5076881632653061,0.44547428571428577,0.5209677419354838
0.4486,0.47675017463384933,0.01236199814882659,0.44412571428571435,0.47679020408163264,0.464974693877551,0.5102073469387755,0.4427069387755102,0.5216961498439125
0.4488,0.47559731657074905,0.013024863818175017,0.4399167346938776,0.4746579591836735,0.46513142857142853,0.5131232653061225,0.43994285714285725,0.5208116545265348
0.449,0.47605662553887323,0.013508209839663082,0.43862693877551023,0.47376000000000007,0.4651346938775511,0.5166204081632653,0.4401893877551021,0.5220083246618106
0.4492,0.47568866246186303,0.013822812986295906,0.4361077551020408,0.4733404081632653,0.46561306122448975,0.5174285714285715,0.4395297959183673,0.5221123829344434
0.4494,0.47523133980335114,0.014213864502159163,0.43375510204081635,0.4733420408163266,0.4665861224489796,0.5179183673469387,0.4374138775510204,0.522372528616025
0.4496,0.47425270813424225,0.014630947242077415,0.4305240816326531,0.4722775510204082,0.46683102040816327,0.5182481632653061,0.4354710204081632,0.5221644120707596
0.4498,0.47385722610376096,0.01535191460756085,0.4257991836734695,0.4722808163265307,0.46795918367346945,0.5207738775510203,0.4340097959183673,0.5223204994797086
0.45,0.47359478491084267,0.01558450955159794,0.4252293877551021,0.47318367346938783,0.46795755102040815,0.5212702040816326,0.43181551020408165,0.5221123829344434
0.4502,0.4734459413734276,0.016061953777080168,0.42271020408163257,0.4740016326530612,0.4684489795918367,0.523061224489796,0.43034122448979595,0.5221123829344432
0.4504,0.47315929325320133,0.016269351160131864,0.42118204081632654,0.4751379591836734,0.4683689795918367,0.524284081632653,0.4292751020408163,0.5207075962539022
0.4506,0.47228299008260954,0.016330221254256594,0.4203689795918367,0.47359020408163255,0.4686204081632653,0.5233942857142857,0.4276408163265306,0.5200832466181062
0.4508,0.4722563845767234,0.016835142887264176,0.4184032653061225,0.47488816326530614,0.4691004081632653,0.5243722448979592,0.42559836734693873,0.5211758584807492
0.451,0.47192780536147866,0.01707901722543087,0.4178318367346939,0.47487836734693883,0.46886367346938773,0.5247983673469387,0.4238106122448979,0.5213839750260145
0.4512,0.47180646039060786,0.017222145808067555,0.4181632653061225,0.4749534693877552,0.46902857142857146,0.5256179591836735,0.4221077551020408,0.5209677419354839
0.4514,0.47147562757048705,0.017369275117572094,0.41760489795918365,0.4760897959183673,0.4693616326530613,0.5252179591836735,0.42008,0.5204994797086369
0.4516,0.47078537011474725,0.017721031473424728,0.4144538775510204,0.47640163265306124,0.47002285714285713,0.525942857142857,0.4186922448979592,0.5191987513007283
0.4518,0.4705109824658271,0.017529925553318768,0.41380081632653054,0.4774612244897959,0.47059428571428563,0.5248212244897958,0.419010612244898,0.5173777315296565
0.452,0.46996009032541214,0.01772638413493541,0.41256326530612253,0.47843755102040814,0.469869387755102,0.5239281632653061,0.4173763265306122,0.5175858480749219
0.4522,0.4695712983216178,0.01784401824684854,0.4106106122448979,0.4802253061224489,0.4683297959183673,0.523528163265306,0.41761632653061226,0.517117585848075
0.4524,0.4692408814514359,0.017876241392388272,0.4102742857142857,0.48216979591836734,0.46719999999999995,0.5227248979591836,0.4166351020408163,0.5164412070759624
0.4526,0.4692773080761962,0.017902968544399368,0.4091297959183673,0.4839526530612245,0.46647836734693876,0.5220914285714287,0.41751836734693876,0.5164932362122789
0.4528,0.4691360476261264,0.017823462971246297,0.4079085714285714,0.48427265306122447,0.46598530612244893,0.5210383673469389,0.4190661224489796,0.5165452653485951
0.453,0.4688207453970142,0.01791679914800816,0.40765877551020413,0.4845159183673469,0.46590857142857145,0.5206432653061225,0.41775673469387753,0.5164412070759625
0.4532,0.4688317580185039,0.018255223993129652,0.4062073469387755,0.48718367346938773,0.46510693877551024,0.5210661224489795,0.4167771428571429,0.5166493236212278
0.4534,0.4690702284326842,0.01827442713818185,0.4062971428571428,0.4904342857142857,0.46469387755102043,0.5207493877551019,0.4165338775510204,0.5157127991675339
0.4536,0.46908516921857185,0.018058405899494295,0.4066138775510204,0.49106938775510195,0.46430693877551016,0.5202710204081633,0.4176816326530612,0.5145681581685745
0.4538,0.46885672124416883,0.017925547469723697,0.4061191836734694,0.4910742857142857,0.46373877551020415,0.519475918367347,0.41873632653061216,0.5139958376690947
0.454,0.46882360183199195,0.01766382523512296,0.40561959183673474,0.493345306122449,0.46309877551020406,0.5181942857142857,0.4207689795918367,0.5119146722164413
0.4542,0.46888931909079967,0.017825412552474437,0.4031804081632653,0.496429387755102,0.46188408163265304,0.5181110204081633,0.42280489795918375,0.5109261186264308
0.4544,0.46907574479531666,0.017802492559803137,0.40260897959183667,0.4980473469387755,0.46230204081632653,0.5177044897959184,0.4236979591836735,0.5100936524453694
0.4546,0.4692834261363234,0.017769739454709506,0.4015591836734694,0.5009632653061225,0.4629502040816327,0.5167232653061224,0.42507591836734687,0.5084287200832467
0.4548,0.4693681346669781,0.017798012934124977,0.39985142857142864,0.5036424489795919,0.46174040816326534,0.5160783673469387,0.4277681632653061,0.5071279916753382
0.455,0.46957747867513294,0.017827364534511305,0.3995395918367347,0.5044457142857143,0.46160163265306126,0.5159069387755102,0.42858285714285715,0.5073881373569199
0.4552,0.4702918363099662,0.017704916217893274,0.39987102040816325,0.5069453061224489,0.4624244897959183,0.514690612244898,0.43053551020408165,0.5072840790842872
0.4554,0.47066120665123495,0.01772609627401032,0.40004081632653066,0.5087167346938776,0.46146448979591836,0.5158987755102041,0.4319151020408164,0.5059313215400624
0.4556,0.4708841260874797,0.017728544185345318,0.39971428571428574,0.5116277551020408,0.46115102040816325,0.5152457142857142,0.4332995918367347,0.5042663891779396
0.4558,0.47178747591440323,0.01767569149306862,0.40094040816326537,0.5135689795918368,0.4608277551020407,0.5156489795918369,0.4350040816326531,0.5047346514047867
0.456,0.47257431756885904,0.01757545818904697,0.4020097959183674,0.516974693877551,0.45938285714285715,0.5153779591836735,0.4380065306122449,0.5036940686784599
0.4562,0.47382193661647803,0.017502301854035306,0.4033126530612245,0.519724081632653,0.45906938775510203,0.5159444897959184,0.4411869387755102,0.5036940686784599
0.4564,0.47455892600536576,0.0174293808400685,0.4030742857142857,0.5214236734693877,0.46070040816326535,0.5160228571428571,0.4437910204081632,0.5023413111342352
0.4566,0.4756054362306837,0.017399658002886797,0.4045322448979592,0.5241746938775511,0.4605371428571428,0.5165844897959184,0.4458269387755102,0.5019771071800208
0.4568,0.47601080167342685,0.017363815549011487,0.40550857142857144,0.5264489795918367,0.45957224489795917,0.5160179591836735,0.4472163265306122,0.5013007284079084
0.457,0.47652923131375347,0.017356785032451985,0.4074595918367347,0.5292816326530613,0.45843428571428574,0.5165812244897959,0.4477828571428571,0.4996357960457857
0.4572,0.477146600692306,0.017048383680091626,0.41040653061224486,0.5300848979591837,0.4575379591836734,0.5173077551020409,0.4494155102040816,0.49812695109261185
0.4574,0.4777750030792754,0.016918314412990104,0.41212897959183675,0.5330791836734694,0.4573730612244897,0.5156799999999999,0.45119836734693874,0.49719042663891777
0.4576,0.4787179477160271,0.01667988085363171,0.4153012244897959,0.534532244897959,0.4572179591836735,0.5161697959183673,0.45241632653061226,0.49667013527575443
0.4578,0.4795845484083332,0.01668899177383913,0.4176489795918368,0.5361534693877551,0.45731265306122443,0.5188587755102041,0.45273632653061224,0.4947970863683663
0.458,0.48102535992128387,0.016809311524524882,0.41894857142857145,0.5382644897959183,0.4581240816326531,0.5218661224489796,0.45493224489795925,0.4940166493236212
0.4582,0.48252484387719713,0.01696957070747165,0.42130285714285715,0.5426416326530612,0.45877387755102034,0.5224277551020406,0.45583020408163266,0.49417273673257023
0.4584,0.48358015389298287,0.016970722991512616,0.424065306122449,0.5445877551020408,0.4579657142857143,0.5239020408163265,0.45689142857142856,0.4940686784599376
0.4586,0.48474557086934666,0.016855155344561175,0.42664653061224483,0.5460604081632653,0.4596065306122449,0.5255232653061224,0.45771265306122444,0.4929240374609781
0.4588,0.4854090033765848,0.01678659358896968,0.4276212244897959,0.5460685714285713,0.45968816326530615,0.5273191836734694,0.45966530612244905,0.4920915712799168
0.459,0.48653549321497586,0.016743883489246936,0.4294057142857143,0.5476114285714285,0.46100081632653056,0.5287020408163265,0.46112979591836734,0.491363163371488
0.4592,0.48755167109091296,0.016621703458064623,0.43199836734693875,0.5491608163265307,0.46117551020408165,0.5293502040816327,0.4628342857142857,0.49079084287200836
0.4594,0.4887783892912003,0.016584108026184746,0.43346122448979585,0.5497338775510203,0.4628163265306123,0.5318791836734694,0.4644571428571428,0.4903225806451613
0.4596,0.48988992871654385,0.016551446133124495,0.4359036734693877,0.5512734693877551,0.464044081632653,0.533585306122449,0.4653551020408163,0.48917793964620193
0.4598,0.4908961572058585,0.016599329002928535,0.43743673469387756,0.55208,0.46542857142857147,0.5364277551020409,0.46675102040816324,0.4872528616024974
0.46,0.49218769365810844,0.016497191094872868,0.43970938775510204,0.552646530612245,0.467134693877551,0.5385485714285714,0.46799020408163267,0.4870967741935484
0.4602,0.4928076295242343,0.016481873113121968,0.4403559183673469,0.551905306122449,0.4675477551020408,0.5408375510204081,0.4692065306122449,0.48699271592091575
0.4604,0.49418157418222225,0.016206635496120895,0.44394448979591833,0.5522955102040816,0.47006530612244896,0.5424783673469388,0.47019755102040817,0.486108220603538
0.4606,0.4949272350938294,0.015894868281604135,0.4461289795918367,0.5515673469387755,0.47274775510204076,0.5432979591836735,0.4710138775510204,0.4848074921956296
0.4608,0.4957937171455471,0.01569061233392803,0.4479281632653061,0.5509191836734694,0.4746987755102041,0.5447591836734693,0.4721697959183674,0.4842872008324662
0.461,0.49663612535128504,0.01562500186431818,0.4497893877551021,0.5496146938775509,0.4747020408163265,0.5479444897959183,0.4742073469387755,0.4835587929240375
0.4612,0.49727444116460323,0.01542410689816471,0.45141714285714285,0.5481665306122449,0.4757518367346939,0.5494971428571429,0.47478693877551026,0.4840270551508845
0.4614,0.4980878979521048,0.015413823882274517,0.45256163265306115,0.5471102040816327,0.4775265306122448,0.5522644897959184,0.47560979591836733,0.4834547346514048
0.4616,0.49903050337304533,0.015316421584341442,0.45386122448979593,0.5458873469387756,0.47873632653061227,0.554633469387755,0.4772457142857142,0.48381893860561914
0.4618,0.49975642860682257,0.01523860662368608,0.4558922448979592,0.544582857142857,0.4800457142857143,0.5570644897959183,0.4782269387755102,0.48272632674297605
0.462,0.49943615649797907,0.015254448230494136,0.4558889795918367,0.5419869387755102,0.4798791836734694,0.5587755102040817,0.47736,0.48272632674297605
0.4622,0.4997967882095606,0.015595401146604182,0.4563020408163266,0.5419902040816327,0.4794563265306122,0.5617861224489795,0.47704,0.48220603537981266
0.4624,0.5007446823391167,0.015450212097002267,0.45874122448979593,0.5419967346938775,0.4805861224489796,0.5629289795918367,0.4789975510204082,0.4812174817898023
0.4626,0.5013851546362561,0.015514128817349518,0.4600424489795919,0.540530612244898,0.4805028571428571,0.5656995918367346,0.48021387755102046,0.48132154006243494
0.4628,0.5014500759554603,0.015309764873622483,0.4610318367346939,0.5385861224489796,0.48065795918367343,0.5660391836734694,0.4816881632653061,0.4806971904266389
0.463,0.5010906153595673,0.015243109522668897,0.46144489795918364,0.5365502040816326,0.48056,0.5665371428571427,0.48153469387755105,0.4799167533818939
0.4632,0.501575148902433,0.015249953194268815,0.4622710204081633,0.5352473469387756,0.4807102040816327,0.5682432653061225,0.4833224489795918,0.47965660770031215
0.4634,0.5019256970134568,0.015312475080624301,0.4635836734693878,0.5332195918367347,0.4807836734693877,0.5705991836734693,0.48381551020408164,0.4795525494276795
0.4636,0.5017404112779348,0.015341257987521124,0.46440653061224496,0.5294024489795918,0.48011428571428566,0.5727918367346939,0.48381061224489785,0.4799167533818938
0.4638,0.5009311703370214,0.015337797412587261,0.4642432653061224,0.5267281632653061,0.47978122448979593,0.5730302040816326,0.48308408163265304,0.4787200832466182
0.464,0.5015080770455945,0.015329193936683421,0.4665322448979593,0.5247069387755102,0.4800163265306122,0.575061224489796,0.48406367346938783,0.4786680541103017
0.4642,0.5016904930380061,0.015472694802101589,0.46807836734693875,0.5230889795918368,0.4791869387755102,0.5770122448979592,0.4850448979591837,0.4777315296566077
0.4644,0.5020560119490044,0.015548131908069777,0.4691363265306122,0.5214579591836734,0.47859755102040813,0.5787118367346938,0.4860244897959184,0.47840790842872016
0.4646,0.5017236495430638,0.015958760204781635,0.46971591836734694,0.5204,0.4767902040816326,0.5810644897959183,0.48536816326530613,0.47700312174817894
0.4648,0.5016666553405962,0.016043544405078814,0.4711069387755102,0.519585306122449,0.47563265306122454,0.5819542857142856,0.484145306122449,0.4775754422476587
0.465,0.5020767437547339,0.01611539067040949,0.4729028571428572,0.5173861224489796,0.4755379591836735,0.5838155102040816,0.4848783673469388,0.477939646201873
0.4652,0.5021242082014908,0.01614227617249981,0.4731657142857143,0.5156816326530613,0.4750416326530612,0.5846367346938777,0.4848751020408163,0.47934443288241413
0.4654,0.5018565813671982,0.01630876818153915,0.47333387755102035,0.5135624489795918,0.47298775510204083,0.5857632653061224,0.4859395918367347,0.4795525494276795
0.4656,0.5015279710052595,0.01645778664050892,0.4708114285714286,0.511854693877551,0.47297959183673466,0.5864963265306122,0.4864326530612245,0.48059313215400623
0.4658,0.5012380672060708,0.016505751551731264,0.4709795918367347,0.5096555102040816,0.4728016326530612,0.5870644897959183,0.48617795918367335,0.48074921956295535
0.466,0.5006535618368055,0.01675738330426726,0.47057306122448983,0.5077844897959184,0.4706775510204082,0.5881110204081633,0.4856097959183673,0.481165452653486
0.4662,0.500097931151649,0.016793994523101277,0.47165061224489796,0.5058367346938775,0.46944979591836733,0.5881926530612246,0.4847085714285714,0.48074921956295524
0.4664,0.4999781565404518,0.016896503233606155,0.47166367346938787,0.5050236734693878,0.4675591836734694,0.5885942857142858,0.4850302040816327,0.48199791883454735
0.4666,0.49993889018666776,0.016997072160895004,0.47077224489795916,0.5041338775510203,0.4667477551020408,0.5890889795918367,0.48559183673469386,0.48329864724245575
0.4668,0.4998226122165828,0.017246097038192926,0.4687444897959184,0.5051020408163266,0.4662612244897959,0.5899036734693878,0.48510530612244895,0.48381893860561914
0.467,0.4992756890144195,0.017518890297107122,0.4683363265306122,0.5029044897959183,0.464305306122449,0.5910285714285715,0.4856767346938776,0.48340270551508846
0.4672,0.49899232545463557,0.017561528605130116,0.46688,0.5025730612244897,0.4634008163265307,0.590705306122449,0.48527510204081636,0.4851196670135275
0.4674,0.4985776363906645,0.017368650502218384,0.4652555102040816,0.5040391836734693,0.4622595918367347,0.5884195918367346,0.48559183673469386,0.48590010405827266
0.4676,0.4981996460602971,0.0176047926146673,0.46396081632653063,0.5042873469387755,0.4607053061224489,0.5888979591836735,0.48461387755102037,0.4867325702393341
0.4678,0.49802186073180565,0.017717320566377672,0.46379918367346934,0.5035624489795918,0.45882775510204077,0.5890514285714286,0.4844408163265306,0.48844953173777317
0.468,0.49791900840252845,0.017945625100839663,0.4624130612244898,0.5034906122448979,0.4576751020408162,0.5897779591836734,0.48492734693877554,0.48922996878251823
0.4682,0.4974836438800285,0.017967318543902835,0.4610220408163265,0.5035738775510203,0.45564081632653064,0.58864,0.48523428571428573,0.4907908428720084
0.4684,0.497167278416049,0.01801211766870284,0.45873795918367344,0.5035836734693878,0.45505632653061223,0.5879020408163266,0.4858922448979592,0.49183142559833504
0.4686,0.4973773608839998,0.0181769349290719,0.4571934693877552,0.5044832653061224,0.4541436734693877,0.5880685714285714,0.48620244897959186,0.49417273673257023
0.4688,0.4967019555876461,0.01843796905590825,0.4550040816326531,0.5054693877551021,0.45153632653061226,0.5875722448979592,0.4856244897959184,0.4950052029136316
0.469,0.4962890070575577,0.01846300148709278,0.4548375510204082,0.5048979591836734,0.4494955102040817,0.586764081632653,0.486109387755102,0.49562955254942764
0.4692,0.4963647552506955,0.018317338061230738,0.45354285714285714,0.5057191836734694,0.4494106122448979,0.5850465306122449,0.4870187755102041,0.4974505723204995
0.4694,0.49623610892848297,0.018385049078539197,0.4533044897959183,0.5065257142857142,0.44673632653061224,0.5839918367346939,0.4883151020408163,0.49854318418314253
0.4696,0.4957245287292857,0.01841519175764246,0.45192163265306123,0.5075918367346939,0.4449387755102041,0.5823722448979591,0.4885632653061224,0.49895941727367327
0.4698,0.49535568221877724,0.0182887180452356,0.45037061224489794,0.5087330612244898,0.44411428571428574,0.5799248979591838,0.4890432653061225,0.49994797086368364
0.47,0.49538890469819563,0.018244455310725317,0.4499640816326531,0.5093191836734694,0.44306122448979596,0.5786269387755102,0.490269387755102,0.5010926118626431
0.4702,0.49512435260888954,0.018102505547749982,0.4489061224489796,0.5092326530612244,0.4428914285714286,0.5766840816326531,0.4902742857142858,0.5027575442247659
0.4704,0.4955706363127978,0.01784736265760322,0.44882122448979594,0.5105240816326531,0.44353632653061226,0.5747379591836734,0.4919020408163265,0.5039021852237253
0.4706,0.4956414350131311,0.017655268859464956,0.4481681632653062,0.5115036734693877,0.44378285714285715,0.5724555102040816,0.4917469387755101,0.5061914672216441
0.4708,0.49542534944466854,0.01748686484580338,0.44726367346938767,0.51232,0.44361795918367336,0.5700897959183673,0.4922367346938775,0.5070239334027055
0.471,0.4957944873183404,0.017390796275037007,0.4475885714285715,0.5146873469387755,0.44231020408163263,0.5676424489795918,0.49338122448979593,0.5091571279916753
0.4712,0.4957089936078489,0.0172149630529914,0.44768163265306116,0.5159853061224491,0.4423020408163265,0.5656914285714285,0.4929681632653061,0.5096253902185224
0.4714,0.49608813353437103,0.01700499289913536,0.4489061224489796,0.5172881632653061,0.44270367346938777,0.5645420408163265,0.4932032653061224,0.5098855359001041
0.4716,0.4964186834858813,0.016844525498429547,0.4482530612244898,0.5181110204081633,0.4435918367346939,0.5627493877551021,0.49425632653061224,0.5115504682622267
0.4718,0.49683775630543575,0.0167968591242673,0.4477583673469388,0.5194889795918367,0.44415999999999994,0.5616914285714285,0.4952326530612245,0.5126951092611863
0.472,0.49679366391301577,0.016657948611170686,0.44718857142857155,0.5207902040816326,0.4444832653061225,0.5594122448979592,0.4949959183673469,0.513891779396462
0.4722,0.49668393694210256,0.016592881090598217,0.4461306122448979,0.5229975510204081,0.4446448979591836,0.5568848979591836,0.494669387755102,0.5147762747138398
0.4724,0.49636745397014165,0.016209317587718593,0.44621714285714287,0.5227575510204081,0.44553306122448977,0.5541257142857143,0.49515918367346934,0.5144120707596255
0.4726,0.49643771921255503,0.016013709381419293,0.44539755102040823,0.5245420408163266,0.44707428571428576,0.5515118367346938,0.49459591836734706,0.5155046826222685
0.4728,0.4964976850927676,0.015547759257119511,0.4462775510204082,0.5250285714285714,0.4482057142857143,0.5474595918367346,0.4946889795918367,0.5173257023933402
0.473,0.49624137894908227,0.015414457602744382,0.4458514285714285,0.5261534693877552,0.44844734693877547,0.5449453061224488,0.4943608163265306,0.5176899063475547
0.4732,0.496340585982572,0.015180387535851204,0.4460097959183673,0.5285044897959184,0.4503983673469388,0.5430024489795918,0.4930628571428571,0.5170655567117587
0.4734,0.4967797588962744,0.014931232715908535,0.44584653061224494,0.5293061224489796,0.45234938775510203,0.5407281632653061,0.4941861224489796,0.5182622268470344
0.4736,0.4964090028102812,0.014780267508126672,0.4447036734693878,0.5302122448979592,0.45315265306122454,0.5374775510204082,0.49443755102040815,0.5184703433922996
0.4738,0.4966002797539411,0.014592802744590355,0.44452734693877555,0.5317551020408163,0.45551183673469386,0.5356244897959184,0.4932963265306123,0.5188865764828303
0.474,0.496612781187397,0.014449490592653587,0.4449093877551021,0.5326563265306122,0.4559951020408163,0.5335967346938776,0.4932163265306123,0.5193028095733612
0.4742,0.4972721884091826,0.014370217816773015,0.4452261224489796,0.5357518367346938,0.4582759183673469,0.5325355102040816,0.49306122448979595,0.5187825182101978
0.4744,0.4973929939759462,0.014433489158576042,0.4439134693877551,0.5370530612244897,0.4597469387755102,0.5308375510204082,0.49282775510204074,0.5199791883454734
0.4746,0.4980687121549973,0.014429036630609625,0.4441420408163266,0.540217142857143,0.4611444897959183,0.5289795918367347,0.4940538775510205,0.5198751300728408
0.4748,0.4979448666709139,0.014463413722564666,0.44371755102040816,0.5415248979591837,0.4614008163265306,0.5272016326530612,0.4938971428571429,0.5199271592091572
0.475,0.4978167645663885,0.014561158250455473,0.44362775510204083,0.5433061224489796,0.46116244897959185,0.5247036734693877,0.4930808163265306,0.5210197710718003
0.4752,0.498399549788698,0.01463878688571874,0.4420669387755102,0.544684081632653,0.4643248979591837,0.5247918367346939,0.49340571428571434,0.5211238293444329
0.4754,0.49864730191764534,0.014550558135310704,0.44246204081632656,0.5452555102040817,0.46618775510204086,0.5239967346938775,0.49186938775510197,0.5221123829344434
0.4756,0.4981065904988425,0.014426876067211825,0.441469387755102,0.5441942857142855,0.46781387755102044,0.5218938775510205,0.49032326530612236,0.5229448491155047
0.4758,0.49809033588877805,0.01432673611131546,0.44162448979591834,0.5446889795918367,0.46854530612244893,0.5201926530612245,0.4906497959183674,0.5228407908428719
0.476,0.4988357906659022,0.0142463102936801,0.44227265306122454,0.545330612244898,0.4702432653061225,0.5204473469387755,0.49130775510204083,0.5234131113423517
0.4762,0.4993416662065451,0.014351158615579689,0.4412865306122448,0.5466302040816327,0.47358204081632654,0.5199036734693878,0.4900897959183673,0.5245577523413111
0.4764,0.4998875261738411,0.01443266290965331,0.4406351020408163,0.5476048979591837,0.47643102040816326,0.5190057142857143,0.4895297959183673,0.5261186264308012
0.4766,0.5001373172786284,0.01441612136375882,0.440785306122449,0.5485012244897959,0.47740408163265313,0.5190906122448979,0.48970448979591835,0.5253381893860561
0.4768,0.5001860043746947,0.014399918834133435,0.4407820408163266,0.5483363265306123,0.4778155102040816,0.5198302040816326,0.48937795918367344,0.5249739854318418
0.477,0.5010679091365996,0.014268951137396676,0.44233142857142865,0.549802448979592,0.48009142857142856,0.5199036734693877,0.4893044897959184,0.5249739854318418
0.4772,0.5012681608585161,0.014244199791782788,0.44184,0.5502873469387755,0.4821273469387755,0.5191918367346939,0.48955265306122453,0.5246097814776274
0.4774,0.5014830908846369,0.014128468633515447,0.442,0.5501240816326531,0.4835134693877551,0.518545306122449,0.4900538775510205,0.5246618106139438
0.4776,0.5015563804710229,0.014134651547982444,0.44141877551020403,0.5496440816326531,0.4853061224489796,0.5188767346938776,0.489170612244898,0.5249219562955255
0.4778,0.5015423027317066,0.014134098526332845,0.4403526530612245,0.5491624489795919,0.4874220408163265,0.5183967346938776,0.4891020408163265,0.5248178980228927
0.478,0.5022256447719566,0.01376818978103007,0.4423836734693878,0.5484342857142857,0.4893665306122449,0.5179085714285715,0.48976653061224484,0.5254942767950052
0.4782,0.5027344571626777,0.013567064616079875,0.4430367346938775,0.5477044897959182,0.4897877551020408,0.5171787755102041,0.49237224489795917,0.5263267429760666
0.4784,0.5026495795904209,0.013459448476115347,0.44326857142857146,0.5466612244897959,0.49093387755102036,0.5171836734693877,0.49115918367346934,0.526690946930281
0.4786,0.5025287117302696,0.013487398822457346,0.4434432653061224,0.5470612244897959,0.4918432653061224,0.5161273469387756,0.48953795918367343,0.527159209157128
0.4788,0.5025897408453496,0.01364261582431986,0.4423836734693878,0.5472342857142858,0.4925746938775511,0.5158840816326531,0.4896261224489796,0.5278355879292402
0.479,0.5022680674184345,0.01358295301848143,0.4422351020408163,0.5469077551020408,0.4926563265306122,0.515309387755102,0.4893926530612244,0.5271071800208116
0.4792,0.502791897329171,0.013248797850064017,0.44476571428571426,0.5462563265306122,0.49339265306122443,0.5159461224489796,0.4889191836734693,0.5274713839750259
0.4794,0.5032516533939277,0.013129795501767662,0.446145306122449,0.5473159183673468,0.4939722448979591,0.5148914285714287,0.48955755102040815,0.5276274713839749
0.4796,0.5039526621220808,0.012864737767434662,0.4472865306122449,0.5468342857142856,0.49551183673469384,0.5144734693877551,0.49167020408163264,0.5279396462018731
0.4798,0.5044758914679296,0.012642795319845598,0.4483412244897959,0.546254693877551,0.49632979591836734,0.5148734693877551,0.4930644897959183,0.5279916753381894
0.48,0.5046112578309159,0.012660122847806144,0.44884081632653067,0.5471559183673469,0.4954367346938775,0.5142236734693878,0.4938106122448979,0.5281997918834548
0.4802,0.5048312967642832,0.01227073906336046,0.45120163265306124,0.5473975510204082,0.4962497959183674,0.5123428571428572,0.4946367346938776,0.527159209157128
0.4804,0.50462873990387,0.012324277232145658,0.45064653061224486,0.5473191836734694,0.4970710204081632,0.5114351020408163,0.49398530612244895,0.527315296566077
0.4806,0.5046952423425145,0.012279006735599134,0.4511379591836735,0.5475591836734695,0.49625795918367344,0.5114187755102041,0.4946383673469388,0.527159209157128
0.4808,0.5045405251049431,0.01208345779037401,0.45211591836734694,0.5465746938775511,0.4956979591836735,0.5101077551020408,0.4949632653061224,0.527783558792924
0.481,0.5045559118548564,0.012326955268089131,0.4509795918367347,0.5476244897959184,0.49594775510204075,0.5090514285714286,0.49537632653061225,0.5283558792924037
0.4812,0.5047491654809687,0.011919207795047366,0.4533469387755102,0.5460081632653062,0.4949795918367347,0.509614693877551,0.4958775510204081,0.5286680541103017
0.4814,0.5048038749318665,0.011857430919778873,0.45384816326530614,0.5462514285714286,0.49343673469387755,0.5092114285714285,0.4978236734693877,0.5282518210197711
0.4816,0.504677087784125,0.011897888136795272,0.45369142857142863,0.5464179591836734,0.49196897959183666,0.5093551020408162,0.4987934693877551,0.5278355879292403
0.4818,0.5053160916562254,0.011630585737061739,0.456210612244898,0.5464244897959183,0.4914008163265306,0.5101534693877551,0.49961142857142854,0.5280957336108221
0.482,0.5055475639746013,0.011310471491001664,0.4593061224489796,0.546262857142857,0.48946775510204077,0.5103934693877552,0.5000195918367346,0.5278355879292403
0.4822,0.5058463287250383,0.011502722009808326,0.4598922448979592,0.5475657142857142,0.48834448979591843,0.5108669387755101,0.49937632653061215,0.5290322580645161
0.4824,0.5058642159881642,0.011475965863519157,0.46184816326530614,0.5487085714285713,0.48663836734693877,0.5095608163265306,0.49929306122448985,0.5291363163371487
0.4826,0.5056971207713054,0.011412870527431064,0.462269387755102,0.5486285714285714,0.4865551020408163,0.5092359183673469,0.49872163265306113,0.5287721123829344
0.4828,0.5054868010221779,0.011690357472846757,0.4622857142857143,0.5500897959183673,0.48469061224489796,0.5089861224489797,0.49773224489795914,0.5291363163371487
0.483,0.5054539633460045,0.011801876628395085,0.46245551020408165,0.5508163265306123,0.48281142857142856,0.5092228571428572,0.4988016326530612,0.5286160249739854
0.4832,0.5052867962085978,0.01162775941458129,0.46358530612244897,0.5500946938775509,0.4820751020408163,0.5085616326530612,0.49904816326530604,0.5283558792924037
0.4834,0.505063538689149,0.011570834497059711,0.464648163265306,0.5500963265306122,0.4806955102040817,0.507018775510204,0.499774693877551,0.5281477627471384
0.4836,0.5048633540741999,0.011588146430718024,0.4653779591836734,0.5501714285714285,0.47865306122448975,0.5063526530612246,0.5009975510204082,0.527627471383975
0.4838,0.5047153580100093,0.01181114869711849,0.46562285714285717,0.551244081632653,0.4758971428571428,0.5066824489795918,0.502050612244898,0.5267950052029136
0.484,0.5043340927463597,0.011661514862760734,0.467004081632653,0.5502612244897959,0.4741142857142857,0.506189387755102,0.5023689795918368,0.5260665972944849
0.4842,0.5043975816007985,0.011756498987967686,0.46830693877551016,0.5508277551020407,0.47176,0.5064408163265306,0.5035036734693877,0.5255463059313215
0.4844,0.5046801540345588,0.011640742892134197,0.46895836734693874,0.5504963265306123,0.4717599999999999,0.5074122448979592,0.50448,0.5249739854318418
0.4846,0.5050394659757763,0.011698306576728858,0.47042448979591833,0.550494693877551,0.469810612244898,0.5089551020408163,0.5053697959183673,0.5251821019771071
0.4848,0.5052543552280433,0.011650337191529962,0.4718971428571429,0.5498465306122449,0.46802612244897956,0.5103346938775509,0.506915918367347,0.5245057232049948
0.485,0.5052866390593699,0.011336100766695676,0.4741044897959184,0.5489648979591838,0.4680130612244898,0.5101012244897959,0.5070710204081632,0.523465140478668
0.4852,0.5055213262828545,0.011149580397202182,0.4769469387755102,0.5498514285714285,0.46768,0.5099346938775511,0.5077991836734694,0.5209157127991675
0.4854,0.5058240347710364,0.010876533104544405,0.4795608163265307,0.5494497959183674,0.46801306122448977,0.5107559183673469,0.5068212244897958,0.5203433922996878
0.4856,0.5060802593670143,0.010814577345836754,0.480705306122449,0.5500130612244898,0.46802448979591843,0.511665306122449,0.5075510204081632,0.518522372528616
0.4858,0.5058863595885805,0.010750005832893502,0.4818448979591837,0.5500848979591837,0.4674481632653061,0.5120881632653062,0.5074628571428572,0.5163891779396461
0.486,0.5065171953817947,0.010955227895973706,0.4838057142857143,0.5510530612244897,0.46557551020408167,0.513635918367347,0.509164081632653,0.5158688865764829
0.4862,0.5068290476898356,0.011005644985235631,0.4859934693877551,0.5513028571428571,0.4643575510204082,0.5149436734693879,0.5089240816326531,0.5154526534859522
0.4864,0.506802551197378,0.011059947860604182,0.48901224489795914,0.551709387755102,0.4625795918367347,0.5147134693877551,0.5091689795918367,0.5136316337148804
0.4866,0.5071346989742828,0.011129435599481522,0.49056163265306124,0.5525257142857143,0.46218448979591836,0.5153730612244897,0.5095722448979593,0.5125910509885536
0.4868,0.5078388087805362,0.011069981141249125,0.49322285714285713,0.5529257142857142,0.4623624489795919,0.5162024489795918,0.5095722448979593,0.5127471383975026
0.487,0.508792140273383,0.010938261077447275,0.49606204081632654,0.5539967346938776,0.4638171428571429,0.5171902040816326,0.5107085714285715,0.5109781477627472
0.4872,0.5095274406620088,0.010764184995453906,0.4995461224489796,0.5549681632653061,0.46543346938775515,0.5173632653061224,0.5105404081632653,0.5093132154006244
0.4874,0.510095198737143,0.010910412272361657,0.4998579591836735,0.5562677551020409,0.4658432653061224,0.5194040816326531,0.5108734693877551,0.508324661810614
0.4876,0.5100428207578557,0.010845702701118794,0.49977142857142864,0.5561877551020407,0.46649632653061224,0.5198318367346939,0.510633469387755,0.5073361082206036
0.4878,0.5107927790637586,0.01106229855339519,0.5025338775510204,0.5579820408163265,0.46642122448979595,0.5215559183673469,0.5105404081632654,0.5057232049947971
0.488,0.511123509949245,0.011363643247756069,0.5034971428571429,0.5601861224489796,0.4663379591836735,0.5225420408163265,0.5098073469387755,0.5043704474505724
0.4882,0.5114782535199303,0.01120393734328896,0.5054269387755103,0.559934693877551,0.4682106122448979,0.5244195918367347,0.5087444897959184,0.5021331945889698
0.4884,0.5116533429604933,0.011043121928833319,0.5071281632653062,0.5596914285714285,0.46927673469387754,0.5240163265306121,0.5082465306122449,0.5015608740894901
0.4886,0.5128171272837959,0.011006677365026342,0.5087510204081633,0.5613991836734693,0.4721991836734693,0.5255771428571427,0.5085599999999999,0.5004162330905307
0.4888,0.5140493284348078,0.010781261761643728,0.5097991836734693,0.5625289795918367,0.47579265306122454,0.5263036734693879,0.5091951020408164,0.5006763787721124
0.489,0.5147573819788062,0.010693627106885508,0.5105240816326531,0.5639934693877551,0.47945142857142853,0.526806530612245,0.5087053061224489,0.4990634755463059
0.4892,0.5155311468354251,0.010523429157689028,0.512305306122449,0.5647134693877551,0.48246204081632654,0.5266579591836734,0.5086089795918367,0.4984391259105099
0.4894,0.5167451634139608,0.010443491668222924,0.5132718367346939,0.5659314285714286,0.48603755102040813,0.5281257142857143,0.5096538775510204,0.49745057232049944
0.4896,0.5177743617405339,0.010557381955114003,0.5155395918367347,0.5678106122448979,0.4883951020408164,0.5285404081632653,0.5102106122448979,0.49614984391259104
0.4898,0.518682076068721,0.010725088277498965,0.5171526530612245,0.5699183673469388,0.49059102040816327,0.5290432653061224,0.5099657142857142,0.49542143600416233
0.49,0.5193232423708296,0.010963234104680138,0.5201534693877551,0.5716277551020408,0.4933648979591837,0.5296995918367348,0.5077534693877551,0.4933402705515088
0.4902,0.520387398897124,0.011109016118328279,0.5227493877551022,0.5727673469387756,0.4954057142857143,0.531330612244898,0.5078236734693877,0.49224765868886583
0.4904,0.5210932755703738,0.011717400942461998,0.5233061224489797,0.5765746938775509,0.49712163265306125,0.5327265306122448,0.5061959183673469,0.49063475546305935
0.4906,0.5213753757069945,0.01179851873179837,0.5242938775510204,0.5772228571428571,0.4998857142857143,0.5329012244897958,0.5039902040816326,0.4899583766909469
0.4908,0.5219240190561135,0.011943699527991061,0.5250955102040816,0.5790938775510204,0.5022351020408162,0.5318465306122448,0.5034187755102041,0.4898543184183143
0.491,0.5225448335421577,0.012282497616420375,0.5269387755102042,0.5807967346938775,0.5036179591836735,0.5325746938775511,0.5032555102040817,0.48808532778355873
0.4912,0.5229316703830336,0.01247443884036781,0.5278285714285714,0.5814481632653061,0.5055706122448981,0.533469387755102,0.5030089795918368,0.486264308012487
0.4914,0.5236141505093191,0.012832095829871926,0.5301730612244897,0.5834710204081632,0.5063918367346939,0.5337110204081632,0.5025061224489795,0.4854318418314255
0.4916,0.5248827627117444,0.013168854673335504,0.5317844897959183,0.5865485714285714,0.5087493877551019,0.534444081632653,0.5016097959183673,0.48616024973985433
0.4918,0.5251880592070335,0.013565576437109489,0.5327461224489796,0.5881746938775511,0.5102122448979591,0.5352555102040816,0.5001404081632652,0.4845993756503642
0.492,0.5254981661676117,0.013786979576058104,0.5346171428571429,0.5893861224489795,0.5123967346938776,0.5336342857142857,0.49939591836734687,0.4835587929240375
0.4922,0.5259681292870947,0.01389212882988764,0.5363265306122449,0.589541224489796,0.5137012244897959,0.5342040816326531,0.49930938775510203,0.48272632674297605
0.4924,0.5262513178590895,0.014245926411371014,0.5357616326530612,0.5914922448979592,0.5163918367346938,0.5345371428571429,0.49727510204081626,0.4820499479708637
0.4926,0.5262879602454925,0.01445995259065015,0.5364816326530613,0.5921387755102041,0.5170351020408164,0.5347983673469388,0.49548408163265306,0.481789802289282
0.4928,0.5261613888593939,0.014730419505189859,0.5364767346938776,0.5931885714285714,0.5180114285714285,0.5343853061224489,0.49384489795918374,0.48106139438085327
0.493,0.5261369505970963,0.014983796025733503,0.5364718367346939,0.5948995918367348,0.5187526530612245,0.5327526530612244,0.4933518367346939,0.48059313215400623
0.4932,0.5253679098444789,0.015125014783705489,0.5358938775510205,0.5948065306122448,0.5188310204081632,0.531294693877551,0.4918808163265306,0.47950052029136314
0.4934,0.525582208159018,0.015052379340622302,0.5370971428571428,0.5939134693877551,0.5194122448979591,0.5321028571428571,0.4908946938775511,0.48007284079084284
0.4936,0.5256710079494857,0.014935099825088246,0.5366710204081633,0.5930155102040816,0.5214399999999999,0.5323346938775511,0.4902318367346939,0.4803329864724245
0.4938,0.5254614997133088,0.015139770694035718,0.5367493877551021,0.5941502040816327,0.5223297959183674,0.5302089795918368,0.48941387755102034,0.4799167533818938
0.494,0.5248827038161779,0.015256911288894798,0.5359314285714285,0.5943967346938775,0.5227363265306122,0.5285730612244899,0.48810612244897966,0.4795525494276795
0.4942,0.5245370177040639,0.015442940447273321,0.5354285714285714,0.5949714285714286,0.5228081632653062,0.5282334693877551,0.4860718367346938,0.4797086368366285
0.4944,0.524134204308154,0.015466556844293607,0.5350955102040816,0.5944816326530613,0.5238563265306123,0.5270024489795919,0.4849208163265306,0.4794484911550468
0.4946,0.5238226912159244,0.015411189574625506,0.5359902040816327,0.5932604081632653,0.5232848979591836,0.5270791836734693,0.48434122448979594,0.47898022892819975
0.4948,0.5230931985530946,0.015458045164406077,0.535570612244898,0.5922791836734694,0.5241714285714285,0.5256930612244897,0.4826971428571428,0.4781477627471384
0.495,0.5223598652197612,0.015412093156172738,0.5363004081632654,0.590749387755102,0.5241681632653061,0.5238987755102041,0.480894693877551,0.4781477627471384
0.4952,0.5216026174548903,0.01535868756456867,0.5350563265306122,0.5898563265306123,0.5235102040816326,0.5233175510204082,0.48056,0.47731529656607696
0.4954,0.5211131859528411,0.015267380437379073,0.5347248979591837,0.5892,0.5225306122448979,0.5224130612244898,0.4802351020408163,0.4775754422476587
0.4956,0.520192636921574,0.015312487309640807,0.5338171428571428,0.5887983673469388,0.5218759183673469,0.5204489795918368,0.4794204081632653,0.4767950052029136
0.4958,0.5199611646031982,0.015228630881018406,0.5338938775510205,0.5880685714285715,0.5230138775510205,0.5185648979591837,0.47917061224489793,0.4770551508844953
0.496,0.5195886631697424,0.015277481172793468,0.5340473469387754,0.5874204081632654,0.5230938775510203,0.5183820408163266,0.4779493877551021,0.4766389177939646
0.4962,0.5190740645727594,0.015290047005580284,0.5333159183673469,0.5871820408163264,0.5224440816326531,0.5177306122448979,0.47786122448979584,0.47591050988553596
0.4964,0.5182550481004057,0.015386956013928494,0.5330612244897959,0.5868636734693877,0.5215395918367347,0.5161763265306123,0.4768114285714285,0.4750780437044745
0.4966,0.5176213425640807,0.01527519736309055,0.53232,0.5863069387755102,0.5205551020408163,0.5142987755102041,0.4772212244897959,0.47502601456815813
0.4968,0.5172723036519499,0.01530111385799114,0.5316620408163265,0.5867151020408163,0.5200734693877551,0.5127379591836735,0.4767428571428572,0.47570239334027054
0.497,0.5167179352573497,0.01501265013511755,0.5309355102040817,0.5855836734693878,0.518290612244898,0.5112685714285715,0.4772261224489796,0.47700312174817894
0.4972,0.5161350781144924,0.015137287725100148,0.5306873469387756,0.5858236734693877,0.5173191836734694,0.5099657142857142,0.4760114285714286,0.47700312174817905
0.4974,0.5157912200301557,0.015060703384118362,0.5301191836734694,0.5855085714285714,0.5164261224489796,0.5093077551020408,0.4769028571428572,0.4764828303850156
0.4976,0.5156154221438836,0.014899591508677574,0.5302024489795919,0.5851085714285713,0.5147183673469388,0.5085714285714286,0.47819265306122444,0.4768990634755463
0.4978,0.5151085037553003,0.01463487053030946,0.5305257142857143,0.5833289795918366,0.5135902040816326,0.5071853061224489,0.4787575510204082,0.47726326742976066
0.498,0.5145676592551692,0.014499428324925314,0.5308555102040817,0.582197551020408,0.512210612244898,0.505709387755102,0.47932571428571424,0.4771071800208116
0.4982,0.5135006641324583,0.014372517446799649,0.529795918367347,0.5805812244897959,0.5116408163265306,0.503673469387755,0.47851755102040805,0.4767950052029136
0.4984,0.5128960178951913,0.01406016515027584,0.5285632653061224,0.5791330612244897,0.5099330612244899,0.5026889795918368,0.4806269387755102,0.47643080124869924
0.4986,0.5130844406690876,0.013817630313513967,0.5291297959183673,0.5776832653061225,0.5104979591836735,0.5030808163265307,0.48225632653061223,0.47585848074921955
0.4988,0.5127584542745297,0.013833288615172112,0.5283069387755102,0.5777795918367348,0.5096081632653061,0.5031526530612245,0.4818448979591837,0.47585848074921955
0.499,0.5126405436513836,0.013678930731262414,0.527004081632653,0.5772963265306121,0.5099412244897958,0.503214693877551,0.48200816326530616,0.4763787721123829
0.4992,0.5123666427403427,0.013490326945062091,0.5265257142857143,0.5762432653061225,0.5096163265306123,0.5027951020408163,0.48201632653061227,0.47700312174817905
0.4994,0.512090688412722,0.013226332997212474,0.5257942857142857,0.5751134693877551,0.5083951020408163,0.5024489795918368,0.4837371428571428,0.4770551508844953
0.4996,0.51210001203395,0.013070419868766248,0.5253061224489797,0.5745567346938776,0.5067657142857144,0.5043118367346938,0.4847085714285714,0.4769510926118626
0.4998,0.5120033462875264,0.012799483559649227,0.5256244897959184,0.5729436734693877,0.5058661224489795,0.5050399999999999,0.4847102040816327,0.47783558792924036
0.5,0.5119400528078036,0.012670956582102235,0.5249044897959184,0.5722220408163265,0.5065991836734693,0.5053551020408162,0.48488,0.47767950052029134
