time,mean_auc,sem_auc,sub-102,sub-104,sub-105,sub-106,sub-107
-0.1,0.4994454014057091,0.030433024789317482,0.5928356328852324,0.41643405864135463,0.5072881235827664,0.4298611111111111,0.5508080808080807
-0.0998,0.4987299686437853,0.030704783138589986,0.5933867380479068,0.4159795680328199,0.508312074829932,0.42699652777777786,0.5489749345304901
-0.0996,0.49811095742290395,0.03097024062391438,0.5937469246363691,0.4158086312995214,0.508829365079365,0.42421875,0.5479511160992642
-0.0994,0.49753543022668784,0.03110890469150579,0.5945775188458283,0.4163757390499939,0.509592899659864,0.4217013888888889,0.5454296046888639
-0.0992,0.49668161383882037,0.03135034612424596,0.5945676776822092,0.4158126533403049,0.5100180697278911,0.4190104166666667,0.5439992517770296
-0.099,0.4961090961158933,0.03148193291655541,0.5943787273407208,0.41535615171137835,0.5105389030612245,0.41736111111111107,0.5429105873550318
-0.0988,0.49572782839058566,0.03148732266219061,0.5939142244178953,0.4152736998753167,0.5113148384353742,0.41631944444444435,0.5418169347798978
-0.0986,0.49486685678247166,0.031539865250913277,0.5930915031393311,0.41426416763865986,0.5136373299319728,0.4145833333333334,0.5387579498690609
-0.0984,0.49446573761721185,0.031542075694909466,0.5929911232704155,0.4146321843703495,0.5145691609977324,0.41328125,0.5368549694475621
-0.0982,0.4945413088268137,0.031529677707012045,0.5935304190367469,0.4162128463982625,0.5158375850340136,0.4119791666666667,0.5351465269983787
-0.098,0.49344588542291684,0.03159271400215364,0.5916842167417874,0.4152938100792342,0.5163353883219954,0.4097222222222222,0.5341937897493453
-0.0978,0.49294527387151055,0.031717716564641736,0.5905879111146103,0.4146502835538752,0.5188952664399092,0.40789930555555554,0.5326936026936027
-0.0976,0.492388417183936,0.0315657521294668,0.590312358533273,0.4159594578289023,0.5184612386621315,0.4066840277777778,0.5305250031175957
-0.0974,0.4911527587476373,0.03169854478061304,0.5893951620839648,0.41502835538752364,0.5187907454648526,0.40434027777777776,0.5282092530240678
-0.0972,0.4901505925643093,0.03188404598347112,0.5891176412699037,0.41521739130434787,0.5185232426303854,0.4013888888888889,0.5265057987280211
-0.097,0.4899462323985846,0.03163173607455301,0.5882850788277205,0.4159695129308612,0.519719033446712,0.4015625,0.5241950367876294
-0.0968,0.4895431659377393,0.03150437481401398,0.5870096640226741,0.4171761251659092,0.5204790249433107,0.40008680555555554,0.5229642100012469
-0.0966,0.4891486323927669,0.03149642435399364,0.5869092841537584,0.4171620480231669,0.521593324829932,0.3995659722222221,0.5205125327347548
-0.0964,0.4883326040747583,0.031415817735678184,0.5864546223945519,0.4167879982303021,0.521844883786848,0.39913194444444444,0.5174435715176455
-0.0962,0.4880110887568268,0.031328958733287726,0.5862735449839589,0.4178196516912681,0.521938775510204,0.3983506944444444,0.5156727771542586
-0.096,0.48766106155201355,0.030983416818189002,0.5847028952703367,0.41968990065559264,0.5228652919501133,0.39782986111111107,0.5132173587729143
-0.0958,0.48645585207719505,0.030809630506401887,0.5833093865018599,0.42006193942806586,0.5227767148526077,0.3965277777777777,0.5096034418256641
-0.0956,0.4862530232492096,0.03063545896019633,0.5824669828960577,0.4220086071672767,0.5243197278911564,0.3956597222222222,0.5068100760693353
-0.0954,0.4856331268797695,0.03047484634357431,0.5810813470584761,0.42220367614527615,0.523984906462585,0.3950520833333333,0.5058436213991769
-0.0952,0.48467360517846403,0.03044133894211703,0.5793315881669849,0.42286329083376906,0.5242453231292517,0.39279513888888884,0.5041326848734256
-0.095,0.48464376444125196,0.030247261564143417,0.5789576239494558,0.4243594900052286,0.5244029903628117,0.3927951388888889,0.5027035789998753
-0.0948,0.4833973977789629,0.029999057685433147,0.578495089259354,0.42445400796364074,0.5209839143990929,0.3924479166666667,0.5006060606060607
-0.0946,0.48324215326857073,0.02970168338868609,0.5783041706851417,0.42500301653058764,0.5198713860544217,0.3936631944444444,0.499368998628258
-0.0944,0.4829504557859763,0.029594087100140876,0.577733383195229,0.4262961026424808,0.5202930130385488,0.39296875,0.49746103005362263
-0.0942,0.48258985141058475,0.029658017473055024,0.5783750270632,0.425548003056751,0.5200432256235827,0.39322916666666663,0.4957538346427235
-0.094,0.481448735023329,0.029483341163585194,0.5767138386442813,0.42573502795318346,0.5191787131519274,0.39210069444444445,0.4935154009228083
-0.0938,0.4815556749258555,0.029586194094381967,0.5777176373334382,0.42628403652013036,0.5193505527210884,0.3919270833333333,0.492499064721287
-0.0936,0.4811363172668817,0.02949229924569576,0.5770582793709529,0.4267465712102321,0.5178801729024943,0.39114583333333336,0.4928507295173962
-0.0934,0.48034347989936627,0.029344892794856043,0.5762296533942173,0.4268250010055102,0.5166028911564625,0.3907118055555555,0.49134804838508545
-0.0932,0.47939794468061053,0.02934050554530027,0.575387249788415,0.42599042754293526,0.5164239654195011,0.3900173611111111,0.4891707195410899
-0.093,0.479127897322808,0.029148844076988843,0.5747416694549965,0.42627197039777986,0.5166046626984129,0.39062499999999994,0.4873961840628508
-0.0928,0.4788015335236473,0.028860411085854916,0.5743499911429526,0.42654949121184094,0.5153202947845804,0.39175347222222223,0.4860344182566405
-0.0926,0.4784955064594354,0.028692313195197355,0.5740724703288916,0.4274846156940032,0.5153043509070295,0.39210069444444445,0.4835154009228083
-0.0924,0.4787390886255921,0.028521497567806246,0.5742515795067609,0.4282105940554238,0.5154868197278911,0.39331597222222225,0.48243047761566277
-0.0922,0.47841715989121364,0.028378600947021552,0.5733265101265574,0.4279230181394039,0.5162592120181406,0.3939236111111111,0.48065344806085547
-0.092,0.4783033236438977,0.028215974795539285,0.5730352116834294,0.42754695732614734,0.5159846230158729,0.39505208333333336,0.4798977428607058
-0.0918,0.47804986400872335,0.028349740116854906,0.5729328635817899,0.4279049189558782,0.516749929138322,0.39392361111111107,0.4787379972565158
-0.0916,0.4780802230824589,0.028244660717411912,0.5741098667506446,0.4288219442545147,0.5158712443310658,0.39522569444444444,0.4763723656316249
-0.0914,0.4782260326442822,0.02825211917968873,0.5751176019052493,0.42947351486144064,0.5150102749433106,0.3955729166666666,0.4759558548447437
-0.0912,0.4784372579599858,0.028489235743537906,0.5773279272541185,0.42888830792744237,0.5142414257369614,0.39618055555555554,0.47554807332585114
-0.091,0.47840464205635236,0.02834244889170766,0.5773298954868424,0.4297067932268833,0.5135576105442177,0.3967013888888889,0.4747275221349295
-0.0908,0.47860443028546407,0.027910853867668062,0.5753911862538625,0.4303523307726341,0.5145797902494331,0.3981770833333333,0.4745217608180571
-0.0906,0.47887827502708624,0.027622425540908917,0.5748499222548074,0.4316353617825685,0.5149252409297052,0.39947916666666666,0.47350168350168353
-0.0904,0.4788951869413192,0.0275347938656285,0.5748499222548074,0.4322628001447935,0.5144132653061224,0.39965277777777775,0.47329716922309506
-0.0902,0.4794171971763362,0.027136255389120654,0.5736532367587144,0.43392993604955155,0.5145709325396826,0.40069444444444446,0.4742374360892879
-0.09,0.47896179858859284,0.027033530795003376,0.5734662546499498,0.433831396050356,0.5132139314058957,0.40086805555555555,0.4734293552812071
-0.0898,0.4790035302571364,0.027005677341038658,0.5739130434782609,0.43307525238305916,0.5124486252834467,0.4017361111111112,0.4738446190298042
-0.0896,0.47967405494037496,0.027247163526426685,0.5755722636644557,0.4335377870731609,0.5134654903628119,0.4018229166666666,0.47397181693477985
-0.0894,0.47924736422404274,0.02748582229125215,0.5762178439978742,0.43195913606563974,0.5128702522675738,0.40121527777777777,0.473974311011348
-0.0892,0.4797310523184013,0.02744957811691399,0.5764067943393627,0.43444676829023043,0.513375141723356,0.4005208333333333,0.4739057239057239
-0.089,0.48006242387187203,0.027553155231382694,0.5771488180762493,0.4334131038088726,0.514046556122449,0.40138888888888885,0.47431475246290056
-0.0888,0.4806632796529671,0.027441205851656224,0.5769657724329325,0.4341390821702932,0.5154956774376418,0.40234375,0.47437211622396813
-0.0886,0.4803921112699661,0.027398898530837337,0.5758734032712027,0.4337610103366448,0.5160076530612245,0.4018229166666667,0.4744955730140915
-0.0884,0.4801344360746519,0.02721717018303649,0.573863837660165,0.43376704339782013,0.517375283446712,0.40164930555555556,0.4740167103130067
-0.0882,0.4801989220115425,0.027057196983571705,0.5724014407463539,0.43338897156417167,0.5183212868480725,0.4019097222222222,0.47497318867689237
-0.088,0.4810251717471363,0.026968052412017024,0.5726986438876532,0.4352411213449705,0.5192531179138322,0.40234375,0.4755892255892256
-0.0878,0.48097159945419554,0.026931962681881444,0.5724388371681068,0.4350601295097132,0.5190706490929705,0.40234375,0.4759446315001871
-0.0876,0.4812034088135997,0.026815800191826694,0.571336626842758,0.43440855890278723,0.5205250850340135,0.403125,0.47662177328843985
-0.0874,0.48146569073149126,0.026529772426908307,0.569870293463499,0.433950046253469,0.5208545918367345,0.40425347222222224,0.47840004988153134
-0.0872,0.4824954384225603,0.026392770432549697,0.5705217784950893,0.4349696335920846,0.5217793367346938,0.4059895833333333,0.47921685995760066
-0.087,0.4823679085422648,0.026523838540106686,0.5703426693172201,0.43292844789446167,0.5227147108843536,0.4064236111111111,0.47943010350417764
-0.0868,0.4829737808251334,0.026182292679697444,0.5695317574349991,0.43431202992398343,0.5226208191609977,0.40746527777777775,0.4809390198279087
-0.0866,0.4836937632207895,0.026102567976505307,0.5695238845041037,0.43552869726099014,0.5232071995464852,0.40763888888888894,0.4825701459034792
-0.0864,0.48376037328146976,0.0257299185562413,0.5676914598382112,0.43561919317861886,0.5236359126984127,0.40894097222222225,0.48291432846988397
-0.0862,0.48451004428892996,0.025868348122468677,0.5680713287539118,0.43561718215822715,0.5249096513605442,0.40885416666666663,0.4850978925052999
-0.086,0.4845306862776404,0.025748944960831972,0.5672545121735195,0.43580420705465955,0.5248919359410431,0.40885416666666663,0.48584860955231324
-0.0858,0.4848305686122007,0.02561801935245257,0.566630582400063,0.4359851988899167,0.5252285289115648,0.409375,0.48693353285945873
-0.0856,0.48544335830651153,0.02521145195716014,0.5654437380675892,0.4378433817318908,0.5256501558956916,0.41059027777777785,0.4876892380596084
-0.0854,0.4854822953103118,0.02471810790300005,0.5630641447044699,0.43810682540320955,0.526155045351474,0.41232638888888895,0.48775907220351666
-0.0852,0.48572593335655256,0.02433512952919943,0.5607691853484756,0.43736878091943854,0.5267609126984127,0.4140625,0.4896682878164359
-0.085,0.48689773699055455,0.024053249132378135,0.5597673548920425,0.4385794151952701,0.5287999574829932,0.4158854166666667,0.4914565407158
-0.0848,0.48770856704702614,0.023770220066372093,0.5587714291337809,0.4399770743675341,0.5304953231292517,0.4173611111111112,0.49193789749345307
-0.0846,0.48849081937149225,0.023576200878587146,0.5577755033755192,0.44090817680891287,0.5323607568027211,0.4185763888888888,0.49283327098141905
-0.0844,0.4890092829941487,0.02328876898338712,0.5557659377644812,0.4410107388488919,0.5340667517006803,0.42013888888888884,0.4940640977678014
-0.0842,0.48868495339225,0.022878421665937624,0.5528372074714115,0.4410207939508507,0.5333829365079366,0.42048611111111117,0.4956977179199401
-0.084,0.4882417204590845,0.022667680869142757,0.5498002243785305,0.44037525640509995,0.5339746315192744,0.42039930555555555,0.4966591844369622
-0.0838,0.48858176662133274,0.022202993333966452,0.5476135178223472,0.4412078188472831,0.5342261904761906,0.4220486111111111,0.49781269484973195
-0.0836,0.4894226111366075,0.021818495235423632,0.545499635876946,0.4432449825041226,0.5355991354875284,0.4231770833333333,0.49959221848110735
-0.0834,0.48921669267759826,0.021393084863108137,0.5428346487688704,0.4432610706672565,0.5361111111111111,0.4247395833333334,0.49913704950741994
-0.0832,0.4898340702254217,0.020765756849158813,0.5393489086149547,0.44475525881832445,0.5371386054421768,0.4270833333333333,0.500844244918319
-0.083,0.4903775970750413,0.020203429832683292,0.5353986655382131,0.4462434139082171,0.5389260912698413,0.4292534722222222,0.5020663424367128
-0.0828,0.49129009587849604,0.019581144693977696,0.5330859920877045,0.4481036077705828,0.5401094812925171,0.43246527777777777,0.5026861204638982
-0.0826,0.491846373900238,0.019173105450095373,0.5306945893282422,0.44894421429433284,0.5412220096371883,0.43472222222222223,0.5036488340192044
-0.0824,0.4920298160714074,0.019030700718961673,0.5286653413899659,0.44848167960423124,0.5423504818594104,0.43611111111111106,0.5045404663923182
-0.0822,0.49244810343340495,0.01885084089078231,0.52689786840396,0.44950126694284676,0.5433797477324264,0.43689236111111107,0.5055692729766804
-0.082,0.4926416262936897,0.01857248994402527,0.5228511819237507,0.4498853718376704,0.5454400510204082,0.43871527777777775,0.5063162489088415
-0.0818,0.49283968894723473,0.0181047693211368,0.5194599169405791,0.45155854080360375,0.5463754251700681,0.4405381944444445,0.5062663673774784
-0.0816,0.49284739758895124,0.017643970351687126,0.5170763871120122,0.4525841612033947,0.545264668367347,0.44175347222222217,0.5075582990397806
-0.0814,0.493383420786245,0.017197024746877235,0.5148680299958667,0.45509592567268636,0.5456880668934241,0.4432291666666666,0.5080359147025814
-0.0812,0.4937843503971818,0.01684789440100775,0.512106599484323,0.45713912239070104,0.5465419501133788,0.4446180555555556,0.5085160244419504
-0.081,0.494474819468515,0.016599616811442133,0.509626626252288,0.45891083135583,0.5475588151927437,0.4461805555555555,0.5100972689861579
-0.0808,0.49478425802006853,0.01626141578161097,0.5086011770031689,0.460133531754012,0.5474684665532881,0.44774305555555555,0.5099750592343184
-0.0806,0.49513018206935094,0.016157184196670643,0.5082291810183637,0.4606141656276395,0.5479804421768708,0.4487847222222222,0.5100423993016586
-0.0804,0.4958096283736996,0.0160031260292145,0.507487157281477,0.46190524071914085,0.5485845379818595,0.45,0.5110712058860207
-0.0802,0.4965076221395382,0.015984164400546837,0.5082272127856398,0.46358645376664115,0.5493569302721089,0.4500868055555555,0.5112807083177453
-0.08,0.49697666683955666,0.015976753951148885,0.5082331174838114,0.4645256002895869,0.5495287698412699,0.4500868055555555,0.5125090410275595
-0.0798,0.4977287214941545,0.015891108258767193,0.507957564902474,0.4669428468004666,0.550655470521542,0.45043402777777775,0.5126536974685122
-0.0796,0.4983653350754226,0.015736877579897772,0.5077823921900526,0.4689659333145638,0.5511709892290249,0.4510416666666666,0.512865693976805
-0.0794,0.49866842132492256,0.015550092527811732,0.507317889267227,0.46980452881792223,0.5512507086167802,0.4520833333333334,0.5128856465893502
-0.0792,0.49923536506131505,0.015423007326439125,0.5090755210896136,0.47026907452841576,0.5511727607709751,0.4530381944444445,0.5126212744731263
-0.079,0.499771617723367,0.015199893068836802,0.5076879170193084,0.47138116880505176,0.5521205357142857,0.45503472222222224,0.512633744855967
-0.0788,0.500041248738335,0.01505246534550886,0.5071505894857008,0.4718457145155452,0.5525598781179137,0.45633680555555556,0.5123132560169597
-0.0786,0.5010314674764691,0.01521780834028065,0.5093648513000177,0.47213329043156493,0.5541064342403629,0.45703125,0.5125215114104003
-0.0784,0.5017437624981911,0.014934060046468155,0.5103843958509655,0.47352290552226195,0.5540267148526077,0.45859375,0.5121910462651204
-0.0782,0.5020974646230785,0.015058859388966582,0.5117601905249277,0.47416643204762093,0.5549815759637189,0.4583333333333333,0.5112457912457912
-0.078,0.5027186227577711,0.014846638988333757,0.5135001082527999,0.4759421630535334,0.5544731434240362,0.45876736111111105,0.510910337947375
-0.0778,0.5028952177577491,0.014831040641023007,0.5136811856633928,0.4763162128463983,0.5545670351473924,0.4588541666666667,0.5110574884648958
-0.0776,0.503214080573964,0.014662595191061818,0.5132147145078434,0.47819249487189797,0.55421981292517,0.45876736111111116,0.5116760194537973
-0.0774,0.504108969822669,0.014668315924297619,0.5166276300509771,0.47855246752202063,0.5538708191609978,0.4591145833333333,0.5123793490460157
-0.0772,0.504701404358699,0.01464763882656516,0.5189265258724192,0.48003660057112973,0.5538849914965986,0.45902777777777776,0.5116311260755705
-0.077,0.5046474512377789,0.014313425796420923,0.5200326726632157,0.48106423199131243,0.5516652494331067,0.4591145833333334,0.5113605187679261
-0.0768,0.5043318130740158,0.014297237991301401,0.5211289782903931,0.48161927361943446,0.5505598072562358,0.4580729166666666,0.5102780895373489
-0.0766,0.5046121106766746,0.014730375028241196,0.5245143385753932,0.48071632546354026,0.5507281037414966,0.4566840277777778,0.5104177578251652
-0.0764,0.5042636769172916,0.014539919693621192,0.5238648217765268,0.48128544423440456,0.5495287698412697,0.4564236111111112,0.5102157376231451
-0.0762,0.5049064376356718,0.014832491310431727,0.527358434861338,0.4810823311748381,0.5503791099773243,0.4565104166666667,0.5092018954981918
-0.076,0.5054563004534005,0.014822348653553044,0.5293876827996142,0.48322406789204847,0.5496935232426303,0.45590277777777766,0.5090734505549321
-0.0758,0.5057090363696369,0.014894711477087237,0.5315861987521405,0.4832361340143989,0.548859126984127,0.45572916666666663,0.5091345554308517
-0.0756,0.5058962105877588,0.01478787001661656,0.5335032574251579,0.484259743393798,0.5471531320861678,0.45564236111111117,0.508922558922559
-0.0754,0.5055120240014562,0.014935116899843512,0.535703741610408,0.4851908458351768,0.5454471371882086,0.4539930555555555,0.5072253398179324
-0.0752,0.5064214353510315,0.014854258769349635,0.5386482177652686,0.4860374854201021,0.5440777352607709,0.45503472222222224,0.5083090160867939
-0.075,0.5065014675148023,0.015002930990102699,0.5401125829118035,0.48650203113059565,0.5435763888888889,0.45434027777777775,0.5079760568649456
-0.0748,0.5065372849435328,0.015331598434559073,0.5432322317790855,0.4864296343964928,0.5427260487528345,0.4534722222222222,0.5068262875670284
-0.0746,0.5066404398390272,0.015312631602676416,0.5454504300588501,0.4865382294976472,0.5405860260770975,0.45373263888888893,0.5068948746726525
-0.0744,0.5059422173806818,0.015541986968003475,0.546940382230795,0.4852491654265375,0.5382936507936508,0.4522569444444445,0.506970944007981
-0.0742,0.5059535857969263,0.015931775715821665,0.5485838565551991,0.483863572376624,0.537873795351474,0.4510416666666667,0.5084050380346676
-0.074,0.5055234291478637,0.01610624940025885,0.5502430767413939,0.4850842617544142,0.5354042658730158,0.44921875,0.5076667913704951
-0.0738,0.5055575046215788,0.01631808381011102,0.5522585470506034,0.48536379358886705,0.5340401785714286,0.44852430555555556,0.5076006983414392
-0.0736,0.5052006219106813,0.016668158075639976,0.5534631054775917,0.4849937658367856,0.5335282029478459,0.446875,0.5071430352911834
-0.0734,0.5052436769574108,0.01679347648998743,0.5539157990040742,0.4847263001246832,0.533266014739229,0.4463541666666667,0.5079561042524006
-0.0732,0.505358046671995,0.0169406811846302,0.5558348259098155,0.4844467682902304,0.5326654620181406,0.44670138888888894,0.5071417882528995
-0.073,0.5054063445366116,0.017313380228247674,0.557753852815557,0.4846498813497969,0.5328390731292517,0.4456597222222222,0.5061291931662302
-0.0728,0.5051781371887906,0.017278155769618875,0.5588619678390774,0.48408880666049947,0.5313810941043084,0.44644097222222223,0.5051178451178451
-0.0726,0.5049985215906286,0.017528357855174453,0.5600527486369988,0.4838253629891808,0.52984516723356,0.44513888888888886,0.5061304402045143
-0.0724,0.505225040235418,0.017691553834480706,0.561889109768339,0.48531552909946507,0.5280700821995465,0.4444444444444445,0.5064060356652949
-0.0722,0.5043748351630498,0.01784154243181845,0.5612494341330919,0.4852190001206612,0.5276626275510204,0.44262152777777775,0.5051215862326973
-0.072,0.5037601828019392,0.017852649338227545,0.5605113468616529,0.4861460805212564,0.5264721513605443,0.44114583333333324,0.5045255019329093
-0.0718,0.5032045705120074,0.01776468280853949,0.5600488121715511,0.4860555846036279,0.5253684807256235,0.4409722222222222,0.503577752837012
-0.0716,0.5031135903642163,0.017822461909932887,0.560509378628929,0.48680770623014114,0.5246811224489796,0.4405381944444445,0.5030315500685871
-0.0714,0.5027952905457336,0.017957421158967386,0.5604070305272895,0.48569963399428867,0.5243463010204081,0.43967013888888884,0.5038533482977927
-0.0712,0.5021792763172572,0.017937727684990492,0.5612395929694726,0.4862566866428025,0.5205800028344671,0.43923611111111116,0.5035839880284325
-0.071,0.5016141582966377,0.01797673397592072,0.5602987777274786,0.48642762337610107,0.5202416383219954,0.4379340277777778,0.5031687242798354
-0.0708,0.5012794113943164,0.018153447349398097,0.5612159741767867,0.4860575956240196,0.5185338718820862,0.4371527777777778,0.5034368375109116
-0.0706,0.5018400284742601,0.018043409798557578,0.5616686677032693,0.4864215903149258,0.5184452947845806,0.43828125,0.5043833395685248
-0.0704,0.501329596835592,0.01809832111367566,0.5610230873698507,0.48595302256364875,0.5177721088435374,0.4372395833333333,0.5046601820675894
-0.0702,0.5013689185690244,0.01837062213472734,0.5621292341606472,0.486968587861481,0.516500141723356,0.43585069444444446,0.505395934655194
-0.07,0.5010490620442462,0.018831858337259855,0.563135001082528,0.48650404215098747,0.5160678854875284,0.43359375,0.5059446315001871
-0.0698,0.5008033127325164,0.019216272642010788,0.5646918731670834,0.48715963479869684,0.5134956065759637,0.4317708333333333,0.5068986157875047
-0.0696,0.5001122724082163,0.019651832799292536,0.5656956718562404,0.48641354623335875,0.512639951814059,0.4296006944444445,0.5062114976929792
-0.0694,0.49979979229716565,0.019631090189524848,0.5658787174995571,0.4861299923581225,0.5119596797052155,0.4297743055555555,0.5052562663673774
-0.0692,0.5004123880272469,0.01958736895065192,0.5666089318401007,0.4868599927603266,0.5124716553287982,0.4307291666666666,0.5053921935403417
-0.069,0.5004195583143812,0.019875861132508305,0.5666915976145019,0.48675743072034755,0.5138375141723357,0.4290798611111112,0.5057313879536102
-0.0688,0.5000875424242486,0.0199160286456163,0.5661404924518276,0.4877750070385714,0.5120358560090703,0.4278645833333332,0.5066217732884399
-0.0686,0.4999926096637535,0.019934193681529173,0.5654968803511328,0.4877850621405301,0.5124557114512471,0.42725694444444445,0.5069684499314129
-0.0684,0.49929201084588903,0.019905328507063506,0.5635601393508768,0.4862044001126171,0.5124450821995465,0.4261284722222222,0.5081219603441826
-0.0682,0.4992572915281522,0.02012654782351899,0.5636447733580019,0.48677552990387324,0.5134672619047619,0.4247395833333334,0.5076593091407907
-0.068,0.49799749039660385,0.020129100775583574,0.5623496762257169,0.4863129952137715,0.512437996031746,0.42326388888888894,0.5056228956228956
-0.0678,0.49802753157606167,0.020513999081789826,0.5638337236994901,0.4863190282749468,0.5126009778911564,0.4219618055555555,0.5054221224591595
-0.0676,0.49702877430885967,0.020742835524196767,0.563473537111028,0.485665446647629,0.5109711592970522,0.41987847222222224,0.5051552562663674
-0.0674,0.4963204880034507,0.021377129257417922,0.5649300293266675,0.48445481237179744,0.510531816893424,0.4169270833333333,0.5047586980920313
-0.0672,0.49589134950165653,0.021589912788725185,0.5654831027220659,0.48399026666130396,0.510092474489796,0.4158854166666667,0.50400548696845
-0.067,0.4950952629104794,0.02151500985586203,0.5643867970948885,0.4833407070747698,0.5088683390022675,0.41527777777777775,0.5036026936026936
-0.0668,0.4944754760706294,0.02177549308193872,0.5645619698073101,0.48296665728190485,0.5078390731292516,0.4135416666666666,0.5034680134680134
-0.0666,0.49452269162026957,0.02196109192665241,0.5653020253114728,0.48289426054780205,0.5071322278911564,0.4129340277777779,0.5043509165731388
-0.0664,0.4954359643003012,0.022013460694792635,0.5665164249020804,0.48382938502996414,0.5075432256235828,0.4137152777777778,0.5055755081681008
-0.0662,0.4945337292745477,0.02188445707113654,0.565420119274903,0.48290632667015243,0.5062570861678004,0.41345486111111107,0.5046302531487716
-0.066,0.4939373632655255,0.021937396732107504,0.565977129135749,0.4824317258577002,0.504795564058957,0.41328125,0.5032011472752214
-0.0658,0.4937169731866523,0.021680245441500573,0.5651642490208042,0.4810360777058279,0.5035944586167801,0.4144965277777778,0.5042935528120713
-0.0656,0.4937089419499213,0.02158794860446909,0.5658078611214991,0.47990990628644975,0.5034243905895692,0.41579861111111105,0.5036039406409777
-0.0654,0.4937273736454939,0.021837862585915347,0.56729584506072,0.48055745485259216,0.5013676303854876,0.41519097222222223,0.5042249657064473
-0.0652,0.4944816005266041,0.02183740555128742,0.5695101068750369,0.48120701443912645,0.5005048894557823,0.4171006944444445,0.5040852974186307
-0.065,0.4941782885037294,0.021722550258837924,0.5694195681697404,0.48260065157060683,0.4981044501133788,0.4173611111111112,0.5034056615538097
-0.0648,0.4942905391978556,0.021594993608750602,0.5698899757907375,0.4836162168684391,0.4974985827664399,0.41840277777777785,0.5020451427858835
-0.0646,0.49451842134152224,0.021744278342320837,0.5716476076131242,0.4824055825926076,0.49611855158730156,0.41935763888888894,0.503062726025689
-0.0644,0.4939853148556625,0.021628241002657533,0.57155313244238,0.48146442504927,0.49457908163265313,0.42013888888888884,0.5021910462651203
-0.0642,0.4938990138203124,0.021807394610534395,0.5726592792331766,0.481741945863331,0.4936366213151927,0.41987847222222224,0.5015787504676394
-0.064,0.49374933202420745,0.021565438922319078,0.5732202255594702,0.48099786831838476,0.49124858276643985,0.4223958333333333,0.5008841501434094
-0.0638,0.4932151064843425,0.021860076096727063,0.5755230578463598,0.47811205405622814,0.48909970238095235,0.42335069444444445,0.49999002369372747
-0.0636,0.4928451280401281,0.021896979343552853,0.5763634932194384,0.4771789405944576,0.48584537981859405,0.42456597222222225,0.5002718543459285
-0.0634,0.49222099297907046,0.021982942308471635,0.5768220914440925,0.47596428427784254,0.4821765164399093,0.4252604166666667,0.5008816560668412
-0.0632,0.49198590835427475,0.022025634566342666,0.5775700198791506,0.47344648674737566,0.48139703798185945,0.4266493055555555,0.5008666916074324
-0.063,0.49215133598131855,0.02191507338569814,0.577237388548822,0.47252141736717207,0.48071853741496595,0.42777777777777776,0.502501558797855
-0.0628,0.49197809871925885,0.021985859295701866,0.5779656346566417,0.47168081084342195,0.4790160856009071,0.4287326388888889,0.5024953236064348
-0.0626,0.4917494697872282,0.0220053102904468,0.5786092467573366,0.4700961267747255,0.47577593537414975,0.43090277777777775,0.5033632622521511
-0.0624,0.49085091781501616,0.021780681760958816,0.57752868699195,0.4687970076016571,0.4726225907029479,0.4326388888888889,0.5026674148896372
-0.0622,0.4909226751337532,0.02200209343918081,0.5794654279922058,0.467137915778466,0.47099277210884355,0.4346354166666667,0.5023818431225838
-0.062,0.49158140083040563,0.022325333809834265,0.582138288031177,0.4673269516952902,0.46842757936507934,0.43680555555555556,0.5032086295049257
-0.0618,0.49138769937335275,0.022123446150539395,0.581858798984392,0.46564774966818173,0.4684098639455782,0.4389756944444444,0.5020463898241676
-0.0616,0.4912300009324501,0.0221656529761114,0.5823252701399414,0.4640711096810522,0.4669784580498866,0.44079861111111107,0.5019765556802593
-0.0614,0.4920079698873801,0.021734807474715345,0.5819572106205838,0.4628805856091381,0.4674762613378685,0.4454861111111111,0.5022396807581992
-0.0612,0.49192797451502884,0.02172745128876468,0.5823272383726652,0.4630676105055705,0.4660501700680272,0.44678819444444445,0.5014066591844368
-0.061,0.49199283383215564,0.02197785061140661,0.5831460231857816,0.46195551622893455,0.4642591411564626,0.44756944444444446,0.5030340441451553
-0.0608,0.4918080884698897,0.0220115788947479,0.5836164308067786,0.46131601174435904,0.463842828798186,0.44852430555555556,0.5017408654445692
-0.0606,0.4912575851484725,0.02223914288929421,0.5841754089003484,0.46019788440654785,0.4615451388888888,0.4490451388888889,0.501324354657688
-0.0604,0.49220692735552135,0.02225353893619553,0.5855433306434152,0.4598379117564252,0.4624078798185941,0.45164930555555555,0.5015962090036165
-0.0602,0.49243865507352974,0.022132726004038716,0.5853661896982698,0.458727828500181,0.4619827097505668,0.4542534722222221,0.5018630751964086
-0.06,0.4930875505877337,0.022235432720776268,0.5870214734190171,0.4584623738084703,0.46036529195011333,0.45842013888888894,0.5011684748721785
-0.0598,0.4928273065300111,0.02237914602635328,0.5873029306985258,0.4563266701524354,0.4600357851473923,0.459375,0.5010961466517021
-0.0596,0.4926808762047451,0.02222314966242301,0.5865864939870491,0.45578369464666374,0.4584112811791384,0.46215277777777786,0.5004701334330964
-0.0594,0.49368941896813867,0.022116011877084295,0.5870490286771508,0.4539415999678237,0.4613112953514739,0.4649305555555555,0.5012146152886894
-0.0592,0.49379102339386005,0.022106537461428044,0.5870509969098746,0.4527309656919921,0.4611553996598639,0.46701388888888895,0.5010038658186806
-0.059,0.49460045597657165,0.02204352361714942,0.5874052788001654,0.4520814061054579,0.46167623299319727,0.47022569444444445,0.5016136675395935
-0.0588,0.49535149496935454,0.021936030547642205,0.5878619087920955,0.45180187427100515,0.46331136621315194,0.47265625,0.50112607557052
-0.0586,0.49600848937728015,0.021849394792489246,0.5880351132717931,0.4522784861038491,0.4631288973922902,0.475,0.5015999501184686
-0.0584,0.4966028968387846,0.021960341638389443,0.5886019642962583,0.45079837509552345,0.4631359835600907,0.478125,0.5023531612420501
-0.0582,0.49719491632088797,0.022031463990861824,0.5891471647607613,0.44903873225274504,0.4647622590702948,0.48046875,0.5025576755206386
-0.058,0.4982741547167432,0.022108863019740767,0.5903438502568543,0.4482986767485822,0.466298185941043,0.48394097222222215,0.5024890884150144
-0.0578,0.49840623496120157,0.02228748304354813,0.5908949554195289,0.4458914853396614,0.4674231150793651,0.48663194444444446,0.5011896745230079
-0.0576,0.4998415155855641,0.02214988038001381,0.5914440923494795,0.4453444877931062,0.4719653486394558,0.4887152777777778,0.501738371368001
-0.0574,0.5002870045171781,0.022121986306146896,0.5911646033026946,0.4436914290310904,0.4741904053287982,0.49079861111111106,0.501589973812196
-0.0572,0.5013792094612145,0.022427053695486615,0.593093471372055,0.44239633189880545,0.4765040391156462,0.49331597222222234,0.5015862326973438
-0.057,0.5025977598687213,0.022538732399936617,0.594473202511465,0.4421248441459197,0.47897888321995463,0.49609375,0.5013181194662676
-0.0568,0.5036112127567465,0.022820910790512884,0.5958588383490463,0.44038330048666696,0.4817159155328798,0.49809027777777787,0.5020077316373612
-0.0566,0.5049386862836243,0.02328065393531708,0.5983565256755958,0.4387061094799501,0.48464250283446714,0.5010416666666667,0.5019466267614415
-0.0564,0.5059918726487461,0.02354039357193123,0.5988170921329738,0.4360173752161847,0.4878720238095238,0.5044270833333333,0.5028257887517148
-0.0562,0.5061061839300413,0.024145025374612474,0.6002952349085756,0.43241563769456626,0.49018388605442176,0.5059027777777778,0.5017333832148647
-0.056,0.5071735072605832,0.02446635095686592,0.6013226523904185,0.43038048505811843,0.49412733843537415,0.5085069444444444,0.5015301159745605
-0.0558,0.5082899857963042,0.024971643221288666,0.6032633298561223,0.4281542854844548,0.49797335600907033,0.5099826388888888,0.5020763187429853
-0.0556,0.5090114768740677,0.025235362644307608,0.6042750014761745,0.4270462132486023,0.4998653628117914,0.5111111111111111,0.5027596957226588
-0.0554,0.5097934136241872,0.025203025575279432,0.603991575963942,0.42676467039375776,0.5031356292517007,0.5129340277777777,0.5021411647337574
-0.0552,0.5112942043627952,0.025410145455644247,0.6051902296927588,0.426477094477738,0.5071517148526078,0.5159722222222222,0.5016797605686494
-0.055,0.5130420260797328,0.025500415383945107,0.6071230342275671,0.42796323854723883,0.5098834325396825,0.5184895833333333,0.5017508417508417
-0.0548,0.5137261803532558,0.025688893431780192,0.6073080481036077,0.4269275630454893,0.5133822278911564,0.5201388888888888,0.5008741738371368
-0.0546,0.5150996927393329,0.025833694049562296,0.6074891255142008,0.4262739814181716,0.5169642857142857,0.5233506944444444,0.5014203766055617
-0.0544,0.5164533073667041,0.025877609947887212,0.6071230342275671,0.42589792060491494,0.5213311366213151,0.5258680555555555,0.5020463898241676
-0.0542,0.5172518956736268,0.02630463197447951,0.6075796642194973,0.42364758878655023,0.5245907738095239,0.5277777777777778,0.5026636737747848
-0.054,0.5177996851689309,0.026734185540976726,0.6084988289015293,0.4223565136950489,0.5279283588435375,0.529513888888889,0.5007008355156504
-0.0538,0.5188376528398347,0.0268216234697606,0.6085913358395497,0.4228190483851506,0.5328071853741496,0.5305555555555554,0.4994151390447687
-0.0536,0.5202805002884122,0.026813228534259225,0.6086799063121224,0.42337207899288104,0.5357107426303855,0.5327256944444445,0.5009140790622273
-0.0534,0.5214128026648434,0.02699107261954556,0.6086759698466746,0.4226199573663677,0.5384460034013605,0.5349826388888889,0.5023394438209252
-0.0532,0.5221967667921925,0.027269707127487927,0.608937744798945,0.42196637573905005,0.5419483418367348,0.5365451388888889,0.5015862326973438
-0.053,0.5238139639332098,0.027282160934597132,0.6087468262247329,0.42316695491292283,0.5469759778911565,0.5388020833333333,0.5013779773039032
-0.0528,0.5243732931976512,0.02785853351675285,0.6086582557521603,0.4208381932992801,0.5499769699546485,0.5424479166666667,0.49994513031550064
-0.0526,0.524718076729228,0.028004409661593375,0.6086484145885409,0.42026706350802395,0.5509194302721089,0.5436631944444444,0.5000922808330216
-0.0524,0.5249846603928676,0.028236286454325115,0.6079910248587792,0.4196114708603146,0.5538956207482993,0.5449652777777778,0.49845990771916693
-0.0522,0.5251862245419889,0.02823781356357548,0.6071545259511485,0.41942243494349024,0.5551746740362812,0.5456597222222221,0.4985197655568026
-0.052,0.5255031683027896,0.028255857978974425,0.6064243116106048,0.41923541004705794,0.5564661281179137,0.5466145833333333,0.498775408405038
-0.0518,0.5256501372587462,0.02852359019574213,0.6064262798433286,0.41839279250291594,0.5589427437641723,0.5465277777777778,0.4979610924055368
-0.0516,0.5260536015346589,0.028689028560474745,0.6063278682071369,0.4184571451554519,0.5618480725623582,0.546701388888889,0.4969335328594588
-0.0514,0.5264554021558416,0.028989489386600585,0.6067864664317909,0.4179745002614327,0.5649216978458049,0.5463541666666667,0.4962401795735129
-0.0512,0.5269317794625227,0.028869573209607837,0.6059578404550553,0.41889353658046097,0.5668048469387755,0.546701388888889,0.4963012844494326
-0.051,0.5273099983149308,0.02884178402459073,0.6060444426949043,0.4201805896311789,0.5687624007936509,0.5464409722222222,0.4951215862326973
-0.0508,0.5278747385235601,0.028422968274617755,0.6046548703918753,0.42241081124562607,0.5702947845804989,0.5463541666666666,0.49565905973313384
-0.0506,0.5280710434569427,0.028207287909906682,0.6030861889109769,0.42360937939910703,0.572264739229025,0.54609375,0.4953011597456042
-0.0504,0.5281113116956313,0.028289216678114387,0.6029799043438896,0.4235872581747978,0.5731079931972789,0.5462673611111111,0.49461404165107875
-0.0502,0.5280325040610323,0.02817951009112648,0.6029779361111658,0.4246068455134135,0.5738786139455783,0.544704861111111,0.4939942636238932
-0.05,0.5282768502510888,0.027899811506047287,0.6015863955754128,0.4261814744801512,0.5752285289115646,0.5446180555555555,0.49376979673275967
-0.0498,0.5285318563129193,0.027642194970172805,0.6008502765366976,0.4278285001809918,0.5755668934240362,0.5451388888888888,0.4932747225339818
-0.0496,0.5284130021116793,0.02770159585029679,0.6008443718385262,0.4289446164984113,0.5771896258503402,0.5442708333333334,0.4908155630377853
-0.0494,0.5291863959158581,0.027729763761266204,0.5997421615131774,0.4300486666934803,0.5802579365079366,0.5458333333333333,0.490049881531363
-0.0492,0.5289373088902456,0.027530100015492266,0.5993701655283721,0.43160720749708403,0.5812801162131519,0.5431423611111111,0.48928669410150893
-0.049,0.5286989439364912,0.0279436875138988,0.6000137776290669,0.43058359811768493,0.5836734693877552,0.5409722222222222,0.4882516523257264
-0.0488,0.5284870527775833,0.027859220137302743,0.5987285216604011,0.43169971443510435,0.5855495323129252,0.5394965277777777,0.4869609677017085
-0.0486,0.529013705127135,0.02739403642891606,0.5982600822721279,0.43401238788561314,0.5851987670068027,0.5394965277777778,0.4881007606933533
-0.0484,0.5295550322976244,0.027272791766099255,0.5997480662113488,0.4367976511281825,0.5860668225623582,0.5380208333333332,0.48714178825289933
-0.0482,0.5289569525077054,0.026927802437855246,0.5981774164977267,0.4381912882596629,0.5853830073696146,0.5370659722222222,0.4859670781893004
-0.048,0.5283414442811163,0.026666365006360708,0.5976302478005,0.440152033141616,0.5851296768707483,0.5344618055555556,0.48433345803716177
-0.0478,0.5281407466880232,0.026182645089941073,0.5966303855767906,0.44293729638418533,0.5849613803854875,0.5321180555555556,0.48405661553809703
-0.0476,0.5282392631095216,0.02554379926923316,0.5946818351801916,0.44645859309013397,0.5853032879818594,0.5306423611111111,0.48411023818431226
-0.0474,0.5284154970037999,0.02531275437381792,0.595512429389651,0.4494308812291357,0.584890518707483,0.5295138888888888,0.48272976680384083
-0.0472,0.5272517699667209,0.025259427438603693,0.5945125671659417,0.44951132204480554,0.5846407312925169,0.5260416666666667,0.4815525626636738
-0.047,0.5265625271216854,0.024971942212817188,0.5930383608557875,0.4508949040743273,0.5845592403628117,0.523263888888889,0.48105624142661185
-0.0468,0.5261514613851561,0.024710167549302896,0.5917491684216742,0.4532900293608977,0.5851668792517006,0.5206597222222222,0.47989150766928546
-0.0466,0.5253591874376017,0.024422114450793404,0.5902808668096915,0.4551401681213048,0.5845663265306122,0.5184895833333333,0.47831899239306647
-0.0464,0.5247527225203003,0.02408079120228466,0.5885468537799909,0.4576458995294212,0.5841446995464852,0.5170138888888889,0.4764122708567153
-0.0462,0.5235306365436033,0.02371728282467392,0.5866140492451827,0.45884647870329404,0.5825184240362812,0.5144965277777777,0.47517770295548073
-0.046,0.5228874951380209,0.02327703185029445,0.5845808648414589,0.46069058440252586,0.5820064484126986,0.51171875,0.47544082803342064
-0.0458,0.522121145800112,0.023057948303406368,0.5833015135709646,0.4618790974540482,0.5814076672335601,0.5092013888888889,0.47481606185309894
-0.0456,0.52128431062619,0.022788418017424723,0.5829196764225403,0.4632646905039617,0.5794536564625851,0.5065972222222223,0.47418630751964086
-0.0454,0.5210587715846577,0.022395625577635865,0.5817328320900662,0.465112818243977,0.5786777210884353,0.5051215277777777,0.4746489587230328
-0.0452,0.5206389758720146,0.022284675359070458,0.5814671206723482,0.46752202067328963,0.5783375850340138,0.5025173611111111,0.47335079186931034
-0.045,0.5194566887531649,0.022294353114940296,0.5805420512921448,0.467606483529743,0.5773189484126984,0.500173611111111,0.47164234942012717
-0.0448,0.5186940149954455,0.022215498934506174,0.5792646682543744,0.46899006555926476,0.5769823554421769,0.4984375,0.46979548572141167
-0.0446,0.5173259463761889,0.02173620812499095,0.5773436731159092,0.4688975586212444,0.5739919926303855,0.49592013888888886,0.4704763686245167
-0.0444,0.5174017522840842,0.021556790268206005,0.5784498199067057,0.47148775288581424,0.5724454365079364,0.49435763888888895,0.47026811323107615
-0.0442,0.516515614545835,0.021332102452686668,0.5774381482866534,0.4735832361340144,0.5709910005668933,0.49097222222222225,0.46959346551939146
-0.044,0.5155872069426518,0.020607699238884426,0.5745842108370893,0.4753469010175763,0.5680024092970521,0.49088541666666663,0.46911709689487474
-0.0438,0.5148466536506959,0.020356480058924046,0.5747830023421969,0.4760829344809556,0.5651077097505669,0.4888020833333333,0.46945753834642723
-0.0436,0.5136951441398027,0.01983994041703193,0.5722026492412462,0.4777460483449302,0.562641723356009,0.4872395833333334,0.4686457164234941
-0.0434,0.5138351014266408,0.019621525506782044,0.5722990926447143,0.48024172465108794,0.5616124574829933,0.48637152777777776,0.4686507045766305
-0.0432,0.513078780318247,0.0195149738963879,0.5712185328793276,0.48078671117725136,0.5607568027210885,0.4841145833333333,0.4685172714802345
-0.043,0.5122049162543527,0.019215252196680334,0.5698427382053654,0.48253428789767927,0.5585423752834467,0.4828125,0.46729267988527246
-0.0428,0.5117548209607866,0.018980497140629382,0.5687405278800165,0.4834513131963158,0.5574369331065759,0.48185763888888883,0.46728769173213613
-0.0426,0.511516623098708,0.018889899942028655,0.5689353829196764,0.48539999195591843,0.5561578798185941,0.47925347222222214,0.4678363885771294
-0.0424,0.5107917698556285,0.01865850266345278,0.5689412876178479,0.4851224711418574,0.553344671201814,0.4776041666666667,0.4689462526499564
-0.0422,0.5103817844445441,0.018274674057846805,0.5677465703544786,0.4865100752121626,0.5514739229024943,0.4761284722222222,0.47004988153136296
-0.042,0.5096590643662282,0.017929421765832423,0.5675694294093334,0.48622853235731806,0.5480530753968254,0.4747395833333333,0.47170470133433096
-0.0418,0.508936371325017,0.017912136927822092,0.5674828271694845,0.48556288460764996,0.5464285714285714,0.4717881944444445,0.4734193789749345
-0.0416,0.5076541071444057,0.0175081227943659,0.5657389729761648,0.4844447572698387,0.5431901927437641,0.4703125,0.47458411273226087
-0.0414,0.5066252721563731,0.01701303082100823,0.5638022319759088,0.4843361621686844,0.5401165674603174,0.47013888888888894,0.4747325102880658
-0.0412,0.506070038206059,0.01663175994760907,0.5628968449229437,0.48459357277882803,0.5373883928571429,0.4694444444444444,0.476026936026936
-0.041,0.5055348229146791,0.016336328436647316,0.5613399728383884,0.48403853115070594,0.5362758645124718,0.4688368055555555,0.47718294051627386
-0.0408,0.50572276210028,0.016124518202649214,0.5618143169248333,0.4854301572617946,0.5343200821995465,0.4684895833333333,0.478559670781893
-0.0406,0.5053071793761406,0.015983115806830324,0.5604306493199757,0.4854301572617946,0.5341641865079365,0.4675347222222223,0.4789761815687742
-0.0404,0.5053741730960404,0.015534175266143934,0.5598854488554726,0.4862727748059365,0.5319462159863946,0.4684895833333334,0.48027684249906477
-0.0402,0.5051107744184565,0.015140301854443568,0.5583128309091268,0.485347705425733,0.5310108418367346,0.4691840277777778,0.48169846614291056
-0.04,0.5039230409349449,0.014985691764975353,0.5570019879150511,0.4837650323774283,0.5287113803854875,0.46762152777777777,0.48251527621897994
-0.0398,0.5035551601671676,0.014690127263142665,0.5566339283956936,0.4830189438120903,0.5263304280045351,0.4685763888888889,0.48321611173463025
-0.0396,0.5035917047126495,0.014414648406758851,0.5552325466963213,0.48218034830873185,0.5266811933106575,0.46935763888888893,0.4845067963586482
-0.0394,0.5033321389674319,0.01446960805859531,0.5543133820142894,0.4797751679202026,0.527873441043084,0.4693576388888888,0.4853410649706946
-0.0392,0.503203027624204,0.013939022409197407,0.5520971519672486,0.47826489160600083,0.5268477182539683,0.47065972222222224,0.48814565407158
-0.039,0.5028826812112006,0.013941767542085098,0.5517330289133388,0.4753790773438443,0.5260115504535148,0.4708333333333334,0.49045641601197154
-0.0388,0.5030473324131062,0.013987663814436,0.5524652114866061,0.4736134014398906,0.5249840561224489,0.47152777777777777,0.4926462152388078
-0.0386,0.5027648003787968,0.013673952090488536,0.5514456669356586,0.47295177573100594,0.5231965702947846,0.4724826388888889,0.49374735004364634
-0.0384,0.5032978347223698,0.013359461504718033,0.5513413506012952,0.47230020512407994,0.5216730442176871,0.47491319444444446,0.4962613792243422
-0.0382,0.5035265358440137,0.012948676690676128,0.5501426968724783,0.4712866508466396,0.5207270408163265,0.478125,0.497351290684624
-0.038,0.5032884641636473,0.012862836719134086,0.548936170212766,0.46887141535615173,0.5196304563492063,0.47899305555555555,0.5000112233445566
-0.0378,0.502708307588769,0.012902845526238875,0.5481016395378591,0.46618268109238625,0.5178341128117914,0.4795138888888889,0.5019092156129193
-0.0376,0.5031968979356094,0.012629052662077958,0.5464443875843881,0.465446647629007,0.5180201247165532,0.4815104166666667,0.5045629130814315
-0.0374,0.5034707344260917,0.012400767345450587,0.5452477020882949,0.46424204641435063,0.5171626984126985,0.484375,0.5063262252151141
-0.0372,0.5033908943459345,0.012050998912689357,0.5436731159092252,0.4645235892691952,0.5159810799319728,0.4854166666666666,0.5073600199526126
-0.037,0.5041542753553554,0.012179783013733242,0.5440293660322396,0.4629529823432409,0.5157118055555555,0.4881944444444445,0.5098827784012969
-0.0368,0.5042954536122102,0.012076253276494817,0.5425551597220856,0.4608997305232675,0.5147728883219955,0.4922743055555555,0.5109751839381469
-0.0366,0.5044491128842554,0.012056257926945662,0.5414411400003936,0.45941760849455016,0.5135717828798186,0.4951388888888889,0.5126761441576256
-0.0364,0.504668925265847,0.012137460775434754,0.5400594406282598,0.4583115472790894,0.5152760062358277,0.49565972222222215,0.5140379099638358
-0.0362,0.5055589900701309,0.012159266420985216,0.5404412777766844,0.4583075252383059,0.515109481292517,0.49826388888888895,0.5156727771542586
-0.036,0.5059248421414575,0.012410093274892241,0.5389729761647017,0.45626231749989943,0.5160537131519274,0.4999999999999999,0.5183352038907594
-0.0358,0.5061381179242866,0.01257443700294401,0.539246560513315,0.4552306640389333,0.5151945153061225,0.5019965277777778,0.519022321985285
-0.0356,0.5064302938268751,0.012674351961425228,0.5378648611411814,0.45403611792623577,0.5168934240362812,0.5039930555555555,0.5193640104751216
-0.0354,0.5068192453788308,0.012751715392684215,0.5370362351644459,0.453312150585207,0.5173132794784581,0.50625,0.5201845616660431
-0.0352,0.5071931625607038,0.013119279331291398,0.5370401716298935,0.4515545187628202,0.5171485260770975,0.5083333333333332,0.5218892630003742
-0.035,0.5072818283730125,0.013281322306907662,0.5365796051725156,0.45064553754575065,0.5177402210884354,0.5089409722222221,0.5225028058361392
-0.0348,0.5083680094506484,0.013285987013326452,0.5373157242112307,0.45139967019265564,0.5186809098639455,0.5114583333333333,0.5229854096520763
-0.0346,0.5091682863021167,0.013493848777602539,0.5359340248390969,0.4504725897920605,0.5209006519274377,0.5143229166666667,0.5242112482853224
-0.0344,0.5095194564919924,0.013671009502757585,0.5363926230637511,0.44983710734826854,0.5221797052154196,0.5160590277777778,0.523128819054745
-0.0342,0.5094267787540752,0.01353023284929531,0.5351920011022104,0.4501387604070305,0.5214923469387756,0.5168402777777779,0.5234705075445816
-0.034,0.5092862447622062,0.013484396135465725,0.5339106815989922,0.44995374653098985,0.5207234977324263,0.51796875,0.5238745479486221
-0.0338,0.5096526727641157,0.013488335704013922,0.5319877182278032,0.4499517355105981,0.5235420209750566,0.5184895833333333,0.5242923057737873
-0.0336,0.5092468333851461,0.013766653539789645,0.5311551557856201,0.4481840485862526,0.5231877125850339,0.5189236111111111,0.524783638857713
-0.0334,0.5089419668481453,0.01380968154516311,0.529135749010963,0.4475445441016772,0.5249805130385488,0.5186631944444444,0.5243858336450928
-0.0332,0.5087292347470199,0.01403610532847773,0.5268486625858642,0.44624944696939234,0.5269416099773242,0.5186631944444444,0.5249432597580745
-0.033,0.5087723317699513,0.01393039975325444,0.5246403054697187,0.44672605880223626,0.5276147959183674,0.5191840277777777,0.525696470881656
-0.0328,0.5084603599669878,0.013951830306208548,0.5237998700966402,0.44645859309013397,0.5289647108843537,0.5180555555555555,0.5250230702082554
-0.0326,0.5080353464775194,0.014275646214788797,0.522689786840396,0.4447914571853759,0.5309293509070294,0.5172743055555555,0.5244918318992393
-0.0324,0.5084687342234261,0.014312421685687344,0.5204794614915267,0.44526806901821986,0.5331490929705215,0.5184027777777778,0.5250442698590847
-0.0322,0.5084401250109678,0.014356315700884154,0.5197374377546401,0.44535655391545675,0.5348568594104308,0.5175347222222222,0.5247150517520888
-0.032,0.5083850103769028,0.014299709815931202,0.5198338811581082,0.44600410248159916,0.5372378117913832,0.5168402777777779,0.5220089786756453
-0.0318,0.5074511024317181,0.014632291979014602,0.51855256165489,0.4439769939267184,0.538093466553288,0.5147569444444444,0.5218755455792493
-0.0316,0.5074275424094904,0.01484690613969249,0.5178321884779656,0.443162530668061,0.5388623157596372,0.5145833333333333,0.5226973438084549
-0.0314,0.5067766821709542,0.015180147007453565,0.514706634912512,0.44151148292643694,0.5403840702947845,0.5149305555555556,0.5223506671654821
-0.0312,0.5071213690617441,0.015172514556367611,0.5147991418505324,0.44208462373808466,0.5414841978458049,0.5153645833333332,0.5218742985409652
-0.031,0.5070786487755132,0.0151121073902629,0.5134095695475034,0.4424566625105578,0.5416560374149659,0.5160590277777778,0.5218119466267614
-0.0308,0.5057989638484048,0.015560361878841427,0.5112012124313579,0.4395024735550819,0.5419005102040817,0.5151909722222223,0.5211996508292804
-0.0306,0.5057099934255023,0.01576273650104836,0.5112169582931485,0.43869404335759965,0.5427402210884353,0.51484375,0.5210549943883278
-0.0304,0.5050664802123943,0.015579222217956979,0.5102013502076486,0.43880464947914566,0.5415355725623583,0.5144965277777778,0.5202943010350418
-0.0302,0.5041083714944851,0.016097044569903216,0.5078119156809101,0.43630696215259623,0.5432380243764172,0.5131076388888888,0.5200773163736127
-0.03,0.5036250385154044,0.016218375823622743,0.5055149880921921,0.4359369344005148,0.5441645408163265,0.5125,0.5200087292679886
-0.0298,0.5042449846427488,0.016517098603430543,0.5057905406735292,0.43578409685074204,0.5465472647392291,0.5121527777777778,0.5209502431724655
-0.0296,0.5045281632576213,0.016477531635091372,0.5053299742161512,0.43720991030849055,0.5486766581632653,0.5104166666666667,0.5210076069335329
-0.0294,0.5047254261274319,0.016610179258247485,0.5048615348278781,0.4374994972449021,0.5502125850340136,0.509375,0.5216785135303654
-0.0292,0.5046922592739311,0.016418084962318502,0.5033952014486193,0.4389052004987331,0.5498706774376417,0.507638888888889,0.5236513280957725
-0.029,0.5044706467031163,0.016494371610008256,0.5022004841852501,0.4390178176406708,0.5506182681405896,0.5065972222222223,0.5239194413268488
-0.0288,0.5042983637607712,0.0163227712391609,0.5020154703092093,0.439858424164421,0.5503631660997732,0.50546875,0.5237860082304527
-0.0286,0.5040735745428868,0.01657443497509929,0.5020174385419331,0.43829183927925025,0.5500177154195011,0.5053819444444444,0.5246589350293054
-0.0284,0.5041415127338076,0.016455281764012893,0.5012950971322849,0.438953464988135,0.5495075113378685,0.5055555555555555,0.525395934655194
-0.0282,0.5042432042047791,0.01607407967338312,0.5010156080855,0.44081969191167597,0.5488148384353742,0.5053819444444444,0.525183938146901
-0.028,0.5034454038017155,0.015948822389810647,0.5001948550396599,0.4409182319108716,0.5484640731292518,0.50390625,0.5237436089287941
-0.0278,0.5029373935137625,0.016136891704022042,0.49926388096128493,0.4398202147769778,0.5484516723356009,0.5032118055555557,0.5239393939393939
-0.0276,0.5029796734632747,0.015731518252314305,0.4979786249926191,0.4420765796565177,0.5484623015873016,0.5038194444444445,0.5225614166354907
-0.0274,0.5026929605589496,0.015010978195116303,0.49706142854331103,0.44489603024574664,0.5458049886621316,0.5029513888888888,0.5227509664546701
-0.0272,0.5023100961344478,0.01476037363382927,0.49651032338063655,0.44574870289184726,0.5451973497732426,0.5024305555555555,0.5216635490709565
-0.027,0.502962836315659,0.014313894276784034,0.49723266479028483,0.44760889675421306,0.5439927012471655,0.5046006944444443,0.5213792243421873
-0.0268,0.5035923032769651,0.014093870626168119,0.49749837620800286,0.44890600490688976,0.5428022250566894,0.5052083333333334,0.5235465768799102
-0.0266,0.5038724847596353,0.013668276855090596,0.4968468911764127,0.4507661987692556,0.5415231717687075,0.5070312499999999,0.523194912083801
-0.0264,0.5040356484389772,0.013581066382992434,0.4958332513236365,0.4514338575393154,0.5414275085034014,0.5085069444444444,0.5229766803840878
-0.0262,0.5048506730599361,0.013136086421401747,0.49582144192729344,0.4546092587378836,0.541422193877551,0.5086805555555556,0.5237199152013966
-0.026,0.505220867636834,0.013025415054274833,0.4962761036864999,0.45518642159031497,0.5411617772108843,0.5096354166666667,0.5238446190298042
-0.0258,0.5057506061140373,0.013105885923822006,0.49572696675654926,0.45530104975264446,0.5410572562358278,0.5118055555555556,0.5248622022696097
-0.0256,0.5055776781003801,0.013024286195693584,0.494715295136497,0.4553955677110566,0.5403610402494331,0.5137152777777778,0.5237012096271355
-0.0254,0.506737268226399,0.01257946555865811,0.4981301789123546,0.4571531995334433,0.5391386763038549,0.5151041666666667,0.5241601197156752
-0.0252,0.506778947284669,0.012377796233929388,0.49785659456374115,0.4578108032015445,0.5379517431972789,0.5166666666666667,0.523608928794114
-0.025,0.5074434726353324,0.011599889450589047,0.49786643572736045,0.4618026786791618,0.5362368905895691,0.5183159722222223,0.5229953859583489
-0.0248,0.5083645992242333,0.011056306196831352,0.4994252760446395,0.46466838273740096,0.5352873441043084,0.5188368055555556,0.5236051876792617
-0.0246,0.5095679584534518,0.010481487145610941,0.4997933355639971,0.4684812774001528,0.5346070719954648,0.5213541666666666,0.5236039406409777
-0.0244,0.5105868088397852,0.010256675580941578,0.500519613439093,0.4703354382013433,0.5339143990929704,0.5239583333333334,0.5242062601321861
-0.0242,0.5110092667402224,0.009397396149907677,0.501074655067215,0.4742468728632908,0.5310852465986395,0.5246527777777777,0.5239867813941889
-0.024,0.5118808142550675,0.008876527371462887,0.5020036609128663,0.477414229980292,0.5309948979591836,0.5250868055555555,0.5239044768674399
-0.0238,0.5128856485986739,0.008330325708282519,0.5043143661306513,0.48019547118207784,0.5295475481859411,0.5276909722222222,0.5226798852724779
-0.0236,0.513647167311871,0.007610074742082701,0.505152833271006,0.4841893576800868,0.5283393565759636,0.5285590277777777,0.5219952612545204
-0.0234,0.5142945806271176,0.007275155312083255,0.5062570118290787,0.48652013031412145,0.52781320861678,0.5307291666666667,0.5201533857089412
-0.0232,0.5151300627133262,0.007266782450900274,0.5072686834491311,0.4876483127538913,0.5287538973922903,0.5323784722222222,0.5196009477490959
-0.023,0.5166040415494066,0.006543027630589925,0.5069950991005177,0.4939568837228009,0.5278078939909298,0.5348090277777777,0.5194513031550069
-0.0228,0.5181923421890753,0.00646212350930644,0.5080205483496368,0.49711418573784333,0.5280647675736961,0.5381076388888889,0.5196545703953112
-0.0226,0.5192378236934507,0.005861695711802402,0.5096837050012794,0.5017556208019949,0.5268672052154195,0.5393229166666667,0.518559670781893
-0.0224,0.5203375793953884,0.00578359110363529,0.5119078079792155,0.503804850581185,0.527217970521542,0.5412326388888888,0.5175246290061105
-0.0222,0.5220290023924063,0.0058764061502157355,0.5128348455921429,0.507726340345091,0.5279017857142857,0.5447048611111112,0.5169771791994014
-0.022,0.5228613961507271,0.005811147897528075,0.5137677879032416,0.5112737803161325,0.5276519982993199,0.5462673611111111,0.515346053123831
-0.0218,0.5241646724930357,0.005504863104035607,0.5159899226484539,0.515651771708965,0.5269770408163265,0.5471354166666667,0.5150692106247663
-0.0216,0.5252808842128784,0.00558658221252458,0.5172948609443581,0.5192776414752845,0.5282596371882087,0.5482638888888889,0.5133083925676518
-0.0214,0.5257570012399613,0.005789118816090755,0.5193319818135297,0.5213168161525158,0.5278380102040816,0.5493055555555556,0.5109926424741239
-0.0212,0.5265067278475085,0.0057414688327822256,0.5208219339854745,0.5231729879740981,0.5283499858276643,0.5494791666666666,0.5107095647836389
-0.021,0.5271440632359823,0.005991226376405054,0.5214931013443029,0.5262438161122953,0.5288672760770975,0.5501736111111111,0.5089425115351042
-0.0208,0.5275990479627904,0.006155751658578824,0.5235282539807506,0.5277199050798376,0.5281905470521543,0.55078125,0.5077752837012097
-0.0206,0.5284428077104293,0.006259027983714283,0.525012301454524,0.5311647830108998,0.5279265873015874,0.550954861111111,0.5071555056740242
-0.0204,0.5294608005422153,0.006246571102339945,0.5282539807506839,0.5345151429835499,0.5272516298185941,0.5503472222222221,0.5069360269360269
-0.0202,0.5301260036121932,0.006257463548508153,0.5298285669297538,0.5363672927643486,0.5267555980725624,0.5503472222222222,0.5073313380720789
-0.02,0.5302809546414903,0.0065226558584840924,0.5306512882083178,0.5390620600892893,0.5257458191609977,0.5498263888888888,0.5061192168599578
-0.0198,0.5305452530930893,0.0066335433268471435,0.5337886511701143,0.5414612074166432,0.5240415958049887,0.5479166666666666,0.5055181444070332
-0.0196,0.530221397015074,0.006798617100022762,0.5349991142952744,0.5430559465872984,0.5216659580498866,0.5463541666666668,0.5050317994762439
-0.0194,0.5307174538772739,0.007033472303989459,0.5350089554588935,0.545941760849455,0.5226969954648526,0.5456597222222221,0.5042798353909465
-0.0192,0.5304816211883855,0.007238656557929273,0.5353809514436987,0.5466818163536178,0.5221938775510204,0.5449652777777778,0.5031861828158124
-0.019,0.5308085779498591,0.007522184400587636,0.5365717322416202,0.5485259220528496,0.5229644982993198,0.5440104166666667,0.501970320488839
-0.0188,0.5311451695765916,0.007977277204663753,0.5374180723128703,0.5521417367172103,0.5217669359410431,0.54296875,0.5014303529118344
-0.0186,0.5305557029122122,0.008274634693952959,0.53696144232094,0.5541829224148332,0.5206774376417234,0.540625,0.5003317121835641
-0.0184,0.5308182752618645,0.008423755864180038,0.537979018639164,0.5552085428146242,0.519157454648526,0.540798611111111,0.5009477490958972
-0.0182,0.5302305362751899,0.00882650389038318,0.5388096128486233,0.5565217391304348,0.5170369189342404,0.5390625,0.49972191046265124
-0.018,0.5296490729487606,0.009037441978537028,0.5378018776940185,0.5570586815750312,0.5156763747165533,0.5388020833333333,0.49890634742486595
-0.0178,0.5303277248586193,0.009428233879188187,0.5393823685712599,0.5596528978803844,0.5145727040816326,0.5387152777777777,0.49931537598204256
-0.0176,0.5294349138945418,0.009385316386866772,0.5386639636270593,0.5593693440051482,0.51312535430839,0.5366319444444445,0.49938396308766675
-0.0174,0.5300929256493208,0.009493718050554852,0.5393134804259255,0.5609500060330612,0.5144982993197279,0.5361979166666666,0.49950492580122213
-0.0172,0.5295487221554747,0.009847059505638817,0.5379494951483064,0.5628866186703133,0.5128082482993197,0.5350694444444445,0.4990298042149893
-0.017,0.529834072949132,0.010166647619079002,0.538595075481725,0.5644572255962675,0.5116142290249434,0.5354166666666667,0.4990871679760568
-0.0168,0.529910632095177,0.010411496072225045,0.5394296061566319,0.5649961790612557,0.5105229591836734,0.5359375,0.49866691607432345
-0.0166,0.5307170614985256,0.010585505739138731,0.5405436258783238,0.5669348027188996,0.5098568594104309,0.5360243055555556,0.5002257139294176
-0.0164,0.5301682111500426,0.010875335532084193,0.5403546755368355,0.5672083014921772,0.5079807964852607,0.5360243055555556,0.49927297668038406
-0.0162,0.5304611360279348,0.0108617250701043,0.5427500147617454,0.5669207255761572,0.5080658304988662,0.5348958333333332,0.4996732759695723
-0.016,0.5311778223413798,0.010683715869629549,0.5437794004763123,0.5667397337409001,0.508250070861678,0.5356770833333334,0.5014428232946752
-0.0158,0.5313799506990907,0.010627304299620067,0.5423170035625013,0.5685013876040703,0.5093696853741496,0.5342013888888889,0.5025102880658436
-0.0156,0.531010739223088,0.01053200436233366,0.5419607534394867,0.5671982463902184,0.5098905187074829,0.5347222222222221,0.5012819553560294
-0.0154,0.5309094948949666,0.01065531808394615,0.5428011888125652,0.5683063186260708,0.5081030328798186,0.5322916666666667,0.503045267489712
-0.0152,0.531562116799033,0.010787417748797316,0.5444643454642076,0.5692394320878413,0.5076849489795918,0.5322916666666667,0.5041301907968574
-0.015,0.5318018435948054,0.010833463378802938,0.5437420040545595,0.5701645014680449,0.5086291808390022,0.5326388888888889,0.5038346427235316
-0.0148,0.531264520554022,0.010658618583835867,0.5421930049008995,0.5696014157583559,0.5082996740362812,0.5318576388888889,0.504370869185684
-0.0146,0.5308838433313708,0.010823622948051285,0.5427460782962978,0.569774363512046,0.5071145124716553,0.5305555555555556,0.5042287068212994
-0.0144,0.5301757929544405,0.010562111315843094,0.5433109610880391,0.567916180670072,0.5072048611111111,0.5279513888888889,0.5044955730140915
-0.0142,0.5305992577181364,0.01076993346309086,0.543856161552542,0.569106704741986,0.5063740079365079,0.5285590277777777,0.5051003865818681
-0.014,0.530312377520642,0.010526874063845499,0.5433070246225914,0.5681796243413909,0.5068930697278912,0.5276041666666667,0.505578002244669
-0.0138,0.529909787797051,0.010246679551544584,0.5422874800716437,0.5667900092506938,0.5060427295918367,0.5276909722222223,0.5067377478488588
-0.0136,0.5294223377942118,0.00995677818223605,0.543214517684571,0.5647427904918956,0.5064785289115645,0.525607638888889,0.5070682129941388
-0.0134,0.529257158010587,0.009754085710612469,0.544594248823981,0.5635321562160641,0.5077540391156463,0.52265625,0.507749095897244
-0.0132,0.5289515966868389,0.009605177101868437,0.5437616863817978,0.5625186019386236,0.507077310090703,0.5237847222222223,0.5076156628008479
-0.013,0.5283721959203591,0.009142680068237347,0.5435589584112426,0.5594477738004263,0.5067460317460317,0.5238715277777777,0.5082366878663175
-0.0128,0.5282482199032771,0.008836203483859781,0.5438325427598559,0.5578751558540804,0.5081296060090703,0.5231770833333333,0.508226711560045
-0.0126,0.5281547669690214,0.008699456766593195,0.5438286062944082,0.5567449623939187,0.5076176303854876,0.52421875,0.5083638857712931
-0.0124,0.5279221723830705,0.008140681515034292,0.5436337512547483,0.5539556771105659,0.508719529478458,0.5240451388888888,0.5092567651826911
-0.0122,0.5277834256305068,0.008084012162960622,0.5443619973625682,0.5529360897719503,0.5096619897959183,0.5236979166666667,0.5082591345554308
-0.012,0.5278044381667251,0.008253440226888197,0.5456452850985101,0.5532035554840526,0.5099259495464852,0.5221354166666667,0.50811198403791
-0.0118,0.528116298799671,0.007878011453385977,0.5465723227114374,0.5512407995817077,0.5106930272108843,0.5223958333333334,0.5096795111609926
-0.0116,0.5275304647575064,0.007400369079861263,0.5456531580294054,0.5484454812371797,0.5107904620181406,0.5224826388888889,0.5102805836139168
-0.0114,0.526601166713044,0.007350145624395135,0.5461078197886118,0.5454711820777863,0.5100198412698412,0.5228298611111111,0.50857712931787
-0.0112,0.526219796942297,0.007119384017517434,0.5468301611982601,0.5418553674134257,0.5110367063492064,0.52421875,0.5071579997505923
-0.011,0.5262624466619167,0.0071280215899350435,0.5469147952053851,0.5409182319108716,0.5112971230158729,0.5260416666666667,0.5061404165107869
-0.0108,0.526465091380093,0.007198096637711267,0.5485563012970653,0.5396030245746692,0.5114689625850339,0.5264756944444444,0.5062214739992518
-0.0106,0.5264314325606844,0.0068861992566566855,0.5483516050937863,0.5384728311145075,0.5135186366213152,0.5251736111111112,0.5066404788627012
-0.0104,0.5263427024782519,0.0069101975177049664,0.548538587202551,0.5382858062180752,0.5127515589569162,0.5250868055555555,0.5070507544581618
-0.0102,0.5261562105515238,0.007293890999122563,0.5501938709232979,0.5380123074447974,0.5113786139455783,0.5248263888888889,0.5063698715550567
-0.01,0.5259048092546318,0.0073258746755882715,0.5510087192709665,0.5364296343964928,0.5122378117913832,0.52421875,0.505629130814316
-0.0098,0.5250083323869043,0.007497574334337043,0.5511760190524928,0.5340103768652215,0.511219175170068,0.5248263888888889,0.5038097019578501
-0.0096,0.5252707890187023,0.007695102196607427,0.5525439407955595,0.5334553352370993,0.5116496598639456,0.5254340277777777,0.5032709814191295
-0.0094,0.5250525703799038,0.007534202138238848,0.5524474973920916,0.530287978120098,0.51328125,0.5265625,0.50268362638733
-0.0092,0.5246869829243866,0.007464275530793286,0.5522683882142225,0.5289848369062462,0.514891581632653,0.5253472222222222,0.5019428856465893
-0.009,0.5240635742019458,0.007511819326916545,0.5524396244611964,0.5263805654989342,0.5149872448979591,0.525173611111111,0.5013368250405288
-0.0088,0.5235942233434503,0.0078084872564756205,0.5526049560099986,0.5244258536781563,0.5146471088435375,0.5269965277777778,0.4992966704077816
-0.0086,0.5233893252739868,0.00830703154069391,0.5541578916291062,0.524333346740136,0.5151466836734693,0.5263888888888888,0.49691981543833397
-0.0084,0.5231856236689895,0.008217988216963922,0.5533095833251325,0.5235812251136227,0.5151431405895692,0.5271701388888889,0.49672403042773416
-0.0082,0.5228013147032976,0.008367849486445502,0.5532938374633417,0.5220106181876685,0.5160023384353741,0.52734375,0.4953560294301035
-0.008,0.5225542890119701,0.008335089469186093,0.5522841340760132,0.5205043639142501,0.5176906179138323,0.5279513888888889,0.4943409402668662
-0.0078,0.5231281584294473,0.00828637157705784,0.5519948038656091,0.5193983026987894,0.5202469529478458,0.529513888888889,0.4944868437461031
-0.0076,0.5219601900856362,0.008598503845708911,0.5515283327100596,0.5157784659936452,0.5192088293650794,0.5305555555555556,0.4927297668038409
-0.0074,0.5209846829181787,0.008954171513583813,0.5504162812210917,0.5149459035514621,0.5186933106575964,0.5313368055555555,0.4895311136051877
-0.0072,0.5206805332893506,0.009221166317354175,0.5510677662526817,0.5141113300888871,0.518342545351474,0.531423611111111,0.48845741364259876
-0.007,0.5199094605338106,0.009525369925999626,0.55024110850867,0.5119736154124602,0.5187570861678004,0.5322916666666667,0.48628382591345554
-0.0068,0.5193560062469043,0.009732070823950216,0.5509791957801091,0.5103044684873105,0.517982922335601,0.5317708333333334,0.48574261129816676
-0.0066,0.5195818802363881,0.009791130193735715,0.551063829787234,0.5097413827776214,0.5184824971655329,0.5327256944444445,0.48589599700710806
-0.0064,0.5195046908857903,0.009887078570327156,0.5507882772058968,0.5091682419659735,0.5186366213151927,0.5335069444444445,0.4854233694974435
-0.0062,0.5193163135871662,0.009914686290869853,0.5499458736000944,0.5085186823794393,0.5189661281179139,0.5342013888888888,0.4849494949494949
-0.006,0.5187397217703562,0.010243026743150628,0.5503119648867283,0.506845513413506,0.5180059523809525,0.5348090277777777,0.4837261503928171
-0.0058,0.5180442986358751,0.010615158385087347,0.5508650382821264,0.506646422394723,0.516532029478458,0.5346354166666666,0.48154258635740116
-0.0056,0.5174237657239534,0.010597233373368332,0.5501289192434113,0.5061818766842295,0.5160041099773243,0.5339409722222223,0.48086295049258004
-0.0054,0.5167934709006894,0.010618579617506936,0.5483693191883008,0.5047681293488316,0.5157312925170069,0.534982638888889,0.480115974560419
-0.0052,0.5165163077237095,0.010562038018222688,0.546975810419824,0.5040240518038852,0.5162290958049887,0.5355034722222223,0.4798491083676269
-0.005,0.5162975674944071,0.010601814390432264,0.5466786072785246,0.5020773840646744,0.5173239087301587,0.5354166666666667,0.4799912707320114
-0.0048,0.5153841110468871,0.010571348554926236,0.5467632412856496,0.5006857579535857,0.5156161422902494,0.5338541666666667,0.48000124703828406
-0.0046,0.5148972115880515,0.010627991792262247,0.5461058515558881,0.4994711016369706,0.5143335459183673,0.5346354166666667,0.4799401421623644
-0.0044,0.5147107887170153,0.010735667038929137,0.5460901056940972,0.4989180710292402,0.514422123015873,0.5347222222222221,0.47940142162364385
-0.0042,0.5138347101996377,0.010737245723106567,0.5447005333910682,0.49695933716767876,0.5128667091836734,0.5352430555555556,0.479403915700212
-0.004,0.512802045776514,0.010802010806318155,0.5429389651032338,0.4948035233077263,0.5104715844671202,0.5364583333333334,0.47933782267115604
-0.0038,0.5120558517563111,0.010583308547845673,0.5412580943570768,0.4954530828942606,0.5085795776643991,0.5359375,0.4790510038658186
-0.0036,0.5121034163377217,0.010695838194213917,0.540807369063318,0.49508104412178733,0.5068647250566893,0.5380208333333333,0.4797431101134805
-0.0034,0.5115959989360345,0.01085749256797158,0.5409136536304053,0.4943490326991916,0.5048044217687077,0.5383680555555556,0.4795448310263125
-0.0032,0.5113843391059413,0.010945752150278602,0.5413624106914401,0.49322085025942164,0.5035111961451247,0.5385416666666667,0.4802855717670532
-0.003,0.5109394514091565,0.01081086840980273,0.5405377211801523,0.49247476169408355,0.5018813775510205,0.5383680555555556,0.48143534106497066
-0.0028,0.5104267681872109,0.01090774598505116,0.5398134115377802,0.4914410972127257,0.5013729450113378,0.5386284722222221,0.480877914951989
-0.0026,0.5094677233693219,0.010889956154389467,0.5388076446158994,0.48928327233238145,0.49957128684807256,0.5381076388888889,0.4815687741613668
-0.0024,0.5093242629493547,0.010666978482272143,0.5381679689806523,0.4899308208985239,0.4981203939909296,0.5376736111111111,0.4827285197655568
-0.0022,0.5088538502107448,0.010519482989136936,0.5377152754541697,0.49040139967019264,0.4975251558956916,0.5363715277777776,0.48225589225589227
-0.002,0.5078376455491684,0.010284586322063418,0.5361564351368905,0.49058239150544986,0.4942017431972789,0.53515625,0.4830914079062227
-0.0018,0.5065011958495222,0.010283670625259485,0.5338595075481725,0.489564815187226,0.4915550595238095,0.534982638888889,0.48254395809951367
-0.0016,0.505641604121424,0.010315271089310544,0.5334658610034051,0.48880867151992924,0.4884743480725623,0.5341145833333334,0.48334455667788995
-0.0014,0.5053726467951025,0.010498685027344743,0.5336410337158266,0.4869625548003057,0.4873476473922903,0.5345486111111111,0.4843633869559795
-0.0012,0.5043470047748704,0.01062475097547067,0.5337197630247801,0.48520291195752724,0.484282879818594,0.5331597222222222,0.48536974685122836
-0.001,0.5031136648352159,0.010879323652936354,0.5324069517979806,0.4840787515585408,0.4811277636054421,0.5333333333333333,0.4846215238807831
-0.0008,0.5028559836486651,0.011286180411265062,0.5334953844942627,0.48175803402646505,0.4795918367346939,0.5338541666666666,0.485580496321237
-0.0006,0.5012758405665872,0.011266145201669832,0.531566516424902,0.4801673168965933,0.4766971371882086,0.5322916666666666,0.4856565656565657
-0.0004,0.5003625321853844,0.011167915755504451,0.5293463499124137,0.48016530587620154,0.4738006660997732,0.5316840277777778,0.4868163112607557
-0.0002,0.5001669588583558,0.011096698124488685,0.5279725234711752,0.4800627438362225,0.4726952239229026,0.5318576388888889,0.48824666417259016
0.0,0.49986209553325844,0.01140795666090465,0.5275867498573031,0.4804327715883039,0.4690334467120182,0.5323784722222221,0.48987903728644466
0.0002,0.4993697550904507,0.011895079739526998,0.5275808451591317,0.4784740377267426,0.46649659863945586,0.5333333333333332,0.49096396059359027
0.0004,0.4987288956928695,0.011842727319721231,0.5273072608105183,0.47800949201624904,0.4646223072562359,0.53125,0.4924554183813443
0.0006,0.49774379771605515,0.012115628866815104,0.5262916527250183,0.47588786550295625,0.4620642006802721,0.5307291666666667,0.49374610300536226
0.0008,0.4972000584880082,0.012739811449274349,0.5258173086385735,0.47469935245143385,0.45901183390022665,0.5327256944444445,0.49374610300536226
0.001,0.49654520717921713,0.013032990847878113,0.527104532839963,0.47526646020190644,0.4563722363945578,0.5315972222222223,0.4923855842374361
0.0012,0.4953752105210193,0.013700422903834017,0.525628358297085,0.4720347504323693,0.45349348072562357,0.5336805555555556,0.4920389075944631
0.0014,0.49452459592458997,0.013909470993401575,0.5236739032023147,0.4708422153400636,0.4508662840136054,0.5335069444444444,0.49373363262252157
0.0016,0.4938035162504854,0.013882877998045056,0.5218296691400791,0.4706612235048063,0.4495854591836734,0.5330729166666666,0.4938683127572016
0.0018,0.4933866697396718,0.014001212825956174,0.5221780463321983,0.47169287696577245,0.4471230158730159,0.5315972222222222,0.4943421873051503
0.002,0.49272631858375454,0.014342705540384935,0.5213376109591198,0.4713248602340827,0.44431689342403635,0.5316840277777778,0.49496820052375606
0.0022,0.49165284040781715,0.014429688637685711,0.5207786328655499,0.47077987370791946,0.44168792517006805,0.5291666666666667,0.4958511036288814
0.0024,0.4904097808897184,0.014649778267232749,0.5186706556183203,0.47004384024454005,0.438732993197279,0.5284722222222222,0.4961291931662302
0.0026,0.4898385440499247,0.014931860300065802,0.5198496270198988,0.4690363190282749,0.43678075396825394,0.5269965277777777,0.49652949245541844
0.0028,0.48934403174690255,0.015261771997770351,0.519774834176393,0.46894984515142984,0.43442283163265305,0.5269097222222222,0.49666292555181446
0.003,0.4888810388323712,0.015089872897357519,0.5185742122148522,0.46794232393516466,0.43460175736961454,0.5256076388888888,0.49767926175333577
0.0032,0.4877497540340098,0.014970284299387425,0.5174720018895034,0.46925954229175887,0.43256802721088433,0.523263888888889,0.49618530988901355
0.0034,0.4867470596302025,0.01471774488496165,0.5168185486251894,0.46936612637252145,0.43157419217687076,0.5194444444444445,0.4965319865319865
0.0036,0.4856070186407499,0.014457543580834509,0.5164504891058319,0.46872461086755424,0.4307415674603174,0.5144965277777778,0.4976218979922683
0.0038,0.48420693581054586,0.014700318131986603,0.516279252858858,0.4671580259823835,0.4281958616780045,0.5119791666666667,0.49742237186681637
0.004,0.48286151389934473,0.0148725897367154,0.5159092251067766,0.467272654144713,0.4251470379818594,0.5081597222222223,0.4978189300411522
0.0042,0.4822164620896011,0.014633202918057217,0.5145314622000906,0.4684993765836786,0.42447030895691606,0.5049479166666666,0.4986332460406534
0.0044,0.48173463525119553,0.014375739377056208,0.5131418898970616,0.4697140329002936,0.42422406462585033,0.5016493055555555,0.4999438832772166
0.0046,0.48144645791167956,0.014241681235735198,0.5135158541145906,0.471314805132124,0.4239689625850341,0.49774305555555554,0.5006896121710936
0.0048,0.48116928122826685,0.014139473485561703,0.513425315409294,0.4726239794071511,0.423797123015873,0.49435763888888895,0.5016423494201272
0.005,0.48042018632025413,0.014352442218893305,0.5120495207353317,0.47420061939428065,0.42141971371882087,0.49149305555555556,0.5029380221972815
0.0052,0.4794407719764685,0.014418597044194362,0.5106717578286457,0.4738305916421993,0.42031604308390025,0.4880208333333333,0.5043646339942636
0.0054,0.4791659637321305,0.013988634625993802,0.509482945263448,0.47568676346378147,0.4215082908163265,0.48559027777777775,0.5035615413393191
0.0056,0.4789443520416509,0.013967023180353292,0.5082941326982503,0.4769878936572417,0.42169607426303857,0.48185763888888883,0.5058860207008354
0.0058,0.47876604474460366,0.013885015829510731,0.5071033519003286,0.47969472710453276,0.42178996598639457,0.47873263888888895,0.5065095398428732
0.006,0.47816428946366285,0.013740521103353233,0.504619442202846,0.48259260748903987,0.4219387755102041,0.4747395833333334,0.5069310387828907
0.0062,0.4783174724939031,0.01356340588631209,0.503519200110221,0.48399428870208744,0.4227926587301587,0.47413194444444445,0.5071492704826038
0.0064,0.4788456241304774,0.013347601010927374,0.5035172318774973,0.48538591481317617,0.4250177154195011,0.4721354166666666,0.5081718418755455
0.0066,0.47865420569966055,0.013003227478092108,0.5024209262503199,0.4870550617383261,0.4267024518140589,0.4698784722222221,0.5072141164733757
0.0068,0.4788899619698929,0.01289210066446669,0.5010372586454623,0.48818123315770423,0.42789469954648524,0.4688368055555555,0.5084998129442574
0.007,0.4781352318995789,0.012943891962937416,0.4986360147223808,0.489397900494711,0.4272091128117914,0.4669270833333333,0.5085060481356778
0.0072,0.4786123704653237,0.012942263454223609,0.49699450863070044,0.4929352853637935,0.42916135204081635,0.4639756944444445,0.5099950118468637
0.0074,0.47917987940329965,0.012652855618779723,0.496903969925404,0.49423842657764555,0.43077522675736957,0.4646701388888889,0.5093116348671904
0.0076,0.4795646242735227,0.012516057954711484,0.49598283701064816,0.4968366649237823,0.4327310090702948,0.4630208333333334,0.5092517770295547
0.0078,0.4795330200324207,0.012599382169678205,0.49377644812722654,0.497856252262398,0.4332376700680272,0.4619791666666666,0.5108155630377852
0.008,0.47922330115287953,0.012652332657312713,0.4924970968567323,0.49759079757068736,0.4333988803854876,0.4609375,0.5116922309514902
0.0082,0.47943104746882337,0.012643168587082212,0.4897376345779125,0.4994489804126614,0.43492949263038555,0.4599826388888889,0.5130564908342686
0.0084,0.4795729764112811,0.012556719635040658,0.488292951758616,0.5001930579576077,0.43713683390022673,0.45824652777777775,0.5139955106621774
0.0086,0.48008617345495763,0.012597391362875507,0.4870017910917787,0.5027852632425692,0.4398543792517007,0.4559895833333333,0.5147998503554059
0.0088,0.4812001562934413,0.012724764275804629,0.4862755132166828,0.5052105538350158,0.4428305697278912,0.45477430555555554,0.5169098391320615
0.009,0.48155639281148055,0.013196865220973143,0.48636998838742684,0.5067871938221453,0.44240008503401357,0.4535590277777778,0.5186656690360394
0.0092,0.48211508033676037,0.013260566684806444,0.4852736827602495,0.5091219884969634,0.44408304988662134,0.4530381944444444,0.5190584860955231
0.0094,0.48272385638646076,0.013265533622738572,0.4829767551715315,0.510984193379721,0.44604768990929705,0.4534722222222222,0.5201384212495324
0.0096,0.4830608761872651,0.01351299671020247,0.4812368374436593,0.511539235007843,0.44687854308390024,0.4532118055555555,0.5224379598453671
0.0098,0.4826280339769305,0.013666851245054751,0.47903635325840926,0.5119072517395326,0.44719564909297044,0.45217013888888885,0.522830776904851
0.01,0.4831634429111814,0.013786598777286704,0.47812309327454877,0.5135723766238989,0.44855619331065755,0.45199652777777777,0.5235690235690236
0.0102,0.48366009174698305,0.01390814989131302,0.4778573818568307,0.5143244982504123,0.44999468537414966,0.45138888888888884,0.5247350043646339
0.0104,0.4841106480565708,0.014060570035577846,0.4767492668333104,0.5154406145678317,0.4510859552154195,0.45138888888888884,0.5258885147774036
0.0106,0.4846201346913756,0.014137086013589298,0.4763812073139528,0.5151590717129871,0.45210636337868476,0.45173611111111106,0.5277179199401422
0.0108,0.48449555184894766,0.013899413697195584,0.4751038242761824,0.5139544704983309,0.4539629393424036,0.45173611111111106,0.5277204140167104
0.011,0.48532220118231956,0.013856607677988889,0.4744523392445923,0.5139564815187226,0.45583191609977325,0.4529513888888889,0.5294188801596209
0.0112,0.48610859988209676,0.013780221552783427,0.47409215265613003,0.5134758476450951,0.4576884920634921,0.4541666666666667,0.5311198403790997
0.0114,0.486633744873183,0.013828676559044992,0.4747475741531678,0.515153038651812,0.4566468253968254,0.45564236111111106,0.530978925052999
0.0116,0.48623019608506635,0.013456196052910522,0.47522782293778415,0.514016812130475,0.45714640022675734,0.45555555555555555,0.5292043895747599
0.0118,0.4863952245578832,0.013788364234246012,0.4746767177751098,0.5165305876201585,0.45653344671201807,0.45503472222222224,0.5292006484599078
0.012,0.48686940424651703,0.013616997348291636,0.47449957682996435,0.5174596790411454,0.4560994189342404,0.45763888888888893,0.5286494575383465
0.0122,0.4873327960922954,0.013307973303405937,0.47635365205581903,0.5167216345573744,0.4566078514739229,0.45868055555555554,0.5283002868188053
0.0124,0.48790264730609734,0.013399376788707852,0.475253409963194,0.5168060974138278,0.45787096088435375,0.45946180555555555,0.5301209627135554
0.0126,0.48831072451384666,0.013574139628999053,0.47581041982403993,0.5176326267948357,0.4568416950113379,0.4603298611111112,0.5309390198279087
0.0128,0.4886724822213807,0.013335704320191434,0.4765524435609267,0.5168885492498895,0.4568346088435374,0.4621527777777777,0.5309340316747724
0.013,0.48875943293883495,0.013386890820741128,0.4770287558800953,0.5169830672083016,0.4565671060090703,0.46206597222222223,0.5311522633744856
0.0132,0.4892595495260565,0.013047525737748204,0.47877851477158656,0.5156658488517073,0.4569090136054422,0.4638020833333333,0.5311422870682131
0.0134,0.48914827781140857,0.012948749287483513,0.47823331430708366,0.5149157382455858,0.45757688492063486,0.4638020833333333,0.5312133682504053
0.0136,0.48947648604242583,0.012572239040359855,0.4788887358041215,0.5139846358042071,0.45739795918367354,0.46657986111111105,0.5305312383090162
0.0138,0.48940419426840814,0.012231930306304229,0.4793650481232901,0.5111993725616377,0.45756271258503406,0.4682291666666667,0.5306646714054122
0.014,0.48991044136711326,0.01224313840879064,0.48057551124844994,0.510618187668423,0.4569444444444445,0.4697916666666667,0.5316223968075819
0.0142,0.4895813029519682,0.011923553246141935,0.4813155667526128,0.510157663998713,0.45626240079365077,0.47065972222222224,0.5295111609926424
0.0144,0.49041639907293105,0.011729935946095624,0.4830751668077233,0.5084724289104292,0.45754676870748306,0.47204861111111107,0.5309390198279087
0.0146,0.4904559668932471,0.011404456184103112,0.48445096148168565,0.5078992880987814,0.4563545209750567,0.4744791666666666,0.5290958972440454
0.0148,0.49041447113170167,0.01116666606268023,0.4847166728994036,0.5062140530104975,0.45661316609977326,0.4756944444444445,0.5288340192043895
0.015,0.48965716305831847,0.010578792174766469,0.4834333851634617,0.5037827293568757,0.45729698129251706,0.47725694444444444,0.5265157750342935
0.0152,0.4897995022258348,0.010061649000727094,0.4829767551715315,0.5026585689578893,0.4584892290249433,0.47986111111111107,0.5250118468636986
0.0154,0.48956920868670767,0.009553686703761596,0.4826067274194501,0.5006978240759361,0.4597735969387755,0.48125,0.5235178949993765
0.0156,0.489594143034744,0.009502411671336893,0.48299053280059834,0.5000301653058762,0.4598568594104308,0.4815104166666667,0.5235827409901483
0.0158,0.4894841655983357,0.009273726811401869,0.48308107150589485,0.499555564493424,0.45969210600907023,0.4828125,0.5222795859832896
0.016,0.49014335970189793,0.008975650377214695,0.4826303462121361,0.4982443791980051,0.4616549744897959,0.4855034722222221,0.52268362638733
0.0162,0.49078198457546734,0.008443298003626537,0.48365776369397917,0.49664360696617466,0.46354875283446706,0.48845486111111114,0.5216049382716049
0.0164,0.4906756515460322,0.008381706779336971,0.48485838565551986,0.49541688452720917,0.46245039682539685,0.48993055555555554,0.5207220351664796
0.0166,0.48973577633592225,0.008435624181419677,0.4850532406951797,0.4921550094517958,0.4610207624716553,0.49027777777777787,0.5201720912832024
0.0168,0.4896221949743474,0.008235953412706243,0.483405829905328,0.492519004142702,0.4618002409297052,0.4912326388888889,0.5191532610051129
0.017,0.48923975265404324,0.008136943673760142,0.48277993189914775,0.49204842537103327,0.46129712301587295,0.4922743055555555,0.517798977428607
0.0172,0.4882571596007762,0.007929129056501219,0.48378766705375237,0.4891585890680932,0.4602944302721088,0.49236111111111114,0.5156840004988154
0.0174,0.48880740270435885,0.007946885964739681,0.4849961619461885,0.488500985399992,0.4601172760770975,0.4951388888888889,0.5152837012096272
0.0176,0.487990539848826,0.007703472575188042,0.4822307949691971,0.48691429031090383,0.4612404336734694,0.4955729166666666,0.5139942636238931
0.0178,0.4882670745430323,0.007536902456222889,0.48287637530261573,0.4864356674576681,0.4620110544217687,0.49670138888888893,0.51331088664422
0.018,0.4879203159622211,0.007500912849634709,0.4807585568917669,0.4865261633752966,0.46243622448979593,0.4970486111111111,0.5128320239431351
0.0182,0.4880292762461786,0.007153614870852264,0.479571712559293,0.48558098379117565,0.4648242630385487,0.4986979166666667,0.5114715051752089
0.0184,0.48781357820478827,0.007050364631349091,0.4791249237309819,0.48492338012307445,0.4649252409297052,0.5005208333333333,0.5095735129068463
0.0186,0.4880965199845355,0.006837893762384287,0.48033538685614185,0.4862305433777099,0.46484906462585035,0.5010416666666666,0.5080259383963088
0.0188,0.4874618170448005,0.006764750059334649,0.4795913948865313,0.4839902666613039,0.46520514455782314,0.5019965277777778,0.5065257513405662
0.019,0.48667893849271593,0.006532740695157765,0.47811128387820584,0.4827816434058641,0.4659810799319728,0.503125,0.5033956852475371
0.0192,0.48625875605674695,0.006430870167301495,0.47756411518097897,0.48285605116035873,0.4659013605442176,0.5041666666666667,0.5008055867315127
0.0194,0.4856563581183192,0.005744962074060845,0.4776644950498947,0.48172585770019705,0.46821145124716557,0.5026041666666667,0.49807581992767175
0.0196,0.48477054820471066,0.005811176380070832,0.4765662211899935,0.48015323975385105,0.4677225056689342,0.5027777777777778,0.49663299663299665
0.0198,0.48403847055042276,0.005720049678865879,0.47461176609522304,0.48069621525962275,0.46806087018140585,0.5033854166666666,0.49343808454919563
0.02,0.48297225693783663,0.005595601536488931,0.47277343673115907,0.4805916421992519,0.4683230583900226,0.5032118055555556,0.48996134181319373
0.0202,0.48297420795105295,0.005365422147381961,0.4736866967150196,0.4803945622008608,0.46968714569160996,0.5037326388888889,0.48736999625888516
0.0204,0.4832295477174626,0.005291850287480112,0.47397799515814754,0.4809435707678076,0.4709821428571428,0.5045138888888889,0.4857301409153261
0.0206,0.4826485671852342,0.005394379058683555,0.4725018206152695,0.47981739934842943,0.4728635204081633,0.50546875,0.4825913455543086
0.0208,0.4826847445099328,0.0053003552073217185,0.4730489893124963,0.4798093552668624,0.47371740362811793,0.50546875,0.48137922434218733
0.021,0.4823073561409929,0.0054573642914865945,0.4717597968783829,0.4818485299440936,0.47363414115646263,0.505642361111111,0.4786519516149146
0.0212,0.4815472448873699,0.0056266330309469184,0.4708288228000079,0.48091541648232317,0.4737138605442177,0.5058159722222222,0.47646215238807843
0.0214,0.481040365238018,0.005746864872891679,0.47017733776841775,0.47989582914370754,0.47430555555555554,0.5059895833333333,0.47483352038907595
0.0216,0.48130255376362313,0.005714246298911377,0.4707245064656445,0.4799823030205526,0.4766032454648526,0.506076388888889,0.47312632497817686
0.0218,0.48092606514113195,0.0060943489150136415,0.46785679138701364,0.47980734424647065,0.47779903628117915,0.5068576388888888,0.47230951490210754
0.022,0.4815659116878573,0.006168146246574456,0.4689590017123625,0.4814543699473113,0.47950148809523807,0.5073784722222222,0.4705362264621524
0.0222,0.48146553473898274,0.006581278008120579,0.46665616942547283,0.48079073321803484,0.48044749149659866,0.5087673611111111,0.4706659184436962
0.0224,0.48180500421298333,0.006538338483656325,0.46720333812269965,0.4806901821984475,0.4821304563492063,0.5086805555555556,0.4703204888390074
0.0226,0.4815017846804279,0.006602376634247496,0.4652488830279292,0.48004464465269675,0.4835795776643991,0.5079861111111111,0.4706497069460033
0.0228,0.48061686641641144,0.006729325348422923,0.4641250221426182,0.48077263403450904,0.48452026643990925,0.5064236111111111,0.46724279835390947
0.023,0.48021775663146266,0.006720911156725016,0.464937902257563,0.48020954832482,0.4856186224489796,0.5053819444444445,0.46494076568150644
0.0232,0.48034641592747346,0.0067900319130266736,0.4645600015745862,0.481607207497084,0.4879109977324262,0.504079861111111,0.4635740117221599
0.0234,0.4807101519555144,0.006854774304250516,0.46436514653492633,0.4840204319671801,0.48857709750566886,0.5035590277777777,0.4630290559920189
0.0236,0.48065572483267155,0.006891836375203649,0.4638927706812053,0.48504001930579577,0.49053465136054425,0.501736111111111,0.4620750717047013
0.0238,0.4810199856990002,0.006791590908147662,0.46506977385006004,0.48642561235570925,0.49197314342403625,0.500173611111111,0.4614577877540841
0.024,0.481195843793372,0.007002618778120656,0.463219635089653,0.486801673168966,0.49384743480725624,0.4999131944444445,0.46219728145654065
0.0242,0.48142516419387543,0.0070020387124667995,0.46414076800440884,0.4882878172384667,0.4939094387755102,0.49939236111111107,0.46139543583988035
0.0244,0.48207003837763035,0.007492714502518888,0.4636742968488594,0.4903310139564815,0.49534615929705217,0.5006944444444443,0.46030427734131435
0.0246,0.4817688046564725,0.007804688157899519,0.4640325152045978,0.490795559666975,0.4972895408163266,0.4991319444444445,0.4575944631500187
0.0248,0.48186593967937175,0.007754239174421473,0.46552443560926643,0.49228974781804286,0.4973816609977325,0.49756944444444445,0.45656440952737254
0.025,0.4822144908806295,0.007978518372344942,0.4669159761450194,0.49331134617705014,0.49959785997732425,0.4961805555555555,0.45506671654819797
0.0252,0.48207068298773403,0.008287579124754819,0.4662763005097723,0.49470900534931417,0.5003613945578231,0.4952256944444445,0.45378102007731635
0.0254,0.4813058070404591,0.008194111013966969,0.46581770228511815,0.4930479025057314,0.5002710459183674,0.4940104166666666,0.45338196782641227
0.0256,0.48141526534656565,0.008498636574680411,0.46554018147105714,0.4948176004504686,0.5021382511337869,0.4920138888888889,0.452566404788627
0.0258,0.48156963677744147,0.008274241795745698,0.4673785108351212,0.49406748984434695,0.5031622023809523,0.49019097222222213,0.4530490086045642
0.026,0.4810906492545307,0.008630138785562947,0.46720136988997574,0.4947150384104895,0.5040975765306123,0.4883680555555556,0.4510712058860206
0.0262,0.4817755270286589,0.008608368645580546,0.4677741256126125,0.4976772714475325,0.5041011196145125,0.48715277777777777,0.4521723406908592
0.0264,0.4821799478990725,0.008682755272055519,0.4688842088688567,0.49935044041346577,0.5038477891156463,0.4869791666666667,0.45183813443072696
0.0266,0.4823591065277159,0.008738747525663653,0.47045289034975496,0.49925793347544545,0.5044359410430839,0.48654513888888884,0.45110362888140665
0.0268,0.4818406174211157,0.009008966640992622,0.4699962603578247,0.4983409081768089,0.5054616638321996,0.48585069444444445,0.44955356029430105
0.027,0.4821327573039432,0.009103234725820628,0.47211998346684514,0.49935848449503284,0.5056370464852608,0.4848090277777778,0.4487392442947999
0.0272,0.4821334922581955,0.009573480932283978,0.47321628909402247,0.5002956199975868,0.5069143282312926,0.48368055555555556,0.4465606684125203
0.0274,0.48257915838727056,0.009947925488649615,0.4727596591020922,0.5033704701765676,0.5073430413832198,0.4833333333333334,0.44608928794113983
0.0276,0.4833244919576017,0.010227589456786814,0.4737792036530399,0.5034669991553715,0.5100800736961452,0.4834201388888889,0.44587604439456296
0.0278,0.4838264759799725,0.010512741739740273,0.4758064833585923,0.5051602783252223,0.5103387188208617,0.48324652777777777,0.4445803716174087
0.028,0.4841637357213225,0.010828777509325614,0.47689688428759813,0.5068354583115472,0.5107833758503401,0.4828125,0.4434904601571268
0.0282,0.48425262383425594,0.010788838665107795,0.47699529592379,0.5086172223786349,0.5096814767573695,0.48185763888888883,0.4441114852225964
0.0284,0.48481337830959037,0.011068597784309726,0.47744798945027256,0.5114125407231629,0.5100304705215419,0.4809895833333334,0.4441863075196409
0.0286,0.48542070100797546,0.011243237030239448,0.47874505481528135,0.5130032578530346,0.5106327947845806,0.48046875,0.4442536475869809
0.0288,0.4851894099688846,0.011637898960879961,0.47791839707126965,0.5156135623215221,0.5103883219954649,0.4783854166666666,0.4436413517895
0.029,0.485441651050775,0.012034698178117366,0.4788375617533017,0.5190503961710171,0.5097098214285715,0.4763020833333333,0.44330839256765175
0.0292,0.48638815100056043,0.011994428351479727,0.479656346566418,0.5210010859510115,0.5095450680272109,0.4769097222222222,0.44482853223593966
0.0294,0.48738842681794015,0.012199950498319909,0.48021926112543545,0.5234967622571693,0.5102395124716553,0.47734375,0.44564284823544076
0.0296,0.4880283839488585,0.012354474449977717,0.481240773909107,0.5257310059124,0.5106629109977324,0.47543402777777777,0.44707320114727517
0.0298,0.48879888271879396,0.012417028421659392,0.48214222449662447,0.527597232835941,0.5106735402494331,0.47534722222222214,0.4482341937897494
0.03,0.48995027177389117,0.013026093284404997,0.4839844903261362,0.5314986123959298,0.5119632227891155,0.47413194444444445,0.4481730889138297
0.0302,0.4899347574318795,0.013048207163883422,0.48287834353533965,0.5325181997345453,0.511892361111111,0.4725694444444445,0.4498154383339569
0.0304,0.4904555034762292,0.013231931972173313,0.48442734268899945,0.535387925833568,0.5099489795918368,0.4721354166666667,0.45037785260007485
0.0306,0.491243368463721,0.013505608926573452,0.4869033794555868,0.5372400756143667,0.5102093962585033,0.4716145833333333,0.45024940765681504
0.0308,0.4921319310783572,0.013871710116364682,0.4872615978113252,0.5397437960020915,0.5115982851473923,0.47118055555555555,0.45087542087542093
0.031,0.4932433279465037,0.014286750794660703,0.48880469226681356,0.5424345412862486,0.5132281037414966,0.47005208333333337,0.4516972191046265
0.0312,0.4939763704347414,0.014453627437212204,0.48905465782274093,0.5436371314805132,0.5147888321995464,0.46987847222222234,0.4525227584486844
0.0314,0.49523710374018004,0.014813879169753952,0.4908024484815085,0.5456803281985281,0.5173557964852608,0.4686631944444445,0.45368375109115855
0.0316,0.496077682941091,0.015030633296637043,0.49087920955773806,0.5469673812492457,0.5195861678004536,0.46796875,0.45498690609801723
0.0318,0.4973318304171229,0.015075350022691262,0.4913259983860492,0.5465008245183606,0.5238874716553287,0.4692708333333333,0.45567402419254266
0.032,0.4975439546370918,0.015336437465220615,0.49028873974058695,0.548173993484294,0.5244986536281179,0.46805555555555556,0.4567028307769049
0.0322,0.4986499602688938,0.015402476760612642,0.4923022418170725,0.5488155089892611,0.5263835742630386,0.46762152777777777,0.45812694849731883
0.0324,0.500244483344425,0.015632520702096038,0.4942999980317673,0.5503800828540402,0.5294022817460318,0.46675347222222224,0.46038658186806336
0.0326,0.5001816361292862,0.015620631452848614,0.49353632373491846,0.5499135261231549,0.5301764455782313,0.4661458333333333,0.4611360518767927
0.0328,0.5009278177792233,0.015755507350014606,0.49396736670143876,0.5498169971443511,0.5329241071428572,0.46631944444444445,0.4616111734630254
0.033,0.5018812397748901,0.01583305565628094,0.4951404334048458,0.5508426175441419,0.5342137896825397,0.4646701388888889,0.46453921935403414
0.0332,0.5025497884033081,0.015863594577294488,0.49530970141909575,0.5508184852994409,0.5361164257369614,0.46501736111111114,0.46548696844993137
0.0334,0.5027991852435819,0.016047133810866445,0.4942763792390812,0.5520894501870249,0.5366585175736962,0.4639756944444445,0.4669958847736625
0.0336,0.5030579039810812,0.01620337664561585,0.49526443206644755,0.5526344367131882,0.5370216836734694,0.4618055555555555,0.4685634118967452
0.0338,0.5031633835007516,0.016093018416440195,0.4950577676304446,0.552334794674818,0.5370358560090703,0.4614583333333334,0.4699301658560918
0.034,0.503453276774078,0.016082058655201837,0.49449091660597944,0.5522221775328802,0.537983630952381,0.4611979166666666,0.47137174211248284
0.0342,0.5031410394561576,0.016002193198148256,0.4933650874879446,0.5518481277400152,0.5375584608843538,0.4610243055555555,0.4719092156129193
0.0344,0.5034516590081699,0.015801921633595128,0.4951955439211133,0.551262920806017,0.5370535714285714,0.4604166666666666,0.4733295922184812
0.0346,0.5036306056431059,0.015172175109650547,0.494447615486055,0.5485580983791176,0.5374043367346939,0.4619791666666666,0.4757638109489961
0.0348,0.5035240421615726,0.015319395862613877,0.4932489617572382,0.5479950126694284,0.5386142998866212,0.46015625,0.47760568649457535
0.035,0.5036819894321425,0.015187110791832709,0.4928671246088137,0.5466798053332261,0.5396435657596372,0.4599826388888889,0.4792368125701459
0.0352,0.503439879312831,0.015258360234300147,0.49210148207924104,0.5457346257491051,0.5404088718820861,0.45876736111111116,0.4801870557426112
0.0354,0.5036954045183093,0.014853096206860502,0.4931111854665695,0.5434018420946789,0.5405736252834468,0.45868055555555554,0.48270981419129566
0.0356,0.504613494016209,0.014564300449870718,0.49290452103056664,0.5431182882194425,0.5417694160997731,0.46128472222222217,0.483990522509041
0.0358,0.5039588000385983,0.014172439688126304,0.4918830082468951,0.541145477215139,0.5397126558956915,0.46006944444444436,0.48698341439082177
0.036,0.5033028849783038,0.013591441925312047,0.4920562127265928,0.5377770180589632,0.5380952380952382,0.4599826388888889,0.48860331712183563
0.0362,0.5031014000388333,0.013260406935217755,0.49140472769500265,0.5361863009290915,0.5371456916099773,0.4600694444444445,0.49070083551565036
0.0364,0.5031168713684686,0.01290508054623873,0.4917649142834649,0.5337690544182119,0.5366319444444445,0.45972222222222214,0.4936962214739992
0.0366,0.5030245168996583,0.012918261858013919,0.4911252386482178,0.5322748662671439,0.5371439200680272,0.45876736111111116,0.49581119840379095
0.0368,0.5036218225470612,0.013223430947381024,0.49093628830672936,0.5324618911635763,0.5392006802721088,0.4580729166666667,0.4974373363262252
0.037,0.503279398515197,0.013366554511073086,0.49038321491133113,0.5300567107750472,0.5406639739229024,0.4567708333333333,0.4985222596333707
0.0372,0.5028466210606604,0.01321253419295678,0.48954081130552884,0.5278124120178578,0.5398968962585033,0.45607638888888885,0.5009065968325228
0.0374,0.5031103985892008,0.013123330503447581,0.4895211289782903,0.526032658971162,0.5404106434240363,0.4561631944444445,0.5034243671280708
0.0376,0.503335473585368,0.013545390800635458,0.4897002381561596,0.526302135703656,0.5416932397959183,0.45434027777777775,0.5046414764933284
0.0378,0.5032849937242361,0.01382564180337172,0.48840514102387467,0.5247234846961348,0.5432380243764172,0.4533854166666666,0.506672901858087
0.038,0.503271971506172,0.013842886501855303,0.4871041391934183,0.5242488838836825,0.5435817035147392,0.45381944444444444,0.5076056864945754
0.0382,0.5025589666586437,0.013889399600315306,0.4845041037652291,0.5230382496078511,0.5433230583900226,0.4537326388888888,0.508196782641227
0.0384,0.502309215455905,0.01422797364129691,0.4834825909815576,0.5215561275791336,0.5448554421768709,0.45251736111111107,0.5091345554308517
0.0386,0.502175993397879,0.014377473751728584,0.48201232113685116,0.5202469533041065,0.5452097505668934,0.4521701388888889,0.511240803092655
0.0388,0.5024154118924243,0.014541379452693175,0.4820123211368513,0.5182077786268753,0.5462425595238096,0.45173611111111106,0.5138782890634743
0.039,0.5018041568086741,0.015043929349187041,0.48192375066427856,0.5165325986405501,0.5480318168934241,0.4491319444444445,0.5134006734006735
0.0392,0.5004981726580575,0.015066131433630028,0.4800027555258134,0.5121827615332019,0.5475942460317461,0.44843749999999993,0.5142736001995262
0.0394,0.5004291512592076,0.01522880679572737,0.4768653925640168,0.5126553513252624,0.5482674319727892,0.4494791666666667,0.5148784137673026
0.0396,0.4997486596293098,0.015119930646758015,0.47466687661149054,0.5098821542050436,0.5480141014739229,0.45069444444444445,0.5154857214116474
0.0398,0.4996182833449006,0.015475199221705569,0.47274784970574923,0.5082130072798938,0.5492896116780046,0.4505208333333333,0.5173201147275222
0.04,0.5000897835436204,0.016106467594220287,0.4707323793965399,0.5090536138036439,0.5520975056689342,0.4500868055555555,0.5184786132934281
0.0402,0.5000977688170153,0.01646204312777032,0.46953766213317055,0.5073904999396693,0.5533659297052154,0.4497395833333334,0.5204551689736875
0.0404,0.5003252553744721,0.016693655392355,0.4674395260495601,0.5100872782850019,0.5530275651927438,0.4496527777777778,0.5214191295672778
0.0406,0.5003556223738992,0.017022964512431533,0.4651386619953943,0.5096207215541166,0.5544625141723356,0.4502604166666666,0.5222957974809825
0.0408,0.5005409113780359,0.017422603320298016,0.4624756431200425,0.5108293448095564,0.5557309382086167,0.45069444444444445,0.5229741863075196
0.041,0.5006126458009617,0.01787721446959491,0.4619206014919205,0.5099243856332704,0.5580268565759636,0.4497395833333333,0.5234518019703205
0.0412,0.5003392406131285,0.018122125634450714,0.4594347235617139,0.5100329807344247,0.5574192176870749,0.4496527777777778,0.5251565033046515
0.0414,0.5002903618747738,0.018074783073094885,0.45686027515893485,0.5106845513413506,0.5576690051020409,0.4521701388888889,0.5240678388826537
0.0416,0.4993663922738376,0.01828827658331677,0.45520695967091146,0.5099465068575795,0.5574209892290249,0.45086805555555554,0.5233894500561166
0.0418,0.4994533413582145,0.018371034287548358,0.45382919676422534,0.5112516590918232,0.5577611252834467,0.45173611111111106,0.5226886145404663
0.042,0.49996673185335017,0.01876457958447696,0.4517960123605015,0.5116257088846881,0.5593767715419502,0.4527777777777778,0.5242573887018331
0.0422,0.5001451490817217,0.019088444727629935,0.4493121026630189,0.5131259300969312,0.5598161139455782,0.4534722222222222,0.524999376480858
0.0424,0.5008861575006858,0.019074072144828997,0.44932194382663804,0.5133230100953223,0.5612882653061224,0.45555555555555555,0.5249420127197906
0.0426,0.5003093440474218,0.019453631387034494,0.44638140413722516,0.5139906688653822,0.5605300453514739,0.4546875,0.5259571018830278
0.0428,0.500032377517566,0.019818888202392873,0.4442616174936525,0.5146603386558339,0.5614742772108843,0.45442708333333337,0.5253385708941265
0.043,0.5000468675899986,0.020222425815248007,0.442972425059539,0.5148493745726582,0.5622324971655328,0.4534722222222222,0.5267078189300411
0.0432,0.49998830537035915,0.020736128271391135,0.4413250142696873,0.5146744157985761,0.5640252976190476,0.4526041666666667,0.5273126324978177
0.0434,0.4998035365041497,0.021364894938383745,0.43847894975101853,0.5156899810964083,0.5656533446712018,0.4518229166666667,0.5273724903354533
0.0436,0.5003339120381718,0.021491167089528706,0.4374515322691755,0.517447612918795,0.5658304988662131,0.4529513888888889,0.5279885272477864
0.0438,0.5008321315459929,0.021811002548943838,0.4368020154703093,0.520242931263323,0.5663265306122449,0.4522569444444445,0.5285322359396434
0.044,0.5012391070719231,0.02189884103001461,0.4366268427578877,0.5222036761452762,0.566592261904762,0.45251736111111107,0.5282553934405787
0.0442,0.5012524345193506,0.021866354610627456,0.43672919085952716,0.5237903712343643,0.5654956774376416,0.45199652777777777,0.5282504052874424
0.0444,0.5008281527848985,0.021830663689527754,0.43552856889798647,0.5249064875517838,0.5628507653061223,0.45164930555555555,0.529205636613044
0.0446,0.5011451223612569,0.022104085467657502,0.435449839589033,0.5261171218276154,0.5634637188208617,0.45060763888888894,0.5300872926798853
0.0448,0.5010909907372074,0.021923945980152525,0.4364595429763615,0.5275147809998793,0.5620163690476191,0.44991319444444444,0.5295510662177328
0.045,0.5013330096320592,0.021858234225448712,0.4350719389060562,0.5288259662952982,0.5617577239229025,0.45234375,0.5286656690360394
0.0452,0.5011225314636376,0.021907087806932037,0.43313716613852427,0.5298676748582231,0.5606487386621315,0.4535590277777778,0.5284000498815313
0.0454,0.5013016467844796,0.021898378658362767,0.43221209675832073,0.5320214776977839,0.5591978458049887,0.45460069444444445,0.5284761192168601
0.0456,0.5011770295406119,0.021890896375867816,0.4326844726120417,0.532401560551824,0.5589445153061225,0.45373263888888893,0.5281219603441827
0.0458,0.501420344368402,0.022080049867106304,0.4328675182553585,0.5337147568676346,0.5592917375283447,0.4527777777777778,0.5284499314128943
0.046,0.5005296976180388,0.022130638227929763,0.43185584663530624,0.5340003217632626,0.557688492063492,0.45147569444444446,0.5276281331836887
0.0462,0.4995769853279864,0.021889392568653902,0.4322317790855591,0.5335337650323775,0.5547937925170069,0.44991319444444444,0.5274123955605436
0.0464,0.4995009573906176,0.021774687476415176,0.43276713838644276,0.5335357760527691,0.5549691751700679,0.45,0.5262326973438085
0.0466,0.500027450538554,0.021501241649476366,0.4336922077666463,0.5360435184812774,0.5527565192743764,0.45121527777777776,0.5264297293926923
0.0468,0.5000415798203697,0.021370394933470968,0.4337729053083237,0.5361380364396895,0.5519894416099773,0.45182291666666663,0.5264845990771916
0.047,0.49984123886858944,0.02113599082590647,0.4349636861062452,0.5370852270442021,0.5502143565759637,0.45121527777777787,0.5257276468387581
0.0472,0.4984204779209058,0.02109953178799885,0.4335760820359399,0.5368177613320999,0.5479095804988663,0.44991319444444444,0.5238857712931788
0.0474,0.4985933267389132,0.020875123312644094,0.4350581612769894,0.5362667417447613,0.5479113520408164,0.44991319444444444,0.5238171841875545
0.0476,0.4980713490872143,0.02063470267322848,0.43605605526797486,0.5355186421590314,0.5475747590702948,0.4493055555555555,0.5219017333832149
0.0478,0.4976908307206663,0.02056557311874321,0.4363296396165882,0.5343200740055505,0.5477572278911564,0.4486979166666667,0.5213492954233695
0.048,0.4974485503704303,0.020170271896746365,0.43762670498159706,0.5342175119655713,0.5463010204081632,0.4490451388888889,0.5200523756079312
0.0482,0.4968757649454384,0.019695328530903146,0.44001023481016394,0.5328258858544827,0.5460494614512472,0.4484375,0.517055742611298
0.0484,0.4959194249848865,0.019460913979689083,0.43918554529887616,0.5320677311667941,0.5446038832199547,0.4488715277777778,0.5148684374610302
0.0486,0.4957807856156936,0.018942343280147277,0.4399059184758006,0.5316916703535374,0.5428163973922902,0.45078125,0.51370869185684
0.0488,0.49496253158017306,0.018836804678722754,0.4398941090794576,0.5305634879137674,0.5425630668934242,0.45,0.5117919940142162
0.049,0.4942536876820096,0.018016121164246335,0.443009821481292,0.5299903471021197,0.5395868764172336,0.45008680555555564,0.5085945878538471
0.0492,0.4935495772020504,0.017727369145378084,0.4433798492333733,0.5293347544544101,0.5383875425170068,0.4501736111111111,0.5064721286943509
0.0494,0.4930155654787033,0.017014761891630644,0.44651918042789374,0.5265434581506655,0.5372023809523809,0.4499131944444444,0.5048996134181319
0.0496,0.49221583111287737,0.0167482965575096,0.4481941464758794,0.5245927683706714,0.5368693310657597,0.4484375,0.5029854096520763
0.0498,0.4907431997560163,0.01616689977259124,0.4481941464758793,0.5209588545227849,0.5352572278911565,0.44904513888888886,0.5002606310013717
0.05,0.4897915838132681,0.015391081313145507,0.4494734977463735,0.5172384667980534,0.5325308248299321,0.4496527777777778,0.5000623519142038
0.0502,0.4889313985282242,0.01472146290467151,0.4514003975830102,0.5160217994610465,0.5295510912698413,0.4496527777777778,0.49803092654944514
0.0504,0.4873531511359011,0.01410377936207685,0.4528686991949928,0.513890117845795,0.5265819869614512,0.4487847222222222,0.49464022945504427
0.0506,0.4863537955335957,0.01352393881822279,0.4545121735193969,0.5118449101073885,0.524282525510204,0.44852430555555556,0.4926050629754334
0.0508,0.4850177720239805,0.012654571432340613,0.45708268545672837,0.5081164783010899,0.5209626558956917,0.44809027777777777,0.4908367626886146
0.051,0.48456289490932464,0.012037580953960863,0.4583738461235657,0.5061758436230543,0.5190759637188208,0.44921875,0.4899700710811822
0.0512,0.4832458769491015,0.011527526182109818,0.46002912984431277,0.5030205526284037,0.5173522534013605,0.4484375,0.48738994887143033
0.0514,0.482276026027196,0.011043129002985944,0.46140492451827503,0.49975666653259865,0.515998795351474,0.4482638888888889,0.48595585484474374
0.0516,0.4812800102714645,0.0106107058914175,0.4625091030763476,0.49716245022724526,0.5144469246031746,0.44809027777777777,0.48419129567277713
0.0518,0.48085393439602137,0.009884209733022634,0.4636093451689728,0.4950287575916019,0.5128224206349208,0.4505208333333333,0.4822883152512782
0.052,0.4804326662038906,0.009338921965040667,0.46601058909205423,0.49250693802035156,0.511187287414966,0.45078125,0.4816772664920813
0.0522,0.4805677629078867,0.008882987188097513,0.46793552069596717,0.4902023086514097,0.5105017006802721,0.4519097222222223,0.4822895622895623
0.0524,0.4797115838675306,0.008161710616601049,0.4685850374948334,0.4870429956159755,0.5081933815192744,0.45373263888888893,0.4810038658186807
0.0526,0.47900799442619996,0.007792183190215741,0.4699608321687957,0.48370470176567587,0.5077611252834467,0.45477430555555554,0.47883900735752594
0.0528,0.4788780532286941,0.007350291745152933,0.47234829846281023,0.4812914772955798,0.5068930697278912,0.4561631944444445,0.4776942262127447
0.053,0.47862921412140463,0.006784207456017073,0.47568051646426673,0.47683706712786067,0.5061206774376417,0.459375,0.475132809577254
0.0532,0.47804159158416476,0.006688157232561785,0.47677682209144406,0.475254394079556,0.5050028344671202,0.4588541666666667,0.4743197406160369
0.0534,0.4777745908413583,0.006479699493065348,0.47834550357234235,0.4723766238989663,0.504047973356009,0.4599826388888889,0.47412021449058483
0.0536,0.47754360190928075,0.006612088967215434,0.4800952624638338,0.4694908096368097,0.5045564058956916,0.4612847222222222,0.47229080932784645
0.0538,0.4765198173699764,0.006666191158122245,0.48029405396894126,0.46455576559546313,0.5036936649659864,0.46284722222222213,0.47120838009726895
0.054,0.4772638288177714,0.006513031071386628,0.4823252701399413,0.46437477376020586,0.5034155328798187,0.46519097222222217,0.47101259508666915
0.0542,0.4771181326930357,0.006818631853854503,0.4848288621646624,0.46122551582673055,0.5033110119047619,0.46710069444444446,0.4691245791245791
0.0544,0.4774784823545225,0.0071592894891125336,0.48650382821264787,0.4590938342114789,0.5041578089569161,0.4690972222222222,0.4685397181693478
0.0546,0.47720796864970516,0.007529423672771487,0.487239947251363,0.45584201423802434,0.5043137046485261,0.47005208333333337,0.46859209377727895
0.0548,0.47796969412014595,0.007725079165045941,0.49047375361662765,0.45639102280497124,0.5046449829931973,0.47048611111111105,0.4678526000748223
0.055,0.4779188320064933,0.00852843402809004,0.4920404668648021,0.45201906447331375,0.50625,0.4717013888888889,0.4675832398054621
0.0552,0.4779638694660756,0.008937018998381875,0.4934280709351073,0.450436391425009,0.5070046768707483,0.47196180555555556,0.46698840254395807
0.0554,0.47782865602327335,0.009391413281462573,0.4939949219595725,0.4486727265414472,0.508186295351474,0.4723958333333333,0.46589350293053994
0.0556,0.4782530282988106,0.009645461805778013,0.4952014486192848,0.4470116236978643,0.5082536139455782,0.47482638888888895,0.4659720663424367
0.0558,0.47845517003839627,0.010092646375896863,0.4977168500403487,0.4455134135060129,0.5083988803854875,0.47586805555555556,0.46477865070457663
0.056,0.47853587464785824,0.010463094611812959,0.49929143621941857,0.4432892249527411,0.5080498866213152,0.47734375,0.4647050754458162
0.0562,0.47865027787795167,0.010668110218829319,0.5006908496860669,0.4430941559747416,0.5084644274376418,0.4765625,0.4644394562913082
0.0564,0.47992112480974286,0.010853027250604231,0.5031826323144448,0.44356272372601857,0.509233276643991,0.47855902777777776,0.46506796358648206
0.0566,0.4806451949139251,0.011042203728205491,0.5048497254315351,0.44310421107670034,0.5093005952380952,0.4805555555555555,0.4654158872677391
0.0568,0.48136672681466164,0.011535901711592047,0.5079949613242271,0.4410590033382939,0.5086787840136054,0.4833333333333333,0.46576755206384834
0.057,0.4817249569598328,0.011843332125553819,0.5094770405652765,0.4404054217109762,0.5090065192743765,0.4846354166666667,0.4651003865818681
0.0572,0.4826458596955274,0.011797792474173204,0.5096738638376601,0.4412299400715923,0.5100021258503402,0.4861979166666667,0.4661254520513779
0.0574,0.48332334524402165,0.012015632677793786,0.5113507981183696,0.4410449261955516,0.5104042658730159,0.4874131944444445,0.46640354158872677
0.0576,0.4839304061621572,0.011939159067062298,0.5120180290117504,0.4424345412862486,0.5110756802721088,0.48758680555555556,0.4665369746851229
0.0578,0.4851988822205652,0.011724148125440014,0.5114669238490759,0.4438261673973374,0.5116567460317459,0.4911458333333333,0.46789874049133306
0.058,0.4868779371484129,0.012022446353468651,0.5144428917275179,0.4440111812733781,0.5131696428571428,0.49288194444444444,0.46988402543958097
0.0582,0.4874668566458468,0.011808297472455636,0.5145472080618813,0.4446647629006958,0.5119561366213151,0.49496527777777777,0.4712008978675645
0.0584,0.48798850110939773,0.01193227724254586,0.5149428228393725,0.4450347906527772,0.5128861961451247,0.4963541666666666,0.47072452924304775
0.0586,0.4893502505872359,0.011636100565778141,0.5151376778790324,0.4466174637010819,0.5130332341269842,0.4984375,0.47352537722908095
0.0588,0.4889714339153414,0.011513780456541813,0.5153404058495876,0.44606845513413507,0.5099454365079364,0.4995659722222222,0.47393689986282583
0.059,0.4898412434121048,0.011435251316080036,0.5151809789989569,0.446894984515143,0.5104379251700679,0.5016493055555555,0.4750430228208006
0.0592,0.4910038002654983,0.011213608968401978,0.5145708268545673,0.4487652334794675,0.5117789824263038,0.5035590277777777,0.4763449307893753
0.0594,0.49190415438860613,0.010888936787570889,0.5138504536776429,0.4511824799903471,0.5122821003401361,0.5053819444444445,0.4768237934904601
0.0596,0.4931598435029748,0.010749653451963277,0.5136831538961166,0.45228451916502427,0.5135505243764172,0.5069444444444444,0.4793365756328719
0.0598,0.49415481535547096,0.010621657077398493,0.5131497628279568,0.4535132526243816,0.5144044075963718,0.5089409722222221,0.4807656815064222
0.06,0.49422056143934856,0.010287182321996529,0.510122620898695,0.4542653742508949,0.5143902352607709,0.5099826388888888,0.4823419378974935
0.0602,0.4947238625383674,0.010041329375940326,0.5087586356210758,0.4547258979206049,0.512671839569161,0.5123263888888889,0.48513655069210626
0.0604,0.4956025999167964,0.00951732707958188,0.508225244552916,0.4574287093271126,0.5128472222222223,0.5123263888888889,0.487185434592842
0.0606,0.49631528603218555,0.00906790198301277,0.5072273505619304,0.45986606604190977,0.5128596230158731,0.5129340277777776,0.48868936276343683
0.0608,0.4973544203777053,0.008804710810632431,0.5052295943472356,0.4614487390902144,0.5128613945578231,0.5151909722222222,0.4920414016710312
0.061,0.49773137298021447,0.008448652360151661,0.5020213750073809,0.46369303784740373,0.512687783446712,0.5168402777777777,0.4934143908217982
0.0612,0.4984894152902716,0.008068895471647674,0.49890763083827033,0.46668342516993117,0.5125230300453515,0.51875,0.4955829903978052
0.0614,0.4986721877912104,0.008277807769253753,0.4961678508866888,0.46724248883883684,0.5134619472789115,0.5208333333333333,0.49565531861828155
0.0616,0.49914101135768385,0.008046501429558367,0.49441218729702596,0.4694747214736757,0.513470804988662,0.5216145833333333,0.4967327596957226
0.0618,0.49960794489921073,0.007980574955152702,0.4934162615387644,0.47097494268591883,0.515171485260771,0.5216145833333333,0.4968624516772665
0.062,0.5000427422572808,0.007927926478569557,0.4925049697876277,0.4720146402284519,0.5150740504535147,0.5223958333333333,0.49822421748347673
0.0622,0.5005782579395216,0.008067953429392165,0.4894719231601945,0.473038249607851,0.5168721655328797,0.5224826388888888,0.5010263125077941
0.0624,0.5010374159219866,0.007957448047207638,0.4880095262463834,0.47546354020029763,0.5149110685941043,0.5248263888888889,0.5019765556802593
0.0626,0.5019521406408475,0.007770208499017706,0.4873639459129647,0.47816836262719703,0.5152565192743763,0.5254340277777778,0.5035378476119217
0.0628,0.5029639732611466,0.007695376406204206,0.4864428129982089,0.48069621525962275,0.5149978741496598,0.5265625,0.5061204638982416
0.063,0.5024637527896385,0.008035784343182271,0.4830417068514182,0.4810722760728794,0.5147463151927438,0.5272569444444445,0.5062015213867065
0.0632,0.5028469071091888,0.008069961669897735,0.48072509693546167,0.48351566584885175,0.5143140589569162,0.5274305555555556,0.5082491582491582
0.0634,0.5027920427008405,0.007978276051202002,0.4787076583935284,0.48566142460684547,0.5143193735827664,0.5261284722222223,0.5091432846988402
0.0636,0.5031173307864364,0.008009174408780852,0.47760151160273184,0.48762216948879866,0.5131218112244897,0.5267361111111112,0.5105050505050506
0.0638,0.5031500123873693,0.008563220793332922,0.4742811029976184,0.4889232996822588,0.511343183106576,0.5283854166666667,0.5128170594837262
0.064,0.503259327516149,0.008683606974308858,0.47260613694963294,0.4910670474198609,0.5100517290249432,0.5283854166666667,0.5141863075196408
0.0642,0.5035145154406158,0.009159735586962675,0.4696636290274962,0.4936713188271729,0.5088559382086167,0.5294270833333333,0.5159546078064597
0.0644,0.5029541931900264,0.009717255274705464,0.46615033361544667,0.4944194184129027,0.5080073696145126,0.5300347222222224,0.516159122085048
0.0646,0.5032334976949338,0.010193409859534163,0.46431003601865883,0.4954631379962192,0.5074121315192743,0.5315972222222222,0.517384960718294
0.0648,0.503500872270753,0.010476453041455521,0.4630070659554786,0.4982403571572216,0.505032950680272,0.5325520833333333,0.5186719042274597
0.065,0.5033975180814922,0.010920718015738903,0.4610703249552227,0.49910107388488917,0.502889384920635,0.5324652777777779,0.5214615288689363
0.0652,0.5035694931255004,0.011285146446821168,0.4595803727832779,0.5007782648916059,0.5015270691609978,0.5327256944444445,0.5232360643471754
0.0654,0.5044609701558503,0.011609398194014367,0.45902336292243195,0.5035796162973092,0.5005952380952381,0.533420138888889,0.5256864945753834
0.0656,0.5047465962649522,0.012048753193852096,0.4575294742850395,0.5046032256767083,0.5,0.5339409722222223,0.5276593091407906
0.0658,0.5055164295415636,0.012484056186589905,0.4566969118428563,0.507028516269155,0.4988927862811791,0.5349826388888889,0.5299812944257389
0.066,0.5060245002378505,0.012859816200937206,0.45558682858661204,0.5088826770703455,0.4984640731292517,0.53515625,0.5320326724030429
0.0662,0.5065343569007142,0.012891898133564011,0.45622453598913537,0.5090797570687366,0.49855796485260767,0.5348090277777777,0.5340004988153136
0.0664,0.5064326493655014,0.013223201625424532,0.4556655578955656,0.5086212444194184,0.49677225056689334,0.5356770833333333,0.5354271106122959
0.0666,0.5066589041853746,0.013276273166517019,0.45601787155313256,0.5076901419780396,0.49711592970521545,0.5366319444444445,0.5358386332460406
0.0668,0.5074563636036628,0.013529407167495034,0.4559981892258941,0.5099344407352291,0.4964303429705216,0.5372395833333333,0.5376792617533359
0.067,0.5074852838858689,0.01390290351559178,0.4548703918751353,0.5098600329807345,0.4957518424036282,0.5381076388888889,0.5388365132809577
0.0672,0.5076676862552187,0.014218264235396936,0.4544964276576062,0.5096689860435185,0.49472789115646265,0.5393229166666667,0.5401222097518394
0.0674,0.5081854469193976,0.014142985917785839,0.45568524022280404,0.5111571411334112,0.49396258503401363,0.5393229166666667,0.5407993515400922
0.0676,0.5088643711306524,0.01399299725472221,0.45807664298226614,0.511913284800708,0.49267644557823137,0.5401041666666667,0.5415513156253897
0.0678,0.5094583726157222,0.014303784827315123,0.4580845159131616,0.5137775007038571,0.4913105867346939,0.5410590277777778,0.5430602319491209
0.068,0.5098249159262703,0.01439153206422864,0.45910602869683315,0.5135985198889916,0.4902937216553287,0.5434027777777778,0.5427235316124206
0.0682,0.5099822968223819,0.014275369561378095,0.46046804574172845,0.513588464787033,0.48943983843537414,0.5434895833333333,0.5429255518144407
0.0684,0.5103828353637511,0.014060558920889062,0.46166866770326925,0.5127518803040664,0.4907330640589569,0.5434895833333333,0.5432709814191296
0.0686,0.5112203205740103,0.014044516060490859,0.4630424941445077,0.5139584925391143,0.4906427154195011,0.5443576388888889,0.5441002618780396
0.0688,0.5119655853000242,0.014097568156782295,0.4629480189737635,0.5159996782367373,0.49160643424036277,0.5449652777777777,0.5443085172714802
0.069,0.511279542530836,0.013879574638556887,0.46423130670970536,0.5146844709005349,0.48971619897959184,0.5439236111111111,0.5438421249532361
0.0692,0.5116814721418547,0.014007588918644722,0.4651544078571851,0.5157925431363874,0.48819090136054416,0.5446180555555555,0.5446514527996009
0.0694,0.5122745858069828,0.013638396888580916,0.4681972956482374,0.5167196235369828,0.48750531462585034,0.5440972222222223,0.5448534730016212
0.0696,0.512428996706167,0.013944790040793022,0.4684649752986793,0.5165265655793749,0.48589143990929706,0.5444444444444445,0.5468175582990399
0.0698,0.5132672895551541,0.013717209530435075,0.47041549392800197,0.5176245827132687,0.486500850340136,0.5447048611111112,0.5470906596832523
0.07,0.5140713339406232,0.01360705802397656,0.4731788926722696,0.5182761533201946,0.48557787698412697,0.5454861111111111,0.5478376356154134
0.0702,0.5146324400190444,0.01345007467228287,0.47548566142460685,0.519480754534851,0.48464073129251706,0.5462673611111112,0.5472876917321362
0.0704,0.5153021584946191,0.013343585435196221,0.4777018914716476,0.5186401480111009,0.4848161139455782,0.547048611111111,0.5483040279336576
0.0706,0.5157681555022056,0.012990676909945943,0.48064833585923206,0.5196496802477577,0.48421910430839005,0.5457465277777778,0.5485771293178701
0.0708,0.5155286129650343,0.012816491325617862,0.4825083157832582,0.5184350239311427,0.4831030328798186,0.5461805555555556,0.5474161366753959
0.071,0.5152863615114027,0.012556735441512689,0.4843564863109414,0.5178699272010618,0.48225800736961444,0.54453125,0.5474161366753959
0.0712,0.5151044485022129,0.012565258049984304,0.4862873226130257,0.5173973374090013,0.4803022250566894,0.5426215277777777,0.5489138296545704
0.0714,0.5145474443772553,0.012559854301856068,0.4867577302340228,0.5182218557696175,0.47842261904761896,0.5402777777777776,0.5490572390572391
0.0716,0.5146756153657723,0.012309127641013145,0.4884090774893224,0.5184048586252665,0.4784243905895691,0.5394965277777778,0.5486432223469261
0.0718,0.5148660022416521,0.011639015172569026,0.4926506190091916,0.5195028757591602,0.4780966553287982,0.5374131944444445,0.5466666666666666
0.072,0.5149996519372341,0.011305631464241668,0.49514633810301734,0.5208723806459398,0.47768211451247167,0.5352430555555555,0.5460543708691856
0.0722,0.5150302187163749,0.010975028541028662,0.49911429527427326,0.5208522704420223,0.476578443877551,0.5335069444444445,0.545099139543584
0.0724,0.5148835229705409,0.011108662863084456,0.5006849449878954,0.5193480271889956,0.47530647675736964,0.5331597222222223,0.5459184436962214
0.0726,0.5144883719988321,0.010862622189817617,0.5025311472828548,0.5207456863612597,0.4744614512471655,0.5296006944444445,0.5451028806584362
0.0728,0.5142350958547337,0.010717760417997433,0.505020961678509,0.5197924626955718,0.4734410430839002,0.5292534722222222,0.5436675395934655
0.073,0.5148819266458655,0.01066089181146405,0.5069616391442124,0.5214495434983711,0.4736961451247165,0.5279513888888889,0.5443509165731388
0.0732,0.5153727728688109,0.010522721189527654,0.5084397819198141,0.5225435385914813,0.4742205215419501,0.527517361111111,0.5441426611796982
0.0734,0.515354757506748,0.010702644680838215,0.5115712401834394,0.5234565418493344,0.4721832482993197,0.5256944444444445,0.5438683127572016
0.0736,0.5150592474498984,0.010568591879404546,0.5116657153541835,0.5242750271487753,0.47278734410430834,0.5222222222222223,0.5443459284200025
0.0738,0.5150623524151176,0.010593719822699082,0.5131320487334422,0.5264831275389132,0.4723763463718821,0.5194444444444445,0.5438757949869062
0.074,0.5148297645914057,0.01079467430366306,0.5140472769500265,0.5282307042593412,0.47127621882086174,0.5169270833333333,0.5436675395934655
0.0742,0.5149518607992991,0.010960196276534983,0.5161729682917707,0.5290612556811326,0.4709343112244898,0.5142361111111111,0.544354657687991
0.0744,0.5152100760871636,0.01104042231455385,0.5168165803924656,0.529509713228492,0.4706012613378685,0.5147569444444444,0.5443658810325478
0.0746,0.5150462421009492,0.011214641917012358,0.5172771468498436,0.5298777299601818,0.4699139030612245,0.513454861111111,0.5447075695223844
0.0748,0.5148369439825687,0.011531822518000334,0.5185584663530616,0.5311607609701162,0.4688102324263038,0.5106770833333334,0.5449781768300287
0.075,0.5149437740787463,0.011746948992949913,0.519944102190643,0.5313357197441982,0.46871811224489796,0.5085069444444444,0.5462139917695474
0.0752,0.5154163525586153,0.012387958228583441,0.5224221071899541,0.5348670715521056,0.4670121173469387,0.5060763888888888,0.5467040778151889
0.0754,0.5156598625090465,0.012728942266900196,0.5241679296159978,0.5357036560350722,0.46633184523809523,0.5045138888888889,0.5475819927671779
0.0756,0.5151015974924935,0.012981853673559605,0.5249808097309426,0.5365301854160801,0.4648862670068027,0.5026909722222221,0.5464197530864198
0.0758,0.5151627538052187,0.01283938424572931,0.5257169287696577,0.5361480915416482,0.4663389314058957,0.5010416666666667,0.5465681506422249
0.076,0.5159620893235924,0.013014732078755442,0.5273505619304426,0.5357800748099586,0.4663513321995465,0.5019097222222222,0.5484187554557926
0.0762,0.5160362053357946,0.013177114084344863,0.528820831775149,0.5378212605075816,0.46625921201814063,0.5000868055555556,0.5471929168225464
0.0764,0.5164983768600514,0.013389067929775213,0.5290058456511899,0.5403209588545228,0.46558248299319727,0.50078125,0.5468013468013468
0.0766,0.5170041540776855,0.013599301344992645,0.5310370618221899,0.5417226400675703,0.4651767998866213,0.5006944444444444,0.546389824167602
0.0768,0.5173489075819511,0.013779257635936105,0.5313086779380793,0.5429352853637937,0.46439909297052157,0.5016493055555555,0.5464521760818056
0.077,0.5178566416978251,0.013943663137113201,0.5320310193477277,0.5440614567831717,0.46405187074829934,0.50234375,0.5467951116099263
0.0772,0.5185839003198196,0.014136790307450915,0.5336784301375794,0.5441620078027591,0.4638959750566894,0.5029513888888889,0.5482316997131812
0.0774,0.5189819156561386,0.01451948875515408,0.5344932784852481,0.5458492539114347,0.46286670918367345,0.5027777777777778,0.548922558922559
0.0776,0.5198611601799017,0.014393213277410413,0.536888617710158,0.5457647910549813,0.4647480867346939,0.5024305555555555,0.5494737498441202
0.0778,0.5204212902055108,0.014638279368899214,0.5380813667408034,0.5465309898242368,0.4637170493197279,0.5038194444444445,0.5499576006983413
0.078,0.5207997887645431,0.014788878748898802,0.5407502903143268,0.54728311145075,0.4638853458049887,0.5028645833333333,0.5492156129193166
0.0782,0.5211877005256431,0.014737747174120568,0.5405514988092193,0.5484997787877568,0.4640536422902494,0.5041666666666667,0.5486669160743235
0.0784,0.521726372153392,0.014644634245546814,0.5410120652665972,0.5497184571451555,0.4646630527210884,0.5053819444444445,0.5478563411896746
0.0786,0.5221339923830784,0.01496301725522309,0.5425669691184286,0.5519567228411696,0.46466128117913835,0.5038194444444445,0.547665544332211
0.0788,0.5225787113324812,0.015132248983594748,0.5452201468301612,0.551866226923541,0.46458510487528343,0.5035590277777777,0.5476630502556429
0.079,0.5236543808307027,0.015140037860355334,0.546214104355699,0.5534589550738045,0.46576672335600905,0.5044270833333333,0.5484050380346677
0.0792,0.5241180571668975,0.015451594209481327,0.5472946641210856,0.555789727707839,0.4653539540816327,0.504079861111111,0.5480720788128195
0.0794,0.5242415661257798,0.015769564475092195,0.5494892436081642,0.5567389293327434,0.4639756944444445,0.5044270833333334,0.5465768799102133
0.0796,0.5249576274911272,0.015832562646392243,0.5508670065148504,0.557758516671359,0.4645567602040816,0.5049479166666668,0.5466579373986782
0.0798,0.5253441327264572,0.01641520252980713,0.5526994311807428,0.5588766440091703,0.46216340702947845,0.505642361111111,0.5473388203017834
0.08,0.5263996355381986,0.016605765646454346,0.5549806129076702,0.5616860394964405,0.46301197562358276,0.5059895833333334,0.5463299663299664
0.0802,0.5267526712183124,0.016500541482886256,0.5571712559293011,0.560117443590878,0.46343891723356007,0.50703125,0.5460044893378226
0.0804,0.5267634113623156,0.016321949720174866,0.5575334107504871,0.5605840003217633,0.4648667800453515,0.50625,0.5445828656939768
0.0806,0.5274321183322893,0.016436200529396677,0.5591631074458244,0.5620842215340064,0.4651236536281179,0.5072916666666667,0.5434979423868314
0.0808,0.5279157576072513,0.016165618423446795,0.560800677072057,0.5621948276555524,0.4668916524943311,0.5085069444444444,0.5411846863698716
0.081,0.5281094549818092,0.01597126674802592,0.561792666364871,0.5621083537787073,0.4685019841269841,0.5082465277777778,0.5398977428607058
0.0812,0.5281921765482744,0.01590659704857719,0.5625996417816441,0.5610746892973495,0.46830534297052157,0.509548611111111,0.5394325975807458
0.0814,0.5286968798949209,0.015763589618531644,0.56441828881847,0.5620259019426457,0.47051268424036286,0.5094618055555555,0.5370657189175707
0.0816,0.5284828037067305,0.015623873092575492,0.5662290629244001,0.561189317459679,0.47228422619047616,0.5081597222222223,0.534551689736875
0.0818,0.5285313540106271,0.015542387387237058,0.5670321018757258,0.5611149097051844,0.4736323696145125,0.5072048611111111,0.5336725277466018
0.082,0.5289115152625279,0.01525582305947765,0.5684925305568129,0.5594236415557254,0.47498937074829933,0.5089409722222222,0.5327110612295798
0.0822,0.5287836099576938,0.015039680689187455,0.5690239533922491,0.5592426497204681,0.4765997023809524,0.5092013888888889,0.529850355405911
0.0824,0.5281171711256876,0.014964145303861115,0.5687385596472927,0.5588766440091704,0.47702664399092976,0.5083333333333333,0.5276106746477117
0.0826,0.5277572824285672,0.014963218182902376,0.5696360737693624,0.5585991231951093,0.47777246315192745,0.5081597222222223,0.5246190298042149
0.0828,0.5272842059372695,0.015095634273491513,0.5691617296829177,0.5599987933877649,0.4777600623582766,0.5074652777777778,0.5220351664796109
0.083,0.5273561754166044,0.015586726400134155,0.57070679237113,0.5624240839802115,0.4780842545351474,0.5052951388888889,0.5202706073076443
0.0832,0.526583160736112,0.015953266647236286,0.5719074143326707,0.5622410811245626,0.47755456349206354,0.5027777777777778,0.5184349669534855
0.0834,0.5263835961130795,0.01603801938233692,0.5721672210522172,0.5629027068334473,0.4787538973922902,0.5009548611111112,0.5171392941763313
0.0836,0.5255453524411134,0.01614036388766527,0.572714389749444,0.5617886015364195,0.47959892290249434,0.49782986111111105,0.515794986906098
0.0838,0.524961715692416,0.016216803251235756,0.5755683271990081,0.5588102803362426,0.4809506094104309,0.49722222222222223,0.5122571392941764
0.084,0.524354858720484,0.01636939999473737,0.5770267876473715,0.5570385713711137,0.4815352182539683,0.49539930555555545,0.5107744107744108
0.0842,0.5240857102989066,0.01665913385326497,0.5792272718326215,0.5559968628081889,0.48263888888888895,0.4934895833333333,0.5090759446315001
0.0844,0.5234586515883264,0.016561022110446497,0.5791131143346389,0.5548948236335117,0.4838134212018142,0.49366319444444445,0.5058087043272229
0.0846,0.5229479983417258,0.016613769895814468,0.5792016848072116,0.5547198648594298,0.4857692035147393,0.4924479166666667,0.5026013218605812
0.0848,0.5228325646437885,0.016962893157011126,0.5808451591316157,0.5548143828178418,0.4868055555555556,0.49079861111111106,0.5008991146028183
0.085,0.5218279080789167,0.01707397262645059,0.5814848347668627,0.5524112134497045,0.4866230867346939,0.4898437500000001,0.49877665544332217
0.0852,0.5214881863836993,0.017026161815154133,0.5825791721613164,0.549800908981217,0.48893317743764175,0.4887152777777778,0.49741239556054373
0.0854,0.5207060495363207,0.016939319234479475,0.5817446414864094,0.5485178779712826,0.48893140589569156,0.4879340277777778,0.49640229455044266
0.0856,0.5200039116613298,0.01755567723865277,0.5839667762316216,0.5476048747134297,0.4885824121315192,0.4846354166666666,0.4952300785634119
0.0858,0.5189559315427562,0.017750649714894838,0.5842305194166159,0.546030245746692,0.4879818594104308,0.48376736111111107,0.4927696720289312
0.086,0.5180360682163754,0.017821878169730826,0.5839687444643455,0.5446305755540362,0.48805272108843545,0.4828125,0.4907157999750592
0.0862,0.5168679022778874,0.01807396848954389,0.5840632196350897,0.5432449825041226,0.48684807256235824,0.4809027777777778,0.48928045891008853
0.0864,0.5161488070036279,0.018334555667208836,0.5844450567835141,0.5426115110807224,0.48555307539682546,0.47934027777777777,0.4887941139792991
0.0866,0.5147535976570754,0.018310097889762383,0.5835258921014821,0.5400193057957607,0.48554776077097506,0.4769097222222222,0.48776530739493695
0.0868,0.5142142569141827,0.018797037798138433,0.5846379435904502,0.5403933555886257,0.4852926587301588,0.47482638888888895,0.48592093777278966
0.087,0.5128162518162214,0.018907184573209636,0.5840789654968803,0.5381550898926115,0.48588435374149663,0.4723090277777778,0.48365382217234065
0.0872,0.5118071758031688,0.01911494792504951,0.5840888066604994,0.5362084221534007,0.487250212585034,0.4683159722222222,0.48317246539468767
0.0874,0.5104924681351426,0.019183192813366834,0.5825299663432204,0.5351787797128262,0.48801906179138327,0.4650173611111111,0.48171717171717165
0.0876,0.5090410640900626,0.01917295702091272,0.5819808294132698,0.5312613119897036,0.48905187074829926,0.4627604166666666,0.4801508916323732
0.0878,0.5076985519194721,0.019317791346027055,0.5808805873206448,0.5302336805695209,0.4881944444444445,0.46006944444444436,0.47911460281830653
0.088,0.506407884801143,0.01936916690253859,0.5810793788257523,0.526406708764027,0.487250212585034,0.45902777777777776,0.47827534605312383
0.0882,0.5052434751131656,0.01950473062556744,0.5808156356407581,0.5240779471503842,0.4873228458049887,0.45703125,0.47696969696969693
0.0884,0.5038339307582037,0.01996896698793568,0.5813805184324995,0.5221292683907816,0.486297123015873,0.4535590277777778,0.4758037161740865
0.0886,0.503090068020889,0.020198647496161133,0.5812939161926506,0.5212946949282066,0.4867293792517007,0.4512152777777777,0.47491707195410904
0.0888,0.5017200635708983,0.020402968632442023,0.5815655323085401,0.5180489080159274,0.48588081065759636,0.4495659722222222,0.47353909465020577
0.089,0.5007773723062557,0.02065807181848395,0.582305587812703,0.5157302015042433,0.4845184948979592,0.44809027777777777,0.4732422995385958
0.0892,0.5002595794257085,0.020547089769483766,0.5816777215737988,0.5139665366206814,0.48477005385487537,0.44765625,0.47322733507918696
0.0894,0.5000280063791149,0.02080502636031439,0.5834373216289094,0.5119213288822749,0.48435019841269844,0.44782986111111106,0.47260132186058107
0.0896,0.49941076046202043,0.02098629379704222,0.5839962997224792,0.5097775811446728,0.48453089569160995,0.44670138888888883,0.47204763686245166
0.0898,0.4994082548349169,0.02114318112161817,0.5846497529867931,0.5093995093110244,0.4843785430839002,0.4457465277777778,0.4728669410150892
0.09,0.49875330748449426,0.021420945868682886,0.5850256854370461,0.5091984072718496,0.482844387755102,0.44418402777777777,0.47251402918069585
0.0902,0.4988186627828787,0.021417122416686342,0.5854035861200229,0.5073482685114429,0.4846389597505668,0.44383680555555555,0.4728656939768051
0.0904,0.4985451076619558,0.021601535661273492,0.5856023776251305,0.5070707476973816,0.48541843820861674,0.4424479166666667,0.47218605811198405
0.0906,0.498489941175907,0.02163624941485635,0.5857027574940462,0.5064071109681052,0.4853298611111111,0.4416666666666667,0.4733433096396059
0.0908,0.49814098168983517,0.022013037950659835,0.5866258586415258,0.5053654024051804,0.4862776360544217,0.43923611111111105,0.47319990023693725
0.091,0.4980454804344208,0.022192506872493176,0.5869073159210345,0.5047982946547077,0.48721832482993205,0.4375,0.4738034667664297
0.0912,0.49809181097374167,0.022076654488833794,0.5867282067431654,0.5032960624220729,0.4873937074829932,0.4374131944444445,0.475627883776032
0.0914,0.49809758583205976,0.0220139495200472,0.586177101580491,0.5025560069179102,0.48875425170068026,0.4366319444444445,0.4763686245167727
0.0916,0.49879025966040197,0.022136879459480924,0.586466431790895,0.5048606362868518,0.4903929280045352,0.4359375,0.47629380221972817
0.0918,0.4998567543560936,0.02235303609547772,0.5882142224496625,0.5052990387322527,0.4929722930839002,0.43602430555555555,0.47677391195909713
0.092,0.5004324165173604,0.022438955481567845,0.5887672958450607,0.5070647146362064,0.49306795634920625,0.43602430555555555,0.47723781020077316
0.0922,0.5010676316711391,0.02257628658955548,0.5891471647607613,0.5080742468728633,0.49393601190476194,0.4345486111111111,0.4796321237061978
0.0924,0.5018176332048021,0.022653384168893148,0.5897966815596276,0.5085408036037486,0.49719742063492056,0.43480902777777775,0.4787442324479362
0.0926,0.5028232898861755,0.02272899135995164,0.5905347688310667,0.5107730362385874,0.4994331065759637,0.43559027777777776,0.4777852600074823
0.0928,0.5034840312478085,0.023030817421064914,0.5927549353435551,0.5108695652173914,0.49995393990929704,0.43585069444444435,0.47799102132435467
0.093,0.5042720351807961,0.023115593825139506,0.5938473045052847,0.5120741664320476,0.5005633503401361,0.4365451388888889,0.4783302157376232
0.0932,0.5052084294056373,0.02294452448221191,0.5940441277776685,0.5133853517274665,0.5008273100907029,0.4377604166666667,0.4800249407656815
0.0934,0.505540969368141,0.02294341033181859,0.5944220284606452,0.5128303100993443,0.5017697704081633,0.4378472222222222,0.48083551565033045
0.0936,0.5064240706503826,0.022927060134943663,0.5943334579880725,0.5158166753810883,0.5043438208616781,0.43897569444444445,0.4786507045766305
0.0938,0.5075453198809452,0.022900422818523322,0.5951542110339126,0.5176668141414954,0.5055573270975057,0.4403645833333333,0.4789836637984786
0.094,0.5086984421334014,0.02263479650168619,0.5944239966933689,0.5199010577967261,0.5074192176870749,0.44140625,0.48034168848983666
0.0942,0.5092298029851047,0.022505153986138185,0.593782352825398,0.5209146120741664,0.5087992488662131,0.4414930555555555,0.48115974560419
0.0944,0.5102404378310224,0.02274086620848114,0.5952506544373806,0.52276072879379,0.5098249716553289,0.4413194444444445,0.4820463898241677
0.0946,0.5108804071237905,0.022820270194226208,0.5963489282972819,0.5238024373567148,0.5098267431972789,0.44210069444444444,0.48232323232323226
0.0948,0.5120077286959472,0.02261150466665342,0.5961462003267266,0.5256686642802558,0.5116213151927438,0.44366319444444446,0.48293926923556557
0.095,0.5123934579645485,0.022568034754511426,0.5956009998622237,0.5263323010095322,0.5140111252834468,0.44383680555555555,0.482186058111984
0.0952,0.5135406956658635,0.02233525664051374,0.5947625327218691,0.5295921650645536,0.5150439342403628,0.4449652777777778,0.48333956852475374
0.0954,0.5147322892901369,0.02219239639584398,0.5945853917767238,0.5319229376985882,0.5167446145124718,0.44609375,0.4843147524629006
0.0956,0.5158144550361486,0.02208298227784747,0.594750723325526,0.5335820295217792,0.5178500566893425,0.446875,0.48601446564409523
0.0958,0.5167108217665627,0.02208433667779895,0.5951168146121597,0.534513131963158,0.5193948412698413,0.446875,0.4876543209876544
0.096,0.5176469493477398,0.021922352069817578,0.5949377054342906,0.5365623617423481,0.5200839710884353,0.4481770833333333,0.48847362514029175
0.0962,0.5191088484724885,0.021845859125499332,0.5955872222331569,0.5383401037686523,0.5224666950113379,0.4496527777777778,0.4894974435715177
0.0964,0.5204043570008198,0.022062415305361897,0.5973291081937528,0.5403772674254916,0.5236607142857143,0.45,0.49065469509913956
0.0966,0.5212858485602099,0.021833367926639573,0.5965949573877615,0.5414893617021276,0.5260452097505669,0.4513020833333334,0.4909976306272603
0.0968,0.5222502623498655,0.02188473979993988,0.5970515873796918,0.5425129710815269,0.5286050878684807,0.45173611111111106,0.49134555430851723
0.097,0.5234573729101376,0.021660826854270065,0.5972385694884563,0.5426899408760004,0.5312606292517007,0.4533854166666667,0.49271230826786383
0.0972,0.5241639325876786,0.021747844500680534,0.597423583364497,0.5440795559666975,0.5330534297052154,0.4534722222222222,0.49279087167976054
0.0974,0.5257096629798614,0.021832224964622907,0.5983565256755959,0.5462957004384025,0.5358613236961451,0.4544270833333333,0.4936076817558299
0.0976,0.5273765048786918,0.02189990243350115,0.6004822170173402,0.5475103567550176,0.5370553429705216,0.45529513888888884,0.49653946876169097
0.0978,0.5286958338226289,0.021793923610742984,0.600192886806936,0.5493544624542493,0.5395337301587302,0.45581597222222225,0.4985821174710064
0.098,0.5291549861370473,0.021758948392629016,0.6006514850315902,0.5509250693802035,0.5382511337868481,0.4564236111111112,0.4995236313754832
0.0982,0.5302101453269256,0.02164547212639751,0.6003877418465959,0.5529722881390018,0.5396949404761905,0.4573784722222222,0.5006172839506173
0.0984,0.5305349850894203,0.021358150727665462,0.599468577164564,0.5524112134497043,0.5409810799319728,0.45824652777777775,0.5015675271230827
0.0986,0.5310157002392801,0.02138899297608881,0.6002972031412994,0.5523166954912924,0.5415072278911565,0.45850694444444445,0.502450430228208
0.0988,0.5324054482156819,0.021359961317663774,0.6015017615682879,0.5530547399750633,0.5443292942176872,0.4604166666666667,0.5027247786507045
0.099,0.5331564479983981,0.020989396045947285,0.601220304288779,0.5537103326227728,0.5441485969387755,0.46241319444444445,0.5042898116972192
0.0992,0.5342199318208445,0.02092907511955132,0.601946582163875,0.555097936693078,0.5452628968253967,0.4638888888888889,0.5049033545329842
0.0994,0.5344567521440411,0.020708268409158716,0.6010156080854999,0.5551884326107067,0.5454435941043083,0.4639756944444445,0.5066604314752462
0.0996,0.5341939003483731,0.020620028712939536,0.6004684393882732,0.5540562281301533,0.5459591128117914,0.4638888888888889,0.5065968325227584
0.0998,0.535260060599395,0.020359498400377426,0.6010097033873285,0.5542311869042351,0.5474011479591837,0.46631944444444445,0.5073388203017833
0.1,0.5354638639231091,0.019836795512861764,0.5987127757986105,0.5532759522181555,0.5487740929705215,0.4671875,0.5093689986282579
0.1002,0.5355065115955118,0.019560678082289756,0.5987147440313342,0.5522402767164059,0.54859516723356,0.4690972222222222,0.5088851477740366
0.1004,0.5356333451544669,0.01922106006273475,0.596697305489401,0.5522342436552307,0.5503029336734693,0.4700520833333333,0.5088801596209004
0.1006,0.5364730560210151,0.01917647913736947,0.5987245851949534,0.5502714877528858,0.5517555980725624,0.4717881944444445,0.5098254146402295
0.1008,0.5371184980045027,0.018998674604175984,0.5988170921329738,0.5500764187748863,0.5528574971655329,0.4730034722222222,0.5108380097268986
0.101,0.5374825620424484,0.018999251571925727,0.6002853937449564,0.5483891726662109,0.5533712443310658,0.47404513888888894,0.5113218605811198
0.1012,0.5372531363832973,0.018612066536045403,0.6001968232723838,0.5454028073844668,0.5527600623582767,0.4760416666666667,0.5118643222346926
0.1014,0.53721565884193,0.01842500932555061,0.6001850138760406,0.5433515665848851,0.5528468679138322,0.4768229166666667,0.5128719291682255
0.1016,0.5374843504712257,0.018196594253285858,0.5999133977601512,0.5436270763785546,0.5525085034013606,0.47803819444444445,0.5133345803716174
0.1018,0.5388304100896588,0.01811050111158387,0.6009270376129274,0.5448517877971283,0.5538779053287982,0.4796006944444445,0.5148946252649956
0.102,0.5393601668998655,0.018272188624715555,0.6028696833113548,0.5445843220850259,0.5540532879818594,0.48046875,0.5148247911210875
0.1022,0.5390834194289128,0.01831538149671152,0.603434566103096,0.5430056710775046,0.5538885345804989,0.4808159722222222,0.514272353161242
0.1024,0.5392334130143125,0.018365742298126556,0.6043596354832995,0.5412440172143345,0.5546609268707483,0.4815104166666666,0.5143920688365133
0.1026,0.5393500341478662,0.017965308220883523,0.6035211683429449,0.539866468245988,0.555172902494331,0.4839409722222222,0.5142486594338447
0.1028,0.5394175088760396,0.017844754253482246,0.603700277520814,0.5382858062180751,0.5555094954648526,0.48515625,0.5144357151764559
0.103,0.5403711877481877,0.017386145314031525,0.6034168520085815,0.5382898282588586,0.5565281320861677,0.4887152777777778,0.5149058486095524
0.1032,0.5405399985786323,0.017147909092067593,0.6027889857696774,0.5364236013353175,0.5578939909297052,0.4903645833333333,0.5152288315251278
0.1034,0.5409095487113724,0.016968448683890695,0.6026098765918082,0.5343884486988698,0.5595220379818594,0.4921875,0.5158398802843247
0.1036,0.541613427062119,0.0167048190167153,0.602611844824532,0.533274343401842,0.5607054280045352,0.49461805555555555,0.5168574635241302
0.1038,0.5417772070481307,0.01637707216347452,0.6018796622512645,0.5329143707517194,0.5605229591836735,0.4964409722222222,0.5171280708317745
0.104,0.54182105262341,0.016188034608384062,0.6017930600114157,0.5297450026143266,0.5612014597505668,0.4989583333333333,0.5174074074074075
0.1042,0.5420398772055861,0.01616485429053388,0.6018717893203692,0.5285544785424124,0.5622165532879818,0.5000868055555555,0.5174697593216113
0.1044,0.5414441589753326,0.01616738628645331,0.6015903320408605,0.5262237059083779,0.5617010345804989,0.500173611111111,0.517532111235815
0.1046,0.540686984058015,0.016022072733648664,0.5999350483201134,0.5238124924586736,0.5613538123582765,0.4989583333333333,0.5193752338196782
0.1048,0.5408887863445528,0.016072406497701287,0.6002972031412994,0.5228009492016248,0.5617718962585034,0.4990451388888889,0.520528744232448
0.105,0.5402195363049641,0.01601275669226081,0.5985435077843604,0.5204038128946628,0.5621970663265305,0.49765625,0.5222970445192667
0.1052,0.5405678549493402,0.016181502698290856,0.5988111874348023,0.520425934118972,0.5638180272108844,0.4971354166666666,0.522648709315376
0.1054,0.540295212898186,0.016105310810045185,0.5970693014742063,0.5173792382254756,0.5654336734693878,0.49730902777777775,0.5242848235440829
0.1056,0.540192876909931,0.016017654246711966,0.596591020922314,0.5165466757832925,0.565687003968254,0.49826388888888884,0.5238757949869062
0.1058,0.5401015764679634,0.01610644725440827,0.5963095636428052,0.5144109721272574,0.5666170634920634,0.49861111111111117,0.5245591719665794
0.106,0.5397300504762196,0.01607466090855393,0.5954750329678982,0.5116136427623376,0.5665231717687075,0.49904513888888885,0.525993265993266
0.1062,0.5389935743752019,0.016319203572902334,0.595658078611215,0.5091099223746129,0.566000566893424,0.49835069444444446,0.5258486095523132
0.1064,0.5385948608865307,0.016515939699404417,0.5957564902474068,0.5080018501387604,0.5659934807256236,0.49730902777777775,0.5259134555430852
0.1066,0.5388712950810091,0.01649068975861849,0.5958450607199796,0.5055906366890561,0.5665798611111111,0.4998263888888889,0.5265145279960095
0.1068,0.5390692535831323,0.01656012120597291,0.5965870844568661,0.5047580742468728,0.5661387471655329,0.5002604166666667,0.5276019453797232
0.107,0.5394965914483137,0.016728081003959363,0.5976951994803865,0.5037445199694325,0.5664576247165533,0.5009548611111112,0.5286307519640854
0.1072,0.5394816893921341,0.01696400010013383,0.5971440943177121,0.5016148493745727,0.5684169501133788,0.50078125,0.5294513031550069
0.1074,0.5393695881942866,0.01715264885741252,0.5971381896195406,0.49997184571451553,0.5687305130385487,0.5002604166666667,0.5307469759321611
0.1076,0.53827627936632,0.017325938584590174,0.5956679197748341,0.49710614165627637,0.5687234268707483,0.49913194444444436,0.5307519640852975
0.1078,0.5375012932793208,0.017551338344661292,0.5956738244730058,0.4938704098459558,0.5676977040816327,0.49930555555555556,0.530958972440454
0.108,0.5373454841046252,0.01756049360884928,0.5946621528529532,0.49201624904476526,0.5680183531746031,0.4999131944444445,0.5321174710063599
0.1082,0.5373956445313862,0.0176399883824647,0.5952211309465231,0.49071511885130514,0.5665426587301587,0.5,0.5344993141289438
0.1084,0.5368678755220387,0.01795025634909347,0.5957742043419214,0.4895044845754737,0.5656675170068028,0.49800347222222224,0.5353896994637736
0.1086,0.5367223243242877,0.017988141837286472,0.594677898714744,0.4882154205043639,0.5658978174603175,0.49765625,0.5371642349420127
0.1088,0.5365516549170792,0.018062741425569486,0.594120888853898,0.4883079274423843,0.5658783304988663,0.49592013888888886,0.5385309889013593
0.109,0.5360186624353676,0.018446565211327957,0.5943866002716162,0.48477657563447696,0.5645815617913832,0.4955729166666666,0.5407756578126948
0.1092,0.5362130069465918,0.018311445609349032,0.5939201291160667,0.4855246752202067,0.5643920068027211,0.4954861111111112,0.5417421124828532
0.1094,0.5355612953601623,0.01796305326253808,0.592066053890212,0.48636528174395693,0.5626682964852608,0.49461805555555555,0.5420887891258261
0.1096,0.5347727720694653,0.018188875793048485,0.5915149487275375,0.4839520572738608,0.5619791666666667,0.49392361111111105,0.5424940765681506
0.1098,0.5337160901334584,0.01874217737130893,0.5916999626035782,0.4808007883199936,0.5611128826530613,0.4915798611111112,0.5433869559795486
0.11,0.532994316636467,0.018706367920751615,0.5910445411065404,0.4805293005671077,0.5587124433106576,0.49019097222222224,0.5444943259758075
0.1102,0.5327519136570439,0.018617722206460994,0.590396992540398,0.48044684873104615,0.5581862953514738,0.4901041666666667,0.5446252649956353
0.1104,0.5323033795979448,0.01864871143445737,0.5898301415159327,0.4807384466878495,0.5574050453514741,0.4883680555555555,0.5451752088789126
0.1106,0.5319328303959627,0.018754556317357892,0.589548684236424,0.47981739934842943,0.5571322278911565,0.4878472222222222,0.5453186182815812
0.1108,0.5311284868552585,0.018608067078942143,0.5884346645147323,0.4802718899569641,0.5552419926303855,0.48637152777777776,0.5453223593964334
0.111,0.529734389074503,0.018773164134368015,0.5870391875135317,0.4772171499819008,0.5529283588435374,0.4854166666666666,0.5460705823668788
0.1112,0.5293688061083142,0.018977554855568495,0.5881315566752612,0.47592808591079117,0.5504287131519274,0.4853298611111111,0.5470258136924804
0.1114,0.528668926369795,0.019158603536603046,0.5881197472789182,0.47379439327514783,0.5488042091836735,0.4853298611111111,0.5472964210001248
0.1116,0.5284756679092528,0.019452625574623433,0.5894030350148602,0.47284921369102684,0.5477607709750567,0.48472222222222217,0.5476430976430977
0.1118,0.5278585803573759,0.019382326878877802,0.5886531383470782,0.4721895990025338,0.5457040107709751,0.4846354166666666,0.5481107369996259
0.112,0.5264199705382571,0.019132764661474372,0.5861554510205288,0.4703354382013433,0.5434683248299319,0.4849826388888888,0.5471579997505923
0.1122,0.526112450484979,0.019046033266238372,0.5865215423071624,0.4699835096327877,0.5400386196145124,0.48611111111111105,0.5479074697593217
0.1124,0.5255669523679641,0.018983791571898615,0.5867872537248804,0.47017656759039533,0.5368693310657596,0.48602430555555554,0.5479773039032299
0.1126,0.5260594478550551,0.018820066819265676,0.5874308658255754,0.4722177532880183,0.5364317602040817,0.48611111111111105,0.5481057488464895
0.1128,0.5257901973346181,0.01905187595456788,0.5878894640502292,0.4713731247234847,0.5341996173469388,0.4856770833333333,0.5498116972191045
0.113,0.525338544965688,0.018947399105462726,0.5876001338398252,0.4708200941157544,0.5318842120181405,0.48671875,0.54966953485472
0.1132,0.524783044524932,0.01903028909676765,0.5872182966914008,0.469337972087037,0.5307663690476191,0.48697916666666663,0.5496134181319366
0.1134,0.5241152077053058,0.01899420879194495,0.5872104237605054,0.46961951494188153,0.5279549319727892,0.4864583333333333,0.5493328345180197
0.1136,0.5231793202572356,0.019206842268532552,0.5869250300155491,0.4679543900575152,0.52625070861678,0.4855034722222221,0.5492630003741116
0.1138,0.523037651451981,0.019258694338783057,0.5873757553093079,0.46796042311869035,0.5258149092970521,0.4852430555555555,0.5487941139792991
0.114,0.5219461390842483,0.019231725948224792,0.5862637038203397,0.46684631782166275,0.5229042658730159,0.48506944444444444,0.5486469634617783
0.1142,0.5215363277910818,0.019345709604731254,0.5861593874859763,0.46664923782327145,0.5211185515873016,0.4842881944444445,0.5494662676144157
0.1144,0.5209684638956997,0.0194828110308689,0.586066880547956,0.46610022925632466,0.5202682114512471,0.4830729166666667,0.5493340815563037
0.1146,0.5203155893092537,0.01944809881874711,0.5850512724624559,0.4655391545670273,0.5178801729024943,0.48315972222222225,0.5499476243920688
0.1148,0.5198057333072308,0.01957669035068993,0.5850335583679414,0.4639625145798978,0.5173664257369615,0.4833333333333334,0.5493328345180196
0.115,0.5199779751905688,0.019593996328648576,0.5858523431810576,0.46433455335237106,0.5169394841269842,0.48376736111111107,0.5489961341813194
0.1152,0.519533051354579,0.019566481732110043,0.5852973015529356,0.46489160600088486,0.5160980017006803,0.48237847222222224,0.5489998752961714
0.1154,0.5187552605657499,0.019542814697638737,0.5841813135985199,0.463865985601094,0.5152423469387755,0.48194444444444445,0.5485422122459159
0.1156,0.5177695531218592,0.019338278617050897,0.582510284015982,0.4634235611149097,0.5143866921768707,0.4813368055555555,0.5471904227459783
0.1158,0.5165374856965705,0.01937187679606473,0.5810203318440372,0.4626835056107469,0.5130367772108844,0.4791666666666667,0.5467801471505175
0.116,0.5162698255825591,0.019354198579854674,0.5808412226661681,0.4625849656115514,0.5135646967120181,0.47847222222222224,0.5458860207008355
0.1162,0.5160437931548016,0.01943650828179162,0.5812919479599267,0.4622973896955315,0.5125407454648527,0.47847222222222224,0.5456166604314753
0.1164,0.5156737267149574,0.019488611013682326,0.5822130808746826,0.4633169770341471,0.5105849631519275,0.47751736111111115,0.5447362514029181
0.1166,0.514815240187527,0.019575138961710807,0.5812781703308599,0.46266339540682944,0.5098373724489795,0.4756944444444445,0.544602818306522
0.1168,0.513969289314861,0.019707342539579384,0.5810951246875431,0.4616357639866468,0.5081420068027211,0.47491319444444446,0.5440603566529492
0.117,0.513718204543106,0.019970590147359368,0.5818312437262583,0.4616337529662551,0.5066220238095237,0.4736979166666667,0.5448060855468263
0.1172,0.5142514557690232,0.020048197743468277,0.5829393587497785,0.46089570848248407,0.5079258786848072,0.47508680555555555,0.5444095273724903
0.1174,0.5135506500676357,0.020106143323299682,0.5821284468675576,0.45978160318545636,0.5070879393424036,0.4744791666666666,0.5442760942760942
0.1176,0.5126593371057512,0.020189645657619736,0.5809297931387407,0.45903752564051,0.5053943452380952,0.4730902777777778,0.5448447437336326
0.1178,0.5129008807805295,0.020208043161921967,0.5803865609069617,0.4582934480955636,0.5055714994331065,0.47404513888888894,0.5462077565781269
0.118,0.5122986539183824,0.020127065705849857,0.5801090400929005,0.4580883240156055,0.5044890873015874,0.4739583333333333,0.5448484848484848
0.1182,0.5118940164112162,0.02057299228755189,0.5814946759304821,0.4579817399348429,0.503061224489796,0.47152777777777777,0.5454046639231824
0.1184,0.5117414378577607,0.02064043898987799,0.5819572106205838,0.45882837951976835,0.5015376984126985,0.4708333333333334,0.5455505674024193
0.1186,0.5122228209007761,0.02079902475309358,0.5829767551715315,0.45864537666411936,0.5021435657596373,0.4711805555555556,0.5461678513530366
0.1188,0.5116268721938547,0.020993630433883206,0.5828842482335113,0.45743675340867956,0.5006271258503402,0.47074652777777776,0.546439705698965
0.119,0.5117418057770153,0.021037658172929356,0.5835357332651012,0.45892490849857215,0.49910537131519267,0.4702256944444444,0.5469173213617657
0.1192,0.5121843157583055,0.02139370310129006,0.5856496152105025,0.4579917950368017,0.4998937074829931,0.47039930555555565,0.546987155505674
0.1194,0.5127791596142968,0.02162671009527462,0.5871316944515519,0.45707275871777336,0.5001665249433106,0.4717881944444445,0.5477366255144032
0.1196,0.5131244839871073,0.021719458858168582,0.5875883244434822,0.45597071954309615,0.500265731292517,0.4734375,0.548360144656441
0.1198,0.5139819548532601,0.021641509654705737,0.5880547955990316,0.45606724852190006,0.5020709325396826,0.475,0.5487167976056865
0.12,0.5147795620445302,0.021717030482930475,0.5892436081642293,0.4565257611712183,0.5026130243764172,0.4760416666666666,0.5494737498441202
0.1202,0.5154624029951302,0.02141561086177183,0.5894266538075461,0.45801391626111093,0.5033995890022676,0.4776041666666667,0.5488676892380595
0.1204,0.5158496453855281,0.021373618599430374,0.5900761706064126,0.4585589027872743,0.5033198696145125,0.47855902777777776,0.5487342561416635
0.1206,0.5168268417142203,0.020937659991795525,0.5894364949711652,0.46135221011141053,0.5042623299319728,0.4796006944444445,0.5494824791121087
0.1208,0.5172159567175728,0.02066244500118497,0.5891570059243805,0.4626573623456542,0.5039292800453514,0.4809895833333334,0.5493465519391446
0.121,0.517388100352297,0.02043632203800402,0.5883323164130927,0.4636709166230946,0.5044589710884354,0.4809895833333333,0.5494887143035292
0.1212,0.5181448594550941,0.020085783120925824,0.587966225126459,0.4659111933395005,0.505234906462585,0.48185763888888894,0.5497543334580371
0.1214,0.5186313267467428,0.020065975388907503,0.588981833211959,0.46703334271809516,0.5049036281179138,0.4825520833333333,0.5496857463524131
0.1216,0.519259379389367,0.019615453165043935,0.5879819709882497,0.4688854924988939,0.5065405328798186,0.4834201388888889,0.5494687616909839
0.1218,0.5196136252763728,0.019270137661126664,0.587167122640581,0.46944254514740774,0.5075644841269842,0.48498263888888893,0.5489113355780022
0.122,0.520096613990654,0.018941517329215198,0.5859724053772118,0.46999155371435464,0.5086805555555556,0.4864583333333333,0.5493802219728146
0.1222,0.5208107877123955,0.018740414819153277,0.5858897396028107,0.4719402324739573,0.5094635770975057,0.48663194444444435,0.5501284449432597
0.1224,0.5213498005830081,0.01832266823498468,0.585342570905584,0.474451996943249,0.5110951672335601,0.48654513888888895,0.5493141289437586
0.1226,0.5223483744975764,0.017895989894058034,0.5848898773791014,0.47752885814262164,0.5122980442176871,0.4872395833333333,0.549785509415139
0.1228,0.522691482918018,0.01768253615432219,0.5851870805204007,0.47993604955154245,0.51109339569161,0.48767361111111107,0.5495672777154259
0.123,0.5225077956563366,0.01762364664200637,0.5856673293050171,0.48133169770341466,0.5109339569160998,0.48654513888888895,0.5480608554682629
0.1232,0.5232224430213351,0.01750794938131598,0.587239947251363,0.48280778667095686,0.5123724489795919,0.4874131944444445,0.5462788377603193
0.1234,0.523630982690789,0.01737410983203489,0.5868738559647293,0.4834533242167076,0.5132422760770975,0.4877604166666667,0.5468250405287443
0.1236,0.5245138576661631,0.01719509242358141,0.5879937803845927,0.4850239311426618,0.5136674461451247,0.48967013888888894,0.5462139917695473
0.1238,0.5248613715418948,0.016930153744714547,0.5873462318184501,0.4872440976551502,0.5144362953514738,0.4890625,0.5462177328843996
0.124,0.5255532152931186,0.016667509312095517,0.5882634282677583,0.4906648433415115,0.5140128968253969,0.48975694444444445,0.545067963586482
0.1242,0.5254816339417786,0.016167693019112618,0.5864211624382467,0.49298153883280377,0.5139225481859411,0.48975694444444445,0.5443259758074573
0.1244,0.5253778156510618,0.016015066149480943,0.5869683311354734,0.4946426416763866,0.5124822845804988,0.49045138888888895,0.5423444319740616
0.1246,0.5262306121258848,0.015512441874153234,0.5860511346861653,0.4970598881872662,0.5126682964852607,0.4926215277777778,0.5427522134929543
0.1248,0.5260149093065326,0.015165081833269365,0.5851437794004763,0.4987350681735913,0.5114760487528345,0.49340277777777786,0.5413168724279835
0.125,0.5270477542575269,0.014797298476268298,0.5851359064695809,0.5021658689619113,0.5130137471655328,0.4940104166666666,0.540912832023943
0.1252,0.5279650024226532,0.014591303512540819,0.5856023776251305,0.5048485701645015,0.5133467970521541,0.4950520833333334,0.5409751839381469
0.1254,0.5287926166591029,0.014350908256229427,0.5864270671364182,0.5066062019868881,0.5138552295918367,0.49730902777777775,0.5397655568025939
0.1256,0.5288168114054231,0.014376039676544388,0.5870765839352845,0.5081848529944093,0.5130863803854876,0.4971354166666666,0.5386008230452675
0.1258,0.5286579058348699,0.01446570114880343,0.5878284488357903,0.5104874713429595,0.5119667658730159,0.4961805555555555,0.5368262875670283
0.126,0.5285817077258397,0.014097388139747202,0.5863542425256363,0.5123335880625829,0.5121421485260771,0.4962673611111111,0.535811198403791
0.1262,0.5277059408548018,0.014065379226166248,0.5858051055956858,0.5123355990829748,0.5116301729024942,0.49539930555555556,0.5333595211372988
0.1264,0.5274559307487136,0.014001377723092186,0.5857224398212845,0.5137091260105378,0.5099082341269842,0.4960069444444445,0.5319329093403168
0.1266,0.527230226514668,0.014325723180199014,0.5876552443560927,0.5132244700961268,0.5092315051020408,0.4963541666666667,0.5296857463524131
0.1268,0.5275101021684415,0.014131957914610235,0.5876591808215403,0.5159212484414591,0.5098320578231292,0.4970486111111111,0.5270894126449681
0.127,0.5274594478986088,0.014009619882413612,0.5874721987127758,0.5170433978200538,0.5091500141723355,0.4981770833333333,0.5254545454545455
0.1272,0.5270068667125634,0.014061318585230406,0.5875686421162438,0.5175883843462172,0.5093271683673469,0.49774305555555554,0.5228070831774536
0.1274,0.5270563338070561,0.014418582054993185,0.5889523097211015,0.5185154647468126,0.507626488095238,0.4970486111111111,0.5231387953610176
0.1276,0.5277387938821863,0.01423079725610691,0.5890310390300548,0.5216647226802879,0.5086628401360545,0.4984375,0.5208978675645344
0.1278,0.5276054352110018,0.014079956787794244,0.5882850788277205,0.5237199855206531,0.5085848922902494,0.4991319444444445,0.5183052749719416
0.128,0.5273826005586165,0.014298592869257077,0.5894857007892613,0.5226139243051925,0.5085016298185941,0.4999131944444445,0.5163985534355905
0.1282,0.5277249008695005,0.014274396527247369,0.5898557285413426,0.524102079395085,0.5084130527210884,0.5018229166666666,0.5144307270233196
0.1284,0.527970160437371,0.0144267031036829,0.590869368394119,0.5245686361259703,0.5079896541950113,0.5029513888888888,0.5134717545828658
0.1286,0.5281406953611988,0.014611534556693725,0.591703899069026,0.5257873144833688,0.5087567318594104,0.5026909722222223,0.5117645591719666
0.1288,0.5278508378701984,0.014693898417514164,0.5916999626035782,0.5262538712142542,0.508499858276644,0.5029513888888889,0.5098491083676269
0.129,0.5273469984904995,0.014742099134128198,0.5912256185171334,0.5267968467200257,0.507468820861678,0.5030381944444444,0.5082055119092156
0.1292,0.5275491793935595,0.014926750719364244,0.5922451630680812,0.5271668744721072,0.5078125,0.5044270833333333,0.5060942760942762
0.1294,0.5275053683443999,0.015204045961228131,0.5933513098588776,0.5273418332461891,0.5073058390022676,0.50546875,0.5040591096146652
0.1296,0.5272863267009709,0.01536346935830011,0.5941720629047179,0.5254856614246068,0.5068824404761905,0.5071180555555556,0.5027734131437834
0.1298,0.5275777144864324,0.01512338853575616,0.593335563997087,0.5255821904034106,0.5090986394557824,0.5083333333333333,0.501538845242549
0.13,0.527994984059582,0.015354113401015987,0.5947290727655639,0.525485661424607,0.5107993197278913,0.5085069444444443,0.5004539219354035
0.1302,0.527723905669136,0.01541032146063148,0.5942606333772904,0.5265293810079233,0.5108684098639455,0.5084201388888889,0.49854096520763197
0.1304,0.5273525325833269,0.015653208739894307,0.5948176432381365,0.5252362948960303,0.5120553429705215,0.5087673611111112,0.4958860207008355
0.1306,0.527299044309518,0.0160150847642674,0.5964827681225028,0.5233841451152315,0.513077522675737,0.5090277777777776,0.4945230078563413
0.1308,0.5267972645987297,0.016160524034665707,0.5966658137658196,0.5218980010457306,0.5137631094104308,0.5080729166666667,0.4935864821050006
0.131,0.5267146588451663,0.016615558827268104,0.597858562796465,0.5231005912399952,0.5145213293650793,0.5076388888888889,0.49045392193540344
0.1312,0.5266130450519885,0.016821235125963827,0.5986005865333517,0.5229336765474801,0.5147693452380951,0.5068576388888889,0.4899039780521262
0.1314,0.5263269269655123,0.01691137880042584,0.5987915051075638,0.5221011141052969,0.5148561507936508,0.50625,0.48963586482105
0.1316,0.5260911177913484,0.01712856978444444,0.599527624146279,0.5192293769858827,0.5162273242630385,0.5074652777777777,0.4880059857837636
0.1318,0.5258607886854991,0.017465754308756687,0.600738087271439,0.5181333708723808,0.5158889597505669,0.5078993055555555,0.4866442199775533
0.132,0.5248060390867434,0.017602700134530126,0.6003719959848053,0.5163797610907774,0.5148632369614512,0.5069444444444444,0.4854707569522384
0.1322,0.5247530595941512,0.017828367070258866,0.6014722380774303,0.515549209668986,0.5149482709750567,0.50625,0.485545579249283
0.1324,0.5242775271622975,0.018034398290182836,0.601934772767532,0.5144330933515666,0.5142662273242631,0.5061631944444445,0.4845903479236813
0.1326,0.5234411049077389,0.01817568368666897,0.6017556635896628,0.5108011905240719,0.514014668367347,0.5074652777777777,0.48316872427983537
0.1328,0.523681970928221,0.018615530147393373,0.6037750703643199,0.5107147166472268,0.5130828373015872,0.5090277777777777,0.4818094525501933
0.133,0.5232056174491214,0.018972955829477955,0.6048753124569448,0.509339178699272,0.5124858276643992,0.5086805555555556,0.48064721286943507
0.1332,0.5229677197941803,0.01937864311210092,0.6063455823016513,0.5084221534006355,0.5124822845804988,0.5081597222222223,0.47942885646589356
0.1334,0.5223035774606625,0.019267462594754706,0.6052453402090262,0.5073965330008446,0.5112794075963719,0.5085069444444444,0.479089662052625
0.1336,0.5219331864877885,0.019500139079568254,0.6058968252406165,0.5049833085307485,0.5114530187074829,0.5088541666666666,0.4784786132934281
0.1338,0.5219391691762522,0.019747062424359304,0.6068140216899246,0.5041507460885654,0.5124805130385488,0.50859375,0.47765681506422253
0.134,0.5222415626943643,0.019810660386046074,0.6069990355659654,0.5041507460885654,0.5141865079365079,0.5090277777777776,0.4768437461030054
0.1342,0.522392456709011,0.020203637359653224,0.6089338083334973,0.5030326187507541,0.5150315334467119,0.5082465277777778,0.4767177952363138
0.1344,0.5224807398995758,0.020513277381759665,0.6101423032259333,0.5020009652897881,0.5165639172335601,0.5077256944444445,0.47597081930415275
0.1346,0.5213957139512535,0.02045395771271957,0.6089495541952881,0.5007883199935648,0.5157968395691609,0.5058159722222222,0.4756278837760319
0.1348,0.521555468470212,0.02045973301437833,0.609215265613006,0.5017053452922013,0.5156374007936508,0.5053819444444445,0.47583738620775656
0.135,0.5208666058770859,0.020492776269271096,0.6085716535123114,0.5009632787676467,0.5153858418367347,0.5045138888888888,0.47489836637984784
0.1352,0.5204134128274893,0.020517208917934005,0.6079339461097879,0.49927804367936285,0.5152954931972789,0.5058159722222222,0.47374360892879414
0.1354,0.520501379630566,0.020601400316717044,0.608392544334442,0.5001206612235048,0.5152193168934239,0.5052951388888889,0.4734792368125701
0.1356,0.5207253051884145,0.020507662695566614,0.6083866396362706,0.5002976310179785,0.5154850481859411,0.5049479166666666,0.47450929043521634
0.1358,0.5202622715648106,0.02012491019921646,0.6061782825201252,0.5008486506053171,0.5158304988662131,0.5037326388888889,0.4747212869435091
0.136,0.5205513918770482,0.019811297879791454,0.6048753124569449,0.5019446567188192,0.5172778486394558,0.5033854166666666,0.47527372490335457
0.1362,0.5202981498849251,0.019560423816413833,0.6036707540299566,0.5025057314081165,0.5160041099773243,0.5038194444444445,0.4754907095647837
0.1364,0.5202176164523867,0.019425799729576285,0.6028322868896018,0.5013855930499135,0.5166932397959184,0.5046875,0.47548946252649965
0.1366,0.5202139016233838,0.019052943217817534,0.6012557324778082,0.502493665285766,0.5162592120181406,0.5049479166666666,0.4761129816685372
0.1368,0.5198712580207646,0.018766851034694405,0.5995866711279942,0.5004484575473596,0.5174496882086168,0.5049479166666666,0.47692355655318613
0.137,0.5202764397798232,0.018604556832495626,0.5992146751431889,0.5002493665285767,0.5186437074829932,0.5053819444444444,0.4778925052999128
0.1372,0.519996806311287,0.018317745703696924,0.5977385006003111,0.5000683746933194,0.5188120039682539,0.5047743055555556,0.4785908467389949
0.1374,0.5206591278611052,0.017835558370354665,0.5958863936071801,0.5012729759079756,0.5210246598639455,0.5055555555555555,0.47955605437086923
0.1376,0.5210288367769459,0.017382853425933594,0.5944062825988545,0.501365482845996,0.5215384070294784,0.5064236111111111,0.48141040029928917
0.1378,0.5212092976196374,0.017045702478970318,0.5928336646525085,0.5014640228451916,0.5226509353741497,0.5072048611111111,0.4818930041152264
0.138,0.5208393191577465,0.016581473217693658,0.5900643612100696,0.49998793387764956,0.5240203373015873,0.5074652777777777,0.4826586856216486
0.1382,0.5202245452876527,0.01648737642448845,0.5888538980849096,0.4972871334915336,0.5248795351473923,0.5066840277777778,0.4834181319366505
0.1384,0.5198726770838065,0.016301054501151314,0.5878304170685142,0.49755661022402764,0.5240221088435375,0.5065972222222223,0.4833570270607308
0.1386,0.5201506846093891,0.01591230994149647,0.5863503060601886,0.4988517073563125,0.5247130102040816,0.5065972222222221,0.48424117720414017
0.1388,0.5203659000005787,0.015630791670292285,0.5858720255082961,0.49894421429433294,0.5239423894557823,0.5067708333333334,0.48630003741114847
0.139,0.520622591349614,0.015827472847947242,0.5862381167949299,0.4965309898242368,0.5264119189342403,0.5075520833333333,0.4863798478613294
0.1392,0.5204539886731453,0.015418346755272311,0.5840159820497176,0.4941137433133573,0.5266794217687075,0.509375,0.4880857962339443
0.1394,0.5205021710657017,0.015139515854962279,0.5825417757395634,0.4931806298515866,0.5277104591836734,0.5096354166666667,0.4894425738870183
0.1396,0.5202941103748673,0.015011722028717632,0.5811581081347059,0.49252503720387725,0.5290763180272109,0.5094618055555555,0.4892492829529867
0.1398,0.5206317069295004,0.014971990825554945,0.5809612848623221,0.49169448578208585,0.5303677721088436,0.5097222222222222,0.49041276967202896
0.14,0.5209237005889794,0.014671516570063575,0.5802074517290924,0.49095040823713954,0.5306264172335602,0.5089409722222222,0.49389325352288316
0.1402,0.5216273246840409,0.014574214942416168,0.5802054834963687,0.490318947834131,0.5318168934240363,0.5097222222222222,0.49607307644344684
0.1404,0.5223470593056245,0.014635113625782207,0.5805617336193831,0.48911836866025826,0.533531746031746,0.5106770833333333,0.4978463648834019
0.1406,0.522608141572754,0.0145354754896186,0.5800007872930896,0.4878232715279734,0.533967545351474,0.5116319444444445,0.49961715924678884
0.1408,0.5223720786987768,0.014930721040407028,0.5811010293857146,0.4854884768531553,0.5339764030612245,0.511545138888889,0.49974934530490084
0.141,0.5226700179297875,0.01519644091314024,0.5817348003227902,0.48383139605035597,0.535875496031746,0.5105902777777778,0.5013181194662677
0.1412,0.5225819894293726,0.015457077024394616,0.5819985435077845,0.4810521658689619,0.5363963293650793,0.5102430555555555,0.5032198528494825
0.1414,0.5227018852102665,0.01578276359930567,0.5829098352589209,0.47912359731327675,0.5371669501133787,0.5094618055555555,0.5048472378102008
0.1416,0.5226270644369355,0.016033426270952784,0.582533902808668,0.4765354140690986,0.5387825963718822,0.5089409722222221,0.5063424367128071
0.1418,0.5233265743875009,0.016183622981441607,0.5842816934674355,0.47701001488155087,0.5386922477324263,0.5089409722222221,0.5077079436338695
0.142,0.524216461007514,0.01646441903392474,0.5858464384828862,0.47759119977476566,0.5412645266439909,0.5077256944444445,0.5086544456914827
0.1422,0.5247938541669112,0.016459615319344555,0.5856456787450549,0.47695169529019027,0.5423841411564625,0.5081597222222223,0.510828033420626
0.1424,0.5249531339868609,0.016851695414171614,0.5860983722715374,0.47418050919036314,0.5436596513605443,0.5081597222222223,0.5126674148896371
0.1426,0.5253178986702937,0.016977766632771327,0.5860865628751943,0.4730724369545108,0.5446871456916099,0.5082465277777777,0.5144968200523756
0.1428,0.5253187807192974,0.01732663385892687,0.5859133583954967,0.4710312512568877,0.547000779478458,0.5078125,0.514836014465644
0.143,0.5261908972795585,0.0176526686230448,0.5873875647056508,0.47020673289627163,0.5485402494331065,0.5084201388888889,0.5163998004738746
0.1432,0.5263476828243453,0.018066032007983422,0.5892258940697148,0.46929574065881036,0.5489742772108843,0.5079861111111111,0.5162563910712059
0.1434,0.5265582315829859,0.01862265027612483,0.5901588363808137,0.4669810561879098,0.5510204081632654,0.5063368055555555,0.5182940516273848
0.1436,0.52712118408956,0.018852991936660395,0.5909067648158718,0.4655009451795841,0.5512613378684807,0.507204861111111,0.5207320114727522
0.1438,0.5274923643421905,0.01932427574462811,0.5921132914755841,0.46411535212967064,0.5531320861678005,0.5061631944444445,0.521937897493453
0.144,0.5273764016961251,0.01955029025502944,0.5916566614836538,0.46281422193621047,0.5548221371882086,0.505642361111111,0.5219466267614417
0.1442,0.5271304605569567,0.019822695611408238,0.5915661227783573,0.46096609419619516,0.5549957482993197,0.5046875,0.5234368375109116
0.1444,0.5277045021265805,0.019746937814645812,0.590373373747712,0.4608695652173913,0.5567867772108842,0.5052951388888889,0.525197655568026
0.1446,0.52718395174791,0.019632515661646817,0.5872556931131537,0.4595724570647146,0.5580534297052153,0.5047743055555556,0.5262638733009104
0.1448,0.5274357423421537,0.019887585663447446,0.5879918121518688,0.45854281462414026,0.558561862244898,0.5049479166666666,0.5271343060231949
0.145,0.527967493066295,0.02022450431330595,0.5887298994233078,0.45771226320234887,0.5598444586167799,0.5039062499999999,0.5296445940890386
0.1452,0.5282776712915727,0.020591896063031287,0.5904028972385695,0.4562301411736315,0.5595804988662131,0.5045138888888888,0.53066093029056
0.1454,0.528212079536385,0.020563327185125484,0.58993642608302,0.45613562321521944,0.559656675170068,0.5043402777777778,0.5309913954358398
0.1456,0.52821542142343,0.020831311013683688,0.5905721652528195,0.4552085428146242,0.5601633361678005,0.5037326388888889,0.5314004239930166
0.1458,0.5280488717371397,0.020747180169454177,0.5903044856023776,0.45566705546394237,0.5595521541950113,0.5027777777777778,0.5319428856465894
0.146,0.527741851369937,0.02062241227583455,0.5890133249355404,0.4549330330209548,0.558515802154195,0.5032118055555556,0.5330352911834393
0.1462,0.5282788267232198,0.020593428126877717,0.5894876690219851,0.45576760648352976,0.558875425170068,0.5032118055555556,0.5340516273849607
0.1464,0.5286932059669496,0.0205570090211876,0.5887456452850985,0.4562200860716728,0.559984410430839,0.5026909722222221,0.5358249158249159
0.1466,0.5287456639998305,0.02052978979604578,0.5891215777353513,0.45649157382455857,0.5588665674603175,0.5023437499999999,0.536904850978925
0.1468,0.5285941546212727,0.020457588099905992,0.5888361839903951,0.45704058239150547,0.5580126842403628,0.5010416666666667,0.5380396558174336
0.147,0.5288451403525861,0.02058005772296476,0.589029070797331,0.4567670836182279,0.5582713293650794,0.5006944444444444,0.5394637735378476
0.1472,0.5289336049937035,0.02083778692423556,0.5895939535890723,0.4562019868881471,0.559796626984127,0.5000868055555555,0.5389886519516149
0.1474,0.5283441925288137,0.020669759052174188,0.5880311768063456,0.4566584885170736,0.5594742063492063,0.4984374999999999,0.5391195909714429
0.1476,0.5284024785103412,0.020598915399637527,0.5879445745664967,0.4572215742267627,0.5593059098639456,0.4980902777777777,0.5394500561167228
0.1478,0.529015483241189,0.020476098227850868,0.5884267915838369,0.45815267666814147,0.5590649801587301,0.4990451388888889,0.5403878289063474
0.148,0.5287550348151486,0.02040305943943012,0.5882417777077962,0.4585005831959136,0.5583067602040817,0.49835069444444446,0.5403753585235067
0.1482,0.528559789527286,0.02056083856923763,0.5893597338949357,0.4583055142179141,0.5567779195011339,0.49722222222222223,0.5411335578002244
0.1484,0.5285820067848055,0.020388988350838785,0.5892770681205346,0.4591400876804892,0.5556707057823129,0.4972222222222221,0.5415999501184686
0.1486,0.5289476831915975,0.020345730970507035,0.5887220264924125,0.45968708522704416,0.5568788973922902,0.49704861111111115,0.542401795735129
0.1488,0.5287195869489268,0.020286090079716965,0.5885448855472671,0.45987008808269314,0.5563616071428571,0.49670138888888893,0.542119965082928
0.149,0.5283150207444514,0.020131237927259165,0.5867163973468223,0.45994650685757954,0.5562730300453514,0.4958333333333334,0.5428058361391696
0.1492,0.5279792446381669,0.01973489060975525,0.5866455409687641,0.46271970397779844,0.553718466553288,0.4940104166666667,0.5428020950243172
0.1494,0.5276772001368327,0.019366405035708266,0.5854547601708426,0.46466838273740096,0.5533836451247167,0.4929687499999999,0.5419104626512035
0.1496,0.5272557113567036,0.019181405387938864,0.5843545180782176,0.4658709729316655,0.5524518140589569,0.4911458333333333,0.5424554183813444
0.1498,0.5264167403011644,0.0187803142151766,0.5826086956521739,0.46817560230060734,0.5500549178004535,0.4884548611111111,0.5427896246414765
0.15,0.5256508897643767,0.01888720505659774,0.5837345247702089,0.468441056992318,0.5471531320861678,0.48654513888888884,0.5423805960842998
0.1502,0.5246391807578968,0.018662972326802384,0.5818981636388687,0.4686240598479669,0.5445843962585034,0.48515625,0.5429330340441452
0.1504,0.5238015682314598,0.018278072576130577,0.5796110772137697,0.4697421871857781,0.5427880527210884,0.4839409722222222,0.5429255518144407
0.1506,0.5229348632613376,0.0180850874818152,0.5784202964158481,0.47066725656598163,0.5403291524943311,0.48220486111111105,0.5430527497194164
0.1508,0.522179633137658,0.01828319991595922,0.5787115948589762,0.47112375819490804,0.5386231575963719,0.47925347222222225,0.5431861828158124
0.151,0.5214371394695174,0.018164556724382573,0.5783494400377901,0.4719522985963078,0.5363112953514739,0.47795138888888883,0.5426212744731265
0.1512,0.5200244325375242,0.018041862442268606,0.5769697088983802,0.4725837589993162,0.5330658304988661,0.47543402777777777,0.542068836513281
0.1514,0.518843740459473,0.018301239902038007,0.5761430511543685,0.4718235932912361,0.5311065051020408,0.4723958333333333,0.5427497194163861
0.1516,0.5172570990070195,0.018095024742477393,0.5739465034345661,0.4722881390017294,0.5273472930839003,0.4702256944444444,0.5424778650704577
0.1518,0.5159492243542247,0.01842479462232578,0.5741334855433307,0.4717411414551743,0.5242772108843539,0.4671875,0.5424067838882654
0.152,0.5138975444202905,0.01871030262010162,0.5737772354203161,0.47073965330008444,0.5200060232426303,0.46371527777777777,0.5412495323606434
0.1522,0.5129183343064537,0.01869151593412755,0.5729545141417521,0.4710272292161043,0.5176977040816325,0.46215277777777775,0.5407594463150018
0.1524,0.511096081504515,0.018754518440014512,0.5719448107544236,0.4706551904436311,0.5128241921768708,0.4599826388888889,0.5400735752587604
0.1526,0.5098463874429174,0.018694495703892172,0.5709370755998189,0.472324337368781,0.5101810515873015,0.4572048611111111,0.5385846115475745
0.1528,0.5096400284185126,0.018692898983842937,0.5711398035703742,0.4737179745002614,0.5084750566893425,0.45642361111111107,0.538443696221474
0.153,0.5085665671209849,0.019019906211634262,0.5708662192217607,0.4732594618509432,0.5056618480725624,0.4539930555555555,0.5390522509041028
0.1532,0.5070943121155702,0.019371617547680544,0.5701360048812172,0.47205888267707036,0.5013215702947846,0.4518229166666667,0.5401321860581119
0.1534,0.5061192545447326,0.01935707370668869,0.5683055484480486,0.47299802920001605,0.49876346371882097,0.44991319444444444,0.5406160369123333
0.1536,0.5051095236206685,0.019487484250517533,0.5680378687976066,0.47235249165426535,0.49553571428571425,0.4492187500000001,0.5404027933657564
0.1538,0.5043584002783869,0.019955253359219747,0.5695219162713798,0.471815549209669,0.49315299036281185,0.44730902777777776,0.5399925177702956
0.154,0.5036933822209797,0.020078421241879935,0.568781860767217,0.4732212524634999,0.4913531037414966,0.4450520833333333,0.5400586107993515
0.1542,0.5023991844734121,0.020649710141340226,0.5692522683882142,0.4734062663395407,0.48802791950113383,0.4413194444444445,0.5399900236937274
0.1544,0.5007116404020289,0.020535992191204246,0.5673214320861298,0.4726702328761613,0.48556016156462584,0.43993055555555555,0.5380758199276718
0.1546,0.49947953816724394,0.02114431255682433,0.5683488495679729,0.47202469533041064,0.48410572562358284,0.4359374999999999,0.5369809203142536
0.1548,0.49823383111842234,0.0212898065241726,0.5661306512882083,0.47174918553674133,0.4821375425170068,0.43342013888888886,0.5377316373612671
0.155,0.4976814095932065,0.021633980562852612,0.5667939457161414,0.4720407834935446,0.47999751984126987,0.4317708333333333,0.5378039655817433
0.1552,0.49675147311069734,0.021771876667959027,0.5667171846399117,0.4726923541004705,0.47622767857142845,0.4309895833333333,0.5371305649083427
0.1554,0.4947091268180369,0.022071130344735606,0.5648690141122286,0.4711378353376504,0.4725588151927438,0.428125,0.536854969447562
0.1556,0.49450222331844806,0.022514246375904448,0.5659830338339206,0.4717049430881229,0.4715224631519274,0.4260416666666667,0.5372590098516025
0.1558,0.4933886224734464,0.022529984160173856,0.5645285098510049,0.47255158267304836,0.46783942743764173,0.42517361111111107,0.5368499812944257
0.156,0.4918303765402823,0.022824919987982143,0.5634144901293128,0.47181152716888547,0.46417765022675744,0.42309027777777775,0.5366579373986782
0.1562,0.48994326213953443,0.023077952901244286,0.5620386954553507,0.46942243494349023,0.46152210884353745,0.4208333333333334,0.5358997381219603
0.1564,0.48920013727078293,0.023260050551758133,0.5611293719369379,0.4700719945300246,0.45870712868480723,0.41970486111111105,0.5363873300910338
0.1566,0.4885737234557855,0.023492699512939665,0.5611392131005571,0.4692414431082332,0.45657242063492065,0.41918402777777775,0.5367315126574386
0.1568,0.48794671564089753,0.02347301552466538,0.5604109669927373,0.46914692514982104,0.45545812074829933,0.41866319444444444,0.5360543708691857
0.157,0.4874768391863368,0.02329856133256475,0.5589446336134785,0.46784981699714445,0.45521541950113376,0.41918402777777775,0.5361902980421498
0.1572,0.48720347575100986,0.02331786513016181,0.5583994331489756,0.4682379439327515,0.45428181689342406,0.4188368055555555,0.5362613792243422
0.1574,0.48637329510917204,0.0235503653366317,0.5576652823429843,0.4693480271889957,0.4515571853741497,0.4171006944444445,0.5361952861952861
0.1576,0.4853778062658186,0.023845320834896676,0.5575826165685831,0.4678538390379279,0.4507918792517008,0.4149305555555555,0.5357301409153261
0.1578,0.4851344219624346,0.023954286610939776,0.5566713248174464,0.46842094678840046,0.4490185657596372,0.41467013888888893,0.5368911335578002
0.158,0.4846248154819278,0.024009903035123722,0.5559312693132836,0.47074166432047626,0.4471566751700681,0.41328125,0.5360132186058113
0.1582,0.48369855527531336,0.024266283941626856,0.5545416970102546,0.4703877247315288,0.4451158588435374,0.41154513888888894,0.5369023569023569
0.1584,0.48350251693624974,0.02448866427414808,0.5554628299250103,0.47103326227727943,0.44316361961451245,0.41128472222222223,0.5365681506422246
0.1586,0.48331014997072436,0.024077278765221803,0.5534335819867342,0.4718718577806379,0.4418987386621315,0.4131076388888889,0.5362389325352288
0.1588,0.4828995125455995,0.0239657592260707,0.5515991890881178,0.4723464585930902,0.4407082624716553,0.4131944444444445,0.5366492081306896
0.159,0.4828294993693515,0.023840486551630635,0.5510402109945479,0.4720649157382456,0.439516014739229,0.4146701388888888,0.5368562164858461
0.1592,0.4825559162972889,0.023638350479481342,0.5503769165666148,0.47131078309134056,0.43866921768707484,0.41605902777777776,0.5363636363636364
0.1594,0.4823601161610477,0.023446965804556946,0.5482650028539375,0.47251136226521345,0.43842474489795913,0.4158854166666667,0.5367140541214616
0.1596,0.4819934714045388,0.023359490011816614,0.5469758104198241,0.47306640389333543,0.43545564058956926,0.41753472222222215,0.5369347798977429
0.1598,0.4826044347101055,0.0229869483428374,0.5451433857539316,0.47575312713670914,0.43478068310657597,0.4197916666666667,0.5375533108866442
0.16,0.4828807406656887,0.022986056562955697,0.5452457338555712,0.4778727426296102,0.43487634637188216,0.4192708333333333,0.5371380471380471
0.1602,0.48269294832339354,0.022740093871068328,0.5432342000118094,0.47915376261915305,0.4330073696145124,0.42092013888888885,0.537149270482604
0.1604,0.48196782754662204,0.02270875400247811,0.5415789162910623,0.47886417568274153,0.43300559807256234,0.4194444444444444,0.5369460032422996
0.1606,0.48213198603723145,0.022310072733698217,0.5392819887023441,0.4812613119897035,0.4328426162131519,0.42065972222222225,0.5366142910587356
0.1608,0.482612352799928,0.02199466801774436,0.5379987009664023,0.48312351687246113,0.4336238662131519,0.4217013888888889,0.5366142910587355
0.161,0.4826592610417274,0.021922264848995312,0.5358828507882772,0.4843321401279009,0.43227040816326523,0.42282986111111115,0.5379810450180821
0.1612,0.4830681286827521,0.02192684978876472,0.5354222843308992,0.4854321682821864,0.43202062074829933,0.42352430555555554,0.5389412644968201
0.1614,0.4833587670851075,0.02163788751345212,0.5326765996811462,0.48783533765032383,0.43226863662131515,0.42439236111111106,0.5396209003616411
0.1616,0.4835194192343,0.021533380922374543,0.5305568130375736,0.4888649800908982,0.432516652494331,0.4247395833333333,0.5409190672153634
0.1618,0.4835903202454534,0.021126505846163386,0.5287283248371288,0.4892370188633713,0.4326884920634921,0.42664930555555564,0.5406484599077191
0.162,0.48332822794780855,0.020710689868858653,0.5268998366366839,0.48997908538792584,0.432516652494331,0.42795138888888884,0.5392941763312133
0.1622,0.4833197908783083,0.02059423379614845,0.5251500777451925,0.4913747335397981,0.4319196428571429,0.4286458333333334,0.5395086669160742
0.1624,0.48355385638442455,0.02047322344543962,0.5225716928769657,0.49453404657523226,0.43122696995464854,0.42951388888888886,0.5399226836263874
0.1626,0.4837988617382691,0.01999941898586079,0.5196134390930384,0.4963922294172063,0.43259991496598643,0.4307291666666666,0.5396595585484475
0.1628,0.48358239901771516,0.019972941703516326,0.517332257366111,0.49732333185858507,0.4327699829931973,0.4302083333333334,0.5402780895373489
0.163,0.48422994222459054,0.019807821615630595,0.5168736591414569,0.49852190001206614,0.43389136904761905,0.43116319444444445,0.5406995884773662
0.1632,0.48491621669863516,0.019718280824946425,0.5155844667073435,0.49944696939226957,0.4350871598639456,0.43211805555555555,0.5423444319740616
0.1634,0.48528680714148964,0.019686273598041485,0.5146790796543783,0.5003619836705144,0.4360987103174603,0.43211805555555555,0.5431762065095398
0.1636,0.4859178107864226,0.0193111716817136,0.5133820142893696,0.5017636648835619,0.4391687925170068,0.4322916666666667,0.5429829155755082
0.1638,0.48614875409953096,0.019289976535178673,0.5125553565453579,0.502232232634839,0.4395886479591836,0.43263888888888885,0.5437286444693852
0.164,0.48595094642915077,0.019036651786728413,0.5105359497707008,0.5024996983469412,0.440079365079365,0.43324652777777767,0.543393191170969
0.1642,0.48678861216424557,0.018692799076624453,0.5111795618713956,0.5033181836463821,0.44152140022675734,0.4350694444444444,0.5428544706322483
0.1644,0.4877291734331316,0.018364195944354844,0.5099927175389218,0.5048063387362748,0.4429581207482993,0.4374131944444445,0.5434754956977178
0.1646,0.48815532123663824,0.01807150426076009,0.5096285944850119,0.5050014077142742,0.44415036848072564,0.43871527777777775,0.5432809577254021
0.1648,0.4881972903558357,0.017657411621659895,0.5082350857165352,0.5036037485420102,0.4451743197278911,0.440625,0.5433482977927422
0.165,0.48833817192900203,0.017446384905853714,0.5063062176471747,0.5044483771065439,0.4450821995464852,0.44236111111111115,0.543492954233695
0.1652,0.48904364589152804,0.017342977655170788,0.5062097742437066,0.506043116277199,0.4457695578231292,0.4434895833333334,0.5437061977802718
0.1654,0.48914998556277106,0.01711128835957464,0.5053890211978664,0.5056811326066846,0.44755881519274376,0.4434895833333333,0.5436313754832274
0.1656,0.48957443922614896,0.01694582652125636,0.5039128466549885,0.5064352652535897,0.44908765589569166,0.44418402777777777,0.5442524005486968
0.1658,0.4901844961591667,0.016664724393899315,0.5025311472828546,0.5072738607569481,0.45155187074829933,0.44496527777777767,0.5446003242299537
0.166,0.4903170554457296,0.016418836157798412,0.5014190957938867,0.5075594256525762,0.4532578656462585,0.44513888888888886,0.5442100012470382
0.1662,0.490806554086381,0.016402275959895202,0.5013305253213141,0.5095181595141375,0.4537680697278911,0.4453993055555555,0.5440167103130066
0.1664,0.49097576164489654,0.016245071250717173,0.4995847028952703,0.5102622370590837,0.45393813775510206,0.446875,0.5442187305150268
0.1666,0.49215819049066784,0.01605148332730992,0.49948629125907845,0.512023890922254,0.4574440192743764,0.4471354166666666,0.5447013343309639
0.1668,0.49314647032053055,0.015864488124044254,0.5005904698171512,0.5132345251980855,0.46068594104308386,0.44678819444444445,0.5444332210998878
0.167,0.49366673529478405,0.015672840660142386,0.5002106009014506,0.513890117845795,0.4616284013605442,0.44809027777777777,0.5445142785883526
0.1672,0.49500301258698165,0.015417443136325145,0.4992835632885232,0.5163194304790251,0.4643565759637188,0.45,0.5450554932036413
0.1674,0.4962873801516733,0.015266442595141502,0.49974412974590116,0.5193761814744802,0.4663176729024944,0.45121527777777776,0.5447836388577129
0.1676,0.4967368918311351,0.015079139170017613,0.5003897100793198,0.5205787716687448,0.4682008219954648,0.45095486111111116,0.543560294301035
0.1678,0.4964053430862112,0.01494236563692898,0.4995512429389651,0.5195692394320879,0.4697367488662132,0.4500868055555555,0.5430826786382342
0.168,0.49717479354482325,0.014825729789478641,0.5001889503414884,0.521061416562764,0.4712762188208616,0.45060763888888894,0.5427397431101134
0.1682,0.4972468361004766,0.014792868324991685,0.4993426102702384,0.5224570647146363,0.47144274376417233,0.45086805555555554,0.5421237061977802
0.1684,0.49704744510506343,0.01489144362385217,0.4970260003542819,0.5240397377629409,0.47221336451247165,0.4501736111111111,0.5417845117845117
0.1686,0.4968199517832965,0.015038068990254994,0.49647095872615987,0.5246933193902587,0.4720362103174603,0.4493055555555556,0.5415937149270482
0.1688,0.49686947341896365,0.015248480879954215,0.4957348396874446,0.5261794634597596,0.47281391723356003,0.44809027777777777,0.5415288689362764
0.169,0.4969598913160523,0.01525017742824191,0.4956403645167004,0.5262759924385633,0.474342757936508,0.44722222222222224,0.5413181194662675
0.1692,0.49740822466961365,0.015384928203113232,0.49563642805125274,0.5272935687567871,0.47570330215419504,0.4466145833333333,0.5417932410525004
0.1694,0.4973616315636352,0.015582589083714227,0.49461885173302883,0.5271065438603547,0.4762914540816327,0.4458333333333333,0.5429579748098267
0.1696,0.4974431616321951,0.0158338797040891,0.49340642037514526,0.5285122471141857,0.47680697278911566,0.4450520833333333,0.5434380845491955
0.1698,0.4971819848291167,0.015927373232474045,0.4927569035762788,0.5287917789486386,0.47732426303854875,0.4440104166666667,0.5430265619154507
0.17,0.49707232320953487,0.015883360222458016,0.49229436888617706,0.5284217511965572,0.47911706349206346,0.44305555555555554,0.5424728769173214
0.1702,0.49705528866976423,0.01566615739186367,0.4934005156769736,0.526644009170253,0.4810887896825397,0.4423611111111111,0.5417820177079437
0.1704,0.4968724844303047,0.01567575398457371,0.49266439663825856,0.5258938985641315,0.48142183956916107,0.4421875,0.5421947873799725
0.1706,0.49660935153431246,0.015807837205353444,0.4928376011179562,0.5260708683586052,0.48184523809523805,0.44071180555555556,0.5415812445442075
0.1708,0.49636565672027244,0.01573289581601214,0.4919912610467062,0.5253107026505248,0.48261763038548755,0.4405381944444445,0.5413704950741988
0.171,0.4972418946314316,0.01555060426445532,0.49318007361190386,0.5266098218235933,0.4859374999999999,0.4405381944444445,0.5399438832772165
0.1712,0.49744739238256397,0.015529288182903842,0.492440018107741,0.5279169850782287,0.4864477040816326,0.4409722222222222,0.5394600324229953
0.1714,0.49751829818595866,0.015260119349142441,0.49271950715452595,0.5265153038651812,0.48881979875283454,0.4409722222222222,0.5385646589350294
0.1716,0.49732343514664584,0.01535213599593983,0.4917078355344736,0.5269899046776334,0.4886479591836734,0.44071180555555556,0.5385596707818929
0.1718,0.4974504283724713,0.015480518106939699,0.49197945165036316,0.5258858544825645,0.48890128968253965,0.4403645833333334,0.5401209627135553
0.172,0.4972011488592756,0.015369697439288498,0.4926270002165055,0.5246732091863413,0.4903433248299319,0.43940972222222213,0.5389524878413767
0.1722,0.49759216979358944,0.01547515684053189,0.4923494794024446,0.5242167075574147,0.4916170634920635,0.43940972222222224,0.5403678762938021
0.1724,0.49778165270768504,0.015504041578467347,0.49325880292085733,0.5231850540964486,0.4920510912698412,0.43923611111111105,0.541177204140167
0.1726,0.49767946767968657,0.015546348778140165,0.4928002046962033,0.5228049712424084,0.494265518707483,0.4381076388888888,0.5404190048634493
0.1728,0.4976049470171507,0.01574709840801716,0.49490621371070914,0.5228994892008205,0.4937482284580499,0.4364583333333333,0.5400124703828407
0.173,0.4975609460717994,0.01609391477616831,0.4964670222607121,0.5219643647186583,0.4949440192743763,0.43402777777777785,0.5404015463274723
0.1732,0.497813688964439,0.015887389012138053,0.4988781073474128,0.5205687165667859,0.4954648526077097,0.434375,0.5397817683002868
0.1734,0.4981939800164617,0.015868574513020366,0.5005314228354361,0.51945662229015,0.49665001417233556,0.4342881944444444,0.5400436463399426
0.1736,0.4983135872626746,0.015790879844512606,0.5019977562146949,0.5186140047460082,0.4968218537414965,0.434375,0.5397593216111735
0.1738,0.49773724940873976,0.01586560402168747,0.5032023146416833,0.5160941961951494,0.49639136904761916,0.43324652777777783,0.5397518393814691
0.174,0.49808824092331233,0.01616666572086403,0.5051488968055582,0.5157141133411093,0.4975853883219955,0.4317708333333333,0.5402219728145654
0.1742,0.4983158994026516,0.016267342964642953,0.5067215147519043,0.5146945260024937,0.498875070861678,0.43107638888888883,0.5402119965082928
0.1744,0.498909589978596,0.016226142631290883,0.5091936150530438,0.5148674737561839,0.49955534297052157,0.43133680555555554,0.5395947125576755
0.1746,0.49915622512161023,0.016239155657870225,0.510014368098884,0.5144954349837108,0.5000584608843538,0.43142361111111105,0.5397892505299913
0.1748,0.4992372970339142,0.01596182542526926,0.5124038026256225,0.5119977476571613,0.500657242063492,0.43237847222222225,0.5387492206010724
0.175,0.4996095598159938,0.01588271625872979,0.5144369870293464,0.5115372239874512,0.5019345238095239,0.4325520833333334,0.5375869809203143
0.1752,0.4999097650087725,0.016008676870841152,0.515190820162576,0.5116196758235129,0.5020957341269842,0.43237847222222225,0.5382641227085673
0.1754,0.5002826726592738,0.01606390410574858,0.517863680201547,0.509847966858384,0.5026909722222221,0.4325520833333333,0.538458660680883
0.1756,0.5002736093402442,0.01601223334269212,0.5194323616824453,0.5079958170775851,0.5028574971655329,0.43289930555555556,0.5381830652201022
0.1758,0.500420666574463,0.015844674343312718,0.5217410986675064,0.5064191770904557,0.5024305555555555,0.4340277777777778,0.5374847237810201
0.176,0.5013588231042341,0.015686802227255322,0.5246107819788612,0.5050215179181917,0.5028681264172337,0.4361979166666667,0.5380957725402171
0.1762,0.501802087056806,0.015719608224805892,0.5253685515775386,0.5051984877126653,0.5026130243764172,0.43680555555555556,0.5390248160618532
0.1764,0.5018725411895538,0.015860553834329806,0.5276831932607712,0.5038893134376383,0.5033747874149659,0.43628472222222225,0.5381306896121711
0.1766,0.5020258327549852,0.01576571788770946,0.5272344361997363,0.5038792583356795,0.5043987386621314,0.4366319444444445,0.5379847861329343
0.1768,0.5028071132226087,0.01603102861584457,0.5293660322396521,0.5040542171097615,0.5056848781179138,0.43628472222222225,0.5386457164234942
0.177,0.5025211835226182,0.016104083435595978,0.5302930698525794,0.50163495957849,0.5056140164399092,0.43628472222222214,0.5387791495198904
0.1772,0.5028232197073276,0.016096942397390065,0.5313086779380795,0.5018199734545309,0.5063722363945578,0.4364583333333334,0.5381568774161367
0.1774,0.5030380481642293,0.01633768981777715,0.5327789477827858,0.4997767767365161,0.5074741354875283,0.43619791666666663,0.5389624641476494
0.1776,0.503563020462737,0.016429566501798904,0.5346330230086405,0.4983911836866026,0.5081721230158729,0.4369791666666667,0.5396396059359023
0.1778,0.5039915164138826,0.016533162457210884,0.5371267738697425,0.49728311145075005,0.5090348639455782,0.4374131944444444,0.5390996383588976
0.178,0.504114688259159,0.016423483320510496,0.5369555376227685,0.4971081526766682,0.5094653486394558,0.4380208333333333,0.539023569023569
0.1782,0.5036521492171164,0.016478202126719698,0.5370441080953412,0.49469895024735544,0.5100659013605442,0.43784722222222217,0.5386045641601196
0.1784,0.5045441757392336,0.016551475693237998,0.5379829551046116,0.4937698588263685,0.5119437358276644,0.43897569444444445,0.540048634493079
0.1786,0.5043716023291884,0.016344683474665448,0.537433818174661,0.4928407674053815,0.5123706774376416,0.43984375,0.5393689986282578
0.1788,0.5046778326045226,0.016143344873626737,0.5368079201684808,0.49386236576438886,0.5131483843537415,0.4405381944444445,0.5390322982915576
0.179,0.5039591105210468,0.016184173153128846,0.5364556065109138,0.4926557535293409,0.5139136904761904,0.43949652777777787,0.5372739743110112
0.1792,0.5041208305905635,0.016030081588541484,0.5368335071938907,0.4927482604673611,0.5139225481859411,0.4403645833333333,0.5367352537722907
0.1794,0.5038892481492901,0.015759616138554255,0.5361072293187946,0.49265173148855734,0.5128188775510203,0.44140625,0.5364621523880783
0.1796,0.5043169083706298,0.015746804615512616,0.5376837837305883,0.49226963761412545,0.5135912698412698,0.4421875,0.5358523506671654
0.1798,0.5037664590297326,0.01546226901690134,0.5353829196764226,0.4927382053654024,0.5136851615646258,0.4421875,0.5348385085422123
0.18,0.5040528331667481,0.015521768087929625,0.536126911646033,0.49134859027470534,0.5157401502267575,0.44262152777777775,0.5344269859084674
0.1802,0.5042803018287738,0.015496427824842807,0.5356761863522743,0.49126010537746856,0.5165993480725624,0.44296875,0.5348971193415638
0.1804,0.5042203200750127,0.015529452107976415,0.5355915523451493,0.4909021437477376,0.516687925170068,0.4428819444444444,0.5350380346676643
0.1806,0.5044036815050223,0.015451590805315626,0.5346861652921842,0.4894200217190202,0.5193399234693878,0.44375,0.5348222970445192
0.1808,0.5044473611696294,0.015164173590446398,0.5345129608124864,0.4882194425451473,0.5198536706349206,0.4455729166666667,0.5340778151889263
0.181,0.5040975075791972,0.014870952023991598,0.5329619934261027,0.48829787234042554,0.519424957482993,0.4462673611111111,0.5335353535353535
0.1812,0.5040171413546115,0.014791030558065778,0.533611510224969,0.48616820174556563,0.5196800595238096,0.44756944444444446,0.5330564908342686
0.1814,0.503831487300345,0.01477162639978976,0.5324226976597713,0.483942002171902,0.5213169642857143,0.4483506944444445,0.5331250779398927
0.1816,0.5036404887481445,0.014814643762600329,0.5319700041332888,0.48208985239110325,0.5224348072562358,0.4487847222222222,0.5329230577378726
0.1818,0.5032129168039057,0.014788443590856829,0.5302202452417973,0.48060773036238585,0.5228706065759636,0.4490451388888889,0.5333208629504927
0.182,0.5028120152095866,0.0145718017489065,0.5285669297537741,0.4784760487471343,0.5247466695011338,0.4505208333333333,0.5317495947125577
0.1822,0.5029906987902939,0.014845352003760047,0.5290353691420474,0.47634034509109924,0.5255863803854876,0.45095486111111116,0.5330365382217235
0.1824,0.5029403555548614,0.014784715026269228,0.527212785639774,0.47615533121505854,0.5276342828798185,0.45121527777777787,0.532484100261878
0.1826,0.5032757032915065,0.014578919703195019,0.5263034621213613,0.4759864055021518,0.5294270833333333,0.4528645833333333,0.5317969821673525
0.1828,0.5028596616665348,0.014530050385357042,0.5247465900368059,0.4729256324659132,0.5299408304988662,0.4546875,0.5319977553310886
0.183,0.5025980539876228,0.014481365821438472,0.5224516306808116,0.47153601737521617,0.5321623441043084,0.4557291666666667,0.5311111111111111
0.1832,0.5025446664519388,0.014614240599094417,0.5221977286594368,0.4696899006555926,0.5324085884353742,0.4565104166666666,0.5319166978426239
0.1834,0.5021050716282117,0.01471999545897755,0.5194540122424076,0.4677351888348148,0.5339427437641724,0.45720486111111114,0.5321885521885521
0.1836,0.5015762132970807,0.014845218897953236,0.5168047709961227,0.46580662027912967,0.5348054846938777,0.4577256944444444,0.5327384960718293
0.1838,0.5013563134682302,0.014591501585915077,0.5142342590587912,0.4644170051884326,0.5352395124716554,0.4604166666666667,0.5324741239556054
0.184,0.5013403715426828,0.01460132135178356,0.5132284921369102,0.4632244700961268,0.5365079365079366,0.46180555555555564,0.5319354034168849
0.1842,0.500740252151582,0.014772257580284965,0.5113960674710178,0.4609982705224631,0.5377090419501135,0.46241319444444445,0.5311846863698716
0.1844,0.5004582960586177,0.01473789183204838,0.5084693054106717,0.4593331456380968,0.5388853458049886,0.4647569444444445,0.5308467389948871
0.1846,0.500725833613069,0.014783804624499821,0.506276694156317,0.45767606483529744,0.5408464427437641,0.46805555555555556,0.5307744107744108
0.1848,0.5004572826794706,0.01463440930350744,0.5061054579093431,0.45601093995093106,0.539985473356009,0.47022569444444445,0.5299588477366254
0.185,0.5003141518493877,0.014746240874213805,0.50408801936741,0.45331617262599044,0.5394770408163264,0.4734375,0.5312520264372116
0.1852,0.500166779515039,0.01468902554633664,0.5004133288720058,0.45275509793669305,0.5392095379818593,0.4760416666666667,0.5324142661179698
0.1854,0.49963272692274796,0.014712772210515635,0.49785856279646507,0.45183203957688134,0.5383556547619046,0.4770833333333333,0.5330340441451552
0.1856,0.5001971456471302,0.014554187398956479,0.49503414883775854,0.45192253549450995,0.5380863803854876,0.48168402777777775,0.5342586357401172
0.1858,0.4997512044915425,0.014784088872604231,0.4924597004349794,0.4499798897960825,0.5371439200680272,0.48368055555555556,0.5354919566030677
0.186,0.5000545511846223,0.014662983552657946,0.49052295943472357,0.44998793387764946,0.536189058956916,0.4873263888888889,0.5362464147649333
0.1862,0.5006466309277956,0.014786128857261903,0.48943452673844157,0.449340385311507,0.5364335317460318,0.49088541666666663,0.5371392941763312
0.1864,0.5007897420181384,0.015099003344522773,0.4866632550632787,0.4482303020552628,0.5379570578231292,0.49409722222222224,0.537000872926799
0.1866,0.5010735538995842,0.01518024544104061,0.48604129352254616,0.4475807424687286,0.5389792375283446,0.49678819444444444,0.5359783015338571
0.1868,0.5017305786315338,0.015375001246405886,0.4839352845080402,0.44833286409524187,0.5403362386621315,0.4990451388888889,0.5370033670033669
0.187,0.5016661601497356,0.015763992541487887,0.48091601550967383,0.4473072436954511,0.5408375850340136,0.5016493055555555,0.5376206509539843
0.1872,0.5018343596073213,0.015996943714889113,0.47824512370342676,0.4473997506334714,0.5406604308390024,0.504079861111111,0.5387866317495947
0.1874,0.5024123898563267,0.016187485377981748,0.4747495423858917,0.4492639665366207,0.5416702097505668,0.5065104166666666,0.539867813941888
0.1876,0.5020659143996735,0.016469060134624756,0.47088196508355146,0.44909101878293056,0.5411529195011339,0.5094618055555555,0.5397418630751964
0.1878,0.5028248374497293,0.0168472486528267,0.46987029346349907,0.4488054538873024,0.5419997165532879,0.5123263888888888,0.5411223344556678
0.188,0.5030654154552827,0.01728178842064856,0.4677662526817171,0.4486224510316534,0.5429333191609977,0.5134548611111112,0.542550193290934
0.1882,0.5032849863694491,0.01731890364023351,0.4673942566969118,0.4484394481760045,0.5425843253968254,0.5160590277777779,0.5419478737997256
0.1884,0.5031353717850549,0.01770757372472187,0.46536894522408334,0.4476048747134295,0.5431795634920634,0.517361111111111,0.5421623643845866
0.1886,0.5033908026772734,0.01797782196984123,0.464272639596906,0.44714837308450306,0.5424815759637187,0.5197916666666667,0.5432597580745729
0.1888,0.5035729650250158,0.01833113077178386,0.4633495384494263,0.4463178216627116,0.5428163973922903,0.52109375,0.544287317620651
0.189,0.5040207936470499,0.01869994726007913,0.4608538193556006,0.44698548043277153,0.5441751700680272,0.5237847222222223,0.544304776156628
0.1892,0.5045770233646987,0.018667636940232494,0.46104473792981276,0.44791658287415037,0.5438261763038549,0.5248263888888889,0.5452712308267864
0.1894,0.5046929095660466,0.01905431561081281,0.4594839293798099,0.4473615412460282,0.5445826247165533,0.5262152777777779,0.5458211747100636
0.1896,0.5050945141883793,0.019038305566731386,0.4582065463420394,0.44903471021196156,0.5438970379818594,0.5282986111111112,0.5460356652949245
0.1898,0.5051198261074854,0.019197794150874456,0.45629342413446966,0.44978482081808313,0.5421857284580499,0.5302083333333333,0.5471268237934905
0.19,0.5055278934699794,0.01915423853902631,0.45658669081032144,0.4502674657121023,0.5421786422902495,0.5322916666666667,0.5463150018705575
0.1902,0.5060148515539135,0.019304477006523005,0.45603558564764707,0.450730000402204,0.542093608276644,0.5348090277777777,0.5464060356652949
0.1904,0.5059646329573748,0.01933815784292222,0.4558584447025016,0.4505510195873386,0.5423487103174603,0.535329861111111,0.5457351290684624
0.1906,0.5057408655000263,0.019410986660074656,0.4543035408506702,0.4511100832562442,0.5420103458049887,0.5362847222222223,0.5449956353660058
0.1908,0.5053469809565814,0.019557903144315235,0.45274470053339116,0.4511141052970277,0.5415798611111111,0.5356770833333333,0.5456191545080434
0.191,0.5055786881267672,0.01945345736609612,0.45265416182809454,0.4522201665124884,0.5412397250566894,0.5360243055555556,0.5457550816810077
0.1912,0.5060913859201444,0.019429895885673638,0.4522113094652312,0.4538008285404014,0.5419093679138323,0.5366319444444445,0.5459034792368126
0.1914,0.5062296162120784,0.019526055374194724,0.4515696655972602,0.45416080119052415,0.5421520691609978,0.5374131944444445,0.5458523506671655
0.1916,0.5058211689830356,0.019730635239041127,0.45130395417954217,0.45248964324498253,0.5426640447845805,0.5369791666666667,0.5456690360394064
0.1918,0.5054124029592312,0.01971986843446729,0.4505619304426555,0.4524675220206733,0.5418934240362812,0.5368055555555555,0.5453335827409902
0.192,0.5050520542279248,0.01983660288235629,0.4494616883500305,0.4521799461046535,0.5413796768707483,0.5372395833333333,0.544999376480858
0.1922,0.505019428837058,0.01988120862660889,0.44900702659082414,0.4522724530426738,0.5405240221088435,0.5386284722222222,0.5446651702207258
0.1924,0.5046607004396103,0.0199253954149802,0.44752297911705075,0.45282749467079597,0.5403397817460317,0.5385416666666667,0.544071579997506
0.1926,0.5047154476884392,0.01966044300337677,0.44871769638042,0.45318746732091864,0.5404177295918368,0.5375868055555555,0.5436675395934655
0.1928,0.5050145111771535,0.01961792510931499,0.44835160509378624,0.45447250935124484,0.5416967828798185,0.5368055555555555,0.5437461030053623
0.193,0.5042332328131923,0.01942461793435491,0.4478024681638357,0.45454289506495604,0.540828727324263,0.5355902777777779,0.542401795735129
0.1932,0.5040564068080764,0.019507356811259955,0.4468773987836322,0.4547138317982545,0.5414292800453515,0.535329861111111,0.5419316623020327
0.1934,0.5032373061922846,0.019304179657500385,0.44651721219516993,0.45461328077866703,0.5398012329931972,0.53359375,0.5416610549943883
0.1936,0.5032980602111193,0.01900699984582268,0.446879367016356,0.456075292603467,0.5405647675736961,0.5328125,0.5401583738620775
0.1938,0.5035631155629788,0.01866402938078999,0.4485444919007223,0.45699231790210354,0.5408198696145126,0.53046875,0.5409901483975558
0.194,0.5030176845461973,0.018845230100131626,0.4476253272186903,0.4559445762780035,0.5416702097505669,0.5292534722222222,0.5405948372615039
0.1942,0.5027651074123896,0.018436171350505983,0.44826893931938516,0.45712906728874236,0.5412468112244897,0.5279513888888888,0.5392293303404414
0.1944,0.501736276766111,0.018600272198529128,0.446141279744917,0.4566424003539396,0.5416755243764173,0.525607638888889,0.5386145404663922
0.1946,0.5016674785359941,0.018485514846948985,0.4468557482236699,0.45671881912882595,0.5423433956916099,0.5235243055555555,0.5388951240803093
0.1948,0.5024026446307893,0.018258012390438297,0.44841458854094907,0.4579998391183687,0.543030753968254,0.523263888888889,0.539304152637486
0.195,0.5023322910083039,0.0179856909890362,0.4490483594780247,0.45926879298556084,0.5432734552154195,0.5204861111111111,0.5395847362514028
0.1952,0.5021426302210972,0.017800028490277744,0.44968213041510036,0.45971322849213686,0.5436153628117915,0.5183159722222221,0.5393864571642351
0.1954,0.5021011682381813,0.017647021917929738,0.45094967228925154,0.46016771910067167,0.5447208049886622,0.5146701388888889,0.5399975059234319
0.1956,0.5011859589251182,0.017479152789022047,0.4514850315901352,0.4592265615573342,0.5444781037414966,0.511892361111111,0.5388477366255143
0.1958,0.5012938992942425,0.017374170757810375,0.45267974885350437,0.4595885452278486,0.5457589285714286,0.5098090277777777,0.5386332460406533
0.196,0.5015760703447503,0.016833004011931406,0.4546834097663708,0.46190121867835743,0.5455817743764172,0.5075520833333333,0.538161865569273
0.1962,0.5020236201465892,0.01680857101381223,0.4558840317279115,0.46216265132928447,0.547016723356009,0.50703125,0.5380234443197407
0.1964,0.5023145298302345,0.016872400470953376,0.45734052394355107,0.4618730643928729,0.5486376842403627,0.5052951388888889,0.538426237685497
0.1966,0.5024351890295912,0.016795594730303214,0.4595488810596965,0.46148091541648234,0.5497572987528344,0.5029513888888889,0.5384374610300536
0.1968,0.502821809644376,0.016728387620786808,0.46100930974078375,0.46295499336363266,0.5521364795918366,0.5002604166666667,0.5377478488589599
0.197,0.5032169641428748,0.01666236940006814,0.4620091719644931,0.46469653702288544,0.5541879251700681,0.49826388888888884,0.5369272976680384
0.1972,0.5030844689828233,0.016313624847920396,0.46383372369949016,0.46514700559063665,0.5538407029478458,0.4969618055555555,0.5356391071205885
0.1974,0.5029643602737753,0.016094848204765755,0.4660302714192926,0.4655069782407594,0.5532454648526077,0.49392361111111116,0.5361154757451054
0.1976,0.5027589811715323,0.01620144660393965,0.4673942566969119,0.46466436069661743,0.5538389314058957,0.49157986111111107,0.5363174959471257
0.1978,0.5018043071486359,0.016047124036089468,0.46710689471923156,0.46483328640952415,0.5528982426303856,0.4892361111111111,0.5349470008729267
0.198,0.5019175945581034,0.016105942150133477,0.46820516857913275,0.4649197602863692,0.5535643424036281,0.48767361111111107,0.5352250904102757
0.1982,0.5016106852385175,0.016105800221348762,0.47011829078670253,0.4645436994731127,0.5539080215419501,0.48472222222222217,0.5347611921685995
0.1984,0.5017055870088517,0.015827459189470882,0.4723168067392288,0.4651691268149459,0.5534031320861678,0.4834201388888889,0.5342187305150269
0.1986,0.5017886780254465,0.015881578131863874,0.47358238038065614,0.46571210232071747,0.5529000141723357,0.48090277777777785,0.5358461154757451
0.1988,0.5014759183641309,0.015834062478742413,0.4746688448442143,0.4654104492619555,0.5522144274376417,0.47925347222222225,0.5358323980546202
0.199,0.5008378384395856,0.015952803696018456,0.47483811285846445,0.4651188513051522,0.5516989087301587,0.4765625,0.5359708193041527
0.1992,0.5005519425464092,0.01592061768034692,0.47601117956187133,0.4646402284519165,0.5507688492063492,0.47508680555555555,0.5362526499563536
0.1994,0.5007201198933428,0.01592178378891128,0.47710551695632486,0.46565981579053217,0.5515359268707483,0.4735243055555555,0.5357750342935528
0.1996,0.5008493802784941,0.0158355448476001,0.47801877694018546,0.46666331496601376,0.5508609693877551,0.47230902777777783,0.5363948123207383
0.1998,0.5010472239751833,0.01597664814606894,0.4804023067687524,0.46629529823432414,0.5509495464852607,0.4703125,0.5372764683875795
0.2,0.5010762928590531,0.015865439405402745,0.48305942094593257,0.4673068414913727,0.54984410430839,0.46762152777777777,0.537549569771792
0.2002,0.5009445041086469,0.01624218250476013,0.48278780483004313,0.4666572819048385,0.5506218112244898,0.4661458333333333,0.53850978925053
0.2004,0.500638115798411,0.01627150478136521,0.4838919833881158,0.4668563729236214,0.5499397675736961,0.4640625,0.5384399551066218
0.2006,0.5006604567067561,0.016141505780187495,0.48508473241876116,0.4669549129228171,0.5489016439909298,0.46371527777777777,0.5386457164234942
0.2008,0.5004126836628229,0.01641842541542771,0.48471076820123216,0.46685838394401324,0.5489902210884354,0.4619791666666667,0.5395248784137673
0.201,0.5006097889964425,0.01634209983218057,0.4859054854646013,0.4679684672002574,0.5483010912698413,0.4609375,0.5399364010475122
0.2012,0.5003496492830173,0.016191503152241073,0.4864428129982089,0.46908056147689337,0.5466712726757369,0.45954861111111106,0.5400049881531362
0.2014,0.5001610576865734,0.016330724856588503,0.4872675025094967,0.46906849535454287,0.5459821428571429,0.4578125,0.5406746477116847
0.2016,0.499854213575149,0.016236734467450473,0.4871690908733049,0.4699975867755299,0.5435834750566894,0.4566840277777778,0.541836887392443
0.2018,0.4990813345416827,0.015927005494414094,0.48687976066290073,0.4700880826931585,0.5399907879818595,0.45633680555555556,0.5421112358149396
0.202,0.4984976619680303,0.01605479352040633,0.4865156376089909,0.46980855085870565,0.5392237103174604,0.45477430555555554,0.5421661054994389
0.2022,0.4984995356582321,0.01595457824067158,0.48624205326037745,0.4706632345251981,0.5377728174603174,0.45477430555555565,0.5430452674897118
0.2024,0.49872432238377123,0.016151080243392714,0.48826736473320603,0.47048425371033264,0.5370039682539682,0.4533854166666666,0.5444806085546825
0.2026,0.4986371455836613,0.015936299317628293,0.4871612179424095,0.4705888267707034,0.5355477607709751,0.45486111111111105,0.5450268113231076
0.2028,0.49912042010657337,0.015784074633345267,0.4877103548723601,0.4718859349233801,0.533923256802721,0.45555555555555555,0.5465269983788502
0.203,0.49903347681251803,0.015776363930403235,0.489550652469148,0.4712424083980212,0.5318735827664398,0.45503472222222224,0.547466018206759
0.2032,0.49932166445479875,0.015954488898470072,0.49231995591158695,0.4721795439005751,0.5299231150793651,0.4529513888888889,0.5492343184935777
0.2034,0.4987836113124958,0.015938020537851146,0.49426260161001434,0.47106342758315567,0.5283074688208617,0.45173611111111106,0.5485484474373363
0.2036,0.49870749526108,0.015920032850256824,0.49591788533076153,0.4703997908538793,0.5264172335600907,0.45164930555555555,0.5491532610051129
0.2038,0.4981028616881483,0.01633504607147333,0.4980396402070581,0.468543619032297,0.52359516723356,0.4494791666666667,0.5508567153011599
0.204,0.49761299802447667,0.01642723421592562,0.4999744129745901,0.46742750271487754,0.5200077947845806,0.4487847222222222,0.551870557426113
0.2042,0.49763178052276363,0.016354970417217164,0.5027397799515815,0.4687225998471624,0.5165958049886621,0.44782986111111106,0.5522708567153012
0.2044,0.4973244884281637,0.016356089297009945,0.5039246560513314,0.469647669227366,0.5141085600907029,0.4466145833333333,0.5523269734380846
0.2046,0.49739368411804924,0.016379432229435005,0.5063101541126223,0.4714274222740619,0.5108790391156462,0.4454861111111111,0.552865693976805
0.2048,0.4978934085713297,0.01650177335624831,0.5078630897317298,0.47199855206531793,0.5093413407029479,0.4458333333333333,0.5544307270233195
0.205,0.4977093925500647,0.016797655558565768,0.5096167850886688,0.4715420504363914,0.5073022959183673,0.44470486111111107,0.555380970195785
0.2052,0.4971736530437537,0.017137315573161893,0.5110929596315469,0.4719221332904316,0.5059382086167801,0.4417534722222222,0.5551614914577877
0.2054,0.49710742437471434,0.01744097886402737,0.5140394040191312,0.4726702328761614,0.5041524943310658,0.4395833333333334,0.5550916573138795
0.2056,0.4975336868308757,0.01777692129034376,0.5168775956069046,0.4721232353296062,0.5029673327664399,0.4393229166666667,0.5563773537847612
0.2058,0.4971983649805628,0.017802534087323203,0.5164150609168028,0.4724007561436673,0.5017750850340136,0.43888888888888894,0.5565120339194414
0.206,0.4972278478901856,0.01811903426647027,0.5182376444190762,0.4722157422676266,0.5005846088435374,0.43784722222222217,0.5572540216984663
0.2062,0.4977192863486075,0.018350660519952308,0.5211939299702797,0.47157020472187583,0.5003295068027211,0.4378472222222222,0.5576555680259384
0.2064,0.49786330724572236,0.018412217057326208,0.5209951384651722,0.47186180267867917,0.49974489795918364,0.43810763888888893,0.5586070582366879
0.2066,0.498183461938485,0.018492951100508453,0.5233826047591867,0.4701826006515706,0.4996580924036282,0.43914930555555554,0.5585447063224842
0.2068,0.4984449517512971,0.018660007768646972,0.524116755565178,0.4706592124844146,0.4990699404761905,0.43888888888888883,0.5594899613418132
0.207,0.49847087319536365,0.018863175744026527,0.5259472119983467,0.47020673289627163,0.4981221655328798,0.4384548611111111,0.5596233944382092
0.2072,0.4982857048995292,0.019083740040681738,0.5272206585706694,0.46901017576318216,0.49915851757369617,0.4371527777777778,0.5588863948123206
0.2074,0.49833862048021815,0.01924523224250717,0.5271163422363061,0.46745565700036196,0.5012932256235827,0.43680555555555556,0.559022321985285
0.2076,0.49932365452495164,0.01927813215975337,0.5286830554844805,0.4676467039375779,0.5037769274376418,0.4374131944444445,0.5590983913206136
0.2078,0.49932958215867307,0.01963136113742699,0.5294132698250241,0.46477697783855526,0.5043792517006802,0.4377604166666666,0.5603179947624393
0.208,0.4992159017508597,0.019879600769654428,0.5305213848485446,0.4619897035755943,0.504469600340136,0.4383680555555555,0.5607307644344681
0.2082,0.49947277540554413,0.020248903398515757,0.5321707638711202,0.4597655150223224,0.5054900085034013,0.4384548611111111,0.5614827285197656
0.2084,0.5002874191143813,0.02051314701297522,0.5353809514436987,0.4593150464545711,0.5064253826530611,0.43862847222222234,0.5616872427983538
0.2086,0.4999556932429667,0.02095470454696239,0.537492865156376,0.4558078268913647,0.5074493339002267,0.4380208333333333,0.5610076069335329
0.2088,0.5001197206780207,0.020887030021082054,0.538232920660539,0.45459518159514134,0.5085600907029478,0.43914930555555565,0.5600611048759196
0.209,0.5002941728532744,0.021285866803064792,0.5398724585194954,0.45284760487471337,0.5100889314058957,0.4384548611111111,0.5602070083551565
0.2092,0.5008288536381242,0.021532340862332976,0.5415159328438996,0.4521940232473957,0.5112067743764173,0.4385416666666667,0.5606858710562415
0.2094,0.5011592148521028,0.02161665913647082,0.542236306020824,0.44996581265334024,0.5135948129251701,0.43993055555555555,0.5600685871056241
0.2096,0.5017577852535077,0.021758477473953288,0.5439801602141437,0.44922173510839397,0.51531320861678,0.44053819444444436,0.5597356278837761
0.2098,0.5024921426988687,0.022074323542566544,0.5463814041372252,0.4488677955194465,0.5167658730158731,0.4403645833333333,0.5600810574884649
0.21,0.5029525589153033,0.02228512352716981,0.5484106520755014,0.44720468165547206,0.5182220804988662,0.4413194444444445,0.5596059359022323
0.2102,0.5030232564653448,0.02240741443535655,0.5487747751294113,0.4453525318746732,0.5200999149659864,0.44201388888888893,0.5588751714677641
0.2104,0.504043702743141,0.022571343121209068,0.5510717027181293,0.4445260024936653,0.5206969246031746,0.44409722222222225,0.5598266616785136
0.2106,0.5045802312476332,0.022491185363203908,0.5515322691755074,0.44414591963962524,0.5226509353741496,0.4454861111111111,0.5590859209377729
0.2108,0.5045234891683075,0.022516451936748137,0.5513452870667427,0.44350641515504974,0.5239282171201813,0.4454861111111111,0.5583514153884525
0.211,0.5049565894731722,0.022295353756324025,0.5504261223847108,0.44471302739009777,0.5251275510204081,0.44609375,0.5584224965706447
0.2112,0.5051981150660516,0.02216526985238116,0.5512547483614462,0.4444375175964284,0.5250496031746031,0.44756944444444446,0.5576792617533359
0.2114,0.5064882026495104,0.02224303827376971,0.5519869309347138,0.44462655351325264,0.5271896258503401,0.44939236111111114,0.5592455418381345
0.2116,0.507282559336511,0.022521812841733418,0.5538232920660539,0.44360696617463696,0.5289009353741496,0.4503472222222221,0.559734380845492
0.2118,0.5079745983958321,0.022589864890069117,0.5552069596709115,0.44230181394039336,0.5313049178004535,0.45234375,0.5587155505674024
0.212,0.5088262662575175,0.022495892294277876,0.5559489834077981,0.442494871898001,0.53250070861678,0.45434027777777775,0.5588464895872304
0.2122,0.5096355178454989,0.022497259924160927,0.555950951640522,0.44174878333266293,0.5346301020408163,0.4565972222222222,0.5592505299912708
0.2124,0.5104505154356224,0.022470856983370237,0.557511760190525,0.44220930700237304,0.5356522817460319,0.4578993055555555,0.5589799226836264
0.2126,0.5111754152971663,0.022373514031963613,0.5576987422992895,0.44164421027229217,0.5376151502267573,0.4604166666666666,0.5585023070208255
0.2128,0.5118429359026665,0.022222860555211155,0.5579703584151791,0.44145517435546805,0.5394168083900228,0.4627604166666667,0.5576119216859958
0.213,0.5131957453689063,0.021731079455763982,0.5572421123073592,0.44360093311346177,0.5420705782312926,0.4657986111111111,0.557266492081307
0.2132,0.5140006010122751,0.021609172211401375,0.5578896608735017,0.44480754534850975,0.5433531746031746,0.46675347222222224,0.5571991520139669
0.2134,0.5150509070813742,0.021214311373729366,0.5583521955636035,0.44629167839761896,0.5433567176870748,0.4697916666666667,0.5574622770919068
0.2136,0.5158801964474504,0.020968819782891394,0.5587182868502373,0.4466657281904839,0.5439413265306123,0.4727430555555556,0.5573325851103629
0.2138,0.5172432197673129,0.020675204729485277,0.5607455665557897,0.4490749306197965,0.5448891014739228,0.47465277777777776,0.5568537224092781
0.214,0.5178984434504488,0.020602402512590344,0.5624992619127285,0.4502895869364115,0.5444533021541951,0.47526041666666663,0.5569896495822422
0.2142,0.5188292743560403,0.020456891431300975,0.5629696695337257,0.4503740497928649,0.5453904478458049,0.47821180555555554,0.5572003990522509
0.2144,0.5197886478124886,0.020121875809377368,0.5628692896648099,0.451564573864779,0.5475180697278911,0.4808159722222222,0.556175333582741
0.2146,0.5201667244780313,0.019464421414095674,0.5627826874249612,0.45343281180871176,0.5463222789115647,0.48368055555555556,0.5546152886893627
0.2148,0.5210826521859474,0.018929878365893892,0.5624264373019466,0.45602903913445686,0.5461451247165533,0.48585069444444445,0.5549619653323357
0.215,0.5206085061266656,0.01879983402998741,0.562432342000118,0.4558560913807666,0.5453585600907029,0.4859375,0.5534580371617408
0.2152,0.5219511926311866,0.018418588802626045,0.5631861751333477,0.45892490849857215,0.5463010204081632,0.4874131944444445,0.5539306646714054
0.2154,0.5236357785004015,0.01810559466251711,0.5638258507685949,0.4609640831758034,0.5472487953514739,0.49071180555555555,0.55542835765058
0.2156,0.5246540918868542,0.017868952363851925,0.5646623496762257,0.4615231468447091,0.5468395691609977,0.4942708333333333,0.5559745604190048
0.2158,0.5254689760068147,0.017471386667559936,0.5645796839018244,0.4635643325423319,0.5473515447845805,0.4960069444444445,0.5558423743608929
0.216,0.5261395832261988,0.016825453767993204,0.5653236758714352,0.4656819370148413,0.5439342403628118,0.4999131944444445,0.5558448684374611
0.2162,0.5269207905508877,0.01649921720120358,0.5670773712283741,0.4676306157744439,0.5427561649659863,0.5019097222222222,0.5552300785634119
0.2164,0.5280457196470726,0.015966985322573613,0.5675399059184757,0.47068937779029085,0.5444657029478458,0.5037326388888888,0.5538009726898616
0.2166,0.5288058280946337,0.015519746135271711,0.5674670813076939,0.4726340345091099,0.545670351473923,0.5058159722222222,0.5524417009602195
0.2168,0.528908242318261,0.015042961063451068,0.566362902749621,0.4744881953103004,0.5445631377551021,0.5066840277777778,0.5524429479985036
0.217,0.5292068126051042,0.014645538236975904,0.5660834137028362,0.47606885733821347,0.5449050453514739,0.5078993055555556,0.5510774410774412
0.2172,0.5296778180307392,0.014053333679004274,0.5660932548664555,0.4790371234364317,0.5434612386621315,0.5092013888888889,0.5505960842997879
0.2174,0.5306070089520167,0.013526047057632435,0.5673844155332927,0.4825564091219885,0.5424408304988662,0.5106770833333333,0.5499763062726026
0.2176,0.5304680787461385,0.012965971016541022,0.5656326884090775,0.4844065478823955,0.5415780895691611,0.5113715277777777,0.5493515400922808
0.2178,0.5313594115948116,0.01230899542209483,0.5665616942547287,0.48858343723605363,0.5405488236961451,0.5127604166666666,0.5483426861204639
0.218,0.5321433157696577,0.011513865259576237,0.5665675989529003,0.4934983710734827,0.5390128968253969,0.5137152777777778,0.5479224342187305
0.2182,0.5328327945978527,0.010879503326450633,0.5657527506052317,0.49692917186180263,0.5390146683673469,0.5147569444444444,0.5477104377104378
0.2184,0.5323958561441742,0.010335387879047177,0.5639045800775484,0.4984314040944374,0.5368835034013606,0.5155381944444444,0.5472215987030802
0.2186,0.5326527116986085,0.009825830343449755,0.5637254708996792,0.501500221212243,0.5361075680272109,0.515798611111111,0.5461316872427984
0.2188,0.5328017739523401,0.00901306107350403,0.5613360363729407,0.5045489281261311,0.5367010345804988,0.5166666666666667,0.5447562040154633
0.219,0.5328092018508054,0.008468172311678035,0.5602259531166965,0.5074206652455456,0.5365238803854875,0.51640625,0.5434692605062976
0.2192,0.5326271351422205,0.007710606076103525,0.5582970850473361,0.5103989864457225,0.5346442743764173,0.517361111111111,0.542434218730515
0.2194,0.5324942972430258,0.007084096211332496,0.5566299919302458,0.5130897317298798,0.5336185515873015,0.517795138888889,0.5413380720788128
0.2196,0.5327471075408517,0.006941220087454084,0.5573759521325801,0.5155894300768209,0.5332766439909297,0.5171006944444445,0.5403928170594837
0.2198,0.5331362587314494,0.006291803536547667,0.5559844115968272,0.5191972006596146,0.5331065759637188,0.5178819444444445,0.5395111609926425
0.22,0.532314882502807,0.005977828336129041,0.554512173519397,0.5210493504404135,0.5314005810657597,0.5167534722222223,0.5378588352662428
0.2202,0.5323494308025929,0.005891706258982636,0.5547896943334579,0.5235570928689217,0.5296166383219955,0.51640625,0.5373774784885896
0.2204,0.5316945395550189,0.005400572945209017,0.5518432499458736,0.5263363230503157,0.5271347080498866,0.5160590277777779,0.5370993889512408
0.2206,0.5313052870868736,0.005270710085178027,0.5503710118684433,0.5274403732453846,0.5261213860544218,0.5153645833333333,0.5372290809327847
0.2208,0.5308801184707874,0.005177521643507668,0.5491684216741788,0.5293870409845957,0.525859197845805,0.5140625,0.5359234318493578
0.221,0.5304929196324911,0.00520339919281217,0.5481567500541266,0.5313337087238065,0.5245748299319727,0.5130208333333333,0.5353784761192169
0.2212,0.5303454495548656,0.0050891494278391385,0.5466786072785246,0.5333748944214294,0.5255137471655329,0.5120659722222222,0.5340940266866193
0.2214,0.5299694901072998,0.0053075370806988246,0.5468695258527367,0.5355045650162892,0.5234640731292517,0.511545138888889,0.5324641476493328
0.2216,0.5298166927391692,0.005391409085639926,0.5471470466667978,0.5357740417487833,0.5227873441043084,0.5114583333333333,0.5319166978426237
0.2218,0.5287792223860603,0.005998102980517927,0.5468773987836322,0.5370731609218518,0.5207323554421769,0.507986111111111,0.5312270856715301
0.222,0.5285446759413314,0.006326997047369066,0.5465034345661031,0.5393898564131441,0.5200503117913832,0.5065104166666666,0.5302693602693602
0.2222,0.5281328702513861,0.006474384772345899,0.5438128604326176,0.5422595825121667,0.5195294784580498,0.5052083333333333,0.5298540965207632
0.2224,0.527327832240126,0.006718141180475025,0.5422461471844431,0.5429996380163294,0.5179191468253969,0.5035590277777778,0.5299152013966829
0.2226,0.5270113882240027,0.006999709968658391,0.5419725628358297,0.5443812090254594,0.5150049603174602,0.5036458333333333,0.5300523756079312
0.2228,0.5262562480785512,0.007000847074716127,0.5402975967878442,0.544091622089048,0.5146577380952382,0.5025173611111111,0.5297169223095148
0.223,0.5263524189801962,0.007209075688009438,0.5401165193772511,0.5453907412621164,0.5133875425170069,0.5026041666666666,0.5302631250779399
0.2232,0.5260917781310811,0.0075706585519315665,0.5391894817643239,0.5474399710413064,0.5121988378684807,0.5016493055555555,0.5299812944257389
0.2234,0.5245868190061289,0.007838233490106223,0.5370716633534749,0.5477858665486868,0.5100641298185942,0.4997395833333334,0.5282728519765556
0.2236,0.5243266031521566,0.008598037133916245,0.5385399649654575,0.5486164179704781,0.5076831774376418,0.4969618055555555,0.5298316498316498
0.2238,0.523677089145202,0.009203625558810697,0.5381522231188616,0.5497164461247637,0.5069922760770974,0.4934895833333332,0.5300349170719543
0.224,0.523702455799534,0.009777763863415204,0.5385183144054954,0.5516530587620159,0.5068222080498865,0.4911458333333334,0.5303728644469385
0.2242,0.5229990904093157,0.009983300636926467,0.5381463184206902,0.5512769979487592,0.5051232993197278,0.49001736111111105,0.5304314752462901
0.2244,0.522415434574056,0.010308827037381738,0.539152085342571,0.5506234163214415,0.5035058815192743,0.4883680555555555,0.5304277341314378
0.2246,0.5215277502090919,0.01059482192818748,0.5384100616056842,0.5509974661143063,0.5024837018140589,0.4864583333333334,0.529289188178077
0.2248,0.5212158076274787,0.011093658919550227,0.5386698683252307,0.5521035273297671,0.5012790532879818,0.4844618055555555,0.5295647836388577
0.225,0.5203266794462948,0.01129655780026937,0.5387545023323558,0.5514760889675421,0.5004287131519274,0.48263888888888884,0.5283352038907594
0.2252,0.5191065124839894,0.01176499291879648,0.5392032593933906,0.5507239673410289,0.49683602607709754,0.4806423611111111,0.5281269484973189
0.2254,0.5186628029157757,0.011998309263468216,0.5387407247032889,0.5514760889675421,0.49623901643990925,0.4794270833333333,0.5274311011348048
0.2256,0.5181915244262361,0.012297787237144931,0.5394709390438326,0.5508184852994409,0.49529124149659864,0.4776041666666666,0.5277727896246415
0.2258,0.5173959735382145,0.012590603521725786,0.5379849233373354,0.5511945461126976,0.4936649659863946,0.47595486111111107,0.5281805711435341
0.226,0.5171166452900755,0.012709406215439345,0.5375105792508907,0.5524031693681375,0.4939306972789116,0.47526041666666663,0.5264783638857713
0.2262,0.5169652201072221,0.012935044643055761,0.5376975613596551,0.5522060893697462,0.49418402777777787,0.4735243055555555,0.5272141164733759
0.2264,0.5157922718652841,0.013164096807607596,0.5364004959946465,0.5520210754937055,0.4928217120181406,0.4715277777777779,0.5261902980421499
0.2266,0.5152139374238367,0.013349435078765948,0.5356505993268644,0.5517415436592528,0.4926551870748299,0.4697048611111111,0.5263174959471256
0.2268,0.5141165605066828,0.013344624866854702,0.5333300529454603,0.5511865020311306,0.4926534155328798,0.46805555555555556,0.5253572764683876
0.227,0.5138191191037024,0.013697013943370872,0.5346074359832307,0.5506274383622249,0.49181016156462587,0.46614583333333337,0.5259047262750967
0.2272,0.5130579167912235,0.014132889003982305,0.5336685889739603,0.5514640228451916,0.49199085884353744,0.4630208333333333,0.5251452799600947
0.2274,0.5119634897582219,0.014647219290181337,0.5337610959119805,0.5510758959095845,0.4897782029478458,0.4600694444444445,0.5251328095772541
0.2276,0.5119805548175245,0.015125686587917212,0.5336528431121697,0.5524735550818485,0.4913920776643992,0.4571180555555555,0.5252662426736501
0.2278,0.5115879920485984,0.015367233405092454,0.5335623044068731,0.5530265856895789,0.49079683956916104,0.45590277777777777,0.5246514527996009
0.228,0.5106789044690381,0.015556831526906472,0.5328438994626724,0.551898403249809,0.4903698979591836,0.4536458333333333,0.524636488340192
0.2282,0.5098423240130654,0.015265531476053735,0.5314503906941956,0.5487411012347666,0.49122378117913834,0.4526909722222222,0.5251053747350044
0.2284,0.5099056246441955,0.015492949619350561,0.5314444859960241,0.5491151510276314,0.49225127551020414,0.45121527777777776,0.5255019329093402
0.2286,0.508703292820437,0.016029975016818663,0.5308992855315213,0.549404737964043,0.4904602465986394,0.44800347222222225,0.5247487217857588
0.2288,0.5079614351222161,0.01604475572530388,0.5312673450508789,0.5476491171620481,0.49071534863945576,0.44652777777777775,0.5236475869809203
0.229,0.5071664636143562,0.016150352066816368,0.5303225933434369,0.5472991996138841,0.4897073412698413,0.4453993055555555,0.5231038782890634
0.2292,0.5066951409501275,0.016334371604781857,0.5298482492569921,0.5472087036962555,0.490047477324263,0.44375,0.5226212744731263
0.2294,0.5057970527875326,0.01655965501260748,0.5286476272954513,0.5457285926879298,0.49159049036281177,0.4405381944444445,0.5224803591470258
0.2296,0.5055304060896619,0.016599847481377404,0.52844686755762,0.5459216506455375,0.49159934807256234,0.44010416666666663,0.5215799975059234
0.2298,0.5049870328321415,0.016694565635449316,0.5266892357352333,0.5464022845191651,0.49219281462585035,0.43888888888888883,0.52076194039157
0.23,0.504811783960386,0.016954952255968152,0.5262975574231897,0.5459437718698468,0.49373582766439916,0.43671874999999993,0.5213630128444943
0.2302,0.5041402132575881,0.017105285771512154,0.5256381994607043,0.54577484615694,0.49314058956916096,0.4354166666666667,0.5207307644344681
0.2304,0.5034498016649931,0.01712076590110518,0.5248076052512449,0.5448497767767365,0.4939147534013605,0.4341145833333333,0.5195622895622896
0.2306,0.5026845735018365,0.017006058992314135,0.5246186549097566,0.5430056710775049,0.493328373015873,0.43359375,0.518876418506048
0.2308,0.5023837565727486,0.01691295365206204,0.5238648217765268,0.5424707396533001,0.4932539682539683,0.43359375,0.5187355031799477
0.231,0.5022762343909877,0.01680967429990641,0.5230322593343437,0.5420242931263323,0.4943664965986395,0.4335069444444445,0.5184511784511785
0.2312,0.5017425738124313,0.01677517140379318,0.5224654083098785,0.5418433012910752,0.49445507369614516,0.4330729166666667,0.5168761690983913
0.2314,0.5013239093847167,0.016470256542510477,0.5208947585962564,0.5406487551783775,0.4958085317460318,0.43342013888888886,0.5158473625140292
0.2316,0.5011005362901655,0.016457380104503372,0.5197945165036314,0.5402928045690383,0.49752692743764176,0.4327256944444445,0.5151627384960719
0.2318,0.5010114294123325,0.016159802262960404,0.5188792882870471,0.5391887543739693,0.4991532029478458,0.4334201388888889,0.5144157625639108
0.232,0.5005536559057461,0.016048470762628685,0.5199696892160529,0.5381872662188795,0.498469387755102,0.4335069444444445,0.5126349918942512
0.2322,0.4999998068452879,0.01594954882178512,0.5189599858287244,0.5370892490849857,0.4994136196145124,0.43298611111111107,0.5115500685871057
0.2324,0.4998978442393491,0.015783257819358777,0.5192512842718523,0.5373004062261192,0.49837726757369616,0.4340277777777778,0.5105324853473002
0.2326,0.49979951305173104,0.015339560456981928,0.5185072923022418,0.536847926637976,0.49830640589569164,0.43602430555555555,0.5093116348671904
0.2328,0.5002841622910369,0.015229591260319362,0.5196173755584861,0.5368700478622854,0.4989069586167799,0.4369791666666667,0.5090472627509663
0.233,0.5001598431660556,0.01485397265810578,0.519243411340957,0.5355769617503923,0.5000265731292517,0.43819444444444444,0.5077578251652326
0.2332,0.5003464736470912,0.014639810183675562,0.5205326037750704,0.5357981739934842,0.5005367772108844,0.43975694444444446,0.5051078688115724
0.2334,0.5003520542560776,0.014206561481168408,0.5220068100852244,0.5347745646140851,0.49958900226757363,0.4421874999999999,0.5032023943135053
0.2336,0.5005876175323702,0.013828885452078032,0.5233019072175094,0.534235611149097,0.5001116071428571,0.44461805555555556,0.5006709065968324
0.2338,0.5008980402876778,0.013710749540360645,0.5245970043497943,0.534259743393798,0.5001984126984127,0.44592013888888893,0.4995149021074948
0.234,0.5011486417657816,0.013333444990586049,0.5249729368000473,0.5336101838072638,0.5007121598639457,0.44809027777777777,0.49835765057987286
0.2342,0.5020644199375617,0.012985798781634717,0.52653374535005,0.5323170976953706,0.5022516298185942,0.4501736111111111,0.4990460157126824
0.2344,0.5026645561572818,0.012776255134529908,0.5281969020016927,0.5310240115834775,0.5042233560090703,0.45164930555555555,0.49822920563661305
0.2346,0.5024260702552461,0.012320105344336942,0.5284783592812013,0.528526324256928,0.5043951955782313,0.4533854166666666,0.4973450554932036
0.2348,0.5024019535085619,0.012237104022957803,0.5288464188005589,0.5282669026263926,0.5055892148526077,0.45434027777777775,0.494966953485472
0.235,0.502119514334753,0.012419958642816864,0.530696557560966,0.5275389132445802,0.5052561649659864,0.4541666666666667,0.4929392692355655
0.2352,0.5021020745693952,0.012145645273164193,0.5317161021119137,0.5256083336685033,0.5050046060090703,0.45564236111111117,0.4925389699463773
0.2354,0.5027561967948222,0.012200768294169419,0.5331981813529632,0.5253428789767929,0.5073944160997732,0.45659722222222215,0.49124828532235937
0.2356,0.502783728750611,0.012394932175474192,0.5347767039974807,0.5244178095965893,0.5087691326530612,0.4565972222222222,0.4893577752837013
0.2358,0.5032810351228707,0.012573242112284364,0.5374495640364517,0.523323814503479,0.5090313208616779,0.4566840277777778,0.48991644843496696
0.236,0.5041040350607987,0.012701806322257338,0.5386541224634401,0.5233378916462212,0.5115043934240362,0.4570312500000001,0.4899925177702956
0.2362,0.5046661696960746,0.012676433776760577,0.5394984943019663,0.5244620520452078,0.5110048185941043,0.45815972222222223,0.4902057613168725
0.2364,0.5049249511662095,0.012715386300741927,0.5410770169464838,0.5231729879740981,0.5111802012471655,0.45842013888888894,0.4907744107744108
0.2366,0.5050168245041733,0.01263804125724765,0.5415474245674808,0.5225334834895226,0.5113591269841271,0.45920138888888884,0.49044269859084666
0.2368,0.5052098688777622,0.012684115412283021,0.5426634125218965,0.5210473394200216,0.512905683106576,0.45972222222222225,0.4897106871180945
0.237,0.5054042688724298,0.01289811570301778,0.5436888617710158,0.5206893777902908,0.5139243197278911,0.45920138888888895,0.4895173961840628
0.2372,0.5052475575138309,0.012819615008939002,0.543155470702856,0.5187487431122552,0.5154744189342404,0.4588541666666666,0.49000498815313626
0.2374,0.5054335358845699,0.012870757764308573,0.5447339933473734,0.5171801472066927,0.5159934807256236,0.4596354166666667,0.4896246414764933
0.2376,0.5047754469646082,0.01290145128736917,0.5438167968980652,0.5164581908860556,0.515970450680272,0.45868055555555554,0.48895124080309255
0.2378,0.5046153244281174,0.013047032881952171,0.5449170389906902,0.5149700357961631,0.5159793083900227,0.45824652777777775,0.4889637111859334
0.238,0.5047440151681603,0.013081826110871954,0.544653295805696,0.5141495394763302,0.5173469387755102,0.45763888888888893,0.4899314128943758
0.2382,0.5054588863240084,0.013412431528715355,0.5454976676442224,0.5143244982504123,0.5197562358276644,0.45633680555555556,0.4913792243421873
0.2384,0.5057077720223548,0.013895059904936004,0.5471667289940363,0.5141495394763302,0.520530399659864,0.45434027777777775,0.49235191420376606
0.2386,0.5065654831470824,0.014197332955187138,0.5489263290491467,0.5144310823311748,0.5225092120181406,0.45425347222222223,0.4927073201147275
0.2388,0.5070249700723297,0.014415410716433121,0.5509634499183182,0.5132284921369102,0.5230176445578232,0.4541666666666666,0.49374859708193036
0.239,0.5072541657789029,0.014302398053543643,0.5510598933217864,0.5124803925511804,0.5230070153061224,0.4546006944444444,0.4951228332709815
0.2392,0.5074555598368253,0.014210232482423835,0.5506997067333241,0.5110686562361743,0.523609339569161,0.45451388888888883,0.49738620775657816
0.2394,0.5072457737678635,0.01423400252507013,0.5496939398114433,0.5099726501226722,0.5246386054421769,0.4536458333333333,0.4982778401296919
0.2396,0.5077564739536318,0.014596979554607674,0.5507036431987719,0.5091420987008808,0.5269522392290249,0.4526041666666666,0.49938022197281456
0.2398,0.5081776989335942,0.014315924736796382,0.5496211152006614,0.5093311346177051,0.5281427154195011,0.4539930555555555,0.4998004738745479
0.24,0.5083585006486173,0.014153775121791029,0.5486212529769521,0.5083980211559346,0.5289115646258503,0.45434027777777775,0.5015213867065718
0.2402,0.5088984142083719,0.014374977449968206,0.5500088570472572,0.5072879378996904,0.5301197562358276,0.45425347222222223,0.5028220476368623
0.2404,0.509491310704488,0.014652387278198243,0.5496427657606235,0.5092285725777259,0.5318363803854875,0.4526909722222222,0.5040578625763811
0.2406,0.5100516028823112,0.014764318797886696,0.5489912807290335,0.5088424566625106,0.5340543509070296,0.4522569444444445,0.5061129816685372
0.2408,0.5108264652315133,0.014939179542740646,0.5488161080166118,0.5094015203314162,0.5363768424036282,0.45190972222222225,0.5076281331836887
0.241,0.51029040451657,0.01509565765760721,0.5473458381719054,0.5086554317660782,0.5368197278911564,0.4501736111111111,0.5084574136425989
0.2412,0.5106698939559206,0.01539644020081179,0.5465290215915131,0.5103366448135784,0.5385381235827664,0.44852430555555556,0.509421374236189
0.2414,0.5113693577568001,0.015641447391262792,0.5463558171118154,0.5112597031733902,0.5404195011337869,0.44774305555555555,0.5110687118094526
0.2416,0.5116132591163136,0.015768730338880495,0.5448028814927077,0.5120962876563568,0.5418013038548752,0.44678819444444445,0.5125776281331836
0.2418,0.5116550906342627,0.01601948277411288,0.5432499458736,0.5116136427623376,0.5435905612244898,0.4453993055555555,0.514421997755331
0.242,0.5120421863736497,0.016265933612768596,0.5426909677800303,0.5119816594940272,0.5454719387755101,0.44461805555555556,0.5154483102631251
0.2422,0.5119888554861022,0.016930431049856618,0.5425020174385419,0.5117021276595745,0.5480300453514739,0.4418402777777778,0.5158698092031425
0.2424,0.5122857787427162,0.017450855164008804,0.5429802979904343,0.5112416039898646,0.550014172335601,0.44001736111111117,0.5171754582865693
0.2426,0.5130982762377656,0.017637213882326808,0.5434408644478123,0.511792623577203,0.551812287414966,0.4401041666666667,0.5183414390821798
0.2428,0.5133567510154112,0.017399012030647597,0.5425256362312281,0.512158629288501,0.5516457624716553,0.4411458333333333,0.5193078937523382
0.243,0.5134503580749847,0.017253431490064225,0.5409490818194344,0.5108595101154326,0.5528504109977325,0.4421875,0.5204052874423245
0.2432,0.513391549733895,0.01712366777647959,0.53882339047769,0.5108534770542573,0.5543083900226756,0.44296875,0.5200037411148521
0.2434,0.5127113497704703,0.017080667144959902,0.5354163796327278,0.5101053774685276,0.5545652636054422,0.4423611111111111,0.521108617034543
0.2436,0.5129826616877917,0.017250988943240137,0.5351329541204952,0.5110244137875558,0.5551675878684807,0.4416666666666666,0.52192168599576
0.2438,0.5131723524883374,0.017751993325030933,0.5336626842757888,0.5103708321602382,0.5576495181405895,0.44001736111111106,0.5241613667539593
0.244,0.5126070069767883,0.018031710243636017,0.5311728698801346,0.5111108876644008,0.5581650368480726,0.4380208333333333,0.5245654071579998
0.2442,0.512634329273892,0.018109604999997687,0.528507882772059,0.511665929292523,0.5595344387755101,0.4379340277777778,0.52552936775159
0.2444,0.5119712611201285,0.01829516129983782,0.5259235932056606,0.5116558741905644,0.5600481859410431,0.43663194444444436,0.5255967078189301
0.2446,0.5119411703474647,0.01834854257034371,0.5261105753144253,0.5126774725495716,0.5589374291383221,0.43576388888888895,0.5262164858461155
0.2448,0.5116565866827416,0.018577587429991094,0.5241659613832741,0.512969070506375,0.5596974206349206,0.4346354166666666,0.5268150642224716
0.245,0.5116679623537047,0.019019594472181826,0.5253469010175763,0.513898161927362,0.5597859977324264,0.4322916666666667,0.5270170844244919
0.2452,0.5115848443542916,0.019283119225036185,0.524142342590588,0.5139765917226401,0.5609800170068027,0.43133680555555554,0.5274884648958723
0.2454,0.5109258544009843,0.01933257511874765,0.5225539787824512,0.5125769215299842,0.56124929138322,0.43090277777777775,0.5273463025314877
0.2456,0.5106882398112289,0.019628147379328838,0.5206093648513,0.51200780275912,0.5629641439909296,0.4300347222222222,0.5278251652325727
0.2458,0.5108236157774467,0.019519140387987587,0.5191016985848407,0.5118127337811206,0.5635576105442176,0.43107638888888894,0.5285696470881656
0.246,0.5104350620045703,0.019562241427007673,0.5181569468773988,0.5115332019466677,0.5627940759637188,0.43038194444444444,0.5293091407906223
0.2462,0.5101268247047995,0.019585361128061248,0.5173991772787214,0.511531190926276,0.56296768707483,0.43012152777777785,0.5286145404663924
0.2464,0.5093779923090327,0.019784856306566543,0.5167516287125788,0.5100510799179504,0.5626310941043083,0.4286458333333333,0.5288103254769921
0.2466,0.5085318298506605,0.02011207761642758,0.5138878500993957,0.5094015203314161,0.5632369614512471,0.42690972222222223,0.5292230951490211
0.2468,0.5082128924764125,0.020186420729739904,0.513509949416419,0.5088404456421187,0.5632405045351474,0.42638888888888893,0.5290846738994887
0.247,0.5075918807941303,0.020301898660381127,0.5128683055484481,0.5085749909504083,0.5629978032879819,0.4252604166666667,0.5282578875171466
0.2472,0.5076469249279607,0.020580803220637642,0.512313263920326,0.5094135864537667,0.5640323837868481,0.42421875,0.5282566404788628
0.2474,0.5071018820471677,0.020371345584134705,0.5113744169110556,0.5091219884969633,0.5625124007936508,0.42439236111111106,0.5281082429230577
0.2476,0.5066378342162939,0.02047541320209443,0.5094376759107997,0.5098620440011261,0.562264384920635,0.42352430555555554,0.5281007606933533
0.2478,0.5060944334985915,0.020439611828067434,0.5084161631271282,0.5106061215460725,0.5605619331065761,0.42265625,0.5282316997131813
0.248,0.5057013535920254,0.020629149343885062,0.5067569429409333,0.5115392350078429,0.5606593679138322,0.4215277777777778,0.5280234443197406
0.2482,0.5057437809165402,0.02068307513007572,0.5067510382427618,0.5123617423480674,0.5611837443310658,0.4213541666666667,0.527068212994139
0.2484,0.504548844313608,0.020846673038055506,0.505465782274096,0.5135743876442908,0.5589657738095237,0.41875,0.5259882778401297
0.2486,0.5042098681271487,0.02097150952849584,0.5046351880646368,0.5144009170252987,0.5581278344671201,0.41762152777777783,0.5262638733009104
0.2488,0.5036680065623935,0.0210544911633186,0.5027968587005727,0.5140308892732173,0.5584661989795918,0.4171875,0.5258585858585858
0.249,0.5039706210841174,0.020892571891126855,0.5032633298561222,0.5147709447773801,0.5583049886621316,0.4180555555555555,0.5254582865693976
0.2492,0.503487915957659,0.02108836370532014,0.502891333871317,0.514676426818968,0.5589941184807257,0.4169270833333334,0.5239506172839506
0.2494,0.5031371286800923,0.02080778558978167,0.5025213061192356,0.5134557374411777,0.5594210600907029,0.4183159722222222,0.521971567527123
0.2496,0.5025861856701086,0.020429068521808945,0.5026039718936367,0.513636729276435,0.5579825680272108,0.41918402777777775,0.5195236313754832
0.2498,0.502552979229425,0.020357267691895827,0.5026020036609128,0.513739291316414,0.5582358985260771,0.41961805555555554,0.5185696470881656
0.25,0.502094667901355,0.019971205066248405,0.5024287991812152,0.5135482443791981,0.556703514739229,0.42065972222222214,0.5171330589849108
0.2502,0.5017068689128438,0.01975835631919984,0.5026039718936366,0.5127900896915094,0.5566113945578232,0.4214409722222222,0.5150879161990274
0.2504,0.5014962127320193,0.019430903623859897,0.5033459956305234,0.5121405301049753,0.5559488378684807,0.42265625,0.5133894500561167
0.2506,0.5018169698123369,0.018759567393342256,0.5047335997008287,0.5140851868237944,0.5534775368480725,0.42517361111111107,0.5116149145778774
0.2508,0.5012809055311391,0.018426680330377528,0.5042769697088983,0.5143586855970719,0.5515199829931973,0.42578125,0.5104676393565283
0.251,0.501053722044914,0.01816176768104044,0.5054756234377152,0.515096730080843,0.5499043367346939,0.4263020833333333,0.5084898366379849
0.2512,0.5010734146194307,0.01770064357903454,0.5060286968331136,0.5151872259984717,0.5487918083900227,0.42829861111111106,0.5070607307644345
0.2514,0.5012645756513899,0.016849403210887296,0.5061133308402386,0.514445159473917,0.5468183106575963,0.43203125,0.5069148272851975
0.2516,0.5013692462853643,0.016433142687973783,0.5072175093983112,0.5148071431444314,0.5452008928571428,0.43359375,0.506026936026936
0.2518,0.501368176557819,0.016022150914457366,0.507597378314012,0.5148151872259984,0.5439165249433107,0.43524305555555554,0.5052687367502183
0.252,0.5012546825590019,0.015536433689238736,0.5081465152439624,0.5145215782488034,0.5427136479591838,0.43732638888888886,0.5035652824541713
0.2522,0.5015719278755981,0.01520194002373023,0.5097171649575846,0.5141555725375054,0.5416843820861678,0.4388020833333333,0.5035004364633995
0.2524,0.5017980035127416,0.014993414954615597,0.5118369516011573,0.5141535615171138,0.5407472363945578,0.43975694444444446,0.5024953236064347
0.2526,0.5017058714125625,0.014282885979425773,0.5135945834235439,0.5129469492820657,0.538187358276644,0.44253472222222223,0.5012657438583364
0.2528,0.5015743929235531,0.013859927694359207,0.5148857440903812,0.5124904476531392,0.5362227182539683,0.44409722222222225,0.5001758323980546
0.253,0.5016035855706562,0.01352182695926953,0.5139744523392447,0.5128644974460042,0.5353723781179138,0.4454861111111111,0.5003204888390074
0.2532,0.502157474959486,0.012983861216338334,0.5156297360599917,0.512317499899449,0.5339958900226758,0.4481770833333334,0.5006671654819803
0.2534,0.5025327880668969,0.012623966588239503,0.517381463184207,0.5123999517355106,0.5335760345804988,0.45069444444444445,0.49861204638982415
0.2536,0.5028808053072954,0.01220981996648307,0.5180427893794162,0.5113944415396372,0.5331402352607709,0.4529513888888889,0.49887517146776406
0.2538,0.5025478390297787,0.011797092979091742,0.518698210876454,0.5094357076780759,0.5322013180272108,0.4549479166666666,0.4974560419004863
0.254,0.5029970371428302,0.011941518812287211,0.5221170311177594,0.5074870289184733,0.5329648526077098,0.45564236111111106,0.49677391195909715
0.2542,0.5033081518704341,0.011536280196903342,0.5224890271025646,0.5057052648513856,0.5332234977324263,0.45842013888888894,0.49670283077690486
0.2544,0.5036269378968389,0.011305306902344119,0.5240655815143582,0.5036520130314122,0.5331384637188208,0.4605034722222222,0.49677515899738117
0.2546,0.503694544220396,0.011004286496911833,0.5251717283051548,0.5023508828379519,0.531767290249433,0.46206597222222223,0.49711684748721785
0.2548,0.5045971423517616,0.010553638209246015,0.527116342236306,0.5013292844789446,0.5306547619047619,0.4651909722222222,0.4986943509165731
0.255,0.5054542383493827,0.010447767427704186,0.530163166492806,0.49964404939066076,0.5302260487528345,0.46753472222222225,0.49970320488839004
0.2552,0.5064230335439073,0.010443275868144043,0.5329245970043498,0.4974158387966054,0.5311614229024944,0.47048611111111105,0.5001271979049757
0.2554,0.5065656465978996,0.01037249704870441,0.53422756706753,0.4958271326871254,0.5308124291383219,0.4723090277777778,0.499652076318743
0.2556,0.5065624392075231,0.01042937514800577,0.5367193496959081,0.49342396331898797,0.5296148667800453,0.47421875,0.49883526624267366
0.2558,0.5065679344389393,0.010206856185929846,0.5376562284724545,0.4909202429312634,0.5284226190476191,0.4774305555555555,0.4984100261878039
0.256,0.5069472115315198,0.010111107352730284,0.5381089219989371,0.48979809355266857,0.5283340419501135,0.47907986111111117,0.4994151390447687
0.2562,0.5070658424031299,0.00997627049630374,0.5383903792784459,0.4871174033704702,0.5274854733560091,0.4815104166666666,0.5008255393440578
0.2564,0.5075482667272373,0.010186794586963782,0.5403330249768732,0.48544624542492854,0.5272303713151927,0.4828125,0.5019191919191919
0.2566,0.5071479523893047,0.01040362606618384,0.5411754285826756,0.48228894340988615,0.5266351332199546,0.4844618055555555,0.5011784511784512
0.2568,0.5076317542034966,0.010292141988210445,0.5416497726691204,0.481456380967703,0.5261196145124716,0.48680555555555555,0.5021274473126325
0.257,0.5080344476899643,0.010361612851715496,0.5427598559253647,0.4804347826086957,0.5252692743764171,0.4880208333333334,0.5036874922060106
0.2572,0.5084607919121915,0.010424418801666087,0.5434999114295274,0.47950770220810035,0.5251009778911564,0.48949652777777786,0.5046988402543958
0.2574,0.508563047892008,0.010614898952960208,0.5433070246225913,0.4773619434501065,0.5256926729024942,0.49019097222222224,0.5062626262626264
0.2576,0.5087292436241373,0.010912603337838288,0.5452555750191902,0.47550376060813254,0.5248387896825397,0.4922743055555555,0.5057737872552688
0.2578,0.508692090350723,0.011369180854843489,0.5463676265081583,0.47310059123999515,0.5253507653061225,0.4925347222222222,0.5061067464771168
0.258,0.5086790462960982,0.011749515976833708,0.5467415907256874,0.47021276595744677,0.5259548611111111,0.49383680555555565,0.5066492081306897
0.2582,0.508403558342047,0.012039343126020641,0.5479304032908852,0.46799058842456664,0.5240770266439909,0.49496527777777777,0.5070544955730141
0.2584,0.5082330317149242,0.012441867352411918,0.5486704587950479,0.4652053251819973,0.5236465419501134,0.4961805555555555,0.5074622770919067
0.2586,0.5078980942571816,0.012617287299853158,0.548028814927077,0.4634456823392189,0.5242488662131519,0.4967013888888888,0.5070657189175709
0.2588,0.5070803251209618,0.013027895956235082,0.5477512941130159,0.46028435828339304,0.5239902210884353,0.4964409722222222,0.5069347798977428
0.259,0.5065011513929945,0.013457491226564838,0.5480307831598008,0.45778465993645173,0.5244224773242631,0.4960937500000001,0.5061740865444568
0.2592,0.5058902903099356,0.013884819516521584,0.547556439073356,0.45443832200458517,0.5246031746031746,0.4966145833333333,0.5062389325352288
0.2594,0.5054911007765741,0.014272058796675863,0.5481193536323735,0.4520271085548807,0.5242683531746033,0.49748263888888883,0.5055580496321237
0.2596,0.5052466210608106,0.01476211640004288,0.5499734288582283,0.45044443550657604,0.5242736678004535,0.4961805555555556,0.5053610175832398
0.2598,0.5040463146197831,0.01526426123772894,0.5505383116499696,0.44710815267666815,0.5227448270975057,0.4955729166666666,0.5042673650081058
0.26,0.5036868006272064,0.015469379413879466,0.5509949416418998,0.44600611350199093,0.5222399376417234,0.4951388888888889,0.5040541214615288
0.2602,0.5039566335236959,0.015709820372269437,0.55229791170508,0.44535856493584847,0.5223267431972789,0.49609375,0.5037061977802718
0.2604,0.5039846622123774,0.016113743185012987,0.5547837896352865,0.44471704943088125,0.5220716411564625,0.4956597222222222,0.5026911086170346
0.2606,0.5033142127157813,0.016568361178713506,0.5552305784635976,0.4421208221051362,0.5223338293650794,0.4958333333333333,0.5010525003117596
0.2608,0.5024155607691496,0.016894390537670688,0.5549451847186411,0.4400756143667297,0.5229432397959183,0.49470486111111106,0.4994089038533483
0.261,0.5026849875614617,0.01717463208972062,0.5558682858661207,0.43960503559506103,0.5247466695011338,0.49487847222222225,0.4983264746227709
0.2612,0.5027650963072172,0.017575372791826267,0.5575334107504871,0.4383039054016008,0.5248387896825396,0.49522569444444436,0.49792368125701464
0.2614,0.5020891881646136,0.01779056714779771,0.5578128997972721,0.4372843180629852,0.5245872307256236,0.49296875,0.49779274223718667
0.2616,0.5018393184008769,0.017838186981727306,0.5575530930777255,0.43682781643405866,0.5244242488662131,0.49157986111111107,0.49881157251527625
0.2618,0.5015190748269472,0.0177395539952366,0.5575688389395163,0.4375598278566544,0.5240805697278912,0.4911458333333333,0.49724030427734134
0.262,0.5010278741507201,0.01783342193486346,0.5567500541264,0.4366247033744922,0.5249397675736962,0.4911458333333334,0.49567901234567896
0.2622,0.5005796055257152,0.01766017177712468,0.5562009171964493,0.43736878091943854,0.5244401927437642,0.49071180555555555,0.49417633121336824
0.2624,0.5002383959631093,0.017708146090880363,0.5571259865766528,0.4377347866307364,0.5233365221088435,0.48923611111111115,0.49375857338820295
0.2626,0.4994543797846801,0.017557298349932346,0.5563878993052139,0.4383702690745285,0.5226633361678005,0.4873263888888889,0.49252400548696845
0.2628,0.4998476474584471,0.017815347943621246,0.5581337217312574,0.4387483409081768,0.5237705498866213,0.48715277777777766,0.4914328469884026
0.263,0.49920238833813235,0.017843803773022405,0.5584230519416616,0.4392148976390621,0.5232709750566893,0.4861979166666666,0.4889051003865819
0.2632,0.49794397874918805,0.017876612013730864,0.5574999507941819,0.43865583397015645,0.5226828231292517,0.4842881944444444,0.4865930914079062
0.2634,0.4976359508048686,0.017504330423416613,0.556035585647647,0.44032498089530636,0.5225995606575964,0.48350694444444436,0.48571268237934906
0.2636,0.4978051862083829,0.017410357259691533,0.5561300608183911,0.4412460282347263,0.522688137755102,0.48324652777777777,0.4857151764559172
0.2638,0.4984117432624677,0.01745604335035548,0.5571437006711674,0.44272010618187674,0.5239742772108843,0.48263888888888895,0.48558174335952115
0.264,0.4984787632824954,0.01733853839716432,0.5566654201192749,0.4432771588303906,0.5242311507936508,0.4822916666666666,0.48592842000249414
0.2642,0.4988481187748562,0.016809944446441863,0.5554726710886296,0.44679242247516393,0.5248299319727892,0.4817708333333333,0.48537473500436457
0.2644,0.49940372084607115,0.016651732436556845,0.5556635896628418,0.4484575473595303,0.525419855442177,0.4823784722222223,0.485099139543584
0.2646,0.4998653718777716,0.01645746222470251,0.5558486035388823,0.4502192012227003,0.5255013463718821,0.48246527777777776,0.4852924304776157
0.2648,0.4999716564773643,0.016294195614405767,0.5555828921211644,0.45196878896352005,0.525922973356009,0.4817708333333333,0.4846127946127946
0.265,0.4998596975553246,0.016331078434800972,0.5557560966008621,0.4528797812009814,0.5263410572562359,0.4801215277777778,0.4842000249407657
0.2652,0.4998858085306631,0.01622574553965893,0.5556694943610132,0.4542734183324619,0.5263375141723355,0.47847222222222224,0.48467639356528247
0.2654,0.49958660077771294,0.016062231204678607,0.5550278504930424,0.45501749587740825,0.5258202239229025,0.47847222222222224,0.4835952113729892
0.2656,0.49969967334040816,0.015769400247367425,0.554283858523432,0.457155210553835,0.5259017148526077,0.4783854166666667,0.48277216610549945
0.2658,0.499426035149085,0.015383773852920977,0.5528076839805538,0.45929895829143713,0.525373795351474,0.4770833333333334,0.48256640478862706
0.266,0.4996664198368694,0.015034496713262256,0.5515283327100595,0.46133612194827656,0.5258839994331066,0.4770833333333334,0.482500311759571
0.2662,0.49956391147137424,0.014806547558224702,0.5506170409589229,0.46162168684390464,0.525453514739229,0.4786458333333333,0.4814814814814815
0.2664,0.49926985816854624,0.014538297094837078,0.549975397090952,0.46290672887423084,0.5241656037414966,0.47890625,0.4803953111360519
0.2666,0.4991595198288957,0.014214744754796902,0.5483240498356526,0.4648533966134417,0.524578373015873,0.47873263888888895,0.4793091407906223
0.2668,0.4983816955843451,0.013950319104154264,0.5465605133150945,0.4652113582431726,0.5235491071428571,0.4769965277777778,0.4795909714428233
0.267,0.49897082497470135,0.013916178000783298,0.546371562973606,0.4659433696657683,0.5250779478458049,0.4775173611111111,0.4799438832772166
0.2672,0.4988764381846229,0.01349027803901538,0.544072667152164,0.4676165386317018,0.525405683106576,0.4767361111111111,0.4805511909215613
0.2674,0.4992821985660564,0.013531950981313068,0.5450764658413211,0.4690081647427905,0.5253985969387756,0.47569444444444436,0.48123332086295045
0.2676,0.4993996275095823,0.013155840016673423,0.5439604778869053,0.47011824799903473,0.5247856434240363,0.4765625000000001,0.4815712682379349
0.2678,0.4992520645854467,0.013119553474869459,0.542864172259728,0.4707838957487029,0.5258007369614511,0.4755208333333333,0.4812906846240179
0.268,0.4994499598800296,0.012800231523992938,0.5408349243214519,0.47283111450750115,0.5270762471655329,0.4756944444444445,0.4808130689612171
0.2682,0.49999426517460305,0.012416457095910962,0.5398941090794576,0.4743112255158268,0.5270638463718822,0.4763888888888889,0.48231325601695973
0.2684,0.5000142810876615,0.012515142685820747,0.5399708701556872,0.4748642561235571,0.527577593537415,0.475,0.4826586856216485
0.2686,0.4997494827882175,0.012276410996628483,0.5381974924715098,0.4753328238748341,0.5276519982993196,0.47456597222222224,0.4829991270732011
0.2688,0.49998006817856516,0.012031729172636382,0.5369929340445215,0.47708844467682904,0.5280718537414966,0.4741319444444444,0.4836151639855343
0.269,0.5002628184679339,0.012223726286469916,0.537433818174661,0.4755982785665447,0.529095804988662,0.47413194444444445,0.4850542461653573
0.2692,0.5001778661332289,0.012564913451221158,0.5369673470191115,0.4740296826609822,0.5312127976190475,0.4730902777777778,0.48558922558922557
0.2694,0.5001920995991296,0.012404096392909366,0.5360462141043556,0.47319510919840724,0.5309506094104308,0.47326388888888893,0.48750467639356526
0.2696,0.5002807946436659,0.012668458538729381,0.5357706615230183,0.4715299843140409,0.5328922193877552,0.47395833333333337,0.48725277466018213
0.2698,0.5002699158676721,0.012837709783896601,0.5351211447241523,0.47033744922173515,0.5341624149659864,0.4735243055555555,0.4882042648709315
0.27,0.49992493643843455,0.012981561547751727,0.5340976637077567,0.46960342677874756,0.5347611961451249,0.47152777777777777,0.48963461778276585
0.2702,0.49986437769977243,0.012840360121875621,0.532243588481902,0.46895990025338863,0.5352589994331065,0.4717881944444445,0.49107120588602066
0.2704,0.5006701099192976,0.013334265350367625,0.533707953628437,0.4688794594377187,0.5377303004535147,0.47065972222222224,0.49237311385459537
0.2706,0.5016172483725245,0.013639356976988903,0.5335190032869488,0.46899609862044,0.5411281179138322,0.47092013888888895,0.49352288315251275
0.2708,0.5017518798337293,0.013598859727382314,0.5316787056901608,0.4690906165788521,0.5425666099773243,0.47109375,0.49432971692230954
0.271,0.5018784498020712,0.014191184559500214,0.5328635817899109,0.4676185496520935,0.5445206207482993,0.4697916666666667,0.49459783015338576
0.2712,0.5023565316044294,0.01468809313940181,0.5337788100064952,0.4667920202710857,0.5468112244897959,0.4689236111111111,0.4954769921436588
0.2714,0.5027780309095873,0.014920809590401755,0.5345936583541638,0.46624100068374685,0.5477448270975056,0.4687499999999999,0.4965606684125203
0.2716,0.5029257006031992,0.015216835800973787,0.5350345424843034,0.4656819370148413,0.5487563775510204,0.4677083333333333,0.49744731263249786
0.2718,0.5025253513900411,0.015269038112345153,0.5345562619324109,0.46393033825362995,0.5483188066893424,0.46796875,0.49785260007482235
0.272,0.5022824508326869,0.015663293670363978,0.5335426220796348,0.46292885009853996,0.5501771541950113,0.46623263888888894,0.4985309889013593
0.2722,0.5023984690530898,0.015973178255229876,0.5340937272423092,0.46371113703092953,0.5512755102040816,0.4639756944444445,0.4989362763436838
0.2724,0.5031674594560043,0.016065425306826794,0.5346408959395358,0.46465631661505047,0.5523738662131519,0.4638020833333334,0.5003641351789501
0.2726,0.5041035526532658,0.016478752912575906,0.5351821599385911,0.4644029280456904,0.555265022675737,0.4638020833333333,0.5018655692729767
0.2728,0.5046260555806279,0.016723510603210017,0.5360796740606609,0.4646905039617102,0.5565299036281179,0.46328125,0.5025489462526499
0.273,0.5050181060171489,0.017108563874738664,0.5369889975790738,0.46338736274785824,0.5579701672335601,0.46310763888888895,0.5036363636363637
0.2732,0.50548007356153,0.01728977903572253,0.5369063318046725,0.46497807987772993,0.5596637613378684,0.4618055555555555,0.5040466392318244
0.2734,0.5055348306844305,0.017689349447206754,0.537542070974472,0.4657221574226763,0.5611022534013606,0.45946180555555555,0.5038458660680882
0.2736,0.5055593223754669,0.018060597740397383,0.5394610978802135,0.46609218517475776,0.5614317602040816,0.45737847222222217,0.5034330963960594
0.2738,0.5062745528183509,0.018489037450235737,0.5409195583285767,0.46741141455174356,0.5636373299319728,0.4559027777777779,0.5035016835016835
0.274,0.5071788790116761,0.018639742546275987,0.5424783986458559,0.46975626432852025,0.5652494331065759,0.4557291666666667,0.5026811323107621
0.2742,0.5079113044693131,0.0192162701820003,0.5449485307142716,0.47114386839882555,0.5675488945578231,0.45390625,0.5020089786756453
0.2744,0.5080639045528048,0.01947993623115978,0.5453008443718386,0.47171097614929813,0.5689980158730158,0.453125,0.5011846863698717
0.2746,0.5084868112761008,0.01936584441330036,0.5453992560080304,0.47487632224590753,0.5696712018140591,0.4532118055555555,0.49927547075695217
0.2748,0.5090163812845697,0.019457795210888206,0.5466845119766962,0.4768390781482525,0.5698288690476191,0.4522569444444445,0.49947250280583616
0.275,0.5088307735920992,0.019626640771691864,0.5473320605428386,0.47786268752765154,0.5700875141723356,0.4513020833333333,0.4975695223843372
0.2752,0.508443915067428,0.019539794912902357,0.5463184206900624,0.4795358564935849,0.5694816468253968,0.45,0.49688365132809575
0.2754,0.5086231710843595,0.01975919333044155,0.546202294959356,0.48204963198326833,0.5707553854875284,0.44852430555555556,0.4955842374360893
0.2756,0.5086104827390677,0.01991789106326483,0.5461117562540595,0.4844528013514056,0.5711858701814059,0.446875,0.4944269859084674
0.2758,0.5087973477499792,0.0202312025982402,0.545838171905446,0.48796404295539564,0.5724596088435374,0.44453125,0.4931936650455169
0.276,0.5084323925372518,0.02025038830408874,0.5457496014328734,0.4891807102924024,0.5718555130385488,0.44375,0.4916261379224342
0.2762,0.5086108777701712,0.020652701427132356,0.5463873088353968,0.4901158347745646,0.5729733560090703,0.4417534722222222,0.4918244170096022
0.2764,0.508914618027933,0.020826668973343516,0.5466707343476293,0.49290109801713394,0.5734038407029478,0.4404513888888889,0.4911460281830652
0.2766,0.5088411472452881,0.021059536451090415,0.5463026748282718,0.495322366568797,0.5733205782312926,0.4378472222222222,0.49141289437585733
0.2768,0.5087441039546656,0.021254264043675013,0.5462042631920798,0.49559586534207456,0.5738378684807255,0.43680555555555556,0.4912769672028931
0.277,0.5080167432702689,0.02114409836524591,0.5442655539591001,0.4969955355347304,0.5729095804988662,0.43585069444444446,0.4900623519142037
0.2772,0.5077422330594841,0.021082095653032023,0.543153502470132,0.4983791175642521,0.5720610119047619,0.43472222222222223,0.49039531113605184
0.2774,0.5073022950582511,0.021180794781551188,0.5429527427323007,0.49921972408800225,0.5715525793650793,0.4336805555555555,0.4891058735503179
0.2776,0.5074093575069814,0.02131614899360544,0.5441533646938413,0.49949724490206326,0.5716517857142858,0.43359375,0.48815064222471627
0.2778,0.5079440034455461,0.02117672316047615,0.5438738756470565,0.502938100792342,0.5709785997732426,0.4335069444444445,0.4884224965706448
0.278,0.507849517082834,0.02130259689176405,0.5448717696380421,0.504804327715883,0.5697030895691609,0.43211805555555555,0.4877503429355281
0.2782,0.5080210174357296,0.02111569184486609,0.5445962170567048,0.5078671117725133,0.5685923327664398,0.43272569444444436,0.48632373113854593
0.2784,0.5077073198307084,0.021001732113962366,0.5442242210718995,0.509347222780839,0.5672371031746032,0.4326388888888889,0.4850891632373114
0.2786,0.5077267972632895,0.020599572670198612,0.5428503946306612,0.511579455415678,0.5655381944444444,0.4335069444444444,0.4851589973812196
0.2788,0.5075774121581288,0.020511231083348548,0.5417619619343792,0.5145557655954631,0.5642644557823131,0.43315972222222215,0.48414515525626634
0.279,0.5071023961770056,0.0208174662875954,0.5412010156080854,0.516138438643768,0.5638640873015872,0.43090277777777775,0.48340566155380965
0.2792,0.5069901929653784,0.02069472951661835,0.5402838191587773,0.5182821863813698,0.5629269416099774,0.43133680555555554,0.4821212121212121
0.2794,0.5074553708410051,0.020628854540121987,0.5404629283366467,0.5200498733057153,0.5629340277777778,0.43237847222222225,0.48145155256266375
0.2796,0.5072965989396391,0.020493631233469298,0.5390891018954082,0.5203354382013433,0.5630385487528343,0.43298611111111107,0.4810337947374984
0.2798,0.5074836930887477,0.020134709122850387,0.5383549510894168,0.5218175602300608,0.5618498441043085,0.4346354166666667,0.48076069335328586
0.28,0.507623949865855,0.019992878011013133,0.5389139291829866,0.5227486626714395,0.5606629109977324,0.43524305555555554,0.4805511909215613
0.2802,0.5071810032449905,0.01994187105423719,0.5373511524002599,0.521529984314041,0.5613555839002268,0.43524305555555554,0.48042524005486964
0.2804,0.5066080850536769,0.019873987924342293,0.5378235282539807,0.5206893777902909,0.5599277210884352,0.43498263888888894,0.47961715924678894
0.2806,0.5065191229233296,0.019759505275647085,0.5355226641998149,0.5218054941077103,0.5603670634920634,0.4354166666666667,0.4794837261503928
0.2808,0.5058526642308481,0.019467695537082278,0.5327533607573759,0.5202268431001891,0.5605548469387756,0.43611111111111106,0.4796171592467888
0.281,0.504837353595819,0.019249092879852266,0.5305390989430591,0.5194043357599646,0.5593608276643991,0.4359375,0.4789450056116723
0.2812,0.5048222097322309,0.01870814239563082,0.5299013915405357,0.5201484133049109,0.5574103599773242,0.4383680555555555,0.4782828282828283
0.2814,0.5048246605648281,0.01852681225003238,0.5278859212313264,0.5206210030969715,0.5581916099773242,0.44001736111111106,0.47740740740740745
0.2816,0.5051207001958293,0.018057007869567442,0.5274273230066722,0.5200579173872824,0.5581136621315193,0.44340277777777776,0.4766018206758947
0.2818,0.5045343538312357,0.01796361252848761,0.5257877851477157,0.5192233439247074,0.5581313775510204,0.44366319444444435,0.4758660680882903
0.282,0.504907738454704,0.017628024898820722,0.525884228551184,0.5203294051401681,0.5571977749433106,0.44600694444444444,0.47512033919441327
0.2822,0.5050382290720065,0.017023160261669154,0.524890271025646,0.5190282749467079,0.5566875708616781,0.44939236111111114,0.4751926674148896
0.2824,0.5056267398525012,0.016802645893985026,0.525181569468774,0.5193942806580059,0.5573022959183673,0.4530381944444445,0.4732173587729143
0.2826,0.5060777394958079,0.016295909717794068,0.5241915484086838,0.5206029039134457,0.5561933106575964,0.45564236111111106,0.473758573388203
0.2828,0.5067557765923161,0.015660783138972244,0.5250221426181432,0.5194827655552426,0.5551817602040815,0.45876736111111105,0.4753248534730016
0.283,0.5069411986182448,0.015485682690575922,0.5246717971933001,0.520321361058601,0.5547477324263038,0.46032986111111107,0.47463524130190804
0.2832,0.5070794603595926,0.015170970472143412,0.5237644419076112,0.521147890439609,0.553984197845805,0.46267361111111105,0.4738271604938271
0.2834,0.5075934402436225,0.015085317843886054,0.524250595390399,0.5212403973776294,0.5545794359410431,0.46501736111111114,0.47287941139792994
0.2836,0.5082372139269302,0.014743811796836204,0.5241639931505502,0.5206652455455899,0.5551055839002268,0.47013888888888894,0.4711123581493952
0.2838,0.5087451572745423,0.014370647602615399,0.5245596079280415,0.5209307002373004,0.5541684382086167,0.4736979166666667,0.47036912333208625
0.284,0.5088244413272986,0.014143538243694994,0.5239317416891374,0.519535052085428,0.5542570153061225,0.47847222222222224,0.4679261753335828
0.2842,0.5095957620648605,0.01383173087448212,0.5238687582419745,0.5205445843220851,0.5538300736961451,0.48159722222222223,0.46813817184187556
0.2844,0.510138974359504,0.01386048114490664,0.5258074674749543,0.5187648312753892,0.5546821853741497,0.4837673611111112,0.4676730265619155
0.2846,0.5109597906781194,0.013890619683972077,0.5260928612199107,0.5181132606684632,0.5564005810657596,0.48671875,0.4674735004364635
0.2848,0.5111439984259605,0.01375498878142246,0.5255456925226838,0.5186542251538431,0.5556281887755101,0.48984375,0.4660481356777654
0.285,0.5112743453687864,0.013403734828949751,0.5247249394768436,0.517528053734465,0.5547743055555555,0.49348958333333337,0.4658548447437337
0.2852,0.5110821743267162,0.013492012804155852,0.5243765622847246,0.5171419378192494,0.5549319727891155,0.49392361111111116,0.4650367876293802
0.2854,0.5117757218180895,0.013770580158538203,0.525581120711713,0.5175039214897639,0.5562039399092971,0.4955729166666666,0.4640167103130066
0.2856,0.5128695343918872,0.013932233039622691,0.5269825024110851,0.5170273096569199,0.5573022959183673,0.500173611111111,0.4628619528619529
0.2858,0.5132486419257161,0.014071730563004032,0.5277245261479717,0.5165547198648595,0.5579914257369614,0.5016493055555555,0.46232323232323236
0.286,0.5133320130042408,0.014283449896870736,0.5269923435747043,0.5168241965973536,0.5586752409297052,0.5032118055555556,0.46095647836388576
0.2862,0.51428853646843,0.014080434661737909,0.5283917570413525,0.5163556288460764,0.5580658304988663,0.5071180555555556,0.4615114104002993
0.2864,0.5158429102899063,0.014455400327912333,0.5302517369653789,0.5168965933314564,0.5610508786848072,0.5092881944444445,0.4617271480234443
0.2866,0.5162867742727507,0.014702819609267585,0.5305312260121637,0.5170795961871053,0.5618923611111112,0.5112847222222222,0.4606459658311509
0.2868,0.5171701315506925,0.01467105459765464,0.5303599897651899,0.5192917186180268,0.5620659722222221,0.5132812500000001,0.46085172714802347
0.287,0.517474932876536,0.01477921932080756,0.5313834707815852,0.5189076137232032,0.5621386054421768,0.5145833333333333,0.4603616411023818
0.2872,0.5181426097200453,0.014677122106571525,0.5300017714094516,0.5197441982061698,0.562889739229025,0.5168402777777777,0.46123706197780273
0.2874,0.5190363440147372,0.014668902519071204,0.5308343338516346,0.5213127941117323,0.5633219954648526,0.5178819444444445,0.4618306522010226
0.2876,0.5196970421318052,0.014738732721113262,0.532765170153719,0.5224027671640592,0.5631342120181406,0.5184895833333332,0.4616934779897742
0.2878,0.5197418655256312,0.014703287345573897,0.5329560887279312,0.5218437034951535,0.5624433106575963,0.5200520833333333,0.46141414141414144
0.288,0.5203761041086141,0.014704947352102118,0.5339776015116028,0.5222117202268433,0.5630332341269841,0.5205729166666667,0.46208504801097394
0.2882,0.5207691865780406,0.014730528119706997,0.5346192453795737,0.5232232634838917,0.5634477749433107,0.5201388888888888,0.462416760194538
0.2884,0.52117335157653,0.014644607984636484,0.5359064695809632,0.5233258255238707,0.563015518707483,0.5206597222222222,0.4629592218481108
0.2886,0.5217292613587177,0.01445269709003423,0.5355482512252248,0.5248059365321964,0.56343714569161,0.5203993055555556,0.46445566778900105
0.2888,0.5217741726923211,0.014365069455717513,0.5349046391245301,0.5256324659132044,0.5630031179138321,0.5207465277777776,0.46458411273226086
0.289,0.5222950802283916,0.01452650024480211,0.5360934516897278,0.5264670393757793,0.5642697704081632,0.5197916666666667,0.46485347300162116
0.2892,0.52291004814488,0.014443365895977344,0.5366543980160215,0.5271930177372,0.5646028202947846,0.5203125,0.46578750467639357
0.2894,0.5234376709204369,0.014453739442204815,0.5365658275434487,0.5285926879298556,0.5656338577097506,0.5197916666666667,0.4666043147524629
0.2896,0.5243803862836222,0.01440760073510094,0.537772354203161,0.5299702368982022,0.5657986111111111,0.5210069444444445,0.46735378476119216
0.2898,0.5246669817803372,0.014272783417959083,0.5372980101167162,0.5298737079193983,0.5663885345804989,0.521267361111111,0.46850729517396184
0.29,0.5253193712687708,0.014387241751265125,0.5370145846044836,0.5319108715762377,0.5682610544217688,0.5199652777777777,0.46944506796358654
0.2902,0.5259005128028927,0.014202768553243886,0.5381128584643848,0.5338515062542735,0.5683496315192744,0.5177083333333333,0.4714802344431973
0.2904,0.5266701276112491,0.0139901944792043,0.5383825063475506,0.5342376221694889,0.5694462159863944,0.517361111111111,0.47392318244170095
0.2906,0.5272468474509593,0.013696804046083167,0.5380065738972977,0.5352551984877127,0.5696038832199547,0.5172743055555555,0.4760942760942761
0.2908,0.528122948676849,0.013444287103169883,0.538909992717539,0.5358182841974017,0.5701849489795918,0.5171006944444445,0.4786008230452675
0.291,0.5290196333644464,0.01326436900776185,0.5387978034522802,0.537857458874633,0.5702611252834467,0.5182291666666667,0.47995261254520516
0.2912,0.5291566567417304,0.013307078011251595,0.5384041569075126,0.5399991955918433,0.5700113378684806,0.5173611111111112,0.4800074822297044
0.2914,0.5294881458302033,0.013238283016014945,0.5382171747987481,0.5423179021035274,0.570266439909297,0.5146701388888889,0.48196907345055495
0.2916,0.5301374168837927,0.013193558757244496,0.5384907591473616,0.5435104371958333,0.571361252834467,0.5131944444444444,0.4841301907968575
0.2918,0.5304376088917365,0.013125051473787492,0.5395969059381581,0.5443389775972329,0.5709396258503402,0.5122395833333333,0.4850729517396184
0.292,0.5302077964415389,0.013111135021639107,0.5392997027968587,0.5457104935044041,0.5703355300453514,0.5094618055555555,0.48623145030552434
0.2922,0.5303526899686474,0.01319942573714451,0.5381778101442715,0.5463479869685879,0.571529549319728,0.50859375,0.4871143534106497
0.2924,0.5312992515739853,0.013057801596100309,0.5389946267246639,0.5490306881711781,0.5712815334467121,0.5072916666666666,0.48989774286070586
0.2926,0.5314592856281393,0.012880265617930296,0.5389867537937686,0.5514519567228412,0.5694869614512472,0.505642361111111,0.4917283950617284
0.2928,0.5322117163333305,0.012663871153239819,0.5389749443974254,0.5530225636487954,0.5692318594104309,0.5059895833333334,0.4938396308766679
0.293,0.5318292990491036,0.012684247512693373,0.5377802271340564,0.5541386799662148,0.5685462726757369,0.5032118055555557,0.4954695099139544
0.2932,0.5319604120712946,0.01277746551291439,0.5380557797153935,0.5554277440373245,0.5682203089569161,0.5015625000000001,0.4965357276468388
0.2934,0.5315854897046619,0.01280476278284131,0.5372114078768673,0.5558058158709729,0.5676303854875282,0.5009548611111111,0.49632497817683
0.2936,0.5319626908913835,0.012665954448791305,0.5363709725037888,0.5565579374974863,0.5677986819727892,0.4995659722222222,0.499519890260631
0.2938,0.5320176974790723,0.012869535551198805,0.5352608892475447,0.5589631178860154,0.5673717403628118,0.49748263888888883,0.501010101010101
0.294,0.5325989344252138,0.01296340659230959,0.5350561930442655,0.5605337248119696,0.5678854875283447,0.49722222222222223,0.5022970445192667
0.2942,0.5328255959144637,0.01267425273460986,0.5350443836479225,0.5607187386880103,0.566778273809524,0.4970486111111111,0.50453797231575
0.2944,0.5333552550637404,0.013009023118274642,0.5367862696085185,0.562015846840687,0.5676303854875282,0.4969618055555555,0.5033819678264122
0.2946,0.5335237895757053,0.013160986445868656,0.5356702816541028,0.5630193460161687,0.5684027777777777,0.4966145833333334,0.5039119590971444
0.2948,0.5335765196308403,0.013099074593745,0.535934024839097,0.5631882717290753,0.5679102891156462,0.4965277777777778,0.5043222346926051
0.295,0.5341397882864045,0.013026655488260453,0.5374003582183557,0.564294332944536,0.5671325821995465,0.4971354166666667,0.5047362514029181
0.2952,0.5341811871655641,0.013201501557294514,0.5378432105812191,0.5649418815106786,0.5673026502267573,0.4973090277777777,0.5035091657313879
0.2954,0.533948105175188,0.013299850222212308,0.5398685220540476,0.5643003660057112,0.5665284863945578,0.49539930555555556,0.503643845866068
0.2956,0.5339488349099493,0.013275479580494834,0.540858543114138,0.5643767847805976,0.5656852324263039,0.49496527777777777,0.5038583364509289
0.2958,0.5343978525486855,0.01304766330436695,0.5417855807270652,0.564374773760206,0.5651714852607709,0.4961805555555555,0.5044768674398303
0.296,0.5344933321146473,0.013089860849477827,0.5427952841143936,0.5640791537626191,0.5652600623582767,0.4959201388888889,0.5044120214490585
0.2962,0.5341225285687191,0.013127212296401885,0.5427992205798413,0.5636085749909503,0.5650067318594104,0.4960069444444445,0.5031911709689487
0.2964,0.5341366493716186,0.01334475719112668,0.5425964926092861,0.5641575835578972,0.5657915249433106,0.49609375,0.5020438957475994
0.2966,0.5342225648242946,0.01317651838977792,0.542318971795225,0.5642521015163094,0.5651927437641724,0.4960069444444445,0.5033420626013217
0.2968,0.5342896887568924,0.012885803361673743,0.5453618595862775,0.5622249929614285,0.563844600340136,0.4965277777777778,0.5034892131188429
0.297,0.5335948304583898,0.012786326367764937,0.5460979786249925,0.5605558460362788,0.5624929138321996,0.49539930555555556,0.5034281082429231
0.2972,0.5331298073277481,0.012922554712058524,0.5469010175763183,0.5596126774725496,0.5621669501133788,0.4940104166666667,0.5029579748098267
0.2974,0.5325442974442052,0.01280139366928579,0.5466195602968095,0.5576539436109882,0.5620004251700681,0.49348958333333337,0.5029579748098267
0.2976,0.5318676577994559,0.012545833519406057,0.5475269155824984,0.5555202509753449,0.5602111678004535,0.49366319444444445,0.502416760194538
0.2978,0.5320792601527311,0.01224025684742368,0.547434408644478,0.554408156698709,0.5603865504535147,0.4950520833333333,0.5031151016336202
0.298,0.532103610840261,0.011754893081157236,0.5483535733265101,0.5513393395809034,0.5601438492063492,0.49748263888888894,0.5031986531986532
0.2982,0.5312866063188478,0.011958453208649496,0.5488102033184404,0.5501347383662469,0.559640731292517,0.4962673611111111,0.5015799975059234
0.2984,0.5308171877705357,0.011715647994382574,0.5488141397838879,0.5478180428749548,0.5591429280045352,0.49678819444444444,0.501522633744856
0.2986,0.530000422382363,0.011765716317822321,0.5499084771783416,0.5453022563648795,0.5583723072562359,0.49678819444444444,0.4996308766679137
0.2988,0.5293477329762537,0.011690533409784556,0.552213277697955,0.5416864417005189,0.5570046768707484,0.49722222222222223,0.4986120463898242
0.299,0.5290384485586009,0.011854505125901754,0.5536953569390044,0.540367212323533,0.5565830498866213,0.49756944444444445,0.49697717919940143
0.2992,0.5285385527242121,0.011721234180773185,0.5532249493180074,0.5383360817278687,0.5564165249433106,0.49930555555555556,0.4954096520763187
0.2994,0.5280005159014893,0.011609167284252424,0.5525931466136557,0.536198367051442,0.5564271541950114,0.500173611111111,0.49461030053622645
0.2996,0.5276341284306422,0.011642323634236498,0.5533233609541992,0.5341692474761695,0.5561029620181406,0.5013888888888889,0.4931861828158125
0.2998,0.5264705856039307,0.011388094503561765,0.5517428700769579,0.532425692796525,0.5543030753968254,0.5019097222222222,0.491971567527123
0.3,0.5261815721678393,0.01133138798323338,0.5514535398665539,0.5312190805614769,0.5538690476190476,0.5041666666666667,0.49019952612545203
0.3002,0.5261853532930368,0.011439849323536732,0.5518196311531876,0.5297610907774605,0.5546449829931973,0.5053819444444445,0.4893191170968949
0.3004,0.5251795267688808,0.011733017700186787,0.5522703564469463,0.5268048908015928,0.5542144982993197,0.5061631944444445,0.4864446938521013
0.3006,0.5245989496463302,0.012066139485173922,0.5525360678646644,0.5236717210312511,0.5553252551020408,0.5068576388888888,0.48460406534480616
0.3008,0.5244127575961277,0.01186340878542472,0.5531973940598736,0.51979045167518,0.5546467545351473,0.5089409722222221,0.4854882154882155
0.301,0.5241628273664978,0.012343203239040947,0.555490385183144,0.5185999276032659,0.5537237811791382,0.5105034722222221,0.48249657064471885
0.3012,0.5231329630066294,0.01234492193562305,0.5550121046312515,0.5158227084422636,0.5524429563492064,0.5108506944444444,0.48153635116598076
0.3014,0.5228547593811294,0.012577675636878206,0.5562009171964494,0.513039456220086,0.5521843112244899,0.5120659722222223,0.4807831400423993
0.3016,0.5225990150795407,0.012760262024659253,0.5561910760328301,0.5101636970598882,0.5526271967120182,0.5139756944444445,0.4800374111485223
0.3018,0.522176375389304,0.013056792654033929,0.5560001574586179,0.5084141093190685,0.5531444869614514,0.5149305555555556,0.4783925676518269
0.302,0.5220663543773088,0.01288453206673941,0.5556380026374319,0.5074065881028034,0.5516971371882087,0.5171875,0.47840254395809956
0.3022,0.5219476351736667,0.012977459520449916,0.5569232586060976,0.5072336403491131,0.5505846088435374,0.5169270833333334,0.4780695847362514
0.3024,0.5224248966905953,0.012914657985296072,0.5564548192178244,0.5058540803603748,0.5510097789115647,0.5201388888888889,0.47866691607432343
0.3026,0.5222456922127882,0.012909880739366658,0.5567185624028185,0.5040019305795761,0.5500708616780046,0.5214409722222222,0.47899613418131937
0.3028,0.522057196923704,0.012853438338721691,0.5561517113783534,0.5032759522181555,0.5492098922902494,0.5229166666666667,0.4787317620650954
0.303,0.5218803394361529,0.012958984383230263,0.5555986379829552,0.5032035554840526,0.5495553429705216,0.523263888888889,0.4777802718543459
0.3032,0.521401801803868,0.013080588669762697,0.5552168008345306,0.5028415718135382,0.5501523526077097,0.521701388888889,0.47709689487467266
0.3034,0.5211080917543973,0.013058572889239648,0.5553978782451237,0.5015585408036036,0.549030966553288,0.5223090277777778,0.4772440453921935
0.3036,0.5219249478958564,0.013046287449346078,0.5560277127167517,0.5020271085548809,0.5495287698412697,0.5240451388888889,0.477996009477491
0.3038,0.5224261257497146,0.013172195088178558,0.5570492255004231,0.501104050195069,0.5493463010204082,0.5263020833333334,0.4783289686993391
0.304,0.5222203286813638,0.013482097778723669,0.5575216013541442,0.5010195873386156,0.5489229024943311,0.52734375,0.47629380221972817
0.3042,0.5223842999511035,0.013701492878863072,0.5579920089751411,0.5007501106061216,0.548657171201814,0.5292534722222222,0.47526873675021825
0.3044,0.521773653824311,0.013992902545900732,0.5569783691223651,0.5010376865221413,0.5484817885487528,0.5300347222222221,0.47233570270607306
0.3046,0.5217219681423086,0.014205895534591069,0.5573523333398942,0.5000281542854844,0.5477784863945578,0.5319444444444444,0.47150642224716294
0.3048,0.521550711634171,0.014487372183905733,0.559373708347275,0.49930820898523914,0.5461344954648526,0.5323784722222222,0.47055867315126576
0.305,0.5217773036791088,0.014622074583635103,0.5603066506583738,0.4982061698105619,0.546641156462585,0.5326388888888889,0.471093652575134
0.3052,0.5216539653535122,0.014937089688395189,0.5612297518058534,0.49803322205687167,0.5467208758503401,0.5326388888888889,0.4696470881656067
0.3054,0.5214075490956704,0.015116019386523231,0.5619639026118448,0.4979487592004183,0.5461220946712018,0.5323784722222221,0.468624516772665
0.3056,0.521639169680068,0.015064204809856962,0.5627098628141791,0.49850178980814863,0.5461132369614512,0.5316840277777778,0.4691869310387829
0.3058,0.5215119019368846,0.014996818403520205,0.5636447733580019,0.49786228532357313,0.5440653344671202,0.5321180555555556,0.4698690609801721
0.306,0.5217427817372945,0.015024016699907425,0.5633751254748361,0.4990829747013635,0.5451583758503402,0.5317708333333333,0.4693265993265994
0.3062,0.5213794176749444,0.015214246812977143,0.5637569626232605,0.4982423681776133,0.5450573979591836,0.5313368055555555,0.46850355405910954
0.3064,0.5217073750199064,0.015390045567679495,0.562928336646525,0.49936451755620803,0.5458953373015873,0.5334201388888888,0.4669285447063225
0.3066,0.5227451733969112,0.015322063905943296,0.5623811679492984,0.5002111571411334,0.5478475765306122,0.535329861111111,0.46795610425240064
0.3068,0.5221480004592907,0.015526712870194068,0.5624953254472809,0.5005791738728231,0.5464002267573695,0.5354166666666667,0.4658486095523132
0.307,0.5225682591078298,0.015561314796400584,0.5630720176353652,0.5005731408116479,0.5466695011337868,0.5361979166666668,0.46632871929168224
0.3072,0.5225084399707602,0.015445649897564622,0.5617906981321472,0.50112818243977,0.5458953373015872,0.5376736111111111,0.46605437086918566
0.3074,0.5236013699366494,0.01579591396309974,0.5641033715826559,0.5015826730483047,0.5479290674603174,0.53828125,0.46611048759196905
0.3076,0.5239227616701091,0.0160145540054569,0.5650363138937549,0.5012186783573986,0.54937464569161,0.5380208333333334,0.46596333707444815
0.3078,0.5241441679268838,0.01625103993561789,0.5658039246560513,0.4999235812251136,0.5496988378684806,0.5394097222222223,0.46588477366255143
0.308,0.5249222484279212,0.01618863168580678,0.5675713976420572,0.49816796042311867,0.5499503968253968,0.5401909722222221,0.4687305150268113
0.3082,0.5254211771127943,0.016340254082744497,0.5697049619146968,0.4982624783815308,0.5490097080498866,0.5410590277777778,0.46906970944007986
0.3084,0.5261302465840869,0.016473397467028278,0.5715610053732754,0.49863049511322044,0.5490841128117914,0.5417534722222221,0.4696221473999252
0.3086,0.5273766840047218,0.01674372857567761,0.5730607987088393,0.499197602863693,0.5499273667800454,0.5448784722222222,0.4698191794488091
0.3088,0.5273642856753391,0.0170171514304739,0.5744641486409352,0.49722479185938945,0.5506838151927438,0.5443576388888889,0.47009103379473755
0.309,0.5282070532848078,0.017179216811837695,0.5762257169287696,0.4960201906447331,0.5523012329931973,0.544704861111111,0.4717832647462277
0.3092,0.5289307608314369,0.017460033016705897,0.5779951581474994,0.49517355105980776,0.5524642148526078,0.546701388888889,0.4723194912083802
0.3094,0.5298088395866851,0.0179856527351576,0.579766567598953,0.4930338253629891,0.5554457199546485,0.5480034722222221,0.47279461279461277
0.3096,0.5306204493328182,0.018364249453472384,0.5819867341114413,0.49182721312794103,0.556046272675737,0.5498263888888888,0.47341563786008223
0.3098,0.5308053240799974,0.018927470963472935,0.583828999940953,0.48829385029964206,0.5572367488662131,0.5507812500000001,0.47388577129317877
0.31,0.5314185610013766,0.019101269117649106,0.5850237172043223,0.4874492217351084,0.5580746882086168,0.5516493055555556,0.47489587230327973
0.3102,0.5321218279038421,0.019310232454253187,0.5864132895073514,0.48669106704741977,0.5596035289115646,0.5519965277777777,0.47590472627509667
0.3104,0.5329206549902722,0.019572030939922467,0.5901194717263369,0.48584241644210274,0.559249220521542,0.5516493055555556,0.4777428607058236
0.3106,0.533024678587996,0.01989388431914199,0.5927037612927352,0.4838716164581909,0.5576211734693877,0.5521701388888888,0.47875670283077687
0.3108,0.5324407673181766,0.020185994320993564,0.5929950597358632,0.48154084382415635,0.5564324688208618,0.552951388888889,0.4782840753211124
0.311,0.5319733580658211,0.02043820646329666,0.5947448186273545,0.479598198125729,0.5537131519274376,0.553125,0.47868562164858464
0.3112,0.5323069394202079,0.020725108088063115,0.5966874643257819,0.47839359691107275,0.5522587159863945,0.5546875,0.4795074198777902
0.3114,0.5316345782906546,0.020752186244475394,0.5973291081937528,0.4774484173269517,0.5506377551020408,0.5530381944444445,0.47971941638608306
0.3116,0.5318948172729767,0.02084530127186588,0.5994567677682209,0.47762337610103367,0.5499574829931972,0.5518229166666667,0.480613542835765
0.3118,0.5326162665820907,0.021518180287949443,0.6031393311945203,0.47577524836101837,0.550814909297052,0.5522569444444445,0.4810948996134181
0.312,0.5323864056824437,0.021773256565269957,0.6038045938551774,0.4744660740859912,0.5502196712018141,0.5526909722222222,0.48075071704701333
0.3122,0.5323501349646732,0.021714202858152194,0.6028933021040408,0.4746329887785062,0.5499751984126984,0.55390625,0.48034293552812074
0.3124,0.5326817206348409,0.022182913684714464,0.6049264865077646,0.4728673128745526,0.5503968253968253,0.5546006944444444,0.4806172839506172
0.3126,0.5332988829956207,0.02272063591213233,0.6074182691361426,0.4710071190121868,0.5522055697278911,0.5546875,0.481175957101883
0.3128,0.5337519045625235,0.022939656597228276,0.6087153345011515,0.47006395044845756,0.5527175453514739,0.5551215277777778,0.48214116473375734
0.313,0.5337884412260141,0.023265482691693703,0.6113015923002736,0.4694083578007481,0.5521364795918368,0.5537326388888888,0.4823631375483227
0.3132,0.5334324855243111,0.023380594387362962,0.6121361229751805,0.46884125005027555,0.5519770408163265,0.5519097222222222,0.48229829155755083
0.3134,0.5330618402490821,0.02356941188828042,0.6125966894325585,0.4686321039295338,0.5526679421768707,0.5505208333333333,0.4808916323731139
0.3136,0.5331457733468961,0.02393134061633806,0.614090578069951,0.46770100148815513,0.5539523100907029,0.5495659722222221,0.4804190048634493
0.3138,0.5327845148087789,0.024459556833232463,0.6149310134430296,0.465557253750553,0.554641439909297,0.5499999999999999,0.478792866941015
0.314,0.5324588001702986,0.02487666369956235,0.6177003168854684,0.4649881349796887,0.5531870039682539,0.5484375,0.4779810450180821
0.3142,0.5320519139874438,0.025203131347605243,0.6174287007695789,0.46283835418091146,0.5552331349206349,0.54765625,0.47710313006609306
0.3144,0.5317842196068379,0.025636073248127535,0.6185486251894423,0.4612516590918233,0.5568629535147392,0.5460937499999999,0.47616411023818433
0.3146,0.531025982868959,0.02585451214596117,0.6191174444466314,0.4596629529823432,0.5555041808390023,0.5451388888888888,0.47570644718792865
0.3148,0.5307894004323933,0.025911182781897975,0.6186549097565297,0.45946788400434374,0.5564519557823129,0.54453125,0.4748410026187804
0.315,0.5300169051302813,0.026050355070216476,0.6182081209282186,0.45936934400514823,0.5565458475056688,0.5434895833333334,0.4724716298790373
0.3152,0.529862923116189,0.02637656689001069,0.6193083630208436,0.45945782890238507,0.555968324829932,0.5442708333333334,0.4703092654944506
0.3154,0.5297218696456469,0.0263456068005728,0.6193103312535675,0.4599847162450227,0.5559718679138322,0.5434895833333333,0.4698528494824791
0.3156,0.5299195158977856,0.02642073682794314,0.6205109532151083,0.4612737803161323,0.5556476757369614,0.5430555555555555,0.4691096146651703
0.3158,0.5289790852441727,0.026263132473932225,0.6188458283307419,0.4605176366488356,0.5553146258503401,0.5414930555555555,0.4687242798353909
0.316,0.5279420309344864,0.02668899598839665,0.6182081209282186,0.45773237340626627,0.5563368055555555,0.540798611111111,0.46663424367128065
0.3162,0.5278401288734502,0.026575686452331777,0.6173716220205877,0.45846840686964574,0.5567672902494332,0.540625,0.46596832522758447
0.3164,0.5270299198656037,0.026510589913232522,0.6170094671994018,0.4587419056429233,0.5559240362811791,0.5384548611111112,0.4650193290934032
0.3166,0.5260023937936017,0.026571333333819308,0.6154368492530556,0.45734625749105096,0.5560161564625851,0.5376736111111111,0.4635390946502058
0.3168,0.525392152508167,0.026558529751597112,0.6153502470132068,0.45809435707678076,0.5550807823129251,0.5363715277777776,0.46206384836014464
0.317,0.5241447323964861,0.026261874868974935,0.6135099494164191,0.45780477014036924,0.5531905470521542,0.5345486111111111,0.4616697842623768
0.3172,0.522901412753688,0.026135495186852164,0.6127836715413231,0.45846639584925397,0.5509708049886621,0.5323784722222222,0.4599077191669784
0.3174,0.5222507375623984,0.02629782733933298,0.6126104670616254,0.45901540441620076,0.5513251133786847,0.5309027777777778,0.457399925177703
0.3176,0.5207228866203535,0.026156475596809954,0.6098451000846341,0.4583598117684913,0.5506448412698413,0.5296006944444445,0.45516398553435594
0.3178,0.5197850989676724,0.026020281076243296,0.6090086011770032,0.4583578007480996,0.5491939484126984,0.5278645833333333,0.4545005611672278
0.318,0.5186277986107635,0.0262171656833342,0.6090145058751746,0.45798375095523464,0.5489494756235828,0.5247395833333333,0.45245167726649205
0.3182,0.5177098115349854,0.026325394278513166,0.6088334284645815,0.4575071391223907,0.5490398242630385,0.5217881944444445,0.4513804713804713
0.3184,0.5165454633973532,0.026152882675169513,0.6076583935284507,0.4575916019788441,0.5472417091836734,0.5197916666666667,0.4504439456291308
0.3186,0.5154215654227119,0.025902888046410527,0.6055425433503258,0.45785906769094636,0.5465508078231291,0.517795138888889,0.44936026936026935
0.3188,0.5148493288115348,0.025989304426397054,0.605538606884878,0.458410087278285,0.5462833049886622,0.5161458333333333,0.44786881157251524
0.319,0.5134162250980822,0.026018271114896806,0.6042533509162122,0.4574870289184732,0.5452558106575963,0.5139756944444445,0.446109240553685
0.3192,0.5119249325080306,0.026135110916381994,0.6029700631802705,0.45655994851787796,0.544235402494331,0.5123263888888888,0.4435328594587854
0.3194,0.5108369077638981,0.026174937514609746,0.6019603597929419,0.4559948517877971,0.5445737670068027,0.5092013888888889,0.44245417134306014
0.3196,0.5100765079154155,0.026179845148854512,0.6013226523904187,0.457020472187588,0.5447473781179137,0.5063368055555555,0.4409552313256017
0.3198,0.5093438573192828,0.02615819327973538,0.6004861534827878,0.4566403893335479,0.5446623441043084,0.5045138888888889,0.44041651078688127
0.32,0.5086044260463073,0.026063892707317578,0.5994528313027732,0.45757953585649364,0.5436366213151927,0.5035590277777778,0.4387941139792991
0.3202,0.5076828690489272,0.025762240852249364,0.5982522093412326,0.4588726219683868,0.5416684382086168,0.5013020833333333,0.43831899239306643
0.3204,0.5078753028196338,0.026096418314673672,0.5999114295274273,0.45932912359731326,0.5422583616780046,0.5004340277777778,0.43744357151764557
0.3206,0.5065112664704197,0.026163849033868744,0.5996260357824708,0.4594336966576841,0.5399500425170067,0.49800347222222224,0.4355430851727148
0.3208,0.5062403106170783,0.02622029169076623,0.599527624146279,0.4601838072638057,0.5400297619047618,0.496875,0.43458535977054497
0.321,0.5055519980373135,0.02598441302743517,0.5979550061999331,0.46252262397940713,0.5388375141723356,0.4955729166666667,0.4328719291682255
0.3212,0.5053135810758839,0.025639044577744474,0.5972976164701714,0.46439086192333984,0.536892361111111,0.49470486111111106,0.4332822047636862
0.3214,0.5052793690666115,0.025417819360852262,0.5965575609660086,0.4646623496762256,0.5370535714285714,0.49375,0.4343733632622522
0.3216,0.5055059839624517,0.025070364560315497,0.5949770700887673,0.46753609781603184,0.5377444727891156,0.49296875,0.43430352911834386
0.3218,0.5050721933125858,0.024949674874456096,0.5935008955458894,0.4692897075976351,0.5377568735827664,0.49201388888888886,0.43279960094774905
0.322,0.5045690273496793,0.024984475609915364,0.5926348731474009,0.47096488758396016,0.5385310374149659,0.4891493055555555,0.4315650330465145
0.3222,0.5045742002990967,0.024954578476889065,0.5911390162772847,0.4728170373647589,0.5408553004535148,0.4873263888888889,0.4307332585110363
0.3224,0.5052624023746077,0.024942355505297536,0.5920483397956974,0.47579133652415234,0.5410413123582767,0.4864583333333333,0.4309726898615788
0.3226,0.5052143009612158,0.024863538594872243,0.5913909500659358,0.4765434581506657,0.5413885345804988,0.48585069444444445,0.4308978675645342
0.3228,0.505034812549895,0.025233296712258567,0.5923022418170725,0.47608494550134745,0.5422459608843538,0.4848090277777778,0.42973188676892377
0.323,0.5052382141075108,0.025189188084765928,0.5927490306453834,0.4765555242730161,0.5416666666666666,0.48515625,0.43006359895248786
0.3232,0.504956902408358,0.024956330586119225,0.5909854941248253,0.4795358564935849,0.5419430272108843,0.4825520833333334,0.4297680508791619
0.3234,0.5046119074483298,0.024956231285462146,0.5903182632314444,0.48037042995615975,0.5423717403628118,0.4803819444444445,0.42961715924678884
0.3236,0.5041665376435925,0.024961764043760482,0.589379416222174,0.481488557293971,0.5425542091836734,0.47855902777777776,0.4288514777403666
0.3238,0.5048350558013738,0.025165258465467744,0.5903950243076742,0.4851043719583316,0.5435072987528345,0.47673611111111114,0.42843247287691727
0.324,0.5052057963609895,0.024939389245441423,0.5902060739661857,0.48696456582069747,0.5430927579365079,0.47612847222222215,0.4296371118593341
0.3242,0.5056403469690711,0.025047220119096377,0.5909244789103864,0.489112335599083,0.5437765731292517,0.47421875,0.4301695972066343
0.3244,0.5061807266366818,0.02529475914705494,0.5907394650343456,0.4910650363994691,0.5461805555555556,0.4741319444444444,0.4287866317495947
0.3246,0.5066845714960868,0.0254727851524883,0.5909303836085578,0.49246470659212493,0.5479804421768707,0.4736111111111111,0.42843621399176957
0.3248,0.5070523487439316,0.025556927688231174,0.591388981833212,0.4945058922897479,0.5481611394557824,0.4729166666666666,0.4282890634742487
0.325,0.5071989740835249,0.025575574316474597,0.590831971972366,0.49730523267505927,0.5486766581632654,0.4708333333333333,0.4283476742736002
0.3252,0.5084670459650541,0.025920137316284154,0.592756903576279,0.49906085347705426,0.5508999433106576,0.47126736111111106,0.4283501683501683
0.3254,0.5088783217861358,0.02633453509553028,0.5951364969393982,0.49906286449744597,0.5515093537414966,0.47048611111111105,0.42819678264122707
0.3256,0.5092880599214646,0.026404929693838095,0.5960477886905349,0.500166914692515,0.5511727607709751,0.47100694444444446,0.428045891008854
0.3258,0.5100089254869237,0.026893600336065623,0.5991733422559883,0.5007219563206371,0.5517839427437642,0.47039930555555554,0.42796608055867313
0.326,0.510616174552806,0.02704505606747904,0.5997244474186628,0.5027651530386518,0.5528202947845805,0.46987847222222223,0.4278925052999127
0.3262,0.5104957345560572,0.027051924763932735,0.5989863601472238,0.5045167517998632,0.5524925595238095,0.4696180555555555,0.42686494575383466
0.3264,0.510479130771249,0.02724560709497403,0.5993504832011338,0.5047781844507904,0.5529956774376417,0.4690972222222222,0.4261740865444569
0.3266,0.5116190982888265,0.027461480610817903,0.6018363611313402,0.5071873868801029,0.5530948837868481,0.4689236111111111,0.42705324853473003
0.3268,0.5122968064114936,0.027542039647956196,0.6033932332158954,0.5091320435989222,0.5519823554421769,0.47013888888888883,0.42683751091158506
0.327,0.5129727293454467,0.02774580796740745,0.6045938551774361,0.5114467280698227,0.5522410005668933,0.4699652777777777,0.42661678513530366
0.3272,0.5133840720555076,0.028201424027104554,0.6057925089062531,0.5128443872420867,0.553610402494331,0.4697048611111111,0.42496820052375606
0.3274,0.5139591064746163,0.02824301930990505,0.6061507272619915,0.5145075011060612,0.5537096088435373,0.47100694444444446,0.42442075071704705
0.3276,0.5153709083229002,0.02845629749134654,0.6085342570905583,0.5164461247637051,0.5542995323129252,0.4730902777777778,0.42448434966953486
0.3278,0.5157775943386865,0.028536736615978605,0.6093707559981894,0.5171942243494349,0.5542180413832198,0.4736979166666666,0.4244070332959223
0.328,0.5163904522371566,0.02839932485580895,0.6092684078965498,0.5197120218799018,0.5538814484126984,0.47387152777777775,0.4252188552188552
0.3282,0.5170194643382287,0.028522455672933975,0.6115003838053812,0.5214676426818967,0.5521736819727892,0.47413194444444445,0.4258236687866317
0.3284,0.5175046904949843,0.02843795727668014,0.6118684433247388,0.5214676426818967,0.5519238945578232,0.4766493055555555,0.425614166354907
0.3286,0.5175999177401716,0.02869427928897524,0.613521758812762,0.5226682218557697,0.5499787414965986,0.4775173611111111,0.42431350542461654
0.3288,0.517810367932383,0.028371942436503376,0.6122345346113724,0.5228411696094598,0.5505722080498867,0.4778645833333333,0.4255393440578626
0.329,0.5178006078064314,0.027992014640823997,0.6110417855807271,0.52460282347263,0.5484375,0.4786458333333333,0.426275096645467
0.3292,0.5180495619733633,0.02794106905443436,0.6116027319070205,0.5252523830591642,0.5477749433106576,0.47847222222222224,0.4271455293677516
0.3294,0.5177425200722405,0.02790982731124678,0.6112327041549392,0.5256224108112456,0.5471761621315193,0.4773437499999999,0.42733757326349914
0.3296,0.5185022592294883,0.027753081678784906,0.6120534572007793,0.525722961830833,0.5467563066893424,0.47977430555555556,0.42820426487093155
0.3298,0.5188749204243307,0.027718325256054648,0.6125986576652822,0.5267345050878817,0.5455569727891156,0.4814236111111111,0.4280608554682629
0.33,0.5193467606740118,0.02761281674050053,0.6127738303777039,0.5292402364959982,0.544109623015873,0.4819444444444444,0.42866566903603937
0.3302,0.5187720960053955,0.027081835731365123,0.6107485189048754,0.5299823030205526,0.5409491921768708,0.4825520833333333,0.42962838259134556
0.3304,0.5186214091061292,0.027085471755062346,0.6099218611608637,0.533061175240317,0.5391634778911565,0.48194444444444445,0.42901608679386455
0.3306,0.5194908309293781,0.02684366275735284,0.6102938571456689,0.5353839037927844,0.5376222363945578,0.4835069444444445,0.4306472128694351
0.3308,0.5203530448226188,0.026731154525045278,0.6109414057118114,0.5396512890640712,0.534546839569161,0.4846354166666666,0.4319902731013842
0.331,0.5199014836063613,0.026158295732993067,0.6091936150530438,0.5393757792704019,0.5316432823129251,0.4856770833333333,0.4336176580621025
0.3312,0.5195517792863008,0.025682651364113497,0.6065246914795205,0.5426275992438564,0.5275439342403627,0.48663194444444446,0.43443072702331964
0.3314,0.5201059044139417,0.025408118723793463,0.6051548015037298,0.5464364718658248,0.5248866213151928,0.48888888888888893,0.4351627384960718
0.3316,0.5202776969019579,0.02504537207909848,0.6044226189304623,0.5469975465551221,0.5231753117913832,0.48993055555555554,0.43686245167726645
0.3318,0.5207621818698794,0.025030183385785186,0.6051626744346251,0.5490347102119616,0.5207146400226759,0.49088541666666663,0.4380134680134681
0.332,0.5212095138308935,0.024745899706439527,0.6039620524730844,0.5519165024333348,0.5183142006802721,0.4923611111111111,0.4394937024566654
0.3322,0.5208464051599171,0.02445490406579263,0.6028559056822879,0.5517334995776857,0.5152405753968254,0.49444444444444446,0.43995760069834144
0.3324,0.5210203394162805,0.024377975013619633,0.6024976873265496,0.5521155934521176,0.5133397108843537,0.49765625,0.43949245541838133
0.3326,0.5214714350380549,0.024006632412634534,0.6014860157064972,0.553042673852713,0.5115362811791383,0.500173611111111,0.4411185933408156
0.3328,0.5221231377555815,0.023585171395865186,0.6001043163343633,0.553605759562402,0.509828514739229,0.5048611111111112,0.44221598703080184
0.333,0.5217362602378499,0.023342025465648626,0.5981636388686598,0.5537063105819893,0.5079542233560091,0.5067708333333333,0.442086295049258
0.3332,0.5211912906618282,0.023013605806375237,0.5951187828448836,0.554074327313679,0.5056512188208616,0.509375,0.4417371243297169
0.3334,0.5214524261692591,0.02287565090585869,0.5949396736670144,0.5557575513815709,0.5020514455782313,0.5105902777777778,0.443923182441701
0.3336,0.5217777950286151,0.022533686723449367,0.5932017241718661,0.5571491774926598,0.4996616354875284,0.5131076388888889,0.44576879910213246
0.3338,0.5221347879817639,0.022338722740901606,0.5913712677386974,0.5594779391063025,0.49871917517006803,0.5143229166666666,0.4467826412270856
0.334,0.5228479006049508,0.02221811932081837,0.5910189540811306,0.560887664400917,0.4978652919501133,0.5163194444444444,0.4481481481481482
0.3342,0.5226375315234841,0.021962176206112505,0.5900072824610783,0.5607971684832884,0.4951176303854875,0.5172743055555555,0.44999127073201145
0.3344,0.5225339625574041,0.02186103385268826,0.5890940224772176,0.5614567831717814,0.4928854875283447,0.5181423611111111,0.4510911584985659
0.3346,0.5222686702004415,0.021622103012049313,0.5870864250989036,0.5623858745927685,0.4911600056689342,0.5184027777777777,0.4523082678638234
0.3348,0.522107497825107,0.021372726828553488,0.5858188832247524,0.5617282709246672,0.489609906462585,0.5200520833333334,0.4533283451801971
0.335,0.5222845970971852,0.02128978052319521,0.5850847324187612,0.5625688774484173,0.4882511337868481,0.52109375,0.45442449183189926
0.3352,0.521745132734397,0.021128312159660295,0.5829688822406361,0.5629469492820658,0.4859357284580499,0.521701388888889,0.45517271480234445
0.3354,0.5219827275534721,0.020881955514510213,0.5816875627374182,0.5626573623456542,0.4852377409297052,0.5241319444444444,0.4561990273101384
0.3356,0.5216376640156956,0.02063872276238702,0.5794851103194443,0.5629328721393236,0.48372484410430844,0.5248263888888889,0.45721910462651205
0.3358,0.5217310281885573,0.02023858095899982,0.5774676717775109,0.5635019909101878,0.4831154336734693,0.525173611111111,0.45939643347050757
0.336,0.5213430571463065,0.019934246745083883,0.5747200188950342,0.5640690986606605,0.4820826247165533,0.5253472222222222,0.460496321237062
0.3362,0.5219494758771929,0.019616597503740778,0.5737122837404296,0.5637935888669912,0.48225446428571433,0.5278645833333333,0.46212245915949623
0.3364,0.5222986080514523,0.019267818773254262,0.5720589682524062,0.5639886578449905,0.48250070861678,0.5292534722222222,0.46369123332086304
0.3366,0.5228559057109379,0.019129336029961717,0.5711457082685456,0.5649318264087199,0.48197810374149663,0.5309027777777777,0.46532111235814944
0.3368,0.5220720713577646,0.01919458642056189,0.569775818292755,0.564191770904557,0.47949085884353737,0.5318576388888889,0.46504426985908476
0.337,0.5226464060365099,0.019013547515603368,0.5672997815261677,0.5666009733338696,0.47975304705215416,0.5331597222222222,0.4664185060481357
0.3372,0.522066889958299,0.01880628741807215,0.5655618320310194,0.5661424606845513,0.4793083900226757,0.5326388888888889,0.46668287816435966
0.3374,0.5227156355570074,0.018579547744571816,0.5643749876985454,0.5676346378152275,0.480672477324263,0.532986111111111,0.46790996383588973
0.3376,0.5224091434531928,0.018492211453036908,0.5632786820713681,0.5668825161887142,0.4791117488662131,0.5341145833333334,0.468658186806335
0.3378,0.5227795275924009,0.018333966893750504,0.5636526462888972,0.5654989341591923,0.47961663832199547,0.5359375,0.4691919191919192
0.338,0.5230514513328156,0.018362867248228068,0.5627334816068652,0.5661505047661184,0.47883184523809524,0.5376736111111111,0.46986781394188804
0.3382,0.5239457512231486,0.018272881901762773,0.5622748833822111,0.5674556570003619,0.47952628968253974,0.5392361111111111,0.4712358149395186
0.3384,0.5244752165068102,0.018026762901433405,0.5597929419174523,0.5690483851506254,0.48026679421768714,0.5405381944444445,0.4727297668038409
0.3386,0.5242528439802122,0.017946638071629672,0.5591611392131005,0.5688673933153682,0.4787184665532879,0.5403645833333334,0.4741526374859708
0.3388,0.5245463071431107,0.017958197309162028,0.5580549924223039,0.5696939226963761,0.47888321995464855,0.5417534722222223,0.4743459284200025
0.339,0.5250663331923018,0.017617413803648348,0.5565020568031964,0.5703595704460444,0.4804917800453515,0.5422743055555557,0.47570395311136054
0.3392,0.5254286308095953,0.017239753325920683,0.5543901430905189,0.5702690745284158,0.481953302154195,0.5436631944444443,0.4768674398304028
0.3394,0.5256495562791759,0.017210270655986744,0.5533843761686381,0.5710171741141454,0.4822757227891157,0.5443576388888889,0.47721286943509156
0.3396,0.5260619981116559,0.016917012456648808,0.5519239474875508,0.5712886618670313,0.4833776218820862,0.545138888888889,0.47858087043272224
0.3398,0.526358388643996,0.01668295492223966,0.552116834294487,0.5706531794232392,0.48431299603174605,0.5453125,0.47939643347050753
0.34,0.5269863579572959,0.016824891250731597,0.5518589958076643,0.5731669549129228,0.48412521258503405,0.5452256944444445,0.48055493203641353
0.3402,0.5273960614214968,0.016778469512783663,0.5512173519396933,0.5732494067489844,0.4854963860544218,0.546875,0.48014216236438456
0.3404,0.5277783692756632,0.016548189056839854,0.5525006396756353,0.5720347504323693,0.4859959608843537,0.547048611111111,0.4813118842748472
0.3406,0.5285016517303585,0.01667214362231643,0.5528726356604405,0.5731528777701806,0.4870907738095239,0.5483506944444445,0.4810412769672029
0.3408,0.528307269406377,0.016260235316808785,0.551766488869644,0.5721232353296063,0.48758857709750564,0.54765625,0.48240179573512904
0.341,0.5281413603533632,0.016296579353420323,0.5508551971185073,0.5718497365563286,0.48663903061224484,0.5486979166666667,0.48266492081306894
0.3412,0.5295076166394802,0.01629651752953236,0.5516838230952429,0.572776816956924,0.48894734977324267,0.5511284722222222,0.4830016211497693
0.3414,0.5299811457106153,0.01611732933577042,0.5525124490719783,0.5724007561436674,0.4902281746031746,0.5512152777777779,0.48354907095647837
0.3416,0.5305048290886105,0.015899654216795324,0.5526836853189521,0.5723927120621004,0.4909863945578231,0.5514756944444443,0.4849856590597331
0.3418,0.5301515952022606,0.015583043147901541,0.5517743618005394,0.571926155331215,0.49079683956916104,0.5499131944444444,0.48634742486594335
0.342,0.531095090768952,0.01583418797409665,0.5535378983210976,0.5734947512367775,0.4918137046485261,0.5506944444444445,0.48593465519391443
0.3422,0.5314506077489694,0.0157222156261005,0.5547326155844667,0.5722841169609459,0.492391227324263,0.5515625,0.48628257887517157
0.3424,0.5322317470007542,0.015600828420626801,0.5560159033204086,0.5721956320637092,0.49375,0.5521701388888889,0.4870270607307644
0.3426,0.5324774347540201,0.015326319881934674,0.5573110004526936,0.5712645296223304,0.49443027210884355,0.5511284722222222,0.4882528993640104
0.3428,0.5320925864246566,0.015249747231199332,0.5571200818784814,0.5698527933073242,0.4950237386621315,0.5513020833333334,0.4871642349420127
0.343,0.5324935353933521,0.01531554396186926,0.5583167673745744,0.5696697904516752,0.49587230725623577,0.5519097222222221,0.48669908966205266
0.3432,0.5327727205707758,0.015216293566033585,0.5595980868777924,0.567988577404175,0.49621244331065767,0.5529513888888887,0.4871131063723656
0.3434,0.533271864771191,0.015046913447727742,0.5610624520243274,0.5678035635281342,0.4982514880952381,0.5519965277777779,0.4872452924304776
0.3436,0.533404093626082,0.01501370361515861,0.5606884878067984,0.5668764831275389,0.4982585742630386,0.5538194444444444,0.4873774784885896
0.3438,0.5339770336623287,0.014972742299351471,0.5628771625957054,0.5655632868117283,0.5002108134920634,0.5543402777777778,0.48689362763436844
0.344,0.5342443535976535,0.014867660279290122,0.5636821697797547,0.5642601455978764,0.5018282312925171,0.5549479166666667,0.48650330465145275
0.3442,0.5342761434956123,0.015070200878317909,0.5640246422737023,0.5648011100832562,0.5030187074829933,0.554861111111111,0.4846751465269984
0.3444,0.5337372898864758,0.01504504405425788,0.5628240203121616,0.5636749386638781,0.5019203514739229,0.5557291666666666,0.48453797231575013
0.3446,0.5334724860958248,0.015021842613471914,0.5610663884897751,0.5628423762216949,0.5024163832199546,0.5573784722222223,0.4836588103254769
0.3448,0.5334834552818132,0.014887970130131664,0.5627984332867518,0.5607046615452681,0.5025811366213152,0.5571180555555555,0.48421498940017466
0.345,0.5329719642084849,0.014734940256437963,0.562058377782589,0.5586574427864699,0.5021541950113378,0.5576388888888889,0.4843509165731388
0.3452,0.5326862232518865,0.014971815196167092,0.5625169760072432,0.558743916663315,0.5011426445578231,0.5575520833333333,0.48347549569771786
0.3454,0.5328977327623993,0.015111011695845541,0.5650008857047257,0.5584804729919962,0.5012259070294784,0.5565104166666666,0.4832709814191295
0.3456,0.5321304328207104,0.014936524770907966,0.5645521286436909,0.5565317942323935,0.4995128259637188,0.5559027777777777,0.48415263748597076
0.3458,0.5314169786417849,0.01458103583787342,0.5631605881079379,0.555884245666251,0.4993551587301588,0.55390625,0.48477865070457665
0.346,0.5315750099414155,0.014604979142949913,0.5641683232625426,0.554009974661143,0.4985065901360544,0.55546875,0.48572141164733756
0.3462,0.5316575035497897,0.014531245007058649,0.5653492628968451,0.5527148775288582,0.49782808956916097,0.5553819444444444,0.4870133433096395
0.3464,0.5308672770574197,0.014662320965234685,0.5658177022851183,0.5512186783573985,0.4980052437641723,0.5543402777777777,0.48495448310263123
0.3466,0.5302270356470163,0.014680975313184895,0.5662703958116008,0.5495414873506818,0.4975038973922903,0.5534722222222223,0.48434717545828665
0.3468,0.529150204355568,0.014606548684138796,0.5644163205857461,0.5493544624542493,0.4972434807256235,0.5519097222222223,0.48282703578999875
0.347,0.5279513117623734,0.01455045193420536,0.5633082055622257,0.5484334151148293,0.4962142148526077,0.55,0.48180072328220475
0.3472,0.5274351611248128,0.014796187273299937,0.5620288542917314,0.5489884567429513,0.4950131094104308,0.55078125,0.48036413517894994
0.3474,0.5261793056536528,0.014833430201962533,0.5595606904560395,0.5488074649076942,0.4944196428571428,0.5499131944444444,0.478195535602943
0.3476,0.5254018469639964,0.01489235384189294,0.5583659731926703,0.5481478502192012,0.49493693310657594,0.5494791666666667,0.47607931163486716
0.3478,0.5243461485762115,0.014846025684603605,0.5562501230145452,0.5473193098178015,0.4942602040816326,0.549045138888889,0.4748559670781892
0.348,0.5236568584862481,0.014846289903075804,0.5553152124707226,0.5468648192092667,0.49272073412698403,0.548611111111111,0.47477241551315624
0.3482,0.522256721923089,0.014933137421332187,0.554124431672801,0.5458532759522181,0.49016971371882095,0.5473090277777779,0.4738271604938271
0.3484,0.5212744948093264,0.01493322405491997,0.551921979254827,0.5454892812613121,0.4902600623582766,0.5467881944444445,0.4719129567277716
0.3486,0.5202257522133447,0.014972516186488493,0.5500856181234869,0.5440956441298315,0.4894150368480726,0.547048611111111,0.47048385085422123
0.3488,0.5188564244863099,0.014940078031007376,0.5468754305509084,0.5432590596468648,0.4873671343537415,0.547048611111111,0.4697318867689238
0.349,0.517520140762153,0.014899063568787075,0.5446729781329344,0.5416804086393435,0.486343183106576,0.5465277777777777,0.468376356154134
0.3492,0.516471603819058,0.014746519196557424,0.5423721140787686,0.5398282588585448,0.48679138321995463,0.5463541666666666,0.4670120962713555
0.3494,0.5155867762816065,0.014790364346713533,0.5400909323518412,0.5387242086634758,0.4856912556689343,0.5472222222222223,0.4662052625015588
0.3496,0.5150258016231923,0.014625191139635771,0.5368866494774341,0.5383541809113945,0.48656462585034016,0.5477430555555556,0.4655804963212371
0.3498,0.5140580795751575,0.01444308679268248,0.5349459720117306,0.5362265213369264,0.48623157596371885,0.54765625,0.4652300785634119
0.35,0.5123190417161811,0.014548029505049662,0.5326392032593933,0.5348369062462294,0.48316503684807255,0.546875,0.4640790622272104
0.3502,0.5111558521640156,0.01474430707995619,0.5302517369653789,0.53456139645256,0.48172300170068033,0.546875,0.462368125701459
0.3504,0.5108353056212281,0.014496989999995345,0.5285098510047828,0.5330672083014922,0.48149092970521534,0.5475694444444444,0.4635390946502057
0.3506,0.5098354039503541,0.014423233681433714,0.5275985592536461,0.5324297148373086,0.47987705498866207,0.5460069444444444,0.4632647462277092
0.3508,0.5087276248843984,0.014244238572588394,0.5247367488731867,0.5307464907694164,0.4778486394557824,0.54609375,0.4642124953236064
0.351,0.5072181356901337,0.01432749913061405,0.521239199322928,0.5301089973052326,0.47587337018140585,0.5457465277777779,0.4631225838633246
0.3512,0.5054484434121466,0.014615438765627372,0.5197551518491548,0.5286972609902264,0.4731593679138323,0.5448784722222222,0.4607519640852974
0.3514,0.5051751316680808,0.014768504157966598,0.5185683075166808,0.5289043960905764,0.47248086734693884,0.5455729166666667,0.46034917071954107
0.3516,0.5052005829085493,0.015013096660792018,0.5171826716790994,0.529549933636327,0.47163407029478466,0.5472222222222223,0.46041401671031307
0.3518,0.5058207769192393,0.015278122034326113,0.5167102958253784,0.5307686119937255,0.4728210034013605,0.5491319444444445,0.45967202893128817
0.352,0.5058029777712609,0.01528822935274349,0.5154151986930934,0.5294735148614407,0.47274482709750565,0.5509548611111111,0.4604264870931537
0.3522,0.5053210487368804,0.01508366531253708,0.5132009368787764,0.5295700438402446,0.4717120181405896,0.5502604166666667,0.46186182815812443
0.3524,0.5047881870542563,0.015037276221142768,0.5132875391186253,0.5285605116035876,0.4716322987528344,0.5494791666666666,0.46098141912956725
0.3526,0.5045494500877038,0.014821436950942062,0.5123624697384218,0.5279149740578369,0.47127976190476184,0.549045138888889,0.4621449058486096
0.3528,0.5051973653405166,0.015009464392901616,0.5127344657232271,0.52803362426095,0.47196357709750564,0.5510416666666668,0.46221349295423364
0.353,0.5046783778228952,0.015033516445545594,0.5115338437616865,0.5272050838595503,0.4716269841269842,0.5512152777777778,0.4618106995884773
0.3532,0.504776741630977,0.01475730106206773,0.5116086366051922,0.525548003056751,0.47291843820861673,0.5513020833333334,0.46250654695099136
0.3534,0.5042637223803033,0.014854793772381638,0.5100320821933986,0.5240739251096006,0.4724737811791383,0.5524305555555555,0.46230826786382345
0.3536,0.504303797959988,0.014618423308839404,0.5105772826579015,0.5235289385834372,0.4722842261904761,0.5516493055555556,0.46347923681257014
0.3538,0.5045614203029961,0.014537025383210434,0.5107603283012183,0.5228934561396452,0.47296272675736956,0.5521701388888889,0.46402045142785886
0.354,0.5053341324244806,0.014854425503221514,0.511671620052355,0.5234424647065922,0.4726987670068027,0.5544270833333333,0.4644307270233196
0.3542,0.5052593395591497,0.014875674281808565,0.5108351211447242,0.5232654949121185,0.4738839285714286,0.5547743055555555,0.46353784761192174
0.3544,0.5048777092394403,0.014479028126406487,0.5102761430511544,0.5211499014600007,0.47499291383219955,0.5538194444444444,0.46415014340940264
0.3546,0.5043503834028824,0.014547513301748036,0.5089830141515933,0.5198527933073241,0.4745571145124717,0.5544270833333332,0.4639319117096895
0.3548,0.5047194569644187,0.014715833930537176,0.509142441002224,0.5196798455536339,0.47418509070294784,0.5559895833333333,0.4646003242299538
0.355,0.5044419345469155,0.0147189756021981,0.5083000373964218,0.518304307605679,0.4734941893424036,0.5566840277777778,0.4654271106122958
0.3552,0.5042720268182769,0.014160435986738428,0.5066486901411222,0.5177452439367736,0.4748582766439909,0.5550347222222222,0.46707320114727524
0.3554,0.5058474921014549,0.01440147550733877,0.5087487944574567,0.5193319390258617,0.47595308956916105,0.5573784722222224,0.4678251652325726
0.3556,0.5063224401467754,0.014304922418984204,0.5098391953864625,0.5182238667900092,0.4773986678004535,0.5579861111111111,0.4681643596458411
0.3558,0.5061791469936854,0.014171142984870332,0.5098372271537387,0.5172143345533524,0.4772108843537414,0.5577256944444444,0.46890759446315
0.356,0.5068026832441406,0.014222951059959564,0.5125002460290904,0.5170313316977033,0.4762560232426304,0.5581597222222222,0.470066093029056
0.3562,0.5074797747607749,0.013981510858904438,0.5140630228118173,0.5160962072155412,0.4773632369614512,0.5582465277777778,0.4716298790372864
0.3564,0.5081404287879938,0.014209958455357202,0.5162497293680005,0.5163898161927363,0.4759017148526077,0.559375,0.4727858835266242
0.3566,0.5084642613403939,0.014441602847145393,0.5182711043753814,0.5150927080400595,0.47597789115646255,0.5605902777777778,0.4723893253522883
0.3568,0.5091497611059552,0.01462928024628443,0.5190898891884977,0.5145296223303706,0.4760682397959184,0.5625868055555555,0.4734742486594339
0.357,0.5097617982715628,0.014438315230514172,0.5209065679925995,0.5125025137754896,0.4776909722222221,0.5629340277777779,0.47477490958972435
0.3572,0.509899428075382,0.014461483187670928,0.5219339854744425,0.5101878293045892,0.4765731292517007,0.5637152777777777,0.4770869185684
0.3574,0.510700736199128,0.014469376107141897,0.5234829846281024,0.5081546876885332,0.4786989795918367,0.5651909722222224,0.4779760568649457
0.3576,0.5116114030288036,0.014657474443338078,0.5264471431102014,0.5089912721714998,0.4771541950113378,0.5657986111111111,0.47966579373986784
0.3578,0.51273559634895,0.014750505090919418,0.5277264943806956,0.5076177452439368,0.4771488803854876,0.56796875,0.48321611173463025
0.358,0.5137124790049163,0.015213472412469895,0.5300155490385182,0.5068837228009493,0.4769717261904762,0.5706597222222222,0.4840316747724155
0.3582,0.5146259119843243,0.01520423168235247,0.5326765996811462,0.5065157060692596,0.47796910430839007,0.5709201388888889,0.4850480109739369
0.3584,0.5155217272304627,0.015422386974725385,0.5343141693073789,0.5061456783171782,0.47770691609977317,0.5725694444444445,0.4868724279835391
0.3586,0.5159585979139912,0.01562137086490864,0.5360560552679748,0.5057857056670555,0.4766758786848072,0.5731770833333334,0.4880982666167851
0.3588,0.5176841602590316,0.01594648723571191,0.5410317475938354,0.5039174677231227,0.47770514455782315,0.5750868055555556,0.49067963586482105
0.359,0.5187292677849475,0.016232425824047103,0.5441533646938413,0.5027028114065076,0.47727820294784584,0.5763020833333332,0.4932098765432099
0.3592,0.5195054339597104,0.01641623816899451,0.5462672466392426,0.5006576036681012,0.478125,0.5774305555555556,0.49504676393565283
0.3594,0.5208885921603811,0.016692186931885414,0.549841557265731,0.5002111571411334,0.4794820011337869,0.57890625,0.49600199526125455
0.3596,0.5220550800975998,0.01700735534900131,0.5526069242427225,0.5005852069339983,0.47973710317460316,0.58046875,0.49687741613667535
0.3598,0.5225412466700321,0.01751913434193286,0.5539886236148563,0.4990950408237139,0.4795652636054421,0.5828993055555556,0.4971579997505923
0.36,0.5234648231001857,0.01805338369318981,0.5575806483358592,0.49880344286691064,0.47852536848072563,0.584375,0.4980396558174336
0.3602,0.5243702621439872,0.018352874810435946,0.559519357568839,0.49907291959940475,0.47749964569160996,0.5856770833333333,0.500082304526749
0.3604,0.5252249839557048,0.018723816546848338,0.5601649379022575,0.49851184491010747,0.47800984977324257,0.5885416666666666,0.5008966205262502
0.3606,0.5259566059032099,0.01931258702608197,0.5623851044147461,0.49786429634396495,0.4763003117913832,0.5907118055555556,0.5025215114104002
0.3608,0.5276222186838264,0.019097993717582817,0.5643179089495541,0.5001789808148654,0.4780009920634921,0.5910590277777777,0.5045541838134431
0.361,0.5288158681427685,0.01929014851384514,0.5650540279882694,0.4996158951051763,0.4788548752834467,0.5934027777777778,0.5071517645591721
0.3612,0.5294978696992673,0.019567247036884044,0.5668923573523333,0.5002574106101436,0.4773260345804989,0.5940972222222223,0.5089163237311386
0.3614,0.530571796457789,0.019417132793716606,0.566435727360403,0.5014600008044082,0.4781001984126984,0.5952256944444445,0.5116373612669909
0.3616,0.5313891527901481,0.01944415395153254,0.5683764048261066,0.5018139403933557,0.4787131519274376,0.5953125,0.5127297668038409
0.3618,0.5323118515387424,0.019825208140304248,0.5692168401991852,0.5027148775288581,0.47717545351473917,0.597482638888889,0.5149694475620401
0.362,0.53300195071369,0.020119699818587574,0.569968705099691,0.5023388167156014,0.47693452380952384,0.5993055555555554,0.5164621523880784
0.3622,0.5334375538272609,0.020305570208305476,0.5709016474107897,0.502962233037043,0.4759920634920635,0.5999131944444445,0.517418630751964
0.3624,0.5340801817078791,0.02040882971029191,0.5706359359930719,0.5033141616055987,0.4764987244897959,0.6016493055555555,0.5183027808953735
0.3626,0.5348604030730625,0.020480501096114965,0.5707363158619876,0.5044141897598842,0.4761692176870748,0.6027777777777776,0.5202045142785885
0.3628,0.535082532735679,0.020567846293166894,0.5694648375223886,0.5056972207698187,0.4750549178004534,0.60390625,0.5212894375857339
0.363,0.5350278184800293,0.020407620613238458,0.5686598303383392,0.5057836946466637,0.4757458191609977,0.603732638888889,0.5212171093652576
0.3632,0.5357543110933513,0.020474483840060693,0.5686755762001299,0.505504162812211,0.4762507086167799,0.6049479166666667,0.523393191170969
0.3634,0.5358161372596184,0.020317514452153886,0.5666660105890922,0.5056730885251177,0.47625779478458047,0.6051215277777778,0.5253622646215239
0.3636,0.5362746054197232,0.020134324856872384,0.5660479855138072,0.5059264770944777,0.4772055697278912,0.6052083333333333,0.5269846614291058
0.3638,0.5371014199712026,0.019984293840475557,0.5652252642352431,0.5073965330008445,0.47848639455782316,0.6063368055555556,0.528062102506547
0.364,0.5369987745809007,0.02011101515148205,0.5626626252288072,0.5063508023971364,0.47814625850340137,0.6077256944444444,0.5301084923307146
0.3642,0.5365022551189925,0.02019113946081923,0.5612081012458914,0.5047620962876563,0.47743941326530603,0.607638888888889,0.5314627759072204
0.3644,0.5366508474386689,0.020258274591409383,0.5602102072549059,0.5070767807585569,0.4756342120181406,0.6079861111111111,0.5323469260506298
0.3646,0.5363184574859464,0.02064078584323618,0.5598598618300629,0.5045630052688734,0.4749539399092971,0.6092013888888889,0.53301409153261
0.3648,0.5357831368552946,0.020558404947432937,0.557305095754522,0.5048264489401924,0.47445967970521546,0.6091145833333333,0.53320987654321
0.365,0.5356204614307967,0.020221668201664798,0.5556694943610132,0.5061215460724772,0.4747112386621315,0.6079861111111111,0.5336139169472502
0.3652,0.5348203520536927,0.020240490501247453,0.5533824079359143,0.503048706913888,0.4750478316326531,0.6077256944444444,0.5348971193415638
0.3654,0.534417748568626,0.02034867705709071,0.5527368276024957,0.5016530587620159,0.4747909580498866,0.6078125,0.5350953984287318
0.3656,0.5342039354534676,0.020611747791876748,0.5511897966815597,0.49997184571451553,0.4748671343537415,0.6092881944444444,0.5357027060730765
0.3658,0.5332028237461369,0.020641771927190918,0.5477138976912631,0.4988617624582714,0.47391935941043084,0.6089409722222221,0.5365781269484973
0.366,0.532845128767169,0.02056752153511648,0.5456905544511583,0.4980251779753046,0.47383964002267576,0.6082465277777778,0.5384237436089288
0.3662,0.5322788068059849,0.020641476569837006,0.5446847875292775,0.49645658206974214,0.4730654761904762,0.6074652777777777,0.5397219104626512
0.3664,0.5315630482321769,0.020484769664192843,0.5424980809730944,0.4958914853396613,0.4734871031746032,0.6068576388888889,0.5390809327846364
0.3666,0.531290433854078,0.02058554743904116,0.5405003247583995,0.49430076820978963,0.4734835600907029,0.6067708333333334,0.5413966828781643
0.3668,0.5304103173023476,0.020620074120146284,0.5382112701005768,0.49178699272010623,0.473983134920635,0.6063368055555556,0.5417333832148647
0.367,0.5306101535595225,0.020744905689625504,0.5361859586277481,0.4915999678236737,0.4747378117913833,0.6076388888888888,0.5428881406659183
0.3672,0.5300108174973241,0.02081466323030177,0.5360068494498791,0.488818726621888,0.4752480158730158,0.60703125,0.5429492455418382
0.3674,0.5282457820590952,0.02116699427840231,0.5341901706457771,0.4850118650203113,0.47321074263038554,0.6060763888888888,0.5427397431101135
0.3676,0.5280539339815526,0.021054121587328282,0.5321766685692916,0.48381128584643845,0.47542339852607707,0.6063368055555556,0.5425215114104003
0.3678,0.5273333290554649,0.021221414773799553,0.5300726277875096,0.4828842054458432,0.4749025651927437,0.6067708333333333,0.542036413517895
0.368,0.526030986377708,0.02152901872734418,0.5286141673391461,0.4787012830310099,0.4747236394557824,0.6064236111111111,0.5416922309514902
0.3682,0.52496063386806,0.0215233961565769,0.5276143051154369,0.47676467039375775,0.474798044217687,0.6056423611111111,0.539983788502307
0.3684,0.5236516834922074,0.02180472953280429,0.5251244907197827,0.47287133491533595,0.475485402494331,0.6058159722222223,0.5389612171093652
0.3686,0.5226894000857941,0.021914521406183503,0.5223689649064106,0.4711981659494027,0.47522321428571423,0.605295138888889,0.5393615163985535
0.3688,0.5217426278134931,0.022029024923886968,0.5196941366347156,0.4693500382093874,0.47583085317460316,0.6053819444444445,0.5384561666043147
0.369,0.5204163787209485,0.021898900040537943,0.5177573956344599,0.4679664561798657,0.47565369897959187,0.6038194444444445,0.5368848983663799
0.3692,0.519254650357583,0.022032130465162954,0.5150077745192592,0.4666572819048385,0.4755651218820861,0.6040798611111111,0.5349632123706198
0.3694,0.5183811964802547,0.022051951593165652,0.5127777668431515,0.465279732936492,0.4753844246031746,0.6030381944444445,0.5354258635740117
0.3696,0.5169714222054131,0.022216004222677256,0.5104847757198812,0.46194747214736764,0.47571924603174603,0.6021701388888888,0.5345354782391819
0.3698,0.5153468598127008,0.022398127209102215,0.5070777648749187,0.45935124482162254,0.47563066893424033,0.6016493055555554,0.5330253148771666
0.37,0.5146254250509097,0.022988902620413296,0.5058732064479303,0.4565740256606202,0.47443133503401363,0.6029513888888889,0.5332971692230952
0.3702,0.5138677536432092,0.0233209914099174,0.5040329088511426,0.45388730241724645,0.47459608843537415,0.6031249999999999,0.5336974685122834
0.3704,0.5131074370177453,0.023465233001482323,0.5024583226720727,0.45240115834774564,0.4745039682539683,0.6029513888888889,0.5332223469260506
0.3706,0.511556849058292,0.02372431168549669,0.5005156769736454,0.44953947633029,0.4732993197278912,0.6021701388888889,0.5322596333707444
0.3708,0.5098516689033967,0.024147087182835338,0.4973763457791248,0.44564614085186827,0.4729556405895692,0.6019097222222222,0.5313704950741988
0.371,0.5085247454775044,0.02438787541154168,0.49608321687956386,0.4425793347544544,0.4723550878684807,0.6011284722222222,0.5304776156628008
0.3712,0.5070709268002417,0.024785385887060835,0.49219989371543293,0.440073603346338,0.4714870323129251,0.6010416666666667,0.5305524379598454
0.3714,0.5066691145486825,0.025200330340890215,0.49043242072942705,0.4395225837589993,0.4701087726757369,0.6025173611111111,0.5307644344681381
0.3716,0.5059667329773909,0.025308108235352657,0.4885783455035724,0.43860153641957933,0.47002196712018146,0.6023437500000001,0.5302880658436214
0.3718,0.5037209899938503,0.025782087990685234,0.4847028952703368,0.43535373848690817,0.46763747165532876,0.6019097222222223,0.5290011223344557
0.372,0.5025645132850179,0.02586063964497911,0.48230165134725533,0.43509833889715643,0.4662698412698413,0.6016493055555555,0.5275034293552812
0.3722,0.5007555509421023,0.025842076030390633,0.4766764422225284,0.4348248401238788,0.4654035572562358,0.5999131944444445,0.5269597206634243
0.3724,0.499142150381473,0.025917473791105403,0.47472592359320565,0.4323291638177211,0.4644628684807256,0.5981770833333334,0.5260157126823793
0.3726,0.49768266953024465,0.025843336012847044,0.47359812624244685,0.4306640389333548,0.46370819160997734,0.5966145833333333,0.5238284075321112
0.3728,0.49681196749413914,0.025649096172180894,0.47081110870549325,0.4319772352491654,0.4635398951247166,0.5960069444444445,0.5217246539468761
0.373,0.4952350256837367,0.025379224642870783,0.4665597260220048,0.4306680609741383,0.4654974489795919,0.5932291666666667,0.5202207257762813
0.3732,0.4945995800862624,0.02542122476359039,0.46571929064892637,0.42983147649117165,0.46541241496598634,0.59296875,0.5190659683252277
0.3734,0.49414993221283215,0.024988317715705036,0.46579998819060364,0.43095161484937455,0.464827806122449,0.5909722222222222,0.5181980296795111
0.3736,0.49287131440682874,0.02472171382177915,0.46420965614974313,0.4315147005590636,0.46373476473922903,0.5894965277777777,0.5154009228083302
0.3738,0.49200062269337047,0.024307409743903066,0.46270986281417914,0.43283594095644135,0.4635576105442176,0.587673611111111,0.513226088040903
0.374,0.49149485923277164,0.024169017406040265,0.46205837778258896,0.4334110927884809,0.4628720238095238,0.5869791666666666,0.5121536351165981
0.3742,0.4915175354947522,0.02397099261881037,0.4604778869053477,0.43517676869243455,0.4633946286848073,0.5864583333333334,0.5120800598578377
0.3744,0.4912828534775347,0.023834943695872583,0.4589879347334028,0.4359349233801231,0.4643335459183674,0.5860243055555555,0.5111335578002245
0.3746,0.49109760818568116,0.0236031780454547,0.45796445371700745,0.4371455576559547,0.4645815617913832,0.5850694444444444,0.510727023319616
0.3748,0.4903657317202484,0.02336018719578822,0.4572047158856063,0.43651409725294615,0.46466482426303857,0.5829861111111111,0.5104589100885397
0.375,0.49052908351399377,0.02343827444743557,0.45755899777589704,0.43716968990065563,0.46466482426303857,0.5842881944444442,0.5089637111859334
0.3752,0.4903180631942637,0.022917128420144192,0.45744484027791443,0.4376402686723243,0.46593679138321986,0.5815972222222221,0.5089711934156378
0.3754,0.49081646123000794,0.022733881072042154,0.45807861121499005,0.4399569641636166,0.46534509637188215,0.5818576388888889,0.5088439955106621
0.3756,0.4910272813634746,0.02247188242367079,0.45641348633062373,0.44180106986284845,0.46730796485260767,0.58125,0.5083638857712932
0.3758,0.49065797546545686,0.022297886981273718,0.45620288542917314,0.44094437517596435,0.46909899376417225,0.5803819444444444,0.5066616785135304
0.376,0.4914587492494844,0.02203990031099979,0.45563800263743187,0.44287093271125766,0.47123370181405894,0.5799479166666666,0.5076031924180072
0.3762,0.4916559476578913,0.021743427153459997,0.45562816147381263,0.44334151148292644,0.4727767148526077,0.5786458333333334,0.5078875171467765
0.3764,0.4924734018449783,0.02152791811075438,0.45616942547286793,0.4449101073884889,0.4739725056689343,0.5784722222222223,0.5088427484723781
0.3766,0.4918888164602965,0.02099116515353132,0.45753537898321095,0.44592165064553757,0.47304421768707483,0.5764756944444445,0.5064671405412147
0.3768,0.49223453852955873,0.020597849964051864,0.4581750546184581,0.4475948196114709,0.47364831349206343,0.5753472222222222,0.5064072827035789
0.377,0.4916376260596166,0.020675810820573376,0.4586986045229988,0.44664561798656643,0.4722895408163265,0.5754340277777779,0.5051203391944132
0.3772,0.4916940451814903,0.02064222708510799,0.45784832798630115,0.4471986485942967,0.47357568027210883,0.5756076388888888,0.5042399301658561
0.3774,0.4916754646097464,0.02052965452563782,0.4594721199834669,0.44653702288541197,0.4736589427437642,0.5753472222222221,0.503362015213867
0.3776,0.4919180390462932,0.020438694206446638,0.46011179561871396,0.4461690061537224,0.4748618197278911,0.5750868055555556,0.503360768175583
0.3778,0.4922673712523582,0.020283517026116717,0.46138524219103666,0.4464223947230825,0.4757121598639456,0.575,0.5028170594837261
0.378,0.4927663394794948,0.020205726984968243,0.46165095360875463,0.447816031854563,0.4767361111111111,0.5756944444444445,0.5019341563786008
0.3782,0.4929871971330989,0.019846342040727508,0.46328852323498726,0.4487431122551583,0.47723745748299323,0.5748263888888888,0.5008405038034669
0.3784,0.4941749603214685,0.01946758623689725,0.4650205680319641,0.45099545509391464,0.4792038690476191,0.5747395833333333,0.5009153261005113
0.3786,0.49473048116735086,0.019335273554374904,0.4668510244651328,0.4512649318264087,0.47972115929705217,0.5748263888888889,0.5009889013592718
0.3788,0.4952200312803251,0.01917459840863618,0.46869329029464446,0.4522845191650243,0.47973001700680273,0.5750868055555556,0.5003055243795985
0.379,0.49609298487020104,0.019188499736522868,0.4705867301749759,0.4517174114145517,0.4815228174603175,0.5757812500000001,0.5008567153011597
0.3792,0.4961643393883543,0.01899297711491096,0.47252740764067946,0.45134135060129504,0.4814466411564625,0.575,0.5005062975433346
0.3794,0.4967948282578184,0.01892056388107055,0.4748991280729033,0.45031170816072075,0.4829896541950114,0.5749131944444444,0.500860456416012
0.3796,0.49723578363397847,0.018628375237398565,0.4766410140334994,0.45040622611913284,0.4849755527210884,0.574045138888889,0.5001109864072827
0.3798,0.4971211477751175,0.01873543097867913,0.4776310350935894,0.4490166110284358,0.4855761054421769,0.57421875,0.49916323731138545
0.38,0.4968270623804397,0.018807302840646124,0.4783514082705139,0.44725294614487393,0.48651502267573693,0.5738715277777777,0.4981444070332959
0.3802,0.497097159183718,0.01850408954399801,0.4813824866652233,0.4471584281864618,0.4866230867346939,0.5726562499999999,0.497665544332211
0.3804,0.4968311306379415,0.018571355443379445,0.4808254768043774,0.44575875799380604,0.48755846088435373,0.5721354166666666,0.49787754084050384
0.3806,0.4966616907412947,0.018367530369294994,0.4837640482610664,0.4446567188191288,0.4873069019274377,0.5706597222222223,0.49692106247661805
0.3808,0.49644736251540833,0.018027096756152914,0.48525006396756354,0.44383622249929616,0.4883237670068027,0.5683159722222222,0.49651078688115724
0.381,0.49711275363396873,0.017474519005728998,0.487820575904895,0.4449623939186743,0.49003861961451245,0.5662326388888888,0.49650953984287316
0.3812,0.4972977802203572,0.01760357265411669,0.4897396028106364,0.4431102441378756,0.4912308673469387,0.5659722222222223,0.4964359645841128
0.3814,0.4981914054790166,0.017715828082400756,0.49102879524474974,0.44394481760045046,0.49174461451247165,0.5675347222222222,0.49670407781518894
0.3816,0.49818122789832897,0.01780984657246696,0.49314661365559864,0.44237018863371275,0.49226544784580495,0.5671006944444444,0.4960231949120838
0.3818,0.4983945662035766,0.017141623721310097,0.4949829747869387,0.4438704098459558,0.49260026927437633,0.5641493055555555,0.49636987155505674
0.382,0.4979381607321053,0.017143682826983708,0.49524671797193304,0.4430338253629892,0.4929510345804989,0.5634548611111111,0.4950043646339942
0.3822,0.4971613338446964,0.01679530708805588,0.49569153856752024,0.44321682821863806,0.49184204931972786,0.5611979166666666,0.4938583364509291
0.3824,0.4971654265449203,0.016825761058203836,0.4968764146672703,0.44220126292080597,0.492625070861678,0.5605902777777778,0.49353410649706947
0.3826,0.49741778720875063,0.016941580057493293,0.496685496093058,0.44193580822909545,0.4933939200680272,0.5611979166666667,0.49387579498690604
0.3828,0.4976437083074403,0.016963004435390856,0.5002676796504419,0.4413747335397981,0.4916790674603174,0.5606770833333332,0.4942199775533108
0.383,0.4979569843192208,0.016460862575791876,0.5022044206506977,0.44304790250573134,0.49170564058956917,0.5586805555555555,0.4941464022945504
0.3832,0.49824101626788886,0.01634952848713109,0.5029346349912414,0.44351043719583316,0.4918774801587301,0.5583333333333332,0.49454919566030675
0.3834,0.49792562414823627,0.016001989930010042,0.5031196488672821,0.4437014841330491,0.4929014314058957,0.5561631944444444,0.49374236189051
0.3836,0.49757497942273343,0.01592153160055991,0.503035014860157,0.4427784257732374,0.4946995464852608,0.5547743055555556,0.4925876044394563
0.3838,0.49745962589594245,0.015791722442902268,0.5025567343082648,0.4426979849575675,0.4945294784580499,0.55390625,0.4936076817558299
0.384,0.4976633320824356,0.015426944791064963,0.5049264865077647,0.44288098781321644,0.4947863520408163,0.5513020833333334,0.49442075071704694
0.3842,0.497733630761945,0.014884962085381266,0.5050229299112327,0.44399911515102763,0.4958173894557823,0.5486111111111112,0.49521760818057114
0.3844,0.4965439268090848,0.015003019391416366,0.504377349577814,0.44186542251538424,0.49514066043083904,0.5472222222222223,0.49411397929916445
0.3846,0.4956965988552956,0.015080238009201023,0.5030625701182908,0.44045368620037795,0.49394664115646264,0.5464409722222221,0.49457912457912456
0.3848,0.4955758182118533,0.01448195173810854,0.5024248627157675,0.44149539476330285,0.49479875283446717,0.5432291666666667,0.4959309140790622
0.385,0.4948898761638749,0.014274670048131245,0.5012163678233315,0.44167035353738493,0.4940281320861678,0.5420138888888889,0.4955206384836015
0.3852,0.4948603791628209,0.014096495163744761,0.500484185250064,0.44186341149499253,0.49505739795918363,0.5409722222222222,0.49592467888764186
0.3854,0.49472261643295345,0.013551824423851493,0.5013010018304564,0.4429694727104533,0.4952132936507937,0.5379340277777778,0.4961952861952862
0.3856,0.49447269026614754,0.013191688913904506,0.49992914362194185,0.4438100792342034,0.49630633503401367,0.5362847222222223,0.4960331712183564
0.3858,0.49439267025131295,0.012777906789510783,0.49974216151317724,0.44493423963318984,0.4965508078231292,0.534375,0.4963611422870683
0.386,0.49374093600160335,0.012447706235122933,0.49836439860649123,0.44568435023931147,0.4962709041950113,0.5328993055555555,0.4954857214116474
0.3862,0.4936528542468811,0.011580047672978705,0.4973468222882674,0.44920966898604353,0.4960937499999999,0.53046875,0.4951452799600947
0.3864,0.49290635994783294,0.011098989489051553,0.4964178164426162,0.4506777138720186,0.49548079648526083,0.5286458333333334,0.4933096396059359
0.3866,0.49238313553923563,0.010567254918458259,0.49522113094652304,0.45234484977677675,0.4948696145124716,0.5266493055555557,0.49283077690485094
0.3868,0.4925520480447495,0.010495245980370911,0.4940539689412876,0.4527128665084664,0.4961344954648526,0.5264756944444444,0.4933832148646964
0.387,0.4924133949985121,0.010050469654317468,0.49257976263113346,0.45503559506093383,0.4952664399092971,0.5258680555555555,0.49331712183564047
0.3872,0.4923717441212546,0.009583780185436664,0.49020607396618576,0.45747094075533934,0.4960972930839002,0.5249131944444445,0.4931712183564036
0.3874,0.49179210186794,0.009516103055298424,0.48735213651662174,0.4576458995294212,0.4968431122448981,0.52421875,0.49290061104875915
0.3876,0.49168916385433653,0.009001966365811681,0.48468714940854607,0.4611852954188955,0.4974241780045352,0.5235243055555555,0.4916248908841501
0.3878,0.4919809637608793,0.008849485405873367,0.4824846969905721,0.46313196315810634,0.49782631802721083,0.5236111111111111,0.49285072951739617
0.388,0.49186148690603304,0.008585848861202025,0.4807526521935953,0.4648956280416683,0.49798929988662133,0.5227430555555556,0.4929267988527248
0.3882,0.49081685520537083,0.008474548116475319,0.47670793394610983,0.46664521578248797,0.4967757936507936,0.5220486111111112,0.4919067215363512
0.3884,0.4907152978754315,0.008499119727726472,0.47294270474540906,0.4687748863773479,0.49736040249433106,0.521701388888889,0.4927971068711809
0.3886,0.4907312338820479,0.008111454640792758,0.4709292026689235,0.472879378996903,0.49665887188208613,0.5206597222222222,0.49252899364010466
0.3888,0.49103138729541174,0.008151809869603522,0.4689983663668392,0.47548365040421514,0.49665887188208613,0.5210069444444445,0.4930091033794737
0.389,0.49180082660368873,0.00830378628634062,0.4661542700808944,0.48040461730281947,0.49904691043083893,0.5215277777777778,0.491870557426113
0.3892,0.4917931879667191,0.00831249894092964,0.46469580963253093,0.48245585810240116,0.49827806122448975,0.5211805555555555,0.49235565531861825
0.3894,0.4911723670201084,0.008352677752233334,0.46221189993504835,0.48414310421107676,0.49707518424036284,0.5197916666666667,0.49263998004738746
0.3896,0.4906000001480022,0.008563809747884501,0.45928513787470227,0.48627679684672004,0.49586699263038553,0.5189236111111111,0.4926474622770919
0.3898,0.4898865380026902,0.008931935181667336,0.45644694628692906,0.4863773478663074,0.49508574263038546,0.5186631944444444,0.4928594587853848
0.39,0.4894913944928955,0.00939713778151584,0.4527781604896964,0.4887040984595584,0.49525049603174603,0.5180555555555555,0.49266866192792114
0.3902,0.48954710988651273,0.009643434864149274,0.45113074969984457,0.4906668543619032,0.4945560515873016,0.51796875,0.49341314378351414
0.3904,0.48926994310854155,0.010025509610384446,0.44865077646780954,0.4918634114949926,0.49490858843537405,0.5177083333333333,0.4932186058111984
0.3906,0.48868826875923943,0.010737428485459364,0.44422618930462326,0.49279250291597954,0.49635948129251695,0.5171875,0.49287567028307766
0.3908,0.4887415875291774,0.011091305127607282,0.44220087783179485,0.4940855890278727,0.49618587018140586,0.5169270833333333,0.49430851727148023
0.391,0.4885849077183094,0.011437806415799829,0.4401834392898617,0.4944536057595624,0.49627976190476186,0.5166666666666667,0.4953410649706946
0.3912,0.488227373010323,0.011726344779814334,0.4386285354380302,0.4948417326951695,0.49585459183673464,0.5171006944444444,0.4947113106372365
0.3914,0.4886005238644275,0.011805978747801467,0.4386206625071349,0.49633189880545386,0.49594494047619053,0.5175347222222222,0.49457039531113606
0.3916,0.4888754520810492,0.012362301028491304,0.4364083689255417,0.4963238547238869,0.49722399376417226,0.5188368055555556,0.4955842374360893
0.3918,0.48886787248734753,0.01291030299350785,0.43402090263152715,0.4977174918553674,0.49739937641723353,0.5199652777777778,0.49523631375483224
0.392,0.48945432189682664,0.01304099199660762,0.4339362686244021,0.4992096689860436,0.4980017006802721,0.5204861111111111,0.49563786008230454
0.3922,0.4898307503629482,0.013255375841094565,0.43358395496683527,0.4998552065317942,0.4976580215419501,0.521875,0.49618156877416136
0.3924,0.4901121039159502,0.013554298093651891,0.432849804160844,0.5014258134577485,0.49875814909297056,0.5231770833333333,0.4943496695348547
0.3926,0.4911650423850154,0.013832315857616219,0.43312142027673356,0.5009492016249044,0.4997750141723355,0.5261284722222223,0.4958511036288814
0.3928,0.49115843495200895,0.01436204082204488,0.43064144704469853,0.5012287334593573,0.5009761196145124,0.5268229166666667,0.4961229579748099
0.393,0.4916123985161411,0.014502351938714358,0.43072214458637587,0.5017053452922012,0.5013304280045352,0.528125,0.49617907469759326
0.3932,0.49291605774451386,0.014545400516295812,0.43202117818410846,0.5033925914008768,0.5024429563492063,0.5298611111111111,0.4968624516772665
0.3934,0.49352866162632447,0.014540566189150998,0.4322986989981696,0.504343804046173,0.5029531604308389,0.5296874999999999,0.49836014465644096
0.3936,0.49384320906961354,0.014493721581712023,0.4326864408447655,0.5044403330249768,0.5029567035147392,0.5296875,0.49944506796358656
0.3938,0.49411258457751117,0.014736110997626622,0.4323144448599602,0.5038873024172466,0.502701601473923,0.5315972222222223,0.5000623519142038
0.394,0.4951967689499293,0.014976839406054335,0.4328675182553585,0.5053694244459639,0.5041578089569161,0.5342013888888888,0.499387704202519
0.3942,0.4954861838195381,0.015133544497984788,0.4329639616588265,0.5046233358806258,0.5038105867346938,0.5360243055555556,0.5000087292679884
0.3944,0.496360025256949,0.015005230688313699,0.43443619973625686,0.5063025379077344,0.5038159013605442,0.5366319444444445,0.5006135428357651
0.3946,0.4974335385888164,0.014794567523848908,0.43728620072037316,0.5064895628041668,0.5041613520408164,0.538888888888889,0.5003416884898366
0.3948,0.4980968397640032,0.01456160037813743,0.4395890330072628,0.505932510155653,0.5043526785714285,0.5401909722222221,0.5004190048634494
0.395,0.4979289584219789,0.014442020603894653,0.4406794339362686,0.5039777983348751,0.5024837018140589,0.5411458333333334,0.501358024691358
0.3952,0.49845376424594895,0.014546453607449559,0.4415789162910622,0.5035192856855568,0.5019823554421768,0.5432291666666667,0.5019590971442823
0.3954,0.49948306530404485,0.014544913705144404,0.44333261164800125,0.5032337207899288,0.5027618339002267,0.5453125,0.5027746601820675
0.3956,0.4988258428677776,0.014388571850227827,0.44425768102820473,0.501303141213852,0.5016581632653062,0.5454861111111111,0.501424117720414
0.3958,0.4995964225799991,0.014414936625870529,0.44591296474895187,0.5017777420263041,0.5018353174603174,0.5475694444444444,0.5008866442199775
0.396,0.4997947296660656,0.014931620177553926,0.44572795087291117,0.5012126452962233,0.49903450963718815,0.5512152777777778,0.5017832647462277
0.3962,0.500947621609056,0.014890644739673371,0.4493140708957427,0.5005409644853799,0.49837018140589573,0.5545138888888889,0.5019990023693728
0.3964,0.5006032047767404,0.014667973664763058,0.45040250359202466,0.5002714877528858,0.4977678571428571,0.5539930555555556,0.5005811198403791
0.3966,0.5004594000879348,0.014538676030023618,0.4524376562284725,0.4978763624663154,0.49700963718820856,0.554861111111111,0.5001122334455668
0.3968,0.5005121849439863,0.014462409759870485,0.45428385852343184,0.49612275268471223,0.4956420068027211,0.5557291666666667,0.5007831400423994
0.397,0.5005181343996198,0.014488318936654039,0.4548467730824493,0.49508506616257086,0.4964941184807256,0.5563368055555555,0.4998279087167976
0.3972,0.5006869520681565,0.014633130016572325,0.45548251225224873,0.49471704943088124,0.49642857142857144,0.5577256944444444,0.4990809327846365
0.3974,0.4999592943360061,0.014789966938596091,0.4552935619107603,0.4932288943409886,0.4946286848072562,0.5582465277777777,0.4983988028432472
0.3976,0.49940153363744705,0.015024120136982093,0.45592142814966435,0.49090817680891286,0.49148242630385486,0.5595486111111111,0.49914702581369247
0.3978,0.4992797032694665,0.015023815353842979,0.4573818568307518,0.4886739331536821,0.49038052721088443,0.5600694444444445,0.4998927547075695
0.398,0.49957607394268655,0.015132907549438888,0.4591178380931762,0.4888549249889394,0.4885150935374149,0.5616319444444444,0.4997605686494576
0.3982,0.49989405388294905,0.015315761148655814,0.45864939870490284,0.4898805453887302,0.4879340277777778,0.5625,0.5005062975433346
0.3984,0.49933312116537054,0.015247079201651957,0.45927332847835933,0.4882837951976834,0.4859835600907029,0.5618055555555556,0.5013193665045517
0.3986,0.5000327321231077,0.015217979117668897,0.46176707933946115,0.4884647870329405,0.48549107142857145,0.5631076388888888,0.5013330839256764
0.3988,0.4993618730404673,0.015257994236056949,0.46280040151947566,0.4860455295016691,0.4838718820861678,0.5631076388888888,0.5009839132061354
0.399,0.4988770417216017,0.0155667594504275,0.46363493219438273,0.48398423360012865,0.4816592261904762,0.5644097222222223,0.5006970944007982
0.3992,0.4998122858473658,0.015123242119655196,0.4678705690160805,0.4840787515585408,0.4825131094104308,0.564236111111111,0.5003628881406659
0.3994,0.4991694986624807,0.014961290711963131,0.4677682209144409,0.4836282829907896,0.48209856859410427,0.5630208333333333,0.4993315874797356
0.3996,0.49875938276758436,0.01504172961877655,0.4696970889838014,0.48130555443832196,0.480828373015873,0.5634548611111111,0.49851103628881416
0.3998,0.49849538627720313,0.015099074364492123,0.47052571496053686,0.47962031935003824,0.4803305697278912,0.5635416666666666,0.4984586606808829
0.4,0.49779528409043977,0.015464969486455087,0.47117326352667943,0.4769979487592003,0.4783730158730159,0.5645833333333333,0.49784885895997
0.4002,0.49711216338026915,0.015632191283593305,0.47193693782352825,0.474745605920444,0.4768406320861677,0.5646701388888888,0.4973675021823169
0.4004,0.4958511857916349,0.015667534353460053,0.4716554805440195,0.47213731247234847,0.47513286564625845,0.5633680555555556,0.4969622147399925
0.4006,0.4948603232505543,0.015723178485052034,0.4737634577912493,0.469798495756747,0.4728369472789116,0.5628472222222223,0.4950554932036414
0.4008,0.49459648055620364,0.015850898320355022,0.4738697423583364,0.4694304790250573,0.47096265589569164,0.5628472222222223,0.49587230327971066
0.401,0.49450868397078274,0.016126805354786205,0.47258645462239457,0.4699070908579014,0.4709715136054422,0.564236111111111,0.49484224965706447
0.4012,0.4938682122831066,0.016510483802342643,0.4722164268703132,0.46812331577042193,0.46970308956916107,0.5652777777777778,0.49402045142785883
0.4014,0.49354393374002115,0.016427179599084237,0.47397012222725216,0.46635965088686,0.468765943877551,0.5643229166666666,0.4943010350417758
0.4016,0.4928695427094708,0.016931701462442814,0.47333241482472876,0.4652294574266983,0.46637081916099776,0.5657986111111111,0.4936164110238185
0.4018,0.4924062247988938,0.017339162029651467,0.4746157025606708,0.4614185737843381,0.4655204790249433,0.5666666666666667,0.4938097019578501
0.402,0.4919331793641445,0.017503999697087793,0.47434802291022893,0.46021196154929,0.46424496882086164,0.566579861111111,0.49428108242923063
0.4022,0.4921047583250622,0.017722574617434463,0.47573759521325804,0.45928287012830316,0.4638127125850341,0.5676215277777777,0.49406908592093773
0.4024,0.49110307174978063,0.01784119217066327,0.47446218040821153,0.4571310783091341,0.46253365929705215,0.566579861111111,0.4948085796233944
0.4026,0.49040643207754897,0.018161420958942465,0.47336193831558643,0.45526082934480955,0.46049284297052157,0.5664930555555555,0.49642349420127196
0.4028,0.4907680886139426,0.01803689748852685,0.47409412088885394,0.45515424526404696,0.46135558390022674,0.5661458333333332,0.4970906596832522
0.403,0.4901559766625486,0.01806202405094453,0.47400948688172895,0.45497727546957323,0.4592917375283446,0.5653645833333334,0.49713680009976313
0.4032,0.4893796201158507,0.0181142386907395,0.47390517054736553,0.4530366407915376,0.4581880668934241,0.564236111111111,0.49753211123581487
0.4034,0.4887845566364318,0.01846976127402127,0.47260810518235685,0.45220407834935444,0.4568239795918368,0.5651909722222223,0.49709564783638854
0.4036,0.48913089578960023,0.018855026783684666,0.4738854882201272,0.45053493142420464,0.45597009637188207,0.56640625,0.49885771293178693
0.4038,0.48908019149660975,0.018988531744880976,0.47415907256874057,0.4509994771346982,0.4546060090702947,0.5669270833333334,0.49870931537598207
0.404,0.48854032663839975,0.019114265522996443,0.47331863719566203,0.45089892611511084,0.452733489229025,0.566579861111111,0.4991707195410898
0.4042,0.4888050349478078,0.01901608021602986,0.4742181195504556,0.4511643808068214,0.45265022675736966,0.5661458333333333,0.4998466142910587
0.4044,0.4884467599452324,0.0188060149859904,0.47623358985966496,0.4517294775369023,0.4509371456916099,0.56484375,0.49848983663798474
0.4046,0.48892654732363183,0.019105689972888317,0.4767807585568917,0.4530265856895789,0.4487227182539682,0.5660590277777777,0.5000436463399426
0.4048,0.48929726925118866,0.01924431586279926,0.4759422914165371,0.4530326187507542,0.44956774376417236,0.5671006944444444,0.5008429978800348
0.405,0.4900075774709647,0.01909884907746357,0.4770287558800953,0.4542472750673691,0.45007617630385494,0.5671006944444444,0.5015849856590597
0.4052,0.4903035372281252,0.019057376881046265,0.47657015765544114,0.45507782648916056,0.4505881519274376,0.5673611111111111,0.501920438957476
0.4054,0.49075551126041095,0.019431192871327458,0.4776703997480662,0.4534931424204641,0.45066432823129254,0.5690104166666666,0.5029392692355655
0.4056,0.4908952470554013,0.01939946082397105,0.4773850060031098,0.45358162731770096,0.45075113378684806,0.5686631944444444,0.5040952737249034
0.4058,0.49190833220479196,0.01939615435239894,0.4806129076702029,0.4546997546555122,0.4500655470521542,0.5691840277777778,0.5049794238683127
0.406,0.49234519118194375,0.019494464003747162,0.4830928809022379,0.45553231709769537,0.4477678571428572,0.5690104166666666,0.5063224841002618
0.4062,0.4928346458199428,0.01963812116303262,0.484289566398331,0.45561879097454056,0.44674390589569163,0.5690972222222223,0.5084237436089287
0.4064,0.49325906584103496,0.019480049477474587,0.4838309681736769,0.4572054860636287,0.44640022675736957,0.5680555555555555,0.5108030926549445
0.4066,0.4940076397686154,0.01939819637231879,0.48557679059972053,0.4566403893335479,0.4474348072562358,0.5676215277777777,0.512764683875795
0.4068,0.49402368442751377,0.019259706890385354,0.48510638297872344,0.45692595422917587,0.4464232568027211,0.5650173611111111,0.5166454670158374
0.407,0.4945357963252099,0.01920612176769616,0.48795244749739214,0.4574830068776897,0.44556405895691603,0.5644965277777778,0.5171829405162738
0.4072,0.49495334400049573,0.019037873174995137,0.48951325604739504,0.4562804166834252,0.4465029761904762,0.5625,0.5199700710811822
0.4074,0.4956970876218086,0.018979731699315744,0.4909795894266538,0.4570084060652375,0.4464941184807256,0.56171875,0.5222845741364259
0.4076,0.495556551455007,0.01861203384059469,0.49180427893794165,0.45579173872823064,0.44759601757369616,0.5583333333333333,0.5242573887018331
0.4078,0.4964765505518751,0.01858304823062614,0.49317810537918005,0.4570808027993404,0.4478493480725623,0.5585069444444445,0.5257675520638484
0.408,0.4967712363171085,0.01832179243210902,0.4939968901922963,0.45846438482886215,0.4478334041950113,0.5571180555555555,0.5264434468138173
0.4082,0.49709862269827204,0.01818900643291268,0.4934398803314505,0.4592104733942003,0.44885026927437643,0.5572048611111111,0.5267876293802221
0.4084,0.49791157357983334,0.018176249926850293,0.49546322357155514,0.4607891244017215,0.4479042658730158,0.5561631944444445,0.52923805960843
0.4086,0.49781303168808444,0.017978747444564926,0.4961816285157557,0.4623677754092427,0.44645514455782315,0.5537326388888889,0.5303279710687118
0.4088,0.4988227294184382,0.018122326662818457,0.49847658787175,0.4623496762257169,0.4472275368480726,0.55546875,0.5305910961466518
0.409,0.5001231650588507,0.017842056225561113,0.5005825968862558,0.46364477335800186,0.44928961167800463,0.5552083333333334,0.5318905100386583
0.4092,0.5008175550965986,0.017690314985639298,0.5014958568701163,0.46457587579938053,0.4502356150793651,0.554861111111111,0.5329193166230203
0.4094,0.5011261273614911,0.017428955433910157,0.5039935441966659,0.4646744157985762,0.4507440476190475,0.552951388888889,0.5332672403042774
0.4096,0.5023779395783542,0.017189195455809516,0.505646859684689,0.46532397538511044,0.45339604591836735,0.5532118055555556,0.5343110113480484
0.4098,0.5030198618048154,0.016952555081842038,0.5065601196685495,0.46736918312351694,0.4534810799319728,0.5513888888888889,0.5363000374111485
0.41,0.5035664808228819,0.016614110898496445,0.507388745645285,0.46865824719462645,0.4547707624716554,0.5504340277777777,0.5365806210250653
0.4102,0.503228588986654,0.016353386642970112,0.5078453756372153,0.4695853275952218,0.45401077097505665,0.5473090277777778,0.5373924429479985
0.4104,0.5037117342419972,0.01605519036497269,0.5075698230558782,0.470703454933033,0.45555909863945576,0.5464409722222222,0.5382853223593964
0.4106,0.5039146265522655,0.015974223289143615,0.507475347885134,0.4710694606443309,0.455984268707483,0.5447048611111112,0.5403391944132685
0.4108,0.5040866071041682,0.015312938391653567,0.5076702029247939,0.4731146683827374,0.45761231575963723,0.5421006944444444,0.5399351540092281
0.411,0.5044004544834723,0.014759815398636059,0.5091404727695004,0.47404174878333266,0.45950255102040816,0.53984375,0.5394737498441202
0.4112,0.5039829042442711,0.014322237559919387,0.5086740016139508,0.4748481679604232,0.46011904761904765,0.5385416666666667,0.5377316373612671
0.4114,0.5044951783727214,0.01384725918121807,0.5101462396913812,0.47687527651530387,0.46123511904761905,0.5372395833333333,0.5369796732759695
0.4116,0.504718251953267,0.013253343056533166,0.511441336823666,0.478065800587218,0.4630491780045352,0.5344618055555556,0.536573138795361
0.4118,0.5051734793159537,0.01284898180397817,0.5121774558623811,0.48018340505972734,0.4639969529478458,0.5327256944444445,0.5367838882653697
0.412,0.5052552021557812,0.012399241355141486,0.5120003149172357,0.481655471986486,0.46518920068027214,0.5309027777777777,0.5365282454171344
0.4122,0.5061744913253271,0.012052896027720557,0.5139370559174917,0.48416120339460245,0.46614051870748296,0.5309895833333333,0.5356440952737249
0.4124,0.5067975085394186,0.011458095961487662,0.5152321530497768,0.48768250010055103,0.4671786422902494,0.5296006944444444,0.5342935528120714
0.4126,0.5062481094815148,0.010990572001474939,0.5153187552896255,0.4887805172344448,0.46752054988662134,0.5264756944444444,0.5331450305524379
0.4128,0.5065266948913842,0.011081996538108197,0.5163107445824394,0.4902606282427704,0.4665851757369615,0.5254340277777777,0.5340428981169721
0.413,0.5063379922513052,0.011077346677682696,0.5179778376995297,0.49256324659132045,0.46479591836734685,0.5225694444444444,0.5337835141538845
0.4132,0.5068093074781717,0.01075786876125156,0.5185348475603756,0.49647669227365965,0.46470202664399096,0.5223090277777778,0.5320239431350543
0.4134,0.5067983483435586,0.010223763703981299,0.518190406833704,0.49990950408237145,0.46546910430838995,0.5202256944444443,0.5301970320488839
0.4136,0.5071900919438589,0.009826119555312478,0.517647174601925,0.5049310220005631,0.46590844671201814,0.5188368055555556,0.528627010849233
0.4138,0.5070591200923777,0.009526497321883222,0.5167339146180645,0.5075352934078752,0.4663389314058957,0.517361111111111,0.5273263499189424
0.414,0.5078043642924952,0.00939043070168872,0.516920896726829,0.5122109158186864,0.46683850623582773,0.5166666666666667,0.5263848360144656
0.4142,0.5073661102830374,0.009140062406107513,0.5161926506190092,0.5147267023287616,0.46709715136054425,0.5146701388888888,0.5241439082179824
0.4144,0.5072068317580511,0.009292724041187889,0.5163009034188202,0.5173390178176407,0.4662521258503401,0.5125868055555556,0.5235553061478988
0.4146,0.5067691912099244,0.009123248312633473,0.5147420631015411,0.5212363753368459,0.4669359410430839,0.509548611111111,0.5213829654570395
0.4148,0.5064583809023995,0.009211246105843573,0.5131851910169859,0.52439568837228,0.4670280612244898,0.5071180555555556,0.5205649083426861
0.415,0.5067049138957694,0.00915232446142626,0.5130159230027359,0.5263483891726662,0.4682061366213152,0.5056423611111112,0.5203117595710187
0.4152,0.5065875255001242,0.009232701618571686,0.5121006947861516,0.5297047822064915,0.4692974064625851,0.5026041666666667,0.5192305773787256
0.4154,0.5061822808849664,0.009701280715936173,0.5110968960969944,0.5328701283031009,0.4685179280045351,0.4997395833333333,0.5186868686868686
0.4156,0.5061031762574697,0.009666398118196688,0.5109414057118113,0.5346297711458794,0.4704613095238095,0.4966145833333333,0.5178688115725152
0.4158,0.5055747872324068,0.009781602723045225,0.5100301139606747,0.5370550617383261,0.47130102040816324,0.49461805555555555,0.5148696844993141
0.416,0.5056358386328761,0.010253251272432814,0.5105772826579015,0.5402103527329767,0.47203621031746035,0.49123263888888885,0.514122708567153
0.4162,0.5056202161982052,0.01053176197233978,0.5094731040998288,0.5425411253670113,0.47296095521541953,0.4894097222222221,0.5137161740865445
0.4164,0.5052994232976351,0.010810853147016675,0.5098470683173579,0.5430921449543499,0.4725198412698412,0.4872395833333333,0.5137984786132934
0.4166,0.504628313669233,0.011129203730351159,0.5102348101639539,0.5436512086232554,0.4722523384353742,0.48402777777777783,0.5129754333458038
0.4168,0.5044157877204641,0.010983710680751857,0.5083039738618694,0.5442947351486145,0.47548717403628127,0.4817708333333333,0.5122222222222221
0.417,0.5041935206695699,0.011273761812066125,0.5094022477217706,0.5447653139202832,0.47658375850340146,0.478125,0.5120912832023943
0.4172,0.5038401107920402,0.011407922893849986,0.507935914342512,0.5453927522825082,0.47828443877551025,0.4756944444444445,0.5118930041152263
0.4174,0.5035142963382906,0.011510535691439805,0.506205837778259,0.5453002453444877,0.4792109552154195,0.47387152777777786,0.5129829155755082
0.4176,0.5027851162813812,0.011574017948832978,0.5034503119648868,0.5456783171781361,0.4798770549886622,0.47282986111111114,0.5120900361641103
0.4178,0.5022139385999489,0.011591585270457028,0.503361741492314,0.544910107388489,0.4803854875283447,0.47100694444444435,0.5114054121461529
0.418,0.5025155314485599,0.011646188439337343,0.502818509260535,0.5456481518722599,0.4807096797052154,0.47144097222222225,0.5119603441825664
0.4182,0.5022565510272209,0.011903185138450706,0.5022536264687936,0.5463882073764228,0.4807008219954648,0.47005208333333337,0.51188801596209
0.4184,0.5013026114703727,0.011843330705995843,0.5013344617867617,0.5446124763705104,0.48000992063492054,0.4686631944444445,0.5118930041152263
0.4186,0.5012152046262495,0.011971994689954742,0.4996850827641861,0.5452519808550859,0.4795741213151928,0.4689236111111111,0.5126412270856715
0.4188,0.5012055395374817,0.012083970199813759,0.4987619816167063,0.5465309898242369,0.4782047193877551,0.47048611111111105,0.5120438957475995
0.419,0.5015132634578323,0.012014009262276287,0.49903950243076733,0.5465289788038452,0.4783606150793651,0.47118055555555555,0.5124566654196283
0.4192,0.5014822377331873,0.011891707412683205,0.49959060759344187,0.5454088404456421,0.4781816893424036,0.47109375,0.5131363012844494
0.4194,0.5023525469417705,0.012284220549593963,0.49914775523057847,0.5478059767526042,0.4780877976190476,0.4716145833333333,0.5151066217732885
0.4196,0.5029404602495634,0.012252861792965773,0.4981301789123546,0.5490910187829303,0.47885841836734694,0.4734375,0.5151851851851853
0.4198,0.5032623348076133,0.01243167293956762,0.49793532387269474,0.5499034710211962,0.4782614087301587,0.47387152777777775,0.516339942636239
0.42,0.5034093769564468,0.012720072488830225,0.4952821461609621,0.5511020391746773,0.47843324829931966,0.47404513888888883,0.5181843122583863
0.4202,0.5040179985304689,0.01273530955738739,0.4962052473084418,0.550977355910389,0.4781710600907029,0.47465277777777776,0.5200835515650329
0.4204,0.5044289325530927,0.01260606122546653,0.4966677819985435,0.5504967220367614,0.4772197420634921,0.4766493055555555,0.5211111111111111
0.4206,0.5048267764006444,0.012450825164913505,0.4961127403704214,0.550945179584121,0.47763251133786844,0.47873263888888895,0.520710811821923
0.4208,0.5053188613769896,0.012642253605644912,0.49604188399236326,0.5520431967180147,0.4780576814058957,0.4786458333333333,0.521805711435341
0.421,0.5056349437084735,0.011991861898055624,0.4976066290078139,0.5495193661263725,0.47907631802721085,0.4802951388888889,0.5216772664920813
0.4212,0.5060401094928092,0.011868398883195921,0.4982738599011947,0.5488718175602301,0.47975659013605443,0.48046875,0.5228295298665669
0.4214,0.5067778798531004,0.011905154598379514,0.49911035880882554,0.5496782367373205,0.479765447845805,0.48168402777777775,0.5236513280957726
0.4216,0.507916803026642,0.0118333332677458,0.5000216505599622,0.5507822869323895,0.4806069302721088,0.48376736111111107,0.5244057862576381
0.4218,0.5092468356430349,0.011754329280768647,0.499649654575157,0.5523488718175602,0.4829117063492063,0.48585069444444445,0.5254732510288066
0.422,0.5096107959572717,0.011463340912308762,0.4988229968311453,0.5513172183565942,0.4847859977324263,0.48663194444444435,0.5264958224217484
0.4222,0.5102021093523998,0.011423523153124544,0.5002027279705553,0.5521477697783856,0.4846230158730158,0.4879340277777778,0.5261030053622646
0.4224,0.5103374096096193,0.01142094631487919,0.5002145373668982,0.5514016812130474,0.48446003401360543,0.4879340277777778,0.5276767676767677
0.4226,0.5100737996866551,0.011411127563450701,0.5003897100793198,0.5505429755057716,0.4845556972789115,0.48671875,0.528161865569273
0.4228,0.5105410118242938,0.011668094471068254,0.5014053181648197,0.5511824799903472,0.48396223072562367,0.48628472222222224,0.5298703080184562
0.423,0.5113941876049081,0.01168663449371177,0.5022339441415553,0.5526545469171057,0.48508007369614514,0.48706597222222214,0.5299364010475122
0.4232,0.5121443692370391,0.011711981754362338,0.501875725785817,0.5537666411937416,0.48602430555555554,0.4883680555555555,0.5306871180945255
0.4234,0.5132024051602816,0.01183457399196185,0.5030881571437007,0.5546977436351205,0.48722009637188207,0.48828125,0.5327247786507046
0.4236,0.5141247922912472,0.011612194113768607,0.5050268663766804,0.5547902505731408,0.4883343962585035,0.48940972222222223,0.5330627260256889
0.4238,0.5148043346449401,0.011839004238579644,0.5047552502607908,0.5558822346458593,0.4891935941043083,0.48923611111111115,0.5349544831026313
0.424,0.5153479092698485,0.011829247898464042,0.5054933375322298,0.5566162570888469,0.4902228599773242,0.4893229166666667,0.535084175084175
0.4242,0.5165218115030388,0.01194157664192773,0.5079929930915031,0.558393999115151,0.4917676445578231,0.4888888888888888,0.5355655318618282
0.4244,0.5170928070733174,0.011932198378150806,0.5085480347196253,0.5587600048264489,0.49245323129251706,0.4893229166666667,0.5363798478613293
0.4246,0.5179137362314876,0.011983882008706103,0.5095872615978113,0.5603306117524032,0.494077735260771,0.4893229166666666,0.5362501558797856
0.4248,0.5190083237410773,0.012159152686369952,0.5109847068317357,0.561714193781925,0.4961362670068027,0.4884548611111111,0.5377515899738121
0.425,0.5198860029498601,0.01230655396484106,0.512287676894916,0.5627257370389736,0.4978511196145125,0.48758680555555556,0.5389786756453423
0.4252,0.5209438813551945,0.012528573466036523,0.5130297006318028,0.5641274182520211,0.5017857142857143,0.48550347222222223,0.5402731013842126
0.4254,0.5217030910705169,0.012918132380719642,0.5146928572834452,0.5652435345694405,0.50374858276644,0.48298611111111117,0.5418443696221475
0.4256,0.522514509095802,0.013048929746761966,0.5181077410593029,0.5649800908981217,0.5047813917233561,0.4814236111111111,0.5432797106871181
0.4258,0.5233617454773276,0.013077867561717183,0.5205030802842129,0.565072597836142,0.507095025510204,0.4803819444444444,0.5437560793116349
0.426,0.5238863779286875,0.013437990811341862,0.5211585017812506,0.5664742790491895,0.5077008928571429,0.47925347222222225,0.5448447437336326
0.4262,0.5258396848073768,0.013776436883484509,0.5254079162320152,0.5689940876000483,0.5091588718820861,0.47916666666666663,0.5464708816560668
0.4264,0.5276640170414719,0.014074877583048496,0.529391619265062,0.5707778626875276,0.5123263888888889,0.478125,0.547699214365881
0.4266,0.5281630372949925,0.014254137207888288,0.5306768752337276,0.5711499014600008,0.5127480158730158,0.4775173611111111,0.5487230327971069
0.4268,0.5289620758032176,0.014250378438198373,0.5320644793040329,0.5715340063548244,0.5144681831065759,0.4776041666666666,0.5491395435839881
0.427,0.5289317033849535,0.014541272681393907,0.5332788788946405,0.570433978200539,0.516172406462585,0.4747395833333334,0.5500336700336701
0.4272,0.5295804666288062,0.01492603458934236,0.5347688310665852,0.5715541165587419,0.5177171910430839,0.4730902777777778,0.5507719166978426
0.4274,0.5302196695793354,0.015574510629923174,0.5364319877182279,0.573245384708201,0.5190812783446712,0.47039930555555554,0.5519403915700213
0.4276,0.5305592423391858,0.01591700924692187,0.5388411045722046,0.5722278083899772,0.51968891723356,0.4683159722222222,0.5537224092779649
0.4278,0.5314464639597164,0.016277168963049586,0.541702914952664,0.5738024373567148,0.51968891723356,0.4677083333333333,0.5543297169223095
0.428,0.5316612854922285,0.016499321761480293,0.5443797114570826,0.5733378916462213,0.5192619756235828,0.4666666666666666,0.5546601820675894
0.4282,0.5320804635673271,0.016550898975518393,0.5462337866829373,0.5725234283875639,0.5201973497732427,0.46623263888888883,0.5552151141040029
0.4284,0.5319017900562051,0.016827549530364385,0.5479992914362194,0.5716989100269476,0.5199581916099774,0.4644965277777778,0.5553560294301034
0.4286,0.5329898761698459,0.016952857152638258,0.5509536087546991,0.572451031653461,0.5216677295918368,0.4645833333333333,0.5552936775158998
0.4288,0.5334519329909169,0.017020448969821567,0.5527073041116382,0.5724530426738528,0.5231257086167801,0.46423611111111107,0.5547374984412021
0.429,0.533549070530728,0.017121457763271973,0.5531540929399491,0.5722720508385954,0.5239689625850341,0.4635416666666667,0.5548085796233945
0.4292,0.5342889219988156,0.01731888788659622,0.5532328222489027,0.5742207295981981,0.5249025651927438,0.4635416666666667,0.555546826287567
0.4294,0.534365206813191,0.017616429779128806,0.5560001574586179,0.5737662389896634,0.5255881519274376,0.4618923611111111,0.5545791245791246
0.4296,0.5341486031656116,0.01780421236401372,0.5583010215127836,0.5739633189880545,0.5243232709750567,0.4612847222222222,0.5528706821299414
0.4298,0.5337982294752872,0.018040312346559898,0.5591257110240715,0.5735812251136226,0.5232904620181407,0.4600694444444445,0.5529243047761566
0.43,0.5341530511544834,0.018091095633527246,0.5603243647528884,0.5740477818445078,0.5245748299319727,0.4599826388888889,0.5518356403541589
0.4302,0.5334681046996079,0.01815521765008665,0.5608675969846675,0.5731307565458714,0.523968962585034,0.45902777777777776,0.550345429604689
0.4304,0.5340329196386192,0.018365665205572253,0.5615072726199146,0.5742468728632909,0.5255102040816326,0.45842013888888894,0.550480109739369
0.4306,0.5343847189893955,0.018611407740431293,0.5633534749148739,0.5752604271407311,0.525591695011338,0.4579861111111111,0.5497318867689238
0.4308,0.5342781651432957,0.0185042482241133,0.5636211545653158,0.5744178095965894,0.5259353741496599,0.45815972222222223,0.5492567651826912
0.431,0.5338811963755271,0.018200949059107237,0.5643553053713071,0.5731207014439127,0.5254251700680272,0.45928819444444435,0.5472166105499439
0.4312,0.5339396915882964,0.018368070898592954,0.5653630405259118,0.574230784700157,0.52500177154195,0.4591145833333334,0.5459882778401297
0.4314,0.5341012441114426,0.018392637508133948,0.5661975712008187,0.5745083055142179,0.5257741638321994,0.45920138888888895,0.5448247911210874
0.4316,0.5333761503585988,0.01840393378105252,0.5674001613950833,0.5730261834855005,0.5258574263038549,0.4585069444444444,0.5420900361641102
0.4318,0.5331179794968316,0.01868258775815677,0.5693270612317199,0.5732333185858505,0.5239866780045352,0.4578993055555555,0.541143534106497
0.432,0.5332711549676207,0.018782789419912186,0.5705355561241561,0.5737903712343643,0.524326814058957,0.4579861111111111,0.539716922309515
0.4322,0.5328042528742658,0.018495702665036615,0.5705217784950893,0.5734203434822829,0.5227058531746032,0.45963541666666663,0.5377378725526875
0.4324,0.5322829427253067,0.018685470148905564,0.571068947192316,0.5729537867513976,0.5224560657596372,0.45842013888888894,0.5365157750342935
0.4326,0.5316021301250041,0.018641313653912153,0.5720884917432637,0.5712846398262479,0.5217687074829932,0.45833333333333337,0.5345354782391819
0.4328,0.5312810853507715,0.01876613006908594,0.5725352805715748,0.5718416924747617,0.5209095096371882,0.45815972222222223,0.5329592218481107
0.433,0.5306449528064944,0.019014766983056094,0.5747416694549965,0.5712021879901863,0.5186029620181406,0.4578125,0.5308654445691483
0.4332,0.5300827863257285,0.0189552443164885,0.5752888381522231,0.5708402043196718,0.5178305697278912,0.45850694444444445,0.527947374984412
0.4334,0.5295780192523012,0.018980247391389624,0.5749168421674179,0.5717813618630092,0.5168225623582766,0.45894097222222224,0.5254283576505799
0.4336,0.5290684116162387,0.018809442702158792,0.5750211585017813,0.5710413063588465,0.5163938492063492,0.4599826388888889,0.5229031051253272
0.4338,0.5289866885205813,0.018813907578571838,0.5751038242761825,0.5703897357519205,0.5174939767573696,0.45946180555555555,0.5224841002618781
0.434,0.5288601932841571,0.019070876838311285,0.5776900820753046,0.5695491292281704,0.5163070436507937,0.45928819444444446,0.5214665170220726
0.4342,0.5283936844083975,0.018728793700298205,0.5773239907886708,0.567590395366609,0.5168314200680272,0.46032986111111107,0.5198927547075696
0.4344,0.5282283522203896,0.01876046494967521,0.5766843151534238,0.5677050235289386,0.5190511621315193,0.45963541666666663,0.5180658436213992
0.4346,0.5281114630098898,0.018712151700048526,0.5780758556891767,0.566510477416241,0.5205002834467121,0.4606770833333333,0.5147936151639856
0.4348,0.5279779254782577,0.01865383171519545,0.5788119747278919,0.5651168402847605,0.5208457341269842,0.4609375,0.5141775782516522
0.435,0.5271442747987857,0.01848637952789894,0.5779971263802233,0.5636548284599605,0.520766014739229,0.46111111111111114,0.5121922933034044
0.4352,0.5265781667574524,0.018396312558540434,0.5779971263802233,0.562269235410047,0.5197243480725623,0.4611979166666666,0.5117022072577628
0.4354,0.526117806845394,0.018101748720951726,0.5769933276910663,0.5612516590918231,0.5201548327664398,0.46232638888888894,0.5098628257887516
0.4356,0.5254345251188076,0.017867364922039865,0.5758222292203831,0.5597715480834976,0.5194657029478458,0.46232638888888883,0.5097867564534231
0.4358,0.525383261537041,0.01798743502751251,0.5750900466471155,0.5617322929654506,0.5195401077097506,0.4624131944444444,0.5081406659184438
0.436,0.5250173449849659,0.017907643909826163,0.5757474363768772,0.5601616860394965,0.5199599631519275,0.46319444444444446,0.5060231949120838
0.4362,0.5238261904141852,0.01779175046351035,0.5743637687720197,0.5583980211559346,0.518672052154195,0.46215277777777775,0.5055443322109988
0.4364,0.5237094547852522,0.017179424334565947,0.5728108331529119,0.5566645215782489,0.519609197845805,0.4644097222222222,0.5050529991270732
0.4366,0.523272667354791,0.016994324307510866,0.571795225067412,0.5559284881148695,0.5204577664399093,0.4651041666666667,0.5030776904850979
0.4368,0.5222983242966202,0.016911293131878315,0.5713326903773102,0.5538692032337208,0.5200325963718821,0.4647569444444445,0.5015001870557427
0.437,0.5213264490309932,0.0166456480795923,0.5704233668588974,0.5504263363230504,0.5204577664399094,0.4642361111111112,0.5010886644219977
0.4372,0.5204243303812579,0.016524122017518024,0.5686932902946444,0.5499577685717734,0.5196747448979592,0.4638020833333333,0.4999937648085796
0.4374,0.5190894436920167,0.016410583942573633,0.5673135591552345,0.548761211438684,0.5173823696145124,0.46336805555555555,0.4986220226960968
0.4376,0.5185585139677313,0.015887574788235274,0.5649359340248391,0.5478522302216144,0.5173805980725622,0.4651041666666666,0.4975196408529742
0.4378,0.5183179695905299,0.01561888179461948,0.5658570669395948,0.5443289224952741,0.5184187216553288,0.46649305555555554,0.49649208130689615
0.438,0.5176529764004625,0.015386701584523241,0.5642883854586966,0.5436994731126573,0.5176587301587301,0.46675347222222224,0.4958648210500062
0.4382,0.5165561780116745,0.015025102075064741,0.5644852087310804,0.5388750351928568,0.5161972080498867,0.46736111111111106,0.4958623269734381
0.4384,0.5145460447873166,0.01486087760375545,0.5622729151494873,0.5368398825564091,0.5132139314058957,0.46631944444444445,0.4940840503803467
0.4386,0.5135263976980484,0.014642862919338095,0.5607022654358651,0.5355407633833407,0.5117701247165533,0.4661458333333333,0.4934730016211497
0.4388,0.5126718966911421,0.014517444688760503,0.5598677347609582,0.5340666854361903,0.5104963860544217,0.46579861111111115,0.493130066093029
0.439,0.5123915913477176,0.014154435436116304,0.5602357942803156,0.5305333226078913,0.5102395124716553,0.46727430555555555,0.49367502182317
0.4392,0.5113414034632491,0.013664748689429098,0.5579250890625308,0.5281361863009291,0.5091252125850341,0.4677083333333334,0.4938121960344183
0.4394,0.5101964667629165,0.01337098929249425,0.5572913181254552,0.5253509230583598,0.5065777352607709,0.4688368055555555,0.49292555181444075
0.4396,0.5091881580414828,0.01325198803786794,0.5577577892810046,0.5218215822708442,0.5045316043083901,0.46970486111111115,0.4921249532360644
0.4398,0.5081451924570912,0.013145539101032024,0.5579526443206644,0.518115271688855,0.5024872448979592,0.4700520833333333,0.49211871804464397
0.44,0.5068760417012562,0.01249467192577416,0.5556439073356033,0.5134818807062704,0.5002763605442178,0.4713541666666667,0.4936238932535229
0.4402,0.5061093278751652,0.01221792186468603,0.5540870352510481,0.5118147448015122,0.5002037273242631,0.4717013888888889,0.4927397431101134
0.4404,0.505599265081872,0.011696090289791638,0.5516857913279666,0.5104170856292483,0.5004730017006802,0.4727430555555555,0.49267739119590975
0.4406,0.5047120261333604,0.011435066016449986,0.5510362745291004,0.507814825242328,0.49756944444444445,0.47439236111111105,0.49274722533981796
0.4408,0.5036343063472457,0.011251914525700329,0.5502765366976992,0.5043820134336162,0.4967917375283447,0.47560763888888885,0.4911136051876793
0.441,0.5033469452341326,0.010941403443465727,0.5493554037829432,0.5029059244660741,0.4961167800453515,0.47751736111111115,0.4908392567651827
0.4412,0.5027686487226787,0.010866642967646514,0.5489873442635858,0.5005208542814624,0.4964746315192744,0.4783854166666667,0.4894749968824043
0.4414,0.5024008647715141,0.010382160339190412,0.5474265357135828,0.4975666653259864,0.49578904478458047,0.4813368055555555,0.4898852724778651
0.4416,0.5023540385111328,0.010381756802384574,0.5478871021709606,0.49459035514620125,0.4961362670068027,0.48307291666666663,0.490083551565033
0.4418,0.5016364649321987,0.010309321190128905,0.5470466667978822,0.49153561517113786,0.49527884070294786,0.48307291666666663,0.49124828532235937
0.442,0.5011295758275577,0.009783397966469886,0.54409628594485,0.4887503519285685,0.49663229875283454,0.4840277777777778,0.4921411647337573
0.4422,0.5004479674496337,0.009486953565659829,0.5418761194323617,0.48588263684993765,0.4972169075963718,0.4846354166666666,0.4926287567028308
0.4424,0.5005131944018906,0.009197499612296692,0.5402090263152715,0.4840284760487471,0.4989282171201815,0.48576388888888894,0.49363636363636365
0.4426,0.49924042108468153,0.008697635766475783,0.5364398606491232,0.4809656919921168,0.4977395124716553,0.48741319444444436,0.493643845866068
0.4428,0.49878356450841405,0.008327633210150924,0.5336784301375795,0.4791155532317098,0.4991053713151928,0.48897569444444444,0.49304277341314384
0.443,0.4980466907452432,0.00836461697886276,0.5323006672308934,0.47671037284318063,0.4998866213151928,0.48862847222222217,0.4927073201147275
0.4432,0.497693294539269,0.008440192342577781,0.5316590233629224,0.47494670795961874,0.5003206490929706,0.48888888888888893,0.4926512033919441
0.4434,0.49736905477867915,0.008224482376950736,0.5295412049520735,0.4734746410328601,0.5008166808390022,0.49001736111111105,0.4929953859583489
0.4436,0.49714364734601746,0.008180531946673694,0.5275099887810735,0.4708804247275068,0.501592616213152,0.4913194444444445,0.49441576256391073
0.4438,0.4973031663082342,0.008239285246910387,0.5266006652626606,0.46967783453324213,0.5037273242630385,0.4923611111111111,0.4941488963711186
0.444,0.4963834900263385,0.008070207631440477,0.5229102289054659,0.46736113904194987,0.5045014880952381,0.4930555555555555,0.49408903853348296
0.4442,0.49563678934162514,0.008120240661343224,0.5207097447202157,0.4656155733419137,0.5058638038548754,0.4930555555555555,0.4929392692355655
0.4444,0.49582725966147184,0.008214012356859417,0.5202649241246284,0.46486948477657564,0.5068062641723357,0.49418402777777776,0.49301159745604195
0.4446,0.49558341750044477,0.008623060515450668,0.5193477276753203,0.46254675622410807,0.5094476332199547,0.4932291666666666,0.49334580371617404
0.4448,0.49560551371985795,0.008098660967181854,0.5156592595508493,0.46385995253991874,0.5105583900226757,0.4933159722222221,0.4946339942636239
0.445,0.4943586109809844,0.008223772731454696,0.5124372625819277,0.4619072517395327,0.5117400085034014,0.49140625,0.49430228208005983
0.4452,0.49402099800715427,0.008191153763188831,0.5104276969708899,0.4619132848007079,0.513187358276644,0.4908854166666667,0.4936912333208629
0.4454,0.4931973735321574,0.008325505188383042,0.5070305272895468,0.460998270522463,0.5152370323129253,0.4888888888888888,0.49383214864696345
0.4456,0.49341519864215877,0.008883014707137047,0.5042671285452791,0.45885854482564453,0.5188208616780046,0.48993055555555565,0.49519890260631005
0.4458,0.4929208991140589,0.008940280139050018,0.5004054559411105,0.4592265615573342,0.520952026643991,0.4888888888888888,0.49513156253896995
0.446,0.4922938480120962,0.00925971728983955,0.4979904343889622,0.458393999115151,0.5229946145124718,0.4881944444444445,0.4938957475994513
0.4462,0.4918288098055147,0.009328174447756337,0.4956069045603952,0.4594236415557254,0.5247059240362811,0.4864583333333334,0.49294924554183817
0.4464,0.49121730665048,0.009632871345501424,0.4918298659633515,0.45952017053452926,0.5269185799319727,0.48506944444444444,0.492748472378102
0.4466,0.4912448813895832,0.009839676461506845,0.4902533115515578,0.46072879378996906,0.5289647108843537,0.4833333333333333,0.49294425738870185
0.4468,0.49048521534838674,0.01044688153158612,0.48656681165981064,0.45933917869927204,0.5313527494331065,0.4822916666666666,0.49287567028307766
0.447,0.4899424441638856,0.010912926003721606,0.48418328183124376,0.4589611068656236,0.533405966553288,0.4805555555555555,0.4926063100137174
0.4472,0.48925228669149357,0.011530445558720043,0.4811423622729151,0.45785705667055454,0.5356292517006802,0.47881944444444435,0.4928133183688739
0.4474,0.4888641363677203,0.012034607129290721,0.47846359753577267,0.4583256244218317,0.538095238095238,0.4769097222222222,0.49252649956353667
0.4476,0.4884423231252678,0.01249864780117133,0.4758793079693743,0.45833366850339863,0.5398012329931972,0.475,0.4931974061603691
0.4478,0.4876944909184366,0.013239851507924437,0.47423189717952247,0.4572034750432369,0.5423540249433106,0.4717013888888889,0.49298166853722414
0.448,0.48730521877162236,0.01405761453553276,0.47202747652882476,0.45655190443631105,0.5456809807256235,0.46935763888888893,0.4929080932784637
0.4482,0.48691401511466015,0.014247839816512804,0.47083275926545554,0.45646341953907416,0.5459413973922903,0.4678819444444445,0.4934505549320364
0.4484,0.48628310718082474,0.014819550140318785,0.46835475426614437,0.45653983831396056,0.5478245464852608,0.4651909722222222,0.4935054246165357
0.4486,0.48640041816812224,0.015227503241422503,0.4671561005373275,0.45728592687929864,0.5495323129251701,0.46345486111111106,0.49457288938770416
0.4488,0.48635663190265027,0.015617048517720094,0.46542602397307464,0.45803804850581187,0.5509796626984127,0.4618923611111111,0.495447063224841
0.449,0.485087239419092,0.016514804212302538,0.4639616588265397,0.4546997546555122,0.55328266723356,0.45859375,0.49489836637984785
0.4492,0.48486388916714224,0.016879677482553996,0.46295589190465886,0.45619394280658004,0.5547371031746031,0.45581597222222225,0.49461653572764686
0.4494,0.4846621098823126,0.017344482456321617,0.4616765406341646,0.4567489844347022,0.5565263605442177,0.4538194444444444,0.4945392193540341
0.4496,0.48403038626619754,0.018062684743745765,0.4602161119530773,0.45395567711056584,0.5588222789115647,0.45269097222222215,0.4944668911335578
0.4498,0.48315377983721913,0.018521348783759235,0.4597516090302517,0.45154446366086154,0.5600127551020407,0.45121527777777776,0.49324479361516393
0.45,0.4824443186921659,0.018995959209460626,0.45837581435628955,0.4508928930539356,0.5612014597505668,0.4487847222222222,0.4929667040778152
0.4502,0.48193928084270093,0.019354667928439682,0.4592064085657489,0.45190845835176763,0.5626470379818593,0.44513888888888886,0.4907956104252401
0.4504,0.4818133665605705,0.019773713693630224,0.4587556832719901,0.4506012950971323,0.5642520549886622,0.44453125,0.490926549445068
0.4506,0.4812941333247278,0.020371935403325384,0.45913555218769064,0.4493946828620842,0.5660448554421769,0.4413194444444445,0.4905761316872428
0.4508,0.48080592020315926,0.020603232592765745,0.45977129135749006,0.44920564694526,0.5662166950113379,0.4385416666666667,0.4902943010350418
0.451,0.48104351319193633,0.02079821349051702,0.46125140236581574,0.4492076579656518,0.5674886621315193,0.43784722222222217,0.48942262127447317
0.4512,0.48098191074104796,0.021050109579804077,0.46144232094002796,0.44938663878051727,0.5682592828798185,0.4361979166666667,0.48962339443820924
0.4514,0.4803232197383499,0.021391303623895845,0.4611746412895861,0.44900253388569356,0.569295634920635,0.43428819444444444,0.4878550941513904
0.4516,0.48067161919192064,0.02199563973950606,0.46320782569331004,0.44759481961147085,0.5716836734693878,0.43220486111111106,0.4886669160743235
0.4518,0.48060926924151426,0.02226643884912462,0.46349715590371404,0.44647870329405137,0.5729751275510204,0.43211805555555555,0.4879773039032299
0.452,0.4800276470465324,0.022252935029193628,0.46413879977168504,0.44581707758516675,0.5726367630385487,0.43159722222222213,0.4859483726150393
0.4522,0.48064826079522616,0.022187400285436393,0.4682012321136851,0.4470156457386478,0.5727129393424036,0.43038194444444444,0.48492954233694974
0.4524,0.480563162321901,0.022366605544697972,0.4706103489676619,0.4463580420705465,0.5726349914965987,0.42821180555555555,0.4850006235191421
0.4526,0.480024478061427,0.022598560883340342,0.47262581927687125,0.443480271889957,0.5722895408163265,0.4267361111111111,0.48499064721286944
0.4528,0.4797309866386882,0.022663384382778727,0.4740055504162813,0.44235812251136225,0.5721974206349205,0.4263888888888888,0.4837049507419878
0.453,0.47943787816745986,0.0228022067484841,0.47640482610663887,0.4407553392591401,0.5717687074829932,0.42508680555555556,0.4831737124329717
0.4532,0.4799528003296474,0.022827479910330486,0.4779774440529848,0.44091219884969635,0.5719511763038548,0.425,0.4839231824417009
0.4534,0.4800228729861499,0.022712746850167526,0.4804692266813628,0.440351124160399,0.5711008361678005,0.42508680555555556,0.48310637236563164
0.4536,0.4798979260832853,0.022929118887806934,0.4826854567284036,0.4387583960101355,0.5711982709750567,0.42421875,0.48262875670283084
0.4538,0.480404440866314,0.022843603822025233,0.48562796465054026,0.43957889232996816,0.5708652210884353,0.42413194444444446,0.4818181818181818
0.454,0.48127971827457355,0.022633953499605102,0.48765918082154025,0.4414129429272412,0.5702682114512471,0.42421875,0.48283950617283944
0.4542,0.4815071613003131,0.02260556231648114,0.49022575629342413,0.44055825926074893,0.5701016865079366,0.42517361111111107,0.4814764933283452
0.4544,0.4819519175033567,0.022713181543784943,0.49169012143995905,0.4398202147769778,0.5712071286848073,0.4266493055555555,0.48039281705948367
0.4546,0.4831991103674206,0.0226947703912581,0.4944397425551597,0.44063065599485185,0.5717155612244899,0.42751736111111116,0.4816922309514903
0.4548,0.4832781818966084,0.022369480104711986,0.49544944594248824,0.4421831637372803,0.5702699829931973,0.4276041666666666,0.48088415014340946
0.455,0.4839124744237863,0.02228741136505984,0.49903162949987206,0.4415295821099626,0.5699227607709749,0.42934027777777767,0.47973812196034415
0.4552,0.48401411979624254,0.02215499045379515,0.5001239986616017,0.4418895547600853,0.5693257511337868,0.42986111111111114,0.4788701833146277
0.4554,0.4851061146725769,0.02225842823244989,0.5039915759639421,0.4431806298515867,0.5700131094104308,0.4302083333333333,0.47813692480359143
0.4556,0.4860112549203158,0.022017854088690923,0.5064754856614246,0.4433676547480192,0.5695879393424036,0.4328125,0.4778126948497318
0.4558,0.48756218435050724,0.021805836201959482,0.5092349479402445,0.44492217351083935,0.5701849489795918,0.43585069444444446,0.47761815687741616
0.456,0.4885055575958055,0.02181808428117624,0.510982738599012,0.4474158387966054,0.5708616780045351,0.43550347222222224,0.477764060356653
0.4562,0.4893585448672574,0.021638366831598234,0.5132855708859015,0.45009250693802033,0.5706136621315193,0.43619791666666663,0.4766030677141789
0.4564,0.4902098040588803,0.021961254388114325,0.5161355718700179,0.4517515987612114,0.5722399376417233,0.4359375,0.47498441202144903
0.4566,0.4914851821508518,0.022146328360787646,0.5184246265278406,0.45332622772794917,0.5742842970521542,0.4375,0.473890759446315
0.4568,0.4918396639262525,0.022102610798891382,0.5206388883421577,0.45601093995093106,0.5737705498866214,0.4373263888888889,0.4714515525626637
0.457,0.49281585780310244,0.022117900334316255,0.5223709331391344,0.4581365885050074,0.5746350623582767,0.4383680555555555,0.47056864945753835
0.4572,0.49428314756056857,0.022404014295857193,0.5247465900368059,0.46082532276877286,0.5771169926303854,0.4393229166666666,0.469403915700212
0.4574,0.49591006351273037,0.022682520356208883,0.5273131655086898,0.4629509713228492,0.5799337443310657,0.4418402777777777,0.46751215862326967
0.4576,0.49722975176924206,0.022461608025645664,0.5296907906390851,0.4659172264006758,0.57984516723356,0.4442708333333333,0.4664247412395561
0.4578,0.49857620874907244,0.022365325723078693,0.5328025665754719,0.4680408639343603,0.579935515873016,0.44696180555555554,0.4651402918069585
0.458,0.49978804165909424,0.02263575031474551,0.5350817800696754,0.46951293086111895,0.5819036989795918,0.44887152777777767,0.4635702706073076
0.4582,0.5007350353843465,0.022797022386924094,0.5374554687346231,0.46950086473876845,0.5829471371882087,0.45121527777777776,0.4625564284823544
0.4584,0.5020320866856542,0.022539919161173053,0.5392780522368965,0.4724691308369867,0.5826938066893423,0.45390625,0.4618131936650455
0.4586,0.5033337247073744,0.022542283307169758,0.5399826795520302,0.4757269838716164,0.5842368197278912,0.4563368055555556,0.4603853348297792
0.4588,0.5042945202009148,0.02252237707205938,0.5404314366130651,0.4769235410047058,0.5854379251700681,0.45972222222222225,0.458957475994513
0.459,0.5057735223790404,0.022459052352490776,0.543261755269943,0.4792462695571733,0.585607993197279,0.46206597222222223,0.4586856216485845
0.4592,0.506744809766588,0.022571232428218336,0.5435254984549374,0.4803563528134175,0.5874929138321996,0.4638020833333333,0.45854720039905217
0.4594,0.5072969373017453,0.022661582297192475,0.5442478398645856,0.48100792342034343,0.5882529053287981,0.4654513888888888,0.4575246290061106
0.4596,0.5080401728204447,0.022543713611745564,0.5442517763300333,0.48267103728431804,0.5886763038548752,0.46796875,0.4566329966329966
0.4598,0.5094510979294328,0.022383023137786763,0.5460035034542485,0.48556288460764996,0.5885894982993196,0.4719618055555556,0.4551377977303903
0.46,0.5101132984247049,0.022539239721333232,0.5469010175763183,0.48714354663556286,0.5893494897959183,0.4738715277777777,0.4533009103379474
0.4602,0.5111255514144795,0.02275093366005301,0.5464286417225972,0.4893838233519688,0.5915692318594105,0.4769965277777778,0.45124953236064347
0.4604,0.5119399550700083,0.022899463256892752,0.5480819572106206,0.4907030527289546,0.5920741213151928,0.47881944444444446,0.4500211996508293
0.4606,0.5138444600457911,0.02316545387854006,0.5501859979924026,0.493122310260226,0.5944763321995465,0.48203125,0.44940640977678015
0.4608,0.5144640769048643,0.023019586860087916,0.5499950794181905,0.49413988657845,0.5943842120181405,0.48506944444444444,0.44873176206509535
0.461,0.5153930879930857,0.02312827662146991,0.5498080973094259,0.4962695571733097,0.5961681547619048,0.48585069444444445,0.4488689362763437
0.4612,0.5162759620606872,0.02293699020287144,0.5498021926112544,0.49711418573784333,0.5964090844671202,0.4887152777777778,0.44933906970944004
0.4614,0.5160237674475475,0.023117831831465773,0.5488771232310508,0.49666371717009206,0.5968289399092971,0.49045138888888895,0.44729766803840876
0.4616,0.5158927186248347,0.02310907141703181,0.5475741531678706,0.4968668302296585,0.5967368197278912,0.4923611111111111,0.44592467888764187
0.4618,0.5163241122700774,0.023391743547153485,0.5479225303599897,0.4962253147246914,0.5985296201814059,0.4932291666666667,0.4457139294176331
0.462,0.5165257064812285,0.0233365232090167,0.547448186273545,0.49715440614567835,0.5984357284580499,0.49435763888888884,0.44523257263998006
0.4622,0.5174310101724614,0.023611691165838267,0.5472513630011613,0.49771548083497563,0.600905257936508,0.4962673611111111,0.445015587978551
0.4624,0.5177149829604175,0.0236677432816032,0.5460507410396206,0.49810762981136636,0.6017555980725623,0.49826388888888895,0.44439705698964965
0.4626,0.5178905053145243,0.023534868570047177,0.5454012242407542,0.4984776575634477,0.6015979308390023,0.49930555555555556,0.4446701583738621
0.4628,0.518270294429977,0.02345973250004397,0.5457594425964926,0.5005349314242047,0.6011639030612244,0.49956597222222215,0.44432722284574133
0.463,0.5186430376855357,0.023633947931430945,0.545210305666542,0.5008305514217914,0.6026006235827663,0.5005208333333333,0.44405287442324487
0.4632,0.5181207394042021,0.023853211414418332,0.5442891727517862,0.4985158669508909,0.6033730158730158,0.5011284722222222,0.4432971692230952
0.4634,0.5182228655730172,0.02408904024818518,0.5429015686814809,0.4991634155170333,0.6049089427437642,0.501736111111111,0.4424042898116972
0.4636,0.5187689791251467,0.024179529251859986,0.5406676245399257,0.5000100551019588,0.6071269132653061,0.5029513888888888,0.44308891382965454
0.4638,0.5179874193481762,0.024188249535959612,0.5381679689806522,0.49926597755701235,0.6075591695011339,0.5016493055555554,0.443294675146527
0.464,0.5190073324813997,0.024332932284210372,0.5378156553230855,0.49871898001045734,0.6105548469387755,0.5022569444444445,0.4456902356902357
0.4642,0.5192542758851503,0.02444881214110382,0.5385379967327337,0.49770542573301696,0.6115061649659864,0.5020833333333333,0.44643845866068094
0.4644,0.5187637584192208,0.024504391583545206,0.5358671049264865,0.497164461247637,0.6122679280045352,0.5020833333333332,0.4464359645841127
0.4646,0.5181673328558111,0.024461753670691103,0.5341094731040998,0.4952218155492097,0.6124503968253967,0.501736111111111,0.44731886768923806
0.4648,0.5178407652860397,0.024538574891953633,0.5313362331962133,0.4936391425009049,0.6138268849206349,0.5019965277777778,0.4484050380346677
0.465,0.5175887219341888,0.024545128432957388,0.5290314326765996,0.49309616699513337,0.6146063633786848,0.5019965277777778,0.4492131188427484
0.4652,0.5181834911247697,0.02455379546891806,0.5276615427008089,0.4929252302618348,0.6164895124716553,0.502170138888889,0.4516710313006609
0.4654,0.5184366500686136,0.024665410421858408,0.5267384415533292,0.4918191690463741,0.6180201247165533,0.5024305555555555,0.4531749594712558
0.4656,0.5179538486658382,0.024584348068151872,0.5262719703977798,0.4900635482443792,0.6172689909297052,0.5027777777777779,0.4533869559795485
0.4658,0.5172066636234112,0.02457157270013941,0.5250811895998582,0.4877569078550456,0.6171910430839003,0.5013888888888889,0.45461528868936274
0.466,0.517128544010045,0.024403691500615332,0.525169760072431,0.48571371113703093,0.6171166383219955,0.5000868055555555,0.45755580496321235
0.4662,0.5178347557644692,0.024284584220594863,0.5255417560572362,0.4853356393033826,0.6177154195011337,0.5006944444444444,0.45988651951614906
0.4664,0.5173225141332549,0.024217998654995927,0.5248115417166925,0.4831094397297188,0.6175506660997734,0.4991319444444445,0.4620089786756453
0.4666,0.5171961833822523,0.02449545176973073,0.5251736965378786,0.4808973172987974,0.6189218395691609,0.49748263888888883,0.46350542461653577
0.4668,0.5174967211586557,0.02419104983913998,0.5266360934516897,0.47940111812733777,0.6177242772108844,0.49782986111111105,0.46589225589225586
0.467,0.5174120504855829,0.024111758357393775,0.5269175507311983,0.4791175642521015,0.617389455782313,0.49678819444444444,0.4668474872178576
0.4672,0.516987411849391,0.024206693094897147,0.5284980416084398,0.4763282789687488,0.6167906746031746,0.49592013888888886,0.46739992517770296
0.4674,0.5174048945134897,0.024019349607792707,0.5294349203849864,0.47484816796042306,0.6162060657596372,0.4969618055555555,0.46957351290684624
0.4676,0.5174899254206695,0.023714941365647044,0.5296278071919224,0.47400353939588946,0.6150333049886622,0.4969618055555555,0.4718231699713181
0.4678,0.5173388266028806,0.023582031603031735,0.5298206939988584,0.4729839520572739,0.6144380668934242,0.4953125,0.47413892006484604
0.468,0.517702913809878,0.023194015713744236,0.5301001830456433,0.47299601817962433,0.6132529053287982,0.4952256944444445,0.47693976805087923
0.4682,0.5181814789790699,0.02287671909797528,0.531023284193123,0.47214535655391543,0.6122342687074831,0.49487847222222214,0.4806260132186059
0.4684,0.5187773090006018,0.022616786248437767,0.532958056960655,0.4703796806499618,0.6108577806122449,0.4966145833333333,0.48307644344681383
0.4686,0.5191392529168556,0.022954059629258592,0.5347334028775563,0.4681494590355146,0.6120588860544218,0.49487847222222225,0.4858760443945629
0.4688,0.5193268351216153,0.022701341620483213,0.5348455921428149,0.46704741986083737,0.6108701814058957,0.4957465277777778,0.48812445442075064
0.469,0.5192827635438967,0.02263852041121625,0.5367882378412424,0.46424204641435063,0.6091677295918367,0.4967881944444444,0.48942760942760943
0.4692,0.5198307812813858,0.02265079482606299,0.5396283976617395,0.4621847725535937,0.6082394416099774,0.49748263888888883,0.4916186556927298
0.4694,0.5199488311601026,0.022416749032997774,0.5393548133131262,0.46170614970035795,0.607219033446712,0.49730902777777775,0.49415513156253893
0.4696,0.5203620314250338,0.02233271465386779,0.5401007735154606,0.4601395648151872,0.606453727324263,0.49809027777777776,0.49702581369248033
0.4698,0.5210952231989749,0.022069472069008462,0.541472631723975,0.4602260386920324,0.6053482851473923,0.4994791666666667,0.4989499937648086
0.47,0.5214793126351441,0.021923159431126257,0.5423898281732833,0.45948598318786954,0.6043225623582766,0.5002604166666667,0.5009377727896247
0.4702,0.5213598485278756,0.02182805772756198,0.5436868935382919,0.456877689739774,0.6020248724489796,0.5002604166666667,0.5039493702456666
0.4704,0.5221852873693285,0.02157993119045692,0.5448048497254315,0.4565860917829706,0.6007405045351474,0.5009548611111111,0.5078401296919816
0.4706,0.5227649137209248,0.021470175343655962,0.5465487039187513,0.4563085709689096,0.5997165532879819,0.5015625,0.5096882404289811
0.4708,0.5229207933399357,0.021182896224886495,0.5493022614993998,0.4558359811768492,0.5965472647392291,0.5010416666666667,0.5118767926175334
0.471,0.5232109373106754,0.02117205240257576,0.5502253626468794,0.45518642159031486,0.5957731009070295,0.5008680555555556,0.5140017458535977
0.4712,0.5237143790918783,0.020455624046318413,0.5519810262365421,0.4568575795358565,0.5919270833333333,0.5018229166666666,0.5159832896869934
0.4714,0.5235953305012264,0.020290242365650493,0.5532741551361033,0.4562904717853839,0.5896134495464852,0.5016493055555555,0.5171492704826038
0.4716,0.523195282357239,0.020293018712524855,0.554657822740961,0.4551743554679645,0.5874805130385488,0.5003472222222223,0.5183164983164985
0.4718,0.5237441275024913,0.02025359904587759,0.5563209793926035,0.4556328681172827,0.5868817318594104,0.5002604166666667,0.5196246414764933
0.472,0.523663428679076,0.019947305916507892,0.5577912492373098,0.4559063668905603,0.5837992488662131,0.4998263888888889,0.5209938895124081
0.4722,0.5233548038789352,0.019844235482791565,0.5587084456866179,0.4553432811808712,0.5815015589569161,0.4991319444444445,0.5220887891258262
0.4724,0.5235130174728863,0.01948209411969221,0.5591749168421674,0.45608132566464227,0.5791967828798186,0.49965277777777783,0.523459284200025
0.4726,0.523272339754197,0.019208277374543975,0.5591709803767198,0.45701242810602105,0.5775793650793651,0.49887152777777777,0.5237273974311012
0.4728,0.5236937333907475,0.01896459459075883,0.5598283701064813,0.4584925391143466,0.5766457624716553,0.49861111111111106,0.5248908841501434
0.473,0.5235322909076455,0.018449686510049645,0.5601157320841615,0.46025419297751674,0.5737422052154195,0.4981770833333333,0.5253722409277966
0.4732,0.5236262611696632,0.01852346090558534,0.5615112090853622,0.460149619917146,0.5728032879818594,0.4973958333333333,0.5262713555306148
0.4734,0.5241182472136355,0.018227311161341204,0.5617906981321472,0.462460282347263,0.572546414399093,0.49704861111111115,0.5267452300785634
0.4736,0.5248330355098555,0.01780902601620912,0.5622571692876965,0.4654285484454812,0.5715224631519275,0.4964409722222222,0.5285160244419504
0.4738,0.5249701524904913,0.017491589353641968,0.5623595173893361,0.4679302578128143,0.570656179138322,0.4950520833333333,0.5288527247786508
0.474,0.5244812982152178,0.01771946761742865,0.5629086543192867,0.46653662068133367,0.5696322278911564,0.49366319444444445,0.5296657937398678
0.4742,0.5251345928202289,0.017602670102166103,0.5631822386679001,0.46867433535776054,0.5703071853741497,0.49288194444444444,0.5306272602568899
0.4744,0.5247888164775587,0.01753046548437724,0.5635660440490484,0.468686401480111,0.5688474348072563,0.4922743055555555,0.5305698964958224
0.4746,0.5251968208067774,0.017138272137004525,0.5631999527624146,0.4708221051361461,0.5683301445578233,0.4927951388888888,0.5308367626886146
0.4748,0.5244446696964404,0.017087740774759417,0.5623752632511267,0.47064111330088887,0.5671325821995465,0.4912326388888889,0.5308417508417509
0.475,0.5246387095585511,0.016809006446032535,0.5605546479815773,0.47362948960302453,0.5684169501133788,0.4897569444444444,0.5308355156503305
0.4752,0.5245333193304266,0.016481770798373745,0.5597378314011848,0.4762438161122954,0.5676587301587301,0.4881944444444444,0.5308317745354783
0.4754,0.5245270127283596,0.01658046490360615,0.5605743303088158,0.4763524112134497,0.5668137046485261,0.48697916666666663,0.5319154508043398
0.4756,0.524365609837762,0.016752262383435454,0.5609443580608972,0.4768169569239432,0.5670723497732426,0.48515625,0.531838134430727
0.4758,0.5248101817097528,0.01665261535152146,0.5609561674572401,0.4776676185496521,0.5680856717687075,0.4861979166666666,0.5311435341064972
0.476,0.5246851513211822,0.016805655916316352,0.5610585155588798,0.47767767365161085,0.5682486536281178,0.4848958333333333,0.5315450804339693
0.4762,0.5250658241086551,0.01659180428305918,0.5614285433109611,0.47916180670071995,0.5670510912698413,0.4847222222222222,0.5329654570395311
0.4764,0.5252137420657684,0.016876799123806702,0.5622689786840397,0.4808349756666533,0.5680768140589569,0.48185763888888894,0.533030303030303
0.4766,0.525778924690797,0.01696823582938914,0.5636703603834118,0.4809254715842819,0.568514384920635,0.4825520833333333,0.5332323232323233
0.4768,0.526178732943403,0.017072154959301675,0.5632275080205483,0.48110445239914734,0.5699617346938776,0.4825520833333333,0.5340478862701085
0.477,0.5264046747290958,0.016904103881090215,0.5620406636880745,0.48287415034388453,0.5707323554421768,0.48220486111111116,0.534171343060232
0.4772,0.526153502584971,0.01703214845302262,0.5618576180447576,0.483077263403451,0.5711592970521542,0.4809895833333333,0.5336837510911585
0.4774,0.5263901067493066,0.017179645987364735,0.5621371070915425,0.4832703213610586,0.5722735969387756,0.4807291666666666,0.5335403416884897
0.4776,0.5263774939649952,0.01718958960644693,0.5607554077194087,0.4843924707396533,0.5733808106575964,0.4796875,0.5336712807083177
0.4778,0.5257425556234026,0.01736761411605339,0.5605959808687779,0.4840204319671801,0.5726775085034014,0.4776041666666667,0.5338146901109864
0.478,0.5258699494301043,0.01729071195147728,0.5601472238077431,0.48419337972087034,0.5725853883219955,0.4778645833333333,0.5345591719665793
0.4782,0.5262558805778442,0.017260615210804513,0.5597791642883855,0.485221011141053,0.5732638888888888,0.47777777777777775,0.5352375607931164
0.4784,0.5263519444309602,0.017562839242638278,0.5601413191095715,0.4832662993202751,0.5741248582766441,0.4780381944444444,0.5361890510038658
0.4786,0.5265966643268353,0.017523697150529236,0.5595941504123447,0.48420142380243736,0.5747200963718821,0.4778645833333333,0.5366030677141789
0.4788,0.526506649262091,0.017550683442281622,0.5585765740941209,0.4839299360495515,0.575235615079365,0.47777777777777775,0.5370133433096396
0.479,0.5268528670578844,0.017429541761487966,0.5576633141102605,0.48439045971926153,0.5755739795918366,0.47847222222222224,0.5381643596458411
0.4792,0.5278741664127122,0.01770429120935152,0.5593363119255221,0.4850480633873627,0.5770195578231292,0.47829861111111116,0.5396682878164359
0.4794,0.5273505494003929,0.017784988976722864,0.5586848268939321,0.4838354180911394,0.576936295351474,0.47803819444444445,0.5392580122209752
0.4796,0.5271585063955856,0.017965229896149064,0.5589564430098215,0.4834714234002333,0.5772782029478458,0.47717013888888893,0.5389163237311385
0.4798,0.5269283160169566,0.01808581639048454,0.5600645580333419,0.4828299078952661,0.5762436224489795,0.47638888888888886,0.5391146028183066
0.48,0.526609472552319,0.018332214836968227,0.5600586533351704,0.4818042874954752,0.5767485119047618,0.4755208333333333,0.5389150766928544
0.4802,0.5268819016444233,0.018492539891757625,0.5594012636054086,0.48087117403370466,0.5774287840136054,0.47569444444444436,0.5410138421249533
0.4804,0.526330803780595,0.018503427700725477,0.5583895919853564,0.47983952057273854,0.5763091695011339,0.47508680555555555,0.5420289312881905
0.4806,0.5255725775574798,0.018677356760352908,0.5578384868226819,0.47816836262719703,0.5750248015873015,0.47378472222222223,0.543046514527996
0.4808,0.5248903858744921,0.018751930399251646,0.5571023677839667,0.4765032377428307,0.5741602891156463,0.4734375,0.5432485347300162
0.481,0.5248323653635254,0.01876852772762238,0.5565453579231208,0.47602662590998673,0.573561507936508,0.47335069444444444,0.5446776406035666
0.4812,0.5249142042731023,0.018805813007172486,0.5562639006436122,0.4750010055101958,0.5732178287981858,0.47404513888888883,0.546043147524629
0.4814,0.5248367778420822,0.018745777233857057,0.5564331686578621,0.47276676185496525,0.5721194727891156,0.4762152777777778,0.5466492081306896
0.4816,0.5241116963243664,0.01883081218772933,0.5566103096030075,0.47154607247717495,0.5704949688208617,0.47526041666666663,0.5466467140541214
0.4818,0.5239614971982536,0.018810477346694016,0.5560552679748854,0.4700538953464988,0.5701424319727892,0.4765625,0.5469933906970944
0.482,0.5236969811021173,0.018787875468066435,0.5556006062156789,0.4685536741342557,0.5686933106575964,0.4774305555555555,0.5482067589474997
0.4822,0.5232493001545082,0.018869768108290004,0.5541224634400772,0.46633551864215905,0.5688793225623582,0.47855902777777787,0.5483501683501684
0.4824,0.5215212879880506,0.018757058443103287,0.552370736315862,0.4630796766279211,0.565890731292517,0.47907986111111106,0.547185434592842
0.4826,0.521080178168593,0.018882299868712267,0.5522762611451177,0.46065438603547443,0.5644345238095239,0.4800347222222222,0.5480009976306273
0.4828,0.5203873319677217,0.019057418531412,0.5512724624559608,0.4587881591119333,0.5643601190476191,0.47977430555555556,0.5477416136675396
0.483,0.5194926075898052,0.019295329955415455,0.5516346172771469,0.4558198930137152,0.5627462443310658,0.47986111111111107,0.5474011722159869
0.4832,0.5194451568067255,0.01967967760702356,0.5521876906725451,0.45366206813337084,0.5629163123582767,0.4800347222222222,0.5484249906472128
0.4834,0.518792931341567,0.019618141758905354,0.551185860216112,0.45327997425893896,0.5618108701814059,0.47934027777777777,0.5483476742736002
0.4836,0.5185952286572435,0.019587946724133155,0.5501663156651643,0.4522483207979729,0.5614707341269842,0.48046875,0.5486220226960967
0.4838,0.5184932585302725,0.01970122079507831,0.5504280906174347,0.4509311024413787,0.5606310232426304,0.48116319444444444,0.5493128819054744
0.484,0.5186097020429802,0.019779661464112152,0.55077449957683,0.44973253428789767,0.5602076247165533,0.4825520833333333,0.5497817683002868
0.4842,0.5186255919563071,0.019692312986040312,0.5523294034286614,0.4491734706189921,0.5583333333333333,0.4838541666666666,0.549437585733882
0.4844,0.5184716592070931,0.019740134196849002,0.5517684571023678,0.44805735430157256,0.558156179138322,0.48480902777777785,0.5495672777154259
0.4846,0.5174958765026159,0.019709855180625017,0.5493672131792863,0.44702368982021473,0.5577363236961451,0.48420138888888886,0.5491507669285447
0.4848,0.517285036749131,0.019482439997358336,0.5486251894423997,0.4466415959457829,0.5569692460317461,0.4859375,0.5482516523257264
0.485,0.5170092686820974,0.01945772585977894,0.5479796091089811,0.4460764992157021,0.5569781037414966,0.48637152777777776,0.5476406035665294
0.4852,0.5166042851908147,0.019352749021194857,0.5474147263172398,0.44504283473434425,0.5563704648526078,0.4878472222222222,0.5463461778276593
0.4854,0.515594866164143,0.019356358525643203,0.5461117562540596,0.44308812291356625,0.5547548185941042,0.4883680555555555,0.5456515775034293
0.4856,0.5155727626303227,0.01950619833311708,0.5466549884858386,0.4420665245545591,0.5552632511337868,0.48897569444444444,0.5449033545329842
0.4858,0.5142156612246855,0.019388980023379007,0.544074635384888,0.4407734384426657,0.5536352040816326,0.4884548611111111,0.5441401671031301
0.486,0.513761630631097,0.019082630871793897,0.5449839589033008,0.44105095925672694,0.5514136904761905,0.4890625,0.5422970445192667
0.4862,0.5133374303208689,0.019280421787938852,0.546082232763202,0.4394723082492057,0.549796272675737,0.4889756944444444,0.5423606434717547
0.4864,0.5137544691734628,0.019072140195318603,0.5472828547247427,0.44030688171178056,0.5488626700680272,0.4903645833333333,0.54195535602943
0.4866,0.513747539539863,0.01875077008665221,0.5476469777786526,0.4405924466074086,0.5476739654195011,0.4927083333333333,0.5401159745604189
0.4868,0.5135510728529092,0.018871786517273843,0.5486468400023619,0.43986646824598796,0.5478493480725624,0.4927083333333333,0.5386843746103005
0.487,0.5136131466236332,0.018681691137514875,0.5498513984293503,0.44014801110083257,0.54640554138322,0.4942708333333333,0.5373899488714302
0.4872,0.5141981926003323,0.018831744575643034,0.5522467376542602,0.4397900494711016,0.54640554138322,0.4958333333333334,0.5367153011597456
0.4874,0.5138432844664056,0.0185558124011502,0.5525242584683212,0.4407251739532638,0.5458014455782314,0.4958333333333334,0.5343322109988777
0.4876,0.5145019008192444,0.01833460159603638,0.5537268486625859,0.4420363592486828,0.5457093253968254,0.49765625,0.5333807207881281
0.4878,0.5151840699489793,0.018026060492627533,0.5550121046312516,0.4444757269838716,0.546047689909297,0.49809027777777776,0.5322945504426986
0.488,0.5155502478640703,0.01807913673902248,0.5563072017635365,0.44531834452801344,0.5469104308390021,0.4973958333333333,0.5318194288564658
0.4882,0.5159063628367337,0.018049002047687022,0.5573149369181413,0.445790934320074,0.5481841695011337,0.49887152777777777,0.529370245666542
0.4884,0.5157597214710437,0.018040230484945092,0.5580668018186471,0.4466234967622572,0.5492842970521542,0.4979166666666666,0.5269073450554932
0.4886,0.5165575509396142,0.017986012478370263,0.5600980179896471,0.448769255520251,0.5506430697278912,0.49774305555555554,0.5255343559047262
0.4888,0.5170831533928819,0.01747005945803739,0.5602948412620308,0.45221614447170494,0.5509761196145124,0.49809027777777776,0.5238383838383838
0.489,0.516862468938791,0.017283895311978253,0.560861692286496,0.45417286731287454,0.5510682397959183,0.4966145833333334,0.5215949619653324
0.4892,0.5172486466008582,0.017296711217102308,0.5618812368374437,0.4555725375055303,0.5525155895691609,0.49644097222222217,0.519832896869934
0.4894,0.5177300324653422,0.01753446536591805,0.5644674946365658,0.4566041909664964,0.5536989795918368,0.4960069444444445,0.5178725526873675
0.4896,0.5182471486472509,0.017435519415482437,0.5661365559863798,0.4586574427864699,0.5539576247165533,0.49644097222222217,0.5160431475246291
0.4898,0.5184892798572914,0.017633016494053452,0.5691026827012026,0.4607991795036802,0.554389880952381,0.49461805555555555,0.5135366005736376
0.49,0.5195987253685977,0.017368438018254693,0.5717775109728975,0.4652696778345332,0.554389880952381,0.49539930555555556,0.5111572515276219
0.4902,0.5199403390387495,0.01732190868688515,0.5729840376326096,0.46779350842617545,0.5548044217687075,0.49453125,0.5095884773662551
0.4904,0.5202518111722506,0.017453532021091067,0.5751963312142028,0.4698527933073241,0.554717616213152,0.49340277777777775,0.5080895373487966
0.4906,0.5209446418765444,0.01793274181969251,0.5782529966343221,0.4713550255399589,0.5562588577097506,0.4915798611111112,0.5072764683875794
0.4908,0.521862028614112,0.018161065250950865,0.5804613537504675,0.4734183324618912,0.5577097505668933,0.49105902777777777,0.5066616785135304
0.491,0.5226510659900754,0.0184846933326409,0.5828645659062728,0.4758436230543378,0.5594281462585033,0.49001736111111105,0.5051016336201521
0.4912,0.5234894311082219,0.018526038522010634,0.5850729230224181,0.47892450629449385,0.5594299178004535,0.48967013888888894,0.5043496695348548
0.4914,0.5234613087608608,0.018853978940633575,0.5870175369535694,0.4802356915899127,0.5592616213151926,0.4875868055555556,0.5032048883900735
0.4916,0.524035896909265,0.019015153090866856,0.5891294506662469,0.4835880625829546,0.5592598497732426,0.4859375,0.5022646215238808
0.4918,0.5243189569364335,0.019558991754593597,0.591520853425709,0.484720267063508,0.560359977324263,0.48368055555555556,0.5013131313131314
0.492,0.5242560109765482,0.019805617313633582,0.5928120140925462,0.48695853275952217,0.5601048752834468,0.48125,0.5001546327472253
0.4922,0.5246122702133756,0.020284229921421423,0.59504005353593,0.4881772111169208,0.5610402494331066,0.4796006944444445,0.49920314253647585
0.4924,0.5248916260050047,0.02050388089028474,0.5968882240636133,0.4906929976269959,0.5603528911564626,0.4778645833333333,0.498659433844619
0.4926,0.5247602548937356,0.020804467778159006,0.598185289428622,0.49321481719824634,0.5598356009070293,0.47526041666666663,0.4973051502681132
0.4928,0.524331369584716,0.021218821371556645,0.5985690948097704,0.4946245424928609,0.5606009070294784,0.4720486111111112,0.49581369248035917
0.493,0.5239289587066713,0.021967884706895806,0.6011455114452733,0.49583718778908414,0.560266085600907,0.46814236111111107,0.494253647586981
0.4932,0.5232216617273729,0.022268491644682538,0.6019879150510756,0.49734143104211076,0.5586327239229025,0.46545138888888893,0.4926948497318867
0.4934,0.523289137907363,0.022544963219520132,0.6027240340897908,0.49827454450388126,0.5590614370748299,0.46362847222222225,0.4927572016460905
0.4936,0.5233033549543584,0.022790464952848713,0.6034660578266775,0.500969311828822,0.5587230725623582,0.46154513888888893,0.49181319366504556
0.4938,0.5230296559199796,0.02283839626892747,0.603556596531974,0.5014519567228412,0.557530824829932,0.45998263888888885,0.4926262626262627
0.494,0.5227858965313223,0.022978711514114254,0.604389158974157,0.5033262277279491,0.5556565334467121,0.45842013888888883,0.49213742361890506
0.4942,0.5222993319790967,0.02337311635183108,0.6059519357568839,0.504534850983389,0.5533570719954648,0.45538194444444446,0.4922708567153012
0.4944,0.5220366338771879,0.023834401920957593,0.6065837384612356,0.5049149338374291,0.5539434523809523,0.4522569444444445,0.49248410026187805
0.4946,0.5221533048516719,0.023954865338130182,0.6065738972976165,0.5061255681132607,0.5542889030612245,0.45095486111111105,0.49282329467514663
0.4948,0.5216388201249552,0.023925887403970437,0.6061133308402386,0.5067751276997948,0.5528202947845805,0.45,0.49248534730016214
0.495,0.5207496086241672,0.02421746668812176,0.606398724585195,0.5072396734102884,0.5507777069160997,0.44704861111111105,0.49228332709814193
0.4952,0.5206140892791802,0.024546211363457644,0.6073159210345033,0.5080903350359972,0.5498370181405896,0.44453125,0.493295922184811
0.4954,0.5204179215598236,0.024560684810370617,0.6071328753911863,0.5089409966617062,0.5489760487528345,0.44375,0.49328968699339076
0.4956,0.5199296511413787,0.024532613571877835,0.6068435451807822,0.5082069742187185,0.5481947987528344,0.44366319444444446,0.4927397431101134
0.4958,0.5195272081652124,0.024793836000659528,0.608030389513256,0.5079274423842657,0.5463027919501133,0.44210069444444444,0.4932747225339818
0.496,0.5189148475503046,0.024858195073115683,0.6077548369319189,0.5060612154607247,0.545610119047619,0.4410590277777778,0.494089038533483
0.4962,0.5185644147019509,0.02482658841709222,0.6077528686991951,0.5071773317781443,0.5435427295918368,0.4405381944444445,0.49381094899613415
0.4964,0.5176920104421521,0.02484453145223248,0.6068396087153345,0.5064312432128062,0.5427721088435373,0.43949652777777776,0.49292056366130443
0.4966,0.5172657037288779,0.024904803202207497,0.6069340838860786,0.5065257611712182,0.5409739937641723,0.4383680555555555,0.49352662426736504
0.4968,0.5170571464009974,0.02493144244167029,0.6073041116381601,0.5061517113783534,0.5392609126984127,0.4377604166666666,0.4948085796233944
0.497,0.5157404088880162,0.024911800083403306,0.6062038695455351,0.5049511322044806,0.5368640164399092,0.43628472222222225,0.49439830402793367
0.4972,0.515798680285595,0.02478101033067336,0.6063770740252327,0.5057716285243132,0.5352235685941042,0.43689236111111107,0.49472876917321357
0.4974,0.5153801666265638,0.024544119362758528,0.6059184758005787,0.504201021598359,0.5337673611111111,0.4380208333333333,0.4949931412894376
0.4976,0.5144585772414811,0.023931309951106063,0.603060601885567,0.5026143265092708,0.5322225765306123,0.43940972222222224,0.49498565905973313
0.4978,0.513888628092893,0.023790735083956984,0.6021552148326018,0.5019567228411697,0.5311011904761904,0.4393229166666667,0.4949070956478364
0.498,0.5133544118336486,0.02341441629929297,0.5998504143129884,0.5017676869243454,0.5305041808390023,0.43940972222222224,0.49524005486968453
0.4982,0.5133413857487558,0.023152536352440786,0.599021788336253,0.5008325624421831,0.5306583049886621,0.440625,0.49556927297668035
0.4984,0.5123224397164508,0.022978377551411553,0.5975534867242703,0.5001809918352572,0.5285200538548753,0.43993055555555555,0.4954271106122958
0.4986,0.5119007351998863,0.022493951079489993,0.5956206821894621,0.49914732735389933,0.5271488803854875,0.4411458333333334,0.496440952737249
0.4988,0.5117003695943632,0.02241955885413923,0.595441573011593,0.49682459880143187,0.5272161989795918,0.4418402777777778,0.49717919940142163
0.499,0.5117308348435017,0.022139004028196393,0.5944358060897121,0.4969251498210191,0.5264402636054422,0.4424479166666667,0.4984050380346677
0.4992,0.5112837074423389,0.021904104285926373,0.5932292794299998,0.49627156819370144,0.5251541241496598,0.44262152777777775,0.49914203766055615
0.4994,0.5111521337463822,0.02147942902442184,0.5916625661818253,0.49439528616820166,0.5254109977324264,0.44453125,0.4997605686494575
0.4996,0.5112426194365443,0.02056080306391614,0.5889798649792352,0.49430479025057317,0.5239512471655329,0.44826388888888885,0.5007133058984911
0.4998,0.5110008063816431,0.020284648462348974,0.5875981656071014,0.49224550536942446,0.5241974914965988,0.4493055555555555,0.5016573138795362
0.5,0.5104780348211114,0.0196903707857593,0.5846477847540694,0.4903792784458834,0.523922902494331,0.45095486111111116,0.5024853473001621
